source_id,input_sha256,n,weightgroup,weights_sha256,gains_sha256,original_p,original_objective,original_reason,expected_guard,reference_ids,native_ids,primary_reason,reference_reason,classification_precision_converged,classification_search_objective_agreement,classification_parameter_agreement,classification_original_objective_agreement,classification_original_parameter_agreement,classification_original_better_than_search,classification_weak_neighborhood,classification_unresolved,classification_reasons,values_primary_p,values_reference_p,values_original_p_exact,values_J_primary_110,values_J_reference_110,values_J_original_110,values_search_signed_gap,values_original_signed_gap,values_search_parameter_delta,values_original_parameter_delta,values_reference_mesh_span,values_search_objective_tolerance,values_original_objective_tolerance,values_parameter_tolerance,neighborhood,status,arithmetic_summary_points,arithmetic_summary_maximum_normalized_discrepancy,elapsed_seconds,planned_metadata_source_id,planned_metadata_input_sha256,planned_metadata_n,planned_metadata_weightgroup,planned_metadata_weights_sha256,planned_metadata_gains_sha256,planned_metadata_original_p,planned_metadata_original_objective,planned_metadata_original_reason,planned_metadata_expected_guard,planned_metadata_reference_ids,planned_metadata_native_ids,global_optimality_certified,values
input-04601a8e30dd301182f1160e,04601a8e30dd301182f1160e4251be5b4b659d0a1f90c053f9464418b126a2dd,512,64d79b2736758b25c1c5c2ff642dc9c7b30eafec3eabc5047d3a48be209bd01a,64d79b2736758b25c1c5c2ff642dc9c7b30eafec3eabc5047d3a48be209bd01a,930628e91852f535459b165ab20a4d4a24e51be193b3300827808da4d05b6a4c,0.133059969783399,4.633160984985259e-05,,,"[""s4-fixed30-M-w256-d46219-s603""]","[""s4/confirm-M-w256-d46219-s603-g00-random/e30""]",,,True,True,True,True,True,False,False,False,[],0.13305996994995439308695495128631591796875,0.13305996995023380430583461156890129312554831430339601367859360873454773869956225482714252432577425420375922360,0.133059969783399012488445123381097801029682159423828125,0.000046331609849852397923701552820433702181619178912163175434276413283293751051569426280599004819011971745145486793,0.000046331609849852397923672908991728038458403499229787501319800450126976611533152703520280904882779756881035237055,0.000046331609849852409183145636744200052210328408756429710975627614795792030158997595401800242875225298563057250971,2.8643828705663723215679682375674114475963156317139518416722760318099936232214864110249738E-26,1.1259472727752472013751924909526642209655827164668815418625844891881519337992445541682022013916E-20,-2.7941121887966028258537515679831430339601367859360873454773869956225482714252432577425420375922360E-13,-1.6683479181738948818780349209586615487956788867859360873454773869956225482714252432577425420375922360E-10,0.22980437451036896053359897950001864618533326237631118529922219733636362939729926808112090704152311925492841492,1E-18,1E-12,0.000001,"[{""p"": ""0.13205996995023380430583461156890129312554831430339601367859360873454773869956225482714252432577425420375922360"", ""J"": ""0.0000467364348770090084556727459654418707594440024154678348253247439954072860154889370194061862518297767468031895"", ""signed_gap"": ""4.04825027156610531999836973713832301040503185680333505524293868430674482336233499125281369050019865767952445E-7""}, {""p"": ""0.13405996995023380430583461156890129312554831430339601367859360873454773869956225482714252432577425420375922360"", ""J"": ""0.000046735958890632019646091221460236228543178875732250929094760676590267350970467267262649854185669568307412557930"", ""signed_gap"": ""4.04349040779621722418312468508190084775376502463427774960226463290739437314563742368949302889811426377320875E-7""}]",compared,522,1.8972742970994731637520968735807E-29,3.041324345000021,input-04601a8e30dd301182f1160e,04601a8e30dd301182f1160e4251be5b4b659d0a1f90c053f9464418b126a2dd,512,64d79b2736758b25c1c5c2ff642dc9c7b30eafec3eabc5047d3a48be209bd01a,64d79b2736758b25c1c5c2ff642dc9c7b30eafec3eabc5047d3a48be209bd01a,930628e91852f535459b165ab20a4d4a24e51be193b3300827808da4d05b6a4c,0.133059969783399,4.633160984985259e-05,,,"[""s4-fixed30-M-w256-d46219-s603""]","[""s4/confirm-M-w256-d46219-s603-g00-random/e30""]",False,
input-047f7151252de169108d656d,047f7151252de169108d656d386cf6e34b76147be1fa5588e618dbee282087da,512,7be644b0c9c150d2ad13945dfa07cbafc83d33430c857b29195a2344b15ec72d,7be644b0c9c150d2ad13945dfa07cbafc83d33430c857b29195a2344b15ec72d,597d6f97a99111769d36e74c921d3fafe8c2e02d38932f660159b02d80bf36dc,0.024880117865313293,2.8700968813488583e-05,,,"[""s6/P3/M/w256/d61319/s1002/R/random"", ""s6/P4/M/w256/d61319/s1002/R/random""]","[""s6/confirm-M-w256-d61319-s1002-g04-random/e10""]",,,True,True,True,True,True,False,False,False,[],0.02488011777722931583411991596221923828125,0.024880117777040619120434407668677802005067156131083821371578487664715922852674273804204569313833035528804468319,0.024880117865313293445961306815661373548209667205810546875,0.000028700968813488636178107243236258992077873662298269944160707366949437162311739797184341191239023518404859347926,0.000028700968813488636178107329033671577746664652620831696789692175262804094378356555010474297817889396522616120916,0.000028700968813488639229809828333946608694034475587378583555911822592376595878457767111124447987899476217104684350,-8.5797412585668790990322561752628984808313366932066616757826133106578865878117756772990E-29,3.051702499300275030947369822966546886766219647329572501500101212100650150170010079694488563434E-21,1.88696713685508293541436276182843868916178628421512335284077147325726195795430686166964471195531681E-13,8.8272674325526899146983571543142511074726725503421512335284077147325726195795430686166964471195531681E-11,0.28899453870109933874743259715266264114430197642117952045325904446478929974485858255188176136592376572880550152,1E-18,1E-12,0.000001,"[{""p"": ""0.023880117777040619120434407668677802005067156131083821371578487664715922852674273804204569313833035528804468319"", ""J"": ""0.000029093504634806008675351139713588619920854550554457565850902682445133987700935754359604908300838290671975901934"", ""signed_gap"": ""3.92535821317372497243810679917042174189897933625869061210507182329893322579199349130610482948894149359781018E-7""}, {""p"": ""0.025880117777040619120434407668677802005067156131083821371578487664715922852674273804204569313833035528804468319"", ""J"": ""0.000029093404808741572166669844949506786701940177252124012075516700173011863793007089509454742049654641428417260600"", ""signed_gap"": ""3.92435995252935988562515915835208955275524631292315285824524910207769414650534498980444231765244905801139684E-7""}]",compared,522,1.5200195538934101824754741485346E-29,2.575267844999985,input-047f7151252de169108d656d,047f7151252de169108d656d386cf6e34b76147be1fa5588e618dbee282087da,512,7be644b0c9c150d2ad13945dfa07cbafc83d33430c857b29195a2344b15ec72d,7be644b0c9c150d2ad13945dfa07cbafc83d33430c857b29195a2344b15ec72d,597d6f97a99111769d36e74c921d3fafe8c2e02d38932f660159b02d80bf36dc,0.024880117865313293,2.8700968813488583e-05,,,"[""s6/P3/M/w256/d61319/s1002/R/random"", ""s6/P4/M/w256/d61319/s1002/R/random""]","[""s6/confirm-M-w256-d61319-s1002-g04-random/e10""]",False,
input-04ab18ebccbc81ab471f3c7c,04ab18ebccbc81ab471f3c7ce7ebfbf2e84e738cd86fb506576d414089a12bd5,512,7be644b0c9c150d2ad13945dfa07cbafc83d33430c857b29195a2344b15ec72d,7be644b0c9c150d2ad13945dfa07cbafc83d33430c857b29195a2344b15ec72d,5cab635a8fca87b73db9a728644012ccc22e86c9f5be4a9f824d2983b1d38c17,0.025512047999677823,2.0114688804494285e-05,,,"[""s6/P3/M/w256/d61211/s1002/R/random"", ""s6/P4/M/w256/d61211/s1002/R/random""]","[""s6/confirm-M-w256-d61211-s1002-g04-random/e10""]",,,True,True,True,True,True,False,False,False,[],0.02551204803467044257558882236480712890625,0.025512048034566719605242600162548557128045971565451871118735317101837894785906825619990372242183480536279611344,0.025512047999677822662789594687637872993946075439453125,0.000020114688804494338425379563967445518798703328262939880362031587712353068290324121709382358190660106282956624045,0.000020114688804494338425370562819026471847963722308167032983849168748802742597814526624072554560575810653177415049,0.000020114688804494338902114401981580508458914901043489816231623376192453052439981865659208082667641393365143059873,9.001148419046950739605954772847378182418963550325692509595085309803630084295629779208996E-27,4.76743839162554036610951178735322783247774207443650309842167339035135528107065582711965644824E-22,1.03722970346222202258571778204028434548128881264682898162105214093174380009627757816519463720388656E-13,-3.4888896942453005474910684134099896125998746118735317101837894785906825619990372242183480536279611344E-11,0.28924866722521114361142613548532011331736976347231740111773001271967082078856559656403870345993352251271170912,1E-18,1E-12,0.000001,"[{""p"": ""0.024512048034566719605242600162548557128045971565451871118735317101837894785906825619990372242183480536279611344"", ""J"": ""0.000020507719437667684996395703666504346673571967789108610613508270305114840111055817808554698696298564099813147426"", ""signed_gap"": ""3.93030633173346571025140847477874825608245480941577629659101556312097513241291184482144135722753446635732377E-7""}, {""p"": ""0.026512048034566719605242600162548557128045971565451871118735317101837894785906825619990372242183480536279611344"", ""J"": ""0.000020507617599282396566314340889904071642882424611319757116863897754427274311882831294549798452760720646930144191"", ""signed_gap"": ""3.92928794788058140943778070877599794918702303152724133014729005624531714068304670477243892184909993752729142E-7""}]",compared,522,2.2136060884082272653180844138461E-29,2.5196441840000716,input-04ab18ebccbc81ab471f3c7c,04ab18ebccbc81ab471f3c7ce7ebfbf2e84e738cd86fb506576d414089a12bd5,512,7be644b0c9c150d2ad13945dfa07cbafc83d33430c857b29195a2344b15ec72d,7be644b0c9c150d2ad13945dfa07cbafc83d33430c857b29195a2344b15ec72d,5cab635a8fca87b73db9a728644012ccc22e86c9f5be4a9f824d2983b1d38c17,0.025512047999677823,2.0114688804494285e-05,,,"[""s6/P3/M/w256/d61211/s1002/R/random"", ""s6/P4/M/w256/d61211/s1002/R/random""]","[""s6/confirm-M-w256-d61211-s1002-g04-random/e10""]",False,
input-064e5bd5e93092440c176eef,064e5bd5e93092440c176eef490b9c10330cb83076fd76c25c5487e3174a11b9,512,aec7cff57191991ba3f1dfa4c2c047be85dddaa0226fb3217de73a1a7f997c17,aec7cff57191991ba3f1dfa4c2c047be85dddaa0226fb3217de73a1a7f997c17,34f73cf9bd7321f891892598b17e8950742a27e6b78ba62f172d6820f94ec00f,0.04679904042063389,3.2056277642833006e-05,,,"[""s6/P1/M/w64/d61211/s1001/R/random"", ""s6/P2/M/w64/d61211/s1001/R/random"", ""s6/P3/M/w64/d61211/s1001/R/random"", ""s6/P4/M/w64/d61211/s1001/R/random""]","[""s6/confirm-M-w64-d61211-s1001-g04-random/e30""]",,,True,True,True,True,True,False,False,False,[],0.04679904071463170112110674381256103515625,0.046799040714374166361597827145974785922994800862050821262398409814291658379667877440277050512614598801494699369,0.04679904042063388891481423570439801551401615142822265625,0.000032056277642832765699490177373495953734913311843619779386062966730176797546856384884879935518284558884196261141,0.000032056277642832765699500462172039851773806934600190529904026500612220750779465386061110455185300477845895381521,0.000032056277642832800824831951083801914879499970071831309115726694830330273163368052563088628378345548428989763471,-1.0284798543898038893622756570750517963533882043953232609001176230519667015918961699120380E-26,3.5125331488911762063105693035471640779211700194218109522383902666501978173193045070583094381950E-20,2.57534759508916666586249233255199137949178737601590185708341620332122559722949487385401198505300631E-13,-2.93740277446783591441576770408978649433828165012398409814291658379667877440277050512614598801494699369E-10,0.27876680855218453790330625123816033559486307907675457393108118313223884078767158565623555061184224219847825844,1E-18,1E-12,0.000001,"[{""p"": ""0.045799040714374166361597827145974785922994800862050821262398409814291658379667877440277050512614598801494699369"", ""J"": ""0.000032463005760295773979234575602264934973669842774321442470917472851266273051068700197285735326449274896242626889"", ""signed_gap"": ""4.06728117463008279734113430225083199862908174130912566890972239045522271603314136175280141148797050347245368E-7""}, {""p"": ""0.047799040714374166361597827145974785922994800862050821262398409814291658379667877440277050512614598801494699369"", ""J"": ""0.000032462748957555768233304491152201699706930045529308559043506701095120935525448221529801875460896061010060709867"", ""signed_gap"": ""4.06471314723002533804028980161847933123110929118029139480200482900184745982835468691420275595583164165328346E-7""}]",compared,522,1.7517041994368439943751218769102E-29,2.7478564670000196,input-064e5bd5e93092440c176eef,064e5bd5e93092440c176eef490b9c10330cb83076fd76c25c5487e3174a11b9,512,aec7cff57191991ba3f1dfa4c2c047be85dddaa0226fb3217de73a1a7f997c17,aec7cff57191991ba3f1dfa4c2c047be85dddaa0226fb3217de73a1a7f997c17,34f73cf9bd7321f891892598b17e8950742a27e6b78ba62f172d6820f94ec00f,0.04679904042063389,3.2056277642833006e-05,,,"[""s6/P1/M/w64/d61211/s1001/R/random"", ""s6/P2/M/w64/d61211/s1001/R/random"", ""s6/P3/M/w64/d61211/s1001/R/random"", ""s6/P4/M/w64/d61211/s1001/R/random""]","[""s6/confirm-M-w64-d61211-s1001-g04-random/e30""]",False,
input-0f46c27fd363aa3c56324ae3,0f46c27fd363aa3c56324ae3cca3e64df86f4edf55fb7e1181c991ac8c5b2fe3,512,98959506fbf00a1a6db50907b92e993b4b6986ba3568c43a156a163f71f4c256,98959506fbf00a1a6db50907b92e993b4b6986ba3568c43a156a163f71f4c256,32af7a7268071f130e1379ce0bc7ce974bfcf8932f0ccad303fee9f6c5cc70a0,0.028524007224470904,2.9281066061249485e-05,,,"[""s6/P1/M/w256/d61103/s1003/R/random"", ""s6/P2/M/w256/d61103/s1003/R/random""]","[""s6/confirm-M-w256-d61103-s1003-g05-random/e10""]",,,True,True,True,True,True,False,False,False,[],0.02852400745769045897759497165679931640625,0.028524007457890727644617376594486725738467081551505154791535949243669730096199587039562581302075797916116128281,0.02852400722447090419819915041443891823291778564453125,0.000029281066061249380642897500182924766373978065181459609091218609122987494446562848855301281209417607416429029740,0.000029281066061249380642858177692158765058401385478626286419967738796549111447971956802028434116221085168229898434,0.000029281066061249401109514131797557319186407986116062603018988632590081906390003711285744575277157954131435088695,3.9322490766001315576679702833322671250870326438382998590892053272847093196522248199131306E-26,2.0466655954105398554128006600637436316599020893793532794942031754483716141160936868963205190261E-20,-2.00268667022404937687409332217081551505154791535949243669730096199587039562581302075797916116128281E-13,-2.33419823446418226180047807505549295906973904791535949243669730096199587039562581302075797916116128281E-10,0.29602699766030037487924023426232271257122557803299117227501559479298346775892649386058547924850108581316243759,1E-18,1E-12,0.000001,"[{""p"": ""0.027524007457890727644617376594486725738467081551505154791535949243669730096199587039562581302075797916116128281"", ""J"": ""0.000029656222826776896367046973338776273880414047155683679965619344849907427008215905860142790844086989985302512732"", ""signed_gap"": ""3.75156765527515724188795646617508822012661677057393545651606053358315560243949058114356727865904817072614298E-7""}, {""p"": ""0.029524007457890727644617376594486725738467081551505154791535949243669730096199587039562581302075797916116128281"", ""J"": ""0.000029656148827897417389852661643169409170269423462458384664197762970536463984785692701467801149501281755704062988"", ""signed_gap"": ""3.75082766648036746994483951010644111868037983832098244230024173987352536813735899439367033280196587474164554E-7""}]",compared,522,1.7645568042367985812043697005939E-29,2.5868953080000665,input-0f46c27fd363aa3c56324ae3,0f46c27fd363aa3c56324ae3cca3e64df86f4edf55fb7e1181c991ac8c5b2fe3,512,98959506fbf00a1a6db50907b92e993b4b6986ba3568c43a156a163f71f4c256,98959506fbf00a1a6db50907b92e993b4b6986ba3568c43a156a163f71f4c256,32af7a7268071f130e1379ce0bc7ce974bfcf8932f0ccad303fee9f6c5cc70a0,0.028524007224470904,2.9281066061249485e-05,,,"[""s6/P1/M/w256/d61103/s1003/R/random"", ""s6/P2/M/w256/d61103/s1003/R/random""]","[""s6/confirm-M-w256-d61103-s1003-g05-random/e10""]",False,
input-114faa3631b16485ca0f349d,114faa3631b16485ca0f349d7625b234c811dc6576b03621bdd0b595fc7c6b47,512,aec7cff57191991ba3f1dfa4c2c047be85dddaa0226fb3217de73a1a7f997c17,aec7cff57191991ba3f1dfa4c2c047be85dddaa0226fb3217de73a1a7f997c17,6172351449fbe7ea94207ed9730ebe2a0e311f825d4946e46ff76ad653b4ac59,0.2950563183226317,0.0007465484913522937,,,"[""s6/P1/U/w64/d61319/s1001/R/random"", ""s6/P2/U/w64/d61319/s1001/R/random"", ""s6/P3/U/w64/d61319/s1001/R/random""]","[""s6/confirm-U-w64-d61319-s1001-g04-random/e10""]",,,True,True,True,True,True,False,False,False,[],0.29505631773963614250533282756805419921875,0.29505631774009431940533695618177052654826697030592622984919400897777243346258004086403637930259782399668073474,0.29505631832263168323748914190218783915042877197265625,0.00074654849135229382357772621824407036906936278059603278695518222519947526301877119160861747197640555121359039463,0.00074654849135229382357769359136713656675909343537365959259864946439682945421773850764330869307273508448760734334,0.00074654849135229391085252835828080000249472979364710075252837648494019690335750411354904594135489253421554068996,3.262687693380231026934522237319435653276080264580880103268396530877890367046672598305129E-26,8.727483476691366343573563635827344115992972702054336744913976560590573724828215744972793334662E-20,-4.5817690000412861371632732951697030592622984919400897777243346258004086403637930259782399668073474E-13,5.8253736383215218572041731260216180166673002015080599102222756653741995913596362069740217600331926526E-10,0.16156558723793084596193549377722206674481837969102314652090196956930040025073348477368058145733765589354092774,1E-18,1E-12,0.000001,"[{""p"": ""0.29405631774009431940533695618177052654826697030592622984919400897777243346258004086403637930259782399668073474"", ""J"": ""0.00074680593017227231654093979423857861336948813283052007939798143589949892892982043505154128641149213567344936416"", ""signed_gap"": ""2.5743881997849296324620287144204661039469745686048679933197150266947471208192740823259333875705118584202082E-7""}, {""p"": ""0.29605631774009431940533695618177052654826697030592622984919400897777243346258004086403637930259782399668073474"", ""J"": ""0.00074680525764969953301408515965490712958527708688688875789836067941283894497212968459799127670925828995798801369"", ""signed_gap"": ""2.5676629740570943639156828777056282618365151322916529971121501600949075439117695468258363652320547038067035E-7""}]",compared,522,4.240421200930348695081780809405E-30,3.1702510360000815,input-114faa3631b16485ca0f349d,114faa3631b16485ca0f349d7625b234c811dc6576b03621bdd0b595fc7c6b47,512,aec7cff57191991ba3f1dfa4c2c047be85dddaa0226fb3217de73a1a7f997c17,aec7cff57191991ba3f1dfa4c2c047be85dddaa0226fb3217de73a1a7f997c17,6172351449fbe7ea94207ed9730ebe2a0e311f825d4946e46ff76ad653b4ac59,0.2950563183226317,0.0007465484913522937,,,"[""s6/P1/U/w64/d61319/s1001/R/random"", ""s6/P2/U/w64/d61319/s1001/R/random"", ""s6/P3/U/w64/d61319/s1001/R/random""]","[""s6/confirm-U-w64-d61319-s1001-g04-random/e10""]",False,
input-126ebf6814b5cff6d09cff8d,126ebf6814b5cff6d09cff8dd1a717ad9cf457f982ccfaf6ff4315f93a957b9e,512,7be644b0c9c150d2ad13945dfa07cbafc83d33430c857b29195a2344b15ec72d,7be644b0c9c150d2ad13945dfa07cbafc83d33430c857b29195a2344b15ec72d,ae2904654765b54b78652edd9d31f1ff1ba5a99dcaca0307673349af74650b8e,,,nonpositive_total_gain,nonpositive_total_gain,"[""s6/P4/U/w256/d61319/s1002/R/random""]","[""s6/confirm-U-w256-d61319-s1002-g00-random/e10""]",nonpositive_total_gain,nonpositive_total_gain,,,,,,,,False,[],,,,,,,,,,,,,,,[],guard,,,0.009434897999994973,input-126ebf6814b5cff6d09cff8d,126ebf6814b5cff6d09cff8dd1a717ad9cf457f982ccfaf6ff4315f93a957b9e,512,7be644b0c9c150d2ad13945dfa07cbafc83d33430c857b29195a2344b15ec72d,7be644b0c9c150d2ad13945dfa07cbafc83d33430c857b29195a2344b15ec72d,ae2904654765b54b78652edd9d31f1ff1ba5a99dcaca0307673349af74650b8e,,,nonpositive_total_gain,nonpositive_total_gain,"[""s6/P4/U/w256/d61319/s1002/R/random""]","[""s6/confirm-U-w256-d61319-s1002-g00-random/e10""]",False,
input-137b6d823d2f3f578b1b24ba,137b6d823d2f3f578b1b24ba9c38c1372d16da80a4d0d00dc5ad65695aab70c5,512,98959506fbf00a1a6db50907b92e993b4b6986ba3568c43a156a163f71f4c256,98959506fbf00a1a6db50907b92e993b4b6986ba3568c43a156a163f71f4c256,985e39d77324467fa7d1766e81500fabdae3c1188674a81cb649143c797efd92,2.5636042305112237,0.05606624762110883,,,"[""s6/P4/U/w128/d61211/s1003/R/random""]","[""s6/confirm-U-w128-d61211-s1003-g00-random/e20""]",,,True,True,True,True,True,False,False,False,[],2.56360426354012815863825380802154541015625,2.5636042635404506941759429347921045026420250464476988026007839245512267324631549141532909914467033698376069490,2.563604230511223658339758912916295230388641357421875,0.056066247621108833028182497171874422376164137989875669571842799418492777290663060424168525466684383118251014182,0.056066247621108833028182496741414249894878530856034998813398779331138217494066309030615697484356354357955520002,0.056066247621108837164058876691944419953147371148327477309753401462333472679714867946709544766817874443036455748,4.30460172481285607133840670758444020087354559796596751393552827982328028760295494180E-28,4.135876379950530170058268840292292478496354622131195255185648558916093847282461520085080935746E-18,-3.225355376891267705590924857750464476988026007839245512267324631549141532909914467033698376069490E-13,-3.30292270358361840218758092722533836890258238026007839245512267324631549141532909914467033698376069490E-8,0.43957140766071771053542988624470906143406800090567442192512596018073077078366450351789252464140489440969062504,1E-18,1E-12,0.000001,"[{""p"": ""2.5626042635404506941759429347921045026420250464476988026007839245512267324631549141532909914467033698376069490"", ""J"": ""0.056066251414884522857393637065727725947142476390557543439871184608387533611433851022578654377125353894184736959"", ""signed_gap"": ""3.793775689829211140324313476052263945534522544626472405277249316117367541991962956892768999536229216957E-9""}, {""p"": ""2.5646042635404506941759429347921045026420250464476988026007839245512267324631549141532909914467033698376069490"", ""J"": ""0.056066251409624656358675414356691744952605560188735535677797216907047804291539415978074739519466740435236797146"", ""signed_gap"": ""3.788515823330492917615277495057727029332700536864398437575909586797473106947459042035110386077281277144E-9""}]",compared,522,3.5039603728698027690751911006904E-29,3.3771234910000203,input-137b6d823d2f3f578b1b24ba,137b6d823d2f3f578b1b24ba9c38c1372d16da80a4d0d00dc5ad65695aab70c5,512,98959506fbf00a1a6db50907b92e993b4b6986ba3568c43a156a163f71f4c256,98959506fbf00a1a6db50907b92e993b4b6986ba3568c43a156a163f71f4c256,985e39d77324467fa7d1766e81500fabdae3c1188674a81cb649143c797efd92,2.5636042305112237,0.05606624762110883,,,"[""s6/P4/U/w128/d61211/s1003/R/random""]","[""s6/confirm-U-w128-d61211-s1003-g00-random/e20""]",False,
input-14d57fdc519378798cd204ab,14d57fdc519378798cd204abc1af6338a487778cdffcc5908bbe863aac09811d,512,aec7cff57191991ba3f1dfa4c2c047be85dddaa0226fb3217de73a1a7f997c17,aec7cff57191991ba3f1dfa4c2c047be85dddaa0226fb3217de73a1a7f997c17,65997b7675a71039a51e9f273aa91670e2ca7924cd40df655952a5c1d5482b3a,0.10300654239314534,0.00045032369221303345,,,"[""s6/P4/U/w64/d61211/s1001/R/random""]","[""s6/confirm-U-w64-d61211-s1001-g04-random/e05""]",,,True,True,True,True,True,False,False,False,[],0.10300654257980568218044936656951904296875,0.10300654257988673057868910003705823934737171801963080031390183008091972365362587273906172755003943825773913108,0.10300654239314534221794161794605315662920475006103515625,0.00045032369221303356731304955388179593268324245919137894805884814147508312015359125138232505131495503540295231979,0.00045032369221303356731305869318035165798321224869575290806247523514346225079475322754445741517372510367016927854,0.00045032369221303358048047286776457696749569628540373443042629689849162443756167262121878683146053336630338026283,-9.13929855572529996978950437396000362709366837913064116197616213236385877006826721695875E-27,1.316741417458422530951248403670798152236382166334816218676691939367432941628680826263321098429E-20,-8.104839823973346753919637862171801963080031390183008091972365362587273906172755003943825773913108E-14,-1.8674138836074748209100508271816696795859564406390183008091972365362587273906172755003943825773913108E-10,0.24317284351455305170524236797787686177228527792222971206108204343014608672467313199602554953114185412223265779,1E-18,1E-12,0.000001,"[{""p"": ""0.10200654257988673057868910003705823934737171801963080031390183008091972365362587273906172755003943825773913108"", ""J"": ""0.00045070226992191829636847653138228247423264069725071891592761930009501875984428971153832942636659795390057465422"", ""signed_gap"": ""3.7857770888472905541783820193081624942844855496600786514406495155650904953648399387201119287285023040537568E-7""}, {""p"": ""0.10400654257988673057868910003705823934737171801963080031390183008091972365362587273906172755003943825773913108"", ""J"": ""0.00045070182757664241138862933941929061403838240225100450768697769991304825200405119371544883468353507498411950734"", ""signed_gap"": ""3.7813536360884407557064623893895605517015355525159962450246476958600120929796617099141950980997131395022880E-7""}]",compared,522,1.1481494577565829457153481806715E-29,2.962166082999829,input-14d57fdc519378798cd204ab,14d57fdc519378798cd204abc1af6338a487778cdffcc5908bbe863aac09811d,512,aec7cff57191991ba3f1dfa4c2c047be85dddaa0226fb3217de73a1a7f997c17,aec7cff57191991ba3f1dfa4c2c047be85dddaa0226fb3217de73a1a7f997c17,65997b7675a71039a51e9f273aa91670e2ca7924cd40df655952a5c1d5482b3a,0.10300654239314534,0.00045032369221303345,,,"[""s6/P4/U/w64/d61211/s1001/R/random""]","[""s6/confirm-U-w64-d61211-s1001-g04-random/e05""]",False,
input-14ed141a7d79f7d7c2f60ee4,14ed141a7d79f7d7c2f60ee42d88555e04987391e3ae43aff5073f8d487f7e89,512,720cb4a2dfd9a2162099cb394e9a04c5f55c5f1ca83d49aa865475f11e0c23cd,720cb4a2dfd9a2162099cb394e9a04c5f55c5f1ca83d49aa865475f11e0c23cd,9be75ddd4cfc9be41a5d8c0c2c5f35b0faca1baa72755d367c7834bcfea6ca90,0.04785826779919518,3.6990532399774186e-05,,,"[""s4-fixed30-M-w64-d46219-s602""]","[""s4/confirm-M-w64-d46219-s602-g00-random/e30""]",,,True,True,True,True,True,False,False,False,[],0.04785826833131068269722163677215576171875,0.047858268331674858597983792671414913211766572807445716296999334494173956240898066919294956131343215828819094737,0.04785826779919517826034081053876434452831745147705078125,0.000036990532399774212602881272436876471934260618263993429229284963458208296576643426071012576378822741084278239078,0.000036990532399774212602869221319043066850407914311603209683641508998096133128040243419186231261704175892651341791,0.000036990532399774319882635519298576707315323532586064964757524059351715493607394719310619023974644658295216706227,1.2051117833405083852703952390219545643454460112163448603182651826345117118565191626897287E-26,1.07279766297979533640464915618274461755073882550353619360479354475891432792712940482402565364436E-19,-3.64175900762155899259151493016572807445716296999334494173956240898066919294956131343215828819094737E-13,-5.32479680337642982132650568683449121330394935046999334494173956240898066919294956131343215828819094737E-10,0.27648448574340055201943928725501624748491304869638134810473922460242115219791019551907866376687781442968031267,1E-18,1E-12,0.000001,"[{""p"": ""0.046858268331674858597983792671414913211766572807445716296999334494173956240898066919294956131343215828819094737"", ""J"": ""0.000037369155891499965821019505493065840913282575488969922171725315294430220607875656749864449581274685596609986"", ""signed_gap"": ""3.78623491725753218150284174022774062874661177366712488083806296334087479835413330678218319570509703958644209E-7""}, {""p"": ""0.048858268331674858597983792671414913211766572807445716296999334494173956240898066919294956131343215828819094737"", ""J"": ""0.000037369032742451977023644682568333761429789004041787209720636569517710401430618777914322176204166786617235698668"", ""signed_gap"": ""3.78500342677764420775461249290694579381089730184000036995060519614268302578534495135944942462610724584356877E-7""}]",compared,522,1.6606558802117668168983869227506E-29,2.803740588000096,input-14ed141a7d79f7d7c2f60ee4,14ed141a7d79f7d7c2f60ee42d88555e04987391e3ae43aff5073f8d487f7e89,512,720cb4a2dfd9a2162099cb394e9a04c5f55c5f1ca83d49aa865475f11e0c23cd,720cb4a2dfd9a2162099cb394e9a04c5f55c5f1ca83d49aa865475f11e0c23cd,9be75ddd4cfc9be41a5d8c0c2c5f35b0faca1baa72755d367c7834bcfea6ca90,0.04785826779919518,3.6990532399774186e-05,,,"[""s4-fixed30-M-w64-d46219-s602""]","[""s4/confirm-M-w64-d46219-s602-g00-random/e30""]",False,
input-19258395a6f05405d0489e25,19258395a6f05405d0489e25ba6c9b9a6beedcee5e20ea425cb521387fc626b8,512,64d79b2736758b25c1c5c2ff642dc9c7b30eafec3eabc5047d3a48be209bd01a,64d79b2736758b25c1c5c2ff642dc9c7b30eafec3eabc5047d3a48be209bd01a,84e27c1f3e890179bfbfe494b13fec080155c554dab5338214b38ba9258fc31e,7.510820302792812,2.912314842703377,,,"[""s4-fixed30-U-w128-d41843-s603""]","[""s4/confirm-U-w128-d41843-s603-g00-random/e30""]",,,True,True,True,True,False,False,False,False,[],7.51081669595396306249313056468963623046875,7.510816695953917692942708836772975451957181166045796213354218610257186648795251145658531048148088099250449180,7.510820302792811986591914319433271884918212890625,2.9123148427033829485012050366815267460093823672588411128904310491925141057160865869431236399283781475287526506,2.9123148427033829485012050366876599042304031295420051004486580921735879250437842180387745807054075966154471240,2.9123148427033864365446358330238730469389275811417081961393747484887613487712075843575775243781493206263683098,-6.1331582210207622831639875582270429810738193276976310956509407770294490866944734E-30,3.4880434307963362131427085244515997030956907166563151734237274233663188029436727417240109211858E-15,4.5369550421727916660778511568833954203786645781389742813351204748854341468951851911900749550820E-14,0.000003606838894293649205482660296432961031724579203786645781389742813351204748854341468951851911900749550820,1.8550524408427899891564463925941150508424030161595208034836531966183379572496896220593465945557071124616406231,1.8550524408427899891564463925941150508424030161595208034836531966183379572496896220593465945557071124616406231E-18,1.8550524408427899891564463925941150508424030161595208034836531966183379572496896220593465945557071124616406231E-12,0.000001,"[{""p"": ""7.509816695953917692942708836772975451957181166045796213354218610257186648795251145658531048148088099250449180"", ""J"": ""2.9123148429715665919992908579979465331509104483796593698997369498921097893265446499776125917424448154933389133"", ""signed_gap"": ""2.681836434980858213102866289205073188376542694510788577185218642827604319388380110370372188778917893E-10""}, {""p"": ""7.511816695953917692942708836772975451957181166045796213354218610257186648795251145658531048148088099250449180"", ""J"": ""2.9123148429714388621805141460075891851102470828034836831808222104951583983216133321944674220703540360390261527"", ""signed_gap"": ""2.680559136793091093199292808798439532614785827321641183215704732778291141556928413649464394235790287E-10""}]",compared,522,1.4092735275351389817556554919106116270421136351033229952931987361622891311545869653412418730791262384112568857E-28,3.4119998790000636,input-19258395a6f05405d0489e25,19258395a6f05405d0489e25ba6c9b9a6beedcee5e20ea425cb521387fc626b8,512,64d79b2736758b25c1c5c2ff642dc9c7b30eafec3eabc5047d3a48be209bd01a,64d79b2736758b25c1c5c2ff642dc9c7b30eafec3eabc5047d3a48be209bd01a,84e27c1f3e890179bfbfe494b13fec080155c554dab5338214b38ba9258fc31e,7.510820302792812,2.912314842703377,,,"[""s4-fixed30-U-w128-d41843-s603""]","[""s4/confirm-U-w128-d41843-s603-g00-random/e30""]",False,
input-19d4e63f587418121b896649,19d4e63f587418121b8966493e65ccafbeab8a0dc81182ca8806a79a8abdef6b,512,64d79b2736758b25c1c5c2ff642dc9c7b30eafec3eabc5047d3a48be209bd01a,64d79b2736758b25c1c5c2ff642dc9c7b30eafec3eabc5047d3a48be209bd01a,dfc36ef299c4c0147560e608df1beabdcc9543c2b1f000eb98fe57c4c48bd6c0,7.336962611510825,2.772318937722329,,,"[""s4-fixed30-U-w128-d43997-s603""]","[""s4/confirm-U-w128-d43997-s603-g00-random/e30""]",,,True,True,True,True,True,False,False,False,[],7.33696354091398461605422198772430419921875,7.336963540914232538344046544280169038434767096987770873244246730895544715678583936508266085561856640427643326,7.33696261151082484985863629844971001148223876953125,2.7723189377223329691304992230837057385877358869978338598839795872235547550433859689661069573562328852588944109,2.7723189377223329691304992230641535217536139189839188799712120059658595472091833700412676357175751260184806738,2.7723189377223332152350143037158480679792442975156007733031618446177828551066491330403550814439842935576507885,1.95522168341219680139149799127675812576952078342025989248393216386577592404137371E-29,2.461045150806516945462256303785316818933319498386519233078974657629990874457264091675391701147E-16,-2.47922289824556555864839216017096987770873244246730895544715678583936508266085561856640427643326E-13,-9.29403407688485410245830459026952528327456520873244246730895544715678583936508266085561856640427643326E-7,1.8088521582413531549074523330981544073686762617256246892046970293760355944707361091481439422794798722298289514,1.8088521582413531549074523330981544073686762617256246892046970293760355944707361091481439422794798722298289514E-18,1.8088521582413531549074523330981544073686762617256246892046970293760355944707361091481439422794798722298289514E-12,0.000001,"[{""p"": ""7.335963540914232538344046544280169038434767096987770873244246730895544715678583936508266085561856640427643326"", ""J"": ""2.7723189380073141493276363321456093848784701196885212013978615503073527097823150766591072476016069586196986195"", ""signed_gap"": ""2.849811801971371090814558631248562007046023214266495443414931625731317066178396118840318326012179457E-10""}, {""p"": ""7.337963540914232538344046544280169038434767096987770873244246730895544715678583936508266085561856640427643326"", ""J"": ""2.7723189380071760852829743555963380644710019892317032546604673700340193830476235442646967190137695105640045984"", ""signed_gap"": ""2.848431161524751325321845427173880702477843746892553640681598358384401742234290832961943845455239246E-10""}]",compared,522,9.7899033569224828707713765814372230276317611704507337750580624619601465593260143712925254697285007271357203528E-29,3.442511748999891,input-19d4e63f587418121b896649,19d4e63f587418121b8966493e65ccafbeab8a0dc81182ca8806a79a8abdef6b,512,64d79b2736758b25c1c5c2ff642dc9c7b30eafec3eabc5047d3a48be209bd01a,64d79b2736758b25c1c5c2ff642dc9c7b30eafec3eabc5047d3a48be209bd01a,dfc36ef299c4c0147560e608df1beabdcc9543c2b1f000eb98fe57c4c48bd6c0,7.336962611510825,2.772318937722329,,,"[""s4-fixed30-U-w128-d43997-s603""]","[""s4/confirm-U-w128-d43997-s603-g00-random/e30""]",False,
input-19f7cf0a9794b04a36bbd879,19f7cf0a9794b04a36bbd879aecb7371744e981adca30003a567859152bbbbec,512,7be644b0c9c150d2ad13945dfa07cbafc83d33430c857b29195a2344b15ec72d,7be644b0c9c150d2ad13945dfa07cbafc83d33430c857b29195a2344b15ec72d,e848f237c0131f6f87f2914b4179e3b28f35925703ad97a18060ea699d1f5e85,0.2662983626987231,0.0009972021166001458,,,"[""s6/P1/U/w64/d61103/s1002/R/random"", ""s6/P2/U/w64/d61103/s1002/R/random"", ""s6/P3/U/w64/d61103/s1002/R/random""]","[""s6/confirm-U-w64-d61103-s1002-g04-random/e10""]",,,True,True,True,True,True,False,False,False,[],0.26629836363144931965507566928863525390625,0.26629836363111416694520483237652298104731879115827213800207439412219279615480013450481399879346950087819336980,0.26629836269872309006956356824957765638828277587890625,0.00099720211660014437471619687809942089656147518374910486570251613947601653205488796350385268667132064639957785166,0.00099720211660014437471617784824253493965606175984749793110290228588208619082372704793624382017185447308311324361,0.00099720211660014461866357577172832783131040277734682620426540527687196968754346222031273432490619078345640980912,1.902985688595690541342390160693459961385359393034123116091556760886649946617331646460805E-26,2.4394739792348579289165434101749932827316250299098988349671973517237649050473433631037329656551E-19,3.3515270987083691211227285893120884172786199792560587780720384519986549518600120653049912180663020E-13,-9.3239107687564126412694532465903601527936588800207439412219279615480013450481399879346950087819336980E-10,0.16771552730458953516612694372307754607825163207365422761495517476347688031734488582046414774969448596400271167,1E-18,1E-12,0.000001,"[{""p"": ""0.26529836363111416694520483237652298104731879115827213800207439412219279615480013450481399879346950087819336980"", ""J"": ""0.00099748297837348776336156066690358507001954906557929740330573106816955131460062150383080738304730442738211544857"", ""signed_gap"": ""2.8086177334338864538281866105013036348730573179947220282878228746512377689445589456356287544995429900220496E-7""}, {""p"": ""0.26729836363111416694520483237652298104731879115827213800207439412219279615480013450481399879346950087819336980"", ""J"": ""0.00099748239057700990573081150811322999385283050481044823045986076630868235593739647084502004514693388337484863752"", ""signed_gap"": ""2.8027397686553101463365987069505419676874496295029935695848042659616511366942290877622497507941029173539391E-7""}]",compared,522,6.066138335739565484453173534211E-30,3.139515265,input-19f7cf0a9794b04a36bbd879,19f7cf0a9794b04a36bbd879aecb7371744e981adca30003a567859152bbbbec,512,7be644b0c9c150d2ad13945dfa07cbafc83d33430c857b29195a2344b15ec72d,7be644b0c9c150d2ad13945dfa07cbafc83d33430c857b29195a2344b15ec72d,e848f237c0131f6f87f2914b4179e3b28f35925703ad97a18060ea699d1f5e85,0.2662983626987231,0.0009972021166001458,,,"[""s6/P1/U/w64/d61103/s1002/R/random"", ""s6/P2/U/w64/d61103/s1002/R/random"", ""s6/P3/U/w64/d61103/s1002/R/random""]","[""s6/confirm-U-w64-d61103-s1002-g04-random/e10""]",False,
input-1fc50087416c9e55762882c8,1fc50087416c9e55762882c8e0e9883451b4518128fc37935d783170d7182024,512,7be644b0c9c150d2ad13945dfa07cbafc83d33430c857b29195a2344b15ec72d,7be644b0c9c150d2ad13945dfa07cbafc83d33430c857b29195a2344b15ec72d,b23ae7b904add86a8248b01f36eaa861e522e3a517d37bff7517f6e29cd8cea0,0.4779113428965013,0.0014970914533300938,,,"[""s6/P1/U/w64/d61319/s1002/R/random"", ""s6/P2/U/w64/d61319/s1002/R/random"", ""s6/P3/U/w64/d61319/s1002/R/random""]","[""s6/confirm-U-w64-d61319-s1002-g04-random/e10""]",,,True,True,True,True,True,False,False,False,[],0.47791134466524454182945191860198974609375,0.47791134466556080337493908667907197068548354113614027052500504201013082511665792147214151561430329990936315204,0.47791134289650127886517338993144221603870391845703125,0.0014970914533300925538612089440184120216442109997246078110970394762056724799482391035013586138674692240640924062,0.0014970914533300925538612057504313903806528850482284993538209856448409884489879295878199947874065694007186605546,0.0014970914533300930485628208538271349437839356431714647657111751717118405587873673302804277990026239409786778414,3.1935870216409913259514961084572760538313646840309603095156813638264608998233454318516E-27,4.947016151033957445631310505949429654118901895268708521097994377424604330115960545402600172868E-19,-3.1626154548716807708222459173354113614027052500504201013082511665792147214151561430329990936315204E-13,-1.76905952450976569674762975464677962267910902052500504201013082511665792147214151561430329990936315204E-9,0.10544182806217691882632365451887485665561162454932121396386485471387274650394136572395669016486831095416170673,1E-18,1E-12,0.000001,"[{""p"": ""0.47691134466556080337493908667907197068548354113614027052500504201013082511665792147214151561430329990936315204"", ""J"": ""0.0014972497874297740013582645013145118825118092941776165275470892055605087311881112770147077329742324650795230877"", ""signed_gap"": ""1.583340996814474970587508831215018589242459491171737261035607195202822001816891947129455676630643608625331E-7""}, {""p"": ""0.47891134466556080337493908667907197068548354113614027052500504201013082511665792147214151561430329990936315204"", ""J"": ""0.0014972493111497394577244568500047410000519466136400681348528620527550080344539367697602502246954863211996157481"", ""signed_gap"": ""1.578578196469038632510995733506193990615654115687810318764079140195854660071819402554372889169204809551935E-7""}]",compared,522,5.2758214308377661007646474804711E-30,3.1902448050000203,input-1fc50087416c9e55762882c8,1fc50087416c9e55762882c8e0e9883451b4518128fc37935d783170d7182024,512,7be644b0c9c150d2ad13945dfa07cbafc83d33430c857b29195a2344b15ec72d,7be644b0c9c150d2ad13945dfa07cbafc83d33430c857b29195a2344b15ec72d,b23ae7b904add86a8248b01f36eaa861e522e3a517d37bff7517f6e29cd8cea0,0.4779113428965013,0.0014970914533300938,,,"[""s6/P1/U/w64/d61319/s1002/R/random"", ""s6/P2/U/w64/d61319/s1002/R/random"", ""s6/P3/U/w64/d61319/s1002/R/random""]","[""s6/confirm-U-w64-d61319-s1002-g04-random/e10""]",False,
input-24fbb858c4ee67a48748d8b1,24fbb858c4ee67a48748d8b164f438e102c1dc3f6c361d273fa757b74bf0ea5f,512,7be644b0c9c150d2ad13945dfa07cbafc83d33430c857b29195a2344b15ec72d,7be644b0c9c150d2ad13945dfa07cbafc83d33430c857b29195a2344b15ec72d,6176d005cc071c2c8da04e5476bc2644a7556a549efad8dd9670e28f08fc6823,2.827299701274373,0.2603242556422072,,,"[""s6/P4/U/w256/d61211/s1002/R/random""]","[""s6/confirm-U-w256-d61211-s1002-g00-random/e10""]",,,True,True,True,True,True,False,False,False,[],2.82729947036250450764782726764678955078125,2.8272994703629267416077435497056562467961837382329515460765193507371742194330652576056337079261529654579897154,2.82729970127437280069671032833866775035858154296875,0.26032425564220738022871132550758418701835956020257202541989458271347636095743505030897020450777206251920859412,0.26032425564220738022871132554425266810019167136410847146661926332115753239408377869403622748175380045915733785,0.26032425564220756268495278372529115471340474090284571697064626042079763436991805898398228812487040829285028811,-3.666848108183211116153644604672468060768117143664872838506602297398173793994874373E-29,1.8245624145818103848661321306953873724550402699709964010197583428028994606064311660783369295026E-16,-4.222339599162820588666960149337382329515460765193507371742194330652576056337079261529654579897154E-13,2.309114460590889667786330115035623978047357984539234806492628257805669347423943662920738470345420102846E-7,0.65482054876563616354294867361551968207894435730519044888052783601284919030481790567508389423242450807712751242,1E-18,1E-12,0.000001,"[{""p"": ""2.8262994703629267416077435497056562467961837382329515460765193507371742194330652576056337079261529654579897154"", ""J"": ""0.26032425906635360290427937749897728374599143878552023943890393120817246895900613402571159748963862655431978891"", ""signed_gap"": ""3.42414622267556805195472461564579976742141176797228466788701493656492235533167537000788482609516245106E-9""}, {""p"": ""2.8282994703629267416077435497056562467961837382329515460765193507371742194330652576056337079261529654579897154"", ""J"": ""0.26032425906185871985422500598696811748052611210841566321150635508482940492196579951658614633528570889479410928"", ""signed_gap"": ""3.41965133962551368044271544938033444074430719174488709176367187252788202082254991885353190843563677143E-9""}]",compared,522,3.5870169591210047537534055114963E-29,3.324235208999994,input-24fbb858c4ee67a48748d8b1,24fbb858c4ee67a48748d8b164f438e102c1dc3f6c361d273fa757b74bf0ea5f,512,7be644b0c9c150d2ad13945dfa07cbafc83d33430c857b29195a2344b15ec72d,7be644b0c9c150d2ad13945dfa07cbafc83d33430c857b29195a2344b15ec72d,6176d005cc071c2c8da04e5476bc2644a7556a549efad8dd9670e28f08fc6823,2.827299701274373,0.2603242556422072,,,"[""s6/P4/U/w256/d61211/s1002/R/random""]","[""s6/confirm-U-w256-d61211-s1002-g00-random/e10""]",False,
input-287506ed827f2fa63b4044fb,287506ed827f2fa63b4044fbb06bff5a3c18d995f0e08674fa1aaa9771f17239,512,7be644b0c9c150d2ad13945dfa07cbafc83d33430c857b29195a2344b15ec72d,7be644b0c9c150d2ad13945dfa07cbafc83d33430c857b29195a2344b15ec72d,28a93f5fa92b7c40bc17e66118187b0e887e7153b494197c6897ce0c9172676f,1.270155565931605,0.0027361580019118004,,,"[""s6/P4/U/w256/d61103/s1002/R/random""]","[""s6/confirm-U-w256-d61103-s1002-g00-random/e10""]",,,True,True,True,True,True,False,False,False,[],1.27015556515425487305037677288055419921875,1.2701555651543066978603747427048082917917699936171663276949992176856634652800285368150040320256728239270691712,1.270155565931605057272690828540362417697906494140625,0.0027361580019118044213202984174706476902727971238661049533330013076874165415308770073151265991655805815399498354,0.0027361580019118044213202980730018919180680482224207817815809657808461378734272049861656692578070342548873356580,0.0027361580019118044321930625024717660070257805486914612623000513297886488546303640576881367450091538928070743529,3.444687557722047489014453231717520355268412786681036720211494573413585463266526141774E-28,1.08727644294698740889577323262706794807190855489425109812031590715224674872021196379197386949E-20,-5.18248099979698242540925730199936171663276949992176856634652800285368150040320256728239270691712E-14,7.772983594123160858355541259061365005234586723050007823143365347199714631849959679743271760729308288E-10,0.17874694565779699375007419638395813050296648200217217111424247175040980090322620540661249136897646968216161672,1E-18,1E-12,0.000001,"[{""p"": ""1.2691555651543066978603747427048082917917699936171663276949992176856634652800285368150040320256728239270691712"", ""J"": ""0.0027361760243401301690455937289528682317133798580757053390074981731754375620919449189336630920440542398293558734"", ""signed_gap"": ""1.80224283257477252956559509763136453316356549235574265323923292996886647399327679938342370199849420202154E-8""}, {""p"": ""1.2711555651543066978603747427048082917917699936171663276949992176856634652800285368150040320256728239270691712"", ""J"": ""0.0027361759852640714004360680371661788846635457148371183649377370878083611807462400559826029118031613856993627221"", ""signed_gap"": ""1.79833522669791157699641642869665954974924163365833567713069622233073190350698169336539961271308120270641E-8""}]",compared,522,1.1181872606931261265890747302737E-29,3.2774829010000985,input-287506ed827f2fa63b4044fb,287506ed827f2fa63b4044fbb06bff5a3c18d995f0e08674fa1aaa9771f17239,512,7be644b0c9c150d2ad13945dfa07cbafc83d33430c857b29195a2344b15ec72d,7be644b0c9c150d2ad13945dfa07cbafc83d33430c857b29195a2344b15ec72d,28a93f5fa92b7c40bc17e66118187b0e887e7153b494197c6897ce0c9172676f,1.270155565931605,0.0027361580019118004,,,"[""s6/P4/U/w256/d61103/s1002/R/random""]","[""s6/confirm-U-w256-d61103-s1002-g00-random/e10""]",False,
input-2a9ea405b2234556d2ee1ba5,2a9ea405b2234556d2ee1ba5d07a5646cff55a042dea166a9049ff187a914dba,512,720cb4a2dfd9a2162099cb394e9a04c5f55c5f1ca83d49aa865475f11e0c23cd,720cb4a2dfd9a2162099cb394e9a04c5f55c5f1ca83d49aa865475f11e0c23cd,49bc89b4027b93209740af654956148c38aca813ca48335408054aa9d97c404f,0.12071789711251223,3.146294667019454e-05,,,"[""s4-fixed30-M-w256-d43997-s602""]","[""s4/confirm-M-w256-d43997-s602-g00-random/e30""]",,,True,True,True,True,True,False,False,False,[],0.12071789741685279295779764652252197265625,0.12071789741699318767850076211627884231865388518038111868093379261791486917928068222140366741136172951434126886,0.12071789711251222632082402697051293216645717620849609375,0.000031462946670194513411761768975612112479778511712584964140341730903406594723419404312604039587720401934232720209,0.000031462946670194513411738933946649069109410671229287498406545178344470300741845617215190098988385501244367834230,0.000031462946670194547430251406343179581609163408804426382815903549328479008876164350300816149612185053668580578104,2.2835028963043370367840483297465733796552558936293981573787097413940599334900689864885979E-26,3.4018512472396530512499752737575138884409358370984008708134318733085626050623799552424212743874E-20,-1.4039472070311559375686966240388518038111868093379261791486917928068222140366741136172951434126886E-13,-3.0448096135767673514576591015219670897188502493093379261791486917928068222140366741136172951434126886E-10,0.24426962105812883034414102204412698692269876513307232154639947369944907424464870538734462806793064187400742624,1E-18,1E-12,0.000001,"[{""p"": ""0.11971789741699318767850076211627884231865388518038111868093379261791486917928068222140366741136172951434126886"", ""J"": ""0.000031829684351690932567153171697829804798371539063256453400776379478439276984132731557741384647184730542856067934"", ""signed_gap"": ""3.66737681496419155414237751180735688960867833968954994231201133968976242287114342551285658799229298488233704E-7""}, {""p"": ""0.12171789741699318767850076211627884231865388518038111868093379261791486917928068222140366741136172951434126886"", ""J"": ""0.000031829357738510829970608779160109225464760634736705859047099447724180426781715971390735294103434259349258833631"", ""signed_gap"": ""3.66411068316316558869845213460156355349963507418360640554269379710126039870354175545195115048758104890999401E-7""}]",compared,522,1.6428400927038801068113759759240E-29,3.0723101360000555,input-2a9ea405b2234556d2ee1ba5,2a9ea405b2234556d2ee1ba5d07a5646cff55a042dea166a9049ff187a914dba,512,720cb4a2dfd9a2162099cb394e9a04c5f55c5f1ca83d49aa865475f11e0c23cd,720cb4a2dfd9a2162099cb394e9a04c5f55c5f1ca83d49aa865475f11e0c23cd,49bc89b4027b93209740af654956148c38aca813ca48335408054aa9d97c404f,0.12071789711251223,3.146294667019454e-05,,,"[""s4-fixed30-M-w256-d43997-s602""]","[""s4/confirm-M-w256-d43997-s602-g00-random/e30""]",False,
input-2c6d5da6dd99b7e9b0432056,2c6d5da6dd99b7e9b0432056ca07d2a0107f02779cc2e4cdb01ac7c3b60f7051,512,64d79b2736758b25c1c5c2ff642dc9c7b30eafec3eabc5047d3a48be209bd01a,64d79b2736758b25c1c5c2ff642dc9c7b30eafec3eabc5047d3a48be209bd01a,647732c15529beffd068c838a785b63ed745a4bc6b47c87dce335e5d61bd2ab2,0.03704357523463192,5.4755221826622595e-05,,,"[""s4-fixed30-M-w64-d46219-s603""]","[""s4/confirm-M-w64-d46219-s603-g00-random/e30""]",,,True,True,True,True,True,False,False,False,[],0.03704357498145327554084360599517822265625,0.037043574981270572070966644874719593935995212517755104279037974313241814367990910439874502121548791901727782491,0.037043575234631920256589410200831480324268341064453125,0.000054755221826622685908632649087902334608545098340332506446408113700190912186561410656826681283174580326438829082,0.000054755221826622685908653278989936996763093201254632099615309420166222918707286435553489747543370464563658657199,0.000054755221826622713343669045514195227259008220371020465704116736411623333706819857995170896182626724593332535023,-2.0629902034662154548102914299593168901306466032006520725024896663066260195884237219828117E-26,2.7435015766524258230495915019116388366088807316245400414999533422441681148639256260029673877824E-20,1.82703469876961120458628720254787482244895720962025686758185632009089560125497878451208098272217509E-13,2.53361348185622765326111886388273128546698020720962025686758185632009089560125497878451208098272217509E-10,0.27541706929912617987830879410023977664045401258035465266953447791773716820229125408353899003683221309576905043,1E-18,1E-12,0.000001,"[{""p"": ""0.036043574981270572070966644874719593935995212517755104279037974313241814367990910439874502121548791901727782491"", ""J"": ""0.000055183420829599155669009984831177272620505080162644240123764293724469931258542691965535061193077107727958861385"", ""signed_gap"": ""4.28199002976469760356705841240275857411878908012140508454873558247012551256256412045313649706643164300204186E-7""}, {""p"": ""0.038043574981270572070966644874719593935995212517755104279037974313241814367990910439874502121548791901727782491"", ""J"": ""0.000055183310442271480178116149635437027483616152906407334280037374880799963070388326165973895774895378547075420432"", ""signed_gap"": ""4.28088615648794269462870645500030720522951651775234664727954714577044363101890612484148231524913983416763233E-7""}]",compared,522,1.4278677076912811200972336230938E-29,2.6850380490000134,input-2c6d5da6dd99b7e9b0432056,2c6d5da6dd99b7e9b0432056ca07d2a0107f02779cc2e4cdb01ac7c3b60f7051,512,64d79b2736758b25c1c5c2ff642dc9c7b30eafec3eabc5047d3a48be209bd01a,64d79b2736758b25c1c5c2ff642dc9c7b30eafec3eabc5047d3a48be209bd01a,647732c15529beffd068c838a785b63ed745a4bc6b47c87dce335e5d61bd2ab2,0.03704357523463192,5.4755221826622595e-05,,,"[""s4-fixed30-M-w64-d46219-s603""]","[""s4/confirm-M-w64-d46219-s603-g00-random/e30""]",False,
input-2dbd9674b5e971131207bd46,2dbd9674b5e971131207bd46951bada8757b97987875357d0370250fda0787a8,512,c89e77c654eaf6bb5186b57235d9f7044dbc61288842163a04ff3029e9759317,c89e77c654eaf6bb5186b57235d9f7044dbc61288842163a04ff3029e9759317,7a4496c1b732269c30dc670c5f8700c0372fd0d3fabb32216defbffd40208355,0.0199596585614448,1.6121689900188237e-05,,,"[""s5/single/M/w256/d52919/s803/R/random""]","[""s5/confirm-M-w256-d52919-s803-g05-random/e10""]",,,True,True,True,True,True,False,False,False,[],0.01995965923242692952044308185577392578125,0.019959659232780305827811088962799589992339624091809626840532834380630176322800137848394530305293206915930935992,0.0199596585614447985523867146184784360229969024658203125,0.000016121689900188158089721917113092193827060703666650832425627497288347673050455603865008304526606700973142684865,0.000016121689900188158089657905403531383397387506920152847010347913038835421247369804054356339090830196484659357978,0.000016121689900188338358964140405278111621166587877340995274855462703982846883586161179051894152937222148901468987,6.4011709560810429673196746497985415279584249512251803085799810651965435776504488483326887E-26,1.80269306235001746728223779080957188148264507549665147425636216357124695555062107025664242111009E-19,-3.53376307368007107025664211089624091809626840532834380630176322800137848394530305293206915930935992E-13,-6.71335507275424374344321153969342721625989314340532834380630176322800137848394530305293206915930935992E-10,0.29488556525941220216609508494777376476282826902187224815637400817288964123730650743645352758031872727594650805,1E-18,1E-12,0.000001,"[{""p"": ""0.018959659232780305827811088962799589992339624091809626840532834380630176322800137848394530305293206915930935992"", ""J"": ""0.000016521631747246811308052371645990014145436254254945416248974517516388669849031257789715204337563338414248128723"", ""signed_gap"": ""3.99941847058653218394466242458630748048747334792569238626604477553248601661453735358865246733141929588770745E-7""}, {""p"": ""0.020959659232780305827811088962799589992339624091809626840532834380630176322800137848394530305293206915930935992"", ""J"": ""0.000016521596044658764020097238487378769820285712197876094085878946207042601551212995280199016272210716598678270973"", ""signed_gap"": ""3.99906144470605930439333083847386422898205277723247075531033168207180303843191225842677181380520114018912995E-7""}]",compared,522,1.9541460794226955123764600746027E-29,2.3965904760000285,input-2dbd9674b5e971131207bd46,2dbd9674b5e971131207bd46951bada8757b97987875357d0370250fda0787a8,512,c89e77c654eaf6bb5186b57235d9f7044dbc61288842163a04ff3029e9759317,c89e77c654eaf6bb5186b57235d9f7044dbc61288842163a04ff3029e9759317,7a4496c1b732269c30dc670c5f8700c0372fd0d3fabb32216defbffd40208355,0.0199596585614448,1.6121689900188237e-05,,,"[""s5/single/M/w256/d52919/s803/R/random""]","[""s5/confirm-M-w256-d52919-s803-g05-random/e10""]",False,
input-305829727f2ea2393f1fd8d5,305829727f2ea2393f1fd8d56c5d6f8fc3a2478e68fa497b09805cb3e4f0e4b9,512,8ca39088cd76bee65172a39c25eb65f738d4bd52f86a0d1b78206a06d4f703a0,8ca39088cd76bee65172a39c25eb65f738d4bd52f86a0d1b78206a06d4f703a0,b2effdd72b9b73544c3c560bcd511aa4dc22e300ec2c21488a7a74e4516afcdf,1.6506488741211225,0.21598959933792644,,,"[""s4-fixed30-U-w256-d43997-s601""]","[""s4/confirm-U-w256-d43997-s601-g00-random/e30""]",,,True,True,True,True,True,False,False,False,[],1.65064887868129517300985753536224365234375,1.6506488786808542082789865715096184108300601292780808059871953774016617660993935354022251157081905624216664846,1.6506488741211224891003439552150666713714599609375,0.21598959933792645108189981652160728759464661524821459176100872523000245684465989100419144771916501546945427402,0.21598959933792645108189981312501689094898249612089994935157261809390583695850870041169868338458947938982731309,0.21598959933792645144675348388551514331924231208296146527945091595379597766645118008825954366609945669432022410,3.39659039664566411912731464240943610713609661988615119059249276433457553607962696093E-27,3.6485367076049825237025981596206151592787829785989014070794247967656086028150997730449291101E-19,4.409647308709638526252415136898707219191940128046225983382339006064645977748842918094375783335154E-13,-4.5597317191786426162945517394586001683405808059871953774016617660993935354022251157081905624216664846E-9,0.48411639726658696736978736680753067540808253171896608603713366444403536695266901377190639007266966430084756427,1E-18,1E-12,0.000001,"[{""p"": ""1.6496488786808542082789865715096184108300601292780808059871953774016617660993935354022251157081905624216664846"", ""J"": ""0.21598961690468951406894601394286995620032660501294302817592069803045458745870224000923295528881463555917362158"", ""signed_gap"": ""1.756676306298704620081785306525134410889204307882434807993654875050019353959753427190422515616934630849E-8""}, {""p"": ""1.6516488786808542082789865715096184108300601292780808059871953774016617660993935354022251157081905624216664846"", ""J"": ""0.21598961686818660196318220159901772664841540723327831131960038842276073486419280757580754880214417620232532490"", ""signed_gap"": ""1.753026015088128238847400083569943291111237836196802777032885489790568410716410886541755469681249801181E-8""}]",compared,522,2.8757580754880214417620232532490E-29,3.30230941800005,input-305829727f2ea2393f1fd8d5,305829727f2ea2393f1fd8d56c5d6f8fc3a2478e68fa497b09805cb3e4f0e4b9,512,8ca39088cd76bee65172a39c25eb65f738d4bd52f86a0d1b78206a06d4f703a0,8ca39088cd76bee65172a39c25eb65f738d4bd52f86a0d1b78206a06d4f703a0,b2effdd72b9b73544c3c560bcd511aa4dc22e300ec2c21488a7a74e4516afcdf,1.6506488741211225,0.21598959933792644,,,"[""s4-fixed30-U-w256-d43997-s601""]","[""s4/confirm-U-w256-d43997-s601-g00-random/e30""]",False,
input-30dec1bbb0b1196e1d0ff8cd,30dec1bbb0b1196e1d0ff8cd17fe71426957a4af7491004b607722431586ee1a,512,7be644b0c9c150d2ad13945dfa07cbafc83d33430c857b29195a2344b15ec72d,7be644b0c9c150d2ad13945dfa07cbafc83d33430c857b29195a2344b15ec72d,8e290099aa07e3af677142826994aaa7410b2f51df159c423863f7519fa58755,0.04802383214801893,4.962048928832099e-05,,,"[""s6/P1/M/w128/d61211/s1002/R/random"", ""s6/P2/M/w128/d61211/s1002/R/random"", ""s6/P3/M/w128/d61211/s1002/R/random"", ""s6/P4/M/w128/d61211/s1002/R/random""]","[""s6/confirm-M-w128-d61211-s1002-g05-random/e20""]",,,True,True,True,True,True,False,False,False,[],0.04802383271498911199159920215606689453125,0.048023832714782298269961079778392749199111421099314950661348640706420444772393578396466663494045622856647022865,0.04802383214801893285272882394565385766327381134033203125,0.000049620489288320988345144455140805617424139737312611333935994541975141135223027074307380439451537579984567821848,0.000049620489288320988345099368485753739997624757209478615079278238283958999420083006328997827074632158627975029234,0.000049620489288321113061719892667883816256923804334397949747111980381289009068499521682549189477704550849510398244,4.5086655051877426514980103132718856716303691182135802944067978382612376905421356592792614E-26,1.24716620524182130076259299047124919334667833742097330009648416515353551362403072392221535369010E-19,2.06813721638122377674145332138578900685049338651359293579555227606421603533336505954377143352977135E-13,-5.66763365417232255832738891535837609758982919411348640706420444772393578396466663494045622856647022865E-10,0.27563761662755758448492471472330072420876744624937771734856476999599617590520591774484396125357709799574449156,1E-18,1E-12,0.000001,"[{""p"": ""0.047023832714782298269961079778392749199111421099314950661348640706420444772393578396466663494045622856647022865"", ""J"": ""0.000050009077298020494106372538721775839404461061193271156937533781830332312526946507161853954536176257754405729633"", ""signed_gap"": ""3.88588009699505761273170236022099406836303983792541858255543546373313106863500832856127461544099126430700399E-7""}, {""p"": ""0.049023832714782298269961079778392749199111421099314950661348640706420444772393578396466663494045622856647022865"", ""J"": ""0.000050008902618733087400745675567312399362786880378320292054400888219445608994361290400315208213276577374339375307"", ""signed_gap"": ""3.88413330412099055646307081558659365162123168841676975122649935486609574278284071317381138644418746364346073E-7""}]",compared,522,1.6149018023264425474776430145316E-29,2.747651788999974,input-30dec1bbb0b1196e1d0ff8cd,30dec1bbb0b1196e1d0ff8cd17fe71426957a4af7491004b607722431586ee1a,512,7be644b0c9c150d2ad13945dfa07cbafc83d33430c857b29195a2344b15ec72d,7be644b0c9c150d2ad13945dfa07cbafc83d33430c857b29195a2344b15ec72d,8e290099aa07e3af677142826994aaa7410b2f51df159c423863f7519fa58755,0.04802383214801893,4.962048928832099e-05,,,"[""s6/P1/M/w128/d61211/s1002/R/random"", ""s6/P2/M/w128/d61211/s1002/R/random"", ""s6/P3/M/w128/d61211/s1002/R/random"", ""s6/P4/M/w128/d61211/s1002/R/random""]","[""s6/confirm-M-w128-d61211-s1002-g05-random/e20""]",False,
input-31e5223902db6451c55f7086,31e5223902db6451c55f7086d28d3746bf41a1c10e6ae84712e69a3a66b5be17,512,7be644b0c9c150d2ad13945dfa07cbafc83d33430c857b29195a2344b15ec72d,7be644b0c9c150d2ad13945dfa07cbafc83d33430c857b29195a2344b15ec72d,003157f61e6c9fdcf39d149e7d0522c290d3f0a658b0be71a266f7375ceecc2b,0.043466102829356756,6.811175298888652e-05,,,"[""s6/P1/M/w64/d61319/s1002/R/random"", ""s6/P2/M/w64/d61319/s1002/R/random"", ""s6/P3/M/w64/d61319/s1002/R/random"", ""s6/P4/M/w64/d61319/s1002/R/random""]","[""s6/confirm-M-w64-d61319-s1002-g04-random/e30""]",,,True,True,True,True,True,False,False,False,[],0.04346610301718101254664361476898193359375,0.043466103017294207477106580685015606265998584408419738863801626390435134397132230201880175919997889399379845493,0.043466102829356756398482275471906177699565887451171875,0.000068111752988886690087057892395987464628839663964447676944139033633954097961721032063099796247327207997958661311,0.000068111752988886690087040147943160464391818032842078555419833097933621053876156160056502365981412421561437280512,0.000068111752988886703828905415445866103546197970177009405055684243038723772378675770052871374101085382719149118344,1.7744452827000237021631122369121524305935700333044085564872006597430265914786436521380799E-26,1.3741865267502705639154379937334930849635851145105102718502519609996369008119672961157711837832E-20,-1.13194930462965916033672672248584408419738863801626390435134397132230201880175919997889399379845493E-13,-1.87937451078624305213109428566432696957247863863801626390435134397132230201880175919997889399379845493E-10,0.27721771237203099599160750804050775843187121351097554628817759700624985111740971511800180458110540364118973478,1E-18,1E-12,0.000001,"[{""p"": ""0.042466103017294207477106580685015606265998584408419738863801626390435134397132230201880175919997889399379845493"", ""J"": ""0.000068500294470234995977864588346714526753879596840029029538350873737975204700173749499940834760308308742561924633"", ""signed_gap"": ""3.88541481348305890824440403554062362061563997950474118517775804354150824017589443438468778895887181124644121E-7""}, {""p"": ""0.044466103017294207477106580685015606265998584408419738863801626390435134397132230201880175919997889399379845493"", ""J"": ""0.000068500134486233152437147656262818842134344480758866957632289164255068020579815178468805400019824862095339497469"", ""signed_gap"": ""3.88381497346462350107508319658377742526447916788402212456066321446966703659018412303034038412440533902216957E-7""}]",compared,522,1.5464881152348952185902137961510E-29,2.7172413419999657,input-31e5223902db6451c55f7086,31e5223902db6451c55f7086d28d3746bf41a1c10e6ae84712e69a3a66b5be17,512,7be644b0c9c150d2ad13945dfa07cbafc83d33430c857b29195a2344b15ec72d,7be644b0c9c150d2ad13945dfa07cbafc83d33430c857b29195a2344b15ec72d,003157f61e6c9fdcf39d149e7d0522c290d3f0a658b0be71a266f7375ceecc2b,0.043466102829356756,6.811175298888652e-05,,,"[""s6/P1/M/w64/d61319/s1002/R/random"", ""s6/P2/M/w64/d61319/s1002/R/random"", ""s6/P3/M/w64/d61319/s1002/R/random"", ""s6/P4/M/w64/d61319/s1002/R/random""]","[""s6/confirm-M-w64-d61319-s1002-g04-random/e30""]",False,
input-32de9c5bd18b4708c078b41e,32de9c5bd18b4708c078b41ef0587b0681974cd98ebf334f6642f840a0a80b54,512,7be644b0c9c150d2ad13945dfa07cbafc83d33430c857b29195a2344b15ec72d,7be644b0c9c150d2ad13945dfa07cbafc83d33430c857b29195a2344b15ec72d,2af6f6db634444ae2236ecb5d61c16cb5c930ba3237c3b17e09eea34b00e19c6,0.2352317517955172,0.0005371540363459171,,,"[""s6/P4/U/w64/d61211/s1002/R/random""]","[""s6/confirm-U-w64-d61211-s1002-g04-random/e05""]",,,True,True,True,True,True,False,False,False,[],0.23523175100353910238482058048248291015625,0.23523175100297090271315028262822267810329058604624308928372507686595885992909936636111429237746357841931787036,0.235231751795517196601537079914123751223087310791015625,0.00053715403634591742925263989909990472945160795533195587429090011290843974592880731822072573837057198364553344328,0.00053715403634591742925259558792452643099063253548046363343998134665586605182095463169784237161999283964043244129,0.00053715403634591762047537598185947180014467020251174990896960618224662671865761305832207797138651771646451074258,4.431117537829846097541985149224085091876625257369410785268652288336675057914400510100199E-26,1.9122278039393494536915403766703128627552962483559076066683665842662423559976652487682407830129E-19,5.6819967167029785426023205295941395375691071627492313404114007090063363888570762253642158068212964E-13,7.9254629388838679728590107311979672474477253571627492313404114007090063363888570762253642158068212964E-10,0.18105624737021918404312518732703544022005087095750439006523486327092379494543524467183486015809314695765338673,1E-18,1E-12,0.000001,"[{""p"": ""0.23423175100297090271315028262822267810329058604624308928372507686595885992909936636111429237746357841931787036"", ""J"": ""0.00053745887728505535703591857711646457313910796979364644837567141950150719756643801483738989600111471457351869539"", ""signed_gap"": ""3.0484093913792778332298919193814214847543431318281493569007284564114574548338313954752438112187493308625410E-7""}, {""p"": ""0.23623175100297090271315028262822267810329058604624308928372507686595885992909936636111429237746357841931787036"", ""J"": ""0.00053745829898295073717718985305177286237316721150759458058727216514478286571329120573174314672583081485913700898"", ""signed_gap"": ""3.0426263703330792459426512724643138253467602713094714729081848891681389233657403390077510583797521870456769E-7""}]",compared,522,3.871417652696222216202897742780E-30,3.1395381269999234,input-32de9c5bd18b4708c078b41e,32de9c5bd18b4708c078b41ef0587b0681974cd98ebf334f6642f840a0a80b54,512,7be644b0c9c150d2ad13945dfa07cbafc83d33430c857b29195a2344b15ec72d,7be644b0c9c150d2ad13945dfa07cbafc83d33430c857b29195a2344b15ec72d,2af6f6db634444ae2236ecb5d61c16cb5c930ba3237c3b17e09eea34b00e19c6,0.2352317517955172,0.0005371540363459171,,,"[""s6/P4/U/w64/d61211/s1002/R/random""]","[""s6/confirm-U-w64-d61211-s1002-g04-random/e05""]",False,
input-36088f45eb255c870658420e,36088f45eb255c870658420ebffdf8c48d39a4d2174da5ebefc375e01c8a408f,512,5ef925552bd2aed9bc8daee3dbe84404fd1da975c4197a0e355a73b80e2b6597,5ef925552bd2aed9bc8daee3dbe84404fd1da975c4197a0e355a73b80e2b6597,cbad767b8d338e46a1dea6422d8df59e2b22cc4944365bbe39b6fa0a754a3f96,3.9539951389018815,0.3032412377472479,,,"[""s5/single/U/w128/d55049/s801/R/random""]","[""s5/confirm-U-w128-d55049-s801-g04-random/e03""]",,,True,True,True,True,True,False,False,False,[],3.95399517331361494143493473529815673828125,3.9539951733134362171261972084722141075021703443626805829953061991426999033674773887970985896446416727941649984,3.953995138901881478687982962583191692829132080078125,0.30324123774724839327268770580686713965164948493266134516589660171642242866702824106814085014043660224013019857,0.30324123774724839327268770584254780704382106731506471366517313281214966841654775464074240683716500240796614889,0.30324123774724839480820857698567098788149887645908928512411624307467799852623858077497172844232232637481806738,-3.568066739217158238240336849927653109572723974951951357260155669672840016783595032E-29,1.53552087114312318083767780914402457145894311026252833010969082613422932160515732396685191849E-18,1.787243087375268259426307790796556373194170046938008573000966325226112029014103553583272058350016E-13,-3.44115547384382142458890224146730382642845555829953061991426999033674773887970985896446416727941649984E-8,0.75635164974649202740481995099489060557734142603502293264918036986842569232186650904967617819796118387071356571,1E-18,1E-12,0.000001,"[{""p"": ""3.9529951733134362171261972084722141075021703443626805829953061991426999033674773887970985896446416727941649984"", ""J"": ""0.30324123904462114685330829125434506506992083289263420482546147193826607293558486592092288895860171285813772816"", ""signed_gap"": ""1.29737275358062058541179725802609976557756949116028833912611640451903711128018048212143671045017157927E-9""}, {""p"": ""3.9549951733134362171261972084722141075021703443626805829953061991426999033674773887970985896446416727941649984"", ""J"": ""0.30324123904329652005150121534485617844839859878341832382209403268986248149820601029793814659333175416261362572"", ""signed_gap"": ""1.29604812677881350950230837140457753146835361015692089987771281308165825565719573975616675175464747683E-9""}]",compared,522,3.2967738099549134183692674569154E-29,3.372721920999993,input-36088f45eb255c870658420e,36088f45eb255c870658420ebffdf8c48d39a4d2174da5ebefc375e01c8a408f,512,5ef925552bd2aed9bc8daee3dbe84404fd1da975c4197a0e355a73b80e2b6597,5ef925552bd2aed9bc8daee3dbe84404fd1da975c4197a0e355a73b80e2b6597,cbad767b8d338e46a1dea6422d8df59e2b22cc4944365bbe39b6fa0a754a3f96,3.9539951389018815,0.3032412377472479,,,"[""s5/single/U/w128/d55049/s801/R/random""]","[""s5/confirm-U-w128-d55049-s801-g04-random/e03""]",False,
input-38a9a1b71135ff7d4d790194,38a9a1b71135ff7d4d790194898218a6cc185af7523f9d7468bff9cc25c013d2,512,5ef925552bd2aed9bc8daee3dbe84404fd1da975c4197a0e355a73b80e2b6597,5ef925552bd2aed9bc8daee3dbe84404fd1da975c4197a0e355a73b80e2b6597,680355cb0f5cafca6ac1b43bc060fb933939d4ef74bb24d7000f7b92065d39aa,0.37837104556244827,0.0011470770978676485,,,"[""s5/single/U/w64/d57163/s801/R/random""]","[""s5/confirm-U-w64-d57163-s801-g04-random/e10""]",,,True,True,True,True,True,False,False,False,[],0.37837104492746220785193145275115966796875,0.37837104492798286708927986691884044537351783605533085164572207200005241607254400170007102805207058445323873964,0.3783710455624482715819567602011375129222869873046875,0.0011470770978676499408676907993350975438730710413095142398373713918594520846209031746970604859584844911183554456,0.0011470770978676499408676909325485877655925545043255205854576574131261627657454172839873027797786251234628115679,0.0011470770978676500255545888355300948942665651519342830805328963013265880694748532329007818306429161874812186394,-1.332134902217194834630160063456202860212667106811245141092902422938201406323444561223E-28,8.46868979029815071286740106476087624950752388882004253037294359489134790508642910640184070715E-20,-5.2065923734841416768077740476783605533085164572207200005241607254400170007102805207058445323873964E-13,6.3446540449267689328229706754876915124935664835427792799994758392745599829992897194792941554676126036E-10,0.13789209471749610490274163536892866580702815888304672334847707173412337810703479538082345878757322857494994957,1E-18,1E-12,0.000001,"[{""p"": ""0.37737104492798286708927986691884044537351783605533085164572207200005241607254400170007102805207058445323873964"", ""J"": ""0.0011472875946001202335832585424141332226083005128798683859246607257113662485028115030396174262289590405579556085"", ""signed_gap"": ""2.104967324702927155676098655454570157460085543478004670033125852034827573942190523146464503339170951440406E-7""}, {""p"": ""0.37937104492798286708927986691884044537351783605533085164572207200005241607254400170007102805207058445323873964"", ""J"": ""0.0011472870114979796185116456412657421821004009105880808068765374174475589510734251635765646062310593010513382909"", ""signed_gap"": ""2.099136303296776439547087171544165078464062625602214188800043213961853280078795892618264524341775885267230E-7""}]",compared,522,5.8650288910976186230833261462736E-30,3.2070390669999824,input-38a9a1b71135ff7d4d790194,38a9a1b71135ff7d4d790194898218a6cc185af7523f9d7468bff9cc25c013d2,512,5ef925552bd2aed9bc8daee3dbe84404fd1da975c4197a0e355a73b80e2b6597,5ef925552bd2aed9bc8daee3dbe84404fd1da975c4197a0e355a73b80e2b6597,680355cb0f5cafca6ac1b43bc060fb933939d4ef74bb24d7000f7b92065d39aa,0.37837104556244827,0.0011470770978676485,,,"[""s5/single/U/w64/d57163/s801/R/random""]","[""s5/confirm-U-w64-d57163-s801-g04-random/e10""]",False,
input-3b2e26ab0466dc675e2d702b,3b2e26ab0466dc675e2d702bc4a2774470e287bd476a27eb5817c7c377658884,512,8ca39088cd76bee65172a39c25eb65f738d4bd52f86a0d1b78206a06d4f703a0,8ca39088cd76bee65172a39c25eb65f738d4bd52f86a0d1b78206a06d4f703a0,09e53f4bee951ecc36b3fd665ebd96ae53fcad3285a5591f0e2552811edb638c,0.037438276072426155,6.631867405198983e-05,,,"[""s4-fixed30-M-w64-d46219-s601""]","[""s4/confirm-M-w64-d46219-s601-g00-random/e30""]",,,True,True,True,True,True,False,False,False,[],0.03743827568769120262004435062408447265625,0.037438275687777615312047637348258240760990926942140329579791291265143396741706085317694942056004654370849225604,0.03743827607242615485017012133539537899196147918701171875,0.000066318674051989963953212888086578694529828016428468343982103730907452240041968513846478361866564582875431562969,0.000066318674051989963953217741179594370363570053218090445476816482790294041107174213271203834608687615458958639557,0.000066318674051990024560985452452466213955433037401710431854587118319619544682415245564433020409235080146219764287,-4.853093015675833742036789622101494712751882841801065205699424725472742123032583527076588E-27,6.0607767711272871843591862984183619986377770635529325503575241032293229185800547464687261124730E-20,-8.6412692003286724173768104740926942140329579791291265143396741706085317694942056004654370849225604E-14,3.84648539538122483987137138230970552244871389170208708734856603258293914682305057943995345629150774396E-10,0.27741931523735282643146780543374379887271432965541069188459294105240874302093603548306168760552508267793135067,1E-18,1E-12,0.000001,"[{""p"": ""0.036438275687777615312047637348258240760990926942140329579791291265143396741706085317694942056004654370849225604"", ""J"": ""0.000066728165058982213029334816569077626000212924001590680000320072164877350110490985598593137733298640047931799979"", ""signed_gap"": ""4.09491006992249076117075389483255636642870783500234523503589374583309003316772327389303124611024588973160422E-7""}, {""p"": ""0.038438275687777615312047637348258240760990926942140329579791291265143396741706085317694942056004654370849225604"", ""J"": ""0.000066727981554179068994659241056270516591174176205351138946634210881174464571048726423656832446281574669017270334"", ""signed_gap"": ""4.09307502189105041441499876676146227604122987260693469817728090880423463874513152452997837593959210058630777E-7""}]",compared,522,1.8299357411205414741661345487998E-29,2.683995187999926,input-3b2e26ab0466dc675e2d702b,3b2e26ab0466dc675e2d702bc4a2774470e287bd476a27eb5817c7c377658884,512,8ca39088cd76bee65172a39c25eb65f738d4bd52f86a0d1b78206a06d4f703a0,8ca39088cd76bee65172a39c25eb65f738d4bd52f86a0d1b78206a06d4f703a0,09e53f4bee951ecc36b3fd665ebd96ae53fcad3285a5591f0e2552811edb638c,0.037438276072426155,6.631867405198983e-05,,,"[""s4-fixed30-M-w64-d46219-s601""]","[""s4/confirm-M-w64-d46219-s601-g00-random/e30""]",False,
input-3b329902ba99c80586d13890,3b329902ba99c80586d1389042a4063b26491968dc2e72cbec5bbda9ccc3646f,512,7be644b0c9c150d2ad13945dfa07cbafc83d33430c857b29195a2344b15ec72d,7be644b0c9c150d2ad13945dfa07cbafc83d33430c857b29195a2344b15ec72d,da5421c612f7e1ad00e6546e2a40c9904c0bdaaebcc155e8a70359d8be06b30c,8.0,4.596471196126289,,,"[""s6/P4/U/w128/d61319/s1002/R/random""]","[""s6/confirm-U-w128-d61319-s1002-g00-random/e20""]",,,True,True,True,True,True,False,False,False,[],8,8,8,4.5964711961262855310923961012937449006550291863846149837400246257268193504671186396628142106062058552750012990,4.5964711961262855310923961012937449006550291863846149837400246257268193504671186396628142106062058552750012990,4.5964711961262855310923961012937449006550291863846149837400246257268193504671186396628142106062058552750012990,0E-109,0E-109,0,0,2.3955545073329320863725601866856761401967834694596572800401484364853930795819088579980013343361468002346126719,2.3955545073329320863725601866856761401967834694596572800401484364853930795819088579980013343361468002346126719E-18,2.3955545073329320863725601866856761401967834694596572800401484364853930795819088579980013343361468002346126719E-12,0.000001,"[{""p"": ""7.999"", ""J"": ""4.5964721616800327370714552916596433398388821583792503195169826922318293280671455342362198030314029465497774799"", ""signed_gap"": ""9.655537472059790591903658984391838529719946353357769580665050099776000268945734055924251970912747761809E-7""}]",compared,521,6.6364958018387797558215176384973887789009133223333313888788562292016047220564150184806721713907885236248919182E-29,1.066457468000067,input-3b329902ba99c80586d13890,3b329902ba99c80586d1389042a4063b26491968dc2e72cbec5bbda9ccc3646f,512,7be644b0c9c150d2ad13945dfa07cbafc83d33430c857b29195a2344b15ec72d,7be644b0c9c150d2ad13945dfa07cbafc83d33430c857b29195a2344b15ec72d,da5421c612f7e1ad00e6546e2a40c9904c0bdaaebcc155e8a70359d8be06b30c,8.0,4.596471196126289,,,"[""s6/P4/U/w128/d61319/s1002/R/random""]","[""s6/confirm-U-w128-d61319-s1002-g00-random/e20""]",False,
input-3ff9b4849b492a9c7f732d52,3ff9b4849b492a9c7f732d5283582ded2a8c63474ebba02a75b5c4bb5c43534f,512,720cb4a2dfd9a2162099cb394e9a04c5f55c5f1ca83d49aa865475f11e0c23cd,720cb4a2dfd9a2162099cb394e9a04c5f55c5f1ca83d49aa865475f11e0c23cd,d6c430c2f1933581179d10a000f89108afcfcc25e3754d9180881caed4974222,1.344733288538262,0.13375268969216203,,,"[""s4-fixed30-U-w256-d46219-s602""]","[""s4/confirm-U-w256-d46219-s602-g00-random/e30""]",,,True,True,True,True,True,False,False,False,[],1.34473324733289700816385447978973388671875,1.3447332473328736579361595761778502879672991327930180778757481184758034849274433551656191078712558004595221842,1.344733288538261906097659448278136551380157470703125,0.13375268969216199371105406098001225779340106735542393659955624444522325939947438103282753089214399633676750002,0.13375268969216199371105406077000968719690175019264539271650590164503426173539223323654030811605798877505287914,0.13375268969216204957887136543411064165964244965323605878285056187149932310505357068907803492119258073953479884,2.1000257059649931716277854388305034280018899766408214779628722277608600756171462088E-28,5.586781730466410095446274069946059066606634466022646506136966133745253772680513459196448191970E-17,2.33502276949036118835987514508672069819221242518815241965150725566448343808921287441995404778158E-14,4.12053882481614998721002862634128583379101069221242518815241965150725566448343808921287441995404778158E-8,0.38493599717052933024434101499985698070418705492482156643585398456739444579909248530911057160545232507478582764,1E-18,1E-12,0.000001,"[{""p"": ""1.3437332473328736579361595761778502879672991327930180778757481184758034849274433551656191078712558004595221842"", ""J"": ""0.13375272263774368830788324937050515642712791521249662160065854626524551739227448625298544927501839721920349958"", ""signed_gap"": ""3.294558169459682918860049546923022616501985122888415264462021125565688225301644514115896040844415062044E-8""}, {""p"": ""1.3457332473328736579361595761778502879672991327930180778757481184758034849274433551656191078712558004595221842"", ""J"": ""0.13375272255501000041461473493156218901080513301011423634800890045438361410218767681828093900391760909384979589"", ""signed_gap"": ""3.286284800670356067416155250181390338281746884363150299880934935236679544358174063088785962031879691675E-8""}]",compared,522,3.0264529816834516440232662014262E-29,3.2819564670001,input-3ff9b4849b492a9c7f732d52,3ff9b4849b492a9c7f732d5283582ded2a8c63474ebba02a75b5c4bb5c43534f,512,720cb4a2dfd9a2162099cb394e9a04c5f55c5f1ca83d49aa865475f11e0c23cd,720cb4a2dfd9a2162099cb394e9a04c5f55c5f1ca83d49aa865475f11e0c23cd,d6c430c2f1933581179d10a000f89108afcfcc25e3754d9180881caed4974222,1.344733288538262,0.13375268969216203,,,"[""s4-fixed30-U-w256-d46219-s602""]","[""s4/confirm-U-w256-d46219-s602-g00-random/e30""]",False,
input-42b45a06e6d05a6b3a001968,42b45a06e6d05a6b3a001968500ae4750784bb09ae6e4134fedfe5fa6d142529,512,c89e77c654eaf6bb5186b57235d9f7044dbc61288842163a04ff3029e9759317,c89e77c654eaf6bb5186b57235d9f7044dbc61288842163a04ff3029e9759317,8a49ceedbc1b4c8502513a3a9bc6b40039c0b226fa56473017b3cdcf82225533,0.041927280118164406,5.217814239787414e-05,,,"[""s5/single/M/w128/d57163/s803/R/random""]","[""s5/confirm-M-w128-d57163-s803-g05-random/e20""]",,,True,True,True,True,True,False,False,False,[],0.04192728046155025367625057697296142578125,0.041927280461230580026669393710252532394624880623417012207103449677712627187673548425299892506081119244939240320,0.0419272801181644061419007130098179914057254791259765625,0.000052178142397874331841875119540879869189714457629064181870282066654040326660801366691847959619964673186611029992,0.000052178142397874331841807888286910478973317202264299659403923939584163493972738927730898813388939624987820204570,0.000052178142397874378458082735687361868376058529909189849663459784592778275035488501821472059534929502949211771857,6.7231253969390216397255364764522466358127069876832688062438960949146231025048198790825422E-26,4.6616274847400451389402741327644890190259535845008614781062749574090573246145989877961391567287E-20,3.19673649581183262708893386625119376582987792896550322287372812326451574700107493918880755060759680E-13,-3.43066173884768680700434540988899401497440449707103449677712627187673548425299892506081119244939240320E-10,0.28114894144300281552494706108260081183263349142806118976179753833008459675734249611314691063234130228477603124,1E-18,1E-12,0.000001,"[{""p"": ""0.040927280461230580026669393710252532394624880623417012207103449677712627187673548425299892506081119244939240320"", ""J"": ""0.000052574521601365222750379401660564503598804519001266569778763842990114301266837181094508725975655316834317746350"", ""signed_gap"": ""3.96379203490890908571513373654024625487316736966910374839903405950807294098253363609912586715691846497541780E-7""}, {""p"": ""0.042927280461230580026669393710252532394624880623417012207103449677712627187673548425299892506081119244939240320"", ""J"": ""0.000052574407345657539068407254304272821914466440458923793392313587413572766925932519544201326780448307832551445504"", ""signed_gap"": ""3.96264947783207226599366017362342941149238194624133988389647829409272953193591813302513391508682844731240934E-7""}]",compared,522,1.4520733158680434279963972059947E-29,2.7275898890000008,input-42b45a06e6d05a6b3a001968,42b45a06e6d05a6b3a001968500ae4750784bb09ae6e4134fedfe5fa6d142529,512,c89e77c654eaf6bb5186b57235d9f7044dbc61288842163a04ff3029e9759317,c89e77c654eaf6bb5186b57235d9f7044dbc61288842163a04ff3029e9759317,8a49ceedbc1b4c8502513a3a9bc6b40039c0b226fa56473017b3cdcf82225533,0.041927280118164406,5.217814239787414e-05,,,"[""s5/single/M/w128/d57163/s803/R/random""]","[""s5/confirm-M-w128-d57163-s803-g05-random/e20""]",False,
input-4409bb2b98387c473985e993,4409bb2b98387c473985e9931dfc13d8d9b62f1e2da2375b823ad512bd3f9343,512,98959506fbf00a1a6db50907b92e993b4b6986ba3568c43a156a163f71f4c256,98959506fbf00a1a6db50907b92e993b4b6986ba3568c43a156a163f71f4c256,69c3dfeb3f4ee90ca055360bc45c4714c6df66301e2d426c2c45f1e833809094,0.04574906756925694,4.302028787313698e-05,,,"[""s6/P1/M/w64/d61211/s1003/R/random"", ""s6/P2/M/w64/d61211/s1003/R/random"", ""s6/P3/M/w64/d61211/s1003/R/random"", ""s6/P4/M/w64/d61211/s1003/R/random""]","[""s6/confirm-M-w64-d61211-s1003-g04-random/e30""]",,,True,True,True,True,True,False,False,False,[],0.04574906718016791273839771747589111328125,0.045749067180459408786352851403175011160663087345810662018849912130568567242138941569752966269685176285463025418,0.04574906756925693762649842710743541829288005828857421875,0.000043020287873137102200110125305325866406371472137687965664767029564858344440558671108824934226174362576454968287,0.000043020287873137102200112427581122828274623362392111788227346559338859322500395287207443772145164154527704982271,0.000043020287873137158655720421088936604351517236931487320477451070245064490252031647679905049708712168124607411203,-2.302275796961868251890254423822562579529774000978059836616098618837918989791951250013984E-27,5.6455607993507813776076893874539375532250104510906205167751636360472461277563548013596902428932E-20,-2.91496047955133927283897879413087345810662018849912130568567242138941569752966269685176285463025418E-13,3.88797528840145575704260407132216970942763556731150087869431432757861058430247033730314823714536974582E-10,0.28581472025991281452233855575596232698521423253388861996139800361917577875240537339328261177213365714984029752,1E-18,1E-12,0.000001,"[{""p"": ""0.044749067180459408786352851403175011160663087345810662018849912130568567242138941569752966269685176285463025418"", ""J"": ""0.000043393524892369372496891116749905723572533353316234591510175947063856748029382406348681280624118745411533875197"", ""signed_gap"": ""3.73237019232270296778689168782895297909990924122803282829387724997425528987119141237508478954590883828892926E-7""}, {""p"": ""0.046749067180459408786352851403175011160663087345810662018849912130568567242138941569752966269685176285463025418"", ""J"": ""0.000043393397132599806015662874570509006579352547972921995997948424791998844828183275518725015520635358567943786582"", ""signed_gap"": ""3.73109259462703815550446989386178304729185580810207770601865453139522327787988311281243375471204040238804311E-7""}]",compared,522,1.4662734562296029957433552789252E-29,2.781467389999989,input-4409bb2b98387c473985e993,4409bb2b98387c473985e9931dfc13d8d9b62f1e2da2375b823ad512bd3f9343,512,98959506fbf00a1a6db50907b92e993b4b6986ba3568c43a156a163f71f4c256,98959506fbf00a1a6db50907b92e993b4b6986ba3568c43a156a163f71f4c256,69c3dfeb3f4ee90ca055360bc45c4714c6df66301e2d426c2c45f1e833809094,0.04574906756925694,4.302028787313698e-05,,,"[""s6/P1/M/w64/d61211/s1003/R/random"", ""s6/P2/M/w64/d61211/s1003/R/random"", ""s6/P3/M/w64/d61211/s1003/R/random"", ""s6/P4/M/w64/d61211/s1003/R/random""]","[""s6/confirm-M-w64-d61211-s1003-g04-random/e30""]",False,
input-4553383b3ce8b6179962af49,4553383b3ce8b6179962af498066c4665dd4b1235341d130e360351853d63a22,512,720cb4a2dfd9a2162099cb394e9a04c5f55c5f1ca83d49aa865475f11e0c23cd,720cb4a2dfd9a2162099cb394e9a04c5f55c5f1ca83d49aa865475f11e0c23cd,10c841fcd37a9acb8b04225e740c6a5a0ab827d16bc57256629fdae7395be775,0.037700786151810106,6.65875082941038e-05,,,"[""s4-fixed30-M-w64-d43997-s602""]","[""s4/confirm-M-w64-d43997-s602-g00-random/e30""]",,,True,True,True,True,True,False,False,False,[],0.03770078614206795464269816875457763671875,0.037700786142282269218240892543827376306415626519651533302319808669272100964687564544818544058614493756822658250,0.037700786151810106172632686138967983424663543701171875,0.000066587508294104034999291093463811169641097831138768836556471111351486986316034067038426099980326254756466759641,0.000066587508294104034999317672374781863061275668179589915029396361975290907599067479109224285214600451524599543928,0.000066587508294104035035652935063472703436629298067448586458424146804397213976326736231079035210978531008096211051,-2.6578910970693420177837040821078472925250623803921283033412070798185234274196768132784287E-26,3.6335262688690840375353629887858671429027784829106306377259257121854749996378079483496667123E-23,-2.14314575542723789249739587665626519651533302319808669272100964687564544818544058614493756822658250E-13,9.527836954391793595140607118247917181520341697680191330727899035312435455181455941385506243177341750E-12,0.28094438637859019988875522731142215861041085885270722216851441333541127398512151406256245565528964510734468573,1E-18,1E-12,0.000001,"[{""p"": ""0.036700786142282269218240892543827376306415626519651533302319808669272100964687564544818544058614493756822658250"", ""J"": ""0.000066966276620275643622608402946144422533167064354221431895856518738914739144272219083809242712010062779543947695"", ""signed_gap"": ""3.78768326171608623290730571362559471891396174631516866460156763623831545204739974584957497409611254944403767E-7""}, {""p"": ""0.038700786142282269218240892543827376306415626519651533302319808669272100964687564544818544058614493756822658250"", ""J"": ""0.000066966183840397721153319168450697220963052553535014312696312268853554871992607857384137459411947244643163984396"", ""signed_gap"": ""3.78675546293686154001496075915357901776885355424397666915906878263964393540378274913174197346793118564440468E-7""}]",compared,522,2.1214024775082237045582693027826E-29,2.6909169269999893,input-4553383b3ce8b6179962af49,4553383b3ce8b6179962af498066c4665dd4b1235341d130e360351853d63a22,512,720cb4a2dfd9a2162099cb394e9a04c5f55c5f1ca83d49aa865475f11e0c23cd,720cb4a2dfd9a2162099cb394e9a04c5f55c5f1ca83d49aa865475f11e0c23cd,10c841fcd37a9acb8b04225e740c6a5a0ab827d16bc57256629fdae7395be775,0.037700786151810106,6.65875082941038e-05,,,"[""s4-fixed30-M-w64-d43997-s602""]","[""s4/confirm-M-w64-d43997-s602-g00-random/e30""]",False,
input-45707183ab551c7ff4280926,45707183ab551c7ff4280926a0fcd64df77c9ea02d13b03f874875c47036685d,512,aec7cff57191991ba3f1dfa4c2c047be85dddaa0226fb3217de73a1a7f997c17,aec7cff57191991ba3f1dfa4c2c047be85dddaa0226fb3217de73a1a7f997c17,9c9e38b6d04454722547a5ae2b217f7036dd26f096948d2302440f822490112e,2.3151115296350944,0.011967493346372399,,,"[""s6/P4/U/w256/d61211/s1001/R/random""]","[""s6/confirm-U-w256-d61211-s1001-g00-random/e10""]",,,True,True,True,True,True,False,False,False,[],2.31511152186658364371396601200103759765625,2.3151115218664385344368043950634482568837750856875897562574242740539698908159155475811915133292896499584536294,2.315111529635094367307601714855991303920745849609375,0.011967493346372406183993023757618093260106012293796566879803632124509973612137763342545370510082542437655064709,0.011967493346372406183993023755968496607607757410345800355945263336367174919700166841806586208560418759285774076,0.011967493346372406501687261829609650055258371629969922699592953414410988520513845727430755560550103302494484124,1.649596652498254883450766523858368788142798692437596500738784301522123678369290633E-30,3.17694238073641153447650614219624122343647690078043813600813678885624169351989684543208710048E-19,1.451092771616169375893407724749143124102437425757259460301091840844524188084866707103500415463706E-13,7.7686558328707973197925430470369707639217852437425757259460301091840844524188084866707103500415463706E-9,0.30734020961727700387663281325589391461260354376607803650040422566245561909825749903428532142604496886915877102,1E-18,1E-12,0.000001,"[{""p"": ""2.3141115218664385344368043950634482568837750856875897562574242740539698908159155475811915133292896499584536294"", ""J"": ""0.011967498613640347512302091301936184791872428390870841099632047364186612565828836693291678089710863900311776804"", ""signed_gap"": ""5.267267941328309067545967688184264670980525040743686784027819437646128669851485091881150445141026002728E-9""}, {""p"": ""2.3161115218664385344368043950634482568837750856875897562574242740539698908159155475811915133292896499584536294"", ""J"": ""0.011967498607342149460884903794191016382765227754550312705658001134456661751141212262931365000253481339537558488"", ""signed_gap"": ""5.260969743276891880038222519775157470344204512349712737798089486831441045421124778791693062580251784412E-9""}]",compared,522,1.6759880972417293113312979173330E-29,3.3496961749999628,input-45707183ab551c7ff4280926,45707183ab551c7ff4280926a0fcd64df77c9ea02d13b03f874875c47036685d,512,aec7cff57191991ba3f1dfa4c2c047be85dddaa0226fb3217de73a1a7f997c17,aec7cff57191991ba3f1dfa4c2c047be85dddaa0226fb3217de73a1a7f997c17,9c9e38b6d04454722547a5ae2b217f7036dd26f096948d2302440f822490112e,2.3151115296350944,0.011967493346372399,,,"[""s6/P4/U/w256/d61211/s1001/R/random""]","[""s6/confirm-U-w256-d61211-s1001-g00-random/e10""]",False,
input-45934448c48ff1366bb457ef,45934448c48ff1366bb457efadce3e7299baee71335ed82acbc63432b8ba7d18,512,aec7cff57191991ba3f1dfa4c2c047be85dddaa0226fb3217de73a1a7f997c17,aec7cff57191991ba3f1dfa4c2c047be85dddaa0226fb3217de73a1a7f997c17,07a4348d1f2ef222efccbd11209e0b605ad245c81a8ab96a2de5a4e53abec821,0.14098504552640567,0.00047417835658969957,,,"[""s6/P4/U/w64/d61319/s1001/R/random""]","[""s6/confirm-U-w64-d61319-s1001-g04-random/e05""]",,,True,True,True,True,True,False,False,False,[],0.14098504535240863333456218242645263671875,0.14098504535207416887695444607454077504202775034318757455448363364450344042400899225200512741618954272011892032,0.1409850455264056723336807408486492931842803955078125,0.00047417835658970014414792213906047648338367026994230980275844885782785013477645409938610984724453938935719548078,0.00047417835658970014414785391977317092287318183141133961867538548860445688531376394807836820602145790140237543605,0.000474178356589700155078192187384615656502391895534083255424152861799765070524984540560310711517310057727215985,6.821928730556051048843853097018408306336922339324946269015130774164122308148795482004473E-26,1.093033826761144473362921006412274363674876737319530818521122059248194250549585215632484054895E-20,3.3446445760773635191186167672224965681242544551636635549655957599100774799487258381045727988107968E-13,1.7433150345672629477410851814225264516462492544551636635549655957599100774799487258381045727988107968E-10,0.22378666692154650826575253703751721694454319349152701925749534074257846823061528370392520453823472436862901318,1E-18,1E-12,0.000001,"[{""p"": ""0.13998504535207416887695444607454077504202775034318757455448363364450344042400899225200512741618954272011892032"", ""J"": ""0.00047453779760677505606599935173881416483044102823449618956548899203495104239485595444005980368952122633660785760"", ""signed_gap"": ""3.5944101707491191814543196564324195725919682315657089010350343049415708109200636169159766806332493423242155E-7""}, {""p"": ""0.14198504535207416887695444607454077504202775034318757455448363364450344042400899225200512741618954272011892032"", ""J"": ""0.00047453725590393186488244017585030873037118499915074518403074571929066079853917972166126433782947245292017886195"", ""signed_gap"": ""3.5889931423172073458625607713780749800316773940556535536023068620391322541577358289613180801455151780342590E-7""}]",compared,522,1.3047634898996998595008706988885E-29,3.0694830789998377,input-45934448c48ff1366bb457ef,45934448c48ff1366bb457efadce3e7299baee71335ed82acbc63432b8ba7d18,512,aec7cff57191991ba3f1dfa4c2c047be85dddaa0226fb3217de73a1a7f997c17,aec7cff57191991ba3f1dfa4c2c047be85dddaa0226fb3217de73a1a7f997c17,07a4348d1f2ef222efccbd11209e0b605ad245c81a8ab96a2de5a4e53abec821,0.14098504552640567,0.00047417835658969957,,,"[""s6/P4/U/w64/d61319/s1001/R/random""]","[""s6/confirm-U-w64-d61319-s1001-g04-random/e05""]",False,
input-45cf7916f9b9854a5cd4a070,45cf7916f9b9854a5cd4a070da6d9699598fd20b9389d6d5e25003c747cedeb9,512,7be644b0c9c150d2ad13945dfa07cbafc83d33430c857b29195a2344b15ec72d,7be644b0c9c150d2ad13945dfa07cbafc83d33430c857b29195a2344b15ec72d,29be1a6edca24646f943dc9e572d2dc345e55b1645bd0069cf2e31167c261e4c,0.49316087306308176,0.0025357535565766203,,,"[""s6/P4/U/w128/d61103/s1002/R/random""]","[""s6/confirm-U-w128-d61103-s1002-g00-random/e20""]",,,True,True,True,True,True,False,False,False,[],0.49316087208399039809592068195343017578125,0.49316087208403327108651999335465582909728025299891308597261834780205689266806527094883722415118967234652182602,0.49316087306308176163582857043365947902202606201171875,0.0025357535565766202887194856506625479977998600583264822562696682776105951904534846688673284234779058212498333125,0.0025357535565766202887194834346328198352002239263358793955325510012118215506889857293579913231023926499632971369,0.0025357535565766204293325477950799851631660372407465349827107039219852161443340359423406354478083646712344029637,2.2160297281625996361319906028607371172763987736397644989395093371003755131712865361756E-27,1.406130643604471653279658133144106555871781529207733945936450502129826441247059720212711058268E-19,-4.287299059931140122565331603025299891308597261834780205689266806527094883722415118967234652182602E-14,9.7904849054930857707900364992474580901280566402738165219794310733193472905116277584881032765347817398E-10,0.099255475776188750972419061010172409783599638219938082801301119315866168781331051120322482277189025884889434417,1E-18,1E-12,0.000001,"[{""p"": ""0.49216087208403327108651999335465582909728025299891308597261834780205689266806527094883722415118967234652182602"", ""J"": ""0.0025359005246869313476628747235851403996330735214826174892680336598529751801595870013972253700855034450946509271"", ""signed_gap"": ""1.469681103110589433912889523205644328495951467380937354826586411536294706012720392340469831107951313537902E-7""}, {""p"": ""0.49416087208403327108651999335465582909728025299891308597261834780205689266806527094883722415118967234652182602"", ""J"": ""0.0025359000728060212814817558002725219028027710614484478843174295443635317946109104749844085736554346793193354307"", ""signed_gap"": ""1.465162294009927622723656397020676025471351125684887848785431517102439219247456264172505530420293560382938E-7""}]",compared,522,4.6139782481806702663463731098992E-30,3.1904801790000192,input-45cf7916f9b9854a5cd4a070,45cf7916f9b9854a5cd4a070da6d9699598fd20b9389d6d5e25003c747cedeb9,512,7be644b0c9c150d2ad13945dfa07cbafc83d33430c857b29195a2344b15ec72d,7be644b0c9c150d2ad13945dfa07cbafc83d33430c857b29195a2344b15ec72d,29be1a6edca24646f943dc9e572d2dc345e55b1645bd0069cf2e31167c261e4c,0.49316087306308176,0.0025357535565766203,,,"[""s6/P4/U/w128/d61103/s1002/R/random""]","[""s6/confirm-U-w128-d61103-s1002-g00-random/e20""]",False,
input-46cd0e53ce569bdb838ed5b6,46cd0e53ce569bdb838ed5b6810e662b325fb5d2d99f337418700f5d122cd797,512,64d79b2736758b25c1c5c2ff642dc9c7b30eafec3eabc5047d3a48be209bd01a,64d79b2736758b25c1c5c2ff642dc9c7b30eafec3eabc5047d3a48be209bd01a,dfeb4e3ea99ba75bd4a821be9ea844c70ce08096b03594aa8e6700936decc8c6,0.09260281768941543,0.00019475278335050983,,,"[""s4-fixed30-M-w128-d46219-s603""]","[""s4/confirm-M-w128-d46219-s603-g00-random/e30""]",,,True,True,True,True,True,False,False,False,[],0.09260281701017447630874812602996826171875,0.09260281701019077970052859628801630950488858748260202716421465278400674421951019488185372136506871140174394442,0.09260281768941543145690076244136434979736804962158203125,0.00019475278335051000088040852680625813227075504740197763520124379989279341378926374508048175213627246613164215528,0.00019475278335051000088041086405507803155736961756002708213523256638671287816985431262939742332724602997130201505,0.00019475278335051019093485439055864491133627350634554156639253167421001061215495281582798430438296851381759616913,-2.33724881989928661457015804944693398876649391946438059056754891567119097356383965985977E-27,1.9005444352650356687977890388878551448425729910782329773398509850319858688105572248384629415408E-19,-1.630339178047025804804778613858748260202716421465278400674421951019488185372136506871140174394442E-14,6.7922465175637216615334804029247946213898000408578534721599325578048980511814627863493128859825605558E-10,0.24213460965362770332804595430911835076451895600407817810046717543513957931628187857516824301515689537346403367,1E-18,1E-12,0.000001,"[{""p"": ""0.09160281701019077970052859628801630950488858748260202716421465278400674421951019488185372136506871140174394442"", ""J"": ""0.00019516468433198542611760654422580188573799574435117570713858957649089710039893104258451738973831972574702247770"", ""signed_gap"": ""4.1190098147542523719568017072385418062612679114862500335701010418422222907672995511996641107369577572046265E-7""}, {""p"": ""0.09360281701019077970052859628801630950488858748260202716421465278400674421951019488185372136506871140174394442"", ""J"": ""0.00019516435177037948358916449226453228498470555620662804842101524877230720345544075261478926975788961325515155602"", ""signed_gap"": ""4.1156841986948270875362820945425342733593864660096628578268238559432528558643998539184643064358328384954097E-7""}]",compared,522,1.3720507250278076516895101379590E-29,3.0266456830000834,input-46cd0e53ce569bdb838ed5b6,46cd0e53ce569bdb838ed5b6810e662b325fb5d2d99f337418700f5d122cd797,512,64d79b2736758b25c1c5c2ff642dc9c7b30eafec3eabc5047d3a48be209bd01a,64d79b2736758b25c1c5c2ff642dc9c7b30eafec3eabc5047d3a48be209bd01a,dfeb4e3ea99ba75bd4a821be9ea844c70ce08096b03594aa8e6700936decc8c6,0.09260281768941543,0.00019475278335050983,,,"[""s4-fixed30-M-w128-d46219-s603""]","[""s4/confirm-M-w128-d46219-s603-g00-random/e30""]",False,
input-470850d473a6e5d5ddbf4292,470850d473a6e5d5ddbf4292213e55e01b2d8a26ed7a4d787e56ad92ed0264f5,512,6bbeba8b8b05a54fd4be98e5912ed700f1549c8e20b9c3076ea9b67b5546e9f9,6bbeba8b8b05a54fd4be98e5912ed700f1549c8e20b9c3076ea9b67b5546e9f9,371293cb28c04b4d13ea00e615fbad119cf2d599c9d3e33ab257d6f2b53fc315,0.5389892406776633,0.0018395976601475947,,,"[""s5/single/U/w128/d52919/s802/R/random""]","[""s5/confirm-U-w128-d52919-s802-g04-random/e03""]",,,True,True,True,True,True,False,False,False,[],0.53898924358827571268193423748016357421875,0.5389892435883786218304756199273739303598353919172881558408015759625715574963509264725567483278644381784254282,0.5389892406776632949316763188107870519161224365234375,0.0018395976601475937676632060935512812160088340330392578632770191903685069683723425515493904086074759987582549526,0.0018395976601475937676632010760241074732463479340213252849752561243275880748306419621018905205428367364909584096,0.0018395976601475947632112166484402707974635051356873347833033181901255133593804576511032070514463394187913616302,5.0175271737427624860990179325783017630660409188935417005894474998880646392622672965430E-27,9.955480155724161633242171572016660094983280620657979252845498156890013165309035026823004032206E-19,-1.029091485413824472103561410853919172881558408015759625715574963509264725567483278644381784254282E-13,-2.9107153268987993011165868784437129553938506558408015759625715574963509264725567483278644381784254282E-9,0.088029019779061578691338650863132175723047587364931591972822101592982312235107788835190936750567771057526551407,1E-18,1E-12,0.000001,"[{""p"": ""0.5379892435883786218304756199273739303598353919172881558408015759625715574963509264725567483278644381784254282"", ""J"": ""0.0018397153522467988695603252325477665882376153035003103808970729106812094605996249211941254184037725205286965648"", ""signed_gap"": ""1.176920992051018971241565236591149912673694789850959218167863536213857689829590922348978609357840377381552E-7""}, {""p"": ""0.5399892435883786218304756199273739303598353919172881558408015759625715574963509264725567483278644381784254282"", ""J"": ""0.0018397149566593401765894665096553660364935741376071657735221734477207503896463765067284493450553215451478313721"", ""signed_gap"": ""1.172965117464089262654336312585632472262035858404885469173233931623148157345446265588245124848086568729625E-7""}]",compared,522,7.2075580530890172076262689834449E-30,3.220712525999943,input-470850d473a6e5d5ddbf4292,470850d473a6e5d5ddbf4292213e55e01b2d8a26ed7a4d787e56ad92ed0264f5,512,6bbeba8b8b05a54fd4be98e5912ed700f1549c8e20b9c3076ea9b67b5546e9f9,6bbeba8b8b05a54fd4be98e5912ed700f1549c8e20b9c3076ea9b67b5546e9f9,371293cb28c04b4d13ea00e615fbad119cf2d599c9d3e33ab257d6f2b53fc315,0.5389892406776633,0.0018395976601475947,,,"[""s5/single/U/w128/d52919/s802/R/random""]","[""s5/confirm-U-w128-d52919-s802-g04-random/e03""]",False,
input-47ebde091410854b29ff095e,47ebde091410854b29ff095e386f632db3fba50149873ac788863485425d70d8,512,6bbeba8b8b05a54fd4be98e5912ed700f1549c8e20b9c3076ea9b67b5546e9f9,6bbeba8b8b05a54fd4be98e5912ed700f1549c8e20b9c3076ea9b67b5546e9f9,ad9b84931e0c3cd0ce6a0836d47a1e5741cbeb19a677b08929851d9a20fe6c59,0.04628752199214929,7.774177823888669e-05,,,"[""s5/single/M/w128/d55049/s802/R/random""]","[""s5/confirm-M-w128-d55049-s802-g05-random/e20""]",,,True,True,True,True,True,False,False,False,[],0.04628752171038286178372800350189208984375,0.046287521710119135892407362098783869155118519168673965683107905269922890868066098534118738654120588896696665456,0.04628752199214929141657393074638093821704387664794921875,0.000077741778238886474419921226462123271465852815603132261971634689426833013925432828094020952819399590320495491562,0.000077741778238886474419950998138233831777918126452291874092221102121364467940033526160269933990674145531726655605,0.000077741778238886506812206623524146270651378891487033359836438616994462063248237512933953420468363720654870550793,-2.9771676110560312065310849159612120586412694531454014600698066248981171274555211231164043E-26,3.2392255625385912438873460765034741485744217514873097595308203986773683486477689575123143895188E-20,2.63725891320641403108220688631480831326034316892094730077109131933901465881261345879411103303334544E-13,2.82030155524166568647597069061925357479275253066892094730077109131933901465881261345879411103303334544E-10,0.27047685156210541911429137374607582714509780020329485981232389097883543844247024551884876592430870891898888447,1E-18,1E-12,0.000001,"[{""p"": ""0.045287521710119135892407362098783869155118519168673965683107905269922890868066098534118738654120588896696665456"", ""J"": ""0.000078149946751709313146654460339798084278664861573116742220327300728994611537715323543609607127224890627048028320"", ""signed_gap"": ""4.08168512822838726703462201564252500746735120824868128106198607630143597681797383339673136550745095321372715E-7""}, {""p"": ""0.047287521710119135892407362098783869155118519168673965683107905269922890868066098534118738654120588896696665456"", ""J"": ""0.000078149651474806750713965733708000123798993047140765495088607186937317964885848934911377997353091636141924945457"", ""signed_gap"": ""4.07873235920276294014735569766292021074920688473620996386084815953496945815408751108063362417490610198289852E-7""}]",compared,522,1.5436816865192404434630566929654E-29,2.7399595200000704,input-47ebde091410854b29ff095e,47ebde091410854b29ff095e386f632db3fba50149873ac788863485425d70d8,512,6bbeba8b8b05a54fd4be98e5912ed700f1549c8e20b9c3076ea9b67b5546e9f9,6bbeba8b8b05a54fd4be98e5912ed700f1549c8e20b9c3076ea9b67b5546e9f9,ad9b84931e0c3cd0ce6a0836d47a1e5741cbeb19a677b08929851d9a20fe6c59,0.04628752199214929,7.774177823888669e-05,,,"[""s5/single/M/w128/d55049/s802/R/random""]","[""s5/confirm-M-w128-d55049-s802-g05-random/e20""]",False,
input-489de68e01db2cfc90536a96,489de68e01db2cfc90536a96747558fa14e2c81c5640ad6f89788aaf65fb3cdb,512,5ef925552bd2aed9bc8daee3dbe84404fd1da975c4197a0e355a73b80e2b6597,5ef925552bd2aed9bc8daee3dbe84404fd1da975c4197a0e355a73b80e2b6597,b0b431f042df7fec2428f604dada40c42e337c256461b880f4e66e5520fe39de,0.6087550775255854,0.002348573114610738,,,"[""s5/single/U/w128/d57163/s801/R/random""]","[""s5/confirm-U-w128-d57163-s801-g04-random/e03""]",,,True,True,True,True,True,False,False,False,[],0.60875507407081386190839111804962158203125,0.6087550740708766939073670096288125638253593599196130781433404854649749686760833434106491842922185158788617689,0.60875507752558544183330013765953481197357177734375,0.002348573114610738546574492338172755549893593929289898280143677804087025844882762616372648476324430220296342825,0.0023485731146107385465744932242293407550178780998135286329339937109294475307305176659528797126563922361958864264,0.0023485731146107397983823514696287022898462441957564716469125028024105666887938463173129640845590071396700358938,-8.860565852051242841705236303527903159068424216858477550495802312363319620158995436014E-28,1.2518078582453993615348283660959429430139785090914811191580633286513600843719026149034741494674E-18,-6.28319989758915791909817941093599196130781433404854649749686760833434106491842922185158788617689E-14,3.4547087479259331280307222481482124174241369218566595145350250313239166565893508157077814841211382311E-9,0.093639029077672435278970629569727673694103588746726341878801945118516269677393511482192410959561940100699427727,1E-18,1E-12,0.000001,"[{""p"": ""0.6077550740708766939073670096288125638253593599196130781433404854649749686760833434106491842922185158788617689"", ""J"": ""0.0023486781576376513915648642755026877886861481561420670177786373144923607405586115484139977946775683014938349773"", ""signed_gap"": ""1.050430269128449903710512733470336682700563285383848446436035629132098280938824611180820211760652979485509E-7""}, {""p"": ""0.6097550740708766939073670096288125638253593599196130781433404854649749686760833434106491842922185158788617689"", ""J"": ""0.0023486778305793158152317465431614507552254991088204947646305290284075303756261438117103204413016871353491270215"", ""signed_gap"": ""1.047159685772686572533189321100002076210090069661316965353174780828448956261457574407286452948991532405951E-7""}]",compared,522,5.7643803847352209761530078635990E-30,3.2425811340000337,input-489de68e01db2cfc90536a96,489de68e01db2cfc90536a96747558fa14e2c81c5640ad6f89788aaf65fb3cdb,512,5ef925552bd2aed9bc8daee3dbe84404fd1da975c4197a0e355a73b80e2b6597,5ef925552bd2aed9bc8daee3dbe84404fd1da975c4197a0e355a73b80e2b6597,b0b431f042df7fec2428f604dada40c42e337c256461b880f4e66e5520fe39de,0.6087550775255854,0.002348573114610738,,,"[""s5/single/U/w128/d57163/s801/R/random""]","[""s5/confirm-U-w128-d57163-s801-g04-random/e03""]",False,
input-4aa34ea140af55734c8a7e15,4aa34ea140af55734c8a7e15f8896024fc3f9eb55d2aae3d5407671e5a646a96,512,8ca39088cd76bee65172a39c25eb65f738d4bd52f86a0d1b78206a06d4f703a0,8ca39088cd76bee65172a39c25eb65f738d4bd52f86a0d1b78206a06d4f703a0,1fe1d27714610ef0ec05bfcceb6ee7c0dba01bd68ba0873e6153c95a1e2fba10,1.5373429540335577,0.16209017405297613,,,"[""s4-fixed30-U-w256-d46219-s601""]","[""s4/confirm-U-w256-d46219-s601-g00-random/e30""]",,,True,True,True,True,True,False,False,False,[],1.53734301445501841953955590724945068359375,1.5373430144550012624951989287707110503365066648726801364101069666705012504665313540160135393690627092887740820,1.53734295403355769593645163695327937602996826171875,0.16209017405297612903042797811154964905209049209726657592845672898390893302154519961383447754204814142893016790,0.16209017405297612903042797808613508701436328871219804410270534275839034725706769148103922358426000068962182477,0.16209017405297620422305860366505657056960220053251508998192734918217116593359804941744116633239717686674248757,2.541456203772720338506853182575138622551858576447750813279525395778814073930834313E-29,7.519263062557892148355523891182031704587922200642378081867653035793640194274813717617712066280E-17,1.71570443569784787396332572433351273198635898930333294987495334686459839864606309372907112259180E-14,-6.04214435665587472918174316743065384031539301364101069666705012504665313540160135393690627092887740820E-8,0.43060549205194005085400723521836597681629478324312539806881579921733994954805938008410283610282513783415280119,1E-18,1E-12,0.000001,"[{""p"": ""1.5363430144550012624951989287707110503365066648726801364101069666705012504665313540160135393690627092887740820"", ""J"": ""0.16209019467198198556775763827429510431369801724107202518521683378839221004338256888780738734549491052719692650"", ""signed_gap"": ""2.061900585653732966018816001729933472852887398108251149103000186278631487740676816376123490983757510173E-8""}, {""p"": ""1.5383430144550012624951989287707110503365066648726801364101069666705012504665313540160135393690627092887740820"", ""J"": ""0.16209019462700822512908370914394709448255953171418357727072357095349790340605671348399983609725612044230308787"", ""signed_gap"": ""2.057403209609865573105781200746819624300198553316801822819510755614898902200296061251299611975268126310E-8""}]",compared,522,2.9850085156189004719786583980557E-29,3.302650981999932,input-4aa34ea140af55734c8a7e15,4aa34ea140af55734c8a7e15f8896024fc3f9eb55d2aae3d5407671e5a646a96,512,8ca39088cd76bee65172a39c25eb65f738d4bd52f86a0d1b78206a06d4f703a0,8ca39088cd76bee65172a39c25eb65f738d4bd52f86a0d1b78206a06d4f703a0,1fe1d27714610ef0ec05bfcceb6ee7c0dba01bd68ba0873e6153c95a1e2fba10,1.5373429540335577,0.16209017405297613,,,"[""s4-fixed30-U-w256-d46219-s601""]","[""s4/confirm-U-w256-d46219-s601-g00-random/e30""]",False,
input-4d5057220cb2b90225c50ef6,4d5057220cb2b90225c50ef63f06a8024956034a58ea45f807c725bb2ab23f9d,512,98959506fbf00a1a6db50907b92e993b4b6986ba3568c43a156a163f71f4c256,98959506fbf00a1a6db50907b92e993b4b6986ba3568c43a156a163f71f4c256,7489db0dac868c25d5ef3135ddff1230054fe2b90b81e3146fb38599ca2b546f,0.022657731473099886,1.984501519952316e-05,,,"[""s6/P1/M/w256/d61211/s1003/R/random"", ""s6/P2/M/w256/d61211/s1003/R/random""]","[""s6/confirm-M-w256-d61211-s1003-g05-random/e10""]",,,True,True,True,True,True,False,False,False,[],0.02265773175304275355301797389984130859375,0.022657731752676405558511853134633213616338271844176516388771951121816853785529042671618933150599066490350757685,0.022657731473099886054800577994683408178389072418212890625,0.000019845015199523210103243972604489411844964361246560416068734131533647394029559801605046020569817703046693714928,0.000019845015199523210103253285895075386687746398156580503333519601550754058862489466623215548072985889980942132838,0.000019845015199523239552526406345711625186244095262729657715195998057658709835924268169104874040360880493009176383,-9.313290585974842782036910020087264785470017106664832929665018169527503168186934248417910E-27,2.9449273120450636238498497697106149154381676396506904650973434801545889325967374990512067043545E-20,3.66347994506120765208094977411728155823483611228048878183146214470957328381066849400933509649242315E-13,-2.79576519503711275139949805437949199425963625763771951121816853785529042671618933150599066490350757685E-10,0.29941247616345823808078928547189287646585940933249339892046208687622790083373515139007303192929913146683992533,1E-18,1E-12,0.000001,"[{""p"": ""0.021657731752676405558511853134633213616338271844176516388771951121816853785529042671618933150599066490350757685"", ""J"": ""0.000020221226375191006035024877111775703119430036267324046267430622204958786241444550153138602530667975663575829062"", ""signed_gap"": ""3.76211175667795931771591216700316431683638110743542933911020654204727378955083529923054457682085682633696224E-7""}, {""p"": ""0.023657731752676405558511853134633213616338271844176516388771951121816853785529042671618933150599066490350757685"", ""J"": ""0.000020221169788257643408439091017657708190513350156220386185340120456817817109004672971169412011151805377761686109"", ""signed_gap"": ""3.76154588734433305185805122582321502766951999639882851820518906063758246515206347953863938165915396819553271E-7""}]",compared,522,1.8111530326386939494090058918158E-29,2.454722555999979,input-4d5057220cb2b90225c50ef6,4d5057220cb2b90225c50ef63f06a8024956034a58ea45f807c725bb2ab23f9d,512,98959506fbf00a1a6db50907b92e993b4b6986ba3568c43a156a163f71f4c256,98959506fbf00a1a6db50907b92e993b4b6986ba3568c43a156a163f71f4c256,7489db0dac868c25d5ef3135ddff1230054fe2b90b81e3146fb38599ca2b546f,0.022657731473099886,1.984501519952316e-05,,,"[""s6/P1/M/w256/d61211/s1003/R/random"", ""s6/P2/M/w256/d61211/s1003/R/random""]","[""s6/confirm-M-w256-d61211-s1003-g05-random/e10""]",False,
input-4f04bc1136c4e69792cfded1,4f04bc1136c4e69792cfded1f9c641a49e188ca9a54d21356c81e9e4f3125f80,512,8ca39088cd76bee65172a39c25eb65f738d4bd52f86a0d1b78206a06d4f703a0,8ca39088cd76bee65172a39c25eb65f738d4bd52f86a0d1b78206a06d4f703a0,71818ca5fca943c064a4a42c92cc57d7d6dff79bee03f3a24f5a4f2e0b5a80a0,0.04084602983399481,5.250247928817699e-05,,,"[""s4-fixed30-M-w64-d41843-s601""]","[""s4/confirm-M-w64-d41843-s601-g00-random/e30""]",,,True,True,True,True,True,False,False,False,[],0.04084602994089436833746731281280517578125,0.040846029940507832312355957766266792667945930792484303231232316894160935466352093628801750410672190225735963778,0.04084602983399480968795813851102138869464397430419921875,0.000052502479288177228907702587003411017429217385350164170597167548302308738083376105957570949725565309654399048287,0.000052502479288177228907665094732836477085988006960293589561189230182486826583806999968376255491079753760884470555,0.000052502479288177233558712302481953955834141264913891903562394496008785939115824732855017147855344889796975823928,3.7492270574540343229378389870581035978318119821911499569105989194694234485555893514577732E-26,4.651047207749117478748153257953598314001205265826299112532017732886640892364265136036091353373E-21,3.86536025111355046538383113304069207515696768767683105839064533647906371198249589327809774264036222E-13,-1.06513022624397819255245403973301956488285084481232316894160935466352093628801750410672190225735963778E-10,0.27561157373975319701676327423823493968103322079253795819324281872548909154140610365611550151378030477947477224,1E-18,1E-12,0.000001,"[{""p"": ""0.039846029940507832312355957766266792667945930792484303231232316894160935466352093628801750410672190225735963778"", ""J"": ""0.000052911965652455984075047049218864035023029694865396896607988899245479780979010640505682211945339197800041817475"", ""signed_gap"": ""4.09486364278755167381954486027557937041687905103307046799669062992954395203640537305956454259444039157346920E-7""}, {""p"": ""0.041846029940507832312355957766266792667945930792484303231232316894160935466352093628801750410672190225735963778"", ""J"": ""0.000052911768839683900403603175967353844041506709142308227501062338555482815508360105447075303633997135841361631193"", ""signed_gap"": ""4.09289551506671495938081234517366955518702182014637939873108372995988924553105478699048142917382080477160638E-7""}]",compared,522,1.5452925451347774113893331909617E-29,2.707964152000045,input-4f04bc1136c4e69792cfded1,4f04bc1136c4e69792cfded1f9c641a49e188ca9a54d21356c81e9e4f3125f80,512,8ca39088cd76bee65172a39c25eb65f738d4bd52f86a0d1b78206a06d4f703a0,8ca39088cd76bee65172a39c25eb65f738d4bd52f86a0d1b78206a06d4f703a0,71818ca5fca943c064a4a42c92cc57d7d6dff79bee03f3a24f5a4f2e0b5a80a0,0.04084602983399481,5.250247928817699e-05,,,"[""s4-fixed30-M-w64-d41843-s601""]","[""s4/confirm-M-w64-d41843-s601-g00-random/e30""]",False,
input-4f11be71b05cd51025c139de,4f11be71b05cd51025c139deb6577358dddab0a5d7ce5479b82680729781a335,512,6bbeba8b8b05a54fd4be98e5912ed700f1549c8e20b9c3076ea9b67b5546e9f9,6bbeba8b8b05a54fd4be98e5912ed700f1549c8e20b9c3076ea9b67b5546e9f9,775c9fccd13c754a519f8e57960a683e73bac3ff6b4d7caa7aa0994b2b034160,0.02870783068205368,2.6874772160170406e-05,,,"[""s5/single/M/w256/d55049/s802/R/random""]","[""s5/confirm-M-w256-d55049-s802-g05-random/e10""]",,,True,True,True,True,True,False,False,False,[],0.02870783051776015781797468662261962890625,0.028707830518325915416390210489850504914530361367323237856687966806346027612766764699831063947012908243305951750,0.028707830682053681048415683108032681047916412353515625,0.000026874772160170543182238220150365943441064528305891609431670447968968108528038026871459721140900098618407934943,0.000026874772160170543182169582339012878501161601149744281448208881945922462587799132399574134752384585240592041143,0.000026874772160170554317124694299956317147164915661510858965928233946980978100224540585263790079399844776065911213,6.8637811353064939902927156147327983461566023045645940238894471885586388515513377815893800E-26,1.1134955111960943438646003314511766577517719352001058515512425408185689655327015259535473870070E-20,-5.65757598415523867230876008280361367323237856687966806346027612766764699831063947012908243305951750E-13,1.63727765632025472618182176133386050986192387143312033193653972387233235300168936052987091756694048250E-10,0.28188115432454978518351973470260954921905263221228270076525191622272768901676777393017969801581687462249063219,1E-18,1E-12,0.000001,"[{""p"": ""0.027707830518325915416390210489850504914530361367323237856687966806346027612766764699831063947012908243305951750"", ""J"": ""0.000027289573332924625329622855319367516141066915036849369149121424738821631638131689879577356840136524775992537799"", ""signed_gap"": ""4.14801172754082147453272980354637639905313887105087700912542792899169050332557480003222087751939535400496656E-7""}, {""p"": ""0.029707830518325915416390210489850504914530361367323237856687966806346027612766764699831063947012908243305951750"", ""J"": ""0.000027289342356986837277403286641978118114494465919228209312143294957094401647840940882168347964200911933800388438"", ""signed_gap"": ""4.14570196816294095233704302965239613332864769483927863934413011171939060041808482594213211816326693208347295E-7""}]",compared,522,1.6244659720921097519425413208334E-29,2.5580521250000174,input-4f11be71b05cd51025c139de,4f11be71b05cd51025c139deb6577358dddab0a5d7ce5479b82680729781a335,512,6bbeba8b8b05a54fd4be98e5912ed700f1549c8e20b9c3076ea9b67b5546e9f9,6bbeba8b8b05a54fd4be98e5912ed700f1549c8e20b9c3076ea9b67b5546e9f9,775c9fccd13c754a519f8e57960a683e73bac3ff6b4d7caa7aa0994b2b034160,0.02870783068205368,2.6874772160170406e-05,,,"[""s5/single/M/w256/d55049/s802/R/random""]","[""s5/confirm-M-w256-d55049-s802-g05-random/e10""]",False,
input-4f2b8084cc30c5fca5600b97,4f2b8084cc30c5fca5600b97f5b5bc86dea603a5ca12456b4b8e71f80f7602d1,512,98959506fbf00a1a6db50907b92e993b4b6986ba3568c43a156a163f71f4c256,98959506fbf00a1a6db50907b92e993b4b6986ba3568c43a156a163f71f4c256,6455a0e08afbb0d9fa46d33d8aea1fcd45efb42d790fff7135f5c2acbad71171,0.7305414576483868,0.0004294171662571225,,,"[""s6/P1/U/w64/d61211/s1003/R/random"", ""s6/P2/U/w64/d61211/s1003/R/random"", ""s6/P3/U/w64/d61211/s1003/R/random""]","[""s6/confirm-U-w64-d61211-s1003-g04-random/e10""]",,,True,True,True,True,True,False,False,False,[],0.73054145670494108344428241252899169921875,0.7305414567045905804228323968667416544142702252698499509528278536118130475341746007639105646880429528178649009,0.730541457648386849399457787512801587581634521484375,0.00042941716625712286428248349492728035067409258556289294132035799654784708395021745819748071266849559024260577436,0.00042941716625712286428247955015701019363073217203375411956542099147772919753698071288476559312919141268783268352,0.00042941716625712293818628187531161195420416903201883963277067802489655022147325281488570373332543149779884322139,3.94477027015704336041352913882175493700507011788641323674531271511953930417755477309084E-27,7.390380232515460176057343685998508551320525703341882102393627210200093814019624008511101053787E-20,3.505030214500156622500448044797747301500490471721463881869524658253992360894353119570471821350991E-13,9.437962689766253906460599331673642962145250490471721463881869524658253992360894353119570471821350991E-10,0.11642825603168723409263115472404692073889593681067549500026057232765852530532781243542890474053029251769500811,1E-18,1E-12,0.000001,"[{""p"": ""0.7295414567045905804228323968667416544142702252698499509528278536118130475341746007639105646880429528178649009"", ""J"": ""0.00042950027573417900912085635208511597388616317657662216154158450933671563677020700449714720746140621752524002189"", ""signed_gap"": ""8.310947705614483837680192810578025543100454286804197616351785898643923322629161238161433221480483740733837E-8""}, {""p"": ""0.7315414567045905804228323968667416544142702252698499509528278536118130475341746007639105646880429528178649009"", ""J"": ""0.00042950003065429772382301359844628912797318172571052899645477298135167566722935132369929296858684042722105708305"", ""signed_gap"": ""8.286439717485954053404828927893434244955367677487688935198987394646969237061081452737545764901453322439953E-8""}]",compared,522,1.2963206757453925480928359923861E-29,3.254628890000049,input-4f2b8084cc30c5fca5600b97,4f2b8084cc30c5fca5600b97f5b5bc86dea603a5ca12456b4b8e71f80f7602d1,512,98959506fbf00a1a6db50907b92e993b4b6986ba3568c43a156a163f71f4c256,98959506fbf00a1a6db50907b92e993b4b6986ba3568c43a156a163f71f4c256,6455a0e08afbb0d9fa46d33d8aea1fcd45efb42d790fff7135f5c2acbad71171,0.7305414576483868,0.0004294171662571225,,,"[""s6/P1/U/w64/d61211/s1003/R/random"", ""s6/P2/U/w64/d61211/s1003/R/random"", ""s6/P3/U/w64/d61211/s1003/R/random""]","[""s6/confirm-U-w64-d61211-s1003-g04-random/e10""]",False,
input-50b9ce54641702298e5e7e16,50b9ce54641702298e5e7e1652e11858f5e9c35f270e9c7909880ad64b91c31d,512,5ef925552bd2aed9bc8daee3dbe84404fd1da975c4197a0e355a73b80e2b6597,5ef925552bd2aed9bc8daee3dbe84404fd1da975c4197a0e355a73b80e2b6597,98d1721fe8fa16c9248dae7aa5810b3b79d6a49404d267fdecb050558bdce4ee,0.05666092523973827,5.1631306407507874e-05,,,"[""s5/single/M/w64/d52919/s801/R/random""]","[""s5/confirm-M-w64-d52919-s801-g04-random/e30""]",,,True,True,True,True,True,False,False,False,[],0.05666092542060141568072140216827392578125,0.05666092542053829316738299744980880446000949236368246462230890665859556662207394841584981129685675948263019871,0.05666092523973827177474760219411109574139118194580078125,0.000051631306407507738472955021418704635879000869744384339806108051002716392274336893046655543578041032273273420289,0.000051631306407507738472962599408049300242834494091877371023113448228495306148202966511322560879772323110309374342,0.000051631306407507751164511723713540583173500598064592287518504915763858444727189702668569486131658299663775350084,-7.577989344664363833624347493031217005397225778913873866073464667017301731290837035954053E-27,1.2691549124305491282930666103972714916495391467535363138578986736157246925251885976553465975742E-20,6.312251333840471846512132124050763631753537769109334140443337792605158415018870314324051736980129E-14,-1.8080002139263539525569770871861831041788168337230890665859556662207394841584981129685675948263019871E-10,0.27744968623736427452041380969110490256214412952177673684183451975241132362472362977916578132120202621618190651,1E-18,1E-12,0.000001,"[{""p"": ""0.05566092542053829316738299744980880446000949236368246462230890665859556662207394841584981129685675948263019871"", ""J"": ""0.000052018855601158049647190555905554563515515051932782032145300271922234460316401333107055145045428501876529585148"", ""signed_gap"": ""3.87549193650311174227956497505263272680557840904661122186823693739154168198366595732584165656178766220210806E-7""}, {""p"": ""0.05766092542053829316738299744980880446000949236368246462230890665859556662207394841584981129685675948263019871"", ""J"": ""0.000052018668589276607422100717276036788674853718539128786002346280370786967937135947725063476483697022138592134191"", ""signed_gap"": ""3.87362181768868949138117867987488432019224447251414979232832142291661788932981213740915603924699028282759849E-7""}]",compared,522,1.4947558535723952199368024369248E-29,2.8177498820000437,input-50b9ce54641702298e5e7e16,50b9ce54641702298e5e7e1652e11858f5e9c35f270e9c7909880ad64b91c31d,512,5ef925552bd2aed9bc8daee3dbe84404fd1da975c4197a0e355a73b80e2b6597,5ef925552bd2aed9bc8daee3dbe84404fd1da975c4197a0e355a73b80e2b6597,98d1721fe8fa16c9248dae7aa5810b3b79d6a49404d267fdecb050558bdce4ee,0.05666092523973827,5.1631306407507874e-05,,,"[""s5/single/M/w64/d52919/s801/R/random""]","[""s5/confirm-M-w64-d52919-s801-g04-random/e30""]",False,
input-52205a55deed90c8dbbacf1d,52205a55deed90c8dbbacf1d3cc7e2ded6f96c1f1e2d4fffc69558c5b052a0af,512,6bbeba8b8b05a54fd4be98e5912ed700f1549c8e20b9c3076ea9b67b5546e9f9,6bbeba8b8b05a54fd4be98e5912ed700f1549c8e20b9c3076ea9b67b5546e9f9,a880d5a467e7ec9a790d4490a09290f4df06050fef3149c758dc62eca8848cca,0.04638287128378056,8.278696044068986e-05,,,"[""s5/single/M/w64/d55049/s802/R/random""]","[""s5/confirm-M-w64-d55049-s802-g04-random/e30""]",,,True,True,True,True,True,False,False,False,[],0.04638287105126437381841242313385009765625,0.046382871051216981691630941013480235184283206040472167184900901597721321417383486269009722371682116867432429835,0.04638287128378056067834478426448185928165912628173828125,0.000082786960440689754890182588340433015180924232649938572224082982196829999661418044004293539815009205548354195098,0.000082786960440689754890186714729068604940506419694177105312736207090485632936760952137310558517641935042659636775,0.000082786960440689776931623525806852335603022854694968007134079053052511136059981124420617798852924436085424148980,-4.126388635589759582187044238533088653224893655633275342908133017018702632729494305441677E-27,2.2041436811077783730662516435000790901821342845962025503123220172283307240335282501042764512205E-20,4.7392126781482120369862471966793959527832815099098402278678582616513730990277628317883132567570165E-14,2.32563578986713843251001624097375920241266114065099098402278678582616513730990277628317883132567570165E-10,0.26996931063450993092216342581499039505190915101524170677465498823697951015957599258001145394593631958752563060,1E-18,1E-12,0.000001,"[{""p"": ""0.045382871051216981691630941013480235184283206040472167184900901597721321417383486269009722371682116867432429835"", ""J"": ""0.000083195092503481563665097426330655904216200149495739807013780493881852081441955109780672988273505432231208968158"", ""signed_gap"": ""4.08132062791808774910711601587299275693729801562701701044286791366448505194157643362429755863497188549331383E-7""}, {""p"": ""0.047382871051216981691630941013480235184283206040472167184900901597721321417383486269009722371682116867432429835"", ""J"": ""0.000083194796385947049634097465710419244111103625443441214442172922414493787399010354258674688256070284063247784100"", ""signed_gap"": ""4.07835945257294743910750981350639170597205749264109129436715324008154462249402121364129738428349020588147325E-7""}]",compared,522,2.1576634502887358658926185313783E-29,2.7315720540000257,input-52205a55deed90c8dbbacf1d,52205a55deed90c8dbbacf1d3cc7e2ded6f96c1f1e2d4fffc69558c5b052a0af,512,6bbeba8b8b05a54fd4be98e5912ed700f1549c8e20b9c3076ea9b67b5546e9f9,6bbeba8b8b05a54fd4be98e5912ed700f1549c8e20b9c3076ea9b67b5546e9f9,a880d5a467e7ec9a790d4490a09290f4df06050fef3149c758dc62eca8848cca,0.04638287128378056,8.278696044068986e-05,,,"[""s5/single/M/w64/d55049/s802/R/random""]","[""s5/confirm-M-w64-d55049-s802-g04-random/e30""]",False,
input-545efc608846c184e2b00466,545efc608846c184e2b0046694ed5879de26e10c286fe1da1a08124750e07d72,512,64d79b2736758b25c1c5c2ff642dc9c7b30eafec3eabc5047d3a48be209bd01a,64d79b2736758b25c1c5c2ff642dc9c7b30eafec3eabc5047d3a48be209bd01a,8a515da7787690ffac8a1b144adc20bec1d447fafd47135bd57260ab7de0b724,0.12617199846738114,4.419345137703574e-05,,,"[""s4-fixed30-M-w256-d43997-s603""]","[""s4/confirm-M-w256-d43997-s603-g00-random/e30""]",,,True,True,True,True,True,False,False,False,[],0.12617199880560292513109743595123291015625,0.12617199880506223914277004335590732440067318369403336482993724493032453013459095339865703754360151071099593682,0.12617199846738114121791340949130244553089141845703125,0.000044193451377035746107223095162523817952489533991411000049737230598951493547220455558275991277509969035592696932,0.00004419345137703574610715029469573364912335683649283946460837037270511180568505384325487813624258068162868868975,0.000044193451377035792620871848375849683898619712965715498207116639398987635410950360945683447602166934004599140916,7.2800466790168829132697498571535441366857893839687862166612303397855034929287406904007182E-26,4.6513721553680116034775262876472876033598746266693875829725896517690805311359586252375910451166E-20,5.4068598832739259532558575557681630596663517006275506967546986540904660134296245639848928900406318E-13,-3.3768109792485663386460487886978176523700211482993724493032453013459095339865703754360151071099593682E-10,0.23320275124064063603292989680921957393125785503150109932819362649482860758920703280826687876982716625023536993,1E-18,1E-12,0.000001,"[{""p"": ""0.12517199880506223914277004335590732440067318369403336482993724493032453013459095339865703754360151071099593682"", ""J"": ""0.000044601336652135669593797819400914436215945634099360001445289147002604155147275182589812478011777266355501980672"", ""signed_gap"": ""4.07885275099923486647524705180787092588797606520536836918774297492349462221339334934341769196584726813290922E-7""}, {""p"": ""0.12717199880506223914277004335590732440067318369403336482993724493032453013459095339865703754360151071099593682"", ""J"": ""0.000044600883004859606416495224880276379214621375934561649835006286336548337562480381512621480689268004074593884932"", ""signed_gap"": ""4.07431627823860309344930184542730091264539441722185226635913631436531877426538257743344446687322445905195182E-7""}]",compared,522,1.4986252379758068674821273454725E-29,3.059957485000041,input-545efc608846c184e2b00466,545efc608846c184e2b0046694ed5879de26e10c286fe1da1a08124750e07d72,512,64d79b2736758b25c1c5c2ff642dc9c7b30eafec3eabc5047d3a48be209bd01a,64d79b2736758b25c1c5c2ff642dc9c7b30eafec3eabc5047d3a48be209bd01a,8a515da7787690ffac8a1b144adc20bec1d447fafd47135bd57260ab7de0b724,0.12617199846738114,4.419345137703574e-05,,,"[""s4-fixed30-M-w256-d43997-s603""]","[""s4/confirm-M-w256-d43997-s603-g00-random/e30""]",False,
input-54900f348264809a5ac90d84,54900f348264809a5ac90d84ce4634b5d7daeb8fafabe9eb2d43951d53b29929,512,aec7cff57191991ba3f1dfa4c2c047be85dddaa0226fb3217de73a1a7f997c17,aec7cff57191991ba3f1dfa4c2c047be85dddaa0226fb3217de73a1a7f997c17,20a601722ff5af8cf11b47bb588b8c6a7c70838cdbb61c13d502cc925ebc05fa,0.02635901583322007,1.3218551732268152e-05,,,"[""s6/P1/M/w256/d61103/s1001/R/random"", ""s6/P2/M/w256/d61103/s1001/R/random""]","[""s6/confirm-M-w256-d61103-s1001-g05-random/e10""]",,,True,True,True,True,True,False,False,False,[],0.02635901577514232485555112361907958984375,0.026359015774565589344768701764989476500756084674770861185065641017145188853586760305842247676901983625333837295,0.026359015833220068858455675808727391995489597320556640625,0.000013218551732268077001275225477798781496948790805275715897481376755736374868178821814124927712985387168452647386,0.000013218551732268077001203235132088712761703339774568757832969209513748359706886648742764292651312613940345033196,0.000013218551732268078412473577614466296952990191579008433905174936757374525797456179593467012216834735938692755615,7.1990345710068735245451030706958064512167241988015161292173071360635061672773228107614190E-26,1.411270342482377584191286851804439676072205727243626166090569530850702719565522121998347722419E-21,5.76735510782421854090113342993915325229138814934358982854811146413239694157752323098016374666162705E-13,5.8654479513686974043737915494733512645785779439934358982854811146413239694157752323098016374666162705E-11,0.29123167143727083561717614897465093028675806609763903173770681413627193383637033741894939584821331819912233393,1E-18,1E-12,0.000001,"[{""p"": ""0.025359015774565589344768701764989476500756084674770861185065641017145188853586760305842247676901983625333837295"", ""J"": ""0.000013630775988404089877253978895763333548967850593466589999041216799336478488138959635427558144825035665658749330"", ""signed_gap"": ""4.12224256136012876050743763674620787264510818897832166072007285588118781252310892663265493512421725313716134E-7""}, {""p"": ""0.027359015774565589344768701764989476500756084674770861185065641017145188853586760305842247676901983625333837295"", ""J"": ""0.000013630597758621081325526509474930244895514917972375468346554269962690390333193676747686878927820295528851372364"", ""signed_gap"": ""4.12046026353004324323274342841532133811578197806710513585060448942030626307028004922586276507681588506339168E-7""}]",compared,522,1.7089826934997002183704150098379E-29,2.534354467999947,input-54900f348264809a5ac90d84,54900f348264809a5ac90d84ce4634b5d7daeb8fafabe9eb2d43951d53b29929,512,aec7cff57191991ba3f1dfa4c2c047be85dddaa0226fb3217de73a1a7f997c17,aec7cff57191991ba3f1dfa4c2c047be85dddaa0226fb3217de73a1a7f997c17,20a601722ff5af8cf11b47bb588b8c6a7c70838cdbb61c13d502cc925ebc05fa,0.02635901583322007,1.3218551732268152e-05,,,"[""s6/P1/M/w256/d61103/s1001/R/random"", ""s6/P2/M/w256/d61103/s1001/R/random""]","[""s6/confirm-M-w256-d61103-s1001-g05-random/e10""]",False,
input-5561ab151841fcbfeeacaacf,5561ab151841fcbfeeacaacf7ecbeed1de66fac72decefb4cca7695d4346fe44,512,c89e77c654eaf6bb5186b57235d9f7044dbc61288842163a04ff3029e9759317,c89e77c654eaf6bb5186b57235d9f7044dbc61288842163a04ff3029e9759317,671fa35954fe3d7d1de1cc96f4f5877acc439babc26ae8642a27a69ad8ec5a18,0.025269458875104504,2.0732626877570386e-05,,,"[""s5/single/M/w256/d57163/s803/R/random""]","[""s5/confirm-M-w256-d57163-s803-g05-random/e10""]",,,True,True,True,True,True,False,False,False,[],0.02526945860472551430575549602508544921875,0.025269458604808506218996499002048003993389010363049338891382378334296804716925392036966739072660963072517215749,0.025269458875104504336217559057331527583301067352294921875,0.000020732626877570491686200591695078517628184825420168128801055911931983717813691870312302823555955458224000793691,0.000020732626877570491686196591178371100827361125310831767896512317560217739206027792886716098806389769948414350629,0.000020732626877570520848165904053881873162971862866981317228924624970280338503299729678729738246508384449873804201,4.000516707416800823700109336360904543594371765978607664077425586724749565688275586443062E-27,2.9161969312875510772335610737556149549332412307410062599297271936792013639440118614501459453572E-20,-8.2991913241002976962554774639010363049338891382378334296804716925392036966739072660963072517215749E-14,2.70295998117221060055283523589912056989245582983617621665703195283074607963033260927339036927482784251E-10,0.29163238520417652814707021307916988880150505459600878270054028309094809167126952363584366524866772580944439415,1E-18,1E-12,0.000001,"[{""p"": ""0.024269458604808506218996499002048003993389010363049338891382378334296804716925392036966739072660963072517215749"", ""J"": ""0.000021131860697480570227510204038415578909216135793978238170125345730456002798478565408641592836714843904991202088"", ""signed_gap"": ""3.99233819910078541313612860044478081855010483146470273613028170238263592450772521925494030325073956576851459E-7""}, {""p"": ""0.026269458604808506218996499002048003993389010363049338891382378334296804716925392036966739072660963072517215749"", ""J"": ""0.000021131806058662533149191200125395604676866569856732524258021248366152043160592745620245764384618861290668284348"", ""signed_gap"": ""3.99179181092041462994608947024503849505444545900756361508930805934303954564952733529665578229091342253933719E-7""}]",compared,522,1.5584995528885083013429895757217E-29,2.5099490650000007,input-5561ab151841fcbfeeacaacf,5561ab151841fcbfeeacaacf7ecbeed1de66fac72decefb4cca7695d4346fe44,512,c89e77c654eaf6bb5186b57235d9f7044dbc61288842163a04ff3029e9759317,c89e77c654eaf6bb5186b57235d9f7044dbc61288842163a04ff3029e9759317,671fa35954fe3d7d1de1cc96f4f5877acc439babc26ae8642a27a69ad8ec5a18,0.025269458875104504,2.0732626877570386e-05,,,"[""s5/single/M/w256/d57163/s803/R/random""]","[""s5/confirm-M-w256-d57163-s803-g05-random/e10""]",False,
input-56cc8512eaab1a1d3f7b6fa1,56cc8512eaab1a1d3f7b6fa1270ea3aab810a7415302d24ba949fd18ea5d2ce6,512,7be644b0c9c150d2ad13945dfa07cbafc83d33430c857b29195a2344b15ec72d,7be644b0c9c150d2ad13945dfa07cbafc83d33430c857b29195a2344b15ec72d,c98507a9ccd4d9b8dc3f6c552c3010aee27c5a31663e140bc5106844791e791a,0.3563095327491198,0.000709967346135613,,,"[""s6/P1/U/w64/d61211/s1002/R/random"", ""s6/P2/U/w64/d61211/s1002/R/random"", ""s6/P3/U/w64/d61211/s1002/R/random""]","[""s6/confirm-U-w64-d61211-s1002-g04-random/e10""]",,,True,True,True,True,True,False,False,False,[],0.35630953151985522708855569362640380859375,0.35630953151994808883244327775478426708062849832586845969031934450845569014917240850251056954446081004746194822,0.35630953274911980610539785629953257739543914794921875,0.00070996734613561271689201551138432759855052181755224440998481267706141767789537970608396919946437435414270292410,0.00070996734613561271689201774231761254004275014180418740710116303235231159156366961926053392925426454250136549330,0.00070996734613561306383852635487647151903817651939447676014304787893577623784034218688277771907138007260305645199,-2.23093328494149222832425194299711635035529089391366828991317656472978989018835866256920E-27,3.4694650861255885897899542637759028935304188484658346464627667256762224378981711553010169095869E-19,-9.286174388758412838045848687849832586845969031934450845569014917240850251056954446081004746194822E-14,1.22917171727295457854474831031481064962335029030968065549154430985082759149748943045553918995253805178E-9,0.13872787232627848484247466714996564152351529971676578900162198828842285354556420019905028309429144798578942573,1E-18,1E-12,0.000001,"[{""p"": ""0.35530953151994808883244327775478426708062849832586845969031934450845569014917240850251056954446081004746194822"", ""J"": ""0.00071019723982861051984880027111266894249190046885745185794391428500339193630067642993686306355782360863352663357"", ""signed_gap"": ""2.2989369299780295678252879505640244915032705326445084275125265108034473700681067632913430355906613216114027E-7""}, {""p"": ""0.35730953151994808883244327775478426708062849832586845969031934450845569014917240850251056954446081004746194822"", ""J"": ""0.00071019664801410294327554106749025626159363675391268976898695609103685082891097155098567824191405831816024113373"", ""signed_gap"": ""2.2930187849022638352332517264372155088661210850236188579305868453923734730193172514431265979377565887564043E-7""}]",compared,522,5.9497412012771900130269438692504E-30,3.1711299300000064,input-56cc8512eaab1a1d3f7b6fa1,56cc8512eaab1a1d3f7b6fa1270ea3aab810a7415302d24ba949fd18ea5d2ce6,512,7be644b0c9c150d2ad13945dfa07cbafc83d33430c857b29195a2344b15ec72d,7be644b0c9c150d2ad13945dfa07cbafc83d33430c857b29195a2344b15ec72d,c98507a9ccd4d9b8dc3f6c552c3010aee27c5a31663e140bc5106844791e791a,0.3563095327491198,0.000709967346135613,,,"[""s6/P1/U/w64/d61211/s1002/R/random"", ""s6/P2/U/w64/d61211/s1002/R/random"", ""s6/P3/U/w64/d61211/s1002/R/random""]","[""s6/confirm-U-w64-d61211-s1002-g04-random/e10""]",False,
input-5844e82b3913a014f4ea3e15,5844e82b3913a014f4ea3e15ab7f3b1b8a50adf2729bbd04ac2a61e595ab6998,512,8ca39088cd76bee65172a39c25eb65f738d4bd52f86a0d1b78206a06d4f703a0,8ca39088cd76bee65172a39c25eb65f738d4bd52f86a0d1b78206a06d4f703a0,fa3efec2168edde21b9e773765ccc6953acb8892b55aeae57405ca70c44ff1c7,4.741725730881618,1.1193339854673163,,,"[""s4-fixed30-U-w128-d43997-s601""]","[""s4/confirm-U-w128-d43997-s601-g00-random/e30""]",,,True,True,True,True,True,False,False,False,[],4.74172541347206788486801087856292724609375,4.7417254134719601245451860516007465398823140320063282570088608672196781001205749096046580596187766354330575348,4.74172573088161808385621043271385133266448974609375,1.1193339854673205058558469017410022805468904363644481486189296972707451848388265601066839649667012737680922640,1.1193339854673205058558469016759248302833710636462869492021013133148456094856122655860179270308502095995083166,1.1193339854673205991627532038535222124455298419221496616030443092802069165126127938666216951781878892033376058,6.50774502635193727181611994168283839558995753532142945206660379358510641685839474E-29,9.33069063021775973821621587782758627124009429959653613070270005282806037681473376796038292892E-17,1.077603228248269621807062114359679936717429911391327803218998794250903953419403812233645669424652E-13,3.174096579593110243811131047927821757140874217429911391327803218998794250903953419403812233645669424652E-7,1.1938843597292276935784190460913989418807658072106322466569485210949962036079455437849455705515425490371133553,1.1938843597292276935784190460913989418807658072106322466569485210949962036079455437849455705515425490371133553E-18,1.1938843597292276935784190460913989418807658072106322466569485210949962036079455437849455705515425490371133553E-12,0.000001,"[{""p"": ""4.7407254134719601245451860516007465398823140320063282570088608672196781001205749096046580596187766354330575348"", ""J"": ""1.1193339863937927923727366705355511032384341489687521829271257708251344802512610544847106104534376945057694937"", ""signed_gap"": ""9.264722865168897688596262729550630853224652337250244575102888707656487888986926834225874849062611771E-10""}, {""p"": ""4.7427254134719601245451860516007465398823140320063282570088608672196781001205749096046580596187766354330575348"", ""J"": ""1.1193339863931121177232072119062883444433499113942680185314556435955499810793885123530879522068197466157226886"", ""signed_gap"": ""9.257916118673603102303635141599788477479810693293543302807043715937762467670700251759695370162143720E-10""}]",compared,522,6.8045232608137014151341034509955336718771316122338894499360238182938527595956537582962259210970111151320118134E-29,3.3673274110000193,input-5844e82b3913a014f4ea3e15,5844e82b3913a014f4ea3e15ab7f3b1b8a50adf2729bbd04ac2a61e595ab6998,512,8ca39088cd76bee65172a39c25eb65f738d4bd52f86a0d1b78206a06d4f703a0,8ca39088cd76bee65172a39c25eb65f738d4bd52f86a0d1b78206a06d4f703a0,fa3efec2168edde21b9e773765ccc6953acb8892b55aeae57405ca70c44ff1c7,4.741725730881618,1.1193339854673163,,,"[""s4-fixed30-U-w128-d43997-s601""]","[""s4/confirm-U-w128-d43997-s601-g00-random/e30""]",False,
input-5a2ff1a186437283cb9c047d,5a2ff1a186437283cb9c047d05eaa74398cb6b15755847b451a861f021293a3e,512,8ca39088cd76bee65172a39c25eb65f738d4bd52f86a0d1b78206a06d4f703a0,8ca39088cd76bee65172a39c25eb65f738d4bd52f86a0d1b78206a06d4f703a0,fff572deef806bd398758b1bbb4d9d832e04a93b91af9a0eb62660f2e1dc9a0b,0.1348481982879448,6.238087444525185e-05,,,"[""s4-fixed30-M-w256-d46219-s601""]","[""s4/confirm-M-w256-d46219-s601-g00-random/e30""]",,,True,True,True,True,True,False,False,False,[],0.13484819800351033336482942104339599609375,0.13484819800362694838031991035667106049415210753985583696528361882554277470287439623310796494415296548530603730,0.1348481982879448093370911010424606502056121826171875,0.000062380874445251941937307467827690747484416280901478889592512404418145294942744161571236830452266560488886045914,0.000062380874445251941937306081981983117655228532218353001704474292717889769731093029741933273990717276575519415678,0.000062380874445251972837474872806667885778108701294139486551398788950528555750993090103979277237109565759301402020,1.385845707629829187748683125887888038111700255525211651131829303556461549283913366630236E-27,3.0900168790824684768122880169075786484846924496232638786019900060362046003246392289183781986342E-20,-1.1661501549048931327506440040210753985583696528361882554277470287439623310796494415296548530603730E-13,2.8431786095677119068578958971146007507733166303471638117445722529712560376689203505584703451469396270E-10,0.23361566341486825797442625477042968719569440838101467280879443834503448101639393829012911139038262012084799597,1E-18,1E-12,0.000001,"[{""p"": ""0.13384819800362694838031991035667106049415210753985583696528361882554277470287439623310796494415296548530603730"", ""J"": ""0.000062763262078246632574268596794961014723891505562044080214986588262066045188958909843392091978354497874590812004"", ""signed_gap"": ""3.82387632994690636962514812977897068662973343691078510512295544176275457865880101458817987637221299071396326E-7""}, {""p"": ""0.13584819800362694838031991035667106049415210753985583696528361882554277470287439623310796494415296548530603730"", ""J"": ""0.000062762764934285015407867019272385007236392306105993639289286781437196237937660756356785107244764564803121784816"", ""signed_gap"": ""3.81890489033073470560937290401889581163773887640637584812488719306468206567726614851833254047288227602369138E-7""}]",compared,522,1.2875264716111620920487618107875E-29,3.026668600999983,input-5a2ff1a186437283cb9c047d,5a2ff1a186437283cb9c047d05eaa74398cb6b15755847b451a861f021293a3e,512,8ca39088cd76bee65172a39c25eb65f738d4bd52f86a0d1b78206a06d4f703a0,8ca39088cd76bee65172a39c25eb65f738d4bd52f86a0d1b78206a06d4f703a0,fff572deef806bd398758b1bbb4d9d832e04a93b91af9a0eb62660f2e1dc9a0b,0.1348481982879448,6.238087444525185e-05,,,"[""s4-fixed30-M-w256-d46219-s601""]","[""s4/confirm-M-w256-d46219-s601-g00-random/e30""]",False,
input-5a3c8e228ad218b24328df7d,5a3c8e228ad218b24328df7dd2e6f72ce90a092ba1d01c5d92dbfc518c14e4ac,512,8ca39088cd76bee65172a39c25eb65f738d4bd52f86a0d1b78206a06d4f703a0,8ca39088cd76bee65172a39c25eb65f738d4bd52f86a0d1b78206a06d4f703a0,eedd026ddce6cd35057de93071c0d3371e923f81070dfc61178ed3139efef431,1.4514077914034584,0.16404056646487694,,,"[""s4-fixed30-U-w256-d41843-s601""]","[""s4/confirm-U-w256-d41843-s601-g00-random/e30""]",,,True,True,True,True,True,False,False,False,[],1.45140770742955282912589609622955322265625,1.4514077074292331105290556298522627062788848233028850067977810228618676802982900434388730188763284161235629632,1.451407791403458436008122589555568993091583251953125,0.16404056646487705611161020402063680715032736064456601783705429154705046349990940798258877735707760836889616703,0.16404056646487705611161020287430104002478055993004195598142703698456755727284359987348276632765698465237331297,0.16404056646487722857780139702012729955566795034317179514671346404940397711816355668854799548044135596932413838,1.14633576712554680071452406185562725456248290622706580810910601102942062371652285406E-27,1.7246619119414582625953088739041312983916528642706483641984531995681506522915278437131695082541E-16,3.197185968404663772905163773651766971149932022189771381323197017099565611269811236715838764370368E-13,8.39742253254790669597033062868126984286502399932022189771381323197017099565611269811236715838764370368E-8,0.41498311298447580070140410297886299848643422532819450222245163346583733132192744557326498816718375280911441628,1E-18,1E-12,0.000001,"[{""p"": ""1.4504077074292331105290556298522627062788848233028850067977810228618676802982900434388730188763284161235629632"", ""J"": ""0.16404059095052688046880127048947274982594572396169763582430344969955839852119181018039829228827800333052865608"", ""signed_gap"": ""2.448564982435719106761517170980116516403165567984287641271499084124834821030691552596062101867815534311E-8""}, {""p"": ""1.4524077074292331105290556298522627062788848233028850067977810228618676802982900434388730188763284161235629632"", ""J"": ""0.16404059089436766060075453804773377051409295324406513498843757384683211873287764544232330696958089995872708052"", ""signed_gap"": ""2.442949060448914433517343273048931239331402317900701053686226456146003404556884054064192391530635376755E-8""}]",compared,522,1.7900033584692783796475457718436E-29,3.2809514030000173,input-5a3c8e228ad218b24328df7d,5a3c8e228ad218b24328df7dd2e6f72ce90a092ba1d01c5d92dbfc518c14e4ac,512,8ca39088cd76bee65172a39c25eb65f738d4bd52f86a0d1b78206a06d4f703a0,8ca39088cd76bee65172a39c25eb65f738d4bd52f86a0d1b78206a06d4f703a0,eedd026ddce6cd35057de93071c0d3371e923f81070dfc61178ed3139efef431,1.4514077914034584,0.16404056646487694,,,"[""s4-fixed30-U-w256-d41843-s601""]","[""s4/confirm-U-w256-d41843-s601-g00-random/e30""]",False,
input-5dfb7e402c5578a10f200a74,5dfb7e402c5578a10f200a74568fb7f858c5ebee17eb1165bc24cebf49cb5661,512,5ef925552bd2aed9bc8daee3dbe84404fd1da975c4197a0e355a73b80e2b6597,5ef925552bd2aed9bc8daee3dbe84404fd1da975c4197a0e355a73b80e2b6597,c1583db96016bfadeec11b24568f6fbf40e993959e2343952ae91c72ec86ad26,0.033369797641767646,1.955143050494393e-05,,,"[""s5/single/M/w256/d52919/s801/R/random""]","[""s5/confirm-M-w256-d52919-s801-g05-random/e10""]",,,True,True,True,True,True,False,False,False,[],0.03336979784717186703346669673919677734375,0.033369797847217742627708242240641835761828586285788820163869041474837203626630516590370103180491137328370056772,0.0333697976417676456240002380582154728472232818603515625,0.000019551430504943801960829921603834444060210356631554580925186207949387939148369145961995008866347499124738701264,0.000019551430504943801960831292200408918403106795948702302927583697279691728396387011362375093417212278053921429787,0.000019551430504943818510725459348323497523776034389482512017922111981667869397590439354961415865227786258648407002,-1.370596574474342896439317147722002397489330303789248017865400380084550864778929182728523E-27,1.6549894167147914579120669238440780209090338414701976141001203427992586322448015508204726977215E-20,-4.5875594241545501445058418078586285788820163869041474837203626630516590370103180491137328370056772E-14,-2.05450097003708004182426362914605304425437257663869041474837203626630516590370103180491137328370056772E-10,0.29134604209121688464613482825223553597660399471583446135161402735582303184227185536164356523443653359602487660,1E-18,1E-12,0.000001,"[{""p"": ""0.032369797847217742627708242240641835761828586285788820163869041474837203626630516590370103180491137328370056772"", ""J"": ""0.000019943803043619473983604587821954533250338003011358658462481520328358530155593782006195482321805730613899503906"", ""signed_gap"": ""3.92372538675672022773295621545614847231207062656355534897823048666801759206770643820388904593452559978074119E-7""}, {""p"": ""0.034369797847217742627708242240641835761828586285788820163869041474837203626630516590370103180491137328370056772"", ""J"": ""0.000019943696919279480726296823961774135292719230188288402601809140434979081157528040555703989782197422805918466211"", ""signed_gap"": ""3.92266414335678765465531761365216889612434239586099674225443155287352761141029193328896364985144751997036424E-7""}]",compared,522,1.5976616517173481621365745642432E-29,2.6380937440000025,input-5dfb7e402c5578a10f200a74,5dfb7e402c5578a10f200a74568fb7f858c5ebee17eb1165bc24cebf49cb5661,512,5ef925552bd2aed9bc8daee3dbe84404fd1da975c4197a0e355a73b80e2b6597,5ef925552bd2aed9bc8daee3dbe84404fd1da975c4197a0e355a73b80e2b6597,c1583db96016bfadeec11b24568f6fbf40e993959e2343952ae91c72ec86ad26,0.033369797641767646,1.955143050494393e-05,,,"[""s5/single/M/w256/d52919/s801/R/random""]","[""s5/confirm-M-w256-d52919-s801-g05-random/e10""]",False,
input-5e16bcc9e4d784542f316d84,5e16bcc9e4d784542f316d844b4d5c194c711f08d043f2cade18844d5fcfb956,512,6bbeba8b8b05a54fd4be98e5912ed700f1549c8e20b9c3076ea9b67b5546e9f9,6bbeba8b8b05a54fd4be98e5912ed700f1549c8e20b9c3076ea9b67b5546e9f9,b37d6d681d86fccb050ec09837f985ff9709757a4b4e9aa20a35789e15ca5b7b,0.025413928258974344,1.6764952402989326e-05,,,"[""s5/single/M/w256/d57163/s802/R/random""]","[""s5/confirm-M-w256-d57163-s802-g05-random/e10""]",,,True,True,True,True,True,False,False,False,[],0.02541392800003450247459113597869873046875,0.025413928000343119063272072374830390965190532716277794802673286111676035563314487124595451393040436801369586258,0.0254139282589743442652974181328318081796169281005859375,0.000016764952402989385782418907882994605415025675499556117148633786161066310865861586320116272623457439746965161049,0.000016764952402989385782363995116094486780016785216341899417315818629021224545116249538781047388545335606716404319,0.000016764952402989413618229160813478394377794257391041067540236052756847603624978855040431491743239499896470869182,5.4912766900118635008890283214217731317967532045086320745336781335225234912104140248756730E-26,2.7835865165697383907597777472174699168122920234127826379079862605501650444354694164289754464863E-20,-3.08616588680936396131660496440532716277794802673286111676035563314487124595451393040436801369586258E-13,2.58631225202025345758001417214426395384308142697326713888323964436685512875404548606959563198630413742E-10,0.28399057574475508566951931538567487448445760275193160251380650484266446889019687245803736589497205857538264389,1E-18,1E-12,0.000001,"[{""p"": ""0.024413928000343119063272072374830390965190532716277794802673286111676035563314487124595451393040436801369586258"", ""J"": ""0.000017181395658130483607083710252625326916192008788199277960080845855108378921033388602045502868371043231905940939"", ""signed_gap"": ""4.16443255141097824719715136530840136175223571857378542765027226087154375917139063264455479825707625189536620E-7""}, {""p"": ""0.026413928000343119063272072374830390965190532716277794802673286111676035563314487124595451393040436801369586258"", ""J"": ""0.000017181176585277838357149736249222366114483025068248415804849598931456269813053594461990712716400150458532173496"", ""signed_gap"": ""4.16224182288452574785741133127879334466239851906516387533780302435045267937344923209665327854814851815769177E-7""}]",compared,522,1.6371101866277235247392627980480E-29,2.511720639000032,input-5e16bcc9e4d784542f316d84,5e16bcc9e4d784542f316d844b4d5c194c711f08d043f2cade18844d5fcfb956,512,6bbeba8b8b05a54fd4be98e5912ed700f1549c8e20b9c3076ea9b67b5546e9f9,6bbeba8b8b05a54fd4be98e5912ed700f1549c8e20b9c3076ea9b67b5546e9f9,b37d6d681d86fccb050ec09837f985ff9709757a4b4e9aa20a35789e15ca5b7b,0.025413928258974344,1.6764952402989326e-05,,,"[""s5/single/M/w256/d57163/s802/R/random""]","[""s5/confirm-M-w256-d57163-s802-g05-random/e10""]",False,
input-5f3f6be50abf6a345b34655e,5f3f6be50abf6a345b34655e1ed22352779a83b5a8fe7375a1c9cdb6549de1e0,512,5ef925552bd2aed9bc8daee3dbe84404fd1da975c4197a0e355a73b80e2b6597,5ef925552bd2aed9bc8daee3dbe84404fd1da975c4197a0e355a73b80e2b6597,1ea41faa3d552dd0a1fbcbe73015b114ea38e1ae3607b00a511e382504612541,0.18817617236086331,0.0006609408683256796,,,"[""s5/single/U/w64/d52919/s801/R/random""]","[""s5/confirm-U-w64-d52919-s801-g04-random/e10""]",,,True,True,True,True,True,False,False,False,[],0.18817617163995237206108868122100830078125,0.18817617163983961938992633617363425760059653027654842913253267204571116969162182392559687059775841439675398758,0.188176172360863314114709510249667800962924957275390625,0.00066094086832567957250577568439811465040972484534612845626661104210837232403924673367127724249193815651345888465,0.00066094086832567957250578536002811683945283576722743677182917775902337919050478332258317946529740620974456421238,0.00066094086832567974304024232960576047633199577295119538230244999901451838175346990046032063815201861766946607775,-9.67563000218904311092188130831556256671691500686646553658891190222280546805323110532773E-27,1.7053445696957764363687916000572375861047327223999113919124868657787714117285461240792490186537E-19,1.1275267116234504737404318065346972345157086746732795428883030837817607440312940224158560324601242E-13,7.2102369472478317407603354336232842699884219586746732795428883030837817607440312940224158560324601242E-10,0.20679981336362558967713342656738752405634274709021321135019733623974882516309701045843388240518738666954135976,1E-18,1E-12,0.000001,"[{""p"": ""0.18717617163983961938992633617363425760059653027654842913253267204571116969162182392559687059775841439675398758"", ""J"": ""0.00066126933245534451856792890043200718308647435360671479194618316744136507001159571786364779758023237465192331877"", ""signed_gap"": ""3.2846412966494606214354040389034363363858637927802011700540841798587950681239528046833228282616490735910639E-7""}, {""p"": ""0.18917617163983961938992633617363425760059653027654842913253267204571116969162182392559687059775841439675398758"", ""J"": ""0.00066126880349300146476376459214069501315398145074654598876278702865566365017484465313447423590681081925840930533"", ""signed_gap"": ""3.2793516732189225797923211257817370114568351910921693360926963228445967006133055129477060940460951384509295E-7""}]",compared,522,8.825539970313928971024167060812E-30,3.0734788820000176,input-5f3f6be50abf6a345b34655e,5f3f6be50abf6a345b34655e1ed22352779a83b5a8fe7375a1c9cdb6549de1e0,512,5ef925552bd2aed9bc8daee3dbe84404fd1da975c4197a0e355a73b80e2b6597,5ef925552bd2aed9bc8daee3dbe84404fd1da975c4197a0e355a73b80e2b6597,1ea41faa3d552dd0a1fbcbe73015b114ea38e1ae3607b00a511e382504612541,0.18817617236086331,0.0006609408683256796,,,"[""s5/single/U/w64/d52919/s801/R/random""]","[""s5/confirm-U-w64-d52919-s801-g04-random/e10""]",False,
input-5f929bb3ff3f199a5cb50cdb,5f929bb3ff3f199a5cb50cdb6592e8c0ef8209aaaee4431704c569061c7eb591,512,98959506fbf00a1a6db50907b92e993b4b6986ba3568c43a156a163f71f4c256,98959506fbf00a1a6db50907b92e993b4b6986ba3568c43a156a163f71f4c256,cd3fc0dbf0465fc4a1ef18baf30f82f1d6c2624641414ec8855e7d6fff6f633e,0.15062276432934424,0.0005228226931551181,,,"[""s6/P4/U/w64/d61319/s1003/R/random""]","[""s6/confirm-U-w64-d61319-s1003-g04-random/e05""]",,,True,True,True,True,True,False,False,False,[],0.15062276429171106428839266300201416015625,0.15062276429196488944530734185924101356575982301602831193965493877605276742673837936256678003926914408304457354,0.150622764329344238642960362994926981627941131591796875,0.00052282269315511886232961945240668618074757443081730746989979406710624504311808154985352860493732196958005588934,0.00052282269315511886232963559469175630079409961137374782596096902960708548477613636951751986834487479305861611959,0.00052282269315511886280505488571464905161117365395078217662955123772876880771827421141251811972454330013409680105,-1.614228507012004652518055644035606117496250084044165805481966399126340755282347856023025E-26,4.7541929102289275081707404257703435066858220812168332294213784189499825137966850707548068146E-22,-2.5382515691467885722685340950982301602831193965493877605276742673837936256678003926914408304457354E-13,3.737934919765302113568596806218130857576856306034506122394723257326162063743321996073085591695542646E-11,0.22687697546399386624285050552413813990915885523924437197863529107003084866131136850335253923338284024777666258,1E-18,1E-12,0.000001,"[{""p"": ""0.14962276429196488944530734185924101356575982301602831193965493877605276742673837936256678003926914408304457354"", ""J"": ""0.00052315916916656476863338594727879751218974302467771286449316728981520882276649600283523945206385645330385469914"", ""signed_gap"": ""3.3647601144590630375035258704121139564341330396503853219826020812333799035963331771958371898166024523857955E-7""}, {""p"": ""0.15162276429196488944530734185924101356575982301602831193965493877605276742673837936256678003926914408304457354"", ""J"": ""0.00052315877047811385906607833163367591714917298287674711914286162065709017031321448558242399939819717111274688453"", ""signed_gap"": ""3.3607732299499673644273694191961635507337150299929318189259105000468553707811606490413105332237805413076494E-7""}]",compared,522,1.0094855781419489374817918786979E-29,3.041186519999883,input-5f929bb3ff3f199a5cb50cdb,5f929bb3ff3f199a5cb50cdb6592e8c0ef8209aaaee4431704c569061c7eb591,512,98959506fbf00a1a6db50907b92e993b4b6986ba3568c43a156a163f71f4c256,98959506fbf00a1a6db50907b92e993b4b6986ba3568c43a156a163f71f4c256,cd3fc0dbf0465fc4a1ef18baf30f82f1d6c2624641414ec8855e7d6fff6f633e,0.15062276432934424,0.0005228226931551181,,,"[""s6/P4/U/w64/d61319/s1003/R/random""]","[""s6/confirm-U-w64-d61319-s1003-g04-random/e05""]",False,
input-6047bf1c2b43107d97372264,6047bf1c2b43107d97372264e0280a2e2287806622611f6a0baf1cff4a0098c3,512,720cb4a2dfd9a2162099cb394e9a04c5f55c5f1ca83d49aa865475f11e0c23cd,720cb4a2dfd9a2162099cb394e9a04c5f55c5f1ca83d49aa865475f11e0c23cd,c2ff85b5251bb28b4325000ffff7103885d43b065bf48a2f952d46078432593d,0.13088990313275678,5.9763091313717936e-05,,,"[""s4-fixed30-M-w256-d46219-s602""]","[""s4/confirm-M-w256-d46219-s602-g00-random/e30""]",,,True,True,True,True,True,False,False,False,[],0.13088990242295039934106171131134033203125,0.13088990242310214833102229453941123373850349974723426031621709001389770707806072260049739852416733163113745498,0.130889903132756779680079262107028625905513763427734375,0.000059763091313717775754876401579913854460851877351963576259996008444056387325792706070179184365802550460118503803,0.000059763091313717775754892241252318365280344947352911164431609546609425287479931661948899168989145114271542990025,0.000059763091313717959167746845385794788107586526549256859670167901314080294109549933392592025828203384973038210539,-1.5839672404510819493070000947588171613538165368900154138955878719984623342563811424486222E-26,1.83412854604133476422827241579196345695238558354704655006629618271443692856839058270701495220514E-19,-1.5174898996058322807090170725349974723426031621709001389770707806072260049739852416733163113745498E-13,7.0965463134905696756761739216701026368050011468378290998610229292193927739950260147583266836886254502E-10,0.24014989134126596791889876647342125927193323792349256615310203092402520324811290155727666612067953757519840807,1E-18,1E-12,0.000001,"[{""p"": ""0.12988990242310214833102229453941123373850349974723426031621709001389770707806072260049739852416733163113745498"", ""J"": ""0.000060127238183597245067914927656996535878292789025151346240419107767955646929378758541056924720471394177906806689"", ""signed_gap"": ""3.64146869879469313022686404678170597947841672240181808809561158530359449447096592157755731326279906363816664E-7""}, {""p"": ""0.13188990242310214833102229453941123373850349974723426031621709001389770707806072260049739852416733163113745498"", ""J"": ""0.000060126886609865976532221403803326765173262397730862192710546092034592664479077856603328770981268697324108191590"", ""signed_gap"": ""3.63795296148200777329162551008399892917450377951028278936545425167376999146194654429601992123583052565201565E-7""}]",compared,522,1.2243136232486587890009506471422E-29,3.053067444000021,input-6047bf1c2b43107d97372264,6047bf1c2b43107d97372264e0280a2e2287806622611f6a0baf1cff4a0098c3,512,720cb4a2dfd9a2162099cb394e9a04c5f55c5f1ca83d49aa865475f11e0c23cd,720cb4a2dfd9a2162099cb394e9a04c5f55c5f1ca83d49aa865475f11e0c23cd,c2ff85b5251bb28b4325000ffff7103885d43b065bf48a2f952d46078432593d,0.13088990313275678,5.9763091313717936e-05,,,"[""s4-fixed30-M-w256-d46219-s602""]","[""s4/confirm-M-w256-d46219-s602-g00-random/e30""]",False,
input-617cbd27d8399549e2d3b2f0,617cbd27d8399549e2d3b2f005539ea0f275abdd90d70ee2a593517ccf3bb3d7,512,aec7cff57191991ba3f1dfa4c2c047be85dddaa0226fb3217de73a1a7f997c17,aec7cff57191991ba3f1dfa4c2c047be85dddaa0226fb3217de73a1a7f997c17,36b5fbbe7882c9de8e95e5d8383b43588ef7404efa444f99c3dc300407747b45,0.0273633993289114,1.4260030191807083e-05,,,"[""s6/P3/M/w256/d61103/s1001/R/random"", ""s6/P4/M/w256/d61103/s1001/R/random""]","[""s6/confirm-M-w256-d61103-s1001-g04-random/e10""]",,,True,True,True,True,True,False,False,False,[],0.02736339961802514153532683849334716796875,0.027363399617987612323120976248765699487279930631325838745066743217985480670405887615578442448416113298563806478,0.027363399328911401642283607316130655817687511444091796875,0.000014260030191807123692856367210153738614354263097632181864549938482354220629884358623906660024065638620460932935,0.000014260030191807123692861443231249004877848470853420442295199921162677725777429244462924772261940498853345361680,0.000014260030191807158154449710778447745759806831256988557158036422284535859387952878202130192901300558526319091214,-5.076021095266263494207755788260430649982680323505147544885839018112237874860232884428745E-27,3.4461588267547198740881958360403568114862836501121858133610523633739205420639360059672973729534E-20,3.7529212205862244581468481470069368674161254933256782014519329594112384421557551583886701436193522E-14,-2.89076210680837368932635043669592419187234041870066743217985480670405887615578442448416113298563806478E-10,0.29058402490332647158929793609931339745888042491484011603385789290637156484828490955901256303570526254387821216,1E-18,1E-12,0.000001,"[{""p"": ""0.026363399617987612323120976248765699487279930631325838745066743217985480670405887615578442448416113298563806478"", ""J"": ""0.000014671991576541459209433247471778848896323132811938031517777673903777492158090905667878540712975685450315565852"", ""signed_gap"": ""4.11961384734335516571804240529844018474661958517589222577752741099766380661661204953768451035186596970204172E-7""}, {""p"": ""0.028363399617987612323120976248765699487279930631325838745066743217985480670405887615578442448416113298563806478"", ""J"": ""0.000014671809393095667100097643251515656863116369561734784632784070153496200306153517875526981598155975872954563242"", ""signed_gap"": ""4.11779201288543407236200020266651985267898708314342337584148990818474528724273412602209336215477019609201562E-7""}]",compared,522,1.7254523231890895184666084216650E-29,2.5808858860000328,input-617cbd27d8399549e2d3b2f0,617cbd27d8399549e2d3b2f005539ea0f275abdd90d70ee2a593517ccf3bb3d7,512,aec7cff57191991ba3f1dfa4c2c047be85dddaa0226fb3217de73a1a7f997c17,aec7cff57191991ba3f1dfa4c2c047be85dddaa0226fb3217de73a1a7f997c17,36b5fbbe7882c9de8e95e5d8383b43588ef7404efa444f99c3dc300407747b45,0.0273633993289114,1.4260030191807083e-05,,,"[""s6/P3/M/w256/d61103/s1001/R/random"", ""s6/P4/M/w256/d61103/s1001/R/random""]","[""s6/confirm-M-w256-d61103-s1001-g04-random/e10""]",False,
input-61bcfcca3db7432c10b6098d,61bcfcca3db7432c10b6098db78e9ef226ee82030565fdcd9bd6e0fec4b6e4c1,512,aec7cff57191991ba3f1dfa4c2c047be85dddaa0226fb3217de73a1a7f997c17,aec7cff57191991ba3f1dfa4c2c047be85dddaa0226fb3217de73a1a7f997c17,157e4bb87cdc42a26acaa749969fd90ef0f9c102b29d55776ac87c0d31db7297,0.040384812758690616,3.1798470003284125e-05,,,"[""s6/P1/M/w128/d61103/s1001/R/random"", ""s6/P2/M/w128/d61103/s1001/R/random"", ""s6/P3/M/w128/d61103/s1001/R/random"", ""s6/P4/M/w128/d61103/s1001/R/random""]","[""s6/confirm-M-w128-d61103-s1001-g05-random/e20""]",,,True,True,True,True,True,False,False,False,[],0.04038481244560898630879819393157958984375,0.040384812445650989971456023273238366113563464795663124363742831973047213110461863729135659588306615836206310126,0.04038481275869061637440182721547898836433887481689453125,0.000031798470003284165531733122057460323221987212961523645529918021567748052737425022507453272004199310249654058029,0.000031798470003284165531733125814889230545934588424669932281995551942558761589590022117812451738748582148605580480,0.000031798470003284205529457100352678733179208146972099873379657402075891897022603258133681817531735344219468853418,-3.757428907323947375463146286752077530374810708852164999610359179734549271898951522451E-30,3.9997723974537789502633273558547429941097661850133333135433013236015869365792986762070863272938E-20,-4.2003662657829341658776269813464795663124363742831973047213110461863729135659588306615836206310126E-14,3.13039626402945803942240622250775410021231406886257168026952786889538136270864340411693384163793689874E-10,0.28230950829407339764545555647436374482668814142258186645935683379801785757470898218382041163738066354398177967,1E-18,1E-12,0.000001,"[{""p"": ""0.039384812445650989971456023273238366113563464795663124363742831973047213110461863729135659588306615836206310126"", ""J"": ""0.000032206696375127071345955087736547477376144836756367181427281208383859745313710798990842651820677210229223981359"", ""signed_gap"": ""4.08226371842905814221961921658246830210248331697249145285656441300983724120776873030200081928628080618400879E-7""}, {""p"": ""0.041384812445650989971456023273238366113563464795663124363742831973047213110461863729135659588306615836206310126"", ""J"": ""0.000032206463876572259957930754674986896167642975970299961101145920722263864971043424687723643357703723856718127664"", ""signed_gap"": ""4.07993873288094426197628860097665621708387545630028819150368779705103381453402569911191618955141708112547184E-7""}]",compared,522,1.7804255590753817366338837547199E-29,2.723199096999906,input-61bcfcca3db7432c10b6098d,61bcfcca3db7432c10b6098db78e9ef226ee82030565fdcd9bd6e0fec4b6e4c1,512,aec7cff57191991ba3f1dfa4c2c047be85dddaa0226fb3217de73a1a7f997c17,aec7cff57191991ba3f1dfa4c2c047be85dddaa0226fb3217de73a1a7f997c17,157e4bb87cdc42a26acaa749969fd90ef0f9c102b29d55776ac87c0d31db7297,0.040384812758690616,3.1798470003284125e-05,,,"[""s6/P1/M/w128/d61103/s1001/R/random"", ""s6/P2/M/w128/d61103/s1001/R/random"", ""s6/P3/M/w128/d61103/s1001/R/random"", ""s6/P4/M/w128/d61103/s1001/R/random""]","[""s6/confirm-M-w128-d61103-s1001-g05-random/e20""]",False,
input-61ea24c381ebb7ed98a5a3b4,61ea24c381ebb7ed98a5a3b40513c1a1508605d2e61b29887222f0661436514c,512,aec7cff57191991ba3f1dfa4c2c047be85dddaa0226fb3217de73a1a7f997c17,aec7cff57191991ba3f1dfa4c2c047be85dddaa0226fb3217de73a1a7f997c17,2b950dac454d81ed9ebbffaecc7fec26cb5bb5d2e370dbccd3492902ec54d4c1,0.7649990697004523,0.00036270337840998263,,,"[""s6/P1/U/w128/d61103/s1001/R/random""]","[""s6/confirm-U-w128-d61103-s1001-g04-random/e03""]",,,True,True,True,True,True,False,False,False,[],0.76499906818526142160408198833465576171875,0.7649990681852034143805239734613950787156405906163932879608420721246826705225928499952181184804388933216951464,0.7649990697004522832713746538502164185047149658203125,0.00036270337840998265893072416135949680622187111442748112440171184256105313743607138472827285787509783749161113965,0.00036270337840998265893072216910691066247377452787535080836587847703461447716758404037787208065987008600948028549,0.00036270337840998280133126706012505773850423694510461173495054550236149111792429000972186457379308030753651028391,1.99225258614374809658655213031603583336552643866026848734435040077721522775148213085416E-27,1.4240054489101814707603046241722926092658466702532687664075670596934399249313321022152702999842E-19,5.80072235580148732606830031094093836067120391579278753173294774071500047818815195611066783048536E-14,1.5152488688908506803888213397890743752039192120391579278753173294774071500047818815195611066783048536E-9,0.11737698087008393613320629682810164084450465128402442138757357518489049524493096701018999961067460192392865445,1E-18,1E-12,0.000001,"[{""p"": ""0.7639990681852034143805239734613950787156405906163932879608420721246826705225928499952181184804388933216951464"", ""J"": ""0.00036276547407046142517565038658633241270935740258463653133591352593213330474305950594995345010988279486949952525"", ""signed_gap"": ""6.209566047876624492821747942175023558287470928572297003504889751882757547546557208136945001270886001923976E-8""}, {""p"": ""0.7659990681852034143805239734613950787156405906163932879608420721246826705225928499952181184804388933216951464"", ""J"": ""0.00036276528577512248582946720391361625708486149656330820442229020032868389253200901265709098323849355501184116535"", ""signed_gap"": ""6.190736513982689874503480670559461108696868795739605641172329406941536442497227921890257862346900236087986E-8""}]",compared,522,8.3965672714330002828880453272041E-30,3.2463019009999243,input-61ea24c381ebb7ed98a5a3b4,61ea24c381ebb7ed98a5a3b40513c1a1508605d2e61b29887222f0661436514c,512,aec7cff57191991ba3f1dfa4c2c047be85dddaa0226fb3217de73a1a7f997c17,aec7cff57191991ba3f1dfa4c2c047be85dddaa0226fb3217de73a1a7f997c17,2b950dac454d81ed9ebbffaecc7fec26cb5bb5d2e370dbccd3492902ec54d4c1,0.7649990697004523,0.00036270337840998263,,,"[""s6/P1/U/w128/d61103/s1001/R/random""]","[""s6/confirm-U-w128-d61103-s1001-g04-random/e03""]",False,
input-621ae325178ce4ab72f751eb,621ae325178ce4ab72f751eb96425ef9c4021e8e4d0f491bca0bdce12d600b95,512,aec7cff57191991ba3f1dfa4c2c047be85dddaa0226fb3217de73a1a7f997c17,aec7cff57191991ba3f1dfa4c2c047be85dddaa0226fb3217de73a1a7f997c17,87847f478c17323c56cf715b757a5bd40f0eb3e6eddff1d79910f9053467708d,0.9364611168576749,0.0010750165384265568,,,"[""s6/P4/U/w128/d61103/s1001/R/random""]","[""s6/confirm-U-w128-d61103-s1001-g00-random/e20""]",,,True,True,True,True,True,False,False,False,[],0.93646111821590238832868635654449462890625,0.93646111821574120188137875251530057443294136787623243784588757237291833772576443357156284014216869903486108715,0.9364611168576748578828983227140270173549652099609375,0.0010750165384265574575891208363676121393916487684329787937508538931745466967214975981571897358025734568018622384,0.0010750165384265574575891219456916907872726036818560168165920241827522183018104514899510882264679258537637157781,0.0010750165384265575360258101306773794144907238863688528881297729367059595292819526790175504640391676430730418957,-1.1093240786478809549134230380228411702895776716050889538917938984906653523969618535397E-27,7.84366881849856886272181202045128360715377487539537412274715011890664622375712417893093261176E-20,1.6118644730760402919405447330863212376756215411242762708166227423556642843715985783130096513891285E-13,-1.35806634399848042980127355707797615791529493784588757237291833772576443357156284014216869903486108715E-9,0.15260516788721184984560205375318555063373459444254387237568049464917538353630671376572621965850423701174858949,1E-18,1E-12,0.000001,"[{""p"": ""0.93546111821574120188137875251530057443294136787623243784588757237291833772576443357156284014216869903486108715"", ""J"": ""0.0010750591130840267705688525217304299669005411149195222707480000435691544325220823746429669272564157974655014073"", ""signed_gap"": ""4.25746574693129797305760387391796279374330635054541559758608169361307116308846918787007884899437017856292E-8""}, {""p"": ""0.93746111821574120188137875251530057443294136787623243784588757237291833772576443357156284014216869903486108715"", ""J"": ""0.0010750590001051454153750488412610831746533300801436978837100947042299539993132530584318802031066751710385871842"", ""signed_gap"": ""4.24616785879577859268955693923873807263982876810671180705214777356975028015684807919766387493172748714061E-8""}]",compared,522,9.068126076466465060930562923847E-30,3.295153019000054,input-621ae325178ce4ab72f751eb,621ae325178ce4ab72f751eb96425ef9c4021e8e4d0f491bca0bdce12d600b95,512,aec7cff57191991ba3f1dfa4c2c047be85dddaa0226fb3217de73a1a7f997c17,aec7cff57191991ba3f1dfa4c2c047be85dddaa0226fb3217de73a1a7f997c17,87847f478c17323c56cf715b757a5bd40f0eb3e6eddff1d79910f9053467708d,0.9364611168576749,0.0010750165384265568,,,"[""s6/P4/U/w128/d61103/s1001/R/random""]","[""s6/confirm-U-w128-d61103-s1001-g00-random/e20""]",False,
input-62356291e02695040e17a8a5,62356291e02695040e17a8a58efb16ba0c72b2f28e66b5ed7cf516f2f8c4217c,512,8ca39088cd76bee65172a39c25eb65f738d4bd52f86a0d1b78206a06d4f703a0,8ca39088cd76bee65172a39c25eb65f738d4bd52f86a0d1b78206a06d4f703a0,d3d5dc58bf6e18cb5eb83776b1f3281822d44e87f0cb8eac10fb86b2d6539f59,8.0,4.653835816756476,,,"[""s4-fixed30-U-w128-d41843-s601""]","[""s4/confirm-U-w128-d41843-s601-g00-random/e30""]",,,True,True,True,True,True,False,False,False,[],8,8,8,4.6538358167564778816580432582047304875435414408663455548457469863006971520491612179779562424088498078004890256,4.6538358167564778816580432582047304875435414408663455548457469863006971520491612179779562424088498078004890256,4.6538358167564778816580432582047304875435414408663455548457469863006971520491612179779562424088498078004890256,0E-109,0E-109,0,0,2.2895678634980152722965699482162581364369136592861808196114626420238114480058777269438220999670798485190090656,2.2895678634980152722965699482162581364369136592861808196114626420238114480058777269438220999670798485190090656E-18,2.2895678634980152722965699482162581364369136592861808196114626420238114480058777269438220999670798485190090656E-12,0.000001,"[{""p"": ""7.999"", ""J"": ""4.6538360483237403698690648076829374187065148530198203315078851758408448272340400161597627615968166194403953777"", ""signed_gap"": ""2.315672624882110215494782069311629734121534747766621381895401476751848787981818065191879668116399063521E-7""}]",compared,521,9.0469475983489881364849358304101880562416467711462408294158420840516984434988840892584518226580343676582172395E-29,1.0643417669999735,input-62356291e02695040e17a8a5,62356291e02695040e17a8a58efb16ba0c72b2f28e66b5ed7cf516f2f8c4217c,512,8ca39088cd76bee65172a39c25eb65f738d4bd52f86a0d1b78206a06d4f703a0,8ca39088cd76bee65172a39c25eb65f738d4bd52f86a0d1b78206a06d4f703a0,d3d5dc58bf6e18cb5eb83776b1f3281822d44e87f0cb8eac10fb86b2d6539f59,8.0,4.653835816756476,,,"[""s4-fixed30-U-w128-d41843-s601""]","[""s4/confirm-U-w128-d41843-s601-g00-random/e30""]",False,
input-63ac0f299ab798bf98560135,63ac0f299ab798bf98560135cf406341f34c057b4d19e92e44b3672f659f3542,512,98959506fbf00a1a6db50907b92e993b4b6986ba3568c43a156a163f71f4c256,98959506fbf00a1a6db50907b92e993b4b6986ba3568c43a156a163f71f4c256,75eb90c5bc3fdfd61efc922f196ef8cbd23476626fbc723e34b7df881fd185bc,0.33729785557936576,0.000956853446405795,,,"[""s6/P4/U/w64/d61211/s1003/R/random""]","[""s6/confirm-U-w64-d61211-s1003-g04-random/e05""]",,,True,True,True,True,True,False,False,False,[],0.33729785306559278978966176509857177734375,0.33729785306556212230892854931373967796535935375732954735632053010867583205638860812978068779012483629312830332,0.3372978555793657573502741797710768878459930419921875,0.00095685344640579367831114436480173443871224032310089529823898952885093436443097917484990212110262479533097401785,0.00095685344640579367831114764905227851338462740582962340347392188673206983411963936901189457937882613539248949342,0.00095685344640579517521128153340276521285111580748279032821227149503108355099535202823975324733311102948884815447,-3.28425054407467238708272872810523493235788113546968866019416199245827620134006151547557E-27,1.49690013388435048669946648840165316692473834960829901371687571265922785866795428489409635866105E-18,3.066748073321578483209937839064624267045264367946989132416794361139187021931220987516370687169668E-14,2.51380363504134563045733720988063368823485795264367946989132416794361139187021931220987516370687169668E-9,0.15169760666709519414603640134970853670517259419044561017364749260622872828078812069541243585653540908113271546,1E-18,1E-12,0.000001,"[{""p"": ""0.33629785306556212230892854931373967796535935375732954735632053010867583205638860812978068779012483629312830332"", ""J"": ""0.00095709065259300993383988316327938724416962932202533088947158922617469383831453159453895536706416982490047328645"", ""signed_gap"": ""2.3720618721625552873551422710873078500191619570748599766733944262400419489222552706078768534368950798379303E-7""}, {""p"": ""0.33829785306556212230892854931373967796535935375732954735632053010867583205638860812978068779012483629312830332"", ""J"": ""0.00095709009307232787216409352177129158571827608026541612315155310214271888629423416906068093287849233433086350592"", ""signed_gap"": ""2.3664666653419385294587271901307233364867443579271967763121541064905217459480004878635349966619893837401250E-7""}]",compared,522,4.548924102744157206649541242867E-30,3.176353170999846,input-63ac0f299ab798bf98560135,63ac0f299ab798bf98560135cf406341f34c057b4d19e92e44b3672f659f3542,512,98959506fbf00a1a6db50907b92e993b4b6986ba3568c43a156a163f71f4c256,98959506fbf00a1a6db50907b92e993b4b6986ba3568c43a156a163f71f4c256,75eb90c5bc3fdfd61efc922f196ef8cbd23476626fbc723e34b7df881fd185bc,0.33729785557936576,0.000956853446405795,,,"[""s6/P4/U/w64/d61211/s1003/R/random""]","[""s6/confirm-U-w64-d61211-s1003-g04-random/e05""]",False,
input-658d17c467c135aa6dfc7ea9,658d17c467c135aa6dfc7ea9052bb14167026b1d99860905ad129513e5b47e3b,512,6bbeba8b8b05a54fd4be98e5912ed700f1549c8e20b9c3076ea9b67b5546e9f9,6bbeba8b8b05a54fd4be98e5912ed700f1549c8e20b9c3076ea9b67b5546e9f9,f70f84073c056c5aaba1995ec766355e203c7f234c0f2ac91162fbd579f7264f,0.03194518154721013,4.913533177085034e-05,,,"[""s5/single/M/w64/d57163/s802/R/random""]","[""s5/confirm-M-w64-d57163-s802-g04-random/e30""]",,,True,True,True,True,True,False,False,False,[],0.03194518110149147105403244495391845703125,0.031945181101922743572766859434004143583844810194131343379999091964214765655217993183269678176952031196286438086,0.0319451815472101274817617877488373778760433197021484375,0.000049135331770850163151707371662426027300335932555013780182768875382639600171375160260949239078816678272216585693,0.000049135331770850163151634603548293896824101804501146931624656168613863646612373362089729088416201414884667763117,0.000049135331770850245087392684626524158310766038862724782378796260439863858522273545694411521033040736220815286521,7.2768114132130476234128053866848558112706768775953559001798171220150662615263387548822576E-26,8.1935758081078230261486664234361577850754140091826000211909900183604682432616839321336147523404E-20,-4.31272518734414480085686552594810194131343379999091964214765655217993183269678176952031196286438086E-13,4.45287383908994928314833234292198509508017094120000908035785234344782006816730321823047968803713561914E-10,0.27878201608308509411206591045993830527338330990859221127289784485129935107016232888984864948849669042172642900,1E-18,1E-12,0.000001,"[{""p"": ""0.030945181101922743572766859434004143583844810194131343379999091964214765655217993183269678176952031196286438086"", ""J"": ""0.000049548662520501557204367775573426873321320143495480423595925677582786074317883182768563245200249422622368053938"", ""signed_gap"": ""4.13330749651394052733172025132976497218338994333491971269508968922427705509820678834156784048007737700290821E-7""}, {""p"": ""0.032945181101922743572766859434004143583844810194131343379999091964214765655217993183269678176952031196286438086"", ""J"": ""0.000049548418769449938133812383593128240965362801005546176495303498814156667025275469812100670109657439677084057014"", ""signed_gap"": ""4.13086998599774982177780044834344141260996504399244870647330200293020412902107722371581693456024792416293897E-7""}]",compared,522,1.4803172044853179020149217580195E-29,2.62813277500004,input-658d17c467c135aa6dfc7ea9,658d17c467c135aa6dfc7ea9052bb14167026b1d99860905ad129513e5b47e3b,512,6bbeba8b8b05a54fd4be98e5912ed700f1549c8e20b9c3076ea9b67b5546e9f9,6bbeba8b8b05a54fd4be98e5912ed700f1549c8e20b9c3076ea9b67b5546e9f9,f70f84073c056c5aaba1995ec766355e203c7f234c0f2ac91162fbd579f7264f,0.03194518154721013,4.913533177085034e-05,,,"[""s5/single/M/w64/d57163/s802/R/random""]","[""s5/confirm-M-w64-d57163-s802-g04-random/e30""]",False,
input-659944728ea07a8e8c28fd25,659944728ea07a8e8c28fd25ebe16ccf9628ec1c3154a7098fa11e4c88b4cffa,512,8ca39088cd76bee65172a39c25eb65f738d4bd52f86a0d1b78206a06d4f703a0,8ca39088cd76bee65172a39c25eb65f738d4bd52f86a0d1b78206a06d4f703a0,348e10f1df7aa19e3614509321f32344aa5b43a839dcb7f42787074e2f2b8b9b,0.7860609857305849,6.775498211548494e-05,,,"[""s4-fixed30-U-w64-d43997-s601""]","[""s4/confirm-U-w64-d43997-s601-g00-random/e30""]",,,True,True,True,True,True,False,False,False,[],0.78606098563386694877408444881439208984375,0.78606098563327435054086656924521346463104885014896795510335532630693835483389414120278196647917263259482463525,0.7860609857305849157427246609586291015148162841796875,0.000067754982115484954845073143630269127148009592956202362702979603637798594326438188695378649103404406600337598270,0.000067754982115484954845062943790994117678119729233480483828237334126199149588721562660198892431033818470578320078,0.000067754982115484955413614697096928147354575515647083123380857372913569726721062314401788652486381826956758850480,1.0199839275009469889863722721878874742269511599444737716626035179756672370588129759278192E-26,5.68551753305934029676455786413602639552620038787370577132340751741589760055348008486180530402E-22,5.9259823321787956917862521270114985103204489664467369306164516610585879721803352082736740517536475E-13,9.731056520185809171341563688376743403071954489664467369306164516610585879721803352082736740517536475E-11,0.12558611907624339159697411772973630371159896589661822143925458683194874813107223247107771281428402603817908428,1E-18,1E-12,0.000001,"[{""p"": ""0.78506098563327435054086656924521346463104885014896795510335532630693835483389414120278196647917263259482463525"", ""J"": ""0.000067815309266659071684715532614804315965094360001257426215469873329826895846334473167561464400192928553649050664"", ""signed_gap"": ""6.0327151174116839652588823810198286974630767776942387232539203627746257612910507362571969159110083070730586E-8""}, {""p"": ""0.78706098563327435054086656924521346463104885014896795510335532630693835483389414120278196647917263259482463525"", ""J"": ""0.000067815117574191259904792837293275614625455621020867496506344863379835142285675879957233004707325210028093979596"", ""signed_gap"": ""6.0135458706305059729893502281496947335891787387012678107529253635992696954317297034112276291391557515659518E-8""}]",compared,522,4.8124750936570860033821072199010E-30,3.2677840239999796,input-659944728ea07a8e8c28fd25,659944728ea07a8e8c28fd25ebe16ccf9628ec1c3154a7098fa11e4c88b4cffa,512,8ca39088cd76bee65172a39c25eb65f738d4bd52f86a0d1b78206a06d4f703a0,8ca39088cd76bee65172a39c25eb65f738d4bd52f86a0d1b78206a06d4f703a0,348e10f1df7aa19e3614509321f32344aa5b43a839dcb7f42787074e2f2b8b9b,0.7860609857305849,6.775498211548494e-05,,,"[""s4-fixed30-U-w64-d43997-s601""]","[""s4/confirm-U-w64-d43997-s601-g00-random/e30""]",False,
input-66d9e4cc2ac19d71c8622b80,66d9e4cc2ac19d71c8622b804b79f257ea825f0f173c6078cdf75f574c1b3501,512,aec7cff57191991ba3f1dfa4c2c047be85dddaa0226fb3217de73a1a7f997c17,aec7cff57191991ba3f1dfa4c2c047be85dddaa0226fb3217de73a1a7f997c17,bc361243ac7c2fce94955c0f17583109a351e867a1575fdb8193cf5aa2944c2e,1.75607329191145,0.00981450804720756,,,"[""s6/P4/U/w256/d61319/s1001/R/random""]","[""s6/confirm-U-w256-d61319-s1001-g00-random/e10""]",,,True,True,True,True,True,False,False,False,[],1.75607330444154285942204296588897705078125,1.7560733044416178180398099469491222120571590090227729492809842458990430828714562990751837276502016700263053402,1.756073291911449896218755384325049817562103271484375,0.0098145080472075447143851444550850816492045645355695675738471226379450091261786950825454093959966293092582945662,0.0098145080472075447143851445229670302171090232649916447518758640562710521057758524029711688745535490535549277416,0.0098145080472075462370498434016592727155081043126500505338039317862606215167901326789736172223891061964246785447,-6.78819485679044587294220771780287414183260429795971573204257594785569197442966331754E-29,1.5226646988786922424983990810476584057819280677299895694110142802760024483478355571428697508031E-18,-7.49586177669810601451612759090090227729492809842458990430828714562990751837276502016700263053402E-14,-1.25301679218210545626240723944950557375383979492809842458990430828714562990751837276502016700263053402E-8,0.27392351335911073993938553872611140140665336489966231500330781664132835181693787713551068236126822022009169841,1E-18,1E-12,0.000001,"[{""p"": ""1.7550733044416178180398099469491222120571590090227729492809842458990430828714562990751837276502016700263053402"", ""J"": ""0.0098145177533071927195886727703695719585475275501331642971855445081350627367536793584095903386947710824706666748"", ""signed_gap"": ""9.7060996480052035282474025417414385042851415195453096804518640106309778269554384214641412220289157389332E-9""}, {""p"": ""1.7570733044416178180398099469491222120571590090227729492809842458990430828714562990751837276502016700263053402"", ""J"": ""0.00981451773774934903072768862187847838659791409091746471035592962776249355198445029830915250987414918887827985"", ""signed_gap"": ""9.6905418043163425440989114481694888908259258199584800655714914414462085978953379836353206001353233521084E-9""}]",compared,522,1.2531478800621001408333787880492E-29,3.3022207730000446,input-66d9e4cc2ac19d71c8622b80,66d9e4cc2ac19d71c8622b804b79f257ea825f0f173c6078cdf75f574c1b3501,512,aec7cff57191991ba3f1dfa4c2c047be85dddaa0226fb3217de73a1a7f997c17,aec7cff57191991ba3f1dfa4c2c047be85dddaa0226fb3217de73a1a7f997c17,bc361243ac7c2fce94955c0f17583109a351e867a1575fdb8193cf5aa2944c2e,1.75607329191145,0.00981450804720756,,,"[""s6/P4/U/w256/d61319/s1001/R/random""]","[""s6/confirm-U-w256-d61319-s1001-g00-random/e10""]",False,
input-6771c158d30aa71143acebe6,6771c158d30aa71143acebe6778ad13694461c56b9fd3ee0499a16ac3f343da6,512,6bbeba8b8b05a54fd4be98e5912ed700f1549c8e20b9c3076ea9b67b5546e9f9,6bbeba8b8b05a54fd4be98e5912ed700f1549c8e20b9c3076ea9b67b5546e9f9,e42fa90bdaa5a44f9393163cd020bd054d1162b590214c9740685313ee2cf169,0.6443789602370384,0.0004198490144352375,,,"[""s5/single/U/w64/d55049/s802/R/random""]","[""s5/confirm-U-w64-d55049-s802-g04-random/e10""]",,,True,True,True,True,True,False,False,False,[],0.64437895956461943569593131542205810546875,0.64437895956439604352009825677964357919974990466954557194467639826161597414740535460578684620411337808306144825,0.644378960237038445058033175882883369922637939453125,0.00041984901443523724911486985577492118342333026792990884802662249738496072157157145762814163839694691911415295980,0.00041984901443523724911486401091560865690782526596551904204070173978230930539920873486856044304891982131363592609,0.00041984901443523728880584162313015849769261524444413232917481703107126862089182400166676133692943882158560285535,5.84485931252651550500196438980598592075760265141617236272275958119534802709780051703371E-27,3.969097761221454984078478997847861328713411529128895931549261526679820089388051900027196692926E-20,2.2339217583305864241452626900009533045442805532360173838402585259464539421315379588662191693855175E-13,6.7264240153793491910323979072288803478357942805532360173838402585259464539421315379588662191693855175E-10,0.095286153561431716316461946734667553533848925296924578943974068386673246163720008273100088467401871470132307148,1E-18,1E-12,0.000001,"[{""p"": ""0.64337895956439604352009825677964357919974990466954557194467639826161597414740535460578684620411337808306144825"", ""J"": ""0.00041993687330810721451613070052356751640146310866484356172586135079995399694014531653220613565561731205989890271"", ""signed_gap"": ""8.785887286996540126668960795885949363784269932451968515961101764469154093658166364569260669749074626297662E-8""}, {""p"": ""0.64537895956439604352009825677964357919974990466954557194467639826161597414740535460578684620411337808306144825"", ""J"": ""0.00041993658628379069651168230928240244911912464315627919554490108004886691169048540611560804957064367400896100080"", ""signed_gap"": ""8.757184855344739681829836679379221129937719076015350419934026655760629127667124704760652172385269532507471E-8""}]",compared,522,8.6479209711903985382313708305623E-30,3.236284125999987,input-6771c158d30aa71143acebe6,6771c158d30aa71143acebe6778ad13694461c56b9fd3ee0499a16ac3f343da6,512,6bbeba8b8b05a54fd4be98e5912ed700f1549c8e20b9c3076ea9b67b5546e9f9,6bbeba8b8b05a54fd4be98e5912ed700f1549c8e20b9c3076ea9b67b5546e9f9,e42fa90bdaa5a44f9393163cd020bd054d1162b590214c9740685313ee2cf169,0.6443789602370384,0.0004198490144352375,,,"[""s5/single/U/w64/d55049/s802/R/random""]","[""s5/confirm-U-w64-d55049-s802-g04-random/e10""]",False,
input-6917aa26e842c22d7f392158,6917aa26e842c22d7f3921583582d976b7d9828241ae2be530b7c6647fe8633d,512,6bbeba8b8b05a54fd4be98e5912ed700f1549c8e20b9c3076ea9b67b5546e9f9,6bbeba8b8b05a54fd4be98e5912ed700f1549c8e20b9c3076ea9b67b5546e9f9,ec666f56d70e6862de9726c878962b61f3b9f416084421c7584c36ad26622923,0.044829617910494016,5.976355841694764e-05,,,"[""s5/single/M/w128/d52919/s802/R/random""]","[""s5/confirm-M-w128-d52919-s802-g05-random/e20""]",,,True,True,True,True,True,False,False,False,[],0.04482961751591574284248054027557373046875,0.044829617516257341586081382130343226384823743301658944987225345030375505129873614459329042608047966400764775784,0.04482961791049401567565979576102108694612979888916015625,0.000059763558416947801030290738486633769392106142894038080565054731830778257288845272187160046211026788335081048707,0.000059763558416947801030293086804149737014700986305085396014795905917820380141771886649203258300390328841536461014,0.000059763558416947864662422087564474792056525193610180090470479910700531007617548197213271810442130787391968928957,-2.348317515967622594843411047315449741174087042122852926614462043212089363540506455412307E-27,6.3632129000760325055041824207305094694455684004782710627475776310564068552141740458550432467943E-20,-3.41598743600841854769495916073743301658944987225345030375505129873614459329042608047966400764775784E-13,3.94236674089578413630677860561306055587501211262774654969624494870126385540670957391952033599235224216E-10,0.27148658654028673380296575403155677165897894290819325996142904901727230973331066554099725790489293896052411008,1E-18,1E-12,0.000001,"[{""p"": ""0.043829617516257341586081382130343226384823743301658944987225345030375505129873614459329042608047966400764775784"", ""J"": ""0.000060172744809529134277089119390905488633082128909792442938586284323833975942956862986307281546709843361351162443"", ""signed_gap"": ""4.09186392581333246796032586755751618381142604707046923790378406013595801184976337104023246319514519814701429E-7""}, {""p"": ""0.045829617516257341586081382130343226384823743301658944987225345030375505129873614459329042608047966400764775784"", ""J"": ""0.000060172454506885342534767744321850965005235532468782821937807482262390954854691977715532955203965043607808744094"", ""signed_gap"": ""4.08896089937541504474657517701227990534546163697425923011576344570574712920091066329696903574714766272283080E-7""}]",compared,522,1.835168115272625615233487285575E-29,2.7154784849999487,input-6917aa26e842c22d7f392158,6917aa26e842c22d7f3921583582d976b7d9828241ae2be530b7c6647fe8633d,512,6bbeba8b8b05a54fd4be98e5912ed700f1549c8e20b9c3076ea9b67b5546e9f9,6bbeba8b8b05a54fd4be98e5912ed700f1549c8e20b9c3076ea9b67b5546e9f9,ec666f56d70e6862de9726c878962b61f3b9f416084421c7584c36ad26622923,0.044829617910494016,5.976355841694764e-05,,,"[""s5/single/M/w128/d52919/s802/R/random""]","[""s5/confirm-M-w128-d52919-s802-g05-random/e20""]",False,
input-6941a43a9bd65cfc137484dc,6941a43a9bd65cfc137484dc006ff0cbc47d6246fb9227be84e6e29aec248670,512,64d79b2736758b25c1c5c2ff642dc9c7b30eafec3eabc5047d3a48be209bd01a,64d79b2736758b25c1c5c2ff642dc9c7b30eafec3eabc5047d3a48be209bd01a,d84d76e3a4600470c6833e15128dd6b62ef437248f980ef5838282dca1bc5567,0.08593999113212979,0.00017096396559103768,,,"[""s4-fixed30-M-w128-d43997-s603""]","[""s4/confirm-M-w128-d43997-s603-g00-random/e30""]",,,True,True,True,True,True,False,False,False,[],0.08593999122194873052649199962615966796875,0.085939991221732393173379771598002253066415898337699109974341323875610611477963627403464621155800520957132712945,0.08593999113212978657738716492531239055097103118896484375,0.00017096396559103824240336920462213351347100846888451146843913001922718871280516065120922740613970764835698416300,0.00017096396559103824240339212757528735467312623919297353690626246314449015324446989802704252474365437513936190885,0.00017096396559103824574830819334721262960668617385207083479779192982049029693238023788697833436776705006403768720,-2.292295315384120211777030846206846713244391730144043930924681781511860394672678237774585E-26,3.34491606577192527493355993465909729789152946667600014368791033985993580962411267492467577835E-21,2.16337353112228028157414902334101662300890025658676124389388522036372596535378844199479042867287055E-13,-8.9602606595992606672689862515444867148734266224341323875610611477963627403464621155800520957132712945E-11,0.24595512340511983053669999129780905158501199248338372463421808680772113563665283107216977751244153578713558534,1E-18,1E-12,0.000001,"[{""p"": ""0.084939991221732393173379771598002253066415898337699109974341323875610611477963627403464621155800520957132712945"", ""J"": ""0.00017137855957904050570004923731179409119826004033917970519687633822389891699947040676701381843249718144472432253"", ""signed_gap"": ""4.1459398800226329665710973650673652513380114620616829061387507940876375500050873997129368884280630536241368E-7""}, {""p"": ""0.086939991221732393173379771598002253066415898337699109974341323875610611477963627403464621155800520957132712945"", ""J"": ""0.00017137825125322761750784203965924783418389130226985268241997632488486610142713741193537494395852215524403725684"", ""signed_gap"": ""4.1428566218937510444991208396047951076506307687914551371386174037594818266751390833241921486778010467534799E-7""}]",compared,522,1.2662025725188936897569940303279E-29,3.026508018999948,input-6941a43a9bd65cfc137484dc,6941a43a9bd65cfc137484dc006ff0cbc47d6246fb9227be84e6e29aec248670,512,64d79b2736758b25c1c5c2ff642dc9c7b30eafec3eabc5047d3a48be209bd01a,64d79b2736758b25c1c5c2ff642dc9c7b30eafec3eabc5047d3a48be209bd01a,d84d76e3a4600470c6833e15128dd6b62ef437248f980ef5838282dca1bc5567,0.08593999113212979,0.00017096396559103768,,,"[""s4-fixed30-M-w128-d43997-s603""]","[""s4/confirm-M-w128-d43997-s603-g00-random/e30""]",False,
input-695a6cdb28508fbd240d81dc,695a6cdb28508fbd240d81dc4c84d2ba61c8f3c7c9a8f72a90e05565238c5745,512,7be644b0c9c150d2ad13945dfa07cbafc83d33430c857b29195a2344b15ec72d,7be644b0c9c150d2ad13945dfa07cbafc83d33430c857b29195a2344b15ec72d,4cf80c6b045ee9e3bf767352c7453b379899c5613a63a0571c6605a09c8f56c7,2.0225588091131828,0.0366596839109112,,,"[""s6/P4/U/w128/d61211/s1002/R/random""]","[""s6/confirm-U-w128-d61211-s1002-g00-random/e20""]",,,True,True,True,True,True,False,False,False,[],2.02255881600240172701887786388397216796875,2.0225588160019223855124700012335729276190815679599453247322612550176037226521435387953811502500951214661062988,2.02255880911318275394705779035575687885284423828125,0.036659683910911197635812591294349010665189251487001001797431940617486219374996259556622652043109806415994532783,0.036659683910911197635812590136845133151970165706815606946368033705823542480585708833471971669704783439542694330,0.036659683910911197984854486308107371660761748830567232624721967548066809616136509848954148975656932259444552518,1.157503877513219085780185394851063906911662676894410550723150680373405022976451838453E-27,3.49041896171262238508791583123751625678353933842243267135550801015482177305952148819901858188E-19,4.793415064078626503992403496684320400546752677387449823962773478564612046188497499048785338937012E-13,-6.8887396315654122108778160487662373296786953247322612550176037226521435387953811502500951214661062988E-9,0.36762679285529508973828471183444731394403142891739593850185376802415721259962257300329699007059320761859391296,1E-18,1E-12,0.000001,"[{""p"": ""2.0215588160019223855124700012335729276190815679599453247322612550176037226521435387953811502500951214661062988"", ""J"": ""0.036659691271993214299464070435527494295568908394237936916877372464550207237218695812840266668065016237872388838"", ""signed_gap"": ""7.361082016663651480298682361143598742687422329970509338758726664756632986979368294998360232798329694508E-9""}, {""p"": ""2.0235588160019223855124700012335729276190815679599453247322612550176037226521435387953811502500951214661062988"", ""J"": ""0.036659691260033330927780843291179711658855423458947580096030597670743629155843728570194112908208712922131435885"", ""signed_gap"": ""7.349122133291968253154334578506885257752131973149662563964920086675258019736722141238503929482588741555E-9""}]",compared,522,2.0699784150127429774378868418E-29,3.307759322999914,input-695a6cdb28508fbd240d81dc,695a6cdb28508fbd240d81dc4c84d2ba61c8f3c7c9a8f72a90e05565238c5745,512,7be644b0c9c150d2ad13945dfa07cbafc83d33430c857b29195a2344b15ec72d,7be644b0c9c150d2ad13945dfa07cbafc83d33430c857b29195a2344b15ec72d,4cf80c6b045ee9e3bf767352c7453b379899c5613a63a0571c6605a09c8f56c7,2.0225588091131828,0.0366596839109112,,,"[""s6/P4/U/w128/d61211/s1002/R/random""]","[""s6/confirm-U-w128-d61211-s1002-g00-random/e20""]",False,
input-6aeb0859570c24e37cec1224,6aeb0859570c24e37cec1224c3913009151af2255af5601717eb348476c5754f,512,aec7cff57191991ba3f1dfa4c2c047be85dddaa0226fb3217de73a1a7f997c17,aec7cff57191991ba3f1dfa4c2c047be85dddaa0226fb3217de73a1a7f997c17,1056c3c141a2c64cc910aeadb6ca48a0ef8f616ea1e835acb68cf8d073d253d7,0.16261292827281404,0.0003375405100076983,,,"[""s6/P4/U/w64/d61103/s1001/R/random""]","[""s6/confirm-U-w64-d61103-s1001-g04-random/e05""]",,,True,True,True,True,True,False,False,False,[],0.16261292933950244332663714885711669921875,0.16261292933961442479895054721978554754416207834391741251045712005639409798158758504180125393677622032980078996,0.16261292827281403905459455927484668791294097900390625,0.00033754051000769733742481448491555798729505759364242870289323491161833710144641422524149041598586841279841948760,0.00033754051000769733742481706302700183400874577346741979939013185070643584813135216523237406874312141760929480793,0.00033754051000769773432871277379143103319822981954352448738469186404221117574845552150802566647167829017694330613,-2.57811144384671368817982499109649689693908809874668493793999088365275725300481087532033E-27,3.9690389571076442919918948404607610468799456001333577532761710335627565159772855687256764849820E-19,-1.1198147231339836266884832541207834391741251045712005639409798158758504180125393677622032980078996E-13,-1.06680038574435598794493885963122109934001116251045712005639409798158758504180125393677622032980078996E-9,0.21635833842477608655932391720164167882103026717562509788773619739815331505535718367433206510217524514984040006,1E-18,1E-12,0.000001,"[{""p"": ""0.16161292933961442479895054721978554754416207834391741251045712005639409798158758504180125393677622032980078996"", ""J"": ""0.00033788961582027063117544180052457894322646313368190802299583890011666674298322867308199638990058841736577481121"", ""signed_gap"": ""3.4910581257329375062473749757710921771736021448822360570704941023089485187650784962232115746699975648000328E-7""}, {""p"": ""0.16361292933961442479895054721978554754416207834391741251045712005639409798158758504180125393677622032980078996"", ""J"": ""0.00033788902761854276977418214656823812265290891277053456218596016710548871982515799968954840724912962640068069498"", ""signed_gap"": ""3.4851761084543234936508354123628864416313930311476279582831639905287169380583445717433850600820879138588705E-7""}]",compared,522,1.0637507342612112886730172619525E-29,3.313850780000166,input-6aeb0859570c24e37cec1224,6aeb0859570c24e37cec1224c3913009151af2255af5601717eb348476c5754f,512,aec7cff57191991ba3f1dfa4c2c047be85dddaa0226fb3217de73a1a7f997c17,aec7cff57191991ba3f1dfa4c2c047be85dddaa0226fb3217de73a1a7f997c17,1056c3c141a2c64cc910aeadb6ca48a0ef8f616ea1e835acb68cf8d073d253d7,0.16261292827281404,0.0003375405100076983,,,"[""s6/P4/U/w64/d61103/s1001/R/random""]","[""s6/confirm-U-w64-d61103-s1001-g04-random/e05""]",False,
input-6d740fd862b2be26823f3db8,6d740fd862b2be26823f3db8940644ecd9a7b2ca191381fc1285ab940acbfcfd,512,720cb4a2dfd9a2162099cb394e9a04c5f55c5f1ca83d49aa865475f11e0c23cd,720cb4a2dfd9a2162099cb394e9a04c5f55c5f1ca83d49aa865475f11e0c23cd,eeed59afca0e40d9f74fc0ee1038ca0af1a15217385c6a939e1eaebc4e5cd6b3,0.6762217497458052,0.00019044787783691674,,,"[""s4-fixed30-U-w64-d43997-s602""]","[""s4/confirm-U-w64-d43997-s602-g00-random/e30""]",,,True,True,True,True,True,False,False,False,[],0.67622174922644262551330029964447021484375,0.6762217492264619352228359446578514235332578895783170100877355846884161685851145631964621229702069898094904999,0.6762217497458051784775534542859531939029693603515625,0.00019044787783691686106456504863804300823307237428171957208730660409484639620975452775764087560997924786618763367,0.00019044787783691686106456420921389734710798933833472283536432247205150482458778833685845279043739828394339840774,0.00019044787783691688679063201688381161087188038091749632555573412427607658536651248876753025565108942412189461405,8.3942414566112508303594699673672298413204334157162196619089918808517258096392278922593E-28,2.572606780766991426376389104258277349019141165222457176077872415190907746521369114017849620631E-20,-1.93097095356450133812086895078895783170100877355846884161685851145631964621229702069898094904999E-14,5.193432432547175096281017703697114707732454899122644153115838314148854368035378770297930101905095001E-10,0.10585089176336451800358995426605959431571448067652327733067599699410744107787688680577741506312475244320761124,1E-18,1E-12,0.000001,"[{""p"": ""0.6752217492264619352228359446578514235332578895783170100877355846884161685851145631964621229702069898094904999"", ""J"": ""0.00019054348824979468136181367194258477067210042815214987476468351968193401327757953638830026030631073197178078545"", ""signed_gap"": ""9.561041287782029724946272868742356411108981742703940036104763042918868979119952984746986891244802838237771E-8""}, {""p"": ""0.6772217492264619352228359446578514235332578895783170100877355846884161685851145631964621229702069898094904999"", ""J"": ""0.00019054319111318722407975901369467625896351539709021879078330588684603326341071867016528282433024175347764427731"", ""signed_gap"": ""9.531327627036301519480448077891185552605875549595541898341479452843882293033330683003389284346953424586957E-8""}]",compared,522,7.8911809073345127572435787167432E-30,3.2524361990000443,input-6d740fd862b2be26823f3db8,6d740fd862b2be26823f3db8940644ecd9a7b2ca191381fc1285ab940acbfcfd,512,720cb4a2dfd9a2162099cb394e9a04c5f55c5f1ca83d49aa865475f11e0c23cd,720cb4a2dfd9a2162099cb394e9a04c5f55c5f1ca83d49aa865475f11e0c23cd,eeed59afca0e40d9f74fc0ee1038ca0af1a15217385c6a939e1eaebc4e5cd6b3,0.6762217497458052,0.00019044787783691674,,,"[""s4-fixed30-U-w64-d43997-s602""]","[""s4/confirm-U-w64-d43997-s602-g00-random/e30""]",False,
input-6d8d8ded0e7ae75491cce924,6d8d8ded0e7ae75491cce9240e843eaabef36a9ce35ad6d96ac2794432fc34f8,512,8ca39088cd76bee65172a39c25eb65f738d4bd52f86a0d1b78206a06d4f703a0,8ca39088cd76bee65172a39c25eb65f738d4bd52f86a0d1b78206a06d4f703a0,1368dca7b8d1ca1a185a3bb505ff4aa9d95d83f54f1b0a7014a9458d6df7c1fe,0.0917968351869278,0.0001411683014015975,,,"[""s4-fixed30-M-w128-d46219-s601""]","[""s4/confirm-M-w128-d46219-s601-g00-random/e30""]",,,True,True,True,True,True,False,False,False,[],0.09179683519460013485513627529144287109375,0.09179683519497745662970859007357307150193776737059363128758355581662097326127625671142478319198353239227989948,0.0917968351869277998655860528742778114974498748779296875,0.00014116830140159751568458175196984499967729026684340418859869451756569423347998197696085620491686070516032505375,0.00014116830140159751568457345122229760261982301194758720359177229961909832832726006140447289432495324836122163621,0.00014116830140159751570896550828370899336450880060219335781325602446233162161102668578048034801063675209465314081,8.30074754739705746725489581698500692221794659590515272191555638331059190745679910341754E-27,2.439205706141139074468578865460615422148372484323329328376662437600745368568350373343150460E-23,-3.7732177457231478213020040818776737059363128758355581662097326127625671142478319198353239227989948E-13,-8.04965676412253719929526000448789249266394378758355581662097326127625671142478319198353239227989948E-12,0.24670814072084303107513330239437630774001816877596991944712853162566926766658070929709389027184804091473376405,1E-18,1E-12,0.000001,"[{""p"": ""0.09079683519497745662970859007357307150193776737059363128758355581662097326127625671142478319198353239227989948"", ""J"": ""0.00014156057033262696937385299373516737955058888379605371123742898746563875877346996725745701812637956004494265770"", ""signed_gap"": ""3.9226893102945368927954251286977693076587184846650764565668784654043044620990585298412380142631168372102149E-7""}, {""p"": ""0.09279683519497745662970859007357307150193776737059363128758355581662097326127625671142478319198353239227989948"", ""J"": ""0.00014156019922587308504912429971518870280859854112204235545902362543509044464774175237301571628695276949596876994"", ""signed_gap"": ""3.9189782427556936455084849289110018877552917445515186725132581599211632048169096854282196199952113474713373E-7""}]",compared,522,1.4399898919623325392151862632244E-29,2.9560675610000544,input-6d8d8ded0e7ae75491cce924,6d8d8ded0e7ae75491cce9240e843eaabef36a9ce35ad6d96ac2794432fc34f8,512,8ca39088cd76bee65172a39c25eb65f738d4bd52f86a0d1b78206a06d4f703a0,8ca39088cd76bee65172a39c25eb65f738d4bd52f86a0d1b78206a06d4f703a0,1368dca7b8d1ca1a185a3bb505ff4aa9d95d83f54f1b0a7014a9458d6df7c1fe,0.0917968351869278,0.0001411683014015975,,,"[""s4-fixed30-M-w128-d46219-s601""]","[""s4/confirm-M-w128-d46219-s601-g00-random/e30""]",False,
input-7058fe8eebcfb2ceb159d91a,7058fe8eebcfb2ceb159d91aa8c88bffa8744f8c8730f9b8fee1b5e14ea88292,512,98959506fbf00a1a6db50907b92e993b4b6986ba3568c43a156a163f71f4c256,98959506fbf00a1a6db50907b92e993b4b6986ba3568c43a156a163f71f4c256,c191093955920a1807b42b30a63cbfa2d58d821e524d8defb02220689ce05080,1.307317789733533,0.016957243529853235,,,"[""s6/P4/U/w256/d61319/s1003/R/random""]","[""s6/confirm-U-w256-d61319-s1003-g00-random/e10""]",,,True,True,True,True,True,False,False,False,[],1.30731779369807554758153855800628662109375,1.3073177936979617380981316356001470037022178382100879610011304553509603715151584438968652298477855559345651908,1.3073177897335330754913229611702263355255126953125,0.016957243529853248026702829859120361334430537955647082474516164803411469783919298879754632336312451444505763954,0.016957243529853248026702830579082130073143622748320381876911667637599847149574056819324702265877966864697375401,0.016957243529853248460377729267731518310957133022444837526662211402715088885209957917753953902982665588226049563,-7.19961768738713084792673299402395502834188377365654757939570069929565515420191611447E-28,4.33674898688649388237813510274124455649750543765115241735635901098429251637104698723528674162E-19,1.138094834069224061396173915321617899120389988695446490396284848415561031347701522144440654348092E-13,-3.9644286626068086744299206681767051428975879610011304553509603715151584438968652298477855559345651908E-9,0.25931781292913510967025540620943519071461430164329305305140441360244714580512090746137702693464484679190111444,1E-18,1E-12,0.000001,"[{""p"": ""1.3063177936979617380981316356001470037022178382100879610011304553509603715151584438968652298477855559345651908"", ""J"": ""0.016957271150870604910994994961822019245823474224989409009284573768985214233441440279588691234389464407514275501"", ""signed_gap"": ""2.7621017356884292164382739889172679851476669027132372906131385367083867383460263988968511497542816900100E-8""}, {""p"": ""1.3083177936979617380981316356001470037022178382100879610011304553509603715151584438968652298477855559345651908"", ""J"": ""0.016957271090634084485774957250367367139251726287948111994676907818691766842552480589878229267023258768498867533"", ""signed_gap"": ""2.7560780836459072126671285237066108103539627730117765240181091919692978423770553527001145291903801492132E-8""}]",compared,522,1.8832156292454155282695503776418E-29,3.3005340770000657,input-7058fe8eebcfb2ceb159d91a,7058fe8eebcfb2ceb159d91aa8c88bffa8744f8c8730f9b8fee1b5e14ea88292,512,98959506fbf00a1a6db50907b92e993b4b6986ba3568c43a156a163f71f4c256,98959506fbf00a1a6db50907b92e993b4b6986ba3568c43a156a163f71f4c256,c191093955920a1807b42b30a63cbfa2d58d821e524d8defb02220689ce05080,1.307317789733533,0.016957243529853235,,,"[""s6/P4/U/w256/d61319/s1003/R/random""]","[""s6/confirm-U-w256-d61319-s1003-g00-random/e10""]",False,
input-706c22d40573f76c72dbe9c9,706c22d40573f76c72dbe9c96381fb12777c9d695b978bc544a467a2386ac94b,512,c89e77c654eaf6bb5186b57235d9f7044dbc61288842163a04ff3029e9759317,c89e77c654eaf6bb5186b57235d9f7044dbc61288842163a04ff3029e9759317,e02cbc6ae3296872e2f04ec41c14f1ddd830925e3bee028db539635d6d75cd11,0.20450675614491004,0.00036397061829291565,,,"[""s5/single/U/w64/d55049/s803/R/random""]","[""s5/confirm-U-w64-d55049-s803-g04-random/e10""]",,,True,True,True,True,True,False,False,False,[],0.20450675608071833266876637935638427734375,0.20450675608043219018118687245352143257117109985190553898945150060076051748236203219993611080601111417109022550,0.204506756144910040173812149078003130853176116943359375,0.00036397061829291656693826392140642374184534262669566503735189602212940020935397649012551830772530008012483500658,0.00036397061829291656693824263839313398337850681844081873199164377576615457186557550133343981247781191713698704857,0.00036397061829291656831316057724748792813160165446594521721344009468533785710657151613336285178334395587890127428,2.128301328975846683580825484630536025224636324563748840098879207849524748816298784795801E-26,1.37491793885435394475309483602512648522179631891918328524099601479992303930553203874191422571E-21,2.8614248757950690286284477257890014809446101054849939923948251763796780006388919398888582890977450E-13,6.447784999262527662448169828200501709145383601054849939923948251763796780006388919398888582890977450E-11,0.19684746647247175288036552019728648986202401206987778860068110862098948675419314648809848927910763026947754956,1E-18,1E-12,0.000001,"[{""p"": ""0.20350675608043219018118687245352143257117109985190553898945150060076051748236203219993611080601111417109022550"", ""J"": ""0.00036430192915857684270543708213527742064711918614543184194179199182063318722155050956822109036051718336846703518"", ""signed_gap"": ""3.3131086566027576719444374214343726861236770461310995014821605447861535597500823478127788270526623147998661E-7""}, {""p"": ""0.20550675608043219018118687245352143257117109985190553898945150060076051748236203219993611080601111417109022550"", ""J"": ""0.00036430137055410204959070233059554334300672004251009167139933365329690532199730027869888382348173701259054921592"", ""signed_gap"": ""3.3075226118548265245969220240935962821322406927293940768987753075075013172477736544401100392509545356216735E-7""}]",compared,522,5.177077234285899109081207685646E-30,3.110609312999941,input-706c22d40573f76c72dbe9c9,706c22d40573f76c72dbe9c96381fb12777c9d695b978bc544a467a2386ac94b,512,c89e77c654eaf6bb5186b57235d9f7044dbc61288842163a04ff3029e9759317,c89e77c654eaf6bb5186b57235d9f7044dbc61288842163a04ff3029e9759317,e02cbc6ae3296872e2f04ec41c14f1ddd830925e3bee028db539635d6d75cd11,0.20450675614491004,0.00036397061829291565,,,"[""s5/single/U/w64/d55049/s803/R/random""]","[""s5/confirm-U-w64-d55049-s803-g04-random/e10""]",False,
input-70dec00eee460127940d9336,70dec00eee460127940d933696bfcfe0a4357008e8524c2c53d284c87d3581af,512,aec7cff57191991ba3f1dfa4c2c047be85dddaa0226fb3217de73a1a7f997c17,aec7cff57191991ba3f1dfa4c2c047be85dddaa0226fb3217de73a1a7f997c17,ebe3b70b43983f01055c5df0ba0327d15aa6f10c8bf5ddfcd83c81ce7d327fb0,0.05024596269422904,3.815301791632704e-05,,,"[""s6/P1/M/w64/d61103/s1001/R/random"", ""s6/P2/M/w64/d61103/s1001/R/random"", ""s6/P3/M/w64/d61103/s1001/R/random"", ""s6/P4/M/w64/d61103/s1001/R/random""]","[""s6/confirm-M-w64-d61103-s1001-g04-random/e30""]",,,True,True,True,True,True,False,False,False,[],0.05024596259727331926114857196807861328125,0.05024596259765883623332175953201065456892967391949112760435456860137816159148779618768419398478882388380724836,0.050245962694229040490512261385447345674037933349609375,0.000038153017916327129328683066294167907183214973810490867078885562377071180961381385529415343684853406444803599391,0.000038153017916327129328692128631784288308936338956930445086083547998761716201125005715753399745761064906077149135,0.000038153017916327133128333159814129472785420122685018688216551293379050832064144037305374666815539524841521700746,-9.062337616381125721365146439578007197985621690535239743620186338056060907658461273549744E-27,3.799641031182345184476483783728088243130467745380289115863019031589621267069778459935444551611E-21,-3.8551697217318756393204128767967391949112760435456860137816159148779618768419398478882388380724836E-13,9.657020425719050185343669110510825943011824739564543139862183840851220381231580601521117611619275164E-11,0.27659344413044051689981964632872874303715751749953194655990732058801363147923545331329425402167964084100940219,1E-18,1E-12,0.000001,"[{""p"": ""0.04924596259765883623332175953201065456892967391949112760435456860137816159148779618768419398478882388380724836"", ""J"": ""0.000038558722829712928287448379356491685204368450481006416507702773354265107459801390796575278846653176655448732559"", ""signed_gap"": ""4.05704913385798958756250724707396895432111524075971421619225355503391258676385080821879100892111749371583424E-7""}, {""p"": ""0.05124596259765883623332175953201065456892967391949112760435456860137816159148779618768419398478882388380724836"", ""J"": ""0.000038558452850139055620122616829920381943081881098451411862850632581663802093049837285648129329992040535603706584"", ""signed_gap"": ""4.05434933811926291430488198136093634145542141520966776767084582902085891924831569894729584230975629526557449E-7""}]",compared,522,1.8104594780821958672850076620074E-29,2.970762837999928,input-70dec00eee460127940d9336,70dec00eee460127940d933696bfcfe0a4357008e8524c2c53d284c87d3581af,512,aec7cff57191991ba3f1dfa4c2c047be85dddaa0226fb3217de73a1a7f997c17,aec7cff57191991ba3f1dfa4c2c047be85dddaa0226fb3217de73a1a7f997c17,ebe3b70b43983f01055c5df0ba0327d15aa6f10c8bf5ddfcd83c81ce7d327fb0,0.05024596269422904,3.815301791632704e-05,,,"[""s6/P1/M/w64/d61103/s1001/R/random"", ""s6/P2/M/w64/d61103/s1001/R/random"", ""s6/P3/M/w64/d61103/s1001/R/random"", ""s6/P4/M/w64/d61103/s1001/R/random""]","[""s6/confirm-M-w64-d61103-s1001-g04-random/e30""]",False,
input-71153c44c92909ec1fd6578f,71153c44c92909ec1fd6578f4694b1b130df87f282dc063746f7f4749ef9edbe,512,aec7cff57191991ba3f1dfa4c2c047be85dddaa0226fb3217de73a1a7f997c17,aec7cff57191991ba3f1dfa4c2c047be85dddaa0226fb3217de73a1a7f997c17,5848d8fbc5428aedd30af2578c547bcb9c9b10fe78f272465f01c5cb3f37df2b,0.03806611660949519,9.525135291447104e-05,,,"[""s6/P1/M/w64/d61319/s1001/R/random"", ""s6/P2/M/w64/d61319/s1001/R/random"", ""s6/P3/M/w64/d61319/s1001/R/random"", ""s6/P4/M/w64/d61319/s1001/R/random""]","[""s6/confirm-M-w64-d61319-s1001-g04-random/e30""]",,,True,True,True,True,True,False,False,False,[],0.03806611685604366357438266277313232421875,0.038066116856251705216885521358418794246546534015098356070131463854986821100951014630657707039475509071262290174,0.0380661166094951874949714465401484631001949310302734375,0.000095251352914470928824898305551321297201336888970572746879738131134353248715634262299975920641686334321887006006,0.000095251352914470928824885501681829132096989016306844990180420704575635868864172618904330373702392753964427863855,0.000095251352914470953554658980720888748736408361034243075483563507465754271547665282933955795197742567804868412307,1.2803869492165104347872663727756699317426558717379851461643395645546939293580357459142151E-26,2.4729773479039059616639419344727398085303142802890118402683492664029625421495349813840440548452E-20,-2.08041642502858585286470027796534015098356070131463854986821100951014630657707039475509071262290174E-13,-2.46756517721914074818270331146351602984824918570131463854986821100951014630657707039475509071262290174E-10,0.28219374718561381112209279702179120232423135228960426788562686610758786333017856817882619533172216489390273090,1E-18,1E-12,0.000001,"[{""p"": ""0.037066116856251705216885521358418794246546534015098356070131463854986821100951014630657707039475509071262290174"", ""J"": ""0.000095657703240989341555281917301316174990767483915177952963446312422239914880971111119527491266468129846105315605"", ""signed_gap"": ""4.06350326518412730396415619487042893778467608332962783025607846604046016798492215197117564075375881677451750E-7""}, {""p"": ""0.039066116856251705216885521358418794246546534015098356070131463854986821100951014630657707039475509071262290174"", ""J"": ""0.000095657480732579494923600982942067061739414877307533824133838183807840597514216229921069013911048874526172368453"", ""signed_gap"": ""4.06127818108566098715481260237929642425861000688833953417479232204728650043611016738640208656120561744504598E-7""}]",compared,522,1.6550565170180324766250920303693E-29,2.915670165999927,input-71153c44c92909ec1fd6578f,71153c44c92909ec1fd6578f4694b1b130df87f282dc063746f7f4749ef9edbe,512,aec7cff57191991ba3f1dfa4c2c047be85dddaa0226fb3217de73a1a7f997c17,aec7cff57191991ba3f1dfa4c2c047be85dddaa0226fb3217de73a1a7f997c17,5848d8fbc5428aedd30af2578c547bcb9c9b10fe78f272465f01c5cb3f37df2b,0.03806611660949519,9.525135291447104e-05,,,"[""s6/P1/M/w64/d61319/s1001/R/random"", ""s6/P2/M/w64/d61319/s1001/R/random"", ""s6/P3/M/w64/d61319/s1001/R/random"", ""s6/P4/M/w64/d61319/s1001/R/random""]","[""s6/confirm-M-w64-d61319-s1001-g04-random/e30""]",False,
input-7263b312fab80ba19d1f7d3b,7263b312fab80ba19d1f7d3b03ca68e2c6caee77828d7a852d4035d7e8131983,512,64d79b2736758b25c1c5c2ff642dc9c7b30eafec3eabc5047d3a48be209bd01a,64d79b2736758b25c1c5c2ff642dc9c7b30eafec3eabc5047d3a48be209bd01a,fd3463a4b50b9674623043719ce2ba91328b93f170a542c806e56f5ecb7f9308,0.05019744414829666,0.00010036301748375576,,,"[""s4-fixed30-M-w64-d41843-s603""]","[""s4/confirm-M-w64-d41843-s603-g00-random/e30""]",,,True,True,True,True,True,False,False,False,[],0.05019744387072933022864162921905517578125,0.05019744387090325400132361442264981236631882608145374776470510401580784058274547460618230056222540271639473873,0.0501974441482966604599624815818970091640949249267578125,0.00010036301748375602973790970379740060477125305853126598677147971050300694792197307709935358410997592058648926131,0.00010036301748375602973788928771038877684939739054924997342556896181325076555137398570290782386556766084742835020,0.00010036301748375606241275203834695546965202601665695745932446342882695379630123468203724137607685092652305478169,2.041608701182792185566798201601334591074868975618237059909139644576024440825973906091111E-26,3.267486275063656669280262862610770748589889446701370303074986069633433355221128326567562643149E-20,-1.7392377268198520359463658506882608145374776470510401580784058274547460618230056222540271639473873E-13,2.7739340645863886715924719679777609884530406473529489598419215941725452539381769943777459728360526127E-10,0.26683138829341088450037642467139707538223533106852091075161465253495568393725464045981450504778926757678383808,1E-18,1E-12,0.000001,"[{""p"": ""0.04919744387090325400132361442264981236631882608145374776470510401580784058274547460618230056222540271639473873"", ""J"": ""0.00010078789718120098262667921297668297187468823212287402651986957573930956279199279498969327796296704859397796732"", ""signed_gap"": ""4.2487969744495288878992526629419502529084157362405309430061392605879724061880928678545409739938774654961712E-7""}, {""p"": ""0.05119744387090325400132361442264981236631882608145374776470510401580784058274547460618230056222540271639473873"", ""J"": ""0.00010078773118119546652407645552247896952363759414305656481619091040688936278873854207538683745166307680572616040"", ""signed_gap"": ""4.2471369743943678618716781209019267424020359380659139062194859363859723736455637247901358609541595829781020E-7""}]",compared,522,1.4750354627006483346110003870297E-29,2.796839441999964,input-7263b312fab80ba19d1f7d3b,7263b312fab80ba19d1f7d3b03ca68e2c6caee77828d7a852d4035d7e8131983,512,64d79b2736758b25c1c5c2ff642dc9c7b30eafec3eabc5047d3a48be209bd01a,64d79b2736758b25c1c5c2ff642dc9c7b30eafec3eabc5047d3a48be209bd01a,fd3463a4b50b9674623043719ce2ba91328b93f170a542c806e56f5ecb7f9308,0.05019744414829666,0.00010036301748375576,,,"[""s4-fixed30-M-w64-d41843-s603""]","[""s4/confirm-M-w64-d41843-s603-g00-random/e30""]",False,
input-73ff311504a67e95b12ff0eb,73ff311504a67e95b12ff0ebf75fa800cea7f2a6a6b9569b45f41a9d2608134b,512,720cb4a2dfd9a2162099cb394e9a04c5f55c5f1ca83d49aa865475f11e0c23cd,720cb4a2dfd9a2162099cb394e9a04c5f55c5f1ca83d49aa865475f11e0c23cd,4c1f25efcfc59283f838f5bad287d1f15897de58fd29827a2518fa352a3f9d69,1.660098253438417,0.25586794564781606,,,"[""s4-fixed30-U-w256-d41843-s602""]","[""s4/confirm-U-w256-d41843-s602-g00-random/e30""]",,,True,True,True,True,True,False,False,False,[],1.66009830084431087016128003597259521484375,1.6600983008441737374622632745585771066977022754669302119257993946240728284950019946418386286531706727095202088,1.660098253438416993077453298610635101795196533203125,0.25586794564781639338549195101884954757509531813999677385494703677645409918311167194696255755698323188642120703,0.25586794564781639338549195203202917121978662253029025943700176809967090948366407085217989134619628323269544631,0.25586794564781643654209489040639545714993023130883782158207056579286059466683131536208233780810521017800719020,-1.01317962364469130439029348558205473132321681030055239890521733378921305134627423928E-27,4.315660293837436628593014360877854756214506879769318968518316724450990244646190892694531174389E-17,1.371326990167614140181081460477245330697880742006053759271715049980053581613713468293272904797912E-13,-4.74057567443848099759479420049025057422638052119257993946240728284950019946418386286531706727095202088E-8,0.52280674777829581743235829452882639491925456310591876933108243584189279145826838662263986521099995824139389597,1E-18,1E-12,0.000001,"[{""p"": ""1.6590983008441737374622632745585771066977022754669302119257993946240728284950019946418386286531706727095202088"", ""J"": ""0.25586796487274598897494453807545526336984842466598858127929923846929763512181065768531963755543898283710133521"", ""signed_gap"": ""1.922492959558945258604342609215006180213569832184229747036962672563814658683313974620924269960440588890E-8""}, {""p"": ""1.6610983008441737374622632745585771066977022754669302119257993946240728284950019946418386286531706727095202088"", ""J"": ""0.25586796482991042792425323900515654098571140312919642807082815329795621276656925096637649912037988480549552859"", ""signed_gap"": ""1.918209403453876128697312736976592478059890616863382638519828530328290518011419660777418360157280008228E-8""}]",compared,522,3.3184306970055004187342720652057E-29,3.3270383519999314,input-73ff311504a67e95b12ff0eb,73ff311504a67e95b12ff0ebf75fa800cea7f2a6a6b9569b45f41a9d2608134b,512,720cb4a2dfd9a2162099cb394e9a04c5f55c5f1ca83d49aa865475f11e0c23cd,720cb4a2dfd9a2162099cb394e9a04c5f55c5f1ca83d49aa865475f11e0c23cd,4c1f25efcfc59283f838f5bad287d1f15897de58fd29827a2518fa352a3f9d69,1.660098253438417,0.25586794564781606,,,"[""s4-fixed30-U-w256-d41843-s602""]","[""s4/confirm-U-w256-d41843-s602-g00-random/e30""]",False,
input-74f86a35637b41e8e1237a4f,74f86a35637b41e8e1237a4fc1c4e3f9bbbdac256d3012a895b443c7f050e902,512,5ef925552bd2aed9bc8daee3dbe84404fd1da975c4197a0e355a73b80e2b6597,5ef925552bd2aed9bc8daee3dbe84404fd1da975c4197a0e355a73b80e2b6597,6ed49996679c6adc43f2e28309ff4413af5fde036906760b1b43e14136b054d5,0.034988123047735034,6.854402802021789e-05,,,"[""s5/single/M/w128/d57163/s801/R/random""]","[""s5/confirm-M-w128-d57163-s801-g05-random/e20""]",,,True,True,True,True,True,False,False,False,[],0.03498812305087994900532066822052001953125,0.034988123050814426410792946075774113254255184717723840464376330533048847785835212669455867631826993004768028684,0.03498812304773503412125279510291875340044498443603515625,0.000068544028020218007774925112605834885370912573220943989688707817977385824125466342369384466330593925387095277184,0.000068544028020218007774935153119453474331465268229169688586051323226311482257654910554073202248788623103016701055,0.000068544028020218007779186233849851626179451231858709938287428483550687233461606238244678505630335135689230641088,-1.0040513618588960552695008225698897343505248925658132188568184688735918194697715921423871E-26,4.251080730398151847985963629540249701377160324375751203951327690605303381546512586213940033E-24,6.5522594527722144745906276994815282276159535623669466951152214164787330544132368173006995231971316E-14,-3.079392289540150972855359853810200281688684214376330533048847785835212669455867631826993004768028684E-12,0.28787753670746058763809159121184131798484386552222883915651938301545294636088810379768242194634695107713591136,1E-18,1E-12,0.000001,"[{""p"": ""0.033988123050814426410792946075774113254255184717723840464376330533048847785835212669455867631826993004768028684"", ""J"": ""0.000068934318683041493728854784688643880346087077885639853895476384649762847165450746410642362823690871586994010266"", ""signed_gap"": ""3.90290662823485953919631569190406014621809656470165309425061423451364907795835856569160574902248483977309211E-7""}, {""p"": ""0.035988123050814426410792946075774113254255184717723840464376330533048847785835212669455867631826993004768028684"", ""J"": ""0.000068934206209242202648456306934778551271828833683933868268616284463766323035047079991939229751898094497749931578"", ""signed_gap"": ""3.90178189024194873521153815325076940363565454764179682564961237454840777392169437866027503109471394733230523E-7""}]",compared,522,1.9546713644254165697026391759230E-29,2.655128977000004,input-74f86a35637b41e8e1237a4f,74f86a35637b41e8e1237a4fc1c4e3f9bbbdac256d3012a895b443c7f050e902,512,5ef925552bd2aed9bc8daee3dbe84404fd1da975c4197a0e355a73b80e2b6597,5ef925552bd2aed9bc8daee3dbe84404fd1da975c4197a0e355a73b80e2b6597,6ed49996679c6adc43f2e28309ff4413af5fde036906760b1b43e14136b054d5,0.034988123047735034,6.854402802021789e-05,,,"[""s5/single/M/w128/d57163/s801/R/random""]","[""s5/confirm-M-w128-d57163-s801-g05-random/e20""]",False,
input-74ff7e542b4601e2c3870a38,74ff7e542b4601e2c3870a38dfba284c97d5dfe369ffc5d6573b3b4dbe04247c,512,6bbeba8b8b05a54fd4be98e5912ed700f1549c8e20b9c3076ea9b67b5546e9f9,6bbeba8b8b05a54fd4be98e5912ed700f1549c8e20b9c3076ea9b67b5546e9f9,9247cdafb098897a850050a38356d0e006a86dede05ae6bfdd1ac975a8ae514c,0.3932873315380515,0.0030791698142612458,,,"[""s5/single/U/w128/d57163/s802/R/random""]","[""s5/confirm-U-w128-d57163-s802-g04-random/e03""]",,,True,True,True,True,True,False,False,False,[],0.39328733235151958069764077663421630859375,0.39328733235132712763958447342330227424020651843922085053846392050156861449231667822990872518329657453581080310,0.39328733153805151001591866588569246232509613037109375,0.0030791698142612456276370794204053106718927759589066188420139349220470429452404575207178429151929640436310542994,0.0030791698142612456276370810466339277295992658285617556648136085477936099498432037660521864953405435306679342545,0.0030791698142612457484159226096902206180796570845852639175565915819194845670781517434056714524712426287291660002,-1.6262286170577064898696551368227996736257465670046027462453343435801475794870368799551E-27,1.207788415630562928884803912560235082527429830341258746172349479773534849571306990980612317457E-19,1.9245305805630321091403435354348156077914946153607949843138550768332177009127481670342546418919690E-13,-8.1327561762366580753760981191511038806812710053846392050156861449231667822990872518329657453581080310E-10,0.11750802755679250075260365949089257830540819077686870666491082587734492786223949669268154972401089501584164652,1E-18,1E-12,0.000001,"[{""p"": ""0.39228733235132712763958447342330227424020651843922085053846392050156861449231667822990872518329657453581080310"", ""J"": ""0.0030793526479842024901809103446138915603655481894547965508785772256293407375682150890255044954514951865932962385"", ""signed_gap"": ""1.828337229568625438292979799638307662823608930408860649686778357307877250113229733180001109516559253619840E-7""}, {""p"": ""0.39428733235132712763958447342330227424020651843922085053846392050156861449231667822990872518329657453581080310"", ""J"": ""0.0030793520859082895283993438064207215551403558888876414776417189258131799003529383537792327409265394443491280773"", ""signed_gap"": ""1.822716470439007622627597867938255410900603258858128281103780195699505097345877270462455859959136811938228E-7""}]",compared,522,4.7309928877874062766394482118924E-30,3.192980336000005,input-74ff7e542b4601e2c3870a38,74ff7e542b4601e2c3870a38dfba284c97d5dfe369ffc5d6573b3b4dbe04247c,512,6bbeba8b8b05a54fd4be98e5912ed700f1549c8e20b9c3076ea9b67b5546e9f9,6bbeba8b8b05a54fd4be98e5912ed700f1549c8e20b9c3076ea9b67b5546e9f9,9247cdafb098897a850050a38356d0e006a86dede05ae6bfdd1ac975a8ae514c,0.3932873315380515,0.0030791698142612458,,,"[""s5/single/U/w128/d57163/s802/R/random""]","[""s5/confirm-U-w128-d57163-s802-g04-random/e03""]",False,
input-76769c4fea9124807a6032fd,76769c4fea9124807a6032fd1f24da9e5d40b9fa9d9bced6a7ccf706e4cdfd6d,512,8ca39088cd76bee65172a39c25eb65f738d4bd52f86a0d1b78206a06d4f703a0,8ca39088cd76bee65172a39c25eb65f738d4bd52f86a0d1b78206a06d4f703a0,124885f60566c095764fd5b40666b39ed0916db3cdf2d00a4796216dfba909df,0.08983150649863018,0.0001454795235106214,,,"[""s4-fixed30-M-w128-d43997-s601""]","[""s4/confirm-M-w128-d43997-s601-g00-random/e30""]",,,True,True,True,True,True,False,False,False,[],0.08983150695121366879902780055999755859375,0.08983150695117937657531025442140947247226877064279581158366458693807489339858282017580681968277148220266454568,0.08983150649863018422092153514313395135104656219482421875,0.00014547952351062166402463481326574171219384426940713112837307658766029480768005047105924347485296126145244891682,0.00014547952351062166402463172894439658246144683461015284293423930367293849342885988625109962628390209212845155968,0.00014547952351062174439452131188545012080245032949956882475330250084133679173094797069789172759773979011388526448,3.08432134512973239743479697828543883728398735631425119058480814384856905916932399735714E-27,8.036988958294105353834100349488941598181906319716839829830208808444679210131383769798543370480E-20,3.429222371754613858808612148122935720418841633541306192510660141717982419318031722851779733545432E-14,-4.5254919235438871927827552112122220844797159283366458693807489339858282017580681968277148220266454568E-10,0.24734181630921023152138403883877087113291290209829986778355229940464219180971035605491495589026688652856788725,1E-18,1E-12,0.000001,"[{""p"": ""0.08883150695117937657531025442140947247226877064279581158366458693807489339858282017580681968277148220266454568"", ""J"": ""0.00014587230379979111674266171551469375162390832287872982437357234967334872351265009834147041751928004663264338096"", ""signed_gap"": ""3.9278028916945271802998657029716916246148826857698143933304600041023008379021209037079123537795450419182128E-7""}, {""p"": ""0.09083150695117937657531025442140947247226877064279581158366458693807489339858282017580681968277148220266454568"", ""J"": ""0.00014587193934122966050446477728183650953968163993561024376508078442137649906335658887127979620494532361176886336"", ""signed_gap"": ""3.9241583060799647983304833743992707823480532545740083084148074843800563449670262018016992104323148331730368E-7""}]",compared,522,1.2485952410167589364014371405064E-29,2.9420253000000685,input-76769c4fea9124807a6032fd,76769c4fea9124807a6032fd1f24da9e5d40b9fa9d9bced6a7ccf706e4cdfd6d,512,8ca39088cd76bee65172a39c25eb65f738d4bd52f86a0d1b78206a06d4f703a0,8ca39088cd76bee65172a39c25eb65f738d4bd52f86a0d1b78206a06d4f703a0,124885f60566c095764fd5b40666b39ed0916db3cdf2d00a4796216dfba909df,0.08983150649863018,0.0001454795235106214,,,"[""s4-fixed30-M-w128-d43997-s601""]","[""s4/confirm-M-w128-d43997-s601-g00-random/e30""]",False,
input-78d8d3ad223c0906a60c4c73,78d8d3ad223c0906a60c4c73eb66490a0dd60ac128d41c1a1bba457ea13e79d9,512,7be644b0c9c150d2ad13945dfa07cbafc83d33430c857b29195a2344b15ec72d,7be644b0c9c150d2ad13945dfa07cbafc83d33430c857b29195a2344b15ec72d,4e8fcff14714456dfd3d3e252158714b4989cf664dee209d31ff404592dda8d2,0.03691295951788279,3.53342767248359e-05,,,"[""s6/P1/M/w64/d61103/s1002/R/random"", ""s6/P2/M/w64/d61103/s1002/R/random"", ""s6/P3/M/w64/d61103/s1002/R/random"", ""s6/P4/M/w64/d61103/s1002/R/random""]","[""s6/confirm-M-w64-d61103-s1002-g04-random/e30""]",,,True,True,True,True,True,False,False,False,[],0.03691295973067099112085998058319091796875,0.036912959731240549064706174619251876547229412036971500962136378738784532690683639316214505611930816835485515214,0.0369129595178827873969140682675060816109180450439453125,0.000035334276724836049388026623329938484618470623318876847544507133186354222527227267089141592578455246471624875471,0.000035334276724836049387975040146733846703521399016581857019472287095803167497056381822511027242805539128324050217,0.000035334276724836067155692278768949124247390859690022716408304790548305015217327393955979661077755096012031455199,5.1583183204637914949224302294990525034846090551055030170885266630565335649707343300825254E-26,1.7767717238622215277543869460673440859388832503452501847720271012133468633834949556883707404982E-20,-5.69557943846194036060958578479412036971500962136378738784532690683639316214505611930816835485515214E-13,-2.13357761667792106351745794936311366993026188462136378738784532690683639316214505611930816835485515214E-10,0.28159922976823556800827758996561033018168668650354040409755493495416788205238694570732967468341284635993858174,1E-18,1E-12,0.000001,"[{""p"": ""0.035912959731240549064706174619251876547229412036971500962136378738784532690683639316214505611930816835485515214"", ""J"": ""0.000035725279667323876542745520295605350614289010304794558945048771016868028576318675887080763093231099402770202836"", ""signed_gap"": ""3.91002942487827154770480148871503910767611288212701925576483921064861079262294064569735850425560274446152619E-7""}, {""p"": ""0.037912959731240549064706174619251876547229412036971500962136378738784532690683639316214505611930816835485515214"", ""J"": ""0.000035725139974777717784569885285066164648888135896698388045200658694230089651861480830637432303082600034837367107"", ""signed_gap"": ""3.90863249941668396594845138332317945366736880116531025728371598426922154805099008126405060277060906513316890E-7""}]",compared,522,1.6198792450337913635740240505475E-29,2.6542060450000236,input-78d8d3ad223c0906a60c4c73,78d8d3ad223c0906a60c4c73eb66490a0dd60ac128d41c1a1bba457ea13e79d9,512,7be644b0c9c150d2ad13945dfa07cbafc83d33430c857b29195a2344b15ec72d,7be644b0c9c150d2ad13945dfa07cbafc83d33430c857b29195a2344b15ec72d,4e8fcff14714456dfd3d3e252158714b4989cf664dee209d31ff404592dda8d2,0.03691295951788279,3.53342767248359e-05,,,"[""s6/P1/M/w64/d61103/s1002/R/random"", ""s6/P2/M/w64/d61103/s1002/R/random"", ""s6/P3/M/w64/d61103/s1002/R/random"", ""s6/P4/M/w64/d61103/s1002/R/random""]","[""s6/confirm-M-w64-d61103-s1002-g04-random/e30""]",False,
input-79cedcb3ce0febba96cbb2a6,79cedcb3ce0febba96cbb2a63cc936d820f6633e40eb4c3bf0944e5f681b1cae,512,98959506fbf00a1a6db50907b92e993b4b6986ba3568c43a156a163f71f4c256,98959506fbf00a1a6db50907b92e993b4b6986ba3568c43a156a163f71f4c256,54cf85be97fefffe5d328532b5fdbf2c9a61e3509f7bb667252877a322a4091b,0.023380096490994783,2.0950831447582463e-05,,,"[""s6/P3/M/w256/d61211/s1003/R/random"", ""s6/P4/M/w256/d61211/s1003/R/random""]","[""s6/confirm-M-w256-d61211-s1003-g04-random/e10""]",,,True,True,True,True,True,False,False,False,[],0.02338009662207696237601339817047119140625,0.023380096621943039518061145355974466712868228756382496032461928319106038049961156566825974499406070649591432048,0.023380096490994782543193508672629832290112972259521484375,0.000020950831447582367260999927284722575374196571361768434366650147943073915570356559452859105071272349795220840775,0.000020950831447582367261001968415875231601421380915062909894897419001433411278650806733887720221290475456844982346,0.000020950831447582373718351535824410532010236784586579133965970903589339646401339376732020063911843340987217986553,-2.041131152656227224809553294475528247271058359495708294247281028615150018125661624141571E-27,6.457349567408535300408815403671516224071073484587906235122688569998132343690552865530373004207E-21,1.33922857952252814496724693381771243617503967538071680893961950038843433174025500593929350408567952E-13,-1.30948256974867636683344634422755256496861011657461928319106038049961156566825974499406070649591432048E-10,0.29895049674735556436590597087529320374145584254025392311979015699736597601459245045235413163728295552224183228,1E-18,1E-12,0.000001,"[{""p"": ""0.022380096621943039518061145355974466712868228756382496032461928319106038049961156566825974499406070649591432048"", ""J"": ""0.000021326937236147173349166684897339590316937784029544369476954876018400979267856601669582374025254871147664418611"", ""signed_gap"": ""3.76105788564806088164716481464358715516403114481459582057457016967567989205794935694653803964395690819436265E-7""}, {""p"": ""0.024380096621943039518061145355974466712868228756382496032461928319106038049961156566825974499406070649591432048"", ""J"": ""0.000021326878402894024207115344574824067671922706593820082665807876612470529344726382938297666693822050329531927236"", ""signed_gap"": ""3.76046955311656946113376158948836070501325678757172770910457611037118066075576204409946472531574872686944890E-7""}]",compared,522,2.1518595988566442691771133703336E-29,2.4827004849998957,input-79cedcb3ce0febba96cbb2a6,79cedcb3ce0febba96cbb2a63cc936d820f6633e40eb4c3bf0944e5f681b1cae,512,98959506fbf00a1a6db50907b92e993b4b6986ba3568c43a156a163f71f4c256,98959506fbf00a1a6db50907b92e993b4b6986ba3568c43a156a163f71f4c256,54cf85be97fefffe5d328532b5fdbf2c9a61e3509f7bb667252877a322a4091b,0.023380096490994783,2.0950831447582463e-05,,,"[""s6/P3/M/w256/d61211/s1003/R/random"", ""s6/P4/M/w256/d61211/s1003/R/random""]","[""s6/confirm-M-w256-d61211-s1003-g04-random/e10""]",False,
input-7c38639e783db9895b510bc5,7c38639e783db9895b510bc5b74a9809d9355abc65524d6411426a104bc264c1,512,c89e77c654eaf6bb5186b57235d9f7044dbc61288842163a04ff3029e9759317,c89e77c654eaf6bb5186b57235d9f7044dbc61288842163a04ff3029e9759317,5f3b5007b59343455cdb719516d9096fc9a66724658684eb3186f35ee4731dc0,0.04728756768405058,6.433076359158517e-05,,,"[""s5/single/M/w64/d57163/s803/R/random""]","[""s5/confirm-M-w64-d57163-s803-g04-random/e30""]",,,True,True,True,True,True,False,False,False,[],0.04728756718259319313801825046539306640625,0.047287567182842375283512763691877874357236664669589915565198197238699663234811113538140151626561433282238232350,0.04728756768405058263926576955782365985214710235595703125,0.000064330763591585249107600125943232879649167453212515664264907563990507558501639708295804725164234492370294337045,0.000064330763591585249107538533785059150296878795102625536698626345084260575883084672346620651083606932206510271,0.000064330763591585348321015925186573640075229463350023774637116995890658519970563246309805233600481851159955562293,6.1592158173729352288658109890127566281218906246982618555035949184074080627560163784066045E-26,9.9213477391401514489778350668247398237938490650806397944087478573963184582516874918953445291293E-20,-2.49182145494513226484807950986664669589915565198197238699663234811113538140151626561433282238232350E-13,5.01208207355753005865945785494910437686367115684801802761300336765188886461859848373438566717761767650E-10,0.27782895063599614342694312694783560478920628802707207518408101445332542880151395759125038192690105024261838918,1E-18,1E-12,0.000001,"[{""p"": ""0.046287567182842375283512763691877874357236664669589915565198197238699663234811113538140151626561433282238232350"", ""J"": ""0.000064726069164967077623104427674783776679939315650198185761480287458234907104314272953147416487361049054932296217"", ""signed_gap"": ""3.95305573381828515565893889724626383060520547572649062853942373974331221229600606526765403754116848422025217E-7""}, {""p"": ""0.048287567182842375283512763691877874357236664669589915565198197238699663234811113538140151626561433282238232350"", ""J"": ""0.000064725935943820387030172133688429598710072114212482057308124974628362329424663204920778758393130078238827623346"", ""signed_gap"": ""3.95172352235137922633599903370448413193319109856520609498629544101753541578532574158107309523146032317352346E-7""}]",compared,522,1.9122087699857666939780568111514E-29,2.7768377340000825,input-7c38639e783db9895b510bc5,7c38639e783db9895b510bc5b74a9809d9355abc65524d6411426a104bc264c1,512,c89e77c654eaf6bb5186b57235d9f7044dbc61288842163a04ff3029e9759317,c89e77c654eaf6bb5186b57235d9f7044dbc61288842163a04ff3029e9759317,5f3b5007b59343455cdb719516d9096fc9a66724658684eb3186f35ee4731dc0,0.04728756768405058,6.433076359158517e-05,,,"[""s5/single/M/w64/d57163/s803/R/random""]","[""s5/confirm-M-w64-d57163-s803-g04-random/e30""]",False,
input-7d2d1716441e4fb8621ab2ec,7d2d1716441e4fb8621ab2ec9546b7189e5a4b751bee43afd2af3ac90c330a24,512,720cb4a2dfd9a2162099cb394e9a04c5f55c5f1ca83d49aa865475f11e0c23cd,720cb4a2dfd9a2162099cb394e9a04c5f55c5f1ca83d49aa865475f11e0c23cd,66a441ed58fb0eb834006bb1cdcfcee9a87b4341afe27b6053fa587a51dd1179,0.9691238219943696,0.0012481973758411468,,,"[""s4-fixed30-U-w64-d46219-s602""]","[""s4/confirm-U-w64-d46219-s602-g00-random/e30""]",,,True,True,True,True,True,False,False,False,[],0.96912382148138931370340287685394287109375,0.96912382148120391876339841045221737528503032851896270864292275868863217996357713009496417561177264451086678775,0.969123821994369638588295856607146561145782470703125,0.0012481973758411477003572671260718977145521092019247786512515541630826359852011360991773538899942405603651761179,0.0012481973758411477003572646548317722684898903334801763333844767513893963938637697848701080868594952307685797364,0.0012481973758411477123020172181294512796702829653998531684852404364137696648044088135258066769337090822632798978,2.4712401254460622188684446023178670774116932395913373663143072458031347453295965963815E-27,1.19447525632976790111803926319196768351007636850243732709406390286556985900742138514947001614E-20,1.8539494000446640172549580871967148103729135707724131136782003642286990503582438822735548913321225E-13,5.1316571982489744615492918586075214218416229135707724131136782003642286990503582438822735548913321225E-10,0.16989750985261253830750005711917740574686304521588900034440123555677814079108246776156794844948423059935963680,1E-18,1E-12,0.000001,"[{""p"": ""0.96812382148120391876339841045221737528503032851896270864292275868863217996357713009496417561177264451086678775"", ""J"": ""0.0012482427898978423689244558167384320023148821962005797634268576980172851630086837633720391942690335547072100723"", ""signed_gap"": ""4.54140566946685671911619066597338249918627204034300423809466278887691449139785019311074095383239386303359E-8""}, {""p"": ""0.97012382148120391876339841045221737528503032851896270864292275868863217996357713009496417561177264451086678775"", ""J"": ""0.0012482426603904053063630588946623999295504766191718393939134092524114145249998950573232021535063774488982536692"", ""signed_gap"": ""4.52845492576060057942398306276610605862856916630605289325010220181311361252724530940666468822181296739328E-8""}]",compared,522,1.1995007782357903565466405697959E-29,3.2570723530000123,input-7d2d1716441e4fb8621ab2ec,7d2d1716441e4fb8621ab2ec9546b7189e5a4b751bee43afd2af3ac90c330a24,512,720cb4a2dfd9a2162099cb394e9a04c5f55c5f1ca83d49aa865475f11e0c23cd,720cb4a2dfd9a2162099cb394e9a04c5f55c5f1ca83d49aa865475f11e0c23cd,66a441ed58fb0eb834006bb1cdcfcee9a87b4341afe27b6053fa587a51dd1179,0.9691238219943696,0.0012481973758411468,,,"[""s4-fixed30-U-w64-d46219-s602""]","[""s4/confirm-U-w64-d46219-s602-g00-random/e30""]",False,
input-7e5589d20666cfa0dae9f74e,7e5589d20666cfa0dae9f74e98c9f722d0b28430d88b8a3b0ec8ad6a3100a0b5,512,720cb4a2dfd9a2162099cb394e9a04c5f55c5f1ca83d49aa865475f11e0c23cd,720cb4a2dfd9a2162099cb394e9a04c5f55c5f1ca83d49aa865475f11e0c23cd,f263cc822ba7a0d2d7ded30f423cbd14251ff0ad3f32b411f549d1dec7577287,0.0998504099327382,9.348651370092542e-05,,,"[""s4-fixed30-M-w128-d41843-s602""]","[""s4/confirm-M-w128-d41843-s602-g00-random/e30""]",,,True,True,True,True,True,False,False,False,[],0.09985041049867504625581204891204833984375,0.099850410498791787434983805006030162743816570071672644911085269393075538242484256900855755018701783872324988755,0.0998504099327381933193237273371778428554534912109375,0.000093486513700925459619261060246079069570021596265438451172884248998719886234552805564939259969165839964896169912,0.000093486513700925459619248454706876832182609956928197016881609025668988880159938995242944006330183802631333236537,0.000093486513700925577064147316240861106166685620536155276988357569430857398884824454032315443413068403880017000383,1.2605539202237387411639337241434291275223329731006074613810321995253638982037333562933375E-26,1.17444898861533984273984075663607958260106748543761868518724885458789371437082884601248683763846E-19,-1.16741179171756093981822900066570071672644911085269393075538242484256900855755018701783872324988755E-13,-5.66053594115660077668852319888363078860735144911085269393075538242484256900855755018701783872324988755E-10,0.24793128801641254770916772644205397101720439054009266348462578805139237187368720338503215841405533866651612900,1E-18,1E-12,0.000001,"[{""p"": ""0.098850410498791787434983805006030162743816570071672644911085269393075538242484256900855755018701783872324988755"", ""J"": ""0.000093853072139392109407293138313295659761377351900569709884208429717136716700682554715396700421261829333721598842"", ""signed_gap"": ""3.66558438466649788044683606418827578767394972372693002599404048147836540743559472452694091078026702388362305E-7""}, {""p"": ""0.10085041049879178743498380500603016274381657007167264491108526939307553824248425690085575501870178387232498876"", ""J"": ""0.000093852800024452516841940142490970906559393907981988316814177591272297187689017939008763178501207320815678869719"", ""signed_gap"": ""3.66286323527057222691687784094074376783951053791299932568565603308307529078943765819172171023518184345633182E-7""}]",compared,522,1.5119642948309744808297817225566E-29,3.0217901329999677,input-7e5589d20666cfa0dae9f74e,7e5589d20666cfa0dae9f74e98c9f722d0b28430d88b8a3b0ec8ad6a3100a0b5,512,720cb4a2dfd9a2162099cb394e9a04c5f55c5f1ca83d49aa865475f11e0c23cd,720cb4a2dfd9a2162099cb394e9a04c5f55c5f1ca83d49aa865475f11e0c23cd,f263cc822ba7a0d2d7ded30f423cbd14251ff0ad3f32b411f549d1dec7577287,0.0998504099327382,9.348651370092542e-05,,,"[""s4-fixed30-M-w128-d41843-s602""]","[""s4/confirm-M-w128-d41843-s602-g00-random/e30""]",False,
input-8046946788e19a44257a4636,8046946788e19a44257a4636fad9c595e5a0a0e084eeddf52697f9c170aa81df,512,c89e77c654eaf6bb5186b57235d9f7044dbc61288842163a04ff3029e9759317,c89e77c654eaf6bb5186b57235d9f7044dbc61288842163a04ff3029e9759317,e580430d59be450f75a0176167c57ad4b495814ab0bac24291c5aeb3632bc1e9,0.04369148328272496,5.605730402324758e-05,,,"[""s5/single/M/w128/d52919/s803/R/random""]","[""s5/confirm-M-w128-d52919-s803-g05-random/e20""]",,,True,True,True,True,True,False,False,False,[],0.04369148293108082725666463375091552734375,0.043691482931133165040009296567138568944410078039884107949301066025963313300437761428654742217125997876038921644,0.0436914832827249577373862621243461035192012786865234375,0.000056057304023247328741499459614565977467894862477642966120128009126940263933291700391879529262185587418245097688,0.000056057304023247328741501752286381054131677918866742470483110436614941661863991122075663209434204400111388231459,0.000056057304023247377728233097749917559208720261452135884039467665121136631909794951564701438272905906643165763041,-2.292671815076663783056389099504362982427488001397930699421683783680172018812693143133771E-27,4.8986731345463536505077042342585393413556357228506194970045803829489038228838701506531777531582E-20,-5.2337783344662816223041600660078039884107949301066025963313300437761428654742217125997876038921644E-14,3.51591792697376965557207534574791200646639329550698933974036686699562238571345257782874002123961078356E-10,0.27985954661352757335464191117782828446452291518045823647406340432165553943653526640758438815230812514010732147,1E-18,1E-12,0.000001,"[{""p"": ""0.042691482931133165040009296567138568944410078039884107949301066025963313300437761428654742217125997876038921644"", ""J"": ""0.000056453459249185557509132159502073975365854224008346564854055895905732465205217240810280538708177434904630000215"", ""signed_gap"": ""3.96155225938228767630407215692921234176305141604094370945459290790803341226118734617329273973034793241768756E-7""}, {""p"": ""0.044691482931133165040009296567138568944410078039884107949301066025963313300437761428654742217125997876038921644"", ""J"": ""0.000056453338358906954403389986304240943769304557427547387011148685418553146422947771955002682890662607074646952758"", ""signed_gap"": ""3.96034335659625661888234017859889637626638560804916528038248803611484558956649879339473456458206963258721299E-7""}]",compared,522,1.7251166827321928494193670569422E-29,2.7619478540000273,input-8046946788e19a44257a4636,8046946788e19a44257a4636fad9c595e5a0a0e084eeddf52697f9c170aa81df,512,c89e77c654eaf6bb5186b57235d9f7044dbc61288842163a04ff3029e9759317,c89e77c654eaf6bb5186b57235d9f7044dbc61288842163a04ff3029e9759317,e580430d59be450f75a0176167c57ad4b495814ab0bac24291c5aeb3632bc1e9,0.04369148328272496,5.605730402324758e-05,,,"[""s5/single/M/w128/d52919/s803/R/random""]","[""s5/confirm-M-w128-d52919-s803-g05-random/e20""]",False,
input-83c4312855292fcc54e72eb0,83c4312855292fcc54e72eb07ece2b9e851712767646e72f5f3534a4eacbb1c8,512,5ef925552bd2aed9bc8daee3dbe84404fd1da975c4197a0e355a73b80e2b6597,5ef925552bd2aed9bc8daee3dbe84404fd1da975c4197a0e355a73b80e2b6597,b55b086e447208ec3f00987be9abade56a3dfb9c90a2c383e9bf7ebf7eabdc5e,0.7269836758173138,0.001260140189194441,,,"[""s5/single/U/w128/d52919/s801/R/random""]","[""s5/confirm-U-w128-d52919-s801-g04-random/e03""]",,,True,True,True,True,True,False,False,False,[],0.72698367704970223712734878063201904296875,0.7269836770494567015234019980343731372331790594559626952356897799328089543656176994367740950258820250857739287,0.7269836758173138235861188150011003017425537109375,0.0012601401891944415984387315770262507138782539166741409740820854232896265520913468524143939628554691730389850282,0.0012601401891944415984387279207650285352270831321344003966130189739687288206924498891335690007211121282644351059,0.0012601401891944417203518061455173833946536394317041384149292087063084030216366226411572407043307866471819819606,3.6562612221786511707845397405774690664493208977313988969632808249621343570447745499223E-27,1.219130782247523548594265562995697380183161897323396742009441727520236717036096745189175468547E-19,2.455356039467825976459057355709405440373047643102200671910456343823005632259049741179749142260713E-13,-1.2321428779372831830332728354906253485184626952356897799328089543656176994367740950258820250857739287E-9,0.11646594102070162942322689551428996127618619622640510965137774172462139773625099860544623445325176801072881783,1E-18,1E-12,0.000001,"[{""p"": ""0.7259836770494567015234019980343731372331790594559626952356897799328089543656176994367740950258820250857739287"", ""J"": ""0.0012602206069236443002607141366365056523165842056999449267035015148154012583919748726718663023666720764861593188"", ""signed_gap"": ""8.04177292027018219862158714771170895010735655445300904825408466724376995249835382973016455599482217242129E-8""}, {""p"": ""0.7279836770494567015234019980343731372331790594559626952356897799328089543656176994367740950258820250857739287"", ""J"": ""0.0012602203685260674718127652379993692078362929576110164923126815114316352692679244499553707160915588526653323370"", ""signed_gap"": ""8.01793316258733740373172343406726092098254766160956996625374629064485754745608218017153704467244008972311E-8""}]",compared,522,6.9255686759666449615333364819732E-30,3.2237563090000094,input-83c4312855292fcc54e72eb0,83c4312855292fcc54e72eb07ece2b9e851712767646e72f5f3534a4eacbb1c8,512,5ef925552bd2aed9bc8daee3dbe84404fd1da975c4197a0e355a73b80e2b6597,5ef925552bd2aed9bc8daee3dbe84404fd1da975c4197a0e355a73b80e2b6597,b55b086e447208ec3f00987be9abade56a3dfb9c90a2c383e9bf7ebf7eabdc5e,0.7269836758173138,0.001260140189194441,,,"[""s5/single/U/w128/d52919/s801/R/random""]","[""s5/confirm-U-w128-d52919-s801-g04-random/e03""]",False,
input-84ebcea102fe771a8c36a6e2,84ebcea102fe771a8c36a6e25cc014bc4053ee896c836233760a1009cf39119c,512,c89e77c654eaf6bb5186b57235d9f7044dbc61288842163a04ff3029e9759317,c89e77c654eaf6bb5186b57235d9f7044dbc61288842163a04ff3029e9759317,b12b88493133d3cae7f07c5a559b2d97304d1a944fc457221ae7b2ccbe8620b3,1.0889843708800186,0.0025296404262359117,,,"[""s5/single/U/w128/d57163/s803/R/random""]","[""s5/confirm-U-w128-d57163-s803-g04-random/e03""]",,,True,True,True,True,True,False,False,False,[],1.08898436955269062309525907039642333984375,1.0889843695531952033521116247660768548032349194235784406794740947184994375395700303839935147789452839388228760,1.088984370880018648364284672425128519535064697265625,0.0025296404262359126682473389186048270890889238836931616675841245050938535740864107171111275766231069267875582137,0.0025296404262359126682473355629351871064350341273677108023921788944188903618376757771636021840143405742072251381,0.0025296404262359127168041642117222323463450671866175073619428364469180299834641104266217075870124229498911504525,3.3556696399826538897563254508651919456106749632122487349399475253926087663525803330756E-27,4.85568286487870452399100330592497965595506575524991396216264346494581054029980823756839253144E-20,-5.045802568525543696535149594849194235784406794740947184994375395700303839935147789452839388228760E-13,1.3268234450121730476590516647318297778420465593205259052815005624604299696160064852210547160611771240E-9,0.16802763339022696134984651322130244574379359074676235058595534204642407982598244650655511218513882268880821565,1E-18,1E-12,0.000001,"[{""p"": ""1.0879843695531952033521116247660768548032349194235784406794740947184994375395700303839935147789452839388228760"", ""J"": ""0.0025296680373684220825630312538426182457849601315862542973586431353014981097318011874547835213922153986721378709"", ""signed_gap"": ""2.76111325094143156956909074311393499260042185434949664642408826077478941254102911813373778748244649127328E-8""}, {""p"": ""1.0899843695531952033521116247660768548032349194235784406794740947184994375395700303839935147789452839388228760"", ""J"": ""0.0025296679680026086231648653186434464057125824569498384342451410721483363597835119090100145808026182240720007535"", ""signed_gap"": ""2.75417666959549175297557082592992775483295821276318529621777294459979458361318464123967882776498647756154E-8""}]",compared,522,1.2571019303719322585819523073077E-29,3.2542216300000746,input-84ebcea102fe771a8c36a6e2,84ebcea102fe771a8c36a6e25cc014bc4053ee896c836233760a1009cf39119c,512,c89e77c654eaf6bb5186b57235d9f7044dbc61288842163a04ff3029e9759317,c89e77c654eaf6bb5186b57235d9f7044dbc61288842163a04ff3029e9759317,b12b88493133d3cae7f07c5a559b2d97304d1a944fc457221ae7b2ccbe8620b3,1.0889843708800186,0.0025296404262359117,,,"[""s5/single/U/w128/d57163/s803/R/random""]","[""s5/confirm-U-w128-d57163-s803-g04-random/e03""]",False,
input-851c3e71bde860e7caa76e1a,851c3e71bde860e7caa76e1af6f305fe861144a849b0f2f4f3678ed31b70b0ee,512,7be644b0c9c150d2ad13945dfa07cbafc83d33430c857b29195a2344b15ec72d,7be644b0c9c150d2ad13945dfa07cbafc83d33430c857b29195a2344b15ec72d,d50541e9c262a10aa6677e6b5c4b7039baf6eaf6046dc947dd0045c4cc35a36a,1.660575927190854,0.02878643621073349,,,"[""s6/P1/U/w128/d61211/s1002/R/random""]","[""s6/confirm-U-w128-d61211-s1002-g04-random/e03""]",,,True,True,True,True,True,False,False,False,[],1.66057596376549554406665265560150146484375,1.6605759637655116651940343147809475293636334690167989224917048424800108457433593551939398772847092005364640936,1.660575927190854006454401314840652048587799072265625,0.028786436210733490006624651732809752858345544177678359612743358250781987792697244644737777916254757729954494615,0.028786436210733490006624651742864536764816990685773943341228503504103040626317168906302032728800208320189972570,0.028786436210733506929293534922025508038058325122900991428072096340359263592775854173318325202832111229688585523,-1.0054783906471446508095583728485145253321052833619924261564254812545450590235477955E-29,1.6922668883179160971273241334437127048086843592836256222966458685267016292474031902909498612953E-17,-1.61211273816591794460645198834690167989224917048424800108457433593551939398772847092005364640936E-14,-3.65746576587396329999402954807758343967511739224917048424800108457433593551939398772847092005364640936E-8,0.31807935249442861663742973717117706470061656914115971573785566670204970089910009013158051637400686051711441723,1E-18,1E-12,0.000001,"[{""p"": ""1.6595759637655116651940343147809475293636334690167989224917048424800108457433593551939398772847092005364640936"", ""J"": ""0.028786448873361942904771415089751517199498499310438804821457266871279626888037498976457505694162656712840497617"", ""signed_gap"": ""1.2662628452898146763346886980434681508624664861480228763367176586261720330070155472965362448392650525047E-8""}, {""p"": ""1.6615759637655116651940343147809475293636334690167989224917048424800108457433593551939398772847092005364640936"", ""J"": ""0.028786448849202868193399243208911201348240746207777863729187763152440425626307682111618665903690955364624819906"", ""signed_gap"": ""1.2638469378186774591466046664583423755522003920387959259648337384999990513205316633174890747044434847336E-8""}]",compared,522,1.3548176031740162493059277634166E-29,3.301404443000024,input-851c3e71bde860e7caa76e1a,851c3e71bde860e7caa76e1af6f305fe861144a849b0f2f4f3678ed31b70b0ee,512,7be644b0c9c150d2ad13945dfa07cbafc83d33430c857b29195a2344b15ec72d,7be644b0c9c150d2ad13945dfa07cbafc83d33430c857b29195a2344b15ec72d,d50541e9c262a10aa6677e6b5c4b7039baf6eaf6046dc947dd0045c4cc35a36a,1.660575927190854,0.02878643621073349,,,"[""s6/P1/U/w128/d61211/s1002/R/random""]","[""s6/confirm-U-w128-d61211-s1002-g04-random/e03""]",False,
input-853a8b7ed0cbb8e208318e7b,853a8b7ed0cbb8e208318e7b01d6c88ffad39e2233c26230f98417237caca29e,512,98959506fbf00a1a6db50907b92e993b4b6986ba3568c43a156a163f71f4c256,98959506fbf00a1a6db50907b92e993b4b6986ba3568c43a156a163f71f4c256,02183b2f82ab25bc2780e6785d1e456538e8adb3a40cb5791295eb918c9405ab,0.496072007270448,0.0014396314972862452,,,"[""s6/P4/U/w128/d61319/s1003/R/random""]","[""s6/confirm-U-w128-d61319-s1003-g00-random/e20""]",,,True,True,True,True,True,False,False,False,[],0.49607200535092488280497491359710693359375,0.49607200535137816023913059228697278109327449222446483791919113875284367335535107407188546419017865376053873776,0.49607200727044797883280580208520404994487762451171875,0.0014396314972862448699204307465724315312975726400528876498334958137121176521955003612648678991317203803601853871,0.0014396314972862448699204222613928318791332282116705150406167056382809037619037517588882775215422955040139654611,0.0014396314972862454299462863945412720937065685607112216057954902899700826688516467521915016530361678392087649825,8.4851795996521643444283823726092167901754312138902917486023765903775894248763462199260E-27,5.600258641331484402145733403490407065651787846516891789069478949933032241314938723351947995214E-19,-4.5327743415567868986584749952449222446483791919113875284367335535107407188546419017865376053873776E-13,1.91906981859367520979823126885160313228725391208080886124715632664464892592811453580982134623946126224E-9,0.11044796190386876377236650559897500051973780695150534176001162152556353223944131759678891647062202120065999943,1E-18,1E-12,0.000001,"[{""p"": ""0.49507200535137816023913059228697278109327449222446483791919113875284367335535107407188546419017865376053873776"", ""J"": ""0.0014397837584196243567344718099364152714759357554223450638218945372182778632518793976200659316446221775334618257"", ""signed_gap"": ""1.522611333794868140495485435833923427075437518300232051888989373741013481276387317884101023266735194963646E-7""}, {""p"": ""0.49707200535137816023913059228697278109327449222446483791919113875284367335535107407188546419017865376053873776"", ""J"": ""0.0014397833121866711724136099099432984133961870598580987511049837228140995959719142123396909252932068054846675267"", ""signed_gap"": ""1.518149004263024931876485504665342629588481875837104882780845331958340681624534514134037509113014707020656E-7""}]",compared,522,9.6880720968733550028571714780490E-30,3.208004116000211,input-853a8b7ed0cbb8e208318e7b,853a8b7ed0cbb8e208318e7b01d6c88ffad39e2233c26230f98417237caca29e,512,98959506fbf00a1a6db50907b92e993b4b6986ba3568c43a156a163f71f4c256,98959506fbf00a1a6db50907b92e993b4b6986ba3568c43a156a163f71f4c256,02183b2f82ab25bc2780e6785d1e456538e8adb3a40cb5791295eb918c9405ab,0.496072007270448,0.0014396314972862452,,,"[""s6/P4/U/w128/d61319/s1003/R/random""]","[""s6/confirm-U-w128-d61319-s1003-g00-random/e20""]",False,
input-8746c79cd7a338e5b870bf46,8746c79cd7a338e5b870bf463a36926d5319fb4ad2c63af429e9f6d7396e1a82,512,6bbeba8b8b05a54fd4be98e5912ed700f1549c8e20b9c3076ea9b67b5546e9f9,6bbeba8b8b05a54fd4be98e5912ed700f1549c8e20b9c3076ea9b67b5546e9f9,f461e1afcf940573939051fa30a707b76c6c3f5dcc5c75b4265b1f78c73b9a1b,0.04210940870577014,6.192993252441111e-05,,,"[""s5/single/M/w128/d57163/s802/R/random""]","[""s5/confirm-M-w128-d57163-s802-g05-random/e20""]",,,True,True,True,True,True,False,False,False,[],0.04210940876373570063151419162750244140625,0.042109408763497056352320828504266373096921652338669734192748253850153073309195844023200530789453599316167222482,0.04210940870577013772635410759903606958687305450439453125,0.000061929932524410793122261633401692405180740414865334024532079224837570586447227577437231863616346668201710780582,0.000061929932524410793122241282478406068989552370370920167024277720415048813933199894854718885677692852340516677764,0.000061929932524410794489248996441594201962650068065960182992398102595483177811621259875973072136399509415657756293,2.0350923286336191188044494413857507801504422521772514027682582512977938653815861194102818E-26,1.367007713963188132973097697695040015968120382180434363878421365021254186458706657075141078529E-21,2.38644279193363123236068309328347661330265807251746149846926690804155976799469210546400683832777518E-13,-5.7726918625966720905230303510048597834275202942748253850153073309195844023200530789453599316167222482E-11,0.27262419579505141953234140667368256468673268641485269968150382179588135497029912767279986649685087741197386541,1E-18,1E-12,0.000001,"[{""p"": ""0.041109408763497056352320828504266373096921652338669734192748253850153073309195844023200530789453599316167222482"", ""J"": ""0.000062340072258460141880603391335977911761120638704457558000274598790176880875679159631065298094074483562359287348"", ""signed_gap"": ""4.10139734049348758362108857571842771568268333537390975996878375128066942479264776346412416381631221842609584E-7""}, {""p"": ""0.043109408763497056352320828504266373096921652338669734192748253850153073309195844023200530789453599316167222482"", ""J"": ""0.000062339791184329809938765458425672800633781377178919335928223465684698911275558428655340203731359323815066564438"", ""signed_gap"": ""4.09858659919016816524175947266731644229006807999168903945745269650097342358533800621318053666471474549886674E-7""}]",compared,522,1.3584754221218323115458130036408E-29,2.7065679039999395,input-8746c79cd7a338e5b870bf46,8746c79cd7a338e5b870bf463a36926d5319fb4ad2c63af429e9f6d7396e1a82,512,6bbeba8b8b05a54fd4be98e5912ed700f1549c8e20b9c3076ea9b67b5546e9f9,6bbeba8b8b05a54fd4be98e5912ed700f1549c8e20b9c3076ea9b67b5546e9f9,f461e1afcf940573939051fa30a707b76c6c3f5dcc5c75b4265b1f78c73b9a1b,0.04210940870577014,6.192993252441111e-05,,,"[""s5/single/M/w128/d57163/s802/R/random""]","[""s5/confirm-M-w128-d57163-s802-g05-random/e20""]",False,
input-88e75405b57e689115e92165,88e75405b57e689115e9216593996defc7689851fbd4003133675711c01aabb6,512,98959506fbf00a1a6db50907b92e993b4b6986ba3568c43a156a163f71f4c256,98959506fbf00a1a6db50907b92e993b4b6986ba3568c43a156a163f71f4c256,f489195dea6f80498740700e6875fa9b5e2d12d27216df65456f3928aa421468,0.10868419417008668,0.0006660346344469405,,,"[""s6/P4/U/w64/d61103/s1003/R/random""]","[""s6/confirm-U-w64-d61103-s1003-g04-random/e05""]",,,True,True,True,True,True,False,False,False,[],0.10868419344524227199144661426544189453125,0.10868419344545284017565884824520702754459861907171808256393860786352610631230684468233536377251707604702450302,0.1086841941700866787101631416589953005313873291015625,0.00066603463444694158412207751574246007773795613475078155020864463262966824491831962482773032209349041714553058949,0.00066603463444694158412204020527610563664552741513213073559611642211843558921510601629920671947783951950354819240,0.00066603463444694176784260151034850185224241138646361377933742622489914459747360022058591675460157967682543838703,3.731046635444109242871961865081461252821051123265570321360852852360261565089764198239709E-26,1.8372056130507239621559688397133148304374130980278070900825849420428671003512374015732189019463E-19,-2.1056818421223397976513301334861907171808256393860786352610631230684468233536377251707604702450302E-13,7.2463383853450429341378827298678871002984441743606139213647389368769315531766463622748292395297549698E-10,0.24306774856016646577344504606385440008335517856519555468185584683480210012809631507559089908387995743583859863,1E-18,1E-12,0.000001,"[{""p"": ""0.10768419344545284017565884824520702754459861907171808256393860786352610631230684468233536377251707604702450302"", ""J"": ""0.00066638480963759461576516440831773233796475546127943470569075880901364549735815849745681545794894007417909089090"", ""signed_gap"": ""3.5017519065303164312420304162670131922804614730397009464238689520990814305248115760873847110055467554269850E-7""}, {""p"": ""0.10968419344545284017565884824520702754459861907171808256393860786352610631230684468233536377251707604702450302"", ""J"": ""0.00066638450628444544938734865019107940792204479968837484778163976455073240129992040192120630709525681920346489650"", ""signed_gap"": ""3.4987183750386526530844491497377127651738455624411218552334243229681208481438562199958761741729969991670410E-7""}]",compared,522,1.2507055225020610585622908888883E-29,2.995620618999965,input-88e75405b57e689115e92165,88e75405b57e689115e9216593996defc7689851fbd4003133675711c01aabb6,512,98959506fbf00a1a6db50907b92e993b4b6986ba3568c43a156a163f71f4c256,98959506fbf00a1a6db50907b92e993b4b6986ba3568c43a156a163f71f4c256,f489195dea6f80498740700e6875fa9b5e2d12d27216df65456f3928aa421468,0.10868419417008668,0.0006660346344469405,,,"[""s6/P4/U/w64/d61103/s1003/R/random""]","[""s6/confirm-U-w64-d61103-s1003-g04-random/e05""]",False,
input-8a3f390192fb0fc58f542bd0,8a3f390192fb0fc58f542bd0c4659f9f11f9e3cfc6ffbec70524d9dad25470b2,512,5ef925552bd2aed9bc8daee3dbe84404fd1da975c4197a0e355a73b80e2b6597,5ef925552bd2aed9bc8daee3dbe84404fd1da975c4197a0e355a73b80e2b6597,f38a63f6c217e7e1c2602aa006bd0228438c5192d630618988e2c7f037721b23,0.04153209599363614,7.486505333858323e-05,,,"[""s5/single/M/w64/d55049/s801/R/random""]","[""s5/confirm-M-w64-d55049-s801-g04-random/e30""]",,,True,True,True,True,True,False,False,False,[],0.04153209601145135820843279361724853515625,0.041532096011254975025663048411494627589807459982116358210253517834757302320122571420354912617397872474378670226,0.0415320959936361366882096035624272190034389495849609375,0.000074865053338583110048260746055750749501985814903326767948129682892932519429647092246607614445388018650661824803,0.000074865053338583110048277989680000393944293431260127999578311612215415352784645977279293184314991712167123538100,0.000074865053338583110172005980891131075415665149500947332085173164736908640084492730063467091006667309970368416211,-1.7243624249644442307616356801231630181929322482833354998885032685569869603693516461713297E-26,1.23727991211130681471371718240819332506861552521493287299846752784173906691675597803244878111E-22,1.96383182769745205753907566442540017883641789746482165242697679877428579645087382602127525621329774E-13,-1.7618838337453444849067408586368510397155420710253517834757302320122571420354912617397872474378670226E-11,0.28437658456791482629597059413415656827961312763225183565735031107538397584565751149189605927498265025102391482,1E-18,1E-12,0.000001,"[{""p"": ""0.040532096011254975025663048411494627589807459982116358210253517834757302320122571420354912617397872474378670226"", ""J"": ""0.000075254376277248973393496108647768454552889481510386611414352673286491828657655231278949972003903430513156975564"", ""signed_gap"": ""3.89322938665863345218118967768060608596050250258611836041061071076475873009253999656787688911718346033437464E-7""}, {""p"": ""0.042532096011254975025663048411494627589807459982116358210253517834757302320122571420354912617397872474378670226"", ""J"": ""0.000075254240631251751798914081836262686471334389548938030892718215037384781723942996283487517848019186699888525559"", ""signed_gap"": ""3.89187292668641750636092156262292527040958288810031314406602821969428939297019004194333533027474532764987459E-7""}]",compared,522,1.4781627368061019472481351534283E-29,2.7359814989999904,input-8a3f390192fb0fc58f542bd0,8a3f390192fb0fc58f542bd0c4659f9f11f9e3cfc6ffbec70524d9dad25470b2,512,5ef925552bd2aed9bc8daee3dbe84404fd1da975c4197a0e355a73b80e2b6597,5ef925552bd2aed9bc8daee3dbe84404fd1da975c4197a0e355a73b80e2b6597,f38a63f6c217e7e1c2602aa006bd0228438c5192d630618988e2c7f037721b23,0.04153209599363614,7.486505333858323e-05,,,"[""s5/single/M/w64/d55049/s801/R/random""]","[""s5/confirm-M-w64-d55049-s801-g04-random/e30""]",False,
input-8b25f429c24657a8858d581a,8b25f429c24657a8858d581accff5fc4f775c9f0f6630afaf1597dbc043ed2f2,512,6bbeba8b8b05a54fd4be98e5912ed700f1549c8e20b9c3076ea9b67b5546e9f9,6bbeba8b8b05a54fd4be98e5912ed700f1549c8e20b9c3076ea9b67b5546e9f9,c49c68127c051bef1ea42af1871ce903445261066db631fece049ff75c9348ce,0.025693464266178356,2.7060125228008785e-05,,,"[""s5/single/M/w256/d52919/s802/R/random""]","[""s5/confirm-M-w256-d52919-s802-g05-random/e10""]",,,True,True,True,True,True,False,False,False,[],0.02569346444715847610495984554290771484375,0.025693464446914073210465129657768518116249101523719071761936633568128544369040674185831317818859499430942283206,0.025693464266178356325553977512754499912261962890625,0.000027060125228008734134404376787731468461764923529511963187635814312600966403106924848094592925354020320315996635,0.000027060125228008734134344657598326723448195736534441528320154249182468687081025556725822266362861574944029822377,0.000027060125228008747676445140395286033550579678066078659000866796330683019386425578184046015934851375851854023445,5.9719189404745013569186995070434867481565130132279322081368122272326562492445376286174258E-26,1.3542100482796959310102383941531637130680712547148214332305400021458223749571989800907824201068E-20,2.44402894494715885139196727500898476280928238063366431871455630959325814168682181140500569057716794E-13,-1.80735716884911152145014018203987138633094071761936633568128544369040674185831317818859499430942283206E-10,0.28340498538196910899551933406156844719728317270502773479927171686968369579689360028657836002708761583966197624,1E-18,1E-12,0.000001,"[{""p"": ""0.024693464446914073210465129657768518116249101523719071761936633568128544369040674185831317818859499430942283206"", ""J"": ""0.000027475594823011655255681390051409410735502594271647788927260826613667231281792823816893074551775227817343679992"", ""signed_gap"": ""4.15469595002921121336732453082687287306857737206260607106577431198544200767267091070808188913652873313857615E-7""}, {""p"": ""0.026693464446914073210465129657768518116249101523719071761936633568128544369040674185831317818859499430942283206"", ""J"": ""0.000027475375227280259967452013385224004091437196116373053383609259976785381615641912713085083731494917938203498201"", ""signed_gap"": ""4.15249999271525833107355786897280643241459581931525063455010794316694534616355987262817368633342994173675824E-7""}]",compared,522,1.6234064663641853569589239793365E-29,2.501548452999941,input-8b25f429c24657a8858d581a,8b25f429c24657a8858d581accff5fc4f775c9f0f6630afaf1597dbc043ed2f2,512,6bbeba8b8b05a54fd4be98e5912ed700f1549c8e20b9c3076ea9b67b5546e9f9,6bbeba8b8b05a54fd4be98e5912ed700f1549c8e20b9c3076ea9b67b5546e9f9,c49c68127c051bef1ea42af1871ce903445261066db631fece049ff75c9348ce,0.025693464266178356,2.7060125228008785e-05,,,"[""s5/single/M/w256/d52919/s802/R/random""]","[""s5/confirm-M-w256-d52919-s802-g05-random/e10""]",False,
input-8bb59bf9d3dcdf76350223bf,8bb59bf9d3dcdf76350223bf4b96a892313b3a3b54e6621ac3b58fb860a5897b,512,5ef925552bd2aed9bc8daee3dbe84404fd1da975c4197a0e355a73b80e2b6597,5ef925552bd2aed9bc8daee3dbe84404fd1da975c4197a0e355a73b80e2b6597,e26f20269091064fa116675765e63e2dc313526bdd459f447580b9044a7f8f50,0.03771749246002591,7.721073558388665e-05,,,"[""s5/single/M/w64/d57163/s801/R/random""]","[""s5/confirm-M-w64-d57163-s801-g04-random/e30""]",,,True,True,True,True,True,False,False,False,[],0.03771749201814600382931530475616455078125,0.037717492018214682719304347596907995326155764473871755347750641909915938211639264767239404801692258804408956794,0.03771749246002591149373728285354445688426494598388671875,0.000077210735583886643302678657248427057690537497052960685763386347460842840678930408246830792654850353367132471367,0.000077210735583886643302672503178482547914987847075390811453960564658933493916494067149403237049874600866100809156,0.000077210735583886719333047375373936291584429033364668311149296787326123573914568048727205330906990309441850696621,6.154069944509775549649977569874309425782801909346762436341097427555604975752501031662211E-27,7.6030374872195453743669441186289277499695336222667190079998073981577802093857115708575749887465E-20,-6.8678889989042840743444544905764473871755347750641909915938211639264767239404801692258804408956794E-14,4.41811228774432935256636461558109181510014963402249358090084061788360735232760595198307741195591043206E-10,0.28616367916203230538417718740546531786851213204584978646097994081672772770308258921094016065760780399615104193,1E-18,1E-12,0.000001,"[{""p"": ""0.036717492018214682719304347596907995326155764473871755347750641909915938211639264767239404801692258804408956794"", ""J"": ""0.000077600443783058616707630410650396596260841328899114529356194619828939664333549524604545805602360325984440419943"", ""signed_gap"": ""3.89708199171973404957907471914048345853481823723717902234055170006170417055457455142568552485725118339610787E-7""}, {""p"": ""0.038717492018214682719304347596907995326155764473871755347750641909915938211639264767239404801692258804408956794"", ""J"": ""0.000077600321728541071308841920939754336763612715034600041864533592255450326516254272946394541349678273882351560076"", ""signed_gap"": ""3.89586144654428006169417761271788848624867959209230410573027596516832599760205796991304299803673016250750920E-7""}]",compared,522,2.2976845466382202841836306755637E-29,2.676670812999987,input-8bb59bf9d3dcdf76350223bf,8bb59bf9d3dcdf76350223bf4b96a892313b3a3b54e6621ac3b58fb860a5897b,512,5ef925552bd2aed9bc8daee3dbe84404fd1da975c4197a0e355a73b80e2b6597,5ef925552bd2aed9bc8daee3dbe84404fd1da975c4197a0e355a73b80e2b6597,e26f20269091064fa116675765e63e2dc313526bdd459f447580b9044a7f8f50,0.03771749246002591,7.721073558388665e-05,,,"[""s5/single/M/w64/d57163/s801/R/random""]","[""s5/confirm-M-w64-d57163-s801-g04-random/e30""]",False,
input-90d0cb9cdf93f912c58151c2,90d0cb9cdf93f912c58151c285a177b945e0d2277999d8b91bddefd79c30eb8d,512,8ca39088cd76bee65172a39c25eb65f738d4bd52f86a0d1b78206a06d4f703a0,8ca39088cd76bee65172a39c25eb65f738d4bd52f86a0d1b78206a06d4f703a0,51b1ace2837be582858a48f4fec8d93bca3cbe82da2d8a1e735d749e6f8cdd4b,0.9108579981485974,0.00030697148938799244,,,"[""s4-fixed30-U-w64-d46219-s601""]","[""s4/confirm-U-w64-d46219-s601-g00-random/e30""]",,,True,True,True,True,True,False,False,False,[],0.91085799812071854830719530582427978515625,0.91085799812059589576281109428374593399016521128955183398897193290765572487805844530344292685119087564254004965,0.9108579981485973586785576117108575999736785888671875,0.00030697148938799265555665621945274096868688336764048064659265739213590202631563094662253404265886921642964481227,0.00030697148938799265555665600213423017738521591933102310279999322152393121801744039473027688414821757640626510264,0.00030697148938799265559038113954585844241417500132195645575715815147881302027446177836079079749007865986723691594,2.1731851079130166744830945754379266417061197080829819055189225715851065164002337970963E-28,3.372513741162826502895908199093335295716492995488180225702138363051391334186108346097181330E-23,1.2265254438421154053385116608478871044816601102806709234427512194155469655707314880912435745995035E-13,2.800146291574651742711166598351337757763566601102806709234427512194155469655707314880912435745995035E-11,0.14905160014448640994369590936074301302617812833250788246362320161655378090797767219980482510414499935063876837,1E-18,1E-12,0.000001,"[{""p"": ""0.90985799812059589576281109428374593399016521128955183398897193290765572487805844530344292685119087564254004965"", ""J"": ""0.00030701469111670550937410679873179103555909179836062034168679045383385061321431864187735535818411999635636679494"", ""signed_gap"": ""4.320172871285381745079659756085817387587902959723888679723230991939519687824714707847403590241995010169230E-8""}, {""p"": ""0.91185799812059589576281109428374593399016521128955183398897193290765572487805844530344292685119087564254004965"", ""J"": ""0.00030701456366948519806528293067747291657045655613568796347914863125920014663281745899508741064331337593344889568"", ""signed_gap"": ""4.307428149254250862692854324273918524063680466486067915540973526892861537706426481052649509579952718379304E-8""}]",compared,522,4.7944194327216806195284389309592E-30,3.2374906950000195,input-90d0cb9cdf93f912c58151c2,90d0cb9cdf93f912c58151c285a177b945e0d2277999d8b91bddefd79c30eb8d,512,8ca39088cd76bee65172a39c25eb65f738d4bd52f86a0d1b78206a06d4f703a0,8ca39088cd76bee65172a39c25eb65f738d4bd52f86a0d1b78206a06d4f703a0,51b1ace2837be582858a48f4fec8d93bca3cbe82da2d8a1e735d749e6f8cdd4b,0.9108579981485974,0.00030697148938799244,,,"[""s4-fixed30-U-w64-d46219-s601""]","[""s4/confirm-U-w64-d46219-s601-g00-random/e30""]",False,
input-90fd70f93884789c32908ebd,90fd70f93884789c32908ebdc4b9fad4df0d78f6feb588a657dc75ee99f698c9,512,64d79b2736758b25c1c5c2ff642dc9c7b30eafec3eabc5047d3a48be209bd01a,64d79b2736758b25c1c5c2ff642dc9c7b30eafec3eabc5047d3a48be209bd01a,a5ec1df8ff5c3693de461264336505041525359b14c283bf2d5eef3eec3adbaa,0.13782524522040857,4.652167372773314e-05,,,"[""s4-fixed30-M-w256-d41843-s603""]","[""s4/confirm-M-w256-d41843-s603-g00-random/e30""]",,,True,True,True,True,True,False,False,False,[],0.13782524525549888494424521923065185546875,0.13782524525518741912267186199773075491620517479813356658847807320737227827487842987876299708657646711045705990,0.137825245220408565405278977777925319969654083251953125,0.000046521673727733233686552247837522853091998707668793841724396160865327002306354536163210270226382768579201661145,0.000046521673727733233686505638136838175641313103998231044740399809703528475383889376853935694561706400377355748352,0.000046521673727733234172162590424315863220924504459258122299494037962365854593633131219412460909218958786481434008,4.6609700684677450685603670562796983996351161798526922465159309274575664676368201845912793E-26,4.85656952287477687579611400461027077559094228258837379209743754365476766347512558409125685656E-22,3.1146582157335723292110055254482520186643341152192679262772172512157012123700291342353288954294010E-13,-3.477885371739288421980543494655109154618044158847807320737227827487842987876299708657646711045705990E-11,0.22755759540054660024614430257518650392203372247713030051124466464413038586301362693190643617783712520933787920,1E-18,1E-12,0.000001,"[{""p"": ""0.13682524525518741912267186199773075491620517479813356658847807320737227827487842987876299708657646711045705990"", ""J"": ""0.000046924131846528301925365921299204783032380553920424644607953169494038728875902885464150786941290124693397005123"", ""signed_gap"": ""4.02458118795068238860283162366607391067449922193599867553359790510253492013508610215092379583724316041256771E-7""}, {""p"": ""0.13882524525518741912267186199773075491620517479813356658847807320737227827487842987876299708657646711045705990"", ""J"": ""0.000046923640981821520932080324973236264970995676114522968846226223711873745692362212861092426698892550577852479289"", ""signed_gap"": ""4.01967254088287245574686836398089329682572116291924105826414008345270308472836007156732137186150200496730937E-7""}]",compared,522,1.1432698457719075681160402498303E-29,3.0990010659999143,input-90fd70f93884789c32908ebd,90fd70f93884789c32908ebdc4b9fad4df0d78f6feb588a657dc75ee99f698c9,512,64d79b2736758b25c1c5c2ff642dc9c7b30eafec3eabc5047d3a48be209bd01a,64d79b2736758b25c1c5c2ff642dc9c7b30eafec3eabc5047d3a48be209bd01a,a5ec1df8ff5c3693de461264336505041525359b14c283bf2d5eef3eec3adbaa,0.13782524522040857,4.652167372773314e-05,,,"[""s4-fixed30-M-w256-d41843-s603""]","[""s4/confirm-M-w256-d41843-s603-g00-random/e30""]",False,
input-916fb941b5bae09f027534c9,916fb941b5bae09f027534c91b8e4e4b10dc28dbbd67ca422e56c59f0db58773,512,6bbeba8b8b05a54fd4be98e5912ed700f1549c8e20b9c3076ea9b67b5546e9f9,6bbeba8b8b05a54fd4be98e5912ed700f1549c8e20b9c3076ea9b67b5546e9f9,ad7facb2586fc6e966c004d7d1d16b024f5805ff7cb47c7a85dabd8b48892ca7,,,no_adaptation,nonpositive_total_gain,"[""s5/single/U/w256/d52919/s802/R/random"", ""s5/single/U/w256/d55049/s802/R/random"", ""s5/single/U/w256/d57163/s802/R/random""]","[""s5/U-w256-d52919-s802/e00"", ""s5/U-w256-d55049-s802/e00"", ""s5/U-w256-d57163-s802/e00""]",nonpositive_total_gain,nonpositive_total_gain,,,,,,,,False,[],,,,,,,,,,,,,,,[],guard,,,0.008346293999920817,input-916fb941b5bae09f027534c9,916fb941b5bae09f027534c91b8e4e4b10dc28dbbd67ca422e56c59f0db58773,512,6bbeba8b8b05a54fd4be98e5912ed700f1549c8e20b9c3076ea9b67b5546e9f9,6bbeba8b8b05a54fd4be98e5912ed700f1549c8e20b9c3076ea9b67b5546e9f9,ad7facb2586fc6e966c004d7d1d16b024f5805ff7cb47c7a85dabd8b48892ca7,,,no_adaptation,nonpositive_total_gain,"[""s5/single/U/w256/d52919/s802/R/random"", ""s5/single/U/w256/d55049/s802/R/random"", ""s5/single/U/w256/d57163/s802/R/random""]","[""s5/U-w256-d52919-s802/e00"", ""s5/U-w256-d55049-s802/e00"", ""s5/U-w256-d57163-s802/e00""]",False,
input-940fc89942b01d79f3c378f0,940fc89942b01d79f3c378f0219112a04682f8e41af9ea529676c32288aa8d75,512,720cb4a2dfd9a2162099cb394e9a04c5f55c5f1ca83d49aa865475f11e0c23cd,720cb4a2dfd9a2162099cb394e9a04c5f55c5f1ca83d49aa865475f11e0c23cd,d883329d2a6b79098805f15c6fd730ca67a3a4b23971ea1ff656e55168a64680,4.91357465732038,1.6434027290873796,,,"[""s4-fixed30-U-w128-d46219-s602""]","[""s4/confirm-U-w128-d46219-s602-g00-random/e30""]",,,True,True,True,True,False,False,False,False,[],4.91357600448873199638910591602325439453125,4.9135760044885165510324299079552227673807252493808127908895097106613672785030307119263210856831557837897253598,4.9135746573203800124929330195300281047821044921875,1.6434027290873798060500684919473135034177994565417331036904361521608368089848174901434266618480195233418548933,1.6434027290873798060500684919603565977745472608922495987257524109646904055571059420786353185756930416483976014,1.6434027290873811646102698196398355605543645686953474094682345803595394338023118021303899042578153126475198012,-1.30430943567478043505164950353162588038535965722884519352086567276735183065427081E-29,1.3585602013276794789627798173078030978107424821693948490282452058600517545856821222709991221998E-15,2.154453566760080680316271505247506191872091104902893386327214969692880736789143168442162102746402E-13,-0.0000013471681365385394968884251946625986207571933127908895097106613672785030307119263210856831557837897253598,1.4274497003852679563037092636581434728472683982582094585421734603040758971614696155279626539209300530624932141,1.4274497003852679563037092636581434728472683982582094585421734603040758971614696155279626539209300530624932141E-18,1.4274497003852679563037092636581434728472683982582094585421734603040758971614696155279626539209300530624932141E-12,0.000001,"[{""p"": ""4.9125760044885165510324299079552227673807252493808127908895097106613672785030307119263210856831557837897253598"", ""J"": ""1.6434027298362338193789690670081553273337316349883266363262092365884167975921456604376446397629597546938547789"", ""signed_gap"": ""7.488540133289005750477987295591843740960770376004568256237263920350397183590093211872667130454571775E-10""}, {""p"": ""4.9145760044885165510324299079552227673807252493808127908895097106613672785030307119263210856831557837897253598"", ""J"": ""1.6434027298356747514209348445474932814980466639663096546231847076345258199163593296483979297200197570229058440"", ""signed_gap"": ""7.482949453708663525871366837234994030740600558974322966698354143592533875697626111443267153745082426E-10""}]",compared,522,9.2652159217384667723725470397788048279070782139708805487795938319678392993667812608474771488978675145773640607E-29,3.3667476829999714,input-940fc89942b01d79f3c378f0,940fc89942b01d79f3c378f0219112a04682f8e41af9ea529676c32288aa8d75,512,720cb4a2dfd9a2162099cb394e9a04c5f55c5f1ca83d49aa865475f11e0c23cd,720cb4a2dfd9a2162099cb394e9a04c5f55c5f1ca83d49aa865475f11e0c23cd,d883329d2a6b79098805f15c6fd730ca67a3a4b23971ea1ff656e55168a64680,4.91357465732038,1.6434027290873796,,,"[""s4-fixed30-U-w128-d46219-s602""]","[""s4/confirm-U-w128-d46219-s602-g00-random/e30""]",False,
input-968711c6b5875f6bdaae7ca6,968711c6b5875f6bdaae7ca638647809fa31162fd9bfee89b1a454a5d8b7f436,512,98959506fbf00a1a6db50907b92e993b4b6986ba3568c43a156a163f71f4c256,98959506fbf00a1a6db50907b92e993b4b6986ba3568c43a156a163f71f4c256,5b1b179d3f499b1d8be7f7a1ba364e257dc188c7f4c73cfb8ea09fcc5870bad9,0.03855783125167947,9.958379921169621e-05,,,"[""s6/P1/M/w64/d61103/s1003/R/random"", ""s6/P2/M/w64/d61103/s1003/R/random"", ""s6/P3/M/w64/d61103/s1003/R/random"", ""s6/P4/M/w64/d61103/s1003/R/random""]","[""s6/confirm-M-w64-d61103-s1003-g04-random/e30""]",,,True,True,True,True,True,False,False,False,[],0.03855783135304591269232332706451416015625,0.038557831352967042652101369949137723496188783139078058928704288792313093525420288966817904077938522437198152315,0.0385578312516794696751532001144369132816791534423828125,0.000099583799211696348854319638003629728585244643157986938244362510099230490937959700872634351578556432756459094680,0.000099583799211696348854333340318007142747869399187129195325761935967587479636930830000181151818171649285972692850,0.000099583799211696352689763008562216272119036440196465932059499718233311624738269501885877578348268538247178530988,-1.3702314377414162624756029142257081399425868356988698971129127546800239615216529513598170E-26,3.835429668244209129371167041009336736733737782265724145101338671885696426530096888961205838138E-21,7.8870040221957115376436660061216860921941071295711207686906474579711033182095922061477562801847685E-14,-1.01287572976948169834700810214509629696695246428704288792313093525420288966817904077938522437198152315E-10,0.28823139248218578075629586382437477906229572289958856026482961135073276857203941459925694102356745349390450535,1E-18,1E-12,0.000001,"[{""p"": ""0.037557831352967042652101369949137723496188783139078058928704288792313093525420288966817904077938522437198152315"", ""J"": ""0.000099955700001544631637485869526715350621073433090936301763179312325545883756639167247720774526473806635943804742"", ""signed_gap"": ""3.71900789848282783152529208708207873204033903807106437417376357958404119708337247539622708302157349971111892E-7""}, {""p"": ""0.039557831352967042652101369949137723496188783139078058928704288792313093525420288966817904077938522437198152315"", ""J"": ""0.000099955595197346289259605270539027413339230035134656268987012133250857639004416337035230030137937185648556273348"", ""signed_gap"": ""3.71795985649940405271930221020270591360635947527073661250197283270159367485507035048878319765536362583580498E-7""}]",compared,522,1.8529123822685597852492163702443E-29,2.7077799219998724,input-968711c6b5875f6bdaae7ca6,968711c6b5875f6bdaae7ca638647809fa31162fd9bfee89b1a454a5d8b7f436,512,98959506fbf00a1a6db50907b92e993b4b6986ba3568c43a156a163f71f4c256,98959506fbf00a1a6db50907b92e993b4b6986ba3568c43a156a163f71f4c256,5b1b179d3f499b1d8be7f7a1ba364e257dc188c7f4c73cfb8ea09fcc5870bad9,0.03855783125167947,9.958379921169621e-05,,,"[""s6/P1/M/w64/d61103/s1003/R/random"", ""s6/P2/M/w64/d61103/s1003/R/random"", ""s6/P3/M/w64/d61103/s1003/R/random"", ""s6/P4/M/w64/d61103/s1003/R/random""]","[""s6/confirm-M-w64-d61103-s1003-g04-random/e30""]",False,
input-9980fc532bb68398ddc92112,9980fc532bb68398ddc92112dd1002e14df7e6fcb02bb8bc9f4fee7eab676969,512,64d79b2736758b25c1c5c2ff642dc9c7b30eafec3eabc5047d3a48be209bd01a,64d79b2736758b25c1c5c2ff642dc9c7b30eafec3eabc5047d3a48be209bd01a,c2be25eda87c64dc3a32b3b5df0a87d5505579e137cb0de3d7ff83efef44044c,1.3996737953928884,0.00584663469794518,,,"[""s4-fixed30-U-w64-d43997-s603""]","[""s4/confirm-U-w64-d43997-s603-g00-random/e30""]",,,True,True,True,True,True,False,False,False,[],1.39967378532810471369884908199310302734375,1.3996737853276537075652944031340822106646427530424564816858642973134227046655284313509782279474645204390137068,1.39967379539288838685706650721840560436248779296875,0.0058466346979451830270861436103496181436499725252221677306575766526846676157060666021924206862348657998296763209,0.0058466346979451830270861434731466281600085332694500643889620110275184966904221300180834592477102588007430870994,0.0058466346979451844768076675963957310552790676932311945806832262134027148895420983552605859336471297653251546129,1.372029899836414392557721033416955656251661709252839365841089614385246069990865892215E-28,1.4497215241232491028952705344237811301917212151858842181991199683371771266859368709645820675135E-18,4.510061335546788590208166791072469575435183141357026865772953344715686490217720525354795609862932E-13,1.00652346792917721040843233936978450399262935183141357026865772953344715686490217720525354795609862932E-8,0.24218332747612801098009795514566410479998703674663425007428342214504547330834122211225638069373695582700076774,1E-18,1E-12,0.000001,"[{""p"": ""1.3986737853276537075652944031340822106646427530424564816858642973134227046655284313509782279474645204390137068"", ""J"": ""0.0058466490244977142920134231901694410812677701387368270154463993838235190837538094543304190765429855967349121734"", ""signed_gap"": ""1.43265525312649272797170228129212592368692867626264843883563050223933316794362469598288327267959918250740E-8""}, {""p"": ""1.4006737853276537075652944031340822106646427530424564816858642973134227046655284313509782279474645204390137068"", ""J"": ""0.0058466489924543009640230390058334714977278859641977222160115001370266962849329567820598337734974922442127044904"", ""signed_gap"": ""1.42945091179369368955326868433377193526947476578270494891095081995945108267639763745257872334434696173910E-8""}]",compared,522,1.5080956363735358807656835159328E-29,3.55440132800004,input-9980fc532bb68398ddc92112,9980fc532bb68398ddc92112dd1002e14df7e6fcb02bb8bc9f4fee7eab676969,512,64d79b2736758b25c1c5c2ff642dc9c7b30eafec3eabc5047d3a48be209bd01a,64d79b2736758b25c1c5c2ff642dc9c7b30eafec3eabc5047d3a48be209bd01a,c2be25eda87c64dc3a32b3b5df0a87d5505579e137cb0de3d7ff83efef44044c,1.3996737953928884,0.00584663469794518,,,"[""s4-fixed30-U-w64-d43997-s603""]","[""s4/confirm-U-w64-d43997-s603-g00-random/e30""]",False,
input-9b2bda9d6c8c0fea3fc8d73a,9b2bda9d6c8c0fea3fc8d73a3e42e438bec98d91018ff655b6d380392a5b7f0e,512,c89e77c654eaf6bb5186b57235d9f7044dbc61288842163a04ff3029e9759317,c89e77c654eaf6bb5186b57235d9f7044dbc61288842163a04ff3029e9759317,8bed497000a05c1c5e9869bfd1062f2769e5b56311d993342a79b9e6a11782e4,0.04622600537453721,8.419151774312113e-05,,,"[""s5/single/M/w128/d55049/s803/R/random""]","[""s5/confirm-M-w128-d55049-s803-g05-random/e20""]",,,True,True,True,True,True,False,False,False,[],0.04622600529046394512988626956939697265625,0.046226005289833934894909887580826915903251327695293660881432706232720836397455026245386915796147477096073691854,0.04622600537453720737079976288441685028374195098876953125,0.000084191517743121047129173330416144106358163310578953300024592355619702966129364200864568051856950360469268290787,0.000084191517743121047129131193009309114881613982414992360935840441324827917757991071005331549524691957985648628371,0.000084191517743121049946262121306888149765502750688714005965219284378554150443457047798691666736007238656747829260,4.2137406834991476549328163960939088751914294875048371373129859236502332258402483619662416E-26,2.817130928297579034883888768273721645029378843053726232685465976793360117211315280671099200889E-21,6.30010234976381988570056752998672304706339118567293767279163602544973754613084203852522903926308146E-13,8.4703272475889875303589934380490623293475870368567293767279163602544973754613084203852522903926308146E-11,0.27802841828580938252181714588641503440214120198682734947231792547008115235930953979490849027580194644822776975,1E-18,1E-12,0.000001,"[{""p"": ""0.045226005289833934894909887580826915903251327695293660881432706232720836397455026245386915796147477096073691854"", ""J"": ""0.000084586379649335901456707120847721554150730733131327342749454380961886272637852192569805205760601132899349135197"", ""signed_gap"": ""3.94861906214854327575927838412439269116750716334981813613939637058354879861121564473656235909174913700506826E-7""}, {""p"": ""0.047226005289833934894909887580826915903251327695293660881432706232720836397455026245386915796147477096073691854"", ""J"": ""0.000084586250156971463795142603927926993790015575621086406153382029451956662288908857127177077500070542899592959770"", ""signed_gap"": ""3.94732413850416666011410918617878908401593206094045217541588127128744530917786121845527975378584913944331399E-7""}]",compared,522,1.6229300666912756687161175497639E-29,2.7498335660000066,input-9b2bda9d6c8c0fea3fc8d73a,9b2bda9d6c8c0fea3fc8d73a3e42e438bec98d91018ff655b6d380392a5b7f0e,512,c89e77c654eaf6bb5186b57235d9f7044dbc61288842163a04ff3029e9759317,c89e77c654eaf6bb5186b57235d9f7044dbc61288842163a04ff3029e9759317,8bed497000a05c1c5e9869bfd1062f2769e5b56311d993342a79b9e6a11782e4,0.04622600537453721,8.419151774312113e-05,,,"[""s5/single/M/w128/d55049/s803/R/random""]","[""s5/confirm-M-w128-d55049-s803-g05-random/e20""]",False,
input-9d33ea9ae58ada5b77f34b4c,9d33ea9ae58ada5b77f34b4c74bac8247a5844f96b5572cbe934d2ce4f1648eb,512,6bbeba8b8b05a54fd4be98e5912ed700f1549c8e20b9c3076ea9b67b5546e9f9,6bbeba8b8b05a54fd4be98e5912ed700f1549c8e20b9c3076ea9b67b5546e9f9,e97d6228bef061a714f4784d80cecb5270afe14c661a4b8458cf163ccc9a5689,0.03596173952123287,6.270622770102881e-05,,,"[""s5/single/M/w64/d52919/s802/R/random""]","[""s5/confirm-M-w64-d52919-s802-g04-random/e30""]",,,True,True,True,True,True,False,False,False,[],0.03596173952109893434680998325347900390625,0.035961739521198534901521468291430615788796904198481320815210312152645293240229313228037668965207230685325954288,0.03596173952123286887694320057562435977160930633544921875,0.000062706227701028837782811023544592628814251325201064359315487743726098927785118825869961025230864839861174718953,0.000062706227701028837782812422149719128272893234531274563717912521730655050822195897491166868741176828109949179213,0.000062706227701028837782814796436767342476045511459088153461172440331445975006439382111167301080391600071973746453,-1.398605126499458641909330210204402424778004556123037077071621205843510311988248774460260E-27,2.374287048214203152276927813589743259918600790924184243484620000432339214771962024567240E-27,-9.9600554711485037951611882546904198481320815210312152645293240229313228037668965207230685325954288E-14,3.4333975421732284193743982812402136967897934789687847354706759770686771962331034792769314674045712E-14,0.27627296724508149868267027788158392645317935309518984295209050418108521780243332196908862720125340387800618249,1E-18,1E-12,0.000001,"[{""p"": ""0.034961739521198534901521468291430615788796904198481320815210312152645293240229313228037668965207230685325954288"", ""J"": ""0.000063117829958213382261769713492793844934737894585398834168226043165294949772061948699831460218785599582469010857"", ""signed_gap"": ""4.11602257184544478957291343074716661844660054124270450313521434639898949866051208664591477608771472519831644E-7""}, {""p"": ""0.036961739521198534901521468291430615788796904198481320815210312152645293240229313228037668965207230685325954288"", ""J"": ""0.000063117571848204056295357324589411885606381944153394670917466665833090227626757468052140129789668478488795968570"", ""signed_gap"": ""4.11344147175218512544902439692757333488709622120107199554144102435176804561570560973261048491650378846789357E-7""}]",compared,522,1.8008367579042245474406513290631E-29,2.67134639599999,input-9d33ea9ae58ada5b77f34b4c,9d33ea9ae58ada5b77f34b4c74bac8247a5844f96b5572cbe934d2ce4f1648eb,512,6bbeba8b8b05a54fd4be98e5912ed700f1549c8e20b9c3076ea9b67b5546e9f9,6bbeba8b8b05a54fd4be98e5912ed700f1549c8e20b9c3076ea9b67b5546e9f9,e97d6228bef061a714f4784d80cecb5270afe14c661a4b8458cf163ccc9a5689,0.03596173952123287,6.270622770102881e-05,,,"[""s5/single/M/w64/d52919/s802/R/random""]","[""s5/confirm-M-w64-d52919-s802-g04-random/e30""]",False,
input-9fe965cc36d8e225cdccf409,9fe965cc36d8e225cdccf4094b0a493f22f988d4f6b8f73e880cf0b36f587b6d,512,98959506fbf00a1a6db50907b92e993b4b6986ba3568c43a156a163f71f4c256,98959506fbf00a1a6db50907b92e993b4b6986ba3568c43a156a163f71f4c256,1d1c1e5f97e0dd39b08267ff5bccd20c73d81c170409da2a40710adcbda8520b,6.0944910574304645,1.3179798546326347,,,"[""s6/P4/U/w256/d61211/s1003/R/random""]","[""s6/confirm-U-w256-d61211-s1003-g00-random/e10""]",,,True,True,True,True,True,False,False,False,[],6.09449158507004540297202765941619873046875,6.094491585069857200693295048141121788576986583611438493010096143109087338618979008386300681892367937145097908,6.09449105743046448679933746461756527423858642578125,1.3179798546326358027872840330794665155158471719744826037700892646399234200033828799762761890284649803857990186,1.3179798546326358027872840330460592455675654099069491348230420197255151849087440577683495305556100316332955204,1.3179798546326359055862311066587790066407475391819333595945833873813922738221341922879629298203543570326648807,3.34072699482817620675334689470472449144082350946388222079266584728549487525034982E-29,1.027989470736127197610731821292749842247715413676558770889133901345196133992647443253993693603E-16,1.88202278732611275076941891763416388561506989903856890912661381020991613699318107632062854902092E-13,-5.27639392713893957583523556514338400157830188493010096143109087338618979008386300681892367937145097908E-7,1.3807056304508302038381258946895956172198518819721932909249803556073600341090610795764661709935726581107824888,1.3807056304508302038381258946895956172198518819721932909249803556073600341090610795764661709935726581107824888E-18,1.3807056304508302038381258946895956172198518819721932909249803556073600341090610795764661709935726581107824888E-12,0.000001,"[{""p"": ""6.093491585069857200693295048141121788576986583611438493010096143109087338618979008386300681892367937145097908"", ""J"": ""1.3179798550020042209134852997752981499477598990576652071538748414168412068147770791300296467656994860836796898"", ""signed_gap"": ""3.693684181262012667292389043801944891507160723308328216913260219060330213616801162100894544503841694E-10""}, {""p"": ""6.095491585069857200693295048141121788576986583611438493010096143109087338618979008386300681892367937145097908"", ""J"": ""1.3179798550017570792801256704517991349789796359323420966096027595249025626163161168191493941623661246132469084"", ""signed_gap"": ""3.691212764928416374057398894114142260253929617865607397993873777075720590507998636067560929799513880E-10""}]",compared,522,1.1242424576023413361651231799055558926987455529389059585125402801429159163043801891597898767238088038467627197E-28,3.381436164000206,input-9fe965cc36d8e225cdccf409,9fe965cc36d8e225cdccf4094b0a493f22f988d4f6b8f73e880cf0b36f587b6d,512,98959506fbf00a1a6db50907b92e993b4b6986ba3568c43a156a163f71f4c256,98959506fbf00a1a6db50907b92e993b4b6986ba3568c43a156a163f71f4c256,1d1c1e5f97e0dd39b08267ff5bccd20c73d81c170409da2a40710adcbda8520b,6.0944910574304645,1.3179798546326347,,,"[""s6/P4/U/w256/d61211/s1003/R/random""]","[""s6/confirm-U-w256-d61211-s1003-g00-random/e10""]",False,
input-a0b83c6fa5e77ccde3314a1e,a0b83c6fa5e77ccde3314a1eacd7146a61e63da9d8b10b4421776aeae85fe6aa,512,8ca39088cd76bee65172a39c25eb65f738d4bd52f86a0d1b78206a06d4f703a0,8ca39088cd76bee65172a39c25eb65f738d4bd52f86a0d1b78206a06d4f703a0,0dbb6525b2fcad168b87c7ef1b7afe7ec419a41e9c5f2ad9742b01eaf28da721,0.034506484224240005,3.6080116023157255e-05,,,"[""s4-fixed30-M-w64-d43997-s601""]","[""s4/confirm-M-w64-d43997-s601-g00-random/e30""]",,,True,True,True,True,True,False,False,False,[],0.03450648423995517077855765819549560546875,0.034506484239669207073400043227671819761105569774697270637191347335007587124948829861632504658438714340495401392,0.03450648422424000549835199080916936509311199188232421875,0.000036080116023157341240071882769462890676317795507055371895677083429956597087344593367919381309305484702131130559,0.000036080116023157341240051095608828066363460292714662750991948443477373710930193560743901111950214886624552623773,0.000036080116023157341338607922776607054923325672490200481069280849724564743214694894676796553932311696431326874373,2.0787160634824312857502792392620903728639952582886157151032624018269359090598077578506786E-26,9.8556827167778988559865379775537730077332406247191032284501333932895441982096809806774250600E-23,2.85963705157614967823785707644430225302729362808652664992412875051170138367495341561285659504598608E-13,-1.5429201575048052418502454667993577892373051887191347335007587124948829861632504658438714340495401392E-11,0.27986209188623863886030084686579626512659928447404215173165283176131582472363015629546105875977890381762749744,1E-18,1E-12,0.000001,"[{""p"": ""0.033506484239669207073400043227671819761105569774697270637191347335007587124948829861632504658438714340495401392"", ""J"": ""0.0000364912934044170178650817027166601298047396751493945124439549884502290841698289446607451231559389370970051845"", ""signed_gap"": ""4.11177381259676625030607107832063441279382434731761452006544972855373239635383916844011205724050472452560727E-7""}, {""p"": ""0.035506484239669207073400043227671819761105569774697270637191347335007587124948829861632504658438714340495401392"", ""J"": ""0.000036491120637357991694495274306329791243801573963570818435943803738276001065211668622931191548623080618837428688"", ""signed_gap"": ""4.11004614200650454444178697501724880341281248908067443995360260902290135018107879030079598408193994284804915E-7""}]",compared,522,1.4165397643984818916774593843777E-29,2.6406167320000122,input-a0b83c6fa5e77ccde3314a1e,a0b83c6fa5e77ccde3314a1eacd7146a61e63da9d8b10b4421776aeae85fe6aa,512,8ca39088cd76bee65172a39c25eb65f738d4bd52f86a0d1b78206a06d4f703a0,8ca39088cd76bee65172a39c25eb65f738d4bd52f86a0d1b78206a06d4f703a0,0dbb6525b2fcad168b87c7ef1b7afe7ec419a41e9c5f2ad9742b01eaf28da721,0.034506484224240005,3.6080116023157255e-05,,,"[""s4-fixed30-M-w64-d43997-s601""]","[""s4/confirm-M-w64-d43997-s601-g00-random/e30""]",False,
input-a1e9c5128123faca62ae6d70,a1e9c5128123faca62ae6d70cfd4c48574ffd2aa4fe6b270a6a04ccc98acf6e9,512,6bbeba8b8b05a54fd4be98e5912ed700f1549c8e20b9c3076ea9b67b5546e9f9,6bbeba8b8b05a54fd4be98e5912ed700f1549c8e20b9c3076ea9b67b5546e9f9,7298fae6f2b8b4d54633f71bfda9338d80df852b56d2ae5ca1c6f4a25675d809,0.4717313103666513,0.0012992502926012619,,,"[""s5/single/U/w64/d52919/s802/R/random""]","[""s5/confirm-U-w64-d52919-s802-g04-random/e10""]",,,True,True,True,True,True,False,False,False,[],0.47173131067347640055231750011444091796875,0.47173131067365111049191014429010270182971395775785439786778940446359577398678472723271882560815751522062094750,0.47173131036665127968632305055507458746433258056640625,0.0012992502926012623806757172719994310852378386802000793725762274387757613612971470382099804064255748614676936304,0.0012992502926012623806757262032569788241597801594295215340705193898743959939509730071857685558676509198033979032,0.0012992502926012623946148433297091365392800721269641592066413892502660546202493915749468236838566508193310994333,-8.9312575477389219414792294421614942919510986346326538259689757881494420760583357042728E-27,1.39391171264521577151202919675346376725708698603916586262984185677610551279889998995277015301E-20,-1.7470993959264417566178386096395775785439786778940446359577398678472723271882560815751522062094750E-13,-3.0699983080558709373502811436538137719144814786778940446359577398678472723271882560815751522062094750E-10,0.10647202585089627663143807530453776288799952385843333118098799847385081540494563831096429534921828837496118352,1E-18,1E-12,0.000001,"[{""p"": ""0.47073131067365111049191014429010270182971395775785439786778940446359577398678472723271882560815751522062094750"", ""J"": ""0.0012993986796173937746508427494576366660867980843592084631881238375513535944606795600141508292045652911751822865"", ""signed_gap"": ""1.483870161313939751165462006578419270179249296869291176044476769576005097065528283822733369143713717843833E-7""}, {""p"": ""0.47273131067365111049191014429010270182971395775785439786778940446359577398678472723271882560815751522062094750"", ""J"": ""0.0012993982013300891157813754025331960968175113153791259011779030864410825967251816066365260284468506960086776048"", ""signed_gap"": ""1.479087288267351056491992762172726577311559496043671073836965666866027742085994507574725791997762052797016E-7""}]",compared,522,5.8327131698143927231919851842949E-30,3.2034156290000055,input-a1e9c5128123faca62ae6d70,a1e9c5128123faca62ae6d70cfd4c48574ffd2aa4fe6b270a6a04ccc98acf6e9,512,6bbeba8b8b05a54fd4be98e5912ed700f1549c8e20b9c3076ea9b67b5546e9f9,6bbeba8b8b05a54fd4be98e5912ed700f1549c8e20b9c3076ea9b67b5546e9f9,7298fae6f2b8b4d54633f71bfda9338d80df852b56d2ae5ca1c6f4a25675d809,0.4717313103666513,0.0012992502926012619,,,"[""s5/single/U/w64/d52919/s802/R/random""]","[""s5/confirm-U-w64-d52919-s802-g04-random/e10""]",False,
input-a1f4a1f776789529bd96fb71,a1f4a1f776789529bd96fb71a37b73b093572885cdf034e34739997f5d57df53,512,aec7cff57191991ba3f1dfa4c2c047be85dddaa0226fb3217de73a1a7f997c17,aec7cff57191991ba3f1dfa4c2c047be85dddaa0226fb3217de73a1a7f997c17,5c2fecc9b49dc3e4ca440f40f87b24c48502d2ed22ddd4a79786a12b1c033f41,0.02576315941476849,3.6539239636135835e-05,,,"[""s6/P1/M/w256/d61319/s1001/R/random"", ""s6/P2/M/w256/d61319/s1001/R/random""]","[""s6/confirm-M-w256-d61319-s1001-g05-random/e10""]",,,True,True,True,True,True,False,False,False,[],0.02576315920441629714332520961761474609375,0.025763159204146465927354894756194632149199578228180099155705507068042638925920546736498807672531073732391342604,0.02576315941476849114000202689567231573164463043212890625,0.000036539239636136007408387932670555379656407492831110861508037465456956688625357103286497121475010833881470852080,0.000036539239636136007408383416370582306355548104902926238232499122881986150270786538608990139218438127355937453131,0.000036539239636136025607446875221226224970137334173046705798871968062221213816836082031298789145867707264888611756,4.516299973073300859387928184623275538342574970538354570564677506982256572706525533398949E-27,1.8199063458850643918614589229270120467566372845180235063546049543422308649927429579908951158625E-20,2.69831215970314861420113944550421771819900844294492931957361074079453263501192327468926267608657396E-13,2.10622025212647132139477683582445052203948807094294492931957361074079453263501192327468926267608657396E-10,0.29081611821851882251707761916722759726882672138753450111653912239608190717936166657849477503437991228346885812,1E-18,1E-12,0.000001,"[{""p"": ""0.024763159204146465927354894756194632149199578228180099155705507068042638925920546736498807672531073732391342604"", ""J"": ""0.000036950016421485693882617666862508851121770818230747962042966099078013765717423600642120587633359560658895049764"", ""signed_gap"": ""4.10776785349686474234250491926544766222713327821723810466976196027615446637062033130448414921433302957596633E-7""}, {""p"": ""0.026763159204146465927354894756194632149199578228180099155705507068042638925920546736498807672531073732391342604"", ""J"": ""0.000036949841386236520382116812823595262021836292763415454446264249861215998052518613789477051437612172467160651232"", ""signed_gap"": ""4.10601750100512973733396453012955666288187860489216213765126979229847781732075180486912219174045111223198101E-7""}]",compared,522,1.3645293877438070629303092447346E-29,2.9228172539999377,input-a1f4a1f776789529bd96fb71,a1f4a1f776789529bd96fb71a37b73b093572885cdf034e34739997f5d57df53,512,aec7cff57191991ba3f1dfa4c2c047be85dddaa0226fb3217de73a1a7f997c17,aec7cff57191991ba3f1dfa4c2c047be85dddaa0226fb3217de73a1a7f997c17,5c2fecc9b49dc3e4ca440f40f87b24c48502d2ed22ddd4a79786a12b1c033f41,0.02576315941476849,3.6539239636135835e-05,,,"[""s6/P1/M/w256/d61319/s1001/R/random"", ""s6/P2/M/w256/d61319/s1001/R/random""]","[""s6/confirm-M-w256-d61319-s1001-g05-random/e10""]",False,
input-a201e7ec47b1ca7abea60e8c,a201e7ec47b1ca7abea60e8cef65f04989c61c8566a1976a16b2ee0f3049727c,512,98959506fbf00a1a6db50907b92e993b4b6986ba3568c43a156a163f71f4c256,98959506fbf00a1a6db50907b92e993b4b6986ba3568c43a156a163f71f4c256,a6b9086b451d5bfb91de3cf81e0062d02f79816d569756fb1a8071430e5130b9,0.25667765552361643,0.0009865972972623771,,,"[""s6/P1/U/w64/d61319/s1003/R/random"", ""s6/P2/U/w64/d61319/s1003/R/random"", ""s6/P3/U/w64/d61319/s1003/R/random""]","[""s6/confirm-U-w64-d61319-s1003-g04-random/e10""]",,,True,True,True,True,True,False,False,False,[],0.25667765601292558130808174610137939453125,0.25667765601290072104739198826389502774261731398705045007357159271270107817185442789213852304617110809900794576,0.25667765552361643255352419146220199763774871826171875,0.00098659729726237683432006170589019166829811806486080683318892999357923824402560513942066906624755837247213867010,0.00098659729726237683432006463801778638999847973550125644945288838702584564883110634040994433644766485141712484803,0.00098659729726237690152032572412882262069913427955139684680795503671522937030313318696616998343013363101551560236,-2.93212759472170036167064044961626395839344660740480550120098927527020010647894498617793E-27,6.720026108611103623070065454405014039735506664968938372147202684655622564698246877959839075433E-20,2.486026068975783748436678863268601294954992642840728729892182814557210786147695382889190099205424E-14,-4.8928428849386779680169303010486859572533170007357159271270107817185442789213852304617110809900794576E-10,0.17907619043100368718261981419114866227447151713875297941220714102396599965301453327898913338822103571568255231,1E-18,1E-12,0.000001,"[{""p"": ""0.25567765601290072104739198826389502774261731398705045007357159271270107817185442789213852304617110809900794576"", ""J"": ""0.00098687801620232184339498070667814502120210094856210316048043590597311142840211580805906597905999365616596549361"", ""signed_gap"": ""2.8071893994500907491606866035863120362121306084671102754751894726577957100946764912164261232880474884064558E-7""}, {""p"": ""0.25767765601290072104739198826389502774261731398705045007357159271270107817185442789213852304617110809900794576"", ""J"": ""0.00098687747517558033971727297609657213636964584315421694222017252179874220948927007288786030803028565020686309201"", ""signed_gap"": ""2.8017791320350539720833807878574637116610765296049276728413477289656065816373247791597158262079878973824398E-7""}]",compared,522,4.912015506996183504546690957421E-30,3.15393772099992,input-a201e7ec47b1ca7abea60e8c,a201e7ec47b1ca7abea60e8cef65f04989c61c8566a1976a16b2ee0f3049727c,512,98959506fbf00a1a6db50907b92e993b4b6986ba3568c43a156a163f71f4c256,98959506fbf00a1a6db50907b92e993b4b6986ba3568c43a156a163f71f4c256,a6b9086b451d5bfb91de3cf81e0062d02f79816d569756fb1a8071430e5130b9,0.25667765552361643,0.0009865972972623771,,,"[""s6/P1/U/w64/d61319/s1003/R/random"", ""s6/P2/U/w64/d61319/s1003/R/random"", ""s6/P3/U/w64/d61319/s1003/R/random""]","[""s6/confirm-U-w64-d61319-s1003-g04-random/e10""]",False,
input-a31d6cb75e819c202497f968,a31d6cb75e819c202497f96814f174ec0e492ffce39fbbc765ce64c9c02fa45f,512,720cb4a2dfd9a2162099cb394e9a04c5f55c5f1ca83d49aa865475f11e0c23cd,720cb4a2dfd9a2162099cb394e9a04c5f55c5f1ca83d49aa865475f11e0c23cd,67e18ad5e085a126e739a0f773476156acca27d7ccfecd89b90ec633f3de4411,0.08926760314993187,0.0002115078186529811,,,"[""s4-fixed30-M-w128-d43997-s602""]","[""s4/confirm-M-w128-d43997-s602-g00-random/e30""]",,,True,True,True,True,True,False,False,False,[],0.08926760259919319651089608669281005859375,0.08926760259885070115543101684631398031093637111268190161142624512945075965243155630195065402658172745495615428,0.08926760314993187339638325283885933458805084228515625,0.00021150781865298120066146556805770567694008658851065445221176064767451685302971280257302784886430758499608057549,0.00021150781865298120066140714229234452827063744335089762326146615335073480951149663247913846649998985776531414506,0.00021150781865298131198596368053428197394153962674599220158403193640299501340849752565844774437301412599237996527,5.842576536114866944914515975682895029449432378204351821617009388938236431772723076643043E-26,1.1132455653824193744567090218339509457832256578305226020389700089317930927787302426822706582021E-19,3.4249535546506984649607828281362888731809838857375487054924034756844369804934597341827254504384572E-13,5.5108117224095223599254535427711447117247434838857375487054924034756844369804934597341827254504384572E-10,0.25109530284385188933107960800916392219547657607844778515852562258216738202616475245027314668915890508940132086,1E-18,1E-12,0.000001,"[{""p"": ""0.08826760259885070115543101684631398031093637111268190161142624512945075965243155630195065402658172745495615428"", ""J"": ""0.00021187443009815151249644691934396208633373635260537179333783213139994277987212143994500562679965295114830995719"", ""signed_gap"": ""3.6661144517031183503977705161755806309890925447417007636597804920797036062480746586716029966309338299581213E-7""}, {""p"": ""0.09026760259885070115543101684631398031093637111268190161142624512945075965243155630195065402658172745495615428"", ""J"": ""0.00021187418758986279991292137256107133036789920462371621159443921315202774362259696121554936098207091781098797066"", ""signed_gap"": ""3.6636893688159925151423026872680209726176127281858833297305980129293411110032873641089448208106004567382560E-7""}]",compared,522,1.2300640955816534417076769910711E-29,3.0165511809999543,input-a31d6cb75e819c202497f968,a31d6cb75e819c202497f96814f174ec0e492ffce39fbbc765ce64c9c02fa45f,512,720cb4a2dfd9a2162099cb394e9a04c5f55c5f1ca83d49aa865475f11e0c23cd,720cb4a2dfd9a2162099cb394e9a04c5f55c5f1ca83d49aa865475f11e0c23cd,67e18ad5e085a126e739a0f773476156acca27d7ccfecd89b90ec633f3de4411,0.08926760314993187,0.0002115078186529811,,,"[""s4-fixed30-M-w128-d43997-s602""]","[""s4/confirm-M-w128-d43997-s602-g00-random/e30""]",False,
input-a38b431f4cc1d1c45d3b84ce,a38b431f4cc1d1c45d3b84ceadf0a8a7366cf02d5f49c516b994dd55bd4e613f,512,720cb4a2dfd9a2162099cb394e9a04c5f55c5f1ca83d49aa865475f11e0c23cd,720cb4a2dfd9a2162099cb394e9a04c5f55c5f1ca83d49aa865475f11e0c23cd,a11bccbba67b65dd2b3ae8448a9fdb4af365e43632839ebe4c714f4d82554aa8,0.05081598755631031,2.7140359195990325e-05,,,"[""s4-fixed30-M-w64-d41843-s602""]","[""s4/confirm-M-w64-d41843-s602-g00-random/e30""]",,,True,True,True,True,True,False,False,False,[],0.05081598764036243665032088756561279296875,0.05081598764056708384239158115583396060225702863017484956382235552762258728397467339838789039407132034610614416,0.0508159875563103102802386956682312302291393280029296875,0.000027140359195990280771819545766595070926899559768222061662661777544380714082474252116865136688779245926386333324,0.000027140359195990280771783039535506345717238020914019704440081259689682455785623400272248431245781972372630323357,0.000027140359195990283472043352970167242253889893589100045587381346309561629815481813447228628638962633021034439324,3.6506231088725209661538854202357222580517854698258296850851844616705442997273553756009967E-26,2.700260313434660896536651872675080341147300086619879174029858413174980197393180660648404115967E-21,-2.0464719207069359022116763350702863017484956382235552762258728397467339838789039407132034610614416E-13,-8.425677356215288548760273037311770062724516206382235552762258728397467339838789039407132034610614416E-11,0.27560342901828978030554573737798554001669322713161900231526361333493197030682290005438726673730389907018696592,1E-18,1E-12,0.000001,"[{""p"": ""0.04981598764056708384239158115583396060225702863017484956382235552762258728397467339838789039407132034610614416"", ""J"": ""0.000027519589818084211746740491972252704180004574103401271914217654677288518662291854108500007318636596850492216502"", ""signed_gap"": ""3.79230622093930974957452436746358462766553189381567474136394987606062876668453836251576072854624477861893145E-7""}, {""p"": ""0.05181598764056708384239158115583396060225702863017484956382235552762258728397467339838789039407132034610614416"", ""J"": ""0.000027519457050143537532560122140076303639025994556069822697145645752135548367738929713716682356765362048148081174"", ""signed_gap"": ""3.79097854153256760777082604569957921787973642050118257064386062453092582115529441468251110983389675517757817E-7""}]",compared,522,1.5638024982557777977102519605467E-29,2.797545682999953,input-a38b431f4cc1d1c45d3b84ce,a38b431f4cc1d1c45d3b84ceadf0a8a7366cf02d5f49c516b994dd55bd4e613f,512,720cb4a2dfd9a2162099cb394e9a04c5f55c5f1ca83d49aa865475f11e0c23cd,720cb4a2dfd9a2162099cb394e9a04c5f55c5f1ca83d49aa865475f11e0c23cd,a11bccbba67b65dd2b3ae8448a9fdb4af365e43632839ebe4c714f4d82554aa8,0.05081598755631031,2.7140359195990325e-05,,,"[""s4-fixed30-M-w64-d41843-s602""]","[""s4/confirm-M-w64-d41843-s602-g00-random/e30""]",False,
input-a3dd046fc1594cc65a2a4aba,a3dd046fc1594cc65a2a4abacd3d1a8645302a65ab6054ac85ebe828cff87e88,512,c89e77c654eaf6bb5186b57235d9f7044dbc61288842163a04ff3029e9759317,c89e77c654eaf6bb5186b57235d9f7044dbc61288842163a04ff3029e9759317,0018b9dad006e694e9f054515f095a9ae0c64279fc5392e96dec8dc9f1ae4783,0.0518658202571346,6.687637395709012e-05,,,"[""s5/single/M/w64/d52919/s803/R/random""]","[""s5/confirm-M-w64-d52919-s803-g04-random/e30""]",,,True,True,True,True,True,False,False,False,[],0.05186582090891533880494534969329833984375,0.051865820909226316330352022052482943701481703628969320763898176416211609028709706894812964965758703473126425145,0.05186582025713459831450791170937009155750274658203125,0.000066876373957090093930837620353980985605405255283030805632279299326026670881403889973339777814481251331945003361,0.000066876373957090093930814016465224552938419718213906100443444924963160283527707291955678778658440870597928758326,0.000066876373957090261696549456564564285125976574821351108206382915968968019406801822785253117768304965571223128531,2.3603888756432666985537069124705188834374362866387353696598017660999156040380734016245035E-26,1.67765735440099339732187556856607445007762937991005807735879094530829574339109864094973294370205E-19,-3.10977525406672359184603857731703628969320763898176416211609028709706894812964965758703473126425145E-13,-6.52091718015844110343112852143978957046938070763898176416211609028709706894812964965758703473126425145E-10,0.27507195966339272931834225524570306511716531453528322783209102545356943608769241570145378711451771660138526210,1E-18,1E-12,0.000001,"[{""p"": ""0.050865820909226316330352022052482943701481703628969320763898176416211609028709706894812964965758703473126425145"", ""J"": ""0.000067271055260529763092284828574356298374072885907694855354318383297210040984535959692212254249543730386860703596"", ""signed_gap"": ""3.94681303439669161470812109131745435653167693788754910873458334049757456828667736533475591102859788931945270E-7""}, {""p"": ""0.052865820909226316330352022052482943701481703628969320763898176416211609028709706894812964965758703473126425145"", ""J"": ""0.000067270905661615165034970465494577570598007412936775265982495398224512939954737183460932960445123682149639725219"", ""signed_gap"": ""3.94531704525071104156449029353017659587694722869165539050473261352656427029891505254181786682811551710966893E-7""}]",compared,522,1.5824049121325908665852576269531E-29,2.803141563000054,input-a3dd046fc1594cc65a2a4aba,a3dd046fc1594cc65a2a4abacd3d1a8645302a65ab6054ac85ebe828cff87e88,512,c89e77c654eaf6bb5186b57235d9f7044dbc61288842163a04ff3029e9759317,c89e77c654eaf6bb5186b57235d9f7044dbc61288842163a04ff3029e9759317,0018b9dad006e694e9f054515f095a9ae0c64279fc5392e96dec8dc9f1ae4783,0.0518658202571346,6.687637395709012e-05,,,"[""s5/single/M/w64/d52919/s803/R/random""]","[""s5/confirm-M-w64-d52919-s803-g04-random/e30""]",False,
input-a47c5a73c99b7191238bd3dd,a47c5a73c99b7191238bd3dd8c3a147b9e56b204d063e0f7fc658df4929b1051,512,c89e77c654eaf6bb5186b57235d9f7044dbc61288842163a04ff3029e9759317,c89e77c654eaf6bb5186b57235d9f7044dbc61288842163a04ff3029e9759317,a30fb582b658d4eefc2245ae638ae90ab15aca271e0ce954be8e7b9524dfa281,1.321908807269402,0.007444050442555536,,,"[""s5/single/U/w128/d52919/s803/R/random""]","[""s5/confirm-U-w128-d52919-s803-g04-random/e03""]",,,True,True,True,True,True,False,False,False,[],1.32190879575819053570739924907684326171875,1.3219087957581260978034794843483463637836537175295016783053825297972580275220216027023074607469217977217293082,1.32190880726940207523512071929872035980224609375,0.0074440504425555273542508782479003499800181924650369423838801391431845530003467564755624305699666103416828135965,0.0074440504425555273542508787734730244820336821492501980124645392322230377956922005122354410216966829835558528082,0.0074440504425555298724772005625767547155993292956294273278645127966396461159695796398407154319387976614776362701,-5.255726745020154896842132556285844000890384847953454440366730104517300726418730392117E-28,2.5182263217891037302335656471463792293153999735644166083202773791276052744102421146779217834619E-18,6.44379039197647284968979350962824704983216946174702027419724779783972976925392530782022782706918E-14,1.15112759774316412349503739960185923762204983216946174702027419724779783972976925392530782022782706918E-8,0.23389303356494386991247842815180432056349231292727110528785500932233918585665832126869115461790208486868656024,1E-18,1E-12,0.000001,"[{""p"": ""1.3209087957581260978034794843483463637836537175295016783053825297972580275220216027023074607469217977217293082"", ""J"": ""0.0074440694691022625109248339981832206118667977183374834412151732613828336172547443411427940188427146260386312629"", ""signed_gap"": ""1.90265467351566739552247101961298331155690872854287506340291597958215625438289073529971460316424827784547E-8""}, {""p"": ""1.3229087957581260978034794843483463637836537175295016783053825297972580275220216027023074607469217977217293082"", ""J"": ""0.0074440694259220942561487192339876495855913299298477399481461461095578094589483223752247940914285800788539847107"", ""signed_gap"": ""1.89833665669018978404605146251035576477805975419356816068773347716632561218629893530697318970952981319025E-8""}]",compared,522,1.5061916096793592330138082690885E-29,3.282800062000206,input-a47c5a73c99b7191238bd3dd,a47c5a73c99b7191238bd3dd8c3a147b9e56b204d063e0f7fc658df4929b1051,512,c89e77c654eaf6bb5186b57235d9f7044dbc61288842163a04ff3029e9759317,c89e77c654eaf6bb5186b57235d9f7044dbc61288842163a04ff3029e9759317,a30fb582b658d4eefc2245ae638ae90ab15aca271e0ce954be8e7b9524dfa281,1.321908807269402,0.007444050442555536,,,"[""s5/single/U/w128/d52919/s803/R/random""]","[""s5/confirm-U-w128-d52919-s803-g04-random/e03""]",False,
input-a4bcd6a145f64dfadbaaa307,a4bcd6a145f64dfadbaaa307bf9527f70c25d0661818cd5b3ed876908ae9d333,512,7be644b0c9c150d2ad13945dfa07cbafc83d33430c857b29195a2344b15ec72d,7be644b0c9c150d2ad13945dfa07cbafc83d33430c857b29195a2344b15ec72d,ad7facb2586fc6e966c004d7d1d16b024f5805ff7cb47c7a85dabd8b48892ca7,,,no_adaptation,nonpositive_total_gain,"[""s6/P1/U/w256/d61103/s1002/R/random"", ""s6/P1/U/w256/d61211/s1002/R/random"", ""s6/P1/U/w256/d61319/s1002/R/random"", ""s6/P2/U/w128/d61103/s1002/R/random"", ""s6/P2/U/w128/d61211/s1002/R/random"", ""s6/P2/U/w128/d61319/s1002/R/random"", ""s6/P2/U/w256/d61103/s1002/R/random"", ""s6/P2/U/w256/d61211/s1002/R/random"", ""s6/P2/U/w256/d61319/s1002/R/random"", ""s6/P3/U/w128/d61103/s1002/R/random"", ""s6/P3/U/w128/d61211/s1002/R/random"", ""s6/P3/U/w128/d61319/s1002/R/random"", ""s6/P3/U/w256/d61103/s1002/R/random"", ""s6/P3/U/w256/d61211/s1002/R/random"", ""s6/P3/U/w256/d61319/s1002/R/random""]","[""s6/U-w128-d61103-s1002/e00"", ""s6/U-w128-d61211-s1002/e00"", ""s6/U-w128-d61319-s1002/e00"", ""s6/U-w256-d61103-s1002/e00"", ""s6/U-w256-d61211-s1002/e00"", ""s6/U-w256-d61319-s1002/e00""]",nonpositive_total_gain,nonpositive_total_gain,,,,,,,,False,[],,,,,,,,,,,,,,,[],guard,,,0.00837998199995127,input-a4bcd6a145f64dfadbaaa307,a4bcd6a145f64dfadbaaa307bf9527f70c25d0661818cd5b3ed876908ae9d333,512,7be644b0c9c150d2ad13945dfa07cbafc83d33430c857b29195a2344b15ec72d,7be644b0c9c150d2ad13945dfa07cbafc83d33430c857b29195a2344b15ec72d,ad7facb2586fc6e966c004d7d1d16b024f5805ff7cb47c7a85dabd8b48892ca7,,,no_adaptation,nonpositive_total_gain,"[""s6/P1/U/w256/d61103/s1002/R/random"", ""s6/P1/U/w256/d61211/s1002/R/random"", ""s6/P1/U/w256/d61319/s1002/R/random"", ""s6/P2/U/w128/d61103/s1002/R/random"", ""s6/P2/U/w128/d61211/s1002/R/random"", ""s6/P2/U/w128/d61319/s1002/R/random"", ""s6/P2/U/w256/d61103/s1002/R/random"", ""s6/P2/U/w256/d61211/s1002/R/random"", ""s6/P2/U/w256/d61319/s1002/R/random"", ""s6/P3/U/w128/d61103/s1002/R/random"", ""s6/P3/U/w128/d61211/s1002/R/random"", ""s6/P3/U/w128/d61319/s1002/R/random"", ""s6/P3/U/w256/d61103/s1002/R/random"", ""s6/P3/U/w256/d61211/s1002/R/random"", ""s6/P3/U/w256/d61319/s1002/R/random""]","[""s6/U-w128-d61103-s1002/e00"", ""s6/U-w128-d61211-s1002/e00"", ""s6/U-w128-d61319-s1002/e00"", ""s6/U-w256-d61103-s1002/e00"", ""s6/U-w256-d61211-s1002/e00"", ""s6/U-w256-d61319-s1002/e00""]",False,
input-a6cddc1782592f39003adf55,a6cddc1782592f39003adf55ead3a71e1da9b1861b0ca82b4d76d55118960396,512,5ef925552bd2aed9bc8daee3dbe84404fd1da975c4197a0e355a73b80e2b6597,5ef925552bd2aed9bc8daee3dbe84404fd1da975c4197a0e355a73b80e2b6597,25c8e10daae74862e04df56dc1bca14920b515366d147d09f576a3ae57648627,0.3309977025623305,0.0017602244057586727,,,"[""s5/single/U/w64/d55049/s801/R/random""]","[""s5/confirm-U-w64-d55049-s801-g04-random/e10""]",,,True,True,True,True,True,False,False,False,[],0.33099770160015395958907902240753173828125,0.33099770159985867976736348042851458999480702439471993690036663872474623311452820605188509472080299148416641132,0.330997702562330520237310338416136801242828369140625,0.0017602244057586744516254897543367569793051992230670514950908249396758002299120780290169283841807273130914438346,0.0017602244057586744516254576591178815342184581075108218122237785693870268104673692469511096020323140018852929171,0.0017602244057586746690411922245501186575340232653877143315117576907206758313832421118208787322178438403269659413,3.20952188754450867411155562296828670463702887734194447087820658187821484133112061509175E-26,2.174157345654322371233155651578768925192879791213336490209158728648697691301855298384416730242E-19,2.9527982171554197901714828644297560528006309963336127525376688547179394811490527919700851583358868E-13,9.6247184046994685798762221124802134474590506309963336127525376688547179394811490527919700851583358868E-10,0.14654739617202476808139857175754038301084547831951578524530257372244050095436918206894595963650022039641276092,1E-18,1E-12,0.000001,"[{""p"": ""0.32999770159985867976736348042851458999480702439471993690036663872474623311452820605188509472080299148416641132"", ""J"": ""0.0017604593691707040220851898855523683482305700635725044900438832609472489892494806132414992353583433028829487617"", ""signed_gap"": ""2.349634120295704597322264344868140121119560616826778201046915602221787821113662903896333260293009976558446E-7""}, {""p"": ""0.33199770159985867976736348042851458999480702439471993690036663872474623311452820605188509472080299148416641132"", ""J"": ""0.0017604587624579463462121349285448321065216440094952541364282180697389431528556016623776058094891609123834550244"", ""signed_gap"": ""2.343566992718945866772694269505723031859019844323242044395003519163423882324154264962074568469104981621073E-7""}]",compared,522,7.661531731783526724027477242772E-30,3.1562886209999306,input-a6cddc1782592f39003adf55,a6cddc1782592f39003adf55ead3a71e1da9b1861b0ca82b4d76d55118960396,512,5ef925552bd2aed9bc8daee3dbe84404fd1da975c4197a0e355a73b80e2b6597,5ef925552bd2aed9bc8daee3dbe84404fd1da975c4197a0e355a73b80e2b6597,25c8e10daae74862e04df56dc1bca14920b515366d147d09f576a3ae57648627,0.3309977025623305,0.0017602244057586727,,,"[""s5/single/U/w64/d55049/s801/R/random""]","[""s5/confirm-U-w64-d55049-s801-g04-random/e10""]",False,
input-a7709af0776bd0811b71822d,a7709af0776bd0811b71822d38f5fa2fcab3dad14e1abce6a58c1572a43ee306,512,aec7cff57191991ba3f1dfa4c2c047be85dddaa0226fb3217de73a1a7f997c17,aec7cff57191991ba3f1dfa4c2c047be85dddaa0226fb3217de73a1a7f997c17,8e6f6d0c05448f9df0eb901613d184e2d0e0947282816e407d683fa80ad43af2,0.03152544189462947,1.4463154057480343e-05,,,"[""s6/P3/M/w256/d61211/s1001/R/random"", ""s6/P4/M/w256/d61211/s1001/R/random""]","[""s6/confirm-M-w256-d61211-s1001-g04-random/e10""]",,,True,True,True,True,True,False,False,False,[],0.03152544209160623722709715366363525390625,0.031525442092029754219455319985737058981624642996774995556425914840371889856002557564304108446139977256542366950,0.03152544189462946899737971762078814208507537841796875,0.000014463154057480290283958049302736784633614023033197114860904508989070904955428889662968836690567239334383936026,0.000014463154057480290283910181129114916178009355835151653454608830295167146553963434634942612943289339169117648137,0.000014463154057480306283336303686931772637532783582662530731517163866788710856394600834716069093662784330456221810,4.7868173621868455604667198045461406295678693903758401465455028026223747277900165266287889E-26,1.5999426122557816856459523427747510877276908333571621564302431166199773456150373445161338573673E-20,-4.23516992358166322101805075374642996774995556425914840371889856002557564304108446139977256542366950E-13,-1.97400285222075602364948916896549264578806245556425914840371889856002557564304108446139977256542366950E-10,0.28832041922706645659647723650371427603873530460672916799656369369799086132706309480830432311291761652337414950,1E-18,1E-12,0.000001,"[{""p"": ""0.030525442092029754219455319985737058981624642996774995556425914840371889856002557564304108446139977256542366950"", ""J"": ""0.000014874151983574664467052029667337409631419560854863837454020488805971962669474361691269357996140502068835904168"", ""signed_gap"": ""4.10997926094374183141848538222493453410205019712183999411658510804816115510927056326745052851162899718256031E-7""}, {""p"": ""0.032525442092029754219455319985737058981624642996774995556425914840371889856002557564304108446139977256542366950"", ""J"": ""0.000014873953705954269464412369872634948044464483060916807392287069873692114728098295423615736964943756948675788467"", ""signed_gap"": ""4.10799648473979180502188743520031866455127225765153937678239578524968174134860788673124021654417779558140330E-7""}]",compared,522,2.3667962524779702351833915956477E-29,2.6317414780000945,input-a7709af0776bd0811b71822d,a7709af0776bd0811b71822d38f5fa2fcab3dad14e1abce6a58c1572a43ee306,512,aec7cff57191991ba3f1dfa4c2c047be85dddaa0226fb3217de73a1a7f997c17,aec7cff57191991ba3f1dfa4c2c047be85dddaa0226fb3217de73a1a7f997c17,8e6f6d0c05448f9df0eb901613d184e2d0e0947282816e407d683fa80ad43af2,0.03152544189462947,1.4463154057480343e-05,,,"[""s6/P3/M/w256/d61211/s1001/R/random"", ""s6/P4/M/w256/d61211/s1001/R/random""]","[""s6/confirm-M-w256-d61211-s1001-g04-random/e10""]",False,
input-a813854e67976a1b436b141f,a813854e67976a1b436b141f9e68198df67acdc23f6663fe077d46826a2c8c0e,512,aec7cff57191991ba3f1dfa4c2c047be85dddaa0226fb3217de73a1a7f997c17,aec7cff57191991ba3f1dfa4c2c047be85dddaa0226fb3217de73a1a7f997c17,5932a35b5fe663454664056401f9b8d22caa16cd97ca63bc02b5fafd1bba9fcd,0.20579609826850825,0.0011118840117902498,,,"[""s6/P1/U/w64/d61211/s1001/R/random"", ""s6/P2/U/w64/d61211/s1001/R/random"", ""s6/P3/U/w64/d61211/s1001/R/random""]","[""s6/confirm-U-w64-d61211-s1001-g04-random/e10""]",,,True,True,True,True,True,False,False,False,[],0.20579609701735535054467618465423583984375,0.20579609701791774023705631400620718783373611361931330133901730292516504804767498307144610025282751712741446014,0.205796098268508254047759464810951612889766693115234375,0.0011118840117902476549270034679212070346041028029519628186649965229365193687806849228281402677691663126208587827,0.0011118840117902476549269662090839784116709630187489169381244820068545113135001893922682454920165564886831476043,0.0011118840117902481464431042663547460609529228644226552465280903313292921776263563611987711853834904367869885200,3.72588372286229331397842030458805405145160820080552804955305598947757526098239377111784E-26,4.915161380572707676492819598456737383084036083244747808641261669689305256933669339481038409157E-19,-5.6238969238012935197134798998611361931330133901730292516504804767498307144610025282751712741446014E-13,1.25059051381070315080474442505603057949592107366098269707483495195232501692855389974717248287258553986E-9,0.19123034323187172609094903491922749140934624858396438080106950258294005077373185152224367054127993026809564033,1E-18,1E-12,0.000001,"[{""p"": ""0.20479609701791774023705631400620718783373611361931330133901730292516504804767498307144610025282751712741446014"", ""J"": ""0.0011121985180274559766259958648479066019944135875199331458159783774075115336176516794357289087343268261114149401"", ""signed_gap"": ""3.145062372083216990296557639281903234505687710162076914963705530002201174622871674834167177703374282673358E-7""}, {""p"": ""0.20679609701791774023705631400620718783373611361931330133901730292516504804767498307144610025282751712741446014"", ""J"": ""0.0011121978751452331513568408787041049767291580055876591595708519995404251693810058993734876884809231226599178723"", ""signed_gap"": ""3.138633549854964298746696201265650581949868387422214463699926859138558808165071052421964643666339767702680E-7""}]",compared,522,2.958080822636821098658243148798E-30,3.142876486999967,input-a813854e67976a1b436b141f,a813854e67976a1b436b141f9e68198df67acdc23f6663fe077d46826a2c8c0e,512,aec7cff57191991ba3f1dfa4c2c047be85dddaa0226fb3217de73a1a7f997c17,aec7cff57191991ba3f1dfa4c2c047be85dddaa0226fb3217de73a1a7f997c17,5932a35b5fe663454664056401f9b8d22caa16cd97ca63bc02b5fafd1bba9fcd,0.20579609826850825,0.0011118840117902498,,,"[""s6/P1/U/w64/d61211/s1001/R/random"", ""s6/P2/U/w64/d61211/s1001/R/random"", ""s6/P3/U/w64/d61211/s1001/R/random""]","[""s6/confirm-U-w64-d61211-s1001-g04-random/e10""]",False,
input-a8392be6a2e7715adeb673fe,a8392be6a2e7715adeb673fe7b15300ecb535e75ebd6cfd38edab1ccdc2a7e59,512,98959506fbf00a1a6db50907b92e993b4b6986ba3568c43a156a163f71f4c256,98959506fbf00a1a6db50907b92e993b4b6986ba3568c43a156a163f71f4c256,368c7626a549b879688104f076d6dab1c6d59d5d7e33be5e6fb78c54f9fabc2a,0.02951935415546482,3.069711805209985e-05,,,"[""s6/P3/M/w256/d61103/s1003/R/random"", ""s6/P4/M/w256/d61103/s1003/R/random""]","[""s6/confirm-M-w256-d61103-s1003-g04-random/e10""]",,,True,True,True,True,True,False,False,False,[],0.02951935443024922278709709644317626953125,0.029519354430027940750247901173076552053032057602823014134452641315129978823168071239553057201169207415839466358,0.02951935415546481922266508490793057717382907867431640625,0.000030697118052099871387774106027425279450796250504212383414782198961583307114271209953419511453562762717656838473,0.000030697118052099871387745862537685116155889686895605772163674720037565648996284540178734598365074178580713549852,0.000030697118052099899643073933744846324848667420658378842400713911271834430730128236752821794033148342066074621816,2.8243489740163294906563608606611251107478924017658117986669774684913088488584136943288621E-26,2.8255328071207161208692777733762773070237039191234268781733843696574087195668074163485361071964E-20,2.21282036849195270099717478217942397176985865547358684870021176831928760446942798830792584160533642E-13,-2.74563121527582816265145974879202978928506607884452641315129978823168071239553057201169207415839466358E-10,0.29542298410496935124406652312020600875593109368626355342517624840490735086586745918154810825839178326655210340,1E-18,1E-12,0.000001,"[{""p"": ""0.028519354430027940750247901173076552053032057602823014134452641315129978823168071239553057201169207415839466358"", ""J"": ""0.000031072132830710376645249370852945072608303020808532804836899571479229578835585247110159769141540812297786050547"", ""signed_gap"": ""3.75014778610505257503508315259956452413333912927032673224851441663929839300706931425170776466633717072500695E-7""}, {""p"": ""0.030519354430027940750247901173076552053032057602823014134452641315129978823168071239553057201169207415839466358"", ""J"": ""0.000031072055765011308078633940086869645195123103573826147106546222809475856328908160010992557936421066016649793633"", ""signed_gap"": ""3.74937712911436690888077549184529039233416678220374942871502771910207332623619832257959571346887435936243781E-7""}]",compared,522,1.5677254441689690709226157591691E-29,2.568977743000005,input-a8392be6a2e7715adeb673fe,a8392be6a2e7715adeb673fe7b15300ecb535e75ebd6cfd38edab1ccdc2a7e59,512,98959506fbf00a1a6db50907b92e993b4b6986ba3568c43a156a163f71f4c256,98959506fbf00a1a6db50907b92e993b4b6986ba3568c43a156a163f71f4c256,368c7626a549b879688104f076d6dab1c6d59d5d7e33be5e6fb78c54f9fabc2a,0.02951935415546482,3.069711805209985e-05,,,"[""s6/P3/M/w256/d61103/s1003/R/random"", ""s6/P4/M/w256/d61103/s1003/R/random""]","[""s6/confirm-M-w256-d61103-s1003-g04-random/e10""]",False,
input-aab596e139a2d50242267a5e,aab596e139a2d50242267a5e8c49ba494939e14549b8cc51b607b17376572a2c,512,720cb4a2dfd9a2162099cb394e9a04c5f55c5f1ca83d49aa865475f11e0c23cd,720cb4a2dfd9a2162099cb394e9a04c5f55c5f1ca83d49aa865475f11e0c23cd,313c45e1726face185096b9b0da487d1d11d8daa9bd44903c84d5f5a04829ad8,8.0,6.219617376883389,,,"[""s4-fixed30-U-w128-d41843-s602""]","[""s4/confirm-U-w128-d41843-s602-g00-random/e30""]",,,True,True,True,True,True,False,False,False,[],8,8,8,6.2196173768833850487071278384909799877989513961908112587065179755718347606584304163429038129730128999278722645,6.2196173768833850487071278384909799877989513961908112587065179755718347606584304163429038129730128999278722645,6.2196173768833850487071278384909799877989513961908112587065179755718347606584304163429038129730128999278722645,0E-109,0E-109,0,0,2.6703140304503872168068198516130979398662034633601637851629370910600974480087003146878520733368470783666538988,2.6703140304503872168068198516130979398662034633601637851629370910600974480087003146878520733368470783666538988E-18,2.6703140304503872168068198516130979398662034633601637851629370910600974480087003146878520733368470783666538988E-12,0.000001,"[{""p"": ""7.999"", ""J"": ""6.2196180045985131731255782026766024130318074132445303568924713899258630686871008422484572062966629999375219521"", ""signed_gap"": ""6.277151281244184503641856224252328560170537190981859534143540283080286704259055533933236501000096496876E-7""}]",compared,521,5.2575742355400098854141801247185906497649710881403055145841992595941959698502406548673587064562958140571521469E-29,1.069349494999983,input-aab596e139a2d50242267a5e,aab596e139a2d50242267a5e8c49ba494939e14549b8cc51b607b17376572a2c,512,720cb4a2dfd9a2162099cb394e9a04c5f55c5f1ca83d49aa865475f11e0c23cd,720cb4a2dfd9a2162099cb394e9a04c5f55c5f1ca83d49aa865475f11e0c23cd,313c45e1726face185096b9b0da487d1d11d8daa9bd44903c84d5f5a04829ad8,8.0,6.219617376883389,,,"[""s4-fixed30-U-w128-d41843-s602""]","[""s4/confirm-U-w128-d41843-s602-g00-random/e30""]",False,
input-aac90796c1d11f0b48f5675b,aac90796c1d11f0b48f5675bd29b90c00dda18e086338f5cfa51d252b3db6580,512,98959506fbf00a1a6db50907b92e993b4b6986ba3568c43a156a163f71f4c256,98959506fbf00a1a6db50907b92e993b4b6986ba3568c43a156a163f71f4c256,c8e0777db096f380083071081c386f6a2dcb42cbbfaa6f3253ca1c34f65519a6,0.04434977021292141,6.727193811455143e-05,,,"[""s6/P1/M/w128/d61103/s1003/R/random"", ""s6/P2/M/w128/d61103/s1003/R/random"", ""s6/P3/M/w128/d61103/s1003/R/random"", ""s6/P4/M/w128/d61103/s1003/R/random""]","[""s6/confirm-M-w128-d61103-s1003-g05-random/e20""]",,,True,True,True,True,True,False,False,False,[],0.04434977055325362016446888446807861328125,0.044349770553100279961400997864499694363350272184767767168629928463815488188500698418974035287065112641801018496,0.044349770212921413303774897940456867218017578125,0.000067271938114551326745061453126861605815206877841081437260332078679015221927035693732309451857009160313601976426,0.000067271938114551326745036839935834730803764223104866921247464132607544869558380557817437067545949907121309949635,0.000067271938114551369768756058181111863572926344621288698939882197452190620364363554657576016360232193024729929873,2.4613191026875011442654736214516012867946071470352368655135914872384311059253192292026791E-26,4.3023719218245277132769162121516421777692418064844645750805982996840138948814282285903419980238E-20,1.53340203067886603578918917899727815232232831370071536184511811499301581025964712934887358198981504E-13,-3.40178866657626099924042827145332694059767767168629928463815488188500698418974035287065112641801018496E-10,0.28606301404144764274055972000395361018417653713385825647234999539312722021826536442731666347717440052138853105,1E-18,1E-12,0.000001,"[{""p"": ""0.043349770553100279961400997864499694363350272184767767168629928463815488188500698418974035287065112641801018496"", ""J"": ""0.000067644089112936585350773203408931647077530597608457028515705627260793320901219396124592713709598214355262093840"", ""signed_gap"": ""3.72150998385258605736363473096916273766374503590107268241494653248451342838838307155646163648307233952144205E-7""}, {""p"": ""0.045349770553100279961400997864499694363350272184767767168629928463815488188500698418974035287065112641801018496"", ""J"": ""0.000067643966758543417561691378286405377394917805065915519675228859749065411319962553441717786898495579637635070111"", ""signed_gap"": ""3.72028643992090816654538350570646591153581961048598427764727141520541761581995624280719352545672516325120476E-7""}]",compared,522,1.4188135353499183412266800197045E-29,2.754801984999858,input-aac90796c1d11f0b48f5675b,aac90796c1d11f0b48f5675bd29b90c00dda18e086338f5cfa51d252b3db6580,512,98959506fbf00a1a6db50907b92e993b4b6986ba3568c43a156a163f71f4c256,98959506fbf00a1a6db50907b92e993b4b6986ba3568c43a156a163f71f4c256,c8e0777db096f380083071081c386f6a2dcb42cbbfaa6f3253ca1c34f65519a6,0.04434977021292141,6.727193811455143e-05,,,"[""s6/P1/M/w128/d61103/s1003/R/random"", ""s6/P2/M/w128/d61103/s1003/R/random"", ""s6/P3/M/w128/d61103/s1003/R/random"", ""s6/P4/M/w128/d61103/s1003/R/random""]","[""s6/confirm-M-w128-d61103-s1003-g05-random/e20""]",False,
input-aae792ec040159e1473d0355,aae792ec040159e1473d03553485c8928d551797ab360fee94a04b60a7d2a4a6,512,7be644b0c9c150d2ad13945dfa07cbafc83d33430c857b29195a2344b15ec72d,7be644b0c9c150d2ad13945dfa07cbafc83d33430c857b29195a2344b15ec72d,d0a30d5e94eb70442c417523491b71a8233de1661d3c4cadd6e6947cd8646229,0.17660415205356428,0.0008358498790911122,,,"[""s6/P4/U/w64/d61103/s1002/R/random""]","[""s6/confirm-U-w64-d61103-s1002-g04-random/e05""]",,,True,True,True,True,True,False,False,False,[],0.17660415037198617937974631786346435546875,0.17660415037217889122265199746500285955989817164740278276199572902729928658338276522930835587569543521566479806,0.17660415205356427836846933132619597017765045166015625,0.00083584987909111125067543453154834303015138781126962426417676742844457137027988409814413047295492770036840019279,0.00083584987909111125067542689173671049523598954422370391105028889092649331708477667844475767617556423721221748141,0.00083584987909111218870091387897439053627641811895126539299183440142257048517653259279842705152140380284633419426,7.63981163253491539826704592035312647853751807805319510741969937279677936346315618271138E-27,9.3802548698723768004104042857472756148194154551049607716809175591435366937534583956563411671285E-19,-1.9271184290567960153850409114817164740278276199572902729928658338276522930835587569543521566479806E-13,1.68138538714581733386119311061775228001275346723800427097270071341661723477069164412430456478433520194E-9,0.20334316650180047186171153146862689795818913108310892223977462242748215173093183460316075376708869296416000627,1E-18,1E-12,0.000001,"[{""p"": ""0.17560415037217889122265199746500285955989817164740278276199572902729928658338276522930835587569543521566479806"", ""J"": ""0.00083618191432502907638946763558885011568476909988955634543019148477584623406500204031376570206079179963211859062"", ""signed_gap"": ""3.3203523391782571404074385213962044877955566585243437990259384935291698022536186900802588522756241990110921E-7""}, {""p"": ""0.17760415037217889122265199746500285955989817164740278276199572902729928658338276522930835587569543521566479806"", ""J"": ""0.00083618142000226688371017092076079655971100098441771997486726337708186407364634950298020101391814084148172560938"", ""signed_gap"": ""3.3154091115563303474402902408606447501144019401606381697448615537075656157282453544333774257660426950812797E-7""}]",compared,522,8.658719993013979568295545765398E-30,3.0794862310000326,input-aae792ec040159e1473d0355,aae792ec040159e1473d03553485c8928d551797ab360fee94a04b60a7d2a4a6,512,7be644b0c9c150d2ad13945dfa07cbafc83d33430c857b29195a2344b15ec72d,7be644b0c9c150d2ad13945dfa07cbafc83d33430c857b29195a2344b15ec72d,d0a30d5e94eb70442c417523491b71a8233de1661d3c4cadd6e6947cd8646229,0.17660415205356428,0.0008358498790911122,,,"[""s6/P4/U/w64/d61103/s1002/R/random""]","[""s6/confirm-U-w64-d61103-s1002-g04-random/e05""]",False,
input-ac7be52ee262acea2f942fe3,ac7be52ee262acea2f942fe37e11f8a498cd2da36712a131ea2eaf655bc6a30a,512,64d79b2736758b25c1c5c2ff642dc9c7b30eafec3eabc5047d3a48be209bd01a,64d79b2736758b25c1c5c2ff642dc9c7b30eafec3eabc5047d3a48be209bd01a,722073c8cef94a688c33906d3f028da7cbd62e1b5847270526e236b0af85d570,1.7367939774577246,0.22574467337512868,,,"[""s4-fixed30-U-w256-d41843-s603""]","[""s4/confirm-U-w256-d41843-s603-g00-random/e30""]",,,True,True,True,True,True,False,False,False,[],1.73679399133607148542068898677825927734375,1.7367939913360974618368998453611329885456185207876286832997859187268953694579292496844406824606214411532238144,1.736793977457724569291031002649106085300445556640625,0.22574467337512901390513023045442785377264505054285029893380906389279214805655139528139610503039780260230563174,0.22574467337512901390513023053958376852208816234911922176059331748929811808699526812100296897942995637541902424,0.22574467337512901652961893828719101261870946629547378858492047453480448803952416864245331350338624016798239215,-8.515591474944311180626892282678425359650597003044387283960686394903215377311339250E-29,2.62448870774760724409662130394635456682432715704550636995252890052145034452395628379256336791E-18,-2.59764162108585828737112018685207876286832997859187268953694579292496844406824606214411532238144E-14,-1.38783728925458688427120269032451729641470036832997859187268953694579292496844406824606214411532238144E-8,0.51497817113567796239812594906729250183624549978233442032510638669330998344808535966332742131938803356424704043,1E-18,1E-12,0.000001,"[{""p"": ""1.7357939913360974618368998453611329885456185207876286832997859187268953694579292496844406824606214411532238144"", ""J"": ""0.22574468701523608516811784612652373603276056044341992223658775507897422400134168891538536458914495557623649785"", ""signed_gap"": ""1.364010707126298761558693996751067239809430070047599443758967610591434642079438239560971499920081747361E-8""}, {""p"": ""1.7377939913360974618368998453611329885456185207876286832997859187268953694579292496844406824606214411532238144"", ""J"": ""0.22574468698751738413032537889968179774253787148635560172570856785719998010688341897106398325576280107385608100"", ""signed_gap"": ""1.361238837022519514836009802922044970913723637996511525036790186201988815085006101427633284469843705676E-8""}]",compared,522,3.8225353442755507151767573111859E-29,3.322274675000017,input-ac7be52ee262acea2f942fe3,ac7be52ee262acea2f942fe37e11f8a498cd2da36712a131ea2eaf655bc6a30a,512,64d79b2736758b25c1c5c2ff642dc9c7b30eafec3eabc5047d3a48be209bd01a,64d79b2736758b25c1c5c2ff642dc9c7b30eafec3eabc5047d3a48be209bd01a,722073c8cef94a688c33906d3f028da7cbd62e1b5847270526e236b0af85d570,1.7367939774577246,0.22574467337512868,,,"[""s4-fixed30-U-w256-d41843-s603""]","[""s4/confirm-U-w256-d41843-s603-g00-random/e30""]",False,
input-ae4bc30bd840cb658784e1d9,ae4bc30bd840cb658784e1d9a2edd49fb4034f457b7ea71884c81a60b99ef568,512,720cb4a2dfd9a2162099cb394e9a04c5f55c5f1ca83d49aa865475f11e0c23cd,720cb4a2dfd9a2162099cb394e9a04c5f55c5f1ca83d49aa865475f11e0c23cd,327571187c9289ba3653c0b39648eb8acb1b9666c700ca5664ae3de209883216,0.49011138576071,0.0005619308079913796,,,"[""s4-fixed30-U-w64-d41843-s602""]","[""s4/confirm-U-w64-d41843-s602-g00-random/e30""]",,,True,True,True,True,True,False,False,False,[],0.49011138514151753042824566364288330078125,0.49011138514133580267780436585384481926449681818535723311217836137225595285660749672955903016690598288724396548,0.4901113857607100054991633442114107310771942138671875,0.00056193080799137959527711577138868229496675180879283276334288067168853123037561820688806924931898416718577968377,0.00056193080799137959527711945405182335355464492566231497358104728736799038129835918451520888377065882694053129926,0.00056193080799137965791009525340563904687025383980587556639382960907421672602665532735149187831122557285077992320,-3.68266314105858789311686948221023816661567945915092274097762713963445167465975475161549E-27,6.263297579935381569331560891414356059281278232170622634472829614283628299454056674591024862394E-20,1.8172775044129778903848151675318181464276688782163862774404714339250327044096983309401711275603452E-13,6.1937420282135897835756591181269739568183026688782163862774404714339250327044096983309401711275603452E-10,0.10553175533984115759739734960755687322508013451829006154464150334635426933934883213935995272494942717038623080,1E-18,1E-12,0.000001,"[{""p"": ""0.48911138514133580267780436585384481926449681818535723311217836137225595285660749672955903016690598288724396548"", ""J"": ""0.00056209439185398234404344147354672806092126938871580564873007791719342641488983376696853708797560122725137859480"", ""signed_gap"": ""1.6358386260274876632201949490470736662446305349067514903062982543603359147458245332820420494240031084729554E-7""}, {""p"": ""0.49111138514133580267780436585384481926449681818535723311217836137225595285660749672955903016690598288724396548"", ""J"": ""0.00056209391846230839069892161250144125600634364028155795451217012847675938223534952797115187518281129239141764289"", ""signed_gap"": ""1.6311047092879542180215844961790245169871461924298093112284110876900093699034345594299141215246545088634363E-7""}]",compared,522,7.5606876447234342470614530025338E-30,3.199269194000067,input-ae4bc30bd840cb658784e1d9,ae4bc30bd840cb658784e1d9a2edd49fb4034f457b7ea71884c81a60b99ef568,512,720cb4a2dfd9a2162099cb394e9a04c5f55c5f1ca83d49aa865475f11e0c23cd,720cb4a2dfd9a2162099cb394e9a04c5f55c5f1ca83d49aa865475f11e0c23cd,327571187c9289ba3653c0b39648eb8acb1b9666c700ca5664ae3de209883216,0.49011138576071,0.0005619308079913796,,,"[""s4-fixed30-U-w64-d41843-s602""]","[""s4/confirm-U-w64-d41843-s602-g00-random/e30""]",False,
input-aedacb1e49d0d40231131ec3,aedacb1e49d0d40231131ec3d266d4e1570fa728d50fbfd0617fb3d06956008f,512,aec7cff57191991ba3f1dfa4c2c047be85dddaa0226fb3217de73a1a7f997c17,aec7cff57191991ba3f1dfa4c2c047be85dddaa0226fb3217de73a1a7f997c17,f40068598d2a909baf807c7a6c1b2ea66b45505dfb083592ae163ff04568bc48,0.4153248593537643,0.004183620352696531,,,"[""s6/P4/U/w128/d61211/s1001/R/random""]","[""s6/confirm-U-w128-d61211-s1001-g00-random/e20""]",,,True,True,True,True,True,False,False,False,[],0.41532485684956554905511438846588134765625,0.41532485684994126219222747027096897964732833194864520177546683451819303804030231334933264299656414210454385708,0.41532485935376428631826684068073518574237823486328125,0.0041836203526965280888098428254438983622372002166623215507962149214020314840598480604764756157915918744122795,0.0041836203526965280888098201627603344019972493570769339517685100903430173929977930393624353119035329544351340213,0.0041836203526965291285683841435224980486427106619729755194565900027349060447210645233294364047953060852020113043,2.26626835639602399508595853875990277048310590140910620550211140403038880589199771454787E-26,1.0397585639807621636466454613048960415676880799123918886517232714839670010928917731307668772830E-18,-3.7571313711308180508763199107833194864520177546683451819303804030231334933264299656414210454385708E-13,2.50382302412603937040976620609504990291463604822453316548180696195969768665066735700343585789545614292E-9,0.11664494603918663093622976527586357254951842844620222220759379200234278563272897857086587514705642168672432313,1E-18,1E-12,0.000001,"[{""p"": ""0.41432485684994126219222747027096897964732833194864520177546683451819303804030231334933264299656414210454385708"", ""J"": ""0.0041837864736883384744227149355977292785537704167316731683665125026547722500869036970763758916391393243345748328"", ""signed_gap"": ""1.661209918103856128947728373948765565210596547392165980024123117548570891106577139405797356063698994408115E-7""}, {""p"": ""0.41632485684994126219222747027096897964732833194864520177546683451819303804030231334933264299656414210454385708"", ""J"": ""0.0041837859379003979337106735248548183468270908205483084536354719604421924731975433111141395778226738561347931322"", ""signed_gap"": ""1.655852038698449008533620944839448298414634713745018669618700991750801997502717517042659191409016996591109E-7""}]",compared,522,5.3456163726075219361252079578361E-30,3.277016906999961,input-aedacb1e49d0d40231131ec3,aedacb1e49d0d40231131ec3d266d4e1570fa728d50fbfd0617fb3d06956008f,512,aec7cff57191991ba3f1dfa4c2c047be85dddaa0226fb3217de73a1a7f997c17,aec7cff57191991ba3f1dfa4c2c047be85dddaa0226fb3217de73a1a7f997c17,f40068598d2a909baf807c7a6c1b2ea66b45505dfb083592ae163ff04568bc48,0.4153248593537643,0.004183620352696531,,,"[""s6/P4/U/w128/d61211/s1001/R/random""]","[""s6/confirm-U-w128-d61211-s1001-g00-random/e20""]",False,
input-aeff085dc336cd2cefbf32f7,aeff085dc336cd2cefbf32f7870bb7a23f43235e36296ded9c1fcb55a1290a40,512,720cb4a2dfd9a2162099cb394e9a04c5f55c5f1ca83d49aa865475f11e0c23cd,720cb4a2dfd9a2162099cb394e9a04c5f55c5f1ca83d49aa865475f11e0c23cd,2d6ec99cb857ca32dcbee47b3ebdf98abef3390e1910deb985603d0801c68de5,1.2149821535593244,0.09191241548614852,,,"[""s4-fixed30-U-w256-d43997-s602""]","[""s4/confirm-U-w256-d43997-s602-g00-random/e30""]",,,True,True,True,True,True,False,False,False,[],1.21498215955080013372935354709625244140625,1.2149821595507984898672695554688333868919911225090214545184399205238333422850092808485970894253599271107700770,1.2149821535593243737594093545340001583099365234375,0.091912415486148617717701170933859593460561161297940464858827010435258126157521546284123183643160120728919657939,0.091912415486148617717701170923296582209487088904055554764220234271430295351753440410266634071112322908785489996,0.091912415486148619206513501556937734373464798767678259312525634253763599612432704915388832196873240483504180662,1.0563011251074072393884910094606776163827830805768105873856549572047797820134167943E-29,1.488812330633641152163977709863622704548305399982333304260679264505122198125760917574718690666E-18,1.6438620839916274190545142588774909785454815600794761666577149907191514029105746400728892299230E-15,-5.9914741161078602009348332285820545990715214545184399205238333422850092808485970894253599271107700770E-9,0.32765393545687854237775454012894642753588044530993197954363432199724041278999071598505155293759185824930048963,1E-18,1E-12,0.000001,"[{""p"": ""1.2139821595507984898672695554688333868919911225090214545184399205238333422850092808485970894253599271107700770"", ""J"": ""0.091912457015423976182359691059305920640221747967337335283113420191629063890849282704832502473548800692107618957"", ""signed_gap"": ""4.1529275358464658520136009338430734659063281780518893185920198768539095842294565868402436477783322128961E-8""}, {""p"": ""1.2159821595507984898672695554688333868919911225090214545184399205238333422850092808485970894253599271107700770"", ""J"": ""0.091912456906450964573570215477289317067932724493216005728121762964687632981926582285086838696310528870409415051"", ""signed_gap"": ""4.1420302346855869044553992734858445635589160450963901528693257337630173141874820204625198205961623925055E-8""}]",compared,522,2.5419914833265413765226509491602E-29,3.309877637999989,input-aeff085dc336cd2cefbf32f7,aeff085dc336cd2cefbf32f7870bb7a23f43235e36296ded9c1fcb55a1290a40,512,720cb4a2dfd9a2162099cb394e9a04c5f55c5f1ca83d49aa865475f11e0c23cd,720cb4a2dfd9a2162099cb394e9a04c5f55c5f1ca83d49aa865475f11e0c23cd,2d6ec99cb857ca32dcbee47b3ebdf98abef3390e1910deb985603d0801c68de5,1.2149821535593244,0.09191241548614852,,,"[""s4-fixed30-U-w256-d43997-s602""]","[""s4/confirm-U-w256-d43997-s602-g00-random/e30""]",False,
input-b146e8c6b6dbb77a0627dce5,b146e8c6b6dbb77a0627dce5bae6b74476abfb18e2eb1406908a0ca563aa2fc7,512,98959506fbf00a1a6db50907b92e993b4b6986ba3568c43a156a163f71f4c256,98959506fbf00a1a6db50907b92e993b4b6986ba3568c43a156a163f71f4c256,83f5bc6678bf3d2cd871fcb30ad723b64c0211d48b63830bd18888f90df98404,0.023502423988487814,1.3369714371713124e-05,,,"[""s6/P3/M/w256/d61319/s1003/R/random"", ""s6/P4/M/w256/d61319/s1003/R/random""]","[""s6/confirm-M-w256-d61319-s1003-g04-random/e10""]",,,True,True,True,True,True,False,False,False,[],0.02350242408601843635551631450653076171875,0.023502424085931559041881789051601767385203780147535441038072691137482689496176127782273514057444092197914384662,0.0235024239884878138884261034036171622574329376220703125,0.000013369714371713209170611289041003120289566063591489541482362881042572526549371374305017950676648580240967541781,0.000013369714371713209170600279405987498715475233676860012850645247887077984564984899588865713411089547010461751544,0.000013369714371713212735309861383715419699455845873888908773891090167964328660093831591013323683847063887783362697,1.1009635015621574090829914629528631717633155494541984386474716152237265559033230505790237E-26,3.564709581977727920983980612197028895923245842280886344095108932002147610272757516877321611153E-21,8.6877313634525454928994333546219852464558961927308862517310503823872217726485942555907802085615338E-14,-9.7443745153455685647984605127770842525465128538072691137482689496176127782273514057444092197914384662E-11,0.29942753624838921105805184290962543868310690977833556266955921114086786257861689250132504534188671232920544165,1E-18,1E-12,0.000001,"[{""p"": ""0.022502424085931559041881789051601767385203780147535441038072691137482689496176127782273514057444092197914384662"", ""J"": ""0.000013746127053407891270523545092892864158848883905349132610028421618025476149433789249031542305522527685833174886"", ""signed_gap"": ""3.76412681694682099923265686905365443373650228489119759383173730947491584448889660165828894432980675371423342E-7""}, {""p"": ""0.024502424085931559041881789051601767385203780147535441038072691137482689496176127782273514057444092197914384662"", ""J"": ""0.000013746068432841351911704346706274809093928106525447730916075868264694890090391217458582628681683559526073292599"", ""signed_gap"": ""3.76354061128142741104067300287310378452872848587718065430620377616905525406317869716915270594012515611541055E-7""}]",compared,522,1.6821846951009397017443029877256E-29,2.4707658910001555,input-b146e8c6b6dbb77a0627dce5,b146e8c6b6dbb77a0627dce5bae6b74476abfb18e2eb1406908a0ca563aa2fc7,512,98959506fbf00a1a6db50907b92e993b4b6986ba3568c43a156a163f71f4c256,98959506fbf00a1a6db50907b92e993b4b6986ba3568c43a156a163f71f4c256,83f5bc6678bf3d2cd871fcb30ad723b64c0211d48b63830bd18888f90df98404,0.023502423988487814,1.3369714371713124e-05,,,"[""s6/P3/M/w256/d61319/s1003/R/random"", ""s6/P4/M/w256/d61319/s1003/R/random""]","[""s6/confirm-M-w256-d61319-s1003-g04-random/e10""]",False,
input-b1a51de7a8212ab7023b0036,b1a51de7a8212ab7023b00361b73cc96833d52c10b8b455cf11e6b9397a4ac00,512,7be644b0c9c150d2ad13945dfa07cbafc83d33430c857b29195a2344b15ec72d,7be644b0c9c150d2ad13945dfa07cbafc83d33430c857b29195a2344b15ec72d,3f9bbf398d9a426ecdf40318ea12285a9f2a49a7eb2cf18409001e6e59b10228,0.028111277861035427,1.5103110427082864e-05,,,"[""s6/P3/M/w256/d61103/s1002/R/random"", ""s6/P4/M/w256/d61103/s1002/R/random""]","[""s6/confirm-M-w256-d61103-s1002-g04-random/e10""]",,,True,True,True,True,True,False,False,False,[],0.02811127775066779577173292636871337890625,0.028111277751172498924995702210117463972423366588463427706524673346139548997276666372193566848817505620514181810,0.0281112778610354274722027412281022407114505767822265625,0.000015103110427082935327031279632979826059624406843401122266190815153805285509172578881566090941590446358102990750,0.000015103110427082935327000110068290903302850804765874220033454849784543346639361099107399503313870418564408268846,0.000015103110427082940087964919251017938842501570554335448277028046789232778348651859718708415291470676252827206375,3.1169564688922756773602077526902232735965369261938869811479774166587627720027793694721904E-26,4.760964809182727035539650765788461228243573197004689431709290760611308911977600257688418937529E-21,-5.04703153262775841404085066173366588463427706524673346139548997276666372193566848817505620514181810E-13,1.09862928547207039017984776739027210193763134793475326653860451002723333627806433151182494379485818190E-10,0.28757056468836312907633011427267319606449238092356649044981046689470550274575707454704456393978421501063314434,1E-18,1E-12,0.000001,"[{""p"": ""0.027111277751172498924995702210117463972423366588463427706524673346139548997276666372193566848817505620514181810"", ""J"": ""0.000015496371796671390178809613021902163156447693770129161477040124129647580909001035408732403533359410028051446911"", ""signed_gap"": ""3.93261369588454851809502953611259853596889004254941443585274345104234269639936301332900219488991463643178065E-7""}, {""p"": ""0.029111277751172498924995702210117463972423366588463427706524673346139548997276666372193566848817505620514181810"", ""J"": ""0.000015496260673407842094026123818061733000408836442624927843929938964440754679574181051244872827435742600626242341"", ""signed_gap"": ""3.93150246324906767026013749770829697558031676750707810475089179897408040213081943845369513565324036217973495E-7""}]",compared,522,1.6886114397687088583227980220436E-29,2.568670438999902,input-b1a51de7a8212ab7023b0036,b1a51de7a8212ab7023b00361b73cc96833d52c10b8b455cf11e6b9397a4ac00,512,7be644b0c9c150d2ad13945dfa07cbafc83d33430c857b29195a2344b15ec72d,7be644b0c9c150d2ad13945dfa07cbafc83d33430c857b29195a2344b15ec72d,3f9bbf398d9a426ecdf40318ea12285a9f2a49a7eb2cf18409001e6e59b10228,0.028111277861035427,1.5103110427082864e-05,,,"[""s6/P3/M/w256/d61103/s1002/R/random"", ""s6/P4/M/w256/d61103/s1002/R/random""]","[""s6/confirm-M-w256-d61103-s1002-g04-random/e10""]",False,
input-b1bc774c9eb9761b97429a1b,b1bc774c9eb9761b97429a1b8a4359c50232a7e3b1ace234768fb68c391ce5e6,512,7be644b0c9c150d2ad13945dfa07cbafc83d33430c857b29195a2344b15ec72d,7be644b0c9c150d2ad13945dfa07cbafc83d33430c857b29195a2344b15ec72d,1208d1a53e4f44e09e4bddeaf7c91319b018fdc4762e753e6d0251bdae941fb5,0.024101132936010274,2.7316508889881647e-05,,,"[""s6/P1/M/w256/d61319/s1002/R/random"", ""s6/P2/M/w256/d61319/s1002/R/random""]","[""s6/confirm-M-w256-d61319-s1002-g05-random/e10""]",,,True,True,True,True,True,False,False,False,[],0.02410113318228468415327370166778564453125,0.024101133182104729660257423391955378604260650586244254334709541598371974466728670349461307419644028269175097220,0.024101132936010273566385109234033734537661075592041015625,0.000027316508889881459979637429048730508048012654167089741056898877214740287802562603747045955181749428986133764113,0.000027316508889881459979645864704961562226019768340137694595658310849374631133602046843549788158403625312006506361,0.000027316508889881483787617679595468090353493868219607307904977315077504158088263745561049553970600317077232181965,-8.435656231054178007114173047953538759433634634343331039443096503832976654196325872742248E-27,2.3807971814890506528127474099879469613309319004228129526954661698717499765812196691765225675604E-20,1.79954493016278275830265926989349413755745665290458401628025533271329650538692580355971730824902780E-13,-2.46094456093872314157921644066599574994203238709709541598371974466728670349461307419644028269175097220E-10,0.28949465932645168485963747877738206049622089660914231282419457191946696938588126871592179031182646072760588400,1E-18,1E-12,0.000001,"[{""p"": ""0.023101133182104729660257423391955378604260650586244254334709541598371974466728670349461307419644028269175097220"", ""J"": ""0.000027709193563261367047667190846130224528708780841071266718968172198984495678671748782938528139019777479238075354"", ""signed_gap"": ""3.92684673379907068021326141168662302689012500933572123309861349609864545069701939388739980616152167231568993E-7""}, {""p"": ""0.025101133182104729660257423391955378604260650586244254334709541598371974466728670349461307419644028269175097220"", ""J"": ""0.000027709096293713967742313019080678419844111513982616871158596612008422720238063184352439995013649273786989331176"", ""signed_gap"": ""3.92587403832507762667154375716857618091745642479176562938301159048089104461137508890206855245648474982824815E-7""}]",compared,522,1.9867035574201622079323855127914E-29,2.4604972910000242,input-b1bc774c9eb9761b97429a1b,b1bc774c9eb9761b97429a1b8a4359c50232a7e3b1ace234768fb68c391ce5e6,512,7be644b0c9c150d2ad13945dfa07cbafc83d33430c857b29195a2344b15ec72d,7be644b0c9c150d2ad13945dfa07cbafc83d33430c857b29195a2344b15ec72d,1208d1a53e4f44e09e4bddeaf7c91319b018fdc4762e753e6d0251bdae941fb5,0.024101132936010274,2.7316508889881647e-05,,,"[""s6/P1/M/w256/d61319/s1002/R/random"", ""s6/P2/M/w256/d61319/s1002/R/random""]","[""s6/confirm-M-w256-d61319-s1002-g05-random/e10""]",False,
input-b1cd52686382ea92e27ff683,b1cd52686382ea92e27ff683a7b44ce5bcc04def554a1d73438238ca5cf0de5d,512,5ef925552bd2aed9bc8daee3dbe84404fd1da975c4197a0e355a73b80e2b6597,5ef925552bd2aed9bc8daee3dbe84404fd1da975c4197a0e355a73b80e2b6597,2c1eb6622c7998458e1e25610ca78fce077c6d0e0b763deba74be88e711707f5,0.0211548904937702,3.345805197775884e-05,,,"[""s5/single/M/w256/d57163/s801/R/random""]","[""s5/confirm-M-w256-d57163-s801-g05-random/e10""]",,,True,True,True,True,True,False,False,False,[],0.02115489108336987555958330631256103515625,0.021154891083780806227294676979204884712802020134985484883656623999764660031828727343900512236601224147269384362,0.0211548904937702009210198639266309328377246856689453125,0.000033458051977758843117497902167994200823779963254119346682691005594488822549251981594584520454449341474772501602,0.000033458051977758843117464487604676591876223914573419338544251593078270229192386142729972945424028399714698179740,0.000033458051977758979779204576860229528517300249181144243460886539806688564874119129154587237826420904118242989891,3.3414563317608947556048680700008138439412516218593356865838864611575030420941760074321862E-26,1.36661740089255552936641076334607724904916634946728418335681732986424614292402392504403544810151E-19,-4.10930667711370666643849556552020134985484883656623999764660031828727343900512236601224147269384362E-13,-5.90010605306274813052573951875077334466040172383656623999764660031828727343900512236601224147269384362E-10,0.29688246851001414770357244476793990664258664919010706022018419052287871514934656605791776823830862112584720056,1E-18,1E-12,0.000001,"[{""p"": ""0.020154891083780806227294676979204884712802020134985484883656623999764660031828727343900512236601224147269384362"", ""J"": ""0.000033850797870489614777861544846761989504314177772562934993825741800458599852302055203230277561857427346603881285"", ""signed_gap"": ""3.92745892730771660397057242085397628090263199143596449574148722188370659915912473257332137829027631905701545E-7""}, {""p"": ""0.022154891083780806227294676979204884712802020134985484883656623999764660031828727343900512236601224147269384362"", ""J"": ""0.000033850734689240825047878994218021874078260844421554507043698826951272098312099078413995338114842250974562075008"", ""signed_gap"": ""3.92682711481981930414506613345282202036929848135168499447233873001869119712935684022392690813851259863895268E-7""}]",compared,522,1.8802129359250795372970196964367E-29,2.4041769260001047,input-b1cd52686382ea92e27ff683,b1cd52686382ea92e27ff683a7b44ce5bcc04def554a1d73438238ca5cf0de5d,512,5ef925552bd2aed9bc8daee3dbe84404fd1da975c4197a0e355a73b80e2b6597,5ef925552bd2aed9bc8daee3dbe84404fd1da975c4197a0e355a73b80e2b6597,2c1eb6622c7998458e1e25610ca78fce077c6d0e0b763deba74be88e711707f5,0.0211548904937702,3.345805197775884e-05,,,"[""s5/single/M/w256/d57163/s801/R/random""]","[""s5/confirm-M-w256-d57163-s801-g05-random/e10""]",False,
input-b2161869004bd21649f89fb0,b2161869004bd21649f89fb0f64729143243e2dd05a57c08138d47a0994196ab,512,720cb4a2dfd9a2162099cb394e9a04c5f55c5f1ca83d49aa865475f11e0c23cd,720cb4a2dfd9a2162099cb394e9a04c5f55c5f1ca83d49aa865475f11e0c23cd,8bfd10351160b07a64e2654be177a7cc22d6386491b2e05c9d75d79ebda7e198,0.09004783334503531,0.00016755703450477012,,,"[""s4-fixed30-M-w128-d46219-s602""]","[""s4/confirm-M-w128-d46219-s602-g00-random/e30""]",,,True,True,True,True,True,False,False,False,[],0.09004783316731845843605697154998779296875,0.090047833166925088613165539324727986309646414105646686616271327810661372360079759489893122781907349177089516925,0.09004783334503531355696992477533058263361454010009765625,0.00016755703450477037253408979894504518161769913436724388515636682927115062279180238700992688773127820639383220769,0.00016755703450477037253409138635845679755513558301714094406760080330598122582711484600675881993238254125563303789,0.00016755703450477038414956851606533281871095555564157184441981982313844387931300469613094806696435895939362951255,-1.58741341161593743644864989705891123397403483060303531245899683193220110433486180083020E-27,1.161547712970687602115581997262443090035221901983246265348588985012418924703197641813799647466E-20,3.93369822891432225259806659103585894353313383728672189338627639920240510106877218092650822910483075E-13,1.78110224943804385450602596323968125994450969633728672189338627639920240510106877218092650822910483075E-10,0.25171450901319559370130346183450013253327825178921434833278886652655261390388628029837546428639642495085121903,1E-18,1E-12,0.000001,"[{""p"": ""0.089047833166925088613165539324727986309646414105646686616271327810661372360079759489893122781907349177089516925"", ""J"": ""0.00016792413946874010360241173787178924180150924253875794561664281875112363659422075186750665921686064512805118651"", ""signed_gap"": ""3.6710496396973106832035151333244424637365952161700154904201544514241076710590586074783928447810387241814862E-7""}, {""p"": ""0.091047833166925088613165539324727986309646414105646686616271327810661372360079759489893122781907349177089516925"", ""J"": ""0.00016792389543388972000770244319382800529650748522269560305807693219587537923040980262523301115145791717114796237"", ""signed_gap"": ""3.6686092911934747361105683537120774137190220555465899047612888989415340329495661847419121907537591551492448E-7""}]",compared,522,1.1045203895433542156480167891906E-29,2.9582864120000067,input-b2161869004bd21649f89fb0,b2161869004bd21649f89fb0f64729143243e2dd05a57c08138d47a0994196ab,512,720cb4a2dfd9a2162099cb394e9a04c5f55c5f1ca83d49aa865475f11e0c23cd,720cb4a2dfd9a2162099cb394e9a04c5f55c5f1ca83d49aa865475f11e0c23cd,8bfd10351160b07a64e2654be177a7cc22d6386491b2e05c9d75d79ebda7e198,0.09004783334503531,0.00016755703450477012,,,"[""s4-fixed30-M-w128-d46219-s602""]","[""s4/confirm-M-w128-d46219-s602-g00-random/e30""]",False,
input-b38cea0c426d7b4f47fe3c6d,b38cea0c426d7b4f47fe3c6d97a669a60a36baa1dd88a739a0ca7b1f24815ff8,512,98959506fbf00a1a6db50907b92e993b4b6986ba3568c43a156a163f71f4c256,98959506fbf00a1a6db50907b92e993b4b6986ba3568c43a156a163f71f4c256,ad7facb2586fc6e966c004d7d1d16b024f5805ff7cb47c7a85dabd8b48892ca7,,,no_adaptation,nonpositive_total_gain,"[""s6/P1/U/w256/d61103/s1003/R/random"", ""s6/P1/U/w256/d61211/s1003/R/random"", ""s6/P1/U/w256/d61319/s1003/R/random"", ""s6/P2/U/w128/d61103/s1003/R/random"", ""s6/P2/U/w128/d61211/s1003/R/random"", ""s6/P2/U/w128/d61319/s1003/R/random"", ""s6/P2/U/w256/d61103/s1003/R/random"", ""s6/P2/U/w256/d61211/s1003/R/random"", ""s6/P2/U/w256/d61319/s1003/R/random"", ""s6/P3/U/w128/d61103/s1003/R/random"", ""s6/P3/U/w128/d61211/s1003/R/random"", ""s6/P3/U/w128/d61319/s1003/R/random"", ""s6/P3/U/w256/d61103/s1003/R/random"", ""s6/P3/U/w256/d61211/s1003/R/random"", ""s6/P3/U/w256/d61319/s1003/R/random""]","[""s6/U-w128-d61103-s1003/e00"", ""s6/U-w128-d61211-s1003/e00"", ""s6/U-w128-d61319-s1003/e00"", ""s6/U-w256-d61103-s1003/e00"", ""s6/U-w256-d61211-s1003/e00"", ""s6/U-w256-d61319-s1003/e00""]",nonpositive_total_gain,nonpositive_total_gain,,,,,,,,False,[],,,,,,,,,,,,,,,[],guard,,,0.009080197000002954,input-b38cea0c426d7b4f47fe3c6d,b38cea0c426d7b4f47fe3c6d97a669a60a36baa1dd88a739a0ca7b1f24815ff8,512,98959506fbf00a1a6db50907b92e993b4b6986ba3568c43a156a163f71f4c256,98959506fbf00a1a6db50907b92e993b4b6986ba3568c43a156a163f71f4c256,ad7facb2586fc6e966c004d7d1d16b024f5805ff7cb47c7a85dabd8b48892ca7,,,no_adaptation,nonpositive_total_gain,"[""s6/P1/U/w256/d61103/s1003/R/random"", ""s6/P1/U/w256/d61211/s1003/R/random"", ""s6/P1/U/w256/d61319/s1003/R/random"", ""s6/P2/U/w128/d61103/s1003/R/random"", ""s6/P2/U/w128/d61211/s1003/R/random"", ""s6/P2/U/w128/d61319/s1003/R/random"", ""s6/P2/U/w256/d61103/s1003/R/random"", ""s6/P2/U/w256/d61211/s1003/R/random"", ""s6/P2/U/w256/d61319/s1003/R/random"", ""s6/P3/U/w128/d61103/s1003/R/random"", ""s6/P3/U/w128/d61211/s1003/R/random"", ""s6/P3/U/w128/d61319/s1003/R/random"", ""s6/P3/U/w256/d61103/s1003/R/random"", ""s6/P3/U/w256/d61211/s1003/R/random"", ""s6/P3/U/w256/d61319/s1003/R/random""]","[""s6/U-w128-d61103-s1003/e00"", ""s6/U-w128-d61211-s1003/e00"", ""s6/U-w128-d61319-s1003/e00"", ""s6/U-w256-d61103-s1003/e00"", ""s6/U-w256-d61211-s1003/e00"", ""s6/U-w256-d61319-s1003/e00""]",False,
input-b80e4873c3af326aaf27e221,b80e4873c3af326aaf27e2215a5e4beee665bf0bd284e920295be156b6c31326,512,aec7cff57191991ba3f1dfa4c2c047be85dddaa0226fb3217de73a1a7f997c17,aec7cff57191991ba3f1dfa4c2c047be85dddaa0226fb3217de73a1a7f997c17,ecee647f7bd87407951b5861d54c98b8639b5614fc22d46852c3122f7ab813e3,0.4535497792723622,0.004619965759762106,,,"[""s6/P1/U/w128/d61211/s1001/R/random""]","[""s6/confirm-U-w128-d61211-s1001-g04-random/e03""]",,,True,True,True,True,True,False,False,False,[],0.45354977778197280713357031345367431640625,0.45354977778166385670039638023354170862133973199030452081697507873600764206670036190725757970305871021400246452,0.4535497792723621746091566819814033806324005126953125,0.0046199657597621093953150754686558780055369790094316435416325100988129418118667734984405064864922871700640019627,0.0046199657597621093953150631023330556949823657472582599050670737812385132975672920117165216777628097024495138916,0.0046199657597621097191742744577684768401648120022768758309107699898885265867738766952054947802717798586440054736,1.23663228223105546132621733836365654363175744285142994814867239848087294774676144880711E-26,3.238592113554354211451824462550186159258436962086500132892065846834889731025089701561944915820E-19,3.0895043317393322013260778491026800969547918302492126399235793329963809274242029694128978599753548E-13,1.49069831790876030174786167201106078070500797918302492126399235793329963809274242029694128978599753548E-9,0.10986161088350122368848771552581338325302626044512284564421652637799963477210947325636608796402649175711568373,1E-18,1E-12,0.000001,"[{""p"": ""0.45254977778166385670039638023354170862133973199030452081697507873600764206670036190725757970305871021400246452"", ""J"": ""0.0046201117444962160319021288290054136993864640323422601197329026510223348184651812487979956297213901846072397363"", ""signed_gap"": ""1.459847341066365870657266723580044040982850840002146658288697838215208978892370814739519585804821577258447E-7""}, {""p"": ""0.45454977778166385670039638023354170862133973199030452081697507873600764206670036190725757970305871021400246452"", ""J"": ""0.0046201112607228454133393799486336985931585403833975714537267228109593801592303487713424767290152990568956800338"", ""signed_gap"": ""1.455009607360180243168463006428981761746361393115486596490297208668616630567596259550512524893544461661422E-7""}]",compared,522,5.1205923875705567286682882441607E-30,3.240273718000026,input-b80e4873c3af326aaf27e221,b80e4873c3af326aaf27e2215a5e4beee665bf0bd284e920295be156b6c31326,512,aec7cff57191991ba3f1dfa4c2c047be85dddaa0226fb3217de73a1a7f997c17,aec7cff57191991ba3f1dfa4c2c047be85dddaa0226fb3217de73a1a7f997c17,ecee647f7bd87407951b5861d54c98b8639b5614fc22d46852c3122f7ab813e3,0.4535497792723622,0.004619965759762106,,,"[""s6/P1/U/w128/d61211/s1001/R/random""]","[""s6/confirm-U-w128-d61211-s1001-g04-random/e03""]",False,
input-b945fabddcb8849117628a3a,b945fabddcb8849117628a3a5a803a7fd41ec08287e4deae88c6e52a6cbc463c,512,7be644b0c9c150d2ad13945dfa07cbafc83d33430c857b29195a2344b15ec72d,7be644b0c9c150d2ad13945dfa07cbafc83d33430c857b29195a2344b15ec72d,b412e8254dde233c763259a44e3c459b246110811855c1adbd6ddb5ffac0aabb,4.90466021044013,0.5321932353654897,,,"[""s6/P1/U/w128/d61319/s1002/R/random""]","[""s6/confirm-U-w128-d61319-s1002-g04-random/e03""]",,,True,True,True,True,False,False,False,False,[],4.90466144873471421306021511554718017578125,4.9046614487345776256119365092128082191591186911156592868663195747176474066928252717914716853421490441027550930,4.90466021044013000818040382000617682933807373046875,0.53219323536548931354131193801750432389822753955256905609378470298278840208868471950195745039763445837689176756,0.53219323536548931354131193804387415156515338858113208177412066233540667900137875534518385303484368973381752256,0.53219323536549020155441160587695113942447540598211780158662371170891734820163087964276325447201038143589928785,-2.636982766692584902856302568033595935261827691269403584322640263720923135692575500E-29,8.8801309966783307698785932201740098571981250304937351066920025212429757940143716669170208176529E-16,1.365874482786063343719566221313088843407131336804252823525933071747282085283146578509558972449070E-13,-0.0000012382944476174315326892066313898210449606469092868663195747176474066928252717914716853421490441027550930,0.95631476109121183153727838217069205648143808532499225010249673812185749734021030710237065154697781531441113463,1E-18,1E-12,0.000001,"[{""p"": ""4.9036614487345776256119365092128082191591186911156592868663195747176474066928252717914716853421490441027550930"", ""J"": ""0.53219323594486848293341769700279562557239043314291877811551055630290831819145622086119597862156345946479925238"", ""signed_gap"": ""5.7937916939210575895892147400723704456178669634138989396750163919007746551601212558671976973098172982E-10""}, {""p"": ""4.9056614487345776256119365092128082191591186911156592868663195747176474066928252717914716853421490441027550930"", ""J"": ""0.53219323594435711693135387178983081280946563348026871134573459629174466443594752255735402713306182725981543652"", ""signed_gap"": ""5.7886780339004193374595666124431224489913662957161393395633798543456876721217017409821813752599791396E-10""}]",compared,522,5.1037604024067669470191086660775E-29,3.357311643999992,input-b945fabddcb8849117628a3a,b945fabddcb8849117628a3a5a803a7fd41ec08287e4deae88c6e52a6cbc463c,512,7be644b0c9c150d2ad13945dfa07cbafc83d33430c857b29195a2344b15ec72d,7be644b0c9c150d2ad13945dfa07cbafc83d33430c857b29195a2344b15ec72d,b412e8254dde233c763259a44e3c459b246110811855c1adbd6ddb5ffac0aabb,4.90466021044013,0.5321932353654897,,,"[""s6/P1/U/w128/d61319/s1002/R/random""]","[""s6/confirm-U-w128-d61319-s1002-g04-random/e03""]",False,
input-ba9e749b56684ab06c0277e3,ba9e749b56684ab06c0277e30615f76af13a0709317404a188ed3b70aa0972c3,512,98959506fbf00a1a6db50907b92e993b4b6986ba3568c43a156a163f71f4c256,98959506fbf00a1a6db50907b92e993b4b6986ba3568c43a156a163f71f4c256,28057805ed6a3fa028dede4a8f347cb36278f9c7dcee17f15d89a0f9e183fb83,1.1627648185564983,0.007743296211116733,,,"[""s6/P1/U/w128/d61103/s1003/R/random""]","[""s6/confirm-U-w128-d61103-s1003-g04-random/e03""]",,,True,True,True,True,True,False,False,False,[],1.16276481138766030198894441127777099609375,1.1627648113871304442022177940590851144150956159539614541336641122024543262394435165039519910437342116842478178,1.1627648185564982696860170108266174793243408203125,0.0077432962111167460854206561649266609797469474367710522979334569220985789258116481079559572554768581183062306514,0.0077432962111167460854206563574369761130263450222941173346069533520666315632545256604773474003342209720931833215,0.0077432962111167476697059513368243010896327128668881177781503797588495116642373170541262545768537563049417824221,-1.925103151332793975855230650366734964299680526374428775525213901448573628537869526701E-28,1.5842852949793873249766063678445940004435434264067828801009827913936489071765195353328485991006E-18,5.298577867266172186858816786543840460385458663358877975456737605564834960480089562657883157521822E-13,7.1693678254837992167675323649092452043585385458663358877975456737605564834960480089562657883157521822E-9,0.20816825951811020870524546633722938300618838081393641604121846529732830304924978954128767946320152823362382790,1E-18,1E-12,0.000001,"[{""p"": ""1.1617648113871304442022177940590851144150956159539614541336641122024543262394435165039519910437342116842478178"", ""J"": ""0.0077433270731160426363022102320711962754014032844437271296322395170790026207140177285455260876297386973183808150"", ""signed_gap"": ""3.08619992965508815538746342201623750582621496097950252861650123710574594920680681786872955177252251974935E-8""}, {""p"": ""1.1637648113871304442022177940590851144150956159539614541336641122024543262394435165039519910437342116842478178"", ""J"": ""0.0077433269993787056455114844705920716704059013280168335273739772212908143434973642394271415558764568222609784693"", ""signed_gap"": ""3.07882619595600908281131550955573795563057227161927670238692241827802428385789497941555422358501677951478E-8""}]",compared,522,1.1233734916506211771428861086053E-29,3.267796452000084,input-ba9e749b56684ab06c0277e3,ba9e749b56684ab06c0277e30615f76af13a0709317404a188ed3b70aa0972c3,512,98959506fbf00a1a6db50907b92e993b4b6986ba3568c43a156a163f71f4c256,98959506fbf00a1a6db50907b92e993b4b6986ba3568c43a156a163f71f4c256,28057805ed6a3fa028dede4a8f347cb36278f9c7dcee17f15d89a0f9e183fb83,1.1627648185564983,0.007743296211116733,,,"[""s6/P1/U/w128/d61103/s1003/R/random""]","[""s6/confirm-U-w128-d61103-s1003-g04-random/e03""]",False,
input-baaabafc9600025a29df8799,baaabafc9600025a29df87999de8fb6747ff363af372d71d96256c7aba65d0a0,512,64d79b2736758b25c1c5c2ff642dc9c7b30eafec3eabc5047d3a48be209bd01a,64d79b2736758b25c1c5c2ff642dc9c7b30eafec3eabc5047d3a48be209bd01a,fec63f6512a5c0f6478badae15e1f59546b204f7cc4f04f0f5d4807c80ecd5a3,1.27416234682038,0.0044549572768962445,,,"[""s4-fixed30-U-w64-d41843-s603""]","[""s4/confirm-U-w64-d41843-s603-g00-random/e30""]",,,True,True,True,True,True,False,False,False,[],1.27416234977454223553650081157684326171875,1.2741623497749010522559967114558759642282585719795945253293568512263217551823231515025149418638654131952860052,1.27416234682037998737769157742150127887725830078125,0.0044549572768962395760644227619852667592669438808761344259722074278747235499855473244538092678905884809526761713,0.0044549572768962395760644204859761545562865159037939570240056750258638526170821255396186965143650955341891667221,0.0044549572768962397311537776950384795810611076062351237288856983564976198910221610092716730170723143413723507732,2.2760091122029804279770821774019665324020108709329034217848351127535254929467635094492E-27,1.550893572090623250247745917024411667048800233306337672739400354696529765027072188071831840511E-19,-3.588167194958998790327025095085719795945253293568512263217551823231515025149418638654131952860052E-13,-2.9545210648783051340343746853510002711983445253293568512263217551823231515025149418638654131952860052E-9,0.22316467518965238474534026441211162573937205178292446700334208685840223281994080157040260061518131443315214740,1E-18,1E-12,0.000001,"[{""p"": ""1.2731623497749010522559967114558759642282585719795945253293568512263217551823231515025149418638654131952860052"", ""J"": ""0.0044549750657174769261555516154709804932742019755073138363167721687830283496310291814648632399792893003247255365"", ""signed_gap"": ""1.77888212373500911311294948259369876860717133568123110971429191757325489036418461667256141937661355588144E-8""}, {""p"": ""1.2751623497749010522559967114558759642282585719795945253293568512263217551823231515025149418638654131952860052"", ""J"": ""0.0044549750216232645021773831695463473024544559474773691659395732207524341340320962897237715024002423482578876172"", ""signed_gap"": ""1.77447270249261129626835701927461679400436834121419338981948885815169499707501050749880351468140687208951E-8""}]",compared,522,1.4698504077044048860487304710834E-29,3.2742483880000464,input-baaabafc9600025a29df8799,baaabafc9600025a29df87999de8fb6747ff363af372d71d96256c7aba65d0a0,512,64d79b2736758b25c1c5c2ff642dc9c7b30eafec3eabc5047d3a48be209bd01a,64d79b2736758b25c1c5c2ff642dc9c7b30eafec3eabc5047d3a48be209bd01a,fec63f6512a5c0f6478badae15e1f59546b204f7cc4f04f0f5d4807c80ecd5a3,1.27416234682038,0.0044549572768962445,,,"[""s4-fixed30-U-w64-d41843-s603""]","[""s4/confirm-U-w64-d41843-s603-g00-random/e30""]",False,
input-bbda96af40bcfda796878007,bbda96af40bcfda7968780073e62d9d5806fa3665930e6616fe7e14e6956bc15,512,64d79b2736758b25c1c5c2ff642dc9c7b30eafec3eabc5047d3a48be209bd01a,64d79b2736758b25c1c5c2ff642dc9c7b30eafec3eabc5047d3a48be209bd01a,f0ea33de2e6973a1fa864cbb6212d560b77b7626d5c19bcbc971357efbc795d2,0.10265915630902672,0.00027195508356276955,,,"[""s4-fixed30-M-w128-d41843-s603""]","[""s4/confirm-M-w128-d41843-s603-g00-random/e30""]",,,True,True,True,True,True,False,False,False,[],0.10265915621084786835126578807830810546875,0.10265915621092259474461736527724315149911781094047512062648094701167946685473491116032330148003948616908365814,0.102659156309026722286859012456261552870273590087890625,0.00027195508356277008335901586095050078118749157233752502801579778127558854955886176870418147059482387666857611727,0.00027195508356277008335902032538554024058809811516174865480716744013778778646951266185927143233907659695129984332,0.00027195508356277008728259893089277023836548047863055190134630200515720448423116892386890840795739545312618055035,-4.46443503945940060654282422362679136965886219923691065089315508996174425272028272372605E-27,3.92357860550722999777738236346880324653913456501941669776165626200963697561831885617488070703E-21,-7.472639335157719893504603036781094047512062648094701167946685473491116032330148003948616908365814E-14,9.810412754224164717901840137115577914741550437351905298832053314526508883967669851996051383091634186E-11,0.23631952554443028455877207029052762894916177671910795020178516053296107806341575860188393646455007089760091259,1E-18,1E-12,0.000001,"[{""p"": ""0.10165915621092259474461736527724315149911781094047512062648094701167946685473491116032330148003948616908365814"", ""J"": ""0.00027236201756417001121705715788251182797776154989283505838800570436703062128097543752398651318900148106229727775"", ""signed_gap"": ""4.0693400139992785803683249697158738966343473108640358083826422924283481146277566471508084992488411099743443E-7""}, {""p"": ""0.10365915621092259474461736527724315149911781094047512062648094701167946685473491116032330148003948616908365814"", ""J"": ""0.00027236164889556704755815141274392740963538881485837245664243046830689443439760723879986924669227039115976859791"", ""signed_gap"": ""4.0656533279696419913108735838716904729069969662380183526302816910664792809457694059781435319379420846875459E-7""}]",compared,522,1.2898178428461529750838657027604E-29,3.0058707580000146,input-bbda96af40bcfda796878007,bbda96af40bcfda7968780073e62d9d5806fa3665930e6616fe7e14e6956bc15,512,64d79b2736758b25c1c5c2ff642dc9c7b30eafec3eabc5047d3a48be209bd01a,64d79b2736758b25c1c5c2ff642dc9c7b30eafec3eabc5047d3a48be209bd01a,f0ea33de2e6973a1fa864cbb6212d560b77b7626d5c19bcbc971357efbc795d2,0.10265915630902672,0.00027195508356276955,,,"[""s4-fixed30-M-w128-d41843-s603""]","[""s4/confirm-M-w128-d41843-s603-g00-random/e30""]",False,
input-bcf4391299a0478d8f9890fa,bcf4391299a0478d8f9890fa3849c7f9048a3e8a030128bb54e57b606e6b949a,512,720cb4a2dfd9a2162099cb394e9a04c5f55c5f1ca83d49aa865475f11e0c23cd,720cb4a2dfd9a2162099cb394e9a04c5f55c5f1ca83d49aa865475f11e0c23cd,d8aeae12cf5ffb507b7ecfc2966fc16a5666a5ddc6d3cc0a77e11daa06c0a8c4,0.13388004768985812,4.1051277756894515e-05,,,"[""s4-fixed30-M-w256-d41843-s602""]","[""s4/confirm-M-w256-d41843-s602-g00-random/e30""]",,,True,True,True,True,True,False,False,False,[],0.13388004766102312714792788028717041015625,0.13388004766134061354880461850989571791454529261998410218869997992345115184353998486166410384445538368481867504,0.133880047689858117099248602244188077747821807861328125,0.000041051277756894360529784151440801255453058829404126851661295255134766183532281371465117072227523918009031658033,0.000041051277756894360529788328927897628129223706852523977753714341092939557775044606404904427025969452017619773094,0.000041051277756894360827897826697560988136884895021168913692167002831296205009879131877207837524643707710495477039,-4.177487096372676164877448397126092419085958173374242763234939787354798445534008588115061E-27,2.98109497769663360007661188168644935938452661738356647234834525472303410498674255692875703945E-22,-3.1748640087673822272530775829529261998410218869997992345115184353998486166410384445538368481867504E-13,2.851750355044398373429235983327651524134402281130002007654884815646001513833589615554461631518132496E-11,0.23812773848774369505576978544879435522434472222098670354204393101318165072503830546202174896853350049980397587,1E-18,1E-12,0.000001,"[{""p"": ""0.13288004766134061354880461850989571791454529261998410218869997992345115184353998486166410384445538368481867504"", ""J"": ""0.000041413530707492101839164689538887814919307531397783647258967462482137866110593372863740743301333555877837923252"", ""signed_gap"": ""3.62252950597741309376360610990186790083824545259669505253121389198308335548766458836316275364103860218150158E-7""}, {""p"": ""0.13488004766134061354880461850989571791454529261998410218869997992345115184353998486166410384445538368481867504"", ""J"": ""0.000041413172234361038737351275270805803035165876965084751961014358712612322701033491536009991672113640652350903760"", ""signed_gap"": ""3.61894477466678207562946342908174905942170112560774207300017619672764925988885131105564646144188634731130666E-7""}]",compared,522,1.0838539358053781952029248457049E-29,3.029709085000036,input-bcf4391299a0478d8f9890fa,bcf4391299a0478d8f9890fa3849c7f9048a3e8a030128bb54e57b606e6b949a,512,720cb4a2dfd9a2162099cb394e9a04c5f55c5f1ca83d49aa865475f11e0c23cd,720cb4a2dfd9a2162099cb394e9a04c5f55c5f1ca83d49aa865475f11e0c23cd,d8aeae12cf5ffb507b7ecfc2966fc16a5666a5ddc6d3cc0a77e11daa06c0a8c4,0.13388004768985812,4.1051277756894515e-05,,,"[""s4-fixed30-M-w256-d41843-s602""]","[""s4/confirm-M-w256-d41843-s602-g00-random/e30""]",False,
input-be1656ee44f9e9aa9d8fd27b,be1656ee44f9e9aa9d8fd27b4cfef159cbb0e39b6f826d9a6622ac4a109f0a5f,512,c89e77c654eaf6bb5186b57235d9f7044dbc61288842163a04ff3029e9759317,c89e77c654eaf6bb5186b57235d9f7044dbc61288842163a04ff3029e9759317,32e6def13541ee454d6dc7638572fd7fe711ae85eb69cbd3c84ecca04182d5bb,0.810491504974604,0.0015751539567261685,,,"[""s5/single/U/w128/d55049/s803/R/random""]","[""s5/confirm-U-w128-d55049-s803-g04-random/e03""]",,,True,True,True,True,True,False,False,False,[],0.81049150602621011785231530666351318359375,0.8104915060266887099188766969251718265283176316373365530938500852628147399645412744356001189210153718636267867,0.8104915049746039823475030061672441661357879638671875,0.0015751539567261689208487317015312843373244665774781514637119135410169044210927011880338325589759807644376171486,0.0015751539567261689208487250266110155615295273789923791653309202427879039659288014957937168259204280885462587106,0.0015751539567261689902538918058309642782596868407838911225521800878424703000482695842713121433116461819805868988,6.6749202687757949391984857722983809932982290004551638996922401157330555526758913584380E-27,6.94051667792199487167301594617915119572212598450545663341194680884775953173912180934343281882E-20,-4.785920665613902616586429345676316373365530938500852628147399645412744356001189210153718636267867E-13,-1.0520847275713736907579276603925296677701490530938500852628147399645412744356001189210153718636267867E-9,0.13993438793981150984853635653907883476212827339456083960457266275609205207156012552880459882173687258156243456,1E-18,1E-12,0.000001,"[{""p"": ""0.8094915060266887099188766969251718265283176316373365530938500852628147399645412744356001189210153718636267867"", ""J"": ""0.0015752167748530425582004179980475937717995863225031551573081015857626048395225910850902325449933537221056173049"", ""signed_gap"": ""6.28181268736373516929714365782102700589435107759919771813429747008735937895892965157190729256335593585943E-8""}, {""p"": ""0.8114915060266887099188766969251718265283176316373365530938500852628147399645412744356001189210153718636267867"", ""J"": ""0.0015752165759431705601136010514567207471897641509584302916242385592571930655443625889050793076516545272691421844"", ""signed_gap"": ""6.26192170016392648760248457051856602367719660511262933183164692890996155610931113624817312264387228834738E-8""}]",compared,522,8.5474284857166515841892511675326E-30,3.2467830349999076,input-be1656ee44f9e9aa9d8fd27b,be1656ee44f9e9aa9d8fd27b4cfef159cbb0e39b6f826d9a6622ac4a109f0a5f,512,c89e77c654eaf6bb5186b57235d9f7044dbc61288842163a04ff3029e9759317,c89e77c654eaf6bb5186b57235d9f7044dbc61288842163a04ff3029e9759317,32e6def13541ee454d6dc7638572fd7fe711ae85eb69cbd3c84ecca04182d5bb,0.810491504974604,0.0015751539567261685,,,"[""s5/single/U/w128/d55049/s803/R/random""]","[""s5/confirm-U-w128-d55049-s803-g04-random/e03""]",False,
input-c2125a99a1e641c352fab4f8,c2125a99a1e641c352fab4f80c117ca521edbf83b8a2d170fade910fcd29c697,512,8ca39088cd76bee65172a39c25eb65f738d4bd52f86a0d1b78206a06d4f703a0,8ca39088cd76bee65172a39c25eb65f738d4bd52f86a0d1b78206a06d4f703a0,9fa24b0c3a71f5b7fcf67050d78f335fbec26259b4c426f4ae66a9f41ace4f84,4.659362457202091,1.1106283909100998,,,"[""s4-fixed30-U-w128-d46219-s601""]","[""s4/confirm-U-w128-d46219-s601-g00-random/e30""]",,,True,True,True,True,True,False,False,False,[],4.65936181601455245981924235820770263671875,4.6593618160147319927799228699546227987043190999972774835427363662141778098160644618236807626750584392504192674,4.6593624572020910790115522104315459728240966796875,1.1106283909100998381497891040867117494967561930800248923191504939635738053578105410520359722723513431983709183,1.1106283909100998381497891041470705170553540189908181941555777491998839363280991494613627656967985486107249774,1.1106283909101002438643871812564942215086750444686361942430801906493758957120823916439530237199223345713021160,-6.03587675585978259107933018364272552363101309702886084093267934244472054123540591E-29,4.057145980771094237044533210254778180000875024414494919593839832421825902580231237859605771386E-16,-1.795329606805117469201619855690999972774835427363662141778098160644618236807626750584392504192674E-13,6.411873590862316293404769231741197775796902225164572636337858221901839355381763192373249415607495807326E-7,1.1897586385560760286537048452936898128073358032263263803956787669251246064838342985780784489371647233577143658,1.1897586385560760286537048452936898128073358032263263803956787669251246064838342985780784489371647233577143658E-18,1.1897586385560760286537048452936898128073358032263263803956787669251246064838342985780784489371647233577143658E-12,0.000001,"[{""p"": ""4.6583618160147319927799228699546227987043190999972774835427363662141778098160644618236807626750584392504192674"", ""J"": ""1.1106283918973185899728499818292792510290619566202115336917071921935069942681629778083406900057146183612381738"", ""signed_gap"": ""9.872187518230608776822087339737079376293933395361294429936230579400638283469779243089160697505131964E-10""}, {""p"": ""4.6603618160147319927799228699546227987043190999972774835427363662141778098160644618236807626750584392504192674"", ""J"": ""1.1106283918965782875226852333076233223735722128078326676025830443940019926224930141377814895426828082610301583"", ""signed_gap"": ""9.864784493728961291605528053182181938170144734470052951941180562943938646764187238458842596503051809E-10""}]",compared,522,4.4305133442681649982819172658501827590028133786643265966773727293995893315119295380748359554435143104603205045E-29,3.485752242999979,input-c2125a99a1e641c352fab4f8,c2125a99a1e641c352fab4f80c117ca521edbf83b8a2d170fade910fcd29c697,512,8ca39088cd76bee65172a39c25eb65f738d4bd52f86a0d1b78206a06d4f703a0,8ca39088cd76bee65172a39c25eb65f738d4bd52f86a0d1b78206a06d4f703a0,9fa24b0c3a71f5b7fcf67050d78f335fbec26259b4c426f4ae66a9f41ace4f84,4.659362457202091,1.1106283909100998,,,"[""s4-fixed30-U-w128-d46219-s601""]","[""s4/confirm-U-w128-d46219-s601-g00-random/e30""]",False,
input-c2f5a8302706b7297f198bb1,c2f5a8302706b7297f198bb1f98c611e98ab37e21e3a6a1032cffbfc2486ee1b,512,7be644b0c9c150d2ad13945dfa07cbafc83d33430c857b29195a2344b15ec72d,7be644b0c9c150d2ad13945dfa07cbafc83d33430c857b29195a2344b15ec72d,0f1d5684dbf43310a1209372ddc621e7b2af34d0b6b1bfbab5a85fed0504c61c,0.27361887332694756,0.0016763882894237471,,,"[""s6/P4/U/w64/d61319/s1002/R/random""]","[""s6/confirm-U-w64-d61319-s1002-g04-random/e05""]",,,True,True,True,True,True,False,False,False,[],0.27361887473625756683759391307830810546875,0.27361887473595899785370881174904598410375331104531919584978272917332394904890556248876470535558248601200299966,0.2736188733269475648057778016664087772369384765625,0.0016763882894237469807131911579674116161684276688081027957303953976507585290668914339214505560583485126373134220,0.0016763882894237469807131945383511689998070218354919776963815623913186827823546715046238268496105520731873953611,0.0016763882894237475209745851234659233038230652252174979886799915977456407805351323979671536661340136655062945653,-3.3803837573836385941666838749006511669936679242532877800707023762935522035605500819391E-27,5.402613905851147543040160433897255202922984292064269579981804608933433268165234615923188992042E-19,2.9856898388510132926212136499668895468080415021727082667605095109443751123529464441751398799700034E-13,-1.40901143304793101008263720686681483448281919584978272917332394904890556248876470535558248601200299966E-9,0.16079201631919672612749326872050289805015910208729655492328014409877382118761104251738198421445307147714891112,1E-18,1E-12,0.000001,"[{""p"": ""0.27261887473595899785370881174904598410375331104531919584978272917332394904890556248876470535558248601200299966"", ""J"": ""0.0016766606463238178776707592175518519430339669082554189473346293767232266866905643808709781426293225938053319122"", ""signed_gap"": ""2.723569000708969575646792006829432269450727634412509530669854045439043358928762471512930187705206179365511E-7""}, {""p"": ""0.27461887473595899785370881174904598410375331104531919584978272917332394904890556248876470535558248601200299966"", ""J"": ""0.0016766600590368052109101912193019728802640251327582715214941673806412216232205510739171162146382207951770895191"", ""signed_gap"": ""2.717696130582301969966809508038804570032972662938251126049893225388408658795692932893650276687219896941580E-7""}]",compared,522,4.375358566767606725335359228747E-30,3.147349364999968,input-c2f5a8302706b7297f198bb1,c2f5a8302706b7297f198bb1f98c611e98ab37e21e3a6a1032cffbfc2486ee1b,512,7be644b0c9c150d2ad13945dfa07cbafc83d33430c857b29195a2344b15ec72d,7be644b0c9c150d2ad13945dfa07cbafc83d33430c857b29195a2344b15ec72d,0f1d5684dbf43310a1209372ddc621e7b2af34d0b6b1bfbab5a85fed0504c61c,0.27361887332694756,0.0016763882894237471,,,"[""s6/P4/U/w64/d61319/s1002/R/random""]","[""s6/confirm-U-w64-d61319-s1002-g04-random/e05""]",False,
input-c3262f621f6b496220824607,c3262f621f6b49622082460765f122cba7f5c700295fe93d072a1ff878dfc0ce,512,5ef925552bd2aed9bc8daee3dbe84404fd1da975c4197a0e355a73b80e2b6597,5ef925552bd2aed9bc8daee3dbe84404fd1da975c4197a0e355a73b80e2b6597,169ed85ff0e5c1e62185a7ad1e9384c7207dcd28069a74daa82a4c8089edcfa2,0.04391271436037314,2.9965091565647627e-05,,,"[""s5/single/M/w128/d52919/s801/R/random""]","[""s5/confirm-M-w128-d52919-s801-g05-random/e20""]",,,True,True,True,True,True,False,False,False,[],0.04391271422673526103608310222625732421875,0.043912714226954997460210037183617080552728163022342354526986543632085623876646211646323790317970949144777671223,0.04391271436037313957712058254401199519634246826171875,0.000029965091565647565149044569715012947758116043964347247417873478266626429532431915506434584877679663449975611084,0.000029965091565647565149054620681838209005022665180320617615490004921548236073455473764103245558701082567435471564,0.000029965091565647572116649481227551982289623340958642152656186325015078839437127858930330865984445798377530754242,-1.0050966825261246906621215973370197616526654921806541023558257668660681021419117459860480E-26,6.967594860545713773284600675778321535040696320093530603363672385166227620425744715810095282678E-21,-2.19736424126934957359756333978163022342354526986543632085623876646211646323790317970949144777671223E-13,1.33418142116910545360394914643614305239376395473013456367914376123353788353676209682029050855222328777E-10,0.28495088371318262324426501310866838975209759118127165942418747191120312858156131290069413656418610794015030349,1E-18,1E-12,0.000001,"[{""p"": ""0.042912714226954997460210037183617080552728163022342354526986543632085623876646211646323790317970949144777671223"", ""J"": ""0.000030355605844974109341912359402838576038977767911423609149361812587011255130574703302118029994857680419912018852"", ""signed_gap"": ""3.90514279326544192857738721000367033955102731102991533871807665463019057119229538014784436156597852476547288E-7""}, {""p"": ""0.044912714226954997460210037183617080552728163022342354526986543632085623876646211646323790317970949144777671223"", ""J"": ""0.000030355462501650635516510990827457310650897776506587881510597185386734058471487100673507386605080349929123317773"", ""signed_gap"": ""3.90370936003070367456370145619101645875111326267263895107180465185822398031626909404141046379267361687846209E-7""}]",compared,522,1.4500301963815943363100647454635E-29,2.7542647590000797,input-c3262f621f6b496220824607,c3262f621f6b49622082460765f122cba7f5c700295fe93d072a1ff878dfc0ce,512,5ef925552bd2aed9bc8daee3dbe84404fd1da975c4197a0e355a73b80e2b6597,5ef925552bd2aed9bc8daee3dbe84404fd1da975c4197a0e355a73b80e2b6597,169ed85ff0e5c1e62185a7ad1e9384c7207dcd28069a74daa82a4c8089edcfa2,0.04391271436037314,2.9965091565647627e-05,,,"[""s5/single/M/w128/d52919/s801/R/random""]","[""s5/confirm-M-w128-d52919-s801-g05-random/e20""]",False,
input-c933aef5fe46289805a94fa8,c933aef5fe46289805a94fa8d48e6392c60877c71038e9c79f81dca7cbed3e53,512,aec7cff57191991ba3f1dfa4c2c047be85dddaa0226fb3217de73a1a7f997c17,aec7cff57191991ba3f1dfa4c2c047be85dddaa0226fb3217de73a1a7f997c17,30e20e66d8fdc4709a1dd1a30459ddf443c7fb2e51f850e51337a066a6992812,0.05291555515947999,4.132654617004724e-05,,,"[""s6/P1/M/w128/d61211/s1001/R/random"", ""s6/P2/M/w128/d61211/s1001/R/random"", ""s6/P3/M/w128/d61211/s1001/R/random"", ""s6/P4/M/w128/d61211/s1001/R/random""]","[""s6/confirm-M-w128-d61211-s1001-g05-random/e20""]",,,True,True,True,True,True,False,False,False,[],0.05291555522353519336320459842681884765625,0.052915555223594262419239425275849489286833401982998359007116131980227074382175479031469920640689421118801732025,0.0529155551594799877790364917018450796604156494140625,0.000041326546170047376560660165922936623219317067979137835682205933594406618419808467427321400626632217921440337232,0.000041326546170047376560667371956757862260565412403730269835350906331375034000629863342694002918183859934343866445,0.000041326546170047378213519840040652419108513812986783255549317382587081024654060816159601023806910911450347427391,-7.206033821239041248344424592434153144972736968415580821395915372602291551642012903529213E-27,1.652852468083894556847948400583052985713966476255705990653430952816907020888727051516003560946E-21,-5.9069056034826849030641630583401982998359007116131980227074382175479031469920640689421118801732025E-14,-6.4114274640202933574004409626417752568935859007116131980227074382175479031469920640689421118801732025E-11,0.27518867198514208214040732111149882367255697002472791872255151978978041543583756208514847350576845586641425924,1E-18,1E-12,0.000001,"[{""p"": ""0.051915555223594262419239425275849489286833401982998359007116131980227074382175479031469920640689421118801732025"", ""J"": ""0.000041731051711902443680178964033133123460144841558479331553443031346620810603240843696043927481346481432299036301"", ""signed_gap"": ""4.04505541855067119511592076375261199579429154749061718092125015245776602610980353349924563162621497955169856E-7""}, {""p"": ""0.053915555223594262419239425275849489286833401982998359007116131980227074382175479031469920640689421118801732025"", ""J"": ""0.000041730772440206827814718866991887879773378621711225740954902809675032111047799248579182012323527024733287813686"", ""signed_gap"": ""4.04226270159451254051495035130017512813209307495471119551903343657077047169385236488009405343164798943947241E-7""}]",compared,522,1.7072311653407227205790956365559E-29,2.7933615439999357,input-c933aef5fe46289805a94fa8,c933aef5fe46289805a94fa8d48e6392c60877c71038e9c79f81dca7cbed3e53,512,aec7cff57191991ba3f1dfa4c2c047be85dddaa0226fb3217de73a1a7f997c17,aec7cff57191991ba3f1dfa4c2c047be85dddaa0226fb3217de73a1a7f997c17,30e20e66d8fdc4709a1dd1a30459ddf443c7fb2e51f850e51337a066a6992812,0.05291555515947999,4.132654617004724e-05,,,"[""s6/P1/M/w128/d61211/s1001/R/random"", ""s6/P2/M/w128/d61211/s1001/R/random"", ""s6/P3/M/w128/d61211/s1001/R/random"", ""s6/P4/M/w128/d61211/s1001/R/random""]","[""s6/confirm-M-w128-d61211-s1001-g05-random/e20""]",False,
input-c93d304cc6e9e2de47e3949a,c93d304cc6e9e2de47e3949a3b8d62fd91c22f862ef2f0de54b980232d195c50,512,aec7cff57191991ba3f1dfa4c2c047be85dddaa0226fb3217de73a1a7f997c17,aec7cff57191991ba3f1dfa4c2c047be85dddaa0226fb3217de73a1a7f997c17,71ebc58bfe4970eb02d1be7443c8aae0e6f87c32a2c7233f1be7f70926d55abe,0.030658898615679442,1.366094552795148e-05,,,"[""s6/P1/M/w256/d61211/s1001/R/random"", ""s6/P2/M/w256/d61211/s1001/R/random""]","[""s6/confirm-M-w256-d61211-s1001-g05-random/e10""]",,,True,True,True,True,True,False,False,False,[],0.03065889849358427454717457294464111328125,0.030658898493210035254332509999694830089628409783562375780060137753925582215014294682788377301328328100391303732,0.030658898615679441856940457000746391713619232177734375,0.000013660945527951442293425896551780664018287283092843465940306766466053404152933039748755958258836632053477594710,0.000013660945527951442293391441427212614748708815121881110065228447902738953938107322678241126330659565154034315275,0.000013660945527951448452288944615813098818689802059120600910631691800818180877147511231677459806057960218940948998,3.4455124568049269578467970962355875078318563314450214825717070514831928177066899443279435E-26,6.158897503188600484069980986937239490845403243898079226939040188553436333475398395064906633723E-21,3.74239292842062944946283191621590216437624219939862246074417784985705317211622698671671899608696268E-13,1.22469406602607947001051561623990822394171999219939862246074417784985705317211622698671671899608696268E-10,0.28885886862343354791339213394189203439661249930706316585213011494433369956814909316473763776176457374012061735,1E-18,1E-12,0.000001,"[{""p"": ""0.029658898493210035254332509999694830089628409783562375780060137753925582215014294682788377301328328100391303732"", ""J"": ""0.000014072174109874522632292224193931833375964173255919809596814764892438193202067671574151316124538468035539875800"", ""signed_gap"": ""4.11228581923080338900782766719218627255358134038699531586316989699239263960348895910189793878902881505560525E-7""}, {""p"": ""0.031658898493210035254332509999694830089628409783562375780060137753925582215014294682788377301328328100391303732"", ""J"": ""0.000014071979201896975786923150646332079908928313680922176159380772684880383664791203585639341429484237963586390715"", ""signed_gap"": ""4.11033673945533493531709219119465160219498559041066094152324782141429726683880907398215098824672809552075440E-7""}]",compared,522,1.4738807572943225752103724217227E-29,2.6396455100000367,input-c93d304cc6e9e2de47e3949a,c93d304cc6e9e2de47e3949a3b8d62fd91c22f862ef2f0de54b980232d195c50,512,aec7cff57191991ba3f1dfa4c2c047be85dddaa0226fb3217de73a1a7f997c17,aec7cff57191991ba3f1dfa4c2c047be85dddaa0226fb3217de73a1a7f997c17,71ebc58bfe4970eb02d1be7443c8aae0e6f87c32a2c7233f1be7f70926d55abe,0.030658898615679442,1.366094552795148e-05,,,"[""s6/P1/M/w256/d61211/s1001/R/random"", ""s6/P2/M/w256/d61211/s1001/R/random""]","[""s6/confirm-M-w256-d61211-s1001-g05-random/e10""]",False,
input-c950fdb4f71dd382819f7316,c950fdb4f71dd382819f73165a4a63da66fe9d0fa5b1499516596e08338151b1,512,7be644b0c9c150d2ad13945dfa07cbafc83d33430c857b29195a2344b15ec72d,7be644b0c9c150d2ad13945dfa07cbafc83d33430c857b29195a2344b15ec72d,e4b8d41a6da511dafb1603f182009268fe346c8ba0b4c82947d0c1200b15f016,0.044486206507934486,4.820870827490776e-05,,,"[""s6/P1/M/w128/d61103/s1002/R/random"", ""s6/P2/M/w128/d61103/s1002/R/random"", ""s6/P3/M/w128/d61103/s1002/R/random"", ""s6/P4/M/w128/d61103/s1002/R/random""]","[""s6/confirm-M-w128-d61103-s1002-g05-random/e20""]",,,True,True,True,True,True,False,False,False,[],0.04448620625180410570465028285980224609375,0.044486206252120294721197227217116504524986577336212281933165023343608443444859719820834555404139322307191270798,0.04448620650793448649817918294502305798232555389404296875,0.000048208708274907919299395656957804791347789482517545037340027923322875325713000120630855075214204781270826175674,0.000048208708274907919299361775340623528780117680471923880244427386345095769342845149689586486364780317107785164334,0.000048208708274907944769710574916093203499884086769484969705295501241972541972217315125130270144746662191303189992,3.3881617181262567671802045621157095600536977779556370154970941268588849424464163041011340E-26,2.5470348799575469674719766406297561089460868114896876772629372165435543783779966345083518025658E-20,-3.16189016546944357314258431236577336212281933165023343608443444859719820834555404139322307191270798E-13,2.55814191776981955727906553457338976557830686816834976656391556555140280179165444595860677692808729202E-10,0.27702560994103282830898267853229532134112844989606232114860832111477766334988060304718262949554096784955215615,1E-18,1E-12,0.000001,"[{""p"": ""0.043486206252120294721197227217116504524986577336212281933165023343608443444859719820834555404139322307191270798"", ""J"": ""0.000048597939009378978159208500946528704582500550199513160191094130590324805609898467018923136522296388322995160424"", ""signed_gap"": ""3.89230734471058859846725605905175802382869727589279946666744245229036267053317329336650157516071215209996090E-7""}, {""p"": ""0.045486206252120294721197227217116504524986577336212281933165023343608443444859719820834555404139322307191270798"", ""J"": ""0.000048597775132506266855713167441451865298574530290119833045785152498265735014586450447100487668567172711406603951"", ""signed_gap"": ""3.89066857598347556351392100828336518456849818195952801357766153169965671741300757514001303786855603621439617E-7""}]",compared,522,1.7071484613466341974753346647531E-29,2.79605282,input-c950fdb4f71dd382819f7316,c950fdb4f71dd382819f73165a4a63da66fe9d0fa5b1499516596e08338151b1,512,7be644b0c9c150d2ad13945dfa07cbafc83d33430c857b29195a2344b15ec72d,7be644b0c9c150d2ad13945dfa07cbafc83d33430c857b29195a2344b15ec72d,e4b8d41a6da511dafb1603f182009268fe346c8ba0b4c82947d0c1200b15f016,0.044486206507934486,4.820870827490776e-05,,,"[""s6/P1/M/w128/d61103/s1002/R/random"", ""s6/P2/M/w128/d61103/s1002/R/random"", ""s6/P3/M/w128/d61103/s1002/R/random"", ""s6/P4/M/w128/d61103/s1002/R/random""]","[""s6/confirm-M-w128-d61103-s1002-g05-random/e20""]",False,
input-ca70f9bfd445765494a765c9,ca70f9bfd445765494a765c98a4f57ce4c736fe03e5160fd3844afecc7db56bd,512,98959506fbf00a1a6db50907b92e993b4b6986ba3568c43a156a163f71f4c256,98959506fbf00a1a6db50907b92e993b4b6986ba3568c43a156a163f71f4c256,c5d3d222fcfa0cc4fe1af4a80e480f55f3023b17d3eea06f1749e154d43ea9d9,0.3997042535247711,0.003095705579876665,,,"[""s6/P4/U/w128/d61103/s1003/R/random""]","[""s6/confirm-U-w128-d61103-s1003-g00-random/e20""]",,,True,True,True,True,True,False,False,False,[],0.39970425370984230539761483669281005859375,0.39970425371017517377001160950816985647843063852849933781798754109401029943067530612665412706271495715894090832,0.39970425352477112479476772932684980332851409912109375,0.0030957055798766640173603963184222713669787460306087915444328071751483299217152252922867335826081712583627448238,0.0030957055798766640173603804836985764641277344469554954605673984176872803840236177925626387892621566244858697045,0.0030957055798766640239642180301993726340677881798488646986357683341755668865825938233164747729849138388137292076,1.58347236949028510115836532960838654087574610495376916074997240947933460146338768751193E-26,6.6038375465007961699400537328933692380683699164882865025589760307538359837227572143278595031E-21,-3.3286837239677281535979788468063852849933781798754109401029943067530612665412706271495715894090832E-13,-1.8540404897524388018132005314991653940740558781798754109401029943067530612665412706271495715894090832E-10,0.12385836685093542072582687221036307807271374972980170349394310479762717380145661694361639797939135876364111503,1E-18,1E-12,0.000001,"[{""p"": ""0.39870425371017517377001160950816985647843063852849933781798754109401029943067530612665412706271495715894090832"", ""J"": ""0.0030958980423402059080332378860051944842771229290289542504142206297644698141005167298048523640606483197796690643"", ""signed_gap"": ""1.924624635418906728574023066180201493884820734587898468222120771894300768989372422135747984916952937993598E-7""}, {""p"": ""0.40070425371017517377001160950816985647843063852849933781798754109401029943067530612665412706271495715894090832"", ""J"": ""0.0030958975216101982028206684668039631612715219462533847758214146956211233864449599109032753002807748436525439244"", ""signed_gap"": ""1.919417335341854602879831053866971437874992978893152540162779338430024213421183406365110186182191666742199E-7""}]",compared,522,7.9348357585950555162072423963184E-30,3.1842062480000095,input-ca70f9bfd445765494a765c9,ca70f9bfd445765494a765c98a4f57ce4c736fe03e5160fd3844afecc7db56bd,512,98959506fbf00a1a6db50907b92e993b4b6986ba3568c43a156a163f71f4c256,98959506fbf00a1a6db50907b92e993b4b6986ba3568c43a156a163f71f4c256,c5d3d222fcfa0cc4fe1af4a80e480f55f3023b17d3eea06f1749e154d43ea9d9,0.3997042535247711,0.003095705579876665,,,"[""s6/P4/U/w128/d61103/s1003/R/random""]","[""s6/confirm-U-w128-d61103-s1003-g00-random/e20""]",False,
input-cb438a1f4acd5aa50690f993,cb438a1f4acd5aa50690f99397c9a95ddc751057f3e3ab16c6898507eeef445f,512,6bbeba8b8b05a54fd4be98e5912ed700f1549c8e20b9c3076ea9b67b5546e9f9,6bbeba8b8b05a54fd4be98e5912ed700f1549c8e20b9c3076ea9b67b5546e9f9,7ad5d307c8390a12b31f0e4a46ac40097967834e23343f83ccb238a94ea5ae0c,0.7705354045287836,0.003494375246826862,,,"[""s5/single/U/w128/d55049/s802/R/random""]","[""s5/confirm-U-w128-d55049-s802-g04-random/e03""]",,,True,True,True,True,True,False,False,False,[],0.77053539624967015697620809078216552734375,0.77053539624971892224290555152774601114809186660730112813974610043452575069867834615767274850393362306711827295,0.77053540452878355182519953814335167407989501953125,0.0034943752468268609171206571057951992007952445408815226882393595569858333714387267540527463210301468039435450109,0.0034943752468268609171206574852135935706072211483215525691314964846380668728183527401146849910321885354623668461,0.0034943752468268646648019744116882444205811968809533055708544009433634142336343749138265935474167819270069640082,-3.794183943698119766074400298808921369276522335013796259860619386700020417315188218352E-28,3.7476813169264746508499739757326317530017229044587253473608160221737119085563845933915445971621E-18,-4.876526669746074558048380434186660730112813974610043452575069867834615767274850393362306711827295E-14,8.27906462958229398661560566293180315292394887186025389956547424930132165384232725149606637693288172705E-9,0.10814629194068485423854257263647074540447006259599419862071392863020089525383567637941666613444079174701570409,1E-18,1E-12,0.000001,"[{""p"": ""0.76953539624971892224290555152774601114809186660730112813974610043452575069867834615767274850393362306711827295"", ""J"": ""0.0034944300063804100242428777586068759993689074892624475063320124788759233711308683656968379394303828972929988846"", ""signed_gap"": ""5.47595535491071222202733932824287616863409408949372005159942378564983125156255821529483981943618306320385E-8""}, {""p"": ""0.77153539624971892224290555152774601114809186660730112813974610043452575069867834615767274850393362306711827295"", ""J"": ""0.0034944298377748389083655808568879548172824343826002005643311675752488926790188460480932895386043649904186202338"", ""signed_gap"": ""5.45909479779912449233716743612466752132342786479951996710906108258062004933079786045475721764549562533877E-8""}]",compared,522,7.7012314521447965443729093187795E-30,3.249507676999997,input-cb438a1f4acd5aa50690f993,cb438a1f4acd5aa50690f99397c9a95ddc751057f3e3ab16c6898507eeef445f,512,6bbeba8b8b05a54fd4be98e5912ed700f1549c8e20b9c3076ea9b67b5546e9f9,6bbeba8b8b05a54fd4be98e5912ed700f1549c8e20b9c3076ea9b67b5546e9f9,7ad5d307c8390a12b31f0e4a46ac40097967834e23343f83ccb238a94ea5ae0c,0.7705354045287836,0.003494375246826862,,,"[""s5/single/U/w128/d55049/s802/R/random""]","[""s5/confirm-U-w128-d55049-s802-g04-random/e03""]",False,
input-cbce202eb2cb715fc4be48f7,cbce202eb2cb715fc4be48f74fd8ee57eafe99bd7922671464d4c61b5d7efd11,512,c89e77c654eaf6bb5186b57235d9f7044dbc61288842163a04ff3029e9759317,c89e77c654eaf6bb5186b57235d9f7044dbc61288842163a04ff3029e9759317,d8a907bf637e39ebbd3b785d3118a6763189f4748d58fb595aac514babcb0d69,0.3157462631549567,0.0013523567990329412,,,"[""s5/single/U/w64/d52919/s803/R/random""]","[""s5/confirm-U-w64-d52919-s803-g04-random/e10""]",,,True,True,True,True,True,False,False,False,[],0.31574626266547056729905307292938232421875,0.31574626266554085175401320294709793520810787347006593220579921944095401262909477596670726606302792955383604026,0.31574626315495668560373587752110324800014495849609375,0.0013523567990329410519344978772462438827081323094299387829349895473351583648519842110718486827861881584171871371,0.0013523567990329410519344985291684822031289953878769321536433068507374384707741063891628439842123701672167015244,0.0013523567990329411128855011265150164016150581628323182057683779299843641001061522546789849219743566031262616382,-6.519222383204208630784469933707083173034022801059221221780909953014261820087995143873E-28,6.09510025973465341984860627749553860521250710792469256293320458655161409377619864359095601138E-20,-7.028445496013001771561098935787347006593220579921944095401262909477596670726606302792955383604026E-14,4.8941583384972267457400531279203708502602781779420078055904598737090522403329273393697207044616395974E-10,0.15013485849384378590913040602527942344591009358104565890077453095985602857996487741709845297301328254462109361,1E-18,1E-12,0.000001,"[{""p"": ""0.31474626266554085175401320294709793520810787347006593220579921944095401262909477596670726606302792955383604026"", ""J"": ""0.0013526115200881379786981289588457119438736647650265637966904115864567061637679693768477946122915823408528801201"", ""signed_gap"": ""2.547210551969267636304296772297407446693771496316430471047357192676929938629876849506280792121736361785957E-7""}, {""p"": ""0.31674626266554085175401320294709793520810787347006593220579921944095401262909477596670726606302792955383604026"", ""J"": ""0.0013526108931365413598032112650460787697479622965170661484253762073378588891019943193958533288298091966669248399"", ""signed_gap"": ""2.540941036003078687127358775965666189669086401339947820693566004204183278879302330093446174390294502233155E-7""}]",compared,522,4.6360450501413430824171653824524E-30,3.1977895750001153,input-cbce202eb2cb715fc4be48f7,cbce202eb2cb715fc4be48f74fd8ee57eafe99bd7922671464d4c61b5d7efd11,512,c89e77c654eaf6bb5186b57235d9f7044dbc61288842163a04ff3029e9759317,c89e77c654eaf6bb5186b57235d9f7044dbc61288842163a04ff3029e9759317,d8a907bf637e39ebbd3b785d3118a6763189f4748d58fb595aac514babcb0d69,0.3157462631549567,0.0013523567990329412,,,"[""s5/single/U/w64/d52919/s803/R/random""]","[""s5/confirm-U-w64-d52919-s803-g04-random/e10""]",False,
input-ce2304f3e3a6cccb698eb7df,ce2304f3e3a6cccb698eb7df7409064b2025021098e4225a14958ec3acde6dcc,512,98959506fbf00a1a6db50907b92e993b4b6986ba3568c43a156a163f71f4c256,98959506fbf00a1a6db50907b92e993b4b6986ba3568c43a156a163f71f4c256,ba60e1675541c0dc247566e97bcc3dd1dbface2bf353f29f6b5778aad54660bb,0.022798954506079147,1.2457259415486242e-05,,,"[""s6/P1/M/w256/d61319/s1003/R/random"", ""s6/P2/M/w256/d61319/s1003/R/random""]","[""s6/confirm-M-w256-d61319-s1003-g05-random/e10""]",,,True,True,True,True,True,False,False,False,[],0.02279895431956902029924094676971435546875,0.022798954319626267972049074166178696011277511935825161059033284582382626827792578224270262396642411663474301369,0.02279895450607914708651691171326092444360256195068359375,0.000012457259415486168726907756024322013975643239591461082057022820016654120155118859081621811294466096713869308516,0.000012457259415486168726899692244904221424282379057731976853121102897227090765072716932620209040432635047605446144,0.000012457259415486181793295997624992576964876448339540947693341199940444327192465097757158821873537282993767153352,8.063779417792551360860533729105203901717119427029390046142149001602254033461666263862372E-27,1.3066396305380088355540594069281808970840220097043217236427392380824538612833104647946161707208E-20,-5.7247672808127396464340542527511935825161059033284582382626827792578224270262396642411663474301369E-14,1.86452879114467837547082228432325050014858432690966715417617373172207421775729737603357588336525698631E-10,0.29987754485524358423300397083372386022477455653479148215768677333774474659975991824554382230386446531048555870,1E-18,1E-12,0.000001,"[{""p"": ""0.021798954319626267972049074166178696011277511935825161059033284582382626827792578224270262396642411663474301369"", ""J"": ""0.000012833779628047519442386197118715468523219535580149069042021094769825573594986946731672260535291709301102461646"", ""signed_gap"": ""3.76520212561350715486504873811247098937156522417092188899991872598482829914229799052051494859074253497015502E-7""}, {""p"": ""0.023798954319626267972049074166178696011277511935825161059033284582382626827792578224270262396642411663474301369"", ""J"": ""0.000012833723188876216609281670399223900578109454821186936652852162021322628571190658988347119140163471026415621036"", ""signed_gap"": ""3.76463773390047882381978154319679153827075763454959799731059124095537806117942055726910099730835978810174892E-7""}]",compared,522,2.6914584456203324539491011558598E-29,2.438107600999956,input-ce2304f3e3a6cccb698eb7df,ce2304f3e3a6cccb698eb7df7409064b2025021098e4225a14958ec3acde6dcc,512,98959506fbf00a1a6db50907b92e993b4b6986ba3568c43a156a163f71f4c256,98959506fbf00a1a6db50907b92e993b4b6986ba3568c43a156a163f71f4c256,ba60e1675541c0dc247566e97bcc3dd1dbface2bf353f29f6b5778aad54660bb,0.022798954506079147,1.2457259415486242e-05,,,"[""s6/P1/M/w256/d61319/s1003/R/random"", ""s6/P2/M/w256/d61319/s1003/R/random""]","[""s6/confirm-M-w256-d61319-s1003-g05-random/e10""]",False,
input-d0e36fecb4057e44d6d9579e,d0e36fecb4057e44d6d9579eea8bd4a6aff294ba72d27ad35ba1033e7ac18937,512,aec7cff57191991ba3f1dfa4c2c047be85dddaa0226fb3217de73a1a7f997c17,aec7cff57191991ba3f1dfa4c2c047be85dddaa0226fb3217de73a1a7f997c17,30e48944cc602754d4823da744655feba762a51100f75bc5c003703ba72b2528,0.5290354013020957,0.00171852104193092,,,"[""s6/P1/U/w128/d61319/s1001/R/random""]","[""s6/confirm-U-w128-d61319-s1001-g04-random/e03""]",,,True,True,True,True,True,False,False,False,[],0.52903539952831124537624418735504150390625,0.52903539952803854563025706105152320797548859244003852301310073709376717415095852027824917058841873789335542935,0.5290354013020956980284381643286906182765960693359375,0.0017185210419309209601771484244343595014563733091740000962670503484909229179067839301013978459888719265878596876,0.0017185210419309209601771344489162419022237052719040393778884068610973337748131332125188845286320210618710154402,0.0017185210419309213427951974695729822605585155127482787944432374302304535385855437301554646338416245118929758654,1.39755181175992326680372699607183786434873935891430936507175825133173568508647168442474E-26,3.826180630206567403583348102408442394165548305691331197637724105176365801052096034500219604252E-19,2.7269974598712630351829593076140755996147698689926290623282584904147972175082941158126210664457065E-13,1.77405715239818110327716741030110747689589897698689926290623282584904147972175082941158126210664457065E-9,0.10077125158296055527757259085037462702863145347821320769317190731072229260001548815330032569608156613562780248,1E-18,1E-12,0.000001,"[{""p"": ""0.52803539952803854563025706105152320797548859244003852301310073709376717415095852027824917058841873789335542935"", ""J"": ""0.0017186428056439174996848422213544484105666617746547282528076896151340830544304446983651166738619470267196127819"", ""signed_gap"": ""1.217637129965395077077724382065083429565027506888749192827540367492796173114858462321452299259648485973417E-7""}, {""p"": ""0.53003539952803854563025706105152320797548859244003852301310073709376717415095852027824917058841873789335542935"", ""J"": ""0.0017186424003163453110577388453095952298215132894920111335488990387685749048380679878683797820062152743649054175"", ""signed_gap"": ""1.213583854243508806043963933533275978080175879717556604921776712411300249347753494952533741942124938899773E-7""}]",compared,522,8.3107129302942171959955474652924E-30,3.268081795999933,input-d0e36fecb4057e44d6d9579e,d0e36fecb4057e44d6d9579eea8bd4a6aff294ba72d27ad35ba1033e7ac18937,512,aec7cff57191991ba3f1dfa4c2c047be85dddaa0226fb3217de73a1a7f997c17,aec7cff57191991ba3f1dfa4c2c047be85dddaa0226fb3217de73a1a7f997c17,30e48944cc602754d4823da744655feba762a51100f75bc5c003703ba72b2528,0.5290354013020957,0.00171852104193092,,,"[""s6/P1/U/w128/d61319/s1001/R/random""]","[""s6/confirm-U-w128-d61319-s1001-g04-random/e03""]",False,
input-d415f986dc45483bdfbb5b62,d415f986dc45483bdfbb5b623531a81220ef47c8ab2678fe4d7263d464b1c060,512,8ca39088cd76bee65172a39c25eb65f738d4bd52f86a0d1b78206a06d4f703a0,8ca39088cd76bee65172a39c25eb65f738d4bd52f86a0d1b78206a06d4f703a0,0440debebf12bfa3ce0d6d0f92d97f1e81ebc85bb0e33fefdd9a0de529fc38c0,0.13626283008897472,4.827779573393538e-05,,,"[""s4-fixed30-M-w256-d41843-s601""]","[""s4/confirm-M-w256-d41843-s601-g00-random/e30""]",,,True,True,True,True,True,False,False,False,[],0.13626283012627027346752583980560302734375,0.13626283012632594427874108948713514307807134744908315356192700072901808938636374825862611128960318416820055316,0.136262830088974717934746649916633032262325286865234375,0.000048277795733935184732453670518320993751835440032298121016265426268402821563765306159475572772821288680582331855,0.000048277795733935184732448703997618040482185817597783773749536894222183369312214319157788103139202659753309564105,0.000048277795733935185267530166862359994261198697592553214186300260780938909745781587811498861748764729065114748303,4.966520702953269649622434514347266728532046219452251550987001687469633618628927272767750E-27,5.35081462864741953779012879994769440436763366558755540433567268653710758609562069311805184198E-22,-5.567081121524968153211573432134744908315356192700072901808938636374825862611128960318416820055316E-14,-3.735122634399443957050211081574606058384877856192700072901808938636374825862611128960318416820055316E-11,0.23260757658479365500409375111688762466502561193779057039379229831753293615015009089960863646438246850888939424,1E-18,1E-12,0.000001,"[{""p"": ""0.13526283012632594427874108948713514307807134744908315356192700072901808938636374825862611128960318416820055316"", ""J"": ""0.000048659766145703891577021954103818802577986127328883054367454354625487515284614254894788681266700600599312442660"", ""signed_gap"": ""3.81970411768706844573250106200762095800309731099280617917460403304145972399935737000578127497940846002878555E-7""}, {""p"": ""0.13726283012632594427874108948713514307807134744908315356192700072901808938636374825862611128960318416820055316"", ""J"": ""0.000048659264480605253582935043923304252866554725062430149403914085575456802003495278404962486160385279512440156436"", ""signed_gap"": ""3.81468746670068850486339925686212384368907464646375654377191353273432691280959247174383021182619759130592331E-7""}]",compared,522,1.6611413329056289005271735303373E-29,3.067111000999944,input-d415f986dc45483bdfbb5b62,d415f986dc45483bdfbb5b623531a81220ef47c8ab2678fe4d7263d464b1c060,512,8ca39088cd76bee65172a39c25eb65f738d4bd52f86a0d1b78206a06d4f703a0,8ca39088cd76bee65172a39c25eb65f738d4bd52f86a0d1b78206a06d4f703a0,0440debebf12bfa3ce0d6d0f92d97f1e81ebc85bb0e33fefdd9a0de529fc38c0,0.13626283008897472,4.827779573393538e-05,,,"[""s4-fixed30-M-w256-d41843-s601""]","[""s4/confirm-M-w256-d41843-s601-g00-random/e30""]",False,
input-d4d977c0ba617c95d5b3d10f,d4d977c0ba617c95d5b3d10ff34714cd2cb78c56b2551162e2ce187768ec05ce,512,64d79b2736758b25c1c5c2ff642dc9c7b30eafec3eabc5047d3a48be209bd01a,64d79b2736758b25c1c5c2ff642dc9c7b30eafec3eabc5047d3a48be209bd01a,08b2258265bfb0bb3e11f7f953ee2c0395f217eff9219697946b49cb41a5b480,2.1126878415395605,0.42104289312600346,,,"[""s4-fixed30-U-w256-d46219-s603""]","[""s4/confirm-U-w256-d46219-s603-g00-random/e30""]",,,True,True,True,True,True,False,False,False,[],2.11268789656287481193430721759796142578125,2.1126878965624720710278522998232626919014225076350661180189771635728236414278602553885414669975937598742887694,2.112687841539560462678082330967299640178680419921875,0.42104289312600351556566520984100553159034590477237149286775103290715912968513141286053724509179717099105331402,0.42104289312600351556566520926763046745703532279828348854595070337694133952781599193683518801419273117096419945,0.42104289312600354011162469101322858469365747412514523430822178685805286845453908382726327644903771655423465428,5.7337506413331058197408800432180032953021779015731542092370205707760443982008911457E-28,2.454595948174559811723662215132686174576227108348111152892672309189042808843484498538327045483E-17,4.027409064549177746987338798274923649338819810228364271763585721397446114585330024062401257112306E-13,-5.50229116083497699688559630517227420877131911180189771635728236414278602553885414669975937598742887694E-8,0.67380821931388181620040075985654273078031529653008776786925935745763545258754781541817492108911806667588773729,1E-18,1E-12,0.000001,"[{""p"": ""2.1116878965624720710278522998232626919014225076350661180189771635728236414278602553885414669975937598742887694"", ""J"": ""0.42104290124043917289597953417207035132989496263978590303661313397944777894896597986425205795512180714417187689"", ""signed_gap"": ""8.11443565733031432490443988387285963984150241449066243060250643942114998792741686994092907597320767744E-9""}, {""p"": ""2.1136878965624720710278522998232626919014225076350661180189771635728236414278602553885414669975937598742887694"", ""J"": ""0.42104290122673025016030040090127838360918923212900221479387611396450355237313656863167883539311815899170351195"", ""signed_gap"": ""8.10072673459463519163364791615215390933071872624792541058756221284532057669484364737892542782073931250E-9""}]",compared,522,4.4729129761608637193779912033787E-29,3.328126895000082,input-d4d977c0ba617c95d5b3d10f,d4d977c0ba617c95d5b3d10ff34714cd2cb78c56b2551162e2ce187768ec05ce,512,64d79b2736758b25c1c5c2ff642dc9c7b30eafec3eabc5047d3a48be209bd01a,64d79b2736758b25c1c5c2ff642dc9c7b30eafec3eabc5047d3a48be209bd01a,08b2258265bfb0bb3e11f7f953ee2c0395f217eff9219697946b49cb41a5b480,2.1126878415395605,0.42104289312600346,,,"[""s4-fixed30-U-w256-d46219-s603""]","[""s4/confirm-U-w256-d46219-s603-g00-random/e30""]",False,
input-d64c7ffb6b4079a41309e808,d64c7ffb6b4079a41309e808ff52fbbacc571f5959f780cd7c0ba7acc4d049db,512,7be644b0c9c150d2ad13945dfa07cbafc83d33430c857b29195a2344b15ec72d,7be644b0c9c150d2ad13945dfa07cbafc83d33430c857b29195a2344b15ec72d,e42fa3cfa27212f82952c6f7eeb4d1fb4d3a86df4501b9be01c2832feb6374b4,0.04198601532511412,7.961584794993485e-05,,,"[""s6/P1/M/w128/d61319/s1002/R/random"", ""s6/P2/M/w128/d61319/s1002/R/random"", ""s6/P3/M/w128/d61319/s1002/R/random"", ""s6/P4/M/w128/d61319/s1002/R/random""]","[""s6/confirm-M-w128-d61319-s1002-g05-random/e20""]",,,True,True,True,True,True,False,False,False,[],0.04198601549933300702832639217376708984375,0.041986015499042661942863210971005121310622426047176090800353997962708681259079267367370325680642213855740772688,0.0419860153251141177133121118458802811801433563232421875,0.000079615847949935132894764809792088256184135312123676920563342352638634547820593886595915163292643608310147407947,0.000079615847949935132894784624731437590519297175135402265637341180749930607070375764116531891701653844640213279168,0.000079615847949935144674918233285621984248975511728196284700872125625611046362854584121099930278653412822290153535,-1.9814939349334335161863011725345073998828111296059249781877520616728409010236330065871221E-26,1.1780133608554184393729678336592794019063530944875680439292478820004568038576999568182076874367E-20,2.90345085463181202761968533127573952823909199646002037291318740920732632629674319357786144259227312E-13,-1.73928544229551099125124840130479069723933903300353997962708681259079267367370325680642213855740772688E-10,0.27774845781349603949580503444187245814616749782148109089729933816044985524695388553667924983969121251457244166,1E-18,1E-12,0.000001,"[{""p"": ""0.040986015499042661942863210971005121310622426047176090800353997962708681259079267367370325680642213855740772688"", ""J"": ""0.000080004295601589709907085822127293250849422391866415838187768692373409311041823246506286960475460700595549761018"", ""signed_gap"": ""3.88447651654577012301197395855660330125216731013572550427511623478703971447482389755068773806855955336481850E-7""}, {""p"": ""0.042986015499042661942863210971005121310622426047176090800353997962708681259079267367370325680642213855740772688"", ""J"": ""0.000080004140273769424266224298236098712503033198254144072203343293682899862371550983393138090909882707129471891613"", ""signed_gap"": ""3.88292323834291371439673504661121983736023118741806566002112932969255301175219276606199208228862489258612445E-7""}]",compared,522,1.2913322019651493792285245899461E-29,2.7637971399999515,input-d64c7ffb6b4079a41309e808,d64c7ffb6b4079a41309e808ff52fbbacc571f5959f780cd7c0ba7acc4d049db,512,7be644b0c9c150d2ad13945dfa07cbafc83d33430c857b29195a2344b15ec72d,7be644b0c9c150d2ad13945dfa07cbafc83d33430c857b29195a2344b15ec72d,e42fa3cfa27212f82952c6f7eeb4d1fb4d3a86df4501b9be01c2832feb6374b4,0.04198601532511412,7.961584794993485e-05,,,"[""s6/P1/M/w128/d61319/s1002/R/random"", ""s6/P2/M/w128/d61319/s1002/R/random"", ""s6/P3/M/w128/d61319/s1002/R/random"", ""s6/P4/M/w128/d61319/s1002/R/random""]","[""s6/confirm-M-w128-d61319-s1002-g05-random/e20""]",False,
input-d677cc8ceadfa35201b05116,d677cc8ceadfa35201b05116ff85ba6a465aa29421949fc2abfe91b8f04f7d8f,512,720cb4a2dfd9a2162099cb394e9a04c5f55c5f1ca83d49aa865475f11e0c23cd,720cb4a2dfd9a2162099cb394e9a04c5f55c5f1ca83d49aa865475f11e0c23cd,1630421e06db33f2b52c715d990a3bd091b700a2f0f27a7217e7f7665bd947e5,5.266033202344632,1.7101545004370517,,,"[""s4-fixed30-U-w128-d43997-s602""]","[""s4/confirm-U-w128-d43997-s602-g00-random/e30""]",,,True,True,True,True,True,False,False,False,[],5.26603329546696841134689748287200927734375,5.266033295467239408084045276471809108979698691439259468391623725956273094650555533959325275853965900413337306,5.2660332023446319027470963192172348499298095703125,1.7101545004370564933924358847082419629639271198265002966261539999511440858612130106741838257937907515217763952,1.7101545004370564933924358846048338499046770830276370447966507474391554658025770450061793849524063555906519327,1.7101545004370564986522621871272453529170060346508635114241915628164953549819542083773217851006833259537691866,1.034081130592500367988632518295032525119886200586359656680044408413843959311244625E-28,5.2598263025224115030123289516232264666275408153773398891793771633711424001482769703631172539E-18,-2.70996737147793599799831635948691439259468391623725956273094650555533959325275853965900413337306E-13,-9.3122607505336948957254574259049889121126759468391623725956273094650555533959325275853965900413337306E-8,1.4733734004499670397947966441799065767991267539282274538693484565211660719351600318070637221513942760030349601,1.4733734004499670397947966441799065767991267539282274538693484565211660719351600318070637221513942760030349601E-18,1.4733734004499670397947966441799065767991267539282274538693484565211660719351600318070637221513942760030349601E-12,0.000001,"[{""p"": ""5.265033295467239408084045276471809108979698691439259468391623725956273094650555533959325275853965900413337306"", ""J"": ""1.7101545010438060107538760841434401522082661925021068868475148468500176653687429558508285430260177831990739694"", ""signed_gap"": ""6.067495173614401995386063023035891094744698420508640994108621995661659108446491580736114276084220367E-10""}, {""p"": ""5.267033295467239408084045276471809108979698691439259468391623725956273094650555533959325275853965900413337306"", ""J"": ""1.7101545010433871325397399763484492648851835768754936450143934598534800781128492584993014697258088509759920196"", ""signed_gap"": ""6.063306391473040917436154149805064938478566002177427124143246123102722134931220847734024953853400869E-10""}]",compared,522,7.2007022778839399533309792234835023861410752978750372662947642034803963428084458855173151301143025330042826455E-29,3.3736579259999644,input-d677cc8ceadfa35201b05116,d677cc8ceadfa35201b05116ff85ba6a465aa29421949fc2abfe91b8f04f7d8f,512,720cb4a2dfd9a2162099cb394e9a04c5f55c5f1ca83d49aa865475f11e0c23cd,720cb4a2dfd9a2162099cb394e9a04c5f55c5f1ca83d49aa865475f11e0c23cd,1630421e06db33f2b52c715d990a3bd091b700a2f0f27a7217e7f7665bd947e5,5.266033202344632,1.7101545004370517,,,"[""s4-fixed30-U-w128-d43997-s602""]","[""s4/confirm-U-w128-d43997-s602-g00-random/e30""]",False,
input-d7f39f7672b1e61e2a95e5f0,d7f39f7672b1e61e2a95e5f01d6502686e0cbb604f0648647bfbbe9c9fd26d30,512,64d79b2736758b25c1c5c2ff642dc9c7b30eafec3eabc5047d3a48be209bd01a,64d79b2736758b25c1c5c2ff642dc9c7b30eafec3eabc5047d3a48be209bd01a,a2356143caa74635cbf00d3fe88cbff466cbee50a98791ca98590333f2bdab5b,5.315880276030089,1.2596467082139322,,,"[""s4-fixed30-U-w128-d46219-s603""]","[""s4/confirm-U-w128-d46219-s603-g00-random/e30""]",,,True,True,True,True,False,False,False,False,[],5.31587855660791319678537547588348388671875,5.3158785566077976379050181348404015105529557220453990085334543300649438553176034988663455104763708516993121835,5.315880276030089390815192018635571002960205078125,1.2596467082139319199567828133126580398175636713173924776524712756788456261304675343187011458176380126572172637,1.2596467082139319199567828133154012736970259709469519942301941123002645593542012484779842773274090947335217053,1.2596467082139338120056958780125881803074613506351489383541590854709477024940516280643417176575835372817295713,-2.7432338794622996295595165777228366214189332237337141592831315097710820763044416E-30,1.8920489130646971869066104353796881969441239649731706831431398503795863574403301744425482078660E-15,1.155588803573410430823761657942779546009914665456699350561446823965011336544895236291483006878165E-13,0.0000017194222917529101738837951694924072493560796009914665456699350561446823965011336544895236291483006878165,1.2738076032842626305351956925501486012322801644074578212724518813004251426218002565810183850447295788656021493,1.2738076032842626305351956925501486012322801644074578212724518813004251426218002565810183850447295788656021493E-18,1.2738076032842626305351956925501486012322801644074578212724518813004251426218002565810183850447295788656021493E-12,0.000001,"[{""p"": ""5.3148785566077976379050181348404015105529557220453990085334543300649438553176034988663455104763708516993121835"", ""J"": ""1.2596467088541128777842228953175956663397861010104043009693431132026035787610377002295005310442204530358500902"", ""signed_gap"": ""6.401809578274400820021943926427601300634523067391490009023390194068364517515162537168113583023283849E-10""}, {""p"": ""5.3168785566077976379050181348404015105529557220453990085334543300649438553176034988663455104763708516993121835"", ""J"": ""1.2596467088537143638245525613231219410929264800559036491684154260786777236495679218775149797236847981595727096"", ""signed_gap"": ""6.397824438677697480077206673959005091089516549382213137784131642953666733995307023962757034260510043E-10""}]",compared,522,6.0609867314586051113629962662311533514292535021460096386523282896394127902757189752071758453156111648400499348E-29,3.3882354070000247,input-d7f39f7672b1e61e2a95e5f0,d7f39f7672b1e61e2a95e5f01d6502686e0cbb604f0648647bfbbe9c9fd26d30,512,64d79b2736758b25c1c5c2ff642dc9c7b30eafec3eabc5047d3a48be209bd01a,64d79b2736758b25c1c5c2ff642dc9c7b30eafec3eabc5047d3a48be209bd01a,a2356143caa74635cbf00d3fe88cbff466cbee50a98791ca98590333f2bdab5b,5.315880276030089,1.2596467082139322,,,"[""s4-fixed30-U-w128-d46219-s603""]","[""s4/confirm-U-w128-d46219-s603-g00-random/e30""]",False,
input-d92a3ab118b3b7ee5d6870c8,d92a3ab118b3b7ee5d6870c86993597b933bb7792a6467a1642cfa5a2d6bdd67,512,7be644b0c9c150d2ad13945dfa07cbafc83d33430c857b29195a2344b15ec72d,7be644b0c9c150d2ad13945dfa07cbafc83d33430c857b29195a2344b15ec72d,4b75eadcc8d3e857d8c29ac2b4b9fd518e7ad061c26aa9daa515dcec3b214539,0.027183978204107603,1.425787566337481e-05,,,"[""s6/P1/M/w256/d61103/s1002/R/random"", ""s6/P2/M/w256/d61103/s1002/R/random""]","[""s6/confirm-M-w256-d61103-s1002-g05-random/e10""]",,,True,True,True,True,True,False,False,False,[],0.02718397849412212963216006755828857421875,0.027183978494439132209910217597242441993996106148625919108859591552561302124293339475364888378458869710572938686,0.02718397820410760334919331171477097086608409881591796875,0.000014257875663374772493168838848797797285201507832028806562231147620084660199348109182554264164734409577608382479,0.000014257875663374772493169196115350446503806986623061767872729849234823121195494792620160543654809425718762931560,0.000014257875663374805614760425920258716124327584399722929027174891318949098571854790248640817436939329760639767210,-3.57266552649218605478791032961310498701614738460996146683437606279490075016141154549081E-28,3.3121591229804908269620520597776661161154445042084125977376359997628480273782129904041876835650E-20,-3.17002577750150038953867775246106148625919108859591552561302124293339475364888378458869710572938686E-13,-2.90331528860716905882471471127912007332707950358859591552561302124293339475364888378458869710572938686E-10,0.28814309627010174694253503856907978384876917128166453551957038100837427708005680980950483708229009996726519731,1E-18,1E-12,0.000001,"[{""p"": ""0.026183978494439132209910217597242441993996106148625919108859591552561302124293339475364888378458869710572938686"", ""J"": ""0.000014651299397055952862447050474555665342521987671569779490070606546607901510859180073246462428660008564312099182"", ""signed_gap"": ""3.93423733681180369277854359205218838715001048508011617340757311784780315364387453085918773850582845549167622E-7""}, {""p"": ""0.028183978494439132209910217597242441993996106148625919108859591552561302124293339475364888378458869710572938686"", ""J"": ""0.000014651191317274716684592068595529165606493955515609040746805085734034162381444735772929068525113210240740089036"", ""signed_gap"": ""3.93315653899944191422872480178719102686968892547272874075236499211041185949943152768524870303784521977157476E-7""}]",compared,522,1.8238363633934557604522652281057E-29,2.5287036529999796,input-d92a3ab118b3b7ee5d6870c8,d92a3ab118b3b7ee5d6870c86993597b933bb7792a6467a1642cfa5a2d6bdd67,512,7be644b0c9c150d2ad13945dfa07cbafc83d33430c857b29195a2344b15ec72d,7be644b0c9c150d2ad13945dfa07cbafc83d33430c857b29195a2344b15ec72d,4b75eadcc8d3e857d8c29ac2b4b9fd518e7ad061c26aa9daa515dcec3b214539,0.027183978204107603,1.425787566337481e-05,,,"[""s6/P1/M/w256/d61103/s1002/R/random"", ""s6/P2/M/w256/d61103/s1002/R/random""]","[""s6/confirm-M-w256-d61103-s1002-g05-random/e10""]",False,
input-d9f389c774a3c51aee21e034,d9f389c774a3c51aee21e03441c98700b2b4e835e08543836ef3887b963a16e2,512,aec7cff57191991ba3f1dfa4c2c047be85dddaa0226fb3217de73a1a7f997c17,aec7cff57191991ba3f1dfa4c2c047be85dddaa0226fb3217de73a1a7f997c17,979308f041e0ef5b694634ab38024e9e284497b175b741de32615ac91ed6415c,1.6733774371197305,0.026345399915073626,,,"[""s6/P4/U/w256/d61103/s1001/R/random""]","[""s6/confirm-U-w256-d61103-s1001-g00-random/e10""]",,,True,True,True,True,True,False,False,False,[],1.67337746239945772686041891574859619140625,1.6733774623994902570119992946520362282567736751885817430428189978347799948581127646555381696652281146307628772,1.673377437119730526404737247503362596035003662109375,0.026345399915073654306017101715417493013515785143767286232547694366945442711940121219647292780294023799043414055,0.026345399915073654306017101761944913515651547197587572125021660029351380989278141988979673587418389115009375631,0.026345399915073662253961215123666825926691972741913583577230042047154087727792500059076968561997108994507784141,-4.6527420502135762053820285892473965662405938277338020769332380807124365315965961576E-29,7.947944113361721912411040425544326011452208382017802706738514358070097294974578719879498408510E-18,-3.25301515803789034400368505236751885817430428189978347799948581127646555381696652281146307628772E-14,-2.52797597306072620471486736322217700130792067430428189978347799948581127646555381696652281146307628772E-8,0.30494921808734544427627018844746799793822704970720131686046413807300687265719008667299891805922882316096966431,1E-18,1E-12,0.000001,"[{""p"": ""1.6723774623994902570119992946520362282567736751885817430428189978347799948581127646555381696652281146307628772"", ""J"": ""0.026345412362690779097181277106372092999500704186935166149377394799937908568154582319890828965549405876282089049"", ""signed_gap"": ""1.2447617124791164175344427179483849156989347594024355734770586527578876440330911155378131016761272713418E-8""}, {""p"": ""1.6743774623994902570119992946520362282567736751885817430428189978347799948581127646555381696652281146307628772"", ""J"": ""0.026345412341230807523637754448605406306588966614541586523586695721007577564128073951110982505828754726021224820"", ""signed_gap"": ""1.2426157153217620652686660492790937419416954014398565035691656196574849931962131308918410365611011849189E-8""}]",compared,522,2.1605041550866885325797791136293E-29,3.3185617110000294,input-d9f389c774a3c51aee21e034,d9f389c774a3c51aee21e03441c98700b2b4e835e08543836ef3887b963a16e2,512,aec7cff57191991ba3f1dfa4c2c047be85dddaa0226fb3217de73a1a7f997c17,aec7cff57191991ba3f1dfa4c2c047be85dddaa0226fb3217de73a1a7f997c17,979308f041e0ef5b694634ab38024e9e284497b175b741de32615ac91ed6415c,1.6733774371197305,0.026345399915073626,,,"[""s6/P4/U/w256/d61103/s1001/R/random""]","[""s6/confirm-U-w256-d61103-s1001-g00-random/e10""]",False,
input-dc45d0322e13af45b4d5d559,dc45d0322e13af45b4d5d55903aedbe4fd749bd511669e8445b38f4e65bf6baa,512,aec7cff57191991ba3f1dfa4c2c047be85dddaa0226fb3217de73a1a7f997c17,aec7cff57191991ba3f1dfa4c2c047be85dddaa0226fb3217de73a1a7f997c17,ad7facb2586fc6e966c004d7d1d16b024f5805ff7cb47c7a85dabd8b48892ca7,,,no_adaptation,nonpositive_total_gain,"[""s6/P1/U/w256/d61103/s1001/R/random"", ""s6/P1/U/w256/d61211/s1001/R/random"", ""s6/P1/U/w256/d61319/s1001/R/random"", ""s6/P2/U/w128/d61103/s1001/R/random"", ""s6/P2/U/w128/d61211/s1001/R/random"", ""s6/P2/U/w128/d61319/s1001/R/random"", ""s6/P2/U/w256/d61103/s1001/R/random"", ""s6/P2/U/w256/d61211/s1001/R/random"", ""s6/P2/U/w256/d61319/s1001/R/random"", ""s6/P3/U/w128/d61103/s1001/R/random"", ""s6/P3/U/w128/d61211/s1001/R/random"", ""s6/P3/U/w128/d61319/s1001/R/random"", ""s6/P3/U/w256/d61103/s1001/R/random"", ""s6/P3/U/w256/d61211/s1001/R/random"", ""s6/P3/U/w256/d61319/s1001/R/random""]","[""s6/U-w128-d61103-s1001/e00"", ""s6/U-w128-d61211-s1001/e00"", ""s6/U-w128-d61319-s1001/e00"", ""s6/U-w256-d61103-s1001/e00"", ""s6/U-w256-d61211-s1001/e00"", ""s6/U-w256-d61319-s1001/e00""]",nonpositive_total_gain,nonpositive_total_gain,,,,,,,,False,[],,,,,,,,,,,,,,,[],guard,,,0.008760987000187015,input-dc45d0322e13af45b4d5d559,dc45d0322e13af45b4d5d55903aedbe4fd749bd511669e8445b38f4e65bf6baa,512,aec7cff57191991ba3f1dfa4c2c047be85dddaa0226fb3217de73a1a7f997c17,aec7cff57191991ba3f1dfa4c2c047be85dddaa0226fb3217de73a1a7f997c17,ad7facb2586fc6e966c004d7d1d16b024f5805ff7cb47c7a85dabd8b48892ca7,,,no_adaptation,nonpositive_total_gain,"[""s6/P1/U/w256/d61103/s1001/R/random"", ""s6/P1/U/w256/d61211/s1001/R/random"", ""s6/P1/U/w256/d61319/s1001/R/random"", ""s6/P2/U/w128/d61103/s1001/R/random"", ""s6/P2/U/w128/d61211/s1001/R/random"", ""s6/P2/U/w128/d61319/s1001/R/random"", ""s6/P2/U/w256/d61103/s1001/R/random"", ""s6/P2/U/w256/d61211/s1001/R/random"", ""s6/P2/U/w256/d61319/s1001/R/random"", ""s6/P3/U/w128/d61103/s1001/R/random"", ""s6/P3/U/w128/d61211/s1001/R/random"", ""s6/P3/U/w128/d61319/s1001/R/random"", ""s6/P3/U/w256/d61103/s1001/R/random"", ""s6/P3/U/w256/d61211/s1001/R/random"", ""s6/P3/U/w256/d61319/s1001/R/random""]","[""s6/U-w128-d61103-s1001/e00"", ""s6/U-w128-d61211-s1001/e00"", ""s6/U-w128-d61319-s1001/e00"", ""s6/U-w256-d61103-s1001/e00"", ""s6/U-w256-d61211-s1001/e00"", ""s6/U-w256-d61319-s1001/e00""]",False,
input-dd97d378eab48482bc88f9f0,dd97d378eab48482bc88f9f0bc5e147d5ec725ca3f12ee78151896b529991bef,512,98959506fbf00a1a6db50907b92e993b4b6986ba3568c43a156a163f71f4c256,98959506fbf00a1a6db50907b92e993b4b6986ba3568c43a156a163f71f4c256,e3ba9f66b4f92cfb6d1bf4d9bed7fe2c32a742a52161c9fcb487909b7bd5310b,0.039824602871997905,3.7082661456942796e-05,,,"[""s6/P1/M/w128/d61211/s1003/R/random"", ""s6/P2/M/w128/d61211/s1003/R/random"", ""s6/P3/M/w128/d61211/s1003/R/random"", ""s6/P4/M/w128/d61211/s1003/R/random""]","[""s6/confirm-M-w128-d61211-s1003-g05-random/e20""]",,,True,True,True,True,True,False,False,False,[],0.03982460324141356977634131908416748046875,0.039824603241783157940760547237663615796125192304728471385313272499137265193871778261792479210433422501581497143,0.039824602871997905051415500565781258046627044677734375,0.000037082661456942634129021030114043956606628488615248315441565713383852780342612022599175337511820598529876024264,0.000037082661456942634128985936137777778486742655098771864758163340192718986969866955531002043999576696411212469721,0.000037082661456942685241937225271452873876117976675927002414028603778771161561601758844489392895864786311738815109,3.5093976266178119885833516476450683402373191133793372745067068173293512243902118663554543E-26,5.1112951289133675095389375321577155137655865263586052174591734803313487348896288089900526345388E-20,-3.69588164419228153496135327375192304728471385313272499137265193871778261792479210433422501581497143E-13,-3.69785252889345046671882357749498147626994096385313272499137265193871778261792479210433422501581497143E-10,0.28927025902318447648750363616585439927913772305657480045224099542418338944197942683137393906947327267950034071,1E-18,1E-12,0.000001,"[{""p"": ""0.038824603241783157940760547237663615796125192304728471385313272499137265193871778261792479210433422501581497143"", ""J"": ""0.000037456626107238070514574561658934259478485599407651041835226360598818833317995100155222418218981632838164179803"", ""signed_gap"": ""3.73964650295436385588625521156480991742944308879177077063020406099846348128144624220374219404936426951710082E-7""}, {""p"": ""0.040824603241783157940760547237663615796125192304728471385313272499137265193871778261792479210433422501581497143"", ""J"": ""0.000037456516669124730098727457646089757703757681811022178216795793753588327102124741010962913516222188105958650598"", ""signed_gap"": ""3.73855212182095969741521508311979217015026712250313458632453560869340132257785479960869516645491694746180877E-7""}]",compared,522,2.1837293108529840698880217067707E-29,2.7305076990001,input-dd97d378eab48482bc88f9f0,dd97d378eab48482bc88f9f0bc5e147d5ec725ca3f12ee78151896b529991bef,512,98959506fbf00a1a6db50907b92e993b4b6986ba3568c43a156a163f71f4c256,98959506fbf00a1a6db50907b92e993b4b6986ba3568c43a156a163f71f4c256,e3ba9f66b4f92cfb6d1bf4d9bed7fe2c32a742a52161c9fcb487909b7bd5310b,0.039824602871997905,3.7082661456942796e-05,,,"[""s6/P1/M/w128/d61211/s1003/R/random"", ""s6/P2/M/w128/d61211/s1003/R/random"", ""s6/P3/M/w128/d61211/s1003/R/random"", ""s6/P4/M/w128/d61211/s1003/R/random""]","[""s6/confirm-M-w128-d61211-s1003-g05-random/e20""]",False,
input-de3b4cc5b8136f0c94d15bea,de3b4cc5b8136f0c94d15beaf5f65fa6377c1c9df5876f45fbdeec4d0a874543,512,7be644b0c9c150d2ad13945dfa07cbafc83d33430c857b29195a2344b15ec72d,7be644b0c9c150d2ad13945dfa07cbafc83d33430c857b29195a2344b15ec72d,17d360ec05238b9234d67d2eb6961ec83f38db670b4a8e39bfdc69d40fdb9584,0.5252634948980883,0.0021163883956033303,,,"[""s6/P1/U/w128/d61103/s1002/R/random""]","[""s6/confirm-U-w128-d61103-s1002-g04-random/e03""]",,,True,True,True,True,True,False,False,False,[],0.52526349364916313788853585720062255859375,0.52526349364973175244864593687685044350493454546791889845209246408733383146271827955887792856808535634802831025,0.5252634948980883233815575295011512935161590576171875,0.0021163883956033309058649553102264262533037826965856677827085620976888216205734745284893347148628947669723147994,0.0021163883956033309058649362125104355817956810715880821496384424619461295353482200155388407432867905080477835252,0.0021163883956033311155121755749930287595092896881183785834974898462567797300463739930925480550407499405214314914,1.90977159906715081016249975856330701196357426920852252545129504939715761042589245312742E-26,2.096472393624825931777136086165302964338590473843106501946981539775537073117539594324736479662E-19,-5.6861456011007967622788491118454546791889845209246408733383146271827955887792856808535634802831025E-13,1.24835657093291159262430085001122451214926860154790753591266616853728172044112207143191464365197168975E-9,0.094313468542918119623317343164228502438463472350912192511313499560010777056000938773266585867206263825209963559,1E-18,1E-12,0.000001,"[{""p"": ""0.52426349364973175244864593687685044350493454546791889845209246408733383146271827955887792856808535634802831025"", ""J"": ""0.0021165230997452164609420459476494409951780855150084905354239570188376035382316827414837676077484435877940295625"", ""signed_gap"": ""1.347041418855550771097351390054133824044434204083857855145568914740028834627259449268644616530797462460373E-7""}, {""p"": ""0.52626349364973175244864593687685044350493454546791889845209246408733383146271827955887792856808535634802831025"", ""J"": ""0.0021165226785215408427252044571536081770666802615757698643220350991217255246893866855826328475648104938059419688"", ""signed_gap"": ""1.342829182099368602682446431725952709991899876877146835926371755959893411666700437921042780199857581584436E-7""}]",compared,522,7.0185902886442769607722493424707E-30,3.1941525600000205,input-de3b4cc5b8136f0c94d15bea,de3b4cc5b8136f0c94d15beaf5f65fa6377c1c9df5876f45fbdeec4d0a874543,512,7be644b0c9c150d2ad13945dfa07cbafc83d33430c857b29195a2344b15ec72d,7be644b0c9c150d2ad13945dfa07cbafc83d33430c857b29195a2344b15ec72d,17d360ec05238b9234d67d2eb6961ec83f38db670b4a8e39bfdc69d40fdb9584,0.5252634948980883,0.0021163883956033303,,,"[""s6/P1/U/w128/d61103/s1002/R/random""]","[""s6/confirm-U-w128-d61103-s1002-g04-random/e03""]",False,
input-de4a49e4ad2dd0028cee027c,de4a49e4ad2dd0028cee027c12b01956eb30b4cd3e07960d5793b0fdd3c71c8f,512,98959506fbf00a1a6db50907b92e993b4b6986ba3568c43a156a163f71f4c256,98959506fbf00a1a6db50907b92e993b4b6986ba3568c43a156a163f71f4c256,d954dc98750865c9f05018e59eddfd11251ada7365e458079b274c1d24d75963,0.0371980191615499,4.0545699174763474e-05,,,"[""s6/P1/M/w64/d61319/s1003/R/random"", ""s6/P2/M/w64/d61319/s1003/R/random"", ""s6/P3/M/w64/d61319/s1003/R/random"", ""s6/P4/M/w64/d61319/s1003/R/random""]","[""s6/confirm-M-w64-d61319-s1003-g04-random/e30""]",,,True,True,True,True,True,False,False,False,[],0.03719801877878126106224954128265380859375,0.037198018779184803076178872841882967861741930300829393538350338819941201458862217960630364001060380558198132648,0.03719801916154989729346169724522042088210582733154296875,0.000040545699174763534644847915540603180715637944744369042430514227241729116285576961263355854254378705311577384777,0.000040545699174763534644792858804405447028810047807900061606414969091880553254288805113482277395847812171076885674,0.000040545699174763589318185071600768631607150447068878798520936183170920629867084715459559835229233152576073812982,5.5056736197733686827896936468980824099258149848563031288156149873576858530893140500499103E-26,5.4673392212796363184578340399260978736914521214079040076612795910346077557833385340404996927308E-20,-4.03542013929331559229159267991930300829393538350338819941201458862217960630364001060380558198132648E-13,3.82365094217282824403337453020363897030713575211649661180058798541137782039369635998939619441801867352E-10,0.29097855636352925811184839152024550551516219035601937585889245203689258736456753703033333320247879539350162141,1E-18,1E-12,0.000001,"[{""p"": ""0.036198018779184803076178872841882967861741930300829393538350338819941201458862217960630364001060380558198132648"", ""J"": ""0.000040919666182942780639309110866771399694131455022181134961363736842264057931597906214212606744407221896860622320"", ""signed_gap"": ""3.73967008179245994516252062365952665321407214281073354948767750383504677309101100730329348559409725783736646E-7""}, {""p"": ""0.038198018779184803076178872841882967861741930300829393538350338819941201458862217960630364001060380558198132648"", ""J"": ""0.000040919565821882049503333916103011260462648049129097424537561998483341236711846513810890162699965109001374474617"", ""signed_gap"": ""3.73866647118514858541057298605813433838001321197362931147029391460683457557708697407885304117296830297588943E-7""}]",compared,522,1.9987021010953801012721741963320E-29,2.763077560000056,input-de4a49e4ad2dd0028cee027c,de4a49e4ad2dd0028cee027c12b01956eb30b4cd3e07960d5793b0fdd3c71c8f,512,98959506fbf00a1a6db50907b92e993b4b6986ba3568c43a156a163f71f4c256,98959506fbf00a1a6db50907b92e993b4b6986ba3568c43a156a163f71f4c256,d954dc98750865c9f05018e59eddfd11251ada7365e458079b274c1d24d75963,0.0371980191615499,4.0545699174763474e-05,,,"[""s6/P1/M/w64/d61319/s1003/R/random"", ""s6/P2/M/w64/d61319/s1003/R/random"", ""s6/P3/M/w64/d61319/s1003/R/random"", ""s6/P4/M/w64/d61319/s1003/R/random""]","[""s6/confirm-M-w64-d61319-s1003-g04-random/e30""]",False,
input-dedcf198c7c25ddc9844e975,dedcf198c7c25ddc9844e975f3bd22a58f2a5802d8b72a60abd6872b651bf046,512,aec7cff57191991ba3f1dfa4c2c047be85dddaa0226fb3217de73a1a7f997c17,aec7cff57191991ba3f1dfa4c2c047be85dddaa0226fb3217de73a1a7f997c17,6e2c702ec33bebbcf0c4af1f08587c1b0aac476bb6c239334e68fbb7db4ced41,0.3992917293762156,0.0007193996106077376,,,"[""s6/P1/U/w64/d61103/s1001/R/random"", ""s6/P2/U/w64/d61103/s1001/R/random"", ""s6/P3/U/w64/d61103/s1001/R/random""]","[""s6/confirm-U-w64-d61103-s1001-g04-random/e10""]",,,True,True,True,True,True,False,False,False,[],0.39929173098380488227121531963348388671875,0.39929173098409735514249975413049728661232029701502824767135192317683192941882003306091802492567722595757334508,0.39929172937621559835719153852551244199275970458984375,0.00071939961060773735963399986113223404577140482114985382859209671108857931507225911779544880516200014427013167695,0.00071939961060773735963397511151146924432340182510492248949650143433921077472152163205565397122818525692699369934,0.00071939961060773785394722726077619444673102652748673130853617578259488874158088384024713039541539396716829461014,2.474962076480144800299604493133909559527674936854035073748573979483393381488734313797761E-26,4.9431325214926472520240762470238180881903967434825567796685936220819147642418720871024130091080E-19,-2.9247287128443449701339989357029701502824767135192317683192941882003306091802492567722595757334508E-13,-1.60788175678530821560498484461956059242518449767135192317683192941882003306091802492567722595757334508E-9,0.13459788208415815607520785659752775405059935154891272672481146466396035085410535421664869711607887525760566565,1E-18,1E-12,0.000001,"[{""p"": ""0.39829173098409735514249975413049728661232029701502824767135192317683192941882003306091802492567722595757334508"", ""J"": ""0.00071959108785890763464858372910569698901522249195340603252009212831842310294216400816027680556241655418913353037"", ""signed_gap"": ""1.9147725117027501460861759422774469182066684848354302359069397921232822064237610462283433423129726213983103E-7""}, {""p"": ""0.40029173098409735514249975413049728661232029701502824767135192317683192941882003306091802492567722595757334508"", ""J"": ""0.00071959050336062700719566252440819450541806347356136560043477617231690165485082639914850968002473956732289033527"", ""signed_gap"": ""1.9089275288964756168741289672526109466164845644311093827473797769088012930476709285570879655431039589663593E-7""}]",compared,522,4.8312006868271721662569445312488E-30,3.207829755000148,input-dedcf198c7c25ddc9844e975,dedcf198c7c25ddc9844e975f3bd22a58f2a5802d8b72a60abd6872b651bf046,512,aec7cff57191991ba3f1dfa4c2c047be85dddaa0226fb3217de73a1a7f997c17,aec7cff57191991ba3f1dfa4c2c047be85dddaa0226fb3217de73a1a7f997c17,6e2c702ec33bebbcf0c4af1f08587c1b0aac476bb6c239334e68fbb7db4ced41,0.3992917293762156,0.0007193996106077376,,,"[""s6/P1/U/w64/d61103/s1001/R/random"", ""s6/P2/U/w64/d61103/s1001/R/random"", ""s6/P3/U/w64/d61103/s1001/R/random""]","[""s6/confirm-U-w64-d61103-s1001-g04-random/e10""]",False,
input-df444a85ee9a66a72f233616,df444a85ee9a66a72f233616b19cf989a877255ad8656700f31f1f3143ed049b,512,c89e77c654eaf6bb5186b57235d9f7044dbc61288842163a04ff3029e9759317,c89e77c654eaf6bb5186b57235d9f7044dbc61288842163a04ff3029e9759317,f31bb2ba93e1c6dbc1ff4a3815b9a5c2ac18c0c174ec409cb834574ece1e1ccf,0.043639492686064416,8.06194816264743e-05,,,"[""s5/single/M/w64/d55049/s803/R/random""]","[""s5/confirm-M-w64-d55049-s803-g04-random/e30""]",,,True,True,True,True,True,False,False,False,[],0.04363949339813188998959958553314208984375,0.043639493397529739287872637215417757439143246709602341559571610577505412120032802325791279591116443645852452909,0.04363949268606441556084263311277027241885662078857421875,0.000080619481626473802620345317234434506882415229344312704062541904364542156946750041828956001010420088549859541961,0.000080619481626473802620292486634094219748775790733658880321003553298437821508345633762575158343600881938844693857,0.000080619481626474002772287183663150730696530125252158785763712764858554198973167189183323960546515688174202607240,5.2830600340287133639438610653823741538351066104335438404408066380842666819206611014848104E-26,2.00151994697029056510947754334518499905442709211560116377464821555420748802202914806235357913383E-19,6.02150701726948317724332404606753290397658440428389422494587879967197674208720408883556354147547091E-13,-7.11465323727030004102647485020286625921028122809571610577505412120032802325791279591116443645852452909E-10,0.27953769735159124849854136700975045018680643437237874585706592850122489306292294974152213919143959289450730261,1E-18,1E-12,0.000001,"[{""p"": ""0.042639493397529739287872637215417757439143246709602341559571610577505412120032802325791279591116443645852452909"", ""J"": ""0.000081014744352681923622812945981493681938899412061308666014887336105371224070528102859307048463040417714581288484"", ""signed_gap"": ""3.95262726208121002520459347399462190123621327649785693883782806933402562182469096731890119439535775736594627E-7""}, {""p"": ""0.044639493397529739287872637215417757439143246709602341559571610577505412120032802325791279591116443645852452909"", ""J"": ""0.000081014624081041086250135420010332627374860256253732163424909837775428005455523163349464099621150091893908334293"", ""signed_gap"": ""3.95142454567283629842933376238407626084465520073283103906284476990183947177529586888941277549209955063640436E-7""}]",compared,522,1.3945820128948379851283098110273E-29,2.7607818680000946,input-df444a85ee9a66a72f233616,df444a85ee9a66a72f233616b19cf989a877255ad8656700f31f1f3143ed049b,512,c89e77c654eaf6bb5186b57235d9f7044dbc61288842163a04ff3029e9759317,c89e77c654eaf6bb5186b57235d9f7044dbc61288842163a04ff3029e9759317,f31bb2ba93e1c6dbc1ff4a3815b9a5c2ac18c0c174ec409cb834574ece1e1ccf,0.043639492686064416,8.06194816264743e-05,,,"[""s5/single/M/w64/d55049/s803/R/random""]","[""s5/confirm-M-w64-d55049-s803-g04-random/e30""]",False,
input-df9ad7f5e54835fb35f6f8f8,df9ad7f5e54835fb35f6f8f823b9821897d4d944c89fdb8b4b2311d93d453471,512,8ca39088cd76bee65172a39c25eb65f738d4bd52f86a0d1b78206a06d4f703a0,8ca39088cd76bee65172a39c25eb65f738d4bd52f86a0d1b78206a06d4f703a0,360a7e4e5d1b04a8c025c8a1566e7470aad653a8444741006e75a367693c9633,0.09842563471051033,0.00019300628362712075,,,"[""s4-fixed30-M-w128-d41843-s601""]","[""s4/confirm-M-w128-d41843-s601-g00-random/e30""]",,,True,True,True,True,True,False,False,False,[],0.09842563511710977763868868350982666015625,0.09842563511734225502459367283029351339746379136912549820129264338923586034703883574886343503965228127656442334,0.0984256347105103290839878127371775917708873748779296875,0.00019300628362712095412096291176877902904868429314585447008675099149923198647464907051537668445928778548243659423,0.00019300628362712095412095528027137530495307897799147889293715650445163221206005511541261422133972217947468565579,0.00019300628362712101838660343656419479045522184365680818329147633163814970101021842991679635567562606356513575514,7.63149740372409560531515437557714959448704759977441459395510276246311956560600775093844E-27,6.426564815629281948550214286566532929035431982718651748895016331450418213433590388409045009935E-20,-2.3247738590498932046685324121379136912549820129264338923586034703883574886343503965228127656442334E-13,-4.0683192594060586009311592162657641649119581070129264338923586034703883574886343503965228127656442334E-10,0.24208472028720041027443930577169826618862128620118836487993484500769397005508622093876592359712205303528753148,1E-18,1E-12,0.000001,"[{""p"": ""0.09742563511734225502459367283029351339746379136912549820129264338923586034703883574886343503965228127656442334"", ""J"": ""0.00019339490338702226382055235387334766241194408576326591455147532919148483172210917314916486963517883715180922015"", ""signed_gap"": ""3.8861975990130969959707360197235745886510777178702161431882473985261966205405773655064829545665767712356436E-7""}, {""p"": ""0.09942563511734225502459367283029351339746379136912549820129264338923586034703883574886343503965228127656442334"", ""J"": ""0.00019339451215325346327486785856810998113833510941682922324844175300795255153093314934695117107922439804553517206"", ""signed_gap"": ""3.8822852613250915391257829673467618525613142535033031128524855632033947087803393433694973950221857084951627E-7""}]",compared,522,1.4337511844001927131024356514475E-29,2.960461776000102,input-df9ad7f5e54835fb35f6f8f8,df9ad7f5e54835fb35f6f8f823b9821897d4d944c89fdb8b4b2311d93d453471,512,8ca39088cd76bee65172a39c25eb65f738d4bd52f86a0d1b78206a06d4f703a0,8ca39088cd76bee65172a39c25eb65f738d4bd52f86a0d1b78206a06d4f703a0,360a7e4e5d1b04a8c025c8a1566e7470aad653a8444741006e75a367693c9633,0.09842563471051033,0.00019300628362712075,,,"[""s4-fixed30-M-w128-d41843-s601""]","[""s4/confirm-M-w128-d41843-s601-g00-random/e30""]",False,
input-e34e45870b21046262f0f66e,e34e45870b21046262f0f66e96b43d8f3bef5c59f77d82b95aef61518843e276,512,98959506fbf00a1a6db50907b92e993b4b6986ba3568c43a156a163f71f4c256,98959506fbf00a1a6db50907b92e993b4b6986ba3568c43a156a163f71f4c256,1d48a1cf70152364a95645f21cac2e503822d9087af27708949031e0e12bd3b5,0.9089352019156891,0.0011496747867485023,,,"[""s6/P1/U/w128/d61319/s1003/R/random""]","[""s6/confirm-U-w128-d61319-s1003-g04-random/e03""]",,,True,True,True,True,True,False,False,False,[],0.90893520016788897919468581676483154296875,0.9089352001674039126603490038774975835516054603708354698432389764615223435851247438449297579396353355593861323,0.90893520191568910604473785497248172760009765625,0.0011496747867485039184104014256630883831289790023406407683094264886314587254138872781261180271509706280050221181,0.0011496747867485039184103952456233817829983058063817961586693850639342637929563619515609081189519335788898260073,0.0011496747867485040786102697249368900584728379514816177951119755251535887076636942197022697165558917622962026182,6.1800397066001306731959588446096400414246971949324575253265652099081990370491151961108E-27,1.601998744793135082754745321450998216364425904612193249147073322681413615976039581834063766109E-19,4.850665343368128873339594171445396291645301567610235384776564148752561550702420603646644406138677E-13,1.7482851933843888510949841440484921958791645301567610235384776564148752561550702420603646644406138677E-9,0.15234706645345983527492383712767802914488918758645548746661986155226032735844102143255009309059650595739255170,1E-18,1E-12,0.000001,"[{""p"": ""0.9079352001674039126603490038774975835516054603708354698432389764615223435851247438449297579396353355593861323"", ""J"": ""0.0011497272783307994735543595845402887016449512450138306651484694606039400363839476198269802617272914177862503261"", ""signed_gap"": ""5.24915822955551439643389169069186466454386320345064790843966696762434275856682660721427753578388964243188E-8""}, {""p"": ""0.9099352001674039126603490038774975835516054603708354698432389764615223435851247438449297579396353355593861323"", ""J"": ""0.0011497271354734258523759108742227064510447828212216876170614327849834487632864794041442214387297520491422908102"", ""signed_gap"": ""5.23487249219339655156285993246680464770148398914583920477210491849703301174525833133197778184702524648029E-8""}]",compared,522,1.2540484651593948429436798080314E-29,3.282403526000053,input-e34e45870b21046262f0f66e,e34e45870b21046262f0f66e96b43d8f3bef5c59f77d82b95aef61518843e276,512,98959506fbf00a1a6db50907b92e993b4b6986ba3568c43a156a163f71f4c256,98959506fbf00a1a6db50907b92e993b4b6986ba3568c43a156a163f71f4c256,1d48a1cf70152364a95645f21cac2e503822d9087af27708949031e0e12bd3b5,0.9089352019156891,0.0011496747867485023,,,"[""s6/P1/U/w128/d61319/s1003/R/random""]","[""s6/confirm-U-w128-d61319-s1003-g04-random/e03""]",False,
input-e3a3a9132fcc5f089e48ec2f,e3a3a9132fcc5f089e48ec2f163edcddf5c5cdfe23ceaa6b7ae1791acd7a174e,512,8ca39088cd76bee65172a39c25eb65f738d4bd52f86a0d1b78206a06d4f703a0,8ca39088cd76bee65172a39c25eb65f738d4bd52f86a0d1b78206a06d4f703a0,b35d12cb31ace5c9f99a7bd823d3f4de999049e969c742718bac589162056e3c,0.13365931435195266,5.393196989584956e-05,,,"[""s4-fixed30-M-w256-d43997-s601""]","[""s4/confirm-M-w256-d43997-s601-g00-random/e30""]",,,True,True,True,True,True,False,False,False,[],0.13365931409543918562121689319610595703125,0.13365931409585725610410893915308566285460878685552470378722763273321418108281844105495941142965589903700077730,0.133659314351952662747180511360056698322296142578125,0.000053931969895849548503912723992855732159458202421659100275060974273407428451791064877735568811927174181722702834,0.000053931969895849548503906753059632297517373706735022534839773350130787928867097006454822138670486441831260694137,0.000053931969895849573578869386912064918043946655008630079872305319585465841065840836771661191421408632718717330361,5.970933223434642084495686636565435287624142619499584694058422913430141440732350462008697E-27,2.5074962633852432620526572948273607545032531969454677912198743830316839052750922190887456636224E-20,-4.1807048289204595697970582335878685552470378722763273321418108281844105495941142965589903700077730E-13,2.5609540664307157220697103546768735572260029621277236726678581891718155894504058857034410096299922270E-10,0.23350416934889105993658207883046967676613881570134769806599782724109600343394455841507124742306764603691667771,1E-18,1E-12,0.000001,"[{""p"": ""0.13265931409585725610410893915308566285460878685552470378722763273321418108281844105495941142965589903700077730"", ""J"": ""0.000054313977093932435892267271655970270144422231248669748076135563812594768241850785478857088544437570868744571855"", ""signed_gap"": ""3.82007198082887388360518596337972627048524513647213236362213681806839374753779024034949873951129037483877718E-7""}, {""p"": ""0.13465931409585725610410893915308566285460878685552470378722763273321418108281844105495941142965589903700077730"", ""J"": ""0.000054313483946442264996486036862246819957471963233923627158235283571729860759808192177312967569382358156462362992"", ""signed_gap"": ""3.81514050592716492579283802614522440098256498901092318461933440941931892711185722490828898895916325201668855E-7""}]",compared,522,1.4258547824115387532503758811734E-29,3.0206878389999474,input-e3a3a9132fcc5f089e48ec2f,e3a3a9132fcc5f089e48ec2f163edcddf5c5cdfe23ceaa6b7ae1791acd7a174e,512,8ca39088cd76bee65172a39c25eb65f738d4bd52f86a0d1b78206a06d4f703a0,8ca39088cd76bee65172a39c25eb65f738d4bd52f86a0d1b78206a06d4f703a0,b35d12cb31ace5c9f99a7bd823d3f4de999049e969c742718bac589162056e3c,0.13365931435195266,5.393196989584956e-05,,,"[""s4-fixed30-M-w256-d43997-s601""]","[""s4/confirm-M-w256-d43997-s601-g00-random/e30""]",False,
input-e5b020ed45d012ed2636c87f,e5b020ed45d012ed2636c87f9389987e6cacd4bcec4d7739bb5d40e7c9102d93,512,c89e77c654eaf6bb5186b57235d9f7044dbc61288842163a04ff3029e9759317,c89e77c654eaf6bb5186b57235d9f7044dbc61288842163a04ff3029e9759317,b309d0e5c812ea628a195aaff0396f683846d3492e0384996da59f2d9bfb73ac,0.026684529599136975,3.390174347510933e-05,,,"[""s5/single/M/w256/d55049/s803/R/random""]","[""s5/confirm-M-w256-d55049-s803-g05-random/e10""]",,,True,True,True,True,True,False,False,False,[],0.02668452997613712796010076999664306640625,0.026684529975880943152226897335938621921958477574355980928111736741113210258095576280895939547292559661138237237,0.026684529599136974642448194572352804243564605712890625,0.000033901743475109084218523409747616184504961294619884127791980936450466223617820929536698802553828049964616136004,0.000033901743475109084218538205030649702572668983869422154805670631849153921740709482574513030449037870979924622828,0.000033901743475109140832777297588025241770684349717800927209506989462781730176609854435685568936860943938849379369,-1.4795283033518067707689249538027013689695398687698122888553037814227895209821015308486824E-26,5.6614239092557375539198015365848378772403836357613627808435900371861172538487823072958924756541E-20,2.56184807873872660704444484291522425644019071888263258886789741904423719104060452707440338861762763E-13,-3.76743968509778702763585817678393871861465355928111736741113210258095576280895939547292559661138237237E-10,0.29039163460502493439980193365711712564321172331774238314903333587795720997306025581197761876175404152072264509,1E-18,1E-12,0.000001,"[{""p"": ""0.025684529975880943152226897335938621921958477574355980928111736741113210258095576280895939547292559661138237237"", ""J"": ""0.000034300220019555686773256350944928486913685158141406195402821731678500021325089009444529644264201083086458474516"", ""signed_gap"": ""3.98476544446602554718145914278784341016174271984040597151099829346099584379526870016613815163212106533851688E-7""}, {""p"": ""0.027684529975880943152226897335938621921958477574355980928111736741113210258095576280895939547292559661138237237"", ""J"": ""0.000034300160302082075951692322786219637587707383467394479755900255252825890456973573093276115502340477777729248092"", ""signed_gap"": ""3.98416826972991733154117755569935015038399597972324950229623403671968716264090518763085053302606797804625264E-7""}]",compared,522,2.2006704282815393382412784013658E-29,2.5458212319999802,input-e5b020ed45d012ed2636c87f,e5b020ed45d012ed2636c87f9389987e6cacd4bcec4d7739bb5d40e7c9102d93,512,c89e77c654eaf6bb5186b57235d9f7044dbc61288842163a04ff3029e9759317,c89e77c654eaf6bb5186b57235d9f7044dbc61288842163a04ff3029e9759317,b309d0e5c812ea628a195aaff0396f683846d3492e0384996da59f2d9bfb73ac,0.026684529599136975,3.390174347510933e-05,,,"[""s5/single/M/w256/d55049/s803/R/random""]","[""s5/confirm-M-w256-d55049-s803-g05-random/e10""]",False,
input-e883611382b5a2fcc6ad5118,e883611382b5a2fcc6ad511852461a1c85491a4f99fdac846a92e4cd1a05df00,512,64d79b2736758b25c1c5c2ff642dc9c7b30eafec3eabc5047d3a48be209bd01a,64d79b2736758b25c1c5c2ff642dc9c7b30eafec3eabc5047d3a48be209bd01a,8387e22927a2e1a7f40dd4ac260e0d468c03118de4db030faa86dd8ca6b73c4f,1.9802907053601997,0.34411644364292915,,,"[""s4-fixed30-U-w256-d43997-s603""]","[""s4/confirm-U-w256-d43997-s603-g00-random/e30""]",,,True,True,True,True,True,False,False,False,[],1.98029056862515062675811350345611572265625,1.9802905686250765169005872476568617791053451432993744929206880898898900263182185427910354538861049655363738600,1.98029070536019968784557931940071284770965576171875,0.34411644364292923387779858215245322471140361861092354657358700995453726140116680345824499638328905231815836410,0.34411644364292923387779858230536455408331641920686490506826746453774332608113713004784327795876269699425882730,0.34411644364292941388142925804062709575015632844281382616345927482945943288670804695436341484861409458551823969,-1.5291132937191280059594135849468045458320606467997032658959828157547364467610046320E-28,1.8000363067573526254166683990923594892109519181029171610680557091690652013688985139759125941239E-16,7.41098575262557992539435509048567006255070793119101101099736817814572089645461138950344636261400E-14,1.367351231709449920717438510686043106184193755070793119101101099736817814572089645461138950344636261400E-7,0.61667038872714295253616646457219651703635240442378713492665041210174263695990734461169842076383150912063027894,1E-18,1E-12,0.000001,"[{""p"": ""1.9792905686250765169005872476568617791053451432993744929206880898898900263182185427910354538861049655363738600"", ""J"": ""0.34411645327928732200199378321836434899241215499013395303682432740578142992893290779600041615701479998173729701"", ""signed_gap"": ""9.63635808812419520091299979490909573578326904796855686286803810384779577774815713819825210298747846971E-9""}, {""p"": ""1.9812905686250765169005872476568617791053451432993744929206880898898900263182185427910354538861049655363738600"", ""J"": ""0.34411645326196162987223175011650510482252459957657200744669399741545296005424412691754242055472759979937359412"", ""signed_gap"": ""9.61903239599443316781114055073920818036970710237842653287770963397310699686969914259596490280511476682E-9""}]",compared,522,3.9739056916246589502065470748465E-29,3.3210775609999246,input-e883611382b5a2fcc6ad5118,e883611382b5a2fcc6ad511852461a1c85491a4f99fdac846a92e4cd1a05df00,512,64d79b2736758b25c1c5c2ff642dc9c7b30eafec3eabc5047d3a48be209bd01a,64d79b2736758b25c1c5c2ff642dc9c7b30eafec3eabc5047d3a48be209bd01a,8387e22927a2e1a7f40dd4ac260e0d468c03118de4db030faa86dd8ca6b73c4f,1.9802907053601997,0.34411644364292915,,,"[""s4-fixed30-U-w256-d43997-s603""]","[""s4/confirm-U-w256-d43997-s603-g00-random/e30""]",False,
input-e89787ef512e808bd3d60471,e89787ef512e808bd3d60471d06e8761abfdd9accefb5e4b8fa45b07ce9cc7cc,512,98959506fbf00a1a6db50907b92e993b4b6986ba3568c43a156a163f71f4c256,98959506fbf00a1a6db50907b92e993b4b6986ba3568c43a156a163f71f4c256,54a331fbc21004d5010bed591f28c5f92bfc6a40d3bdb70cc805b98461ad93c9,0.20711030540637781,0.0014139528966757968,,,"[""s6/P1/U/w64/d61103/s1003/R/random"", ""s6/P2/U/w64/d61103/s1003/R/random"", ""s6/P3/U/w64/d61103/s1003/R/random""]","[""s6/confirm-U-w64-d61103-s1003-g04-random/e10""]",,,True,True,True,True,True,False,False,False,[],0.20711030588745416025631129741668701171875,0.20711030588756919054422969013871696805996464247709447174844007854091837371687177064515389701520541013469024514,0.207110305406377814829710359845194034278392791748046875,0.0014139528966757968771813087796328414794244605213410227501933707735745265443055283104748893872510444073531984050,0.0014139528966757968771813088070033067240429792271947817445212081945366147790935907397698659392496937138472189824,0.0014139528966757969476068102448229172085766618873428214909190757430916829050341217883260339399003617578684839263,-2.73704652446185187058537589943278374209620882347880624292949765519986493064940205774E-29,7.04255014378196104845336826601480397463978675485550681259405310485561680006506680440212649439E-20,-1.1503028791839272202995634121464247709447174844007854091837371687177064515389701520541013469024514E-13,-4.8119137571451933029352293378157185072904759674844007854091837371687177064515389701520541013469024514E-10,0.19379311866177648932284268776767919907382213613401221926896899029022443593017214548439165828468731616376716325,1E-18,1E-12,0.000001,"[{""p"": ""0.20611030588756919054422969013871696805996464247709447174844007854091837371687177064515389701520541013469024514"", ""J"": ""0.0014142573706263397722061422843394636032603845536493371589091840616327323807266344730615691710321134402726823068"", ""signed_gap"": ""3.044739505428950248334773361568792174053264545554143879758670961176016330437332917032317824197264254633244E-7""}, {""p"": ""0.20811030588756919054422969013871696805996464247709447174844007854091837371687177064515389701520541013469024514"", ""J"": ""0.0014142568777090581149965110795422466472357771088844463370512986384632219609114005735476220586607580371781951946"", ""signed_gap"": ""3.039810332612378152022725389399231927978816896645925300904439266071818178098337777561194110643233309762122E-7""}]",compared,522,4.0582853810697704077450619420792E-30,3.1109498410000924,input-e89787ef512e808bd3d60471,e89787ef512e808bd3d60471d06e8761abfdd9accefb5e4b8fa45b07ce9cc7cc,512,98959506fbf00a1a6db50907b92e993b4b6986ba3568c43a156a163f71f4c256,98959506fbf00a1a6db50907b92e993b4b6986ba3568c43a156a163f71f4c256,54a331fbc21004d5010bed591f28c5f92bfc6a40d3bdb70cc805b98461ad93c9,0.20711030540637781,0.0014139528966757968,,,"[""s6/P1/U/w64/d61103/s1003/R/random"", ""s6/P2/U/w64/d61103/s1003/R/random"", ""s6/P3/U/w64/d61103/s1003/R/random""]","[""s6/confirm-U-w64-d61103-s1003-g04-random/e10""]",False,
input-e8aa7aba43ba690ae3034152,e8aa7aba43ba690ae30341521ae7b48aa551beaafde1d32a6296bffc08828725,512,aec7cff57191991ba3f1dfa4c2c047be85dddaa0226fb3217de73a1a7f997c17,aec7cff57191991ba3f1dfa4c2c047be85dddaa0226fb3217de73a1a7f997c17,b9bb64d99af4ada4cedffbd5ff5e86f021a3340819ca7558208409291a3341c6,0.03701032502217583,7.847663969233869e-05,,,"[""s6/P1/M/w128/d61319/s1001/R/random"", ""s6/P2/M/w128/d61319/s1001/R/random"", ""s6/P3/M/w128/d61319/s1001/R/random"", ""s6/P4/M/w128/d61319/s1001/R/random""]","[""s6/confirm-M-w128-d61319-s1001-g05-random/e20""]",,,True,True,True,True,True,False,False,False,[],0.03701032466824472066946327686309814453125,0.037010324667869953359899864618343408350611589422380807620050776554281682356757631803600480607827933732488107785,0.03701032502217582731418588082306087017059326171875,0.000078476639692338902465312320089307464304285322890714014850221451500169042294053902115732615117991991326518841582,0.000078476639692338902465233999998573453823023158550710692962943231775301985447884205295904927071552824718165499512,0.000078476639692338953569288417683199350969788889269846786764786427799292826038485309933165872672346203485186382932,7.8320090734010481262164340003321887278219724867056846169696819827688046439166608353342070E-26,5.1104054417684625897146765730719136093801843196023990840590601104637260945600793378767020883420E-20,3.74767309563412244754736180638410577619192379949223445718317643242368196399519392172066267511892215E-13,3.54305873954286016204717461819981672296369192379949223445718317643242368196399519392172066267511892215E-10,0.28315459531455232830023708148118306828802936685968843831214797960807982342899068670237551691205958576737675116,1E-18,1E-12,0.000001,"[{""p"": ""0.036010324667869953359899864618343408350611589422380807620050776554281682356757631803600480607827933732488107785"", ""J"": ""0.000078883686659475541041102941373674560792298917652913631269065196303195631988425122990503193072281930567971878037"", ""signed_gap"": ""4.07046967136638575868941375101106969275759102202938306121964527893646540540917694598266000729105849806378525E-7""}, {""p"": ""0.038010324667869953359899864618343408350611589422380807620050776554281682356757631803600480607827933732488107785"", ""J"": ""0.000078883468002666329303474272478387931530621410887738460685748320760512207204463632533198676251035700785265954062"", ""signed_gap"": ""4.06828310327426838240272479814477707598252337027767722805088985210221756579427237293749179482876067100454550E-7""}]",compared,522,1.3680651920372277851139601882168E-29,2.782555988000013,input-e8aa7aba43ba690ae3034152,e8aa7aba43ba690ae30341521ae7b48aa551beaafde1d32a6296bffc08828725,512,aec7cff57191991ba3f1dfa4c2c047be85dddaa0226fb3217de73a1a7f997c17,aec7cff57191991ba3f1dfa4c2c047be85dddaa0226fb3217de73a1a7f997c17,b9bb64d99af4ada4cedffbd5ff5e86f021a3340819ca7558208409291a3341c6,0.03701032502217583,7.847663969233869e-05,,,"[""s6/P1/M/w128/d61319/s1001/R/random"", ""s6/P2/M/w128/d61319/s1001/R/random"", ""s6/P3/M/w128/d61319/s1001/R/random"", ""s6/P4/M/w128/d61319/s1001/R/random""]","[""s6/confirm-M-w128-d61319-s1001-g05-random/e20""]",False,
input-e8deaec2c15dbaaa54af82d0,e8deaec2c15dbaaa54af82d0a5c17b60a8095ff66ed5df01caf043dc1ca88b5a,512,c89e77c654eaf6bb5186b57235d9f7044dbc61288842163a04ff3029e9759317,c89e77c654eaf6bb5186b57235d9f7044dbc61288842163a04ff3029e9759317,ad7facb2586fc6e966c004d7d1d16b024f5805ff7cb47c7a85dabd8b48892ca7,,,no_adaptation,nonpositive_total_gain,"[""s5/single/U/w256/d52919/s803/R/random"", ""s5/single/U/w256/d55049/s803/R/random"", ""s5/single/U/w256/d57163/s803/R/random""]","[""s5/U-w256-d52919-s803/e00"", ""s5/U-w256-d55049-s803/e00"", ""s5/U-w256-d57163-s803/e00""]",nonpositive_total_gain,nonpositive_total_gain,,,,,,,,False,[],,,,,,,,,,,,,,,[],guard,,,0.00857747399982145,input-e8deaec2c15dbaaa54af82d0,e8deaec2c15dbaaa54af82d0a5c17b60a8095ff66ed5df01caf043dc1ca88b5a,512,c89e77c654eaf6bb5186b57235d9f7044dbc61288842163a04ff3029e9759317,c89e77c654eaf6bb5186b57235d9f7044dbc61288842163a04ff3029e9759317,ad7facb2586fc6e966c004d7d1d16b024f5805ff7cb47c7a85dabd8b48892ca7,,,no_adaptation,nonpositive_total_gain,"[""s5/single/U/w256/d52919/s803/R/random"", ""s5/single/U/w256/d55049/s803/R/random"", ""s5/single/U/w256/d57163/s803/R/random""]","[""s5/U-w256-d52919-s803/e00"", ""s5/U-w256-d55049-s803/e00"", ""s5/U-w256-d57163-s803/e00""]",False,
input-ea9146d467a6a652f849e8a0,ea9146d467a6a652f849e8a023f80282ca5b5aff04a26d680d83ec4bc04dadbc,512,6bbeba8b8b05a54fd4be98e5912ed700f1549c8e20b9c3076ea9b67b5546e9f9,6bbeba8b8b05a54fd4be98e5912ed700f1549c8e20b9c3076ea9b67b5546e9f9,24eb8bfda12d99db45741d0354b59f100567d7bda352f2309debe6912c48eee9,0.29805971661921904,0.0015488546930651278,,,"[""s5/single/U/w64/d57163/s802/R/random""]","[""s5/confirm-U-w64-d57163-s802-g04-random/e10""]",,,True,True,True,True,True,False,False,False,[],0.29805971709311052109114825725555419921875,0.29805971709264032529321325758538434536317881687446486050285492168781950026955104906878302714055803315241675712,0.29805971661921903947956025149323977530002593994140625,0.0015488546930651282024390100714845544120611644076988959354589991293082543971309329702894940836213349221224362460,0.0015488546930651282024389665582836230607655432924029170666757989102097815474292161829110646120645777480843168061,0.0015488546930651282580850374939661712030079105141754194612995508095398961607937434649494940565391554832558056284,4.35132009313512956211152959788687832002190984728497017167873784294715567571740381194399E-26,5.56460709356825481422423672217725023946237518993301146133645272820384294444745777351714888223E-20,4.7019579793499967016985385557118312553513949714507831218049973044895093121697285944196684758324288E-13,-4.7342128581365300609214457006315287693305861050285492168781950026955104906878302714055803315241675712E-10,0.14863977765036064561638242536841337107773977914616557423430908870707111281380865390774274488596870048671250194,1E-18,1E-12,0.000001,"[{""p"": ""0.29705971709264032529321325758538434536317881687446486050285492168781950026955104906878302714055803315241675712"", ""J"": ""0.0015491032495431357196608843191579085779760432794587931974647210614671349378927966583941114269490211715586223196"", ""signed_gap"": ""2.485564780075172219177608742855172104999870558761307889221512573533904635804754830468148844434234743055135E-7""}, {""p"": ""0.29905971709264032529321325758538434536317881687446486050285492168781950026955104906878302714055803315241675712"", ""J"": ""0.0015491025913251108181917382369004910956875528183888472757377171017245981375535981054008478762432730989405745604"", ""signed_gap"": ""2.478982599826157527716786168680349220095259859302090619181915148165901243819224897832641786953508562577543E-7""}]",compared,522,3.0858383590906504487768522554277E-30,3.241061130999924,input-ea9146d467a6a652f849e8a0,ea9146d467a6a652f849e8a023f80282ca5b5aff04a26d680d83ec4bc04dadbc,512,6bbeba8b8b05a54fd4be98e5912ed700f1549c8e20b9c3076ea9b67b5546e9f9,6bbeba8b8b05a54fd4be98e5912ed700f1549c8e20b9c3076ea9b67b5546e9f9,24eb8bfda12d99db45741d0354b59f100567d7bda352f2309debe6912c48eee9,0.29805971661921904,0.0015488546930651278,,,"[""s5/single/U/w64/d57163/s802/R/random""]","[""s5/confirm-U-w64-d57163-s802-g04-random/e10""]",False,
input-ebffbb9e573f4c7ea53fd8cb,ebffbb9e573f4c7ea53fd8cb9ff576bdab9929d82e4f19d5bbe92924710fefbf,512,7be644b0c9c150d2ad13945dfa07cbafc83d33430c857b29195a2344b15ec72d,7be644b0c9c150d2ad13945dfa07cbafc83d33430c857b29195a2344b15ec72d,11651327bb26d8516cc9e1f006dff2ed6f13b2f4082c861622e14089e9b308ba,0.02461709445595308,1.906946881518222e-05,,,"[""s6/P1/M/w256/d61211/s1002/R/random"", ""s6/P2/M/w256/d61211/s1002/R/random""]","[""s6/confirm-M-w256-d61211-s1002-g05-random/e10""]",,,True,True,True,True,True,False,False,False,[],0.02461709425961089436896145343780517578125,0.024617094259667640974192935064676248435859546154521147561661807092911733743070269216880121542725713605802628138,0.024617094455953079934484861723831272684037685394287109375,0.000019069468815182225968730238059189448033746478480496693989487273333472611616414128508181662369341015271452588392,0.000019069468815182225968723623815025826341804298727456491124127863118709083836184834937067405223727159104372781076,0.000019069468815182241097095727823030727748721629524049302630952363672484518071663899888170293152609871119443189358,6.614244163621691942179753040202865359410214763527780229293571114257145613856167079807316E-27,1.5128372104008004901406917330796592811506824500553775434235479064951102887928882712015070408282E-20,-5.6746605231481626871072654609546154521147561661807092911733743070269216880121542725713605802628138E-14,1.96285438960291926659155024248178139239765961813338192907088266256929730783119878457274286394197371862E-10,0.28980948789675805030401923450605916355854459649018621813525852771129719741865871653725813742345905219942606569,1E-18,1E-12,0.000001,"[{""p"": ""0.023617094259667640974192935064676248435859546154521147561661807092911733743070269216880121542725713605802628138"", ""J"": ""0.000019462657279973659835541313457744992680914842131918310627056360274614438496193027850980095905697514626631246511"", ""signed_gap"": ""3.93188464791433866817689642719166339110543404461819502928497155905354660008192913912690681970355522258465435E-7""}, {""p"": ""0.025617094259667640974192935064676248435859546154521147561661807092911733743070269216880121542725713605802628138"", ""J"": ""0.000019462558377908107518654915788652671688533786781483764009838008983868323359752041327209273716435878475388637342"", ""signed_gap"": ""3.93089562725881549931291973626845346729488054027272885710145865159239523567206390141868492708719371015856266E-7""}]",compared,522,1.5671283329704004275506865500963E-29,2.4856463300000087,input-ebffbb9e573f4c7ea53fd8cb,ebffbb9e573f4c7ea53fd8cb9ff576bdab9929d82e4f19d5bbe92924710fefbf,512,7be644b0c9c150d2ad13945dfa07cbafc83d33430c857b29195a2344b15ec72d,7be644b0c9c150d2ad13945dfa07cbafc83d33430c857b29195a2344b15ec72d,11651327bb26d8516cc9e1f006dff2ed6f13b2f4082c861622e14089e9b308ba,0.02461709445595308,1.906946881518222e-05,,,"[""s6/P1/M/w256/d61211/s1002/R/random"", ""s6/P2/M/w256/d61211/s1002/R/random""]","[""s6/confirm-M-w256-d61211-s1002-g05-random/e10""]",False,
input-edab14b5f52e5ed3ddd28c21,edab14b5f52e5ed3ddd28c2162572cd0b79ed9c7fd8565c132d4fa1a550b4135,512,98959506fbf00a1a6db50907b92e993b4b6986ba3568c43a156a163f71f4c256,98959506fbf00a1a6db50907b92e993b4b6986ba3568c43a156a163f71f4c256,70878da4e0a61696ccea284a3a7d359b8416e87d956c7645c4e3fd3864b26b1d,0.6190946107365929,0.0012848600926673678,,,"[""s6/P4/U/w256/d61103/s1003/R/random""]","[""s6/confirm-U-w256-d61103-s1003-g00-random/e10""]",,,True,True,True,True,True,False,False,False,[],0.61909461202367310761474072933197021484375,0.6190946120242570941325135410931166797201009763869779444880920735089445017460271010106518885113992156966366697,0.619094610736592887434426302206702530384063720703125,0.0012848600926673677569331692875629108252554431915429250735439156644638605977697423040667533013008802396738287396,0.0012848600926673677569331513234180153640104202579253915019103112230174285699032994218983921348966537907224548889,0.0012848600926673679349692054068992153837342221035105198716909441731138155132477599300767635891766718672229703774,1.79641448954612450229336175335716336044414464320278664428821683611664042264489513738507E-26,1.780360540834812000197238018455851283697806329500963869433444605081783714542800180765005154885E-19,-5.839865177728117611464648763509763869779444880920735089445017460271010106518885113992156966366697E-13,-1.2876642066980872388864141493360372556838529444880920735089445017460271010106518885113992156966366697E-9,0.090179675007935663143884903582357790309730146602247658089519036793658597033876951420595810937269351058571775680,1E-18,1E-12,0.000001,"[{""p"": ""0.6180946120242570941325135410931166797201009763869779444880920735089445017460271010106518885113992156966366697"", ""J"": ""0.0012849676556117194930369220037561621542136498579277055289262536514906652970102976488279993165638984862608715449"", ""signed_gap"": ""1.075629443517361037706803381467902032296000023140270159424284732367271069982269296071816672446955384166560E-7""}, {""p"": ""0.6200946120242570941325135410931166797201009763869779444880920735089445017460271010106518885113992156966366697"", ""J"": ""0.0012849673293955017324239665725457582906170721988642055954634125874825566462862198004389012343126058445325579985"", ""signed_gap"": ""1.072367281339754908152491277429266066519409388140935531013644651280763829203785405090994159520538101031096E-7""}]",compared,522,1.01549086378465069269056640954463E-29,3.2278674960000444,input-edab14b5f52e5ed3ddd28c21,edab14b5f52e5ed3ddd28c2162572cd0b79ed9c7fd8565c132d4fa1a550b4135,512,98959506fbf00a1a6db50907b92e993b4b6986ba3568c43a156a163f71f4c256,98959506fbf00a1a6db50907b92e993b4b6986ba3568c43a156a163f71f4c256,70878da4e0a61696ccea284a3a7d359b8416e87d956c7645c4e3fd3864b26b1d,0.6190946107365929,0.0012848600926673678,,,"[""s6/P4/U/w256/d61103/s1003/R/random""]","[""s6/confirm-U-w256-d61103-s1003-g00-random/e10""]",False,
input-ef736de052d3e65838074492,ef736de052d3e65838074492b31bbd0e060798419b903c22c97d9c518c520a7c,512,7be644b0c9c150d2ad13945dfa07cbafc83d33430c857b29195a2344b15ec72d,7be644b0c9c150d2ad13945dfa07cbafc83d33430c857b29195a2344b15ec72d,19be5a9b9b61f2d7f76165aa7610779381e76184536f1cd850450ce6e1d95bf3,0.040949587569581156,3.006732808165276e-05,,,"[""s6/P1/M/w64/d61211/s1002/R/random"", ""s6/P2/M/w64/d61211/s1002/R/random"", ""s6/P3/M/w64/d61211/s1002/R/random"", ""s6/P4/M/w64/d61211/s1002/R/random""]","[""s6/confirm-M-w64-d61211-s1002-g04-random/e30""]",,,True,True,True,True,True,False,False,False,[],0.04094958801806569681502878665924072265625,0.040949588017958954950521015518436809858259373726769573960423570101272052813178478641554991604167679809091985627,0.04094958756958115564383859918962116353213787078857421875,0.000030067328081652828542339278736536733974304807952070380943171640548683835107491010450042954995190687139694175273,0.000030067328081652828542327358921810881632860280706717447557464226840957727463507103129297848052598448403718368576,0.000030067328081652907025126877300701397681175007674638032186613247389179232581923716752899399360538523347633844625,1.1919814725852341444527245352933385707413707726107643983907320745106942592238735975806697E-26,7.8482799518378890516048314726967920584629149020548221505118416613623601551307940074943915476049E-20,1.06741864507771140803912797990626273230426039576429898727947186821521358445008395832320190908014373E-13,-4.48377799306682416328815646326121502938195355210423570101272052813178478641554991604167679809091985627E-10,0.28029698796824906472737747209010066776249948262996616825218594189605723154740955816641749350487305335655504283,1E-18,1E-12,0.000001,"[{""p"": ""0.039949588017958954950521015518436809858259373726769573960423570101272052813178478641554991604167679809091985627"", ""J"": ""0.000030457938520394998949313923883001462681194230203048048658616263648406114616334102333835652017661862044995383189"", ""signed_gap"": ""3.90610438742170406986564961190581048333949496330601101152036807448387152826999204537803965063413641277014613E-7""}, {""p"": ""0.041949588017958954950521015518436809858259373726769573960423570101272052813178478641554991604167679809091985627"", ""J"": ""0.000030457786385344792448533837555513583990002743862697814130103565374175375281389171011061051876961643814202502152"", ""signed_gap"": ""3.90458303691963906206478633702702357142463155980366572639338533217647817882067881763203824363195410484133576E-7""}]",compared,522,2.1820819538895242383278338717527E-29,2.695022995000045,input-ef736de052d3e65838074492,ef736de052d3e65838074492b31bbd0e060798419b903c22c97d9c518c520a7c,512,7be644b0c9c150d2ad13945dfa07cbafc83d33430c857b29195a2344b15ec72d,7be644b0c9c150d2ad13945dfa07cbafc83d33430c857b29195a2344b15ec72d,19be5a9b9b61f2d7f76165aa7610779381e76184536f1cd850450ce6e1d95bf3,0.040949587569581156,3.006732808165276e-05,,,"[""s6/P1/M/w64/d61211/s1002/R/random"", ""s6/P2/M/w64/d61211/s1002/R/random"", ""s6/P3/M/w64/d61211/s1002/R/random"", ""s6/P4/M/w64/d61211/s1002/R/random""]","[""s6/confirm-M-w64-d61211-s1002-g04-random/e30""]",False,
input-efd7000eb46a7106a5a78a2b,efd7000eb46a7106a5a78a2b5d9350aaf952643e25fdebf7d8c42ed15f919949,512,5ef925552bd2aed9bc8daee3dbe84404fd1da975c4197a0e355a73b80e2b6597,5ef925552bd2aed9bc8daee3dbe84404fd1da975c4197a0e355a73b80e2b6597,ad7facb2586fc6e966c004d7d1d16b024f5805ff7cb47c7a85dabd8b48892ca7,,,no_adaptation,nonpositive_total_gain,"[""s5/single/U/w256/d52919/s801/R/random"", ""s5/single/U/w256/d55049/s801/R/random"", ""s5/single/U/w256/d57163/s801/R/random""]","[""s5/U-w256-d52919-s801/e00"", ""s5/U-w256-d55049-s801/e00"", ""s5/U-w256-d57163-s801/e00""]",nonpositive_total_gain,nonpositive_total_gain,,,,,,,,False,[],,,,,,,,,,,,,,,[],guard,,,0.008898713999997199,input-efd7000eb46a7106a5a78a2b,efd7000eb46a7106a5a78a2b5d9350aaf952643e25fdebf7d8c42ed15f919949,512,5ef925552bd2aed9bc8daee3dbe84404fd1da975c4197a0e355a73b80e2b6597,5ef925552bd2aed9bc8daee3dbe84404fd1da975c4197a0e355a73b80e2b6597,ad7facb2586fc6e966c004d7d1d16b024f5805ff7cb47c7a85dabd8b48892ca7,,,no_adaptation,nonpositive_total_gain,"[""s5/single/U/w256/d52919/s801/R/random"", ""s5/single/U/w256/d55049/s801/R/random"", ""s5/single/U/w256/d57163/s801/R/random""]","[""s5/U-w256-d52919-s801/e00"", ""s5/U-w256-d55049-s801/e00"", ""s5/U-w256-d57163-s801/e00""]",False,
input-f11b63e34fd3c4477272e599,f11b63e34fd3c4477272e5990ebeb124c17ca5a617e5bf3b9f11a8aa4706a6b8,512,aec7cff57191991ba3f1dfa4c2c047be85dddaa0226fb3217de73a1a7f997c17,aec7cff57191991ba3f1dfa4c2c047be85dddaa0226fb3217de73a1a7f997c17,6ac6ebd243b491eec469f35c50a543e9baa213292668173e860ccbd865bfc675,0.0266687238961233,3.803182580778182e-05,,,"[""s6/P3/M/w256/d61319/s1001/R/random"", ""s6/P4/M/w256/d61319/s1001/R/random""]","[""s6/confirm-M-w256-d61319-s1001-g04-random/e10""]",,,True,True,True,True,True,False,False,False,[],0.02666872439158396446146070957183837890625,0.026668724391165959349438698086109330039410586155413893896443598677107398705179873284139145438716374178613029944,0.026668723896123298910953991480710101313889026641845703125,0.000038031825807781561796038612395551594859812797068068065633860411231218201406290307116852363203812825676011001871,0.000038031825807781561796047389518297314411532588634739294548507933311481328988346086026017722359602167334241673152,0.000038031825807781662482470675841891814972857214297012210618687253204711661576741486033491605386739332324784666174,-8.777122745719551719791566671228914647522080263127582055778909165359155789341658230671281E-27,1.00686423286323594500561324625662272916070179319893230332588395400007473883027137164990542993022E-19,4.18005112022011485729048866839413844586106103556401322892601294820126715860854561283625821386970056E-13,-4.95042660438484706605399228725521559513568190771443598677107398705179873284139145438716374178613029944E-10,0.29024245306856051640554857937199295468530641256758638290795100958249651083586889475605494649090308687101380408,1E-18,1E-12,0.000001,"[{""p"": ""0.025668724391165959349438698086109330039410586155413893896443598677107398705179873284139145438716374178613029944"", ""J"": ""0.000038442377663977623427312336475287025034463166956692115498358880134979775173298467589085025302756452749664588545"", ""signed_gap"": ""4.10551856196061631264946956989710622930578321952820949850946823498446184952381563067302943154285415422915393E-7""}, {""p"": ""0.027668724391165959349438698086109330039410586155413893896443598677107398705179873284139145438716374178613029944"", ""J"": ""0.000038442199067635119788822046464479935985731400973161511348554545966101341060699467472923799550492881062511315236"", ""signed_gap"": ""4.10373259853557992774656946182621574198812338422216800046612654620012072353381446906077190890713728269642084E-7""}]",compared,522,1.9731176340730575506163895687719E-29,2.5933888680001473,input-f11b63e34fd3c4477272e599,f11b63e34fd3c4477272e5990ebeb124c17ca5a617e5bf3b9f11a8aa4706a6b8,512,aec7cff57191991ba3f1dfa4c2c047be85dddaa0226fb3217de73a1a7f997c17,aec7cff57191991ba3f1dfa4c2c047be85dddaa0226fb3217de73a1a7f997c17,6ac6ebd243b491eec469f35c50a543e9baa213292668173e860ccbd865bfc675,0.0266687238961233,3.803182580778182e-05,,,"[""s6/P3/M/w256/d61319/s1001/R/random"", ""s6/P4/M/w256/d61319/s1001/R/random""]","[""s6/confirm-M-w256-d61319-s1001-g04-random/e10""]",False,
input-f14a90f65ee64f20afeb0b60,f14a90f65ee64f20afeb0b607cececc8241bb98eed97f726063b66b0733318a4,512,5ef925552bd2aed9bc8daee3dbe84404fd1da975c4197a0e355a73b80e2b6597,5ef925552bd2aed9bc8daee3dbe84404fd1da975c4197a0e355a73b80e2b6597,61caaa2d488fe0573a4169123846cda87a5267be6d8f1a099195999167063c46,0.03818205753416082,5.782422105175038e-05,,,"[""s5/single/M/w128/d55049/s801/R/random""]","[""s5/confirm-M-w128-d55049-s801-g05-random/e20""]",,,True,True,True,True,True,False,False,False,[],0.03818205781090000527910888195037841796875,0.038182057810458087443557310473729957830035403411339615035363710274867088584049659141234192421542737119855426366,0.03818205753416081815743154947995208203792572021484375,0.000057824221051750345626090278843076216323976981914374643593334556219327573272051704996036018541410188694810259729,0.000057824221051750345626093375521822507490547623487698871001474158186928517459743769999065186906350962306537815543,0.000057824221051750375458096097034786912931753766582708251741769431543221319597179874671288981956578921276425753834,-3.096678746291166570641573324227408139601967600944187692065003029168364940773611727555814E-27,2.9832002721512964405441206143095009380740295273356292802137436104672223795050227958969887938291E-20,4.41917835551571476648460138714596588660384964636289725132911415950340858765807578457262880144573634E-13,-2.76297269286125760993777875792109683196495865035363710274867088584049659141234192421542737119855426366E-10,0.28680963987229356393579852448310863426882603729587663550045273772626081788522320249325582803905537650206004339,1E-18,1E-12,0.000001,"[{""p"": ""0.037182057810458087443557310473729957830035403411339615035363710274867088584049659141234192421542737119855426366"", ""J"": ""0.000058214410096305517444011449387426682999084742058087312862889568129117300952803435338854132200553984639970219477"", ""signed_gap"": ""3.90189044555171817918073865604175508537118570388441861415409942188783493059665339788945294203022333432403934E-7""}, {""p"": ""0.039182057810458087443557310473729957830035403411339615035363710274867088584049659141234192421542737119855426366"", ""J"": ""0.000058214286516806089868752219614087576058876417486773990616826072846442435513997810100880847669892952020519079527"", ""signed_gap"": ""3.90065465055744242658844092265068568328793999075119615351914659513918054254040101815660763541989713981263984E-7""}]",compared,522,1.3879365002605748892469850276873E-29,2.6776659479999125,input-f14a90f65ee64f20afeb0b60,f14a90f65ee64f20afeb0b607cececc8241bb98eed97f726063b66b0733318a4,512,5ef925552bd2aed9bc8daee3dbe84404fd1da975c4197a0e355a73b80e2b6597,5ef925552bd2aed9bc8daee3dbe84404fd1da975c4197a0e355a73b80e2b6597,61caaa2d488fe0573a4169123846cda87a5267be6d8f1a099195999167063c46,0.03818205753416082,5.782422105175038e-05,,,"[""s5/single/M/w128/d55049/s801/R/random""]","[""s5/confirm-M-w128-d55049-s801-g05-random/e20""]",False,
input-f15bc352a6544d069e8ccbab,f15bc352a6544d069e8ccbab35fd84063fccb3555ad7efe5b62d537f0dc02889,512,98959506fbf00a1a6db50907b92e993b4b6986ba3568c43a156a163f71f4c256,98959506fbf00a1a6db50907b92e993b4b6986ba3568c43a156a163f71f4c256,29ea96ea2c333f69f4c68f6da4aea4a12ce9fd3f6013ce2168047da77d0ca3df,3.402387038487061,0.13958010236594243,,,"[""s6/P1/U/w128/d61211/s1003/R/random""]","[""s6/confirm-U-w128-d61211-s1003-g04-random/e03""]",,,True,True,True,True,True,False,False,False,[],3.40238686202201279229484498500823974609375,3.4023868620221801935977755825557688968449287289161106867538229443727986372227556579541643140252754181575404218,3.402387038487061143854361944249831140041351318359375,0.13958010236594255273442785896697363707328683082178942174229778811750252387860488699823482284056727526099334706,0.13958010236594255273442785897390486946507022092183927060197747472756293626918268441621308409792731273162074577,0.13958010236594261172004116846456089903360608263691726970871156319550003083316505887217679140455482051989904140,-6.93123239178339010004984885967968661006041239057779741797826125736003747062739871E-30,5.898561330949065602956853586171507799910673408846793709456398237445596370730662750778827829563E-17,-1.674013029305975475291507511787289161106867538229443727986372227556579541643140252754181575404218E-13,1.764648809502565863616940622431964225894432643132461770556272013627772443420458356859747245818424595782E-7,0.59749594798548839753181315724677794225720474440486326898273112279216148148728406716768723346981740283824267556,1E-18,1E-12,0.000001,"[{""p"": ""3.4013868620221801935977755825557688968449287289161106867538229443727986372227556579541643140252754181575404218"", ""J"": ""0.13958010426118646144255264057076048126017133564809884287727001649553775234322787903674268648301698683159253958"", ""signed_gap"": ""1.89524390870812478159685561179510111472625957227529254176797481607404519462052960238508967409997179381E-9""}, {""p"": ""3.4033868620221801935977755825557688968449287289161106867538229443727986372227556579541643140252754181575404218"", ""J"": ""0.13958010425912797177405143938751081589035221463378396373518147558046572756735221851957539464734354210245930970"", ""signed_gap"": ""1.89318541903962358041360594642528199371194469313320400085290279129816953410336231054941622937083856393E-9""}]",compared,522,5.0570544479966131392135612334998E-29,3.35653825899999,input-f15bc352a6544d069e8ccbab,f15bc352a6544d069e8ccbab35fd84063fccb3555ad7efe5b62d537f0dc02889,512,98959506fbf00a1a6db50907b92e993b4b6986ba3568c43a156a163f71f4c256,98959506fbf00a1a6db50907b92e993b4b6986ba3568c43a156a163f71f4c256,29ea96ea2c333f69f4c68f6da4aea4a12ce9fd3f6013ce2168047da77d0ca3df,3.402387038487061,0.13958010236594243,,,"[""s6/P1/U/w128/d61211/s1003/R/random""]","[""s6/confirm-U-w128-d61211-s1003-g04-random/e03""]",False,
input-f28d9dc30c7ccb84d180cca0,f28d9dc30c7ccb84d180cca04780e799f695d4d7f249bc8119568845e170532a,512,5ef925552bd2aed9bc8daee3dbe84404fd1da975c4197a0e355a73b80e2b6597,5ef925552bd2aed9bc8daee3dbe84404fd1da975c4197a0e355a73b80e2b6597,b935c7b59fe7efbf43d1d9ae16842c2273c1bf81ef3219fd556d6b22331561bb,0.027897954051351884,3.1119172557848616e-05,,,"[""s5/single/M/w256/d55049/s801/R/random""]","[""s5/confirm-M-w256-d55049-s801-g05-random/e10""]",,,True,True,True,True,True,False,False,False,[],0.02789795422131646773777902126312255859375,0.027897954221527370489736254398733991045784480491122358118710938229177448919452998949448849888786593912093888674,0.02789795405135188366418930172585533000528812408447265625,0.000031119172557848668593139214637552061721205110127815338501297440973860517570766383748167158067708795341352687451,0.000031119172557848668593092375620270399200616605308520555608950609831836445795544342147708754772284232342818105031,0.000031119172557848679978328632042453262977396802930633222729121787335622952871709999512834869198314299889616215871,4.6839017281662520588504819294782892346831142024071775222041600458403295424562998534582420E-26,1.1385236256422182863776780197622112667120171177503786507076165657365126114426030067546798110840E-20,-2.10902751957233135611432452034480491122358118710938229177448919452998949448849888786593912093888674E-13,-1.70175486825546952672878661040496356406649701868710938229177448919452998949448849888786593912093888674E-10,0.29347564044533374487085804854520625159955725239497872934866611161491275133316476953457224348290602531911395741,1E-18,1E-12,0.000001,"[{""p"": ""0.026897954221527370489736254398733991045784480491122358118710938229177448919452998949448849888786593912093888674"", ""J"": ""0.000031511537515610171414055190875835904439188255809306796114425205729794445886530643786749832845074500177967256244"", ""signed_gap"": ""3.92364957761502820962815255565505238571650500786240505474595897958000090986301639041078072790267835149151213E-7""}, {""p"": ""0.028897954221527370489736254398733991045784480491122358118710938229177448919452998949448849888786593912093888674"", ""J"": ""0.000031511450154732068946056755338262021400002255758448096820281349331897905804542878754320390447259376703650688713"", ""signed_gap"": ""3.92277596883400352964379717991622199385650449927541211330739500061460008998536606611635674975144360832583682E-7""}]",compared,522,1.6526059336453028407269014298211E-29,2.5369418909999695,input-f28d9dc30c7ccb84d180cca0,f28d9dc30c7ccb84d180cca04780e799f695d4d7f249bc8119568845e170532a,512,5ef925552bd2aed9bc8daee3dbe84404fd1da975c4197a0e355a73b80e2b6597,5ef925552bd2aed9bc8daee3dbe84404fd1da975c4197a0e355a73b80e2b6597,b935c7b59fe7efbf43d1d9ae16842c2273c1bf81ef3219fd556d6b22331561bb,0.027897954051351884,3.1119172557848616e-05,,,"[""s5/single/M/w256/d55049/s801/R/random""]","[""s5/confirm-M-w256-d55049-s801-g05-random/e10""]",False,
input-f5446073f76439c70d9f6fc9,f5446073f76439c70d9f6fc94b61210f6f04193794ffa982d1a4ad5ae647430b,512,c89e77c654eaf6bb5186b57235d9f7044dbc61288842163a04ff3029e9759317,c89e77c654eaf6bb5186b57235d9f7044dbc61288842163a04ff3029e9759317,b16ac1cb6530fb052b726ae4d56580f547fbb0eb2d69e753cf480d754b973d35,0.45354957703015386,0.0019443618853067334,,,"[""s5/single/U/w64/d57163/s803/R/random""]","[""s5/confirm-U-w64-d57163-s803-g04-random/e10""]",,,True,True,True,True,True,False,False,False,[],0.45354957927111172466538846492767333984375,0.45354957927118902859826393223872873204389113227985252029490708410055309801797287429003366208092194498803704144,0.4535495770301538609459157669334672391414642333984375,0.0019443618853067319129799334602723732729933937786431506628094410782744994950406851562439575008369479134957742322,0.0019443618853067319129799275623159897783170518983906706702538120693712767968615000618180187636052665394627681934,0.0019443618853067327726507401561212384899647345490128991416396693689858335347502826659435173106111977112962394914,5.8979563834946763418802524799925556290089032226981791850944259387372316813740330060388E-27,8.596708125938052487116476826506222284713858572996145567378887826041254985470059311718334712980E-19,-7.730393287546731105539220014113227985252029490708410055309801797287429003366208092194498803704144E-14,-2.24103516765234816530526149290242689888141502029490708410055309801797287429003366208092194498803704144E-9,0.11568541280442446987376118049906182269897411307693980548039574970035698856099571509371608745204866745887570391,1E-18,1E-12,0.000001,"[{""p"": ""0.45254957927118902859826393223872873204389113227985252029490708410055309801797287429003366208092194498803704144"", ""J"": ""0.0019445332933867211661365682615293322238616133553266869485849869762869139430630424599395113090088725796676460301"", ""signed_gap"": ""1.714080799892531566406992133424455445614569360162783311749069156371462015423981214925454036060402048778367E-7""}, {""p"": ""0.45454957927118902859826393223872873204389113227985252029490708410055309801797287429003366208092194498803704144"", ""J"": ""0.0019445327668810898453179504848866703721848226808142308048705073515407989339206745726378652318525939927345376960"", ""signed_gap"": ""1.708815743579323380229225706805938677707824235601346166952821695221370591745108198464682473274532717695026E-7""}]",compared,522,6.7028494822242189140543374768678E-30,3.28621069299993,input-f5446073f76439c70d9f6fc9,f5446073f76439c70d9f6fc94b61210f6f04193794ffa982d1a4ad5ae647430b,512,c89e77c654eaf6bb5186b57235d9f7044dbc61288842163a04ff3029e9759317,c89e77c654eaf6bb5186b57235d9f7044dbc61288842163a04ff3029e9759317,b16ac1cb6530fb052b726ae4d56580f547fbb0eb2d69e753cf480d754b973d35,0.45354957703015386,0.0019443618853067334,,,"[""s5/single/U/w64/d57163/s803/R/random""]","[""s5/confirm-U-w64-d57163-s803-g04-random/e10""]",False,
input-f5b70b2cbca54df30965dc67,f5b70b2cbca54df30965dc672ea9f8ccf9c579aa4450406fd3c273e98c3367f8,512,98959506fbf00a1a6db50907b92e993b4b6986ba3568c43a156a163f71f4c256,98959506fbf00a1a6db50907b92e993b4b6986ba3568c43a156a163f71f4c256,3a370351b73d3184c09d5a6c5de09769b8e41d3dae6882e1ebfdf2ed5540f2e8,0.04233572646363078,5.2544240689740135e-05,,,"[""s6/P1/M/w128/d61319/s1003/R/random"", ""s6/P2/M/w128/d61319/s1003/R/random"", ""s6/P3/M/w128/d61319/s1003/R/random"", ""s6/P4/M/w128/d61319/s1003/R/random""]","[""s6/confirm-M-w128-d61319-s1003-g05-random/e20""]",,,True,True,True,True,True,False,False,False,[],0.04233572703060417552478611469268798828125,0.042335727030908810853496626664403076615457603506129462806601729386475180373822521981685949912711586934152090376,0.04233572646363077673914432352830772288143634796142578125,0.000052544240689740131680167284884840840115908522677691073421950301518890595944149553426049990237849062888686149791,0.000052544240689740131680155438310099017481803628621538732168965123658359391520875364973488207969339321433591098498,0.000052544240689740251620749722520075061287242016342485839871905845043880829999399432680059102025201382177173217234,1.1846574741822634104894056152341252985177860531204423274188452561782268509741455095051293E-26,1.19940594284209976043805438387720947107702940721385521438478524067706570894055862060743582118736E-19,-3.04635328710511971715088334207603506129462806601729386475180373822521981685949912711586934152090376E-13,-5.67278034114352303136095353734021255544703681556601729386475180373822521981685949912711586934152090376E-10,0.28750754085267400346047191362145956907015084918585854079052895618517506998371523700407407429509816485061159595,1E-18,1E-12,0.000001,"[{""p"": ""0.041335727030908810853496626664403076615457603506129462806601729386475180373822521981685949912711586934152090376"", ""J"": ""0.000052917142739924062319323025741719280236207582144018810709373139650797576494371463402641802285073551975968562605"", ""signed_gap"": ""3.72902050183930639167587431620262754403953522480078540408015992438184973496098429153594315734230542377464107E-7""}, {""p"": ""0.043335727030908810853496626664403076615457603506129462806601729386475180373822521981685949912711586934152090376"", ""J"": ""0.000052917026445083461292201862921290874455155367762519358421639514852502424162302367987240821023790438100519777297"", ""signed_gap"": ""3.72785755343329612046424611191856973351739140980626252674391194143032641427003013752613054451116666928678799E-7""}]",compared,522,1.4171388980640455776652385567529E-29,2.748783003999961,input-f5b70b2cbca54df30965dc67,f5b70b2cbca54df30965dc672ea9f8ccf9c579aa4450406fd3c273e98c3367f8,512,98959506fbf00a1a6db50907b92e993b4b6986ba3568c43a156a163f71f4c256,98959506fbf00a1a6db50907b92e993b4b6986ba3568c43a156a163f71f4c256,3a370351b73d3184c09d5a6c5de09769b8e41d3dae6882e1ebfdf2ed5540f2e8,0.04233572646363078,5.2544240689740135e-05,,,"[""s6/P1/M/w128/d61319/s1003/R/random"", ""s6/P2/M/w128/d61319/s1003/R/random"", ""s6/P3/M/w128/d61319/s1003/R/random"", ""s6/P4/M/w128/d61319/s1003/R/random""]","[""s6/confirm-M-w128-d61319-s1003-g05-random/e20""]",False,
input-f67cd14192f271d7104b3abf,f67cd14192f271d7104b3abfd54c19175409d30e5ffab9e6b3b5326261b3490f,512,64d79b2736758b25c1c5c2ff642dc9c7b30eafec3eabc5047d3a48be209bd01a,64d79b2736758b25c1c5c2ff642dc9c7b30eafec3eabc5047d3a48be209bd01a,8ac616f47d86bf9f4f80727aa9277a98f63dfe1f7ce803b7222e1c8dbac6e50c,0.034505403825574835,4.093704064887835e-05,,,"[""s4-fixed30-M-w64-d43997-s603""]","[""s4/confirm-M-w64-d43997-s603-g00-random/e30""]",,,True,True,True,True,True,False,False,False,[],0.03450540328549323021434247493743896484375,0.034505403285784571402813115771153887507611170107011331162600895032925172847791815709734556515922197123282688990,0.03450540382557483465308934000859153456985950469970703125,0.000040937040648878289662364421401255698481933725401982210355938138078729121012469414977570232958717619162936145195,0.000040937040648878289662334457413699950900871655681318680774307900853883183603809410785390046879618742116196145547,0.000040937040648878414701881111858947951666372087509900695095599995302500426718957760986847805369484814780922172832,2.9963987555747581062069720663529581630237224845937408660004192180186079098877046739999648E-26,1.25039546654445248000765500431828582014321292094448617243115148350201457758489866072664726027285E-19,-2.91341188470640833714922663861170107011331162600895032925172847791815709734556515922197123282688990E-13,5.39790263250276224237437647062248334592695700087399104967074827152208184290265443484077802876717311010E-10,0.27740385447258609926080509396110122033806726210349700695870210522172701245539914756674345538670684530343107262,1E-18,1E-12,0.000001,"[{""p"": ""0.033505403285784571402813115771153887507611170107011331162600895032925172847791815709734556515922197123282688990"", ""J"": ""0.000041366187390257850391919055880985500511823381549156584054006702892543077201503282068149352557328540455494957635"", ""signed_gap"": ""4.29146741379560729584598467285549610951725867837903279698802038659893597693871282759305677709798339298812088E-7""}, {""p"": ""0.035505403285784571402813115771153887507611170107011331162600895032925172847791815709734556515922197123282688990"", ""J"": ""0.000041366086953185480590986695901226187949312341646651338029348859755714921729477163470223455630524031692306030619"", ""signed_gap"": ""4.29046304307190928652238487526237048440685965332657255040958901831738125667752684833408750905289576109885072E-7""}]",compared,522,1.4965261581930540415018407362264E-29,2.686113460999991,input-f67cd14192f271d7104b3abf,f67cd14192f271d7104b3abfd54c19175409d30e5ffab9e6b3b5326261b3490f,512,64d79b2736758b25c1c5c2ff642dc9c7b30eafec3eabc5047d3a48be209bd01a,64d79b2736758b25c1c5c2ff642dc9c7b30eafec3eabc5047d3a48be209bd01a,8ac616f47d86bf9f4f80727aa9277a98f63dfe1f7ce803b7222e1c8dbac6e50c,0.034505403825574835,4.093704064887835e-05,,,"[""s4-fixed30-M-w64-d43997-s603""]","[""s4/confirm-M-w64-d43997-s603-g00-random/e30""]",False,
input-fa278f0336d85f32d88a5d8c,fa278f0336d85f32d88a5d8cdc2491679a029e668e942d0438509ef970e74547,512,8ca39088cd76bee65172a39c25eb65f738d4bd52f86a0d1b78206a06d4f703a0,8ca39088cd76bee65172a39c25eb65f738d4bd52f86a0d1b78206a06d4f703a0,5d96288ae21f85bde366bcbf9c0665db88fa1148637a25956a05ff49f137a2b8,1.1877729601541875,0.004600156593055274,,,"[""s4-fixed30-U-w64-d41843-s601""]","[""s4/confirm-U-w64-d41843-s601-g00-random/e30""]",,,True,True,True,True,True,False,False,False,[],1.18777296404414300923235714435577392578125,1.1877729640443335899450956387009095066883670545810657008653922605166022579178354454793814010938002304149200046,1.187772960154187540382508814218454062938690185546875,0.0046001565930552752157956574640252780233773453203444828699236002345410513286198167219946548405224004286269944055,0.0046001565930552752157956576886070419455216125929193383140928787151715907580431794281569054295842816164982887176,0.0046001565930552755879489413273831517657060038766826543087554355863509623263273667086258504620863706968819502871,-2.245817639221442672725748554441692784806305394294233627061622505890618811878712943121E-28,3.721532836387761098201843912837633159946625568711793715682841872804689450325020890803836615695E-19,-1.905807127384943451355809071170545810657008653922605166022579178354454793814010938002304149200046E-13,-3.8901460495625868244824554437496768690341907008653922605166022579178354454793814010938002304149200046E-9,0.20775593373329624856061713501315885389496768890733376694331946724058308686123848701205706554079593451182260525,1E-18,1E-12,0.000001,"[{""p"": ""1.1867729640443335899450956387009095066883670545810657008653922605166022579178354454793814010938002304149200046"", ""J"": ""0.0046001812165513836602299395035322528328704790012535143973077448415182548406264421904653398235754169415397710953"", ""signed_gap"": ""2.46234961084444342818149252108873488664083341760832148661263466640825832627623084343939911353250414823777E-8""}, {""p"": ""1.1887729640443335899450956387009095066883670545810657008653922605166022579178354454793814010938002304149200046"", ""J"": ""0.0046001811561977862145451130783783558150093527068603590522181059221571637697827814332179503784954464204516901963"", ""signed_gap"": ""2.45631425109987494553897713138694877401139410207381252272069855730117396020050610449489111648039534014787E-8""}]",compared,522,8.271216387610346395076019563368E-30,3.2814823290000277,input-fa278f0336d85f32d88a5d8c,fa278f0336d85f32d88a5d8cdc2491679a029e668e942d0438509ef970e74547,512,8ca39088cd76bee65172a39c25eb65f738d4bd52f86a0d1b78206a06d4f703a0,8ca39088cd76bee65172a39c25eb65f738d4bd52f86a0d1b78206a06d4f703a0,5d96288ae21f85bde366bcbf9c0665db88fa1148637a25956a05ff49f137a2b8,1.1877729601541875,0.004600156593055274,,,"[""s4-fixed30-U-w64-d41843-s601""]","[""s4/confirm-U-w64-d41843-s601-g00-random/e30""]",False,
input-fae6d842460405022dd22943,fae6d842460405022dd22943a39e41ea611b8c5b7437ed8fa12f0c54642d95ab,512,64d79b2736758b25c1c5c2ff642dc9c7b30eafec3eabc5047d3a48be209bd01a,64d79b2736758b25c1c5c2ff642dc9c7b30eafec3eabc5047d3a48be209bd01a,793996fc420899f52fdad2c1bd49b405b1273d3081cdd23cd3abbc50f229f992,0.7679139333679375,0.0001635450048000828,,,"[""s4-fixed30-U-w64-d46219-s603""]","[""s4/confirm-U-w64-d46219-s603-g00-random/e30""]",,,True,True,True,True,True,False,False,False,[],0.76791393378834982286207377910614013671875,0.7679139337882080511720023740242336200041928790469299991241242968294786992405425831862273858537671253963871509,0.7679139333679374512797721763490699231624603271484375,0.00016354500480008284640570670908058869561942029144826679131941526668158032348036501321603854182150066183790157443,0.00016354500480008284640570710057728248355567939953619238985293229880710532865697524280909470455091493145165702194,0.00016354500480008285717154519985551333013784506641684032175372015863888470185973724126694970372272384921825622308,-3.9149669378793625910808792559853351703212552500517661022959305616272941426961375544751E-28,1.076583809927823084658216566688064793190078785983177937320276199845785499917180891776659920114E-20,1.417716900714050819065167145571209530700008758757031705213007594574168137726141462328746036128491E-13,-4.202705998922301976751636968417325518984924991241242968294786992405425831862273858537671253963871509E-10,0.12675326084810562222092187673804931192007754656274032713853452424884369936595538724033593208674506290728921213,1E-18,1E-12,0.000001,"[{""p"": ""0.7669139337882080511720023740242336200041928790469299991241242968294786992405425831862273858537671253963871509"", ""J"": ""0.00016360603621451266151355103353757518302202762249891726635274573805958391716852485968763195019916762748602660774"", ""signed_gap"": ""6.103141442981510784393296029269946634822296272487649981343925247858851154961687853724564825269603436958580E-8""}, {""p"": ""0.7689139337882080511720023740242336200041928790469299991241242968294786992405425831862273858537671253963871509"", ""J"": ""0.00016360582389742376937863276911859564040143594230794632503201725585953215623275812265169941642740804848018163515"", ""signed_gap"": ""6.081909734092297292566854131315684575654277175393517908495705242682757578287984260471187649311702852461321E-8""}]",compared,522,1.01085121703166533094753302279111E-29,3.2825761029999967,input-fae6d842460405022dd22943,fae6d842460405022dd22943a39e41ea611b8c5b7437ed8fa12f0c54642d95ab,512,64d79b2736758b25c1c5c2ff642dc9c7b30eafec3eabc5047d3a48be209bd01a,64d79b2736758b25c1c5c2ff642dc9c7b30eafec3eabc5047d3a48be209bd01a,793996fc420899f52fdad2c1bd49b405b1273d3081cdd23cd3abbc50f229f992,0.7679139333679375,0.0001635450048000828,,,"[""s4-fixed30-U-w64-d46219-s603""]","[""s4/confirm-U-w64-d46219-s603-g00-random/e30""]",False,
input-fe1f82787b5484b9fb7b9d9e,fe1f82787b5484b9fb7b9d9e2397a7c5bf293da8e149d1a8a38b33e68bdd8d0b,512,aec7cff57191991ba3f1dfa4c2c047be85dddaa0226fb3217de73a1a7f997c17,aec7cff57191991ba3f1dfa4c2c047be85dddaa0226fb3217de73a1a7f997c17,27eae2ae1b5201e29f893479e648f4e398bc9ff9a67a7e53b06bff64082198f0,0.5772652227671942,0.0012282341537622349,,,"[""s6/P4/U/w128/d61319/s1001/R/random""]","[""s6/confirm-U-w128-d61319-s1001-g00-random/e20""]",,,True,True,True,True,True,False,False,False,[],0.57726522444181682658381760120391845703125,0.5772652244421891411131363896828876549355259658809462502589140056814187077793537071498587470731500589465347967,0.577265222767194163822068730951286852359771728515625,0.0012282341537622345553449805896059515863104173245312242930174606093881821956294089989051777349968318293351217944,0.0012282341537622345553449606321996507346251519753221858026443473336083086540430414038325482542717784550204840031,0.0012282341537622348482629056100837876635938752454021316296481696200840896235757343667739985165908702317628294696,1.99574063008516852653492090384903731132757798735415863675950726294807250533743146377913E-26,2.929179449778841369289687232700799458270038222864757809695326929629414502623190917767423454665E-19,-3.723145293187884789691979042759658809462502589140056814187077793537071498587470731500589465347967E-13,-1.6749949772910676587316008025757542373653212502589140056814187077793537071498587470731500589465347967E-9,0.094450769953212165495018329549299470675422244835400721028009074185732261919807176635979059640327458932971971859,1E-18,1E-12,0.000001,"[{""p"": ""0.5762652244421891411131363896828876549355259658809462502589140056814187077793537071498587470731500589465347967"", ""J"": ""0.0012283387241473414992664415427697123567257778117039422726932224894957889205520891284595828565488472806846409869"", ""signed_gap"": ""1.045703851069439214809105700616221006258363817564700488751558874802665090477246270346022770688256641569838E-7""}, {""p"": ""0.5782652244421891411131363896828876549355259658809462502589140056814187077793537071498587470731500589465347967"", ""J"": ""0.0012283383749893782876989274689496142849425709549183311364222429626732473637048300203595464621847808398522782473"", ""signed_gap"": ""1.042212271437323539668367499635503174189795961453337778956290649387096617886165269982079130023848317942442E-7""}]",compared,522,5.8725550162307104066790895281453E-30,3.2269196760000796,input-fe1f82787b5484b9fb7b9d9e,fe1f82787b5484b9fb7b9d9e2397a7c5bf293da8e149d1a8a38b33e68bdd8d0b,512,aec7cff57191991ba3f1dfa4c2c047be85dddaa0226fb3217de73a1a7f997c17,aec7cff57191991ba3f1dfa4c2c047be85dddaa0226fb3217de73a1a7f997c17,27eae2ae1b5201e29f893479e648f4e398bc9ff9a67a7e53b06bff64082198f0,0.5772652227671942,0.0012282341537622349,,,"[""s6/P4/U/w128/d61319/s1001/R/random""]","[""s6/confirm-U-w128-d61319-s1001-g00-random/e20""]",False,
