effect,arm,width,metric,data_seed,seed,value
Q1_optimizer_C30,random,64,p,22360,301,0.0
Q1_optimizer_C30,random,64,p,22360,302,0.0
Q1_optimizer_C30,random,64,p,22360,303,0.0
Q1_optimizer_C30,random,64,p,24494,301,0.0
Q1_optimizer_C30,random,64,p,24494,302,0.0
Q1_optimizer_C30,random,64,p,24494,303,0.0
Q1_optimizer_C30,random,64,p,26457,301,0.0
Q1_optimizer_C30,random,64,p,26457,302,0.0
Q1_optimizer_C30,random,64,p,26457,303,0.0
Q1_optimizer_C30,random,64,train_nll,22360,301,0.0
Q1_optimizer_C30,random,64,train_nll,22360,302,0.0
Q1_optimizer_C30,random,64,train_nll,22360,303,0.0
Q1_optimizer_C30,random,64,train_nll,24494,301,0.0
Q1_optimizer_C30,random,64,train_nll,24494,302,0.0
Q1_optimizer_C30,random,64,train_nll,24494,303,0.0
Q1_optimizer_C30,random,64,train_nll,26457,301,0.0
Q1_optimizer_C30,random,64,train_nll,26457,302,0.0
Q1_optimizer_C30,random,64,train_nll,26457,303,0.0
Q1_optimizer_C30,random,64,validation_nll,22360,301,0.0
Q1_optimizer_C30,random,64,validation_nll,22360,302,0.0
Q1_optimizer_C30,random,64,validation_nll,22360,303,0.0
Q1_optimizer_C30,random,64,validation_nll,24494,301,0.0
Q1_optimizer_C30,random,64,validation_nll,24494,302,0.0
Q1_optimizer_C30,random,64,validation_nll,24494,303,0.0
Q1_optimizer_C30,random,64,validation_nll,26457,301,0.0
Q1_optimizer_C30,random,64,validation_nll,26457,302,0.0
Q1_optimizer_C30,random,64,validation_nll,26457,303,0.0
Q1_optimizer_C30,random,64,test_nll,22360,301,0.0
Q1_optimizer_C30,random,64,test_nll,22360,302,0.0
Q1_optimizer_C30,random,64,test_nll,22360,303,0.0
Q1_optimizer_C30,random,64,test_nll,24494,301,0.0
Q1_optimizer_C30,random,64,test_nll,24494,302,0.0
Q1_optimizer_C30,random,64,test_nll,24494,303,0.0
Q1_optimizer_C30,random,64,test_nll,26457,301,0.0
Q1_optimizer_C30,random,64,test_nll,26457,302,0.0
Q1_optimizer_C30,random,64,test_nll,26457,303,0.0
Q1_optimizer_C30,random,64,train_instance_accuracy,22360,301,0.0
Q1_optimizer_C30,random,64,train_instance_accuracy,22360,302,0.0
Q1_optimizer_C30,random,64,train_instance_accuracy,22360,303,0.0
Q1_optimizer_C30,random,64,train_instance_accuracy,24494,301,0.0
Q1_optimizer_C30,random,64,train_instance_accuracy,24494,302,0.0
Q1_optimizer_C30,random,64,train_instance_accuracy,24494,303,0.0
Q1_optimizer_C30,random,64,train_instance_accuracy,26457,301,0.0
Q1_optimizer_C30,random,64,train_instance_accuracy,26457,302,0.0
Q1_optimizer_C30,random,64,train_instance_accuracy,26457,303,0.0
Q1_optimizer_C30,random,64,clipping,22360,301,0.0
Q1_optimizer_C30,random,64,clipping,22360,302,0.0
Q1_optimizer_C30,random,64,clipping,22360,303,0.0
Q1_optimizer_C30,random,64,clipping,24494,301,0.0
Q1_optimizer_C30,random,64,clipping,24494,302,0.0
Q1_optimizer_C30,random,64,clipping,24494,303,0.0
Q1_optimizer_C30,random,64,clipping,26457,301,0.0
Q1_optimizer_C30,random,64,clipping,26457,302,0.0
Q1_optimizer_C30,random,64,clipping,26457,303,0.0
Q1_optimizer_C30,random,128,p,22360,301,0.12010736783072165
Q1_optimizer_C30,random,128,p,22360,302,0.0973948956480657
Q1_optimizer_C30,random,128,p,22360,303,0.11711234495907608
Q1_optimizer_C30,random,128,p,24494,301,0.1127077969452249
Q1_optimizer_C30,random,128,p,24494,302,0.11869045904461367
Q1_optimizer_C30,random,128,p,24494,303,0.11552698757632242
Q1_optimizer_C30,random,128,p,26457,301,0.09843385947785761
Q1_optimizer_C30,random,128,p,26457,302,0.09264402571974911
Q1_optimizer_C30,random,128,p,26457,303,0.10687710478321451
Q1_optimizer_C30,random,128,train_nll,22360,301,-0.13883066177368164
Q1_optimizer_C30,random,128,train_nll,22360,302,-0.1501772403717041
Q1_optimizer_C30,random,128,train_nll,22360,303,-0.16086649894714355
Q1_optimizer_C30,random,128,train_nll,24494,301,-0.19171535968780518
Q1_optimizer_C30,random,128,train_nll,24494,302,-0.09578919410705566
Q1_optimizer_C30,random,128,train_nll,24494,303,-0.1895371675491333
Q1_optimizer_C30,random,128,train_nll,26457,301,-0.2152848243713379
Q1_optimizer_C30,random,128,train_nll,26457,302,-0.24330413341522217
Q1_optimizer_C30,random,128,train_nll,26457,303,-0.2147371768951416
Q1_optimizer_C30,random,128,validation_nll,22360,301,0.5460202693939209
Q1_optimizer_C30,random,128,validation_nll,22360,302,0.4393324851989746
Q1_optimizer_C30,random,128,validation_nll,22360,303,0.495180606842041
Q1_optimizer_C30,random,128,validation_nll,24494,301,0.4789431095123291
Q1_optimizer_C30,random,128,validation_nll,24494,302,0.4937918186187744
Q1_optimizer_C30,random,128,validation_nll,24494,303,0.4486274719238281
Q1_optimizer_C30,random,128,validation_nll,26457,301,0.4701724052429199
Q1_optimizer_C30,random,128,validation_nll,26457,302,0.4193871021270752
Q1_optimizer_C30,random,128,validation_nll,26457,303,0.5059804916381836
Q1_optimizer_C30,random,128,test_nll,22360,301,0.5430054664611816
Q1_optimizer_C30,random,128,test_nll,22360,302,0.4155580997467041
Q1_optimizer_C30,random,128,test_nll,22360,303,0.4788360595703125
Q1_optimizer_C30,random,128,test_nll,24494,301,0.4668877124786377
Q1_optimizer_C30,random,128,test_nll,24494,302,0.5006818771362305
Q1_optimizer_C30,random,128,test_nll,24494,303,0.4622211456298828
Q1_optimizer_C30,random,128,test_nll,26457,301,0.448138952255249
Q1_optimizer_C30,random,128,test_nll,26457,302,0.3804283142089844
Q1_optimizer_C30,random,128,test_nll,26457,303,0.44597768783569336
Q1_optimizer_C30,random,128,train_instance_accuracy,22360,301,0.185546875
Q1_optimizer_C30,random,128,train_instance_accuracy,22360,302,0.16015625
Q1_optimizer_C30,random,128,train_instance_accuracy,22360,303,0.1845703125
Q1_optimizer_C30,random,128,train_instance_accuracy,24494,301,0.18310546875
Q1_optimizer_C30,random,128,train_instance_accuracy,24494,302,0.16455078125
Q1_optimizer_C30,random,128,train_instance_accuracy,24494,303,0.1904296875
Q1_optimizer_C30,random,128,train_instance_accuracy,26457,301,0.17138671875
Q1_optimizer_C30,random,128,train_instance_accuracy,26457,302,0.18017578125
Q1_optimizer_C30,random,128,train_instance_accuracy,26457,303,0.19677734375
Q1_optimizer_C30,random,128,clipping,22360,301,0.0
Q1_optimizer_C30,random,128,clipping,22360,302,0.0
Q1_optimizer_C30,random,128,clipping,22360,303,-0.002083333333333326
Q1_optimizer_C30,random,128,clipping,24494,301,0.0
Q1_optimizer_C30,random,128,clipping,24494,302,0.0
Q1_optimizer_C30,random,128,clipping,24494,303,0.0
Q1_optimizer_C30,random,128,clipping,26457,301,0.0
Q1_optimizer_C30,random,128,clipping,26457,302,0.0
Q1_optimizer_C30,random,128,clipping,26457,303,0.0
Q1_optimizer_C30,random,256,p,22360,301,-0.004878077472683484
Q1_optimizer_C30,random,256,p,22360,302,-0.003537622142820468
Q1_optimizer_C30,random,256,p,22360,303,-0.010289391951548654
Q1_optimizer_C30,random,256,p,24494,301,-0.0009587659567466544
Q1_optimizer_C30,random,256,p,24494,302,-0.008752692899234804
Q1_optimizer_C30,random,256,p,24494,303,-0.004853911169227704
Q1_optimizer_C30,random,256,p,26457,301,-0.0012497960794485286
Q1_optimizer_C30,random,256,p,26457,302,-0.003617453985360841
Q1_optimizer_C30,random,256,p,26457,303,-0.0072216953865626154
Q1_optimizer_C30,random,256,train_nll,22360,301,0.044547438621520996
Q1_optimizer_C30,random,256,train_nll,22360,302,0.04972255229949951
Q1_optimizer_C30,random,256,train_nll,22360,303,0.015681862831115723
Q1_optimizer_C30,random,256,train_nll,24494,301,0.07084381580352783
Q1_optimizer_C30,random,256,train_nll,24494,302,-0.0022867918014526367
Q1_optimizer_C30,random,256,train_nll,24494,303,0.040991902351379395
Q1_optimizer_C30,random,256,train_nll,26457,301,0.057343482971191406
Q1_optimizer_C30,random,256,train_nll,26457,302,0.04612326622009277
Q1_optimizer_C30,random,256,train_nll,26457,303,0.00236666202545166
Q1_optimizer_C30,random,256,validation_nll,22360,301,-0.11642599105834961
Q1_optimizer_C30,random,256,validation_nll,22360,302,-0.08578348159790039
Q1_optimizer_C30,random,256,validation_nll,22360,303,-0.13154387474060059
Q1_optimizer_C30,random,256,validation_nll,24494,301,-0.057088613510131836
Q1_optimizer_C30,random,256,validation_nll,24494,302,-0.11506247520446777
Q1_optimizer_C30,random,256,validation_nll,24494,303,-0.10325336456298828
Q1_optimizer_C30,random,256,validation_nll,26457,301,-0.07079410552978516
Q1_optimizer_C30,random,256,validation_nll,26457,302,-0.05761265754699707
Q1_optimizer_C30,random,256,validation_nll,26457,303,-0.11028337478637695
Q1_optimizer_C30,random,256,test_nll,22360,301,-0.10284805297851562
Q1_optimizer_C30,random,256,test_nll,22360,302,-0.04775810241699219
Q1_optimizer_C30,random,256,test_nll,22360,303,-0.1291205883026123
Q1_optimizer_C30,random,256,test_nll,24494,301,-0.05932211875915527
Q1_optimizer_C30,random,256,test_nll,24494,302,-0.1411128044128418
Q1_optimizer_C30,random,256,test_nll,24494,303,-0.09749960899353027
Q1_optimizer_C30,random,256,test_nll,26457,301,-0.04663538932800293
Q1_optimizer_C30,random,256,test_nll,26457,302,-0.0608975887298584
Q1_optimizer_C30,random,256,test_nll,26457,303,-0.11801314353942871
Q1_optimizer_C30,random,256,train_instance_accuracy,22360,301,-0.02294921875
Q1_optimizer_C30,random,256,train_instance_accuracy,22360,302,-0.01171875
Q1_optimizer_C30,random,256,train_instance_accuracy,22360,303,-0.02685546875
Q1_optimizer_C30,random,256,train_instance_accuracy,24494,301,-0.02587890625
Q1_optimizer_C30,random,256,train_instance_accuracy,24494,302,-0.017578125
Q1_optimizer_C30,random,256,train_instance_accuracy,24494,303,-0.0234375
Q1_optimizer_C30,random,256,train_instance_accuracy,26457,301,-0.02099609375
Q1_optimizer_C30,random,256,train_instance_accuracy,26457,302,-0.0205078125
Q1_optimizer_C30,random,256,train_instance_accuracy,26457,303,-0.01904296875
Q1_optimizer_C30,random,256,clipping,22360,301,0.0
Q1_optimizer_C30,random,256,clipping,22360,302,0.0
Q1_optimizer_C30,random,256,clipping,22360,303,0.0
Q1_optimizer_C30,random,256,clipping,24494,301,0.0
Q1_optimizer_C30,random,256,clipping,24494,302,0.0
Q1_optimizer_C30,random,256,clipping,24494,303,0.0
Q1_optimizer_C30,random,256,clipping,26457,301,0.0
Q1_optimizer_C30,random,256,clipping,26457,302,0.0
Q1_optimizer_C30,random,256,clipping,26457,303,0.0
Q1_optimizer_C30,uniform,64,p,22360,301,
Q1_optimizer_C30,uniform,64,p,22360,302,
Q1_optimizer_C30,uniform,64,p,22360,303,
Q1_optimizer_C30,uniform,64,p,24494,301,
Q1_optimizer_C30,uniform,64,p,24494,302,
Q1_optimizer_C30,uniform,64,p,24494,303,
Q1_optimizer_C30,uniform,64,p,26457,301,
Q1_optimizer_C30,uniform,64,p,26457,302,
Q1_optimizer_C30,uniform,64,p,26457,303,
Q1_optimizer_C30,uniform,64,train_nll,22360,301,0.0
Q1_optimizer_C30,uniform,64,train_nll,22360,302,0.0
Q1_optimizer_C30,uniform,64,train_nll,22360,303,0.0
Q1_optimizer_C30,uniform,64,train_nll,24494,301,0.0
Q1_optimizer_C30,uniform,64,train_nll,24494,302,0.0
Q1_optimizer_C30,uniform,64,train_nll,24494,303,0.0
Q1_optimizer_C30,uniform,64,train_nll,26457,301,0.0
Q1_optimizer_C30,uniform,64,train_nll,26457,302,0.0
Q1_optimizer_C30,uniform,64,train_nll,26457,303,0.0
Q1_optimizer_C30,uniform,64,validation_nll,22360,301,0.0
Q1_optimizer_C30,uniform,64,validation_nll,22360,302,0.0
Q1_optimizer_C30,uniform,64,validation_nll,22360,303,0.0
Q1_optimizer_C30,uniform,64,validation_nll,24494,301,0.0
Q1_optimizer_C30,uniform,64,validation_nll,24494,302,0.0
Q1_optimizer_C30,uniform,64,validation_nll,24494,303,0.0
Q1_optimizer_C30,uniform,64,validation_nll,26457,301,0.0
Q1_optimizer_C30,uniform,64,validation_nll,26457,302,0.0
Q1_optimizer_C30,uniform,64,validation_nll,26457,303,0.0
Q1_optimizer_C30,uniform,64,test_nll,22360,301,0.0
Q1_optimizer_C30,uniform,64,test_nll,22360,302,0.0
Q1_optimizer_C30,uniform,64,test_nll,22360,303,0.0
Q1_optimizer_C30,uniform,64,test_nll,24494,301,0.0
Q1_optimizer_C30,uniform,64,test_nll,24494,302,0.0
Q1_optimizer_C30,uniform,64,test_nll,24494,303,0.0
Q1_optimizer_C30,uniform,64,test_nll,26457,301,0.0
Q1_optimizer_C30,uniform,64,test_nll,26457,302,0.0
Q1_optimizer_C30,uniform,64,test_nll,26457,303,0.0
Q1_optimizer_C30,uniform,64,train_instance_accuracy,22360,301,0.0
Q1_optimizer_C30,uniform,64,train_instance_accuracy,22360,302,0.0
Q1_optimizer_C30,uniform,64,train_instance_accuracy,22360,303,0.0
Q1_optimizer_C30,uniform,64,train_instance_accuracy,24494,301,0.0
Q1_optimizer_C30,uniform,64,train_instance_accuracy,24494,302,0.0
Q1_optimizer_C30,uniform,64,train_instance_accuracy,24494,303,0.0
Q1_optimizer_C30,uniform,64,train_instance_accuracy,26457,301,0.0
Q1_optimizer_C30,uniform,64,train_instance_accuracy,26457,302,0.0
Q1_optimizer_C30,uniform,64,train_instance_accuracy,26457,303,0.0
Q1_optimizer_C30,uniform,64,clipping,22360,301,0.0
Q1_optimizer_C30,uniform,64,clipping,22360,302,0.0
Q1_optimizer_C30,uniform,64,clipping,22360,303,0.0
Q1_optimizer_C30,uniform,64,clipping,24494,301,0.0
Q1_optimizer_C30,uniform,64,clipping,24494,302,0.0
Q1_optimizer_C30,uniform,64,clipping,24494,303,0.0
Q1_optimizer_C30,uniform,64,clipping,26457,301,0.0
Q1_optimizer_C30,uniform,64,clipping,26457,302,0.0
Q1_optimizer_C30,uniform,64,clipping,26457,303,0.0
Q1_optimizer_C30,uniform,128,p,22360,301,
Q1_optimizer_C30,uniform,128,p,22360,302,
Q1_optimizer_C30,uniform,128,p,22360,303,
Q1_optimizer_C30,uniform,128,p,24494,301,
Q1_optimizer_C30,uniform,128,p,24494,302,
Q1_optimizer_C30,uniform,128,p,24494,303,
Q1_optimizer_C30,uniform,128,p,26457,301,
Q1_optimizer_C30,uniform,128,p,26457,302,
Q1_optimizer_C30,uniform,128,p,26457,303,
Q1_optimizer_C30,uniform,128,train_nll,22360,301,-0.763828694820404
Q1_optimizer_C30,uniform,128,train_nll,22360,302,-0.7432384490966797
Q1_optimizer_C30,uniform,128,train_nll,22360,303,-0.7136305570602417
Q1_optimizer_C30,uniform,128,train_nll,24494,301,-0.7910456657409668
Q1_optimizer_C30,uniform,128,train_nll,24494,302,-0.8002126216888428
Q1_optimizer_C30,uniform,128,train_nll,24494,303,-0.7642425894737244
Q1_optimizer_C30,uniform,128,train_nll,26457,301,-0.7836291193962097
Q1_optimizer_C30,uniform,128,train_nll,26457,302,-0.7836564779281616
Q1_optimizer_C30,uniform,128,train_nll,26457,303,-0.786474883556366
Q1_optimizer_C30,uniform,128,validation_nll,22360,301,-0.08216476440429688
Q1_optimizer_C30,uniform,128,validation_nll,22360,302,0.20558416843414307
Q1_optimizer_C30,uniform,128,validation_nll,22360,303,0.1167142391204834
Q1_optimizer_C30,uniform,128,validation_nll,24494,301,0.039562225341796875
Q1_optimizer_C30,uniform,128,validation_nll,24494,302,0.23612678050994873
Q1_optimizer_C30,uniform,128,validation_nll,24494,303,0.11833345890045166
Q1_optimizer_C30,uniform,128,validation_nll,26457,301,0.07937824726104736
Q1_optimizer_C30,uniform,128,validation_nll,26457,302,0.14322316646575928
Q1_optimizer_C30,uniform,128,validation_nll,26457,303,0.10431337356567383
Q1_optimizer_C30,uniform,128,test_nll,22360,301,-0.09496748447418213
Q1_optimizer_C30,uniform,128,test_nll,22360,302,0.2052990198135376
Q1_optimizer_C30,uniform,128,test_nll,22360,303,0.10551345348358154
Q1_optimizer_C30,uniform,128,test_nll,24494,301,0.09554362297058105
Q1_optimizer_C30,uniform,128,test_nll,24494,302,0.25411438941955566
Q1_optimizer_C30,uniform,128,test_nll,24494,303,0.12194216251373291
Q1_optimizer_C30,uniform,128,test_nll,26457,301,0.025669217109680176
Q1_optimizer_C30,uniform,128,test_nll,26457,302,0.14365899562835693
Q1_optimizer_C30,uniform,128,test_nll,26457,303,0.05548298358917236
Q1_optimizer_C30,uniform,128,train_instance_accuracy,22360,301,0.2548828125
Q1_optimizer_C30,uniform,128,train_instance_accuracy,22360,302,0.28759765625
Q1_optimizer_C30,uniform,128,train_instance_accuracy,22360,303,0.27001953125
Q1_optimizer_C30,uniform,128,train_instance_accuracy,24494,301,0.2783203125
Q1_optimizer_C30,uniform,128,train_instance_accuracy,24494,302,0.3271484375
Q1_optimizer_C30,uniform,128,train_instance_accuracy,24494,303,0.30126953125
Q1_optimizer_C30,uniform,128,train_instance_accuracy,26457,301,0.30712890625
Q1_optimizer_C30,uniform,128,train_instance_accuracy,26457,302,0.314453125
Q1_optimizer_C30,uniform,128,train_instance_accuracy,26457,303,0.333984375
Q1_optimizer_C30,uniform,128,clipping,22360,301,-0.012500000000000067
Q1_optimizer_C30,uniform,128,clipping,22360,302,-0.027083333333333348
Q1_optimizer_C30,uniform,128,clipping,22360,303,0.0
Q1_optimizer_C30,uniform,128,clipping,24494,301,-0.014583333333333393
Q1_optimizer_C30,uniform,128,clipping,24494,302,-0.01041666666666663
Q1_optimizer_C30,uniform,128,clipping,24494,303,-0.008333333333333415
Q1_optimizer_C30,uniform,128,clipping,26457,301,-0.008333333333333304
Q1_optimizer_C30,uniform,128,clipping,26457,302,-0.002083333333333326
Q1_optimizer_C30,uniform,128,clipping,26457,303,-0.004166666666666652
Q1_optimizer_C30,uniform,256,p,22360,301,
Q1_optimizer_C30,uniform,256,p,22360,302,
Q1_optimizer_C30,uniform,256,p,22360,303,
Q1_optimizer_C30,uniform,256,p,24494,301,
Q1_optimizer_C30,uniform,256,p,24494,302,
Q1_optimizer_C30,uniform,256,p,24494,303,
Q1_optimizer_C30,uniform,256,p,26457,301,
Q1_optimizer_C30,uniform,256,p,26457,302,
Q1_optimizer_C30,uniform,256,p,26457,303,
Q1_optimizer_C30,uniform,256,train_nll,22360,301,0.07785093784332275
Q1_optimizer_C30,uniform,256,train_nll,22360,302,0.05920231342315674
Q1_optimizer_C30,uniform,256,train_nll,22360,303,0.06338956952095032
Q1_optimizer_C30,uniform,256,train_nll,24494,301,0.08048436045646667
Q1_optimizer_C30,uniform,256,train_nll,24494,302,0.07732093334197998
Q1_optimizer_C30,uniform,256,train_nll,24494,303,0.07251051068305969
Q1_optimizer_C30,uniform,256,train_nll,26457,301,0.06382226943969727
Q1_optimizer_C30,uniform,256,train_nll,26457,302,0.06463715434074402
Q1_optimizer_C30,uniform,256,train_nll,26457,303,0.08688086271286011
Q1_optimizer_C30,uniform,256,validation_nll,22360,301,-0.10135138034820557
Q1_optimizer_C30,uniform,256,validation_nll,22360,302,-0.06243443489074707
Q1_optimizer_C30,uniform,256,validation_nll,22360,303,-0.07759881019592285
Q1_optimizer_C30,uniform,256,validation_nll,24494,301,-0.09424424171447754
Q1_optimizer_C30,uniform,256,validation_nll,24494,302,-0.06530332565307617
Q1_optimizer_C30,uniform,256,validation_nll,24494,303,-0.09348273277282715
Q1_optimizer_C30,uniform,256,validation_nll,26457,301,-0.07721316814422607
Q1_optimizer_C30,uniform,256,validation_nll,26457,302,-0.07381868362426758
Q1_optimizer_C30,uniform,256,validation_nll,26457,303,-0.10705018043518066
Q1_optimizer_C30,uniform,256,test_nll,22360,301,-0.09861171245574951
Q1_optimizer_C30,uniform,256,test_nll,22360,302,-0.05755138397216797
Q1_optimizer_C30,uniform,256,test_nll,22360,303,-0.08345627784729004
Q1_optimizer_C30,uniform,256,test_nll,24494,301,-0.09168028831481934
Q1_optimizer_C30,uniform,256,test_nll,24494,302,-0.06695640087127686
Q1_optimizer_C30,uniform,256,test_nll,24494,303,-0.08866596221923828
Q1_optimizer_C30,uniform,256,test_nll,26457,301,-0.0808858871459961
Q1_optimizer_C30,uniform,256,test_nll,26457,302,-0.09505033493041992
Q1_optimizer_C30,uniform,256,test_nll,26457,303,-0.09691762924194336
Q1_optimizer_C30,uniform,256,train_instance_accuracy,22360,301,-0.06103515625
Q1_optimizer_C30,uniform,256,train_instance_accuracy,22360,302,-0.05224609375
Q1_optimizer_C30,uniform,256,train_instance_accuracy,22360,303,-0.052734375
Q1_optimizer_C30,uniform,256,train_instance_accuracy,24494,301,-0.0625
Q1_optimizer_C30,uniform,256,train_instance_accuracy,24494,302,-0.05810546875
Q1_optimizer_C30,uniform,256,train_instance_accuracy,24494,303,-0.05078125
Q1_optimizer_C30,uniform,256,train_instance_accuracy,26457,301,-0.05029296875
Q1_optimizer_C30,uniform,256,train_instance_accuracy,26457,302,-0.048828125
Q1_optimizer_C30,uniform,256,train_instance_accuracy,26457,303,-0.0654296875
Q1_optimizer_C30,uniform,256,clipping,22360,301,0.0
Q1_optimizer_C30,uniform,256,clipping,22360,302,0.0
Q1_optimizer_C30,uniform,256,clipping,22360,303,0.0
Q1_optimizer_C30,uniform,256,clipping,24494,301,0.0
Q1_optimizer_C30,uniform,256,clipping,24494,302,0.002083333333333326
Q1_optimizer_C30,uniform,256,clipping,24494,303,0.0
Q1_optimizer_C30,uniform,256,clipping,26457,301,0.0
Q1_optimizer_C30,uniform,256,clipping,26457,302,-0.002083333333333326
Q1_optimizer_C30,uniform,256,clipping,26457,303,0.002083333333333326
Q1_optimizer_EJ,random,64,p,22360,301,0.0
Q1_optimizer_EJ,random,64,p,22360,302,0.0
Q1_optimizer_EJ,random,64,p,22360,303,0.0
Q1_optimizer_EJ,random,64,p,24494,301,0.0
Q1_optimizer_EJ,random,64,p,24494,302,0.0
Q1_optimizer_EJ,random,64,p,24494,303,0.0
Q1_optimizer_EJ,random,64,p,26457,301,0.0
Q1_optimizer_EJ,random,64,p,26457,302,0.0
Q1_optimizer_EJ,random,64,p,26457,303,0.0
Q1_optimizer_EJ,random,64,train_nll,22360,301,0.0
Q1_optimizer_EJ,random,64,train_nll,22360,302,0.0
Q1_optimizer_EJ,random,64,train_nll,22360,303,0.0
Q1_optimizer_EJ,random,64,train_nll,24494,301,0.0
Q1_optimizer_EJ,random,64,train_nll,24494,302,0.0
Q1_optimizer_EJ,random,64,train_nll,24494,303,0.0
Q1_optimizer_EJ,random,64,train_nll,26457,301,0.0
Q1_optimizer_EJ,random,64,train_nll,26457,302,0.0
Q1_optimizer_EJ,random,64,train_nll,26457,303,0.0
Q1_optimizer_EJ,random,64,validation_nll,22360,301,0.0
Q1_optimizer_EJ,random,64,validation_nll,22360,302,0.0
Q1_optimizer_EJ,random,64,validation_nll,22360,303,0.0
Q1_optimizer_EJ,random,64,validation_nll,24494,301,0.0
Q1_optimizer_EJ,random,64,validation_nll,24494,302,0.0
Q1_optimizer_EJ,random,64,validation_nll,24494,303,0.0
Q1_optimizer_EJ,random,64,validation_nll,26457,301,0.0
Q1_optimizer_EJ,random,64,validation_nll,26457,302,0.0
Q1_optimizer_EJ,random,64,validation_nll,26457,303,0.0
Q1_optimizer_EJ,random,64,test_nll,22360,301,0.0
Q1_optimizer_EJ,random,64,test_nll,22360,302,0.0
Q1_optimizer_EJ,random,64,test_nll,22360,303,0.0
Q1_optimizer_EJ,random,64,test_nll,24494,301,0.0
Q1_optimizer_EJ,random,64,test_nll,24494,302,0.0
Q1_optimizer_EJ,random,64,test_nll,24494,303,0.0
Q1_optimizer_EJ,random,64,test_nll,26457,301,0.0
Q1_optimizer_EJ,random,64,test_nll,26457,302,0.0
Q1_optimizer_EJ,random,64,test_nll,26457,303,0.0
Q1_optimizer_EJ,random,64,train_instance_accuracy,22360,301,0.0
Q1_optimizer_EJ,random,64,train_instance_accuracy,22360,302,0.0
Q1_optimizer_EJ,random,64,train_instance_accuracy,22360,303,0.0
Q1_optimizer_EJ,random,64,train_instance_accuracy,24494,301,0.0
Q1_optimizer_EJ,random,64,train_instance_accuracy,24494,302,0.0
Q1_optimizer_EJ,random,64,train_instance_accuracy,24494,303,0.0
Q1_optimizer_EJ,random,64,train_instance_accuracy,26457,301,0.0
Q1_optimizer_EJ,random,64,train_instance_accuracy,26457,302,0.0
Q1_optimizer_EJ,random,64,train_instance_accuracy,26457,303,0.0
Q1_optimizer_EJ,random,64,clipping,22360,301,0.0
Q1_optimizer_EJ,random,64,clipping,22360,302,0.0
Q1_optimizer_EJ,random,64,clipping,22360,303,0.0
Q1_optimizer_EJ,random,64,clipping,24494,301,0.0
Q1_optimizer_EJ,random,64,clipping,24494,302,0.0
Q1_optimizer_EJ,random,64,clipping,24494,303,0.0
Q1_optimizer_EJ,random,64,clipping,26457,301,0.0
Q1_optimizer_EJ,random,64,clipping,26457,302,0.0
Q1_optimizer_EJ,random,64,clipping,26457,303,0.0
Q1_optimizer_EJ,random,128,p,22360,301,0.013922462831037916
Q1_optimizer_EJ,random,128,p,22360,302,0.014279703859860028
Q1_optimizer_EJ,random,128,p,22360,303,0.011758299714268845
Q1_optimizer_EJ,random,128,p,24494,301,0.01551273731608338
Q1_optimizer_EJ,random,128,p,24494,302,0.024482608304555446
Q1_optimizer_EJ,random,128,p,24494,303,0.018897805428649585
Q1_optimizer_EJ,random,128,p,26457,301,0.01802873505072125
Q1_optimizer_EJ,random,128,p,26457,302,0.022172598793986927
Q1_optimizer_EJ,random,128,p,26457,303,0.011350663105873723
Q1_optimizer_EJ,random,128,train_nll,22360,301,-0.22866272926330566
Q1_optimizer_EJ,random,128,train_nll,22360,302,-0.22487545013427734
Q1_optimizer_EJ,random,128,train_nll,22360,303,-0.25059664249420166
Q1_optimizer_EJ,random,128,train_nll,24494,301,-0.21693813800811768
Q1_optimizer_EJ,random,128,train_nll,24494,302,-0.16753661632537842
Q1_optimizer_EJ,random,128,train_nll,24494,303,-0.21386778354644775
Q1_optimizer_EJ,random,128,train_nll,26457,301,-0.21922528743743896
Q1_optimizer_EJ,random,128,train_nll,26457,302,-0.20685148239135742
Q1_optimizer_EJ,random,128,train_nll,26457,303,-0.2246565818786621
Q1_optimizer_EJ,random,128,validation_nll,22360,301,-0.14376401901245117
Q1_optimizer_EJ,random,128,validation_nll,22360,302,-0.14441633224487305
Q1_optimizer_EJ,random,128,validation_nll,22360,303,-0.19770050048828125
Q1_optimizer_EJ,random,128,validation_nll,24494,301,-0.17193007469177246
Q1_optimizer_EJ,random,128,validation_nll,24494,302,-0.09645891189575195
Q1_optimizer_EJ,random,128,validation_nll,24494,303,-0.15762591361999512
Q1_optimizer_EJ,random,128,validation_nll,26457,301,-0.1425309181213379
Q1_optimizer_EJ,random,128,validation_nll,26457,302,-0.131300687789917
Q1_optimizer_EJ,random,128,validation_nll,26457,303,-0.17438936233520508
Q1_optimizer_EJ,random,128,test_nll,22360,301,-0.16710925102233887
Q1_optimizer_EJ,random,128,test_nll,22360,302,-0.16080117225646973
Q1_optimizer_EJ,random,128,test_nll,22360,303,-0.20069360733032227
Q1_optimizer_EJ,random,128,test_nll,24494,301,-0.17150378227233887
Q1_optimizer_EJ,random,128,test_nll,24494,302,-0.07638120651245117
Q1_optimizer_EJ,random,128,test_nll,24494,303,-0.15041494369506836
Q1_optimizer_EJ,random,128,test_nll,26457,301,-0.1419210433959961
Q1_optimizer_EJ,random,128,test_nll,26457,302,-0.12294340133666992
Q1_optimizer_EJ,random,128,test_nll,26457,303,-0.1648247241973877
Q1_optimizer_EJ,random,128,train_instance_accuracy,22360,301,0.0439453125
Q1_optimizer_EJ,random,128,train_instance_accuracy,22360,302,0.04248046875
Q1_optimizer_EJ,random,128,train_instance_accuracy,22360,303,0.04443359375
Q1_optimizer_EJ,random,128,train_instance_accuracy,24494,301,0.0185546875
Q1_optimizer_EJ,random,128,train_instance_accuracy,24494,302,0.02880859375
Q1_optimizer_EJ,random,128,train_instance_accuracy,24494,303,0.0283203125
Q1_optimizer_EJ,random,128,train_instance_accuracy,26457,301,0.04296875
Q1_optimizer_EJ,random,128,train_instance_accuracy,26457,302,0.0341796875
Q1_optimizer_EJ,random,128,train_instance_accuracy,26457,303,0.03662109375
Q1_optimizer_EJ,random,128,clipping,22360,301,0.0
Q1_optimizer_EJ,random,128,clipping,22360,302,0.0
Q1_optimizer_EJ,random,128,clipping,22360,303,-0.006249999999999978
Q1_optimizer_EJ,random,128,clipping,24494,301,0.0
Q1_optimizer_EJ,random,128,clipping,24494,302,0.0
Q1_optimizer_EJ,random,128,clipping,24494,303,0.0
Q1_optimizer_EJ,random,128,clipping,26457,301,0.0
Q1_optimizer_EJ,random,128,clipping,26457,302,0.0
Q1_optimizer_EJ,random,128,clipping,26457,303,0.0
Q1_optimizer_EJ,random,256,p,22360,301,-0.0010421752877070659
Q1_optimizer_EJ,random,256,p,22360,302,-0.0009906659652893848
Q1_optimizer_EJ,random,256,p,22360,303,-0.0006723955504157539
Q1_optimizer_EJ,random,256,p,24494,301,-0.001102307239952298
Q1_optimizer_EJ,random,256,p,24494,302,-0.001204195341276866
Q1_optimizer_EJ,random,256,p,24494,303,-0.0008714559716667403
Q1_optimizer_EJ,random,256,p,26457,301,-0.0007561246754658885
Q1_optimizer_EJ,random,256,p,26457,302,-0.000936783177451897
Q1_optimizer_EJ,random,256,p,26457,303,-0.0009332238890655195
Q1_optimizer_EJ,random,256,train_nll,22360,301,0.000431060791015625
Q1_optimizer_EJ,random,256,train_nll,22360,302,0.0032919645309448242
Q1_optimizer_EJ,random,256,train_nll,22360,303,0.0035393238067626953
Q1_optimizer_EJ,random,256,train_nll,24494,301,0.0022879838943481445
Q1_optimizer_EJ,random,256,train_nll,24494,302,0.0014066696166992188
Q1_optimizer_EJ,random,256,train_nll,24494,303,0.004729628562927246
Q1_optimizer_EJ,random,256,train_nll,26457,301,0.005153775215148926
Q1_optimizer_EJ,random,256,train_nll,26457,302,0.003777742385864258
Q1_optimizer_EJ,random,256,train_nll,26457,303,0.003439188003540039
Q1_optimizer_EJ,random,256,validation_nll,22360,301,-0.006624460220336914
Q1_optimizer_EJ,random,256,validation_nll,22360,302,-0.002962827682495117
Q1_optimizer_EJ,random,256,validation_nll,22360,303,-0.0010328292846679688
Q1_optimizer_EJ,random,256,validation_nll,24494,301,-0.003994941711425781
Q1_optimizer_EJ,random,256,validation_nll,24494,302,-0.0041582584381103516
Q1_optimizer_EJ,random,256,validation_nll,24494,303,-0.00022459030151367188
Q1_optimizer_EJ,random,256,validation_nll,26457,301,-0.0002932548522949219
Q1_optimizer_EJ,random,256,validation_nll,26457,302,-0.002996206283569336
Q1_optimizer_EJ,random,256,validation_nll,26457,303,-0.002351522445678711
Q1_optimizer_EJ,random,256,test_nll,22360,301,-0.005769252777099609
Q1_optimizer_EJ,random,256,test_nll,22360,302,-0.002595186233520508
Q1_optimizer_EJ,random,256,test_nll,22360,303,-0.0017042160034179688
Q1_optimizer_EJ,random,256,test_nll,24494,301,-0.004649639129638672
Q1_optimizer_EJ,random,256,test_nll,24494,302,-0.005154609680175781
Q1_optimizer_EJ,random,256,test_nll,24494,303,-0.0012707710266113281
Q1_optimizer_EJ,random,256,test_nll,26457,301,0.00044155120849609375
Q1_optimizer_EJ,random,256,test_nll,26457,302,-0.002899646759033203
Q1_optimizer_EJ,random,256,test_nll,26457,303,-0.0018987655639648438
Q1_optimizer_EJ,random,256,train_instance_accuracy,22360,301,-0.00390625
Q1_optimizer_EJ,random,256,train_instance_accuracy,22360,302,-0.0009765625
Q1_optimizer_EJ,random,256,train_instance_accuracy,22360,303,-0.00341796875
Q1_optimizer_EJ,random,256,train_instance_accuracy,24494,301,-0.001953125
Q1_optimizer_EJ,random,256,train_instance_accuracy,24494,302,-0.00439453125
Q1_optimizer_EJ,random,256,train_instance_accuracy,24494,303,-0.0009765625
Q1_optimizer_EJ,random,256,train_instance_accuracy,26457,301,0.0
Q1_optimizer_EJ,random,256,train_instance_accuracy,26457,302,-0.00244140625
Q1_optimizer_EJ,random,256,train_instance_accuracy,26457,303,0.0
Q1_optimizer_EJ,random,256,clipping,22360,301,0.0
Q1_optimizer_EJ,random,256,clipping,22360,302,0.0
Q1_optimizer_EJ,random,256,clipping,22360,303,0.0
Q1_optimizer_EJ,random,256,clipping,24494,301,0.0
Q1_optimizer_EJ,random,256,clipping,24494,302,0.0
Q1_optimizer_EJ,random,256,clipping,24494,303,0.0
Q1_optimizer_EJ,random,256,clipping,26457,301,0.0
Q1_optimizer_EJ,random,256,clipping,26457,302,0.0
Q1_optimizer_EJ,random,256,clipping,26457,303,0.0
Q1_optimizer_EJ,uniform,64,p,22360,301,
Q1_optimizer_EJ,uniform,64,p,22360,302,
Q1_optimizer_EJ,uniform,64,p,22360,303,
Q1_optimizer_EJ,uniform,64,p,24494,301,
Q1_optimizer_EJ,uniform,64,p,24494,302,
Q1_optimizer_EJ,uniform,64,p,24494,303,
Q1_optimizer_EJ,uniform,64,p,26457,301,
Q1_optimizer_EJ,uniform,64,p,26457,302,
Q1_optimizer_EJ,uniform,64,p,26457,303,
Q1_optimizer_EJ,uniform,64,train_nll,22360,301,0.0
Q1_optimizer_EJ,uniform,64,train_nll,22360,302,0.0
Q1_optimizer_EJ,uniform,64,train_nll,22360,303,0.0
Q1_optimizer_EJ,uniform,64,train_nll,24494,301,0.0
Q1_optimizer_EJ,uniform,64,train_nll,24494,302,0.0
Q1_optimizer_EJ,uniform,64,train_nll,24494,303,0.0
Q1_optimizer_EJ,uniform,64,train_nll,26457,301,0.0
Q1_optimizer_EJ,uniform,64,train_nll,26457,302,0.0
Q1_optimizer_EJ,uniform,64,train_nll,26457,303,0.0
Q1_optimizer_EJ,uniform,64,validation_nll,22360,301,0.0
Q1_optimizer_EJ,uniform,64,validation_nll,22360,302,0.0
Q1_optimizer_EJ,uniform,64,validation_nll,22360,303,0.0
Q1_optimizer_EJ,uniform,64,validation_nll,24494,301,0.0
Q1_optimizer_EJ,uniform,64,validation_nll,24494,302,0.0
Q1_optimizer_EJ,uniform,64,validation_nll,24494,303,0.0
Q1_optimizer_EJ,uniform,64,validation_nll,26457,301,0.0
Q1_optimizer_EJ,uniform,64,validation_nll,26457,302,0.0
Q1_optimizer_EJ,uniform,64,validation_nll,26457,303,0.0
Q1_optimizer_EJ,uniform,64,test_nll,22360,301,0.0
Q1_optimizer_EJ,uniform,64,test_nll,22360,302,0.0
Q1_optimizer_EJ,uniform,64,test_nll,22360,303,0.0
Q1_optimizer_EJ,uniform,64,test_nll,24494,301,0.0
Q1_optimizer_EJ,uniform,64,test_nll,24494,302,0.0
Q1_optimizer_EJ,uniform,64,test_nll,24494,303,0.0
Q1_optimizer_EJ,uniform,64,test_nll,26457,301,0.0
Q1_optimizer_EJ,uniform,64,test_nll,26457,302,0.0
Q1_optimizer_EJ,uniform,64,test_nll,26457,303,0.0
Q1_optimizer_EJ,uniform,64,train_instance_accuracy,22360,301,0.0
Q1_optimizer_EJ,uniform,64,train_instance_accuracy,22360,302,0.0
Q1_optimizer_EJ,uniform,64,train_instance_accuracy,22360,303,0.0
Q1_optimizer_EJ,uniform,64,train_instance_accuracy,24494,301,0.0
Q1_optimizer_EJ,uniform,64,train_instance_accuracy,24494,302,0.0
Q1_optimizer_EJ,uniform,64,train_instance_accuracy,24494,303,0.0
Q1_optimizer_EJ,uniform,64,train_instance_accuracy,26457,301,0.0
Q1_optimizer_EJ,uniform,64,train_instance_accuracy,26457,302,0.0
Q1_optimizer_EJ,uniform,64,train_instance_accuracy,26457,303,0.0
Q1_optimizer_EJ,uniform,64,clipping,22360,301,0.0
Q1_optimizer_EJ,uniform,64,clipping,22360,302,0.0
Q1_optimizer_EJ,uniform,64,clipping,22360,303,0.0
Q1_optimizer_EJ,uniform,64,clipping,24494,301,0.0
Q1_optimizer_EJ,uniform,64,clipping,24494,302,0.0
Q1_optimizer_EJ,uniform,64,clipping,24494,303,0.0
Q1_optimizer_EJ,uniform,64,clipping,26457,301,0.0
Q1_optimizer_EJ,uniform,64,clipping,26457,302,0.0
Q1_optimizer_EJ,uniform,64,clipping,26457,303,0.0
Q1_optimizer_EJ,uniform,128,p,22360,301,
Q1_optimizer_EJ,uniform,128,p,22360,302,
Q1_optimizer_EJ,uniform,128,p,22360,303,
Q1_optimizer_EJ,uniform,128,p,24494,301,
Q1_optimizer_EJ,uniform,128,p,24494,302,
Q1_optimizer_EJ,uniform,128,p,24494,303,
Q1_optimizer_EJ,uniform,128,p,26457,301,
Q1_optimizer_EJ,uniform,128,p,26457,302,
Q1_optimizer_EJ,uniform,128,p,26457,303,
Q1_optimizer_EJ,uniform,128,train_nll,22360,301,-0.23824024200439453
Q1_optimizer_EJ,uniform,128,train_nll,22360,302,-0.18844151496887207
Q1_optimizer_EJ,uniform,128,train_nll,22360,303,-0.1801316738128662
Q1_optimizer_EJ,uniform,128,train_nll,24494,301,-0.22292232513427734
Q1_optimizer_EJ,uniform,128,train_nll,24494,302,-0.18714499473571777
Q1_optimizer_EJ,uniform,128,train_nll,24494,303,-0.19580960273742676
Q1_optimizer_EJ,uniform,128,train_nll,26457,301,-0.2508803606033325
Q1_optimizer_EJ,uniform,128,train_nll,26457,302,-0.2265019416809082
Q1_optimizer_EJ,uniform,128,train_nll,26457,303,-0.19877564907073975
Q1_optimizer_EJ,uniform,128,validation_nll,22360,301,-0.1395803689956665
Q1_optimizer_EJ,uniform,128,validation_nll,22360,302,-0.08210349082946777
Q1_optimizer_EJ,uniform,128,validation_nll,22360,303,-0.0772169828414917
Q1_optimizer_EJ,uniform,128,validation_nll,24494,301,-0.14140915870666504
Q1_optimizer_EJ,uniform,128,validation_nll,24494,302,-0.1047964096069336
Q1_optimizer_EJ,uniform,128,validation_nll,24494,303,-0.08325421810150146
Q1_optimizer_EJ,uniform,128,validation_nll,26457,301,-0.15251493453979492
Q1_optimizer_EJ,uniform,128,validation_nll,26457,302,-0.12488758563995361
Q1_optimizer_EJ,uniform,128,validation_nll,26457,303,-0.0884171724319458
Q1_optimizer_EJ,uniform,128,test_nll,22360,301,-0.1468956470489502
Q1_optimizer_EJ,uniform,128,test_nll,22360,302,-0.08819782733917236
Q1_optimizer_EJ,uniform,128,test_nll,22360,303,-0.0680924654006958
Q1_optimizer_EJ,uniform,128,test_nll,24494,301,-0.13728463649749756
Q1_optimizer_EJ,uniform,128,test_nll,24494,302,-0.09367251396179199
Q1_optimizer_EJ,uniform,128,test_nll,24494,303,-0.06853723526000977
Q1_optimizer_EJ,uniform,128,test_nll,26457,301,-0.1509227752685547
Q1_optimizer_EJ,uniform,128,test_nll,26457,302,-0.11515414714813232
Q1_optimizer_EJ,uniform,128,test_nll,26457,303,-0.08337271213531494
Q1_optimizer_EJ,uniform,128,train_instance_accuracy,22360,301,0.0419921875
Q1_optimizer_EJ,uniform,128,train_instance_accuracy,22360,302,0.052734375
Q1_optimizer_EJ,uniform,128,train_instance_accuracy,22360,303,0.04931640625
Q1_optimizer_EJ,uniform,128,train_instance_accuracy,24494,301,0.03759765625
Q1_optimizer_EJ,uniform,128,train_instance_accuracy,24494,302,0.03515625
Q1_optimizer_EJ,uniform,128,train_instance_accuracy,24494,303,0.03173828125
Q1_optimizer_EJ,uniform,128,train_instance_accuracy,26457,301,0.044921875
Q1_optimizer_EJ,uniform,128,train_instance_accuracy,26457,302,0.05078125
Q1_optimizer_EJ,uniform,128,train_instance_accuracy,26457,303,0.03955078125
Q1_optimizer_EJ,uniform,128,clipping,22360,301,-0.05625000000000002
Q1_optimizer_EJ,uniform,128,clipping,22360,302,-0.09375
Q1_optimizer_EJ,uniform,128,clipping,22360,303,-0.0625
Q1_optimizer_EJ,uniform,128,clipping,24494,301,-0.05625000000000002
Q1_optimizer_EJ,uniform,128,clipping,24494,302,-0.043749999999999956
Q1_optimizer_EJ,uniform,128,clipping,24494,303,-0.050000000000000044
Q1_optimizer_EJ,uniform,128,clipping,26457,301,-0.025000000000000022
Q1_optimizer_EJ,uniform,128,clipping,26457,302,-0.012499999999999956
Q1_optimizer_EJ,uniform,128,clipping,26457,303,-0.03125
Q1_optimizer_EJ,uniform,256,p,22360,301,
Q1_optimizer_EJ,uniform,256,p,22360,302,
Q1_optimizer_EJ,uniform,256,p,22360,303,
Q1_optimizer_EJ,uniform,256,p,24494,301,
Q1_optimizer_EJ,uniform,256,p,24494,302,
Q1_optimizer_EJ,uniform,256,p,24494,303,
Q1_optimizer_EJ,uniform,256,p,26457,301,
Q1_optimizer_EJ,uniform,256,p,26457,302,
Q1_optimizer_EJ,uniform,256,p,26457,303,
Q1_optimizer_EJ,uniform,256,train_nll,22360,301,0.006698012351989746
Q1_optimizer_EJ,uniform,256,train_nll,22360,302,0.006600022315979004
Q1_optimizer_EJ,uniform,256,train_nll,22360,303,0.006410002708435059
Q1_optimizer_EJ,uniform,256,train_nll,24494,301,0.007284998893737793
Q1_optimizer_EJ,uniform,256,train_nll,24494,302,0.006286025047302246
Q1_optimizer_EJ,uniform,256,train_nll,24494,303,0.007047891616821289
Q1_optimizer_EJ,uniform,256,train_nll,26457,301,0.007227301597595215
Q1_optimizer_EJ,uniform,256,train_nll,26457,302,0.006322622299194336
Q1_optimizer_EJ,uniform,256,train_nll,26457,303,0.006464958190917969
Q1_optimizer_EJ,uniform,256,validation_nll,22360,301,0.002722024917602539
Q1_optimizer_EJ,uniform,256,validation_nll,22360,302,0.0018213987350463867
Q1_optimizer_EJ,uniform,256,validation_nll,22360,303,0.0002454519271850586
Q1_optimizer_EJ,uniform,256,validation_nll,24494,301,0.002543926239013672
Q1_optimizer_EJ,uniform,256,validation_nll,24494,302,0.002542257308959961
Q1_optimizer_EJ,uniform,256,validation_nll,24494,303,0.002016305923461914
Q1_optimizer_EJ,uniform,256,validation_nll,26457,301,0.0020099878311157227
Q1_optimizer_EJ,uniform,256,validation_nll,26457,302,0.0016068220138549805
Q1_optimizer_EJ,uniform,256,validation_nll,26457,303,0.0012810230255126953
Q1_optimizer_EJ,uniform,256,test_nll,22360,301,0.0025920867919921875
Q1_optimizer_EJ,uniform,256,test_nll,22360,302,0.0019898414611816406
Q1_optimizer_EJ,uniform,256,test_nll,22360,303,0.0005385875701904297
Q1_optimizer_EJ,uniform,256,test_nll,24494,301,0.0023276805877685547
Q1_optimizer_EJ,uniform,256,test_nll,24494,302,0.0020874738693237305
Q1_optimizer_EJ,uniform,256,test_nll,24494,303,0.0021604299545288086
Q1_optimizer_EJ,uniform,256,test_nll,26457,301,0.001765608787536621
Q1_optimizer_EJ,uniform,256,test_nll,26457,302,0.001032114028930664
Q1_optimizer_EJ,uniform,256,test_nll,26457,303,0.0015187263488769531
Q1_optimizer_EJ,uniform,256,train_instance_accuracy,22360,301,0.0
Q1_optimizer_EJ,uniform,256,train_instance_accuracy,22360,302,-0.00048828125
Q1_optimizer_EJ,uniform,256,train_instance_accuracy,22360,303,-0.00244140625
Q1_optimizer_EJ,uniform,256,train_instance_accuracy,24494,301,0.00146484375
Q1_optimizer_EJ,uniform,256,train_instance_accuracy,24494,302,0.0
Q1_optimizer_EJ,uniform,256,train_instance_accuracy,24494,303,0.00048828125
Q1_optimizer_EJ,uniform,256,train_instance_accuracy,26457,301,-0.0029296875
Q1_optimizer_EJ,uniform,256,train_instance_accuracy,26457,302,-0.00048828125
Q1_optimizer_EJ,uniform,256,train_instance_accuracy,26457,303,-0.00146484375
Q1_optimizer_EJ,uniform,256,clipping,22360,301,0.0
Q1_optimizer_EJ,uniform,256,clipping,22360,302,0.0
Q1_optimizer_EJ,uniform,256,clipping,22360,303,0.0
Q1_optimizer_EJ,uniform,256,clipping,24494,301,0.0
Q1_optimizer_EJ,uniform,256,clipping,24494,302,0.006249999999999978
Q1_optimizer_EJ,uniform,256,clipping,24494,303,0.0
Q1_optimizer_EJ,uniform,256,clipping,26457,301,0.0
Q1_optimizer_EJ,uniform,256,clipping,26457,302,-0.006249999999999978
Q1_optimizer_EJ,uniform,256,clipping,26457,303,0.006249999999999978
Q1_duration_F,random,64,p,22360,301,0.0
Q1_duration_F,random,64,p,22360,302,0.0
Q1_duration_F,random,64,p,22360,303,0.0
Q1_duration_F,random,64,p,24494,301,0.0
Q1_duration_F,random,64,p,24494,302,0.0
Q1_duration_F,random,64,p,24494,303,0.0
Q1_duration_F,random,64,p,26457,301,0.0
Q1_duration_F,random,64,p,26457,302,0.0
Q1_duration_F,random,64,p,26457,303,0.0
Q1_duration_F,random,64,train_nll,22360,301,0.0
Q1_duration_F,random,64,train_nll,22360,302,0.0
Q1_duration_F,random,64,train_nll,22360,303,0.0
Q1_duration_F,random,64,train_nll,24494,301,0.0
Q1_duration_F,random,64,train_nll,24494,302,0.0
Q1_duration_F,random,64,train_nll,24494,303,0.0
Q1_duration_F,random,64,train_nll,26457,301,0.0
Q1_duration_F,random,64,train_nll,26457,302,0.0
Q1_duration_F,random,64,train_nll,26457,303,0.0
Q1_duration_F,random,64,validation_nll,22360,301,0.0
Q1_duration_F,random,64,validation_nll,22360,302,0.0
Q1_duration_F,random,64,validation_nll,22360,303,0.0
Q1_duration_F,random,64,validation_nll,24494,301,0.0
Q1_duration_F,random,64,validation_nll,24494,302,0.0
Q1_duration_F,random,64,validation_nll,24494,303,0.0
Q1_duration_F,random,64,validation_nll,26457,301,0.0
Q1_duration_F,random,64,validation_nll,26457,302,0.0
Q1_duration_F,random,64,validation_nll,26457,303,0.0
Q1_duration_F,random,64,test_nll,22360,301,0.0
Q1_duration_F,random,64,test_nll,22360,302,0.0
Q1_duration_F,random,64,test_nll,22360,303,0.0
Q1_duration_F,random,64,test_nll,24494,301,0.0
Q1_duration_F,random,64,test_nll,24494,302,0.0
Q1_duration_F,random,64,test_nll,24494,303,0.0
Q1_duration_F,random,64,test_nll,26457,301,0.0
Q1_duration_F,random,64,test_nll,26457,302,0.0
Q1_duration_F,random,64,test_nll,26457,303,0.0
Q1_duration_F,random,64,train_instance_accuracy,22360,301,0.0
Q1_duration_F,random,64,train_instance_accuracy,22360,302,0.0
Q1_duration_F,random,64,train_instance_accuracy,22360,303,0.0
Q1_duration_F,random,64,train_instance_accuracy,24494,301,0.0
Q1_duration_F,random,64,train_instance_accuracy,24494,302,0.0
Q1_duration_F,random,64,train_instance_accuracy,24494,303,0.0
Q1_duration_F,random,64,train_instance_accuracy,26457,301,0.0
Q1_duration_F,random,64,train_instance_accuracy,26457,302,0.0
Q1_duration_F,random,64,train_instance_accuracy,26457,303,0.0
Q1_duration_F,random,64,clipping,22360,301,0.0
Q1_duration_F,random,64,clipping,22360,302,0.0
Q1_duration_F,random,64,clipping,22360,303,0.0
Q1_duration_F,random,64,clipping,24494,301,0.0
Q1_duration_F,random,64,clipping,24494,302,0.0
Q1_duration_F,random,64,clipping,24494,303,0.0
Q1_duration_F,random,64,clipping,26457,301,0.0
Q1_duration_F,random,64,clipping,26457,302,0.0
Q1_duration_F,random,64,clipping,26457,303,0.0
Q1_duration_F,random,128,p,22360,301,-0.06654353496383639
Q1_duration_F,random,128,p,22360,302,-0.07132844823039561
Q1_duration_F,random,128,p,22360,303,-0.06490445171751413
Q1_duration_F,random,128,p,24494,301,-0.07315181342440781
Q1_duration_F,random,128,p,24494,302,-0.08003273592859592
Q1_duration_F,random,128,p,24494,303,-0.06779458613549155
Q1_duration_F,random,128,p,26457,301,-0.07318117953489357
Q1_duration_F,random,128,p,26457,302,-0.08277213506443754
Q1_duration_F,random,128,p,26457,303,-0.06726144788467867
Q1_duration_F,random,128,train_nll,22360,301,0.27208876609802246
Q1_duration_F,random,128,train_nll,22360,302,0.22117125988006592
Q1_duration_F,random,128,train_nll,22360,303,0.29425907135009766
Q1_duration_F,random,128,train_nll,24494,301,0.24051642417907715
Q1_duration_F,random,128,train_nll,24494,302,0.1993546485900879
Q1_duration_F,random,128,train_nll,24494,303,0.27927541732788086
Q1_duration_F,random,128,train_nll,26457,301,0.259907603263855
Q1_duration_F,random,128,train_nll,26457,302,0.20205473899841309
Q1_duration_F,random,128,train_nll,26457,303,0.28404927253723145
Q1_duration_F,random,128,validation_nll,22360,301,-0.06209421157836914
Q1_duration_F,random,128,validation_nll,22360,302,-0.12648487091064453
Q1_duration_F,random,128,validation_nll,22360,303,0.013479948043823242
Q1_duration_F,random,128,validation_nll,24494,301,-0.008929729461669922
Q1_duration_F,random,128,validation_nll,24494,302,-0.05873703956604004
Q1_duration_F,random,128,validation_nll,24494,303,0.052718162536621094
Q1_duration_F,random,128,validation_nll,26457,301,-0.053110361099243164
Q1_duration_F,random,128,validation_nll,26457,302,-0.07569622993469238
Q1_duration_F,random,128,validation_nll,26457,303,0.008416175842285156
Q1_duration_F,random,128,test_nll,22360,301,-0.022448301315307617
Q1_duration_F,random,128,test_nll,22360,302,-0.09647130966186523
Q1_duration_F,random,128,test_nll,22360,303,0.014307975769042969
Q1_duration_F,random,128,test_nll,24494,301,-0.031032800674438477
Q1_duration_F,random,128,test_nll,24494,302,-0.11425948143005371
Q1_duration_F,random,128,test_nll,24494,303,0.021094083786010742
Q1_duration_F,random,128,test_nll,26457,301,-0.03554511070251465
Q1_duration_F,random,128,test_nll,26457,302,-0.09753942489624023
Q1_duration_F,random,128,test_nll,26457,303,-0.005096912384033203
Q1_duration_F,random,128,train_instance_accuracy,22360,301,-0.119140625
Q1_duration_F,random,128,train_instance_accuracy,22360,302,-0.11328125
Q1_duration_F,random,128,train_instance_accuracy,22360,303,-0.11865234375
Q1_duration_F,random,128,train_instance_accuracy,24494,301,-0.095703125
Q1_duration_F,random,128,train_instance_accuracy,24494,302,-0.0888671875
Q1_duration_F,random,128,train_instance_accuracy,24494,303,-0.0859375
Q1_duration_F,random,128,train_instance_accuracy,26457,301,-0.12109375
Q1_duration_F,random,128,train_instance_accuracy,26457,302,-0.1162109375
Q1_duration_F,random,128,train_instance_accuracy,26457,303,-0.10986328125
Q1_duration_F,random,128,clipping,22360,301,0.0
Q1_duration_F,random,128,clipping,22360,302,0.0
Q1_duration_F,random,128,clipping,22360,303,0.0
Q1_duration_F,random,128,clipping,24494,301,0.0
Q1_duration_F,random,128,clipping,24494,302,0.0
Q1_duration_F,random,128,clipping,24494,303,0.0
Q1_duration_F,random,128,clipping,26457,301,0.0
Q1_duration_F,random,128,clipping,26457,302,0.0
Q1_duration_F,random,128,clipping,26457,303,0.0
Q1_duration_F,random,256,p,22360,301,-0.11288182102303929
Q1_duration_F,random,256,p,22360,302,-0.09902524748125903
Q1_duration_F,random,256,p,22360,303,-0.11510238829849814
Q1_duration_F,random,256,p,24494,301,-0.10080270705390285
Q1_duration_F,random,256,p,24494,302,-0.1135947072381844
Q1_duration_F,random,256,p,24494,303,-0.10797224354482504
Q1_duration_F,random,256,p,26457,301,-0.09769536341658064
Q1_duration_F,random,256,p,26457,302,-0.1059468991727455
Q1_duration_F,random,256,p,26457,303,-0.10344313230849847
Q1_duration_F,random,256,train_nll,22360,301,0.35495996475219727
Q1_duration_F,random,256,train_nll,22360,302,0.4456183910369873
Q1_duration_F,random,256,train_nll,22360,303,0.36454975605010986
Q1_duration_F,random,256,train_nll,24494,301,0.46550512313842773
Q1_duration_F,random,256,train_nll,24494,302,0.3637998104095459
Q1_duration_F,random,256,train_nll,24494,303,0.484810471534729
Q1_duration_F,random,256,train_nll,26457,301,0.46699225902557373
Q1_duration_F,random,256,train_nll,26457,302,0.41877448558807373
Q1_duration_F,random,256,train_nll,26457,303,0.4714395999908447
Q1_duration_F,random,256,validation_nll,22360,301,-0.8257608413696289
Q1_duration_F,random,256,validation_nll,22360,302,-0.6455230712890625
Q1_duration_F,random,256,validation_nll,22360,303,-0.7455589771270752
Q1_duration_F,random,256,validation_nll,24494,301,-0.6314501762390137
Q1_duration_F,random,256,validation_nll,24494,302,-0.6938357353210449
Q1_duration_F,random,256,validation_nll,24494,303,-0.6992361545562744
Q1_duration_F,random,256,validation_nll,26457,301,-0.643770694732666
Q1_duration_F,random,256,validation_nll,26457,302,-0.6388552188873291
Q1_duration_F,random,256,validation_nll,26457,303,-0.6657595634460449
Q1_duration_F,random,256,test_nll,22360,301,-0.7929286956787109
Q1_duration_F,random,256,test_nll,22360,302,-0.5552375316619873
Q1_duration_F,random,256,test_nll,22360,303,-0.7721264362335205
Q1_duration_F,random,256,test_nll,24494,301,-0.6567506790161133
Q1_duration_F,random,256,test_nll,24494,302,-0.6910746097564697
Q1_duration_F,random,256,test_nll,24494,303,-0.7283544540405273
Q1_duration_F,random,256,test_nll,26457,301,-0.642430305480957
Q1_duration_F,random,256,test_nll,26457,302,-0.657933235168457
Q1_duration_F,random,256,test_nll,26457,303,-0.6669092178344727
Q1_duration_F,random,256,train_instance_accuracy,22360,301,-0.33056640625
Q1_duration_F,random,256,train_instance_accuracy,22360,302,-0.318359375
Q1_duration_F,random,256,train_instance_accuracy,22360,303,-0.30712890625
Q1_duration_F,random,256,train_instance_accuracy,24494,301,-0.34765625
Q1_duration_F,random,256,train_instance_accuracy,24494,302,-0.30322265625
Q1_duration_F,random,256,train_instance_accuracy,24494,303,-0.3466796875
Q1_duration_F,random,256,train_instance_accuracy,26457,301,-0.3349609375
Q1_duration_F,random,256,train_instance_accuracy,26457,302,-0.33349609375
Q1_duration_F,random,256,train_instance_accuracy,26457,303,-0.32373046875
Q1_duration_F,random,256,clipping,22360,301,0.0
Q1_duration_F,random,256,clipping,22360,302,0.0
Q1_duration_F,random,256,clipping,22360,303,0.0
Q1_duration_F,random,256,clipping,24494,301,0.0
Q1_duration_F,random,256,clipping,24494,302,0.0
Q1_duration_F,random,256,clipping,24494,303,0.0
Q1_duration_F,random,256,clipping,26457,301,0.0
Q1_duration_F,random,256,clipping,26457,302,0.0
Q1_duration_F,random,256,clipping,26457,303,0.0
Q1_duration_F,uniform,64,p,22360,301,
Q1_duration_F,uniform,64,p,22360,302,
Q1_duration_F,uniform,64,p,22360,303,
Q1_duration_F,uniform,64,p,24494,301,
Q1_duration_F,uniform,64,p,24494,302,
Q1_duration_F,uniform,64,p,24494,303,
Q1_duration_F,uniform,64,p,26457,301,
Q1_duration_F,uniform,64,p,26457,302,
Q1_duration_F,uniform,64,p,26457,303,
Q1_duration_F,uniform,64,train_nll,22360,301,0.0
Q1_duration_F,uniform,64,train_nll,22360,302,0.0
Q1_duration_F,uniform,64,train_nll,22360,303,0.0
Q1_duration_F,uniform,64,train_nll,24494,301,0.0
Q1_duration_F,uniform,64,train_nll,24494,302,0.0
Q1_duration_F,uniform,64,train_nll,24494,303,0.0
Q1_duration_F,uniform,64,train_nll,26457,301,0.0
Q1_duration_F,uniform,64,train_nll,26457,302,0.0
Q1_duration_F,uniform,64,train_nll,26457,303,0.0
Q1_duration_F,uniform,64,validation_nll,22360,301,0.0
Q1_duration_F,uniform,64,validation_nll,22360,302,0.0
Q1_duration_F,uniform,64,validation_nll,22360,303,0.0
Q1_duration_F,uniform,64,validation_nll,24494,301,0.0
Q1_duration_F,uniform,64,validation_nll,24494,302,0.0
Q1_duration_F,uniform,64,validation_nll,24494,303,0.0
Q1_duration_F,uniform,64,validation_nll,26457,301,0.0
Q1_duration_F,uniform,64,validation_nll,26457,302,0.0
Q1_duration_F,uniform,64,validation_nll,26457,303,0.0
Q1_duration_F,uniform,64,test_nll,22360,301,0.0
Q1_duration_F,uniform,64,test_nll,22360,302,0.0
Q1_duration_F,uniform,64,test_nll,22360,303,0.0
Q1_duration_F,uniform,64,test_nll,24494,301,0.0
Q1_duration_F,uniform,64,test_nll,24494,302,0.0
Q1_duration_F,uniform,64,test_nll,24494,303,0.0
Q1_duration_F,uniform,64,test_nll,26457,301,0.0
Q1_duration_F,uniform,64,test_nll,26457,302,0.0
Q1_duration_F,uniform,64,test_nll,26457,303,0.0
Q1_duration_F,uniform,64,train_instance_accuracy,22360,301,0.0
Q1_duration_F,uniform,64,train_instance_accuracy,22360,302,0.0
Q1_duration_F,uniform,64,train_instance_accuracy,22360,303,0.0
Q1_duration_F,uniform,64,train_instance_accuracy,24494,301,0.0
Q1_duration_F,uniform,64,train_instance_accuracy,24494,302,0.0
Q1_duration_F,uniform,64,train_instance_accuracy,24494,303,0.0
Q1_duration_F,uniform,64,train_instance_accuracy,26457,301,0.0
Q1_duration_F,uniform,64,train_instance_accuracy,26457,302,0.0
Q1_duration_F,uniform,64,train_instance_accuracy,26457,303,0.0
Q1_duration_F,uniform,64,clipping,22360,301,0.0
Q1_duration_F,uniform,64,clipping,22360,302,0.0
Q1_duration_F,uniform,64,clipping,22360,303,0.0
Q1_duration_F,uniform,64,clipping,24494,301,0.0
Q1_duration_F,uniform,64,clipping,24494,302,0.0
Q1_duration_F,uniform,64,clipping,24494,303,0.0
Q1_duration_F,uniform,64,clipping,26457,301,0.0
Q1_duration_F,uniform,64,clipping,26457,302,0.0
Q1_duration_F,uniform,64,clipping,26457,303,0.0
Q1_duration_F,uniform,128,p,22360,301,
Q1_duration_F,uniform,128,p,22360,302,
Q1_duration_F,uniform,128,p,22360,303,
Q1_duration_F,uniform,128,p,24494,301,
Q1_duration_F,uniform,128,p,24494,302,
Q1_duration_F,uniform,128,p,24494,303,
Q1_duration_F,uniform,128,p,26457,301,
Q1_duration_F,uniform,128,p,26457,302,
Q1_duration_F,uniform,128,p,26457,303,
Q1_duration_F,uniform,128,train_nll,22360,301,0.43739235401153564
Q1_duration_F,uniform,128,train_nll,22360,302,0.403584361076355
Q1_duration_F,uniform,128,train_nll,22360,303,0.40550708770751953
Q1_duration_F,uniform,128,train_nll,24494,301,0.39011096954345703
Q1_duration_F,uniform,128,train_nll,24494,302,0.37131428718566895
Q1_duration_F,uniform,128,train_nll,24494,303,0.38597333431243896
Q1_duration_F,uniform,128,train_nll,26457,301,0.4408226013183594
Q1_duration_F,uniform,128,train_nll,26457,302,0.3927062749862671
Q1_duration_F,uniform,128,train_nll,26457,303,0.4049938917160034
Q1_duration_F,uniform,128,validation_nll,22360,301,0.0689547061920166
Q1_duration_F,uniform,128,validation_nll,22360,302,-0.006128191947937012
Q1_duration_F,uniform,128,validation_nll,22360,303,0.005514025688171387
Q1_duration_F,uniform,128,validation_nll,24494,301,0.07826507091522217
Q1_duration_F,uniform,128,validation_nll,24494,302,0.08913350105285645
Q1_duration_F,uniform,128,validation_nll,24494,303,0.05557525157928467
Q1_duration_F,uniform,128,validation_nll,26457,301,0.10547411441802979
Q1_duration_F,uniform,128,validation_nll,26457,302,0.04846298694610596
Q1_duration_F,uniform,128,validation_nll,26457,303,0.039839982986450195
Q1_duration_F,uniform,128,test_nll,22360,301,0.08517777919769287
Q1_duration_F,uniform,128,test_nll,22360,302,0.015038609504699707
Q1_duration_F,uniform,128,test_nll,22360,303,0.013645172119140625
Q1_duration_F,uniform,128,test_nll,24494,301,0.07116532325744629
Q1_duration_F,uniform,128,test_nll,24494,302,0.06570637226104736
Q1_duration_F,uniform,128,test_nll,24494,303,0.030573725700378418
Q1_duration_F,uniform,128,test_nll,26457,301,0.1030656099319458
Q1_duration_F,uniform,128,test_nll,26457,302,0.053082823753356934
Q1_duration_F,uniform,128,test_nll,26457,303,0.034009456634521484
Q1_duration_F,uniform,128,train_instance_accuracy,22360,301,-0.0986328125
Q1_duration_F,uniform,128,train_instance_accuracy,22360,302,-0.10791015625
Q1_duration_F,uniform,128,train_instance_accuracy,22360,303,-0.0888671875
Q1_duration_F,uniform,128,train_instance_accuracy,24494,301,-0.0810546875
Q1_duration_F,uniform,128,train_instance_accuracy,24494,302,-0.0625
Q1_duration_F,uniform,128,train_instance_accuracy,24494,303,-0.0791015625
Q1_duration_F,uniform,128,train_instance_accuracy,26457,301,-0.076171875
Q1_duration_F,uniform,128,train_instance_accuracy,26457,302,-0.0791015625
Q1_duration_F,uniform,128,train_instance_accuracy,26457,303,-0.072265625
Q1_duration_F,uniform,128,clipping,22360,301,0.006249999999999978
Q1_duration_F,uniform,128,clipping,22360,302,0.004166666666666652
Q1_duration_F,uniform,128,clipping,22360,303,0.02083333333333337
Q1_duration_F,uniform,128,clipping,24494,301,0.004166666666666652
Q1_duration_F,uniform,128,clipping,24494,302,0.004166666666666652
Q1_duration_F,uniform,128,clipping,24494,303,0.008333333333333304
Q1_duration_F,uniform,128,clipping,26457,301,0.0
Q1_duration_F,uniform,128,clipping,26457,302,0.002083333333333326
Q1_duration_F,uniform,128,clipping,26457,303,0.006249999999999978
Q1_duration_F,uniform,256,p,22360,301,
Q1_duration_F,uniform,256,p,22360,302,
Q1_duration_F,uniform,256,p,22360,303,
Q1_duration_F,uniform,256,p,24494,301,
Q1_duration_F,uniform,256,p,24494,302,
Q1_duration_F,uniform,256,p,24494,303,
Q1_duration_F,uniform,256,p,26457,301,
Q1_duration_F,uniform,256,p,26457,302,
Q1_duration_F,uniform,256,p,26457,303,
Q1_duration_F,uniform,256,train_nll,22360,301,1.2387332916259766
Q1_duration_F,uniform,256,train_nll,22360,302,1.1954302787780762
Q1_duration_F,uniform,256,train_nll,22360,303,1.2350189983844757
Q1_duration_F,uniform,256,train_nll,24494,301,1.2720400094985962
Q1_duration_F,uniform,256,train_nll,24494,302,1.2797884345054626
Q1_duration_F,uniform,256,train_nll,24494,303,1.243235021829605
Q1_duration_F,uniform,256,train_nll,26457,301,1.221252679824829
Q1_duration_F,uniform,256,train_nll,26457,302,1.2310592830181122
Q1_duration_F,uniform,256,train_nll,26457,303,1.229351431131363
Q1_duration_F,uniform,256,validation_nll,22360,301,-0.2070319652557373
Q1_duration_F,uniform,256,validation_nll,22360,302,-0.2089444398880005
Q1_duration_F,uniform,256,validation_nll,22360,303,-0.3024235963821411
Q1_duration_F,uniform,256,validation_nll,24494,301,-0.19239187240600586
Q1_duration_F,uniform,256,validation_nll,24494,302,-0.230513334274292
Q1_duration_F,uniform,256,validation_nll,24494,303,-0.2954518795013428
Q1_duration_F,uniform,256,validation_nll,26457,301,-0.25684309005737305
Q1_duration_F,uniform,256,validation_nll,26457,302,-0.24323225021362305
Q1_duration_F,uniform,256,validation_nll,26457,303,-0.37407517433166504
Q1_duration_F,uniform,256,test_nll,22360,301,-0.20271062850952148
Q1_duration_F,uniform,256,test_nll,22360,302,-0.20244383811950684
Q1_duration_F,uniform,256,test_nll,22360,303,-0.2901802062988281
Q1_duration_F,uniform,256,test_nll,24494,301,-0.20361292362213135
Q1_duration_F,uniform,256,test_nll,24494,302,-0.227730393409729
Q1_duration_F,uniform,256,test_nll,24494,303,-0.30637025833129883
Q1_duration_F,uniform,256,test_nll,26457,301,-0.27768898010253906
Q1_duration_F,uniform,256,test_nll,26457,302,-0.26186203956604004
Q1_duration_F,uniform,256,test_nll,26457,303,-0.3224048614501953
Q1_duration_F,uniform,256,train_instance_accuracy,22360,301,-0.5712890625
Q1_duration_F,uniform,256,train_instance_accuracy,22360,302,-0.51904296875
Q1_duration_F,uniform,256,train_instance_accuracy,22360,303,-0.55908203125
Q1_duration_F,uniform,256,train_instance_accuracy,24494,301,-0.5859375
Q1_duration_F,uniform,256,train_instance_accuracy,24494,302,-0.6044921875
Q1_duration_F,uniform,256,train_instance_accuracy,24494,303,-0.5732421875
Q1_duration_F,uniform,256,train_instance_accuracy,26457,301,-0.5830078125
Q1_duration_F,uniform,256,train_instance_accuracy,26457,302,-0.60107421875
Q1_duration_F,uniform,256,train_instance_accuracy,26457,303,-0.603515625
Q1_duration_F,uniform,256,clipping,22360,301,-0.04166666666666663
Q1_duration_F,uniform,256,clipping,22360,302,-0.025000000000000022
Q1_duration_F,uniform,256,clipping,22360,303,-0.012500000000000067
Q1_duration_F,uniform,256,clipping,24494,301,-0.012500000000000067
Q1_duration_F,uniform,256,clipping,24494,302,-0.01666666666666672
Q1_duration_F,uniform,256,clipping,24494,303,-0.029166666666666674
Q1_duration_F,uniform,256,clipping,26457,301,-0.025000000000000022
Q1_duration_F,uniform,256,clipping,26457,302,0.0
Q1_duration_F,uniform,256,clipping,26457,303,-0.008333333333333304
Q1_duration_J,random,64,p,22360,301,0.0
Q1_duration_J,random,64,p,22360,302,0.0
Q1_duration_J,random,64,p,22360,303,0.0
Q1_duration_J,random,64,p,24494,301,0.0
Q1_duration_J,random,64,p,24494,302,0.0
Q1_duration_J,random,64,p,24494,303,0.0
Q1_duration_J,random,64,p,26457,301,0.0
Q1_duration_J,random,64,p,26457,302,0.0
Q1_duration_J,random,64,p,26457,303,0.0
Q1_duration_J,random,64,train_nll,22360,301,0.0
Q1_duration_J,random,64,train_nll,22360,302,0.0
Q1_duration_J,random,64,train_nll,22360,303,0.0
Q1_duration_J,random,64,train_nll,24494,301,0.0
Q1_duration_J,random,64,train_nll,24494,302,0.0
Q1_duration_J,random,64,train_nll,24494,303,0.0
Q1_duration_J,random,64,train_nll,26457,301,0.0
Q1_duration_J,random,64,train_nll,26457,302,0.0
Q1_duration_J,random,64,train_nll,26457,303,0.0
Q1_duration_J,random,64,validation_nll,22360,301,0.0
Q1_duration_J,random,64,validation_nll,22360,302,0.0
Q1_duration_J,random,64,validation_nll,22360,303,0.0
Q1_duration_J,random,64,validation_nll,24494,301,0.0
Q1_duration_J,random,64,validation_nll,24494,302,0.0
Q1_duration_J,random,64,validation_nll,24494,303,0.0
Q1_duration_J,random,64,validation_nll,26457,301,0.0
Q1_duration_J,random,64,validation_nll,26457,302,0.0
Q1_duration_J,random,64,validation_nll,26457,303,0.0
Q1_duration_J,random,64,test_nll,22360,301,0.0
Q1_duration_J,random,64,test_nll,22360,302,0.0
Q1_duration_J,random,64,test_nll,22360,303,0.0
Q1_duration_J,random,64,test_nll,24494,301,0.0
Q1_duration_J,random,64,test_nll,24494,302,0.0
Q1_duration_J,random,64,test_nll,24494,303,0.0
Q1_duration_J,random,64,test_nll,26457,301,0.0
Q1_duration_J,random,64,test_nll,26457,302,0.0
Q1_duration_J,random,64,test_nll,26457,303,0.0
Q1_duration_J,random,64,train_instance_accuracy,22360,301,0.0
Q1_duration_J,random,64,train_instance_accuracy,22360,302,0.0
Q1_duration_J,random,64,train_instance_accuracy,22360,303,0.0
Q1_duration_J,random,64,train_instance_accuracy,24494,301,0.0
Q1_duration_J,random,64,train_instance_accuracy,24494,302,0.0
Q1_duration_J,random,64,train_instance_accuracy,24494,303,0.0
Q1_duration_J,random,64,train_instance_accuracy,26457,301,0.0
Q1_duration_J,random,64,train_instance_accuracy,26457,302,0.0
Q1_duration_J,random,64,train_instance_accuracy,26457,303,0.0
Q1_duration_J,random,64,clipping,22360,301,0.0
Q1_duration_J,random,64,clipping,22360,302,0.0
Q1_duration_J,random,64,clipping,22360,303,0.0
Q1_duration_J,random,64,clipping,24494,301,0.0
Q1_duration_J,random,64,clipping,24494,302,0.0
Q1_duration_J,random,64,clipping,24494,303,0.0
Q1_duration_J,random,64,clipping,26457,301,0.0
Q1_duration_J,random,64,clipping,26457,302,0.0
Q1_duration_J,random,64,clipping,26457,303,0.0
Q1_duration_J,random,128,p,22360,301,-0.1727284399635201
Q1_duration_J,random,128,p,22360,302,-0.15444364001860128
Q1_duration_J,random,128,p,22360,303,-0.17025849696232137
Q1_duration_J,random,128,p,24494,301,-0.17034687305354934
Q1_duration_J,random,128,p,24494,302,-0.17424058666865416
Q1_duration_J,random,128,p,24494,303,-0.1644237682831644
Q1_duration_J,random,128,p,26457,301,-0.15358630396202994
Q1_duration_J,random,128,p,26457,302,-0.15324356199019973
Q1_duration_J,random,128,p,26457,303,-0.16278788956201945
Q1_duration_J,random,128,train_nll,22360,301,0.18225669860839844
Q1_duration_J,random,128,train_nll,22360,302,0.14647305011749268
Q1_duration_J,random,128,train_nll,22360,303,0.20452892780303955
Q1_duration_J,random,128,train_nll,24494,301,0.21529364585876465
Q1_duration_J,random,128,train_nll,24494,302,0.12760722637176514
Q1_duration_J,random,128,train_nll,24494,303,0.2549448013305664
Q1_duration_J,random,128,train_nll,26457,301,0.2559671401977539
Q1_duration_J,random,128,train_nll,26457,302,0.23850739002227783
Q1_duration_J,random,128,train_nll,26457,303,0.27412986755371094
Q1_duration_J,random,128,validation_nll,22360,301,-0.7518784999847412
Q1_duration_J,random,128,validation_nll,22360,302,-0.7102336883544922
Q1_duration_J,random,128,validation_nll,22360,303,-0.679401159286499
Q1_duration_J,random,128,validation_nll,24494,301,-0.6598029136657715
Q1_duration_J,random,128,validation_nll,24494,302,-0.6489877700805664
Q1_duration_J,random,128,validation_nll,24494,303,-0.5535352230072021
Q1_duration_J,random,128,validation_nll,26457,301,-0.665813684463501
Q1_duration_J,random,128,validation_nll,26457,302,-0.6263840198516846
Q1_duration_J,random,128,validation_nll,26457,303,-0.6719536781311035
Q1_duration_J,random,128,test_nll,22360,301,-0.7325630187988281
Q1_duration_J,random,128,test_nll,22360,302,-0.6728305816650391
Q1_duration_J,random,128,test_nll,22360,303,-0.6652216911315918
Q1_duration_J,random,128,test_nll,24494,301,-0.669424295425415
Q1_duration_J,random,128,test_nll,24494,302,-0.6913225650787354
Q1_duration_J,random,128,test_nll,24494,303,-0.5915420055389404
Q1_duration_J,random,128,test_nll,26457,301,-0.6256051063537598
Q1_duration_J,random,128,test_nll,26457,302,-0.6009111404418945
Q1_duration_J,random,128,test_nll,26457,303,-0.6158993244171143
Q1_duration_J,random,128,train_instance_accuracy,22360,301,-0.2607421875
Q1_duration_J,random,128,train_instance_accuracy,22360,302,-0.23095703125
Q1_duration_J,random,128,train_instance_accuracy,22360,303,-0.2587890625
Q1_duration_J,random,128,train_instance_accuracy,24494,301,-0.26025390625
Q1_duration_J,random,128,train_instance_accuracy,24494,302,-0.224609375
Q1_duration_J,random,128,train_instance_accuracy,24494,303,-0.248046875
Q1_duration_J,random,128,train_instance_accuracy,26457,301,-0.24951171875
Q1_duration_J,random,128,train_instance_accuracy,26457,302,-0.26220703125
Q1_duration_J,random,128,train_instance_accuracy,26457,303,-0.27001953125
Q1_duration_J,random,128,clipping,22360,301,0.0
Q1_duration_J,random,128,clipping,22360,302,0.0
Q1_duration_J,random,128,clipping,22360,303,-0.004166666666666652
Q1_duration_J,random,128,clipping,24494,301,0.0
Q1_duration_J,random,128,clipping,24494,302,0.0
Q1_duration_J,random,128,clipping,24494,303,0.0
Q1_duration_J,random,128,clipping,26457,301,0.0
Q1_duration_J,random,128,clipping,26457,302,0.0
Q1_duration_J,random,128,clipping,26457,303,0.0
Q1_duration_J,random,256,p,22360,301,-0.10904591883806287
Q1_duration_J,random,256,p,22360,302,-0.09647829130372795
Q1_duration_J,random,256,p,22360,303,-0.10548539189736524
Q1_duration_J,random,256,p,24494,301,-0.1009462483371085
Q1_duration_J,random,256,p,24494,302,-0.10604620968022647
Q1_duration_J,random,256,p,24494,303,-0.10398978834726408
Q1_duration_J,random,256,p,26457,301,-0.097201692012598
Q1_duration_J,random,256,p,26457,302,-0.10326622836483655
Q1_duration_J,random,256,p,26457,303,-0.09715466081100137
Q1_duration_J,random,256,train_nll,22360,301,0.3108435869216919
Q1_duration_J,random,256,train_nll,22360,302,0.3991878032684326
Q1_duration_J,random,256,train_nll,22360,303,0.35240721702575684
Q1_duration_J,random,256,train_nll,24494,301,0.39694929122924805
Q1_duration_J,random,256,train_nll,24494,302,0.36749327182769775
Q1_duration_J,random,256,train_nll,24494,303,0.44854819774627686
Q1_duration_J,random,256,train_nll,26457,301,0.41480255126953125
Q1_duration_J,random,256,train_nll,26457,302,0.3764289617538452
Q1_duration_J,random,256,train_nll,26457,303,0.4725121259689331
Q1_duration_J,random,256,validation_nll,22360,301,-0.7159593105316162
Q1_duration_J,random,256,validation_nll,22360,302,-0.5627024173736572
Q1_duration_J,random,256,validation_nll,22360,303,-0.6150479316711426
Q1_duration_J,random,256,validation_nll,24494,301,-0.5783565044403076
Q1_duration_J,random,256,validation_nll,24494,302,-0.5829315185546875
Q1_duration_J,random,256,validation_nll,24494,303,-0.5962073802947998
Q1_duration_J,random,256,validation_nll,26457,301,-0.5732698440551758
Q1_duration_J,random,256,validation_nll,26457,302,-0.5842387676239014
Q1_duration_J,random,256,validation_nll,26457,303,-0.5578277111053467
Q1_duration_J,random,256,test_nll,22360,301,-0.6958498954772949
Q1_duration_J,random,256,test_nll,22360,302,-0.5100746154785156
Q1_duration_J,random,256,test_nll,22360,303,-0.6447100639343262
Q1_duration_J,random,256,test_nll,24494,301,-0.6020781993865967
Q1_duration_J,random,256,test_nll,24494,302,-0.5551164150238037
Q1_duration_J,random,256,test_nll,24494,303,-0.6321256160736084
Q1_duration_J,random,256,test_nll,26457,301,-0.595353364944458
Q1_duration_J,random,256,test_nll,26457,302,-0.5999352931976318
Q1_duration_J,random,256,test_nll,26457,303,-0.5507948398590088
Q1_duration_J,random,256,train_instance_accuracy,22360,301,-0.3115234375
Q1_duration_J,random,256,train_instance_accuracy,22360,302,-0.3076171875
Q1_duration_J,random,256,train_instance_accuracy,22360,303,-0.28369140625
Q1_duration_J,random,256,train_instance_accuracy,24494,301,-0.32373046875
Q1_duration_J,random,256,train_instance_accuracy,24494,302,-0.2900390625
Q1_duration_J,random,256,train_instance_accuracy,24494,303,-0.32421875
Q1_duration_J,random,256,train_instance_accuracy,26457,301,-0.31396484375
Q1_duration_J,random,256,train_instance_accuracy,26457,302,-0.3154296875
Q1_duration_J,random,256,train_instance_accuracy,26457,303,-0.3046875
Q1_duration_J,random,256,clipping,22360,301,0.0
Q1_duration_J,random,256,clipping,22360,302,0.0
Q1_duration_J,random,256,clipping,22360,303,0.0
Q1_duration_J,random,256,clipping,24494,301,0.0
Q1_duration_J,random,256,clipping,24494,302,0.0
Q1_duration_J,random,256,clipping,24494,303,0.0
Q1_duration_J,random,256,clipping,26457,301,0.0
Q1_duration_J,random,256,clipping,26457,302,0.0
Q1_duration_J,random,256,clipping,26457,303,0.0
Q1_duration_J,uniform,64,p,22360,301,
Q1_duration_J,uniform,64,p,22360,302,
Q1_duration_J,uniform,64,p,22360,303,
Q1_duration_J,uniform,64,p,24494,301,
Q1_duration_J,uniform,64,p,24494,302,
Q1_duration_J,uniform,64,p,24494,303,
Q1_duration_J,uniform,64,p,26457,301,
Q1_duration_J,uniform,64,p,26457,302,
Q1_duration_J,uniform,64,p,26457,303,
Q1_duration_J,uniform,64,train_nll,22360,301,0.0
Q1_duration_J,uniform,64,train_nll,22360,302,0.0
Q1_duration_J,uniform,64,train_nll,22360,303,0.0
Q1_duration_J,uniform,64,train_nll,24494,301,0.0
Q1_duration_J,uniform,64,train_nll,24494,302,0.0
Q1_duration_J,uniform,64,train_nll,24494,303,0.0
Q1_duration_J,uniform,64,train_nll,26457,301,0.0
Q1_duration_J,uniform,64,train_nll,26457,302,0.0
Q1_duration_J,uniform,64,train_nll,26457,303,0.0
Q1_duration_J,uniform,64,validation_nll,22360,301,0.0
Q1_duration_J,uniform,64,validation_nll,22360,302,0.0
Q1_duration_J,uniform,64,validation_nll,22360,303,0.0
Q1_duration_J,uniform,64,validation_nll,24494,301,0.0
Q1_duration_J,uniform,64,validation_nll,24494,302,0.0
Q1_duration_J,uniform,64,validation_nll,24494,303,0.0
Q1_duration_J,uniform,64,validation_nll,26457,301,0.0
Q1_duration_J,uniform,64,validation_nll,26457,302,0.0
Q1_duration_J,uniform,64,validation_nll,26457,303,0.0
Q1_duration_J,uniform,64,test_nll,22360,301,0.0
Q1_duration_J,uniform,64,test_nll,22360,302,0.0
Q1_duration_J,uniform,64,test_nll,22360,303,0.0
Q1_duration_J,uniform,64,test_nll,24494,301,0.0
Q1_duration_J,uniform,64,test_nll,24494,302,0.0
Q1_duration_J,uniform,64,test_nll,24494,303,0.0
Q1_duration_J,uniform,64,test_nll,26457,301,0.0
Q1_duration_J,uniform,64,test_nll,26457,302,0.0
Q1_duration_J,uniform,64,test_nll,26457,303,0.0
Q1_duration_J,uniform,64,train_instance_accuracy,22360,301,0.0
Q1_duration_J,uniform,64,train_instance_accuracy,22360,302,0.0
Q1_duration_J,uniform,64,train_instance_accuracy,22360,303,0.0
Q1_duration_J,uniform,64,train_instance_accuracy,24494,301,0.0
Q1_duration_J,uniform,64,train_instance_accuracy,24494,302,0.0
Q1_duration_J,uniform,64,train_instance_accuracy,24494,303,0.0
Q1_duration_J,uniform,64,train_instance_accuracy,26457,301,0.0
Q1_duration_J,uniform,64,train_instance_accuracy,26457,302,0.0
Q1_duration_J,uniform,64,train_instance_accuracy,26457,303,0.0
Q1_duration_J,uniform,64,clipping,22360,301,0.0
Q1_duration_J,uniform,64,clipping,22360,302,0.0
Q1_duration_J,uniform,64,clipping,22360,303,0.0
Q1_duration_J,uniform,64,clipping,24494,301,0.0
Q1_duration_J,uniform,64,clipping,24494,302,0.0
Q1_duration_J,uniform,64,clipping,24494,303,0.0
Q1_duration_J,uniform,64,clipping,26457,301,0.0
Q1_duration_J,uniform,64,clipping,26457,302,0.0
Q1_duration_J,uniform,64,clipping,26457,303,0.0
Q1_duration_J,uniform,128,p,22360,301,
Q1_duration_J,uniform,128,p,22360,302,
Q1_duration_J,uniform,128,p,22360,303,
Q1_duration_J,uniform,128,p,24494,301,
Q1_duration_J,uniform,128,p,24494,302,
Q1_duration_J,uniform,128,p,24494,303,
Q1_duration_J,uniform,128,p,26457,301,
Q1_duration_J,uniform,128,p,26457,302,
Q1_duration_J,uniform,128,p,26457,303,
Q1_duration_J,uniform,128,train_nll,22360,301,0.9629808068275452
Q1_duration_J,uniform,128,train_nll,22360,302,0.9583812952041626
Q1_duration_J,uniform,128,train_nll,22360,303,0.939005970954895
Q1_duration_J,uniform,128,train_nll,24494,301,0.9582343101501465
Q1_duration_J,uniform,128,train_nll,24494,302,0.984381914138794
Q1_duration_J,uniform,128,train_nll,24494,303,0.9544063210487366
Q1_duration_J,uniform,128,train_nll,26457,301,0.9735713601112366
Q1_duration_J,uniform,128,train_nll,26457,302,0.9498608112335205
Q1_duration_J,uniform,128,train_nll,26457,303,0.9926931262016296
Q1_duration_J,uniform,128,validation_nll,22360,301,0.011539101600646973
Q1_duration_J,uniform,128,validation_nll,22360,302,-0.29381585121154785
Q1_duration_J,uniform,128,validation_nll,22360,303,-0.1884171962738037
Q1_duration_J,uniform,128,validation_nll,24494,301,-0.10270631313323975
Q1_duration_J,uniform,128,validation_nll,24494,302,-0.2517896890640259
Q1_duration_J,uniform,128,validation_nll,24494,303,-0.14601242542266846
Q1_duration_J,uniform,128,validation_nll,26457,301,-0.1264190673828125
Q1_duration_J,uniform,128,validation_nll,26457,302,-0.21964776515960693
Q1_duration_J,uniform,128,validation_nll,26457,303,-0.15289056301116943
Q1_duration_J,uniform,128,test_nll,22360,301,0.033249616622924805
Q1_duration_J,uniform,128,test_nll,22360,302,-0.27845823764801025
Q1_duration_J,uniform,128,test_nll,22360,303,-0.15996074676513672
Q1_duration_J,uniform,128,test_nll,24494,301,-0.16166293621063232
Q1_duration_J,uniform,128,test_nll,24494,302,-0.2820805311203003
Q1_duration_J,uniform,128,test_nll,24494,303,-0.15990567207336426
Q1_duration_J,uniform,128,test_nll,26457,301,-0.07352638244628906
Q1_duration_J,uniform,128,test_nll,26457,302,-0.20573031902313232
Q1_duration_J,uniform,128,test_nll,26457,303,-0.10484623908996582
Q1_duration_J,uniform,128,train_instance_accuracy,22360,301,-0.3115234375
Q1_duration_J,uniform,128,train_instance_accuracy,22360,302,-0.3427734375
Q1_duration_J,uniform,128,train_instance_accuracy,22360,303,-0.3095703125
Q1_duration_J,uniform,128,train_instance_accuracy,24494,301,-0.32177734375
Q1_duration_J,uniform,128,train_instance_accuracy,24494,302,-0.3544921875
Q1_duration_J,uniform,128,train_instance_accuracy,24494,303,-0.3486328125
Q1_duration_J,uniform,128,train_instance_accuracy,26457,301,-0.33837890625
Q1_duration_J,uniform,128,train_instance_accuracy,26457,302,-0.3427734375
Q1_duration_J,uniform,128,train_instance_accuracy,26457,303,-0.36669921875
Q1_duration_J,uniform,128,clipping,22360,301,-0.03749999999999998
Q1_duration_J,uniform,128,clipping,22360,302,-0.0625
Q1_duration_J,uniform,128,clipping,22360,303,-0.04166666666666663
Q1_duration_J,uniform,128,clipping,24494,301,-0.03749999999999998
Q1_duration_J,uniform,128,clipping,24494,302,-0.029166666666666674
Q1_duration_J,uniform,128,clipping,24494,303,-0.033333333333333326
Q1_duration_J,uniform,128,clipping,26457,301,-0.01666666666666672
Q1_duration_J,uniform,128,clipping,26457,302,-0.008333333333333304
Q1_duration_J,uniform,128,clipping,26457,303,-0.02083333333333337
Q1_duration_J,uniform,256,p,22360,301,
Q1_duration_J,uniform,256,p,22360,302,
Q1_duration_J,uniform,256,p,22360,303,
Q1_duration_J,uniform,256,p,24494,301,
Q1_duration_J,uniform,256,p,24494,302,
Q1_duration_J,uniform,256,p,24494,303,
Q1_duration_J,uniform,256,p,26457,301,
Q1_duration_J,uniform,256,p,26457,302,
Q1_duration_J,uniform,256,p,26457,303,
Q1_duration_J,uniform,256,train_nll,22360,301,1.1675803661346436
Q1_duration_J,uniform,256,train_nll,22360,302,1.1428279876708984
Q1_duration_J,uniform,256,train_nll,22360,303,1.1780394315719604
Q1_duration_J,uniform,256,train_nll,24494,301,1.1988406479358673
Q1_duration_J,uniform,256,train_nll,24494,302,1.208753526210785
Q1_duration_J,uniform,256,train_nll,24494,303,1.1777724027633667
Q1_duration_J,uniform,256,train_nll,26457,301,1.164657711982727
Q1_duration_J,uniform,256,train_nll,26457,302,1.1727447509765625
Q1_duration_J,uniform,256,train_nll,26457,303,1.1489355266094208
Q1_duration_J,uniform,256,validation_nll,22360,301,-0.1029585599899292
Q1_duration_J,uniform,256,validation_nll,22360,302,-0.14468860626220703
Q1_duration_J,uniform,256,validation_nll,22360,303,-0.2245793342590332
Q1_duration_J,uniform,256,validation_nll,24494,301,-0.09560370445251465
Q1_duration_J,uniform,256,validation_nll,24494,302,-0.16266775131225586
Q1_duration_J,uniform,256,validation_nll,24494,303,-0.1999528408050537
Q1_duration_J,uniform,256,validation_nll,26457,301,-0.17761993408203125
Q1_duration_J,uniform,256,validation_nll,26457,302,-0.1678067445755005
Q1_duration_J,uniform,256,validation_nll,26457,303,-0.2657439708709717
Q1_duration_J,uniform,256,test_nll,22360,301,-0.10150682926177979
Q1_duration_J,uniform,256,test_nll,22360,302,-0.14290261268615723
Q1_duration_J,uniform,256,test_nll,22360,303,-0.20618534088134766
Q1_duration_J,uniform,256,test_nll,24494,301,-0.10960495471954346
Q1_duration_J,uniform,256,test_nll,24494,302,-0.15868651866912842
Q1_duration_J,uniform,256,test_nll,24494,303,-0.21554386615753174
Q1_duration_J,uniform,256,test_nll,26457,301,-0.19503748416900635
Q1_duration_J,uniform,256,test_nll,26457,302,-0.16577959060668945
Q1_duration_J,uniform,256,test_nll,26457,303,-0.223968505859375
Q1_duration_J,uniform,256,train_instance_accuracy,22360,301,-0.51025390625
Q1_duration_J,uniform,256,train_instance_accuracy,22360,302,-0.46728515625
Q1_duration_J,uniform,256,train_instance_accuracy,22360,303,-0.5087890625
Q1_duration_J,uniform,256,train_instance_accuracy,24494,301,-0.52197265625
Q1_duration_J,uniform,256,train_instance_accuracy,24494,302,-0.54638671875
Q1_duration_J,uniform,256,train_instance_accuracy,24494,303,-0.52197265625
Q1_duration_J,uniform,256,train_instance_accuracy,26457,301,-0.53564453125
Q1_duration_J,uniform,256,train_instance_accuracy,26457,302,-0.552734375
Q1_duration_J,uniform,256,train_instance_accuracy,26457,303,-0.53955078125
Q1_duration_J,uniform,256,clipping,22360,301,-0.04166666666666663
Q1_duration_J,uniform,256,clipping,22360,302,-0.025000000000000022
Q1_duration_J,uniform,256,clipping,22360,303,-0.012500000000000067
Q1_duration_J,uniform,256,clipping,24494,301,-0.012500000000000067
Q1_duration_J,uniform,256,clipping,24494,302,-0.012500000000000067
Q1_duration_J,uniform,256,clipping,24494,303,-0.029166666666666674
Q1_duration_J,uniform,256,clipping,26457,301,-0.025000000000000022
Q1_duration_J,uniform,256,clipping,26457,302,-0.004166666666666652
Q1_duration_J,uniform,256,clipping,26457,303,-0.004166666666666652
Q1_interaction,random,64,p,22360,301,0.0
Q1_interaction,random,64,p,22360,302,0.0
Q1_interaction,random,64,p,22360,303,0.0
Q1_interaction,random,64,p,24494,301,0.0
Q1_interaction,random,64,p,24494,302,0.0
Q1_interaction,random,64,p,24494,303,0.0
Q1_interaction,random,64,p,26457,301,0.0
Q1_interaction,random,64,p,26457,302,0.0
Q1_interaction,random,64,p,26457,303,0.0
Q1_interaction,random,64,train_nll,22360,301,0.0
Q1_interaction,random,64,train_nll,22360,302,0.0
Q1_interaction,random,64,train_nll,22360,303,0.0
Q1_interaction,random,64,train_nll,24494,301,0.0
Q1_interaction,random,64,train_nll,24494,302,0.0
Q1_interaction,random,64,train_nll,24494,303,0.0
Q1_interaction,random,64,train_nll,26457,301,0.0
Q1_interaction,random,64,train_nll,26457,302,0.0
Q1_interaction,random,64,train_nll,26457,303,0.0
Q1_interaction,random,64,validation_nll,22360,301,0.0
Q1_interaction,random,64,validation_nll,22360,302,0.0
Q1_interaction,random,64,validation_nll,22360,303,0.0
Q1_interaction,random,64,validation_nll,24494,301,0.0
Q1_interaction,random,64,validation_nll,24494,302,0.0
Q1_interaction,random,64,validation_nll,24494,303,0.0
Q1_interaction,random,64,validation_nll,26457,301,0.0
Q1_interaction,random,64,validation_nll,26457,302,0.0
Q1_interaction,random,64,validation_nll,26457,303,0.0
Q1_interaction,random,64,test_nll,22360,301,0.0
Q1_interaction,random,64,test_nll,22360,302,0.0
Q1_interaction,random,64,test_nll,22360,303,0.0
Q1_interaction,random,64,test_nll,24494,301,0.0
Q1_interaction,random,64,test_nll,24494,302,0.0
Q1_interaction,random,64,test_nll,24494,303,0.0
Q1_interaction,random,64,test_nll,26457,301,0.0
Q1_interaction,random,64,test_nll,26457,302,0.0
Q1_interaction,random,64,test_nll,26457,303,0.0
Q1_interaction,random,64,train_instance_accuracy,22360,301,0.0
Q1_interaction,random,64,train_instance_accuracy,22360,302,0.0
Q1_interaction,random,64,train_instance_accuracy,22360,303,0.0
Q1_interaction,random,64,train_instance_accuracy,24494,301,0.0
Q1_interaction,random,64,train_instance_accuracy,24494,302,0.0
Q1_interaction,random,64,train_instance_accuracy,24494,303,0.0
Q1_interaction,random,64,train_instance_accuracy,26457,301,0.0
Q1_interaction,random,64,train_instance_accuracy,26457,302,0.0
Q1_interaction,random,64,train_instance_accuracy,26457,303,0.0
Q1_interaction,random,64,clipping,22360,301,0.0
Q1_interaction,random,64,clipping,22360,302,0.0
Q1_interaction,random,64,clipping,22360,303,0.0
Q1_interaction,random,64,clipping,24494,301,0.0
Q1_interaction,random,64,clipping,24494,302,0.0
Q1_interaction,random,64,clipping,24494,303,0.0
Q1_interaction,random,64,clipping,26457,301,0.0
Q1_interaction,random,64,clipping,26457,302,0.0
Q1_interaction,random,64,clipping,26457,303,0.0
Q1_interaction,random,128,p,22360,301,-0.10618490499968374
Q1_interaction,random,128,p,22360,302,-0.08311519178820567
Q1_interaction,random,128,p,22360,303,-0.10535404524480724
Q1_interaction,random,128,p,24494,301,-0.09719505962914152
Q1_interaction,random,128,p,24494,302,-0.09420785074005822
Q1_interaction,random,128,p,24494,303,-0.09662918214767283
Q1_interaction,random,128,p,26457,301,-0.08040512442713636
Q1_interaction,random,128,p,26457,302,-0.07047142692576219
Q1_interaction,random,128,p,26457,303,-0.09552644167734078
Q1_interaction,random,128,train_nll,22360,301,-0.08983206748962402
Q1_interaction,random,128,train_nll,22360,302,-0.07469820976257324
Q1_interaction,random,128,train_nll,22360,303,-0.0897301435470581
Q1_interaction,random,128,train_nll,24494,301,-0.0252227783203125
Q1_interaction,random,128,train_nll,24494,302,-0.07174742221832275
Q1_interaction,random,128,train_nll,24494,303,-0.024330615997314453
Q1_interaction,random,128,train_nll,26457,301,-0.003940463066101074
Q1_interaction,random,128,train_nll,26457,302,0.036452651023864746
Q1_interaction,random,128,train_nll,26457,303,-0.009919404983520508
Q1_interaction,random,128,validation_nll,22360,301,-0.6897842884063721
Q1_interaction,random,128,validation_nll,22360,302,-0.5837488174438477
Q1_interaction,random,128,validation_nll,22360,303,-0.6928811073303223
Q1_interaction,random,128,validation_nll,24494,301,-0.6508731842041016
Q1_interaction,random,128,validation_nll,24494,302,-0.5902507305145264
Q1_interaction,random,128,validation_nll,24494,303,-0.6062533855438232
Q1_interaction,random,128,validation_nll,26457,301,-0.6127033233642578
Q1_interaction,random,128,validation_nll,26457,302,-0.5506877899169922
Q1_interaction,random,128,validation_nll,26457,303,-0.6803698539733887
Q1_interaction,random,128,test_nll,22360,301,-0.7101147174835205
Q1_interaction,random,128,test_nll,22360,302,-0.5763592720031738
Q1_interaction,random,128,test_nll,22360,303,-0.6795296669006348
Q1_interaction,random,128,test_nll,24494,301,-0.6383914947509766
Q1_interaction,random,128,test_nll,24494,302,-0.5770630836486816
Q1_interaction,random,128,test_nll,24494,303,-0.6126360893249512
Q1_interaction,random,128,test_nll,26457,301,-0.5900599956512451
Q1_interaction,random,128,test_nll,26457,302,-0.5033717155456543
Q1_interaction,random,128,test_nll,26457,303,-0.610802412033081
Q1_interaction,random,128,train_instance_accuracy,22360,301,-0.1416015625
Q1_interaction,random,128,train_instance_accuracy,22360,302,-0.11767578125
Q1_interaction,random,128,train_instance_accuracy,22360,303,-0.14013671875
Q1_interaction,random,128,train_instance_accuracy,24494,301,-0.16455078125
Q1_interaction,random,128,train_instance_accuracy,24494,302,-0.1357421875
Q1_interaction,random,128,train_instance_accuracy,24494,303,-0.162109375
Q1_interaction,random,128,train_instance_accuracy,26457,301,-0.12841796875
Q1_interaction,random,128,train_instance_accuracy,26457,302,-0.14599609375
Q1_interaction,random,128,train_instance_accuracy,26457,303,-0.16015625
Q1_interaction,random,128,clipping,22360,301,0.0
Q1_interaction,random,128,clipping,22360,302,0.0
Q1_interaction,random,128,clipping,22360,303,-0.004166666666666652
Q1_interaction,random,128,clipping,24494,301,0.0
Q1_interaction,random,128,clipping,24494,302,0.0
Q1_interaction,random,128,clipping,24494,303,0.0
Q1_interaction,random,128,clipping,26457,301,0.0
Q1_interaction,random,128,clipping,26457,302,0.0
Q1_interaction,random,128,clipping,26457,303,0.0
Q1_interaction,random,256,p,22360,301,0.0038359021849764183
Q1_interaction,random,256,p,22360,302,0.002546956177531083
Q1_interaction,random,256,p,22360,303,0.0096169964011329
Q1_interaction,random,256,p,24494,301,-0.00014354128320564347
Q1_interaction,random,256,p,24494,302,0.007548497557957938
Q1_interaction,random,256,p,24494,303,0.0039824551975609634
Q1_interaction,random,256,p,26457,301,0.0004936714039826401
Q1_interaction,random,256,p,26457,302,0.002680670807908944
Q1_interaction,random,256,p,26457,303,0.006288471497497096
Q1_interaction,random,256,train_nll,22360,301,-0.04411637783050537
Q1_interaction,random,256,train_nll,22360,302,-0.04643058776855469
Q1_interaction,random,256,train_nll,22360,303,-0.012142539024353027
Q1_interaction,random,256,train_nll,24494,301,-0.06855583190917969
Q1_interaction,random,256,train_nll,24494,302,0.0036934614181518555
Q1_interaction,random,256,train_nll,24494,303,-0.03626227378845215
Q1_interaction,random,256,train_nll,26457,301,-0.05218970775604248
Q1_interaction,random,256,train_nll,26457,302,-0.042345523834228516
Q1_interaction,random,256,train_nll,26457,303,0.001072525978088379
Q1_interaction,random,256,validation_nll,22360,301,0.1098015308380127
Q1_interaction,random,256,validation_nll,22360,302,0.08282065391540527
Q1_interaction,random,256,validation_nll,22360,303,0.13051104545593262
Q1_interaction,random,256,validation_nll,24494,301,0.053093671798706055
Q1_interaction,random,256,validation_nll,24494,302,0.11090421676635742
Q1_interaction,random,256,validation_nll,24494,303,0.10302877426147461
Q1_interaction,random,256,validation_nll,26457,301,0.07050085067749023
Q1_interaction,random,256,validation_nll,26457,302,0.054616451263427734
Q1_interaction,random,256,validation_nll,26457,303,0.10793185234069824
Q1_interaction,random,256,test_nll,22360,301,0.09707880020141602
Q1_interaction,random,256,test_nll,22360,302,0.04516291618347168
Q1_interaction,random,256,test_nll,22360,303,0.12741637229919434
Q1_interaction,random,256,test_nll,24494,301,0.0546724796295166
Q1_interaction,random,256,test_nll,24494,302,0.13595819473266602
Q1_interaction,random,256,test_nll,24494,303,0.09622883796691895
Q1_interaction,random,256,test_nll,26457,301,0.04707694053649902
Q1_interaction,random,256,test_nll,26457,302,0.057997941970825195
Q1_interaction,random,256,test_nll,26457,303,0.11611437797546387
Q1_interaction,random,256,train_instance_accuracy,22360,301,0.01904296875
Q1_interaction,random,256,train_instance_accuracy,22360,302,0.0107421875
Q1_interaction,random,256,train_instance_accuracy,22360,303,0.0234375
Q1_interaction,random,256,train_instance_accuracy,24494,301,0.02392578125
Q1_interaction,random,256,train_instance_accuracy,24494,302,0.01318359375
Q1_interaction,random,256,train_instance_accuracy,24494,303,0.0224609375
Q1_interaction,random,256,train_instance_accuracy,26457,301,0.02099609375
Q1_interaction,random,256,train_instance_accuracy,26457,302,0.01806640625
Q1_interaction,random,256,train_instance_accuracy,26457,303,0.01904296875
Q1_interaction,random,256,clipping,22360,301,0.0
Q1_interaction,random,256,clipping,22360,302,0.0
Q1_interaction,random,256,clipping,22360,303,0.0
Q1_interaction,random,256,clipping,24494,301,0.0
Q1_interaction,random,256,clipping,24494,302,0.0
Q1_interaction,random,256,clipping,24494,303,0.0
Q1_interaction,random,256,clipping,26457,301,0.0
Q1_interaction,random,256,clipping,26457,302,0.0
Q1_interaction,random,256,clipping,26457,303,0.0
Q1_interaction,uniform,64,p,22360,301,
Q1_interaction,uniform,64,p,22360,302,
Q1_interaction,uniform,64,p,22360,303,
Q1_interaction,uniform,64,p,24494,301,
Q1_interaction,uniform,64,p,24494,302,
Q1_interaction,uniform,64,p,24494,303,
Q1_interaction,uniform,64,p,26457,301,
Q1_interaction,uniform,64,p,26457,302,
Q1_interaction,uniform,64,p,26457,303,
Q1_interaction,uniform,64,train_nll,22360,301,0.0
Q1_interaction,uniform,64,train_nll,22360,302,0.0
Q1_interaction,uniform,64,train_nll,22360,303,0.0
Q1_interaction,uniform,64,train_nll,24494,301,0.0
Q1_interaction,uniform,64,train_nll,24494,302,0.0
Q1_interaction,uniform,64,train_nll,24494,303,0.0
Q1_interaction,uniform,64,train_nll,26457,301,0.0
Q1_interaction,uniform,64,train_nll,26457,302,0.0
Q1_interaction,uniform,64,train_nll,26457,303,0.0
Q1_interaction,uniform,64,validation_nll,22360,301,0.0
Q1_interaction,uniform,64,validation_nll,22360,302,0.0
Q1_interaction,uniform,64,validation_nll,22360,303,0.0
Q1_interaction,uniform,64,validation_nll,24494,301,0.0
Q1_interaction,uniform,64,validation_nll,24494,302,0.0
Q1_interaction,uniform,64,validation_nll,24494,303,0.0
Q1_interaction,uniform,64,validation_nll,26457,301,0.0
Q1_interaction,uniform,64,validation_nll,26457,302,0.0
Q1_interaction,uniform,64,validation_nll,26457,303,0.0
Q1_interaction,uniform,64,test_nll,22360,301,0.0
Q1_interaction,uniform,64,test_nll,22360,302,0.0
Q1_interaction,uniform,64,test_nll,22360,303,0.0
Q1_interaction,uniform,64,test_nll,24494,301,0.0
Q1_interaction,uniform,64,test_nll,24494,302,0.0
Q1_interaction,uniform,64,test_nll,24494,303,0.0
Q1_interaction,uniform,64,test_nll,26457,301,0.0
Q1_interaction,uniform,64,test_nll,26457,302,0.0
Q1_interaction,uniform,64,test_nll,26457,303,0.0
Q1_interaction,uniform,64,train_instance_accuracy,22360,301,0.0
Q1_interaction,uniform,64,train_instance_accuracy,22360,302,0.0
Q1_interaction,uniform,64,train_instance_accuracy,22360,303,0.0
Q1_interaction,uniform,64,train_instance_accuracy,24494,301,0.0
Q1_interaction,uniform,64,train_instance_accuracy,24494,302,0.0
Q1_interaction,uniform,64,train_instance_accuracy,24494,303,0.0
Q1_interaction,uniform,64,train_instance_accuracy,26457,301,0.0
Q1_interaction,uniform,64,train_instance_accuracy,26457,302,0.0
Q1_interaction,uniform,64,train_instance_accuracy,26457,303,0.0
Q1_interaction,uniform,64,clipping,22360,301,0.0
Q1_interaction,uniform,64,clipping,22360,302,0.0
Q1_interaction,uniform,64,clipping,22360,303,0.0
Q1_interaction,uniform,64,clipping,24494,301,0.0
Q1_interaction,uniform,64,clipping,24494,302,0.0
Q1_interaction,uniform,64,clipping,24494,303,0.0
Q1_interaction,uniform,64,clipping,26457,301,0.0
Q1_interaction,uniform,64,clipping,26457,302,0.0
Q1_interaction,uniform,64,clipping,26457,303,0.0
Q1_interaction,uniform,128,p,22360,301,
Q1_interaction,uniform,128,p,22360,302,
Q1_interaction,uniform,128,p,22360,303,
Q1_interaction,uniform,128,p,24494,301,
Q1_interaction,uniform,128,p,24494,302,
Q1_interaction,uniform,128,p,24494,303,
Q1_interaction,uniform,128,p,26457,301,
Q1_interaction,uniform,128,p,26457,302,
Q1_interaction,uniform,128,p,26457,303,
Q1_interaction,uniform,128,train_nll,22360,301,0.5255884528160095
Q1_interaction,uniform,128,train_nll,22360,302,0.5547969341278076
Q1_interaction,uniform,128,train_nll,22360,303,0.5334988832473755
Q1_interaction,uniform,128,train_nll,24494,301,0.5681233406066895
Q1_interaction,uniform,128,train_nll,24494,302,0.613067626953125
Q1_interaction,uniform,128,train_nll,24494,303,0.5684329867362976
Q1_interaction,uniform,128,train_nll,26457,301,0.5327487587928772
Q1_interaction,uniform,128,train_nll,26457,302,0.5571545362472534
Q1_interaction,uniform,128,train_nll,26457,303,0.5876992344856262
Q1_interaction,uniform,128,validation_nll,22360,301,-0.05741560459136963
Q1_interaction,uniform,128,validation_nll,22360,302,-0.28768765926361084
Q1_interaction,uniform,128,validation_nll,22360,303,-0.1939312219619751
Q1_interaction,uniform,128,validation_nll,24494,301,-0.18097138404846191
Q1_interaction,uniform,128,validation_nll,24494,302,-0.3409231901168823
Q1_interaction,uniform,128,validation_nll,24494,303,-0.20158767700195312
Q1_interaction,uniform,128,validation_nll,26457,301,-0.23189318180084229
Q1_interaction,uniform,128,validation_nll,26457,302,-0.2681107521057129
Q1_interaction,uniform,128,validation_nll,26457,303,-0.19273054599761963
Q1_interaction,uniform,128,test_nll,22360,301,-0.051928162574768066
Q1_interaction,uniform,128,test_nll,22360,302,-0.29349684715270996
Q1_interaction,uniform,128,test_nll,22360,303,-0.17360591888427734
Q1_interaction,uniform,128,test_nll,24494,301,-0.2328282594680786
Q1_interaction,uniform,128,test_nll,24494,302,-0.34778690338134766
Q1_interaction,uniform,128,test_nll,24494,303,-0.19047939777374268
Q1_interaction,uniform,128,test_nll,26457,301,-0.17659199237823486
Q1_interaction,uniform,128,test_nll,26457,302,-0.25881314277648926
Q1_interaction,uniform,128,test_nll,26457,303,-0.1388556957244873
Q1_interaction,uniform,128,train_instance_accuracy,22360,301,-0.212890625
Q1_interaction,uniform,128,train_instance_accuracy,22360,302,-0.23486328125
Q1_interaction,uniform,128,train_instance_accuracy,22360,303,-0.220703125
Q1_interaction,uniform,128,train_instance_accuracy,24494,301,-0.24072265625
Q1_interaction,uniform,128,train_instance_accuracy,24494,302,-0.2919921875
Q1_interaction,uniform,128,train_instance_accuracy,24494,303,-0.26953125
Q1_interaction,uniform,128,train_instance_accuracy,26457,301,-0.26220703125
Q1_interaction,uniform,128,train_instance_accuracy,26457,302,-0.263671875
Q1_interaction,uniform,128,train_instance_accuracy,26457,303,-0.29443359375
Q1_interaction,uniform,128,clipping,22360,301,-0.043749999999999956
Q1_interaction,uniform,128,clipping,22360,302,-0.06666666666666665
Q1_interaction,uniform,128,clipping,22360,303,-0.0625
Q1_interaction,uniform,128,clipping,24494,301,-0.04166666666666663
Q1_interaction,uniform,128,clipping,24494,302,-0.033333333333333326
Q1_interaction,uniform,128,clipping,24494,303,-0.04166666666666663
Q1_interaction,uniform,128,clipping,26457,301,-0.01666666666666672
Q1_interaction,uniform,128,clipping,26457,302,-0.01041666666666663
Q1_interaction,uniform,128,clipping,26457,303,-0.027083333333333348
Q1_interaction,uniform,256,p,22360,301,
Q1_interaction,uniform,256,p,22360,302,
Q1_interaction,uniform,256,p,22360,303,
Q1_interaction,uniform,256,p,24494,301,
Q1_interaction,uniform,256,p,24494,302,
Q1_interaction,uniform,256,p,24494,303,
Q1_interaction,uniform,256,p,26457,301,
Q1_interaction,uniform,256,p,26457,302,
Q1_interaction,uniform,256,p,26457,303,
Q1_interaction,uniform,256,train_nll,22360,301,-0.07115292549133301
Q1_interaction,uniform,256,train_nll,22360,302,-0.052602291107177734
Q1_interaction,uniform,256,train_nll,22360,303,-0.05697956681251526
Q1_interaction,uniform,256,train_nll,24494,301,-0.07319936156272888
Q1_interaction,uniform,256,train_nll,24494,302,-0.07103490829467773
Q1_interaction,uniform,256,train_nll,24494,303,-0.0654626190662384
Q1_interaction,uniform,256,train_nll,26457,301,-0.05659496784210205
Q1_interaction,uniform,256,train_nll,26457,302,-0.05831453204154968
Q1_interaction,uniform,256,train_nll,26457,303,-0.08041590452194214
Q1_interaction,uniform,256,validation_nll,22360,301,0.1040734052658081
Q1_interaction,uniform,256,validation_nll,22360,302,0.06425583362579346
Q1_interaction,uniform,256,validation_nll,22360,303,0.07784426212310791
Q1_interaction,uniform,256,validation_nll,24494,301,0.09678816795349121
Q1_interaction,uniform,256,validation_nll,24494,302,0.06784558296203613
Q1_interaction,uniform,256,validation_nll,24494,303,0.09549903869628906
Q1_interaction,uniform,256,validation_nll,26457,301,0.0792231559753418
Q1_interaction,uniform,256,validation_nll,26457,302,0.07542550563812256
Q1_interaction,uniform,256,validation_nll,26457,303,0.10833120346069336
Q1_interaction,uniform,256,test_nll,22360,301,0.1012037992477417
Q1_interaction,uniform,256,test_nll,22360,302,0.05954122543334961
Q1_interaction,uniform,256,test_nll,22360,303,0.08399486541748047
Q1_interaction,uniform,256,test_nll,24494,301,0.09400796890258789
Q1_interaction,uniform,256,test_nll,24494,302,0.06904387474060059
Q1_interaction,uniform,256,test_nll,24494,303,0.09082639217376709
Q1_interaction,uniform,256,test_nll,26457,301,0.08265149593353271
Q1_interaction,uniform,256,test_nll,26457,302,0.09608244895935059
Q1_interaction,uniform,256,test_nll,26457,303,0.09843635559082031
Q1_interaction,uniform,256,train_instance_accuracy,22360,301,0.06103515625
Q1_interaction,uniform,256,train_instance_accuracy,22360,302,0.0517578125
Q1_interaction,uniform,256,train_instance_accuracy,22360,303,0.05029296875
Q1_interaction,uniform,256,train_instance_accuracy,24494,301,0.06396484375
Q1_interaction,uniform,256,train_instance_accuracy,24494,302,0.05810546875
Q1_interaction,uniform,256,train_instance_accuracy,24494,303,0.05126953125
Q1_interaction,uniform,256,train_instance_accuracy,26457,301,0.04736328125
Q1_interaction,uniform,256,train_instance_accuracy,26457,302,0.04833984375
Q1_interaction,uniform,256,train_instance_accuracy,26457,303,0.06396484375
Q1_interaction,uniform,256,clipping,22360,301,0.0
Q1_interaction,uniform,256,clipping,22360,302,0.0
Q1_interaction,uniform,256,clipping,22360,303,0.0
Q1_interaction,uniform,256,clipping,24494,301,0.0
Q1_interaction,uniform,256,clipping,24494,302,0.004166666666666652
Q1_interaction,uniform,256,clipping,24494,303,0.0
Q1_interaction,uniform,256,clipping,26457,301,0.0
Q1_interaction,uniform,256,clipping,26457,302,-0.004166666666666652
Q1_interaction,uniform,256,clipping,26457,303,0.004166666666666652
Q2_configuration_EJ,random,64,p,22360,301,0.0
Q2_configuration_EJ,random,64,p,22360,302,0.0
Q2_configuration_EJ,random,64,p,22360,303,0.0
Q2_configuration_EJ,random,64,p,24494,301,0.0
Q2_configuration_EJ,random,64,p,24494,302,0.0
Q2_configuration_EJ,random,64,p,24494,303,0.0
Q2_configuration_EJ,random,64,p,26457,301,0.0
Q2_configuration_EJ,random,64,p,26457,302,0.0
Q2_configuration_EJ,random,64,p,26457,303,0.0
Q2_configuration_EJ,random,64,train_nll,22360,301,0.0
Q2_configuration_EJ,random,64,train_nll,22360,302,0.0
Q2_configuration_EJ,random,64,train_nll,22360,303,0.0
Q2_configuration_EJ,random,64,train_nll,24494,301,0.0
Q2_configuration_EJ,random,64,train_nll,24494,302,0.0
Q2_configuration_EJ,random,64,train_nll,24494,303,0.0
Q2_configuration_EJ,random,64,train_nll,26457,301,0.0
Q2_configuration_EJ,random,64,train_nll,26457,302,0.0
Q2_configuration_EJ,random,64,train_nll,26457,303,0.0
Q2_configuration_EJ,random,64,validation_nll,22360,301,0.0
Q2_configuration_EJ,random,64,validation_nll,22360,302,0.0
Q2_configuration_EJ,random,64,validation_nll,22360,303,0.0
Q2_configuration_EJ,random,64,validation_nll,24494,301,0.0
Q2_configuration_EJ,random,64,validation_nll,24494,302,0.0
Q2_configuration_EJ,random,64,validation_nll,24494,303,0.0
Q2_configuration_EJ,random,64,validation_nll,26457,301,0.0
Q2_configuration_EJ,random,64,validation_nll,26457,302,0.0
Q2_configuration_EJ,random,64,validation_nll,26457,303,0.0
Q2_configuration_EJ,random,64,test_nll,22360,301,0.0
Q2_configuration_EJ,random,64,test_nll,22360,302,0.0
Q2_configuration_EJ,random,64,test_nll,22360,303,0.0
Q2_configuration_EJ,random,64,test_nll,24494,301,0.0
Q2_configuration_EJ,random,64,test_nll,24494,302,0.0
Q2_configuration_EJ,random,64,test_nll,24494,303,0.0
Q2_configuration_EJ,random,64,test_nll,26457,301,0.0
Q2_configuration_EJ,random,64,test_nll,26457,302,0.0
Q2_configuration_EJ,random,64,test_nll,26457,303,0.0
Q2_configuration_EJ,random,64,train_instance_accuracy,22360,301,0.0
Q2_configuration_EJ,random,64,train_instance_accuracy,22360,302,0.0
Q2_configuration_EJ,random,64,train_instance_accuracy,22360,303,0.0
Q2_configuration_EJ,random,64,train_instance_accuracy,24494,301,0.0
Q2_configuration_EJ,random,64,train_instance_accuracy,24494,302,0.0
Q2_configuration_EJ,random,64,train_instance_accuracy,24494,303,0.0
Q2_configuration_EJ,random,64,train_instance_accuracy,26457,301,0.0
Q2_configuration_EJ,random,64,train_instance_accuracy,26457,302,0.0
Q2_configuration_EJ,random,64,train_instance_accuracy,26457,303,0.0
Q2_configuration_EJ,random,64,clipping,22360,301,0.0
Q2_configuration_EJ,random,64,clipping,22360,302,0.0
Q2_configuration_EJ,random,64,clipping,22360,303,0.0
Q2_configuration_EJ,random,64,clipping,24494,301,0.0
Q2_configuration_EJ,random,64,clipping,24494,302,0.0
Q2_configuration_EJ,random,64,clipping,24494,303,0.0
Q2_configuration_EJ,random,64,clipping,26457,301,0.0
Q2_configuration_EJ,random,64,clipping,26457,302,0.0
Q2_configuration_EJ,random,64,clipping,26457,303,0.0
Q2_configuration_EJ,random,128,p,22360,301,-0.0035124500759791816
Q2_configuration_EJ,random,128,p,22360,302,-0.003079001716244714
Q2_configuration_EJ,random,128,p,22360,303,-0.0029918200612670184
Q2_configuration_EJ,random,128,p,24494,301,-0.0036342419427658895
Q2_configuration_EJ,random,128,p,24494,302,-0.005237397335969993
Q2_configuration_EJ,random,128,p,24494,303,-0.004596214736097171
Q2_configuration_EJ,random,128,p,26457,301,-0.003937854663152787
Q2_configuration_EJ,random,128,p,26457,302,-0.005082439241862677
Q2_configuration_EJ,random,128,p,26457,303,-0.0019378049144019999
Q2_configuration_EJ,random,128,train_nll,22360,301,0.012929081916809082
Q2_configuration_EJ,random,128,train_nll,22360,302,0.015064120292663574
Q2_configuration_EJ,random,128,train_nll,22360,303,0.01642918586730957
Q2_configuration_EJ,random,128,train_nll,24494,301,0.02021646499633789
Q2_configuration_EJ,random,128,train_nll,24494,302,0.0018750429153442383
Q2_configuration_EJ,random,128,train_nll,24494,303,0.014655232429504395
Q2_configuration_EJ,random,128,train_nll,26457,301,0.012434959411621094
Q2_configuration_EJ,random,128,train_nll,26457,302,0.008527159690856934
Q2_configuration_EJ,random,128,train_nll,26457,303,0.026661038398742676
Q2_configuration_EJ,random,128,validation_nll,22360,301,-0.004522562026977539
Q2_configuration_EJ,random,128,validation_nll,22360,302,-0.00012564659118652344
Q2_configuration_EJ,random,128,validation_nll,22360,303,0.0032913684844970703
Q2_configuration_EJ,random,128,validation_nll,24494,301,0.009196281433105469
Q2_configuration_EJ,random,128,validation_nll,24494,302,-0.011089324951171875
Q2_configuration_EJ,random,128,validation_nll,24494,303,0.0010085105895996094
Q2_configuration_EJ,random,128,validation_nll,26457,301,-0.005085945129394531
Q2_configuration_EJ,random,128,validation_nll,26457,302,-0.006663799285888672
Q2_configuration_EJ,random,128,validation_nll,26457,303,0.019318103790283203
Q2_configuration_EJ,random,128,test_nll,22360,301,-0.001563429832458496
Q2_configuration_EJ,random,128,test_nll,22360,302,0.0005662441253662109
Q2_configuration_EJ,random,128,test_nll,22360,303,0.004959702491760254
Q2_configuration_EJ,random,128,test_nll,24494,301,0.00534820556640625
Q2_configuration_EJ,random,128,test_nll,24494,302,-0.017966032028198242
Q2_configuration_EJ,random,128,test_nll,24494,303,-0.004557132720947266
Q2_configuration_EJ,random,128,test_nll,26457,301,-0.005240917205810547
Q2_configuration_EJ,random,128,test_nll,26457,302,-0.010101318359375
Q2_configuration_EJ,random,128,test_nll,26457,303,0.017276287078857422
Q2_configuration_EJ,random,128,train_instance_accuracy,22360,301,-0.00537109375
Q2_configuration_EJ,random,128,train_instance_accuracy,22360,302,-0.01416015625
Q2_configuration_EJ,random,128,train_instance_accuracy,22360,303,-0.00244140625
Q2_configuration_EJ,random,128,train_instance_accuracy,24494,301,-0.001953125
Q2_configuration_EJ,random,128,train_instance_accuracy,24494,302,-0.0087890625
Q2_configuration_EJ,random,128,train_instance_accuracy,24494,303,-0.009765625
Q2_configuration_EJ,random,128,train_instance_accuracy,26457,301,-0.0087890625
Q2_configuration_EJ,random,128,train_instance_accuracy,26457,302,-0.00537109375
Q2_configuration_EJ,random,128,train_instance_accuracy,26457,303,-0.00390625
Q2_configuration_EJ,random,128,clipping,22360,301,0.0
Q2_configuration_EJ,random,128,clipping,22360,302,0.0
Q2_configuration_EJ,random,128,clipping,22360,303,0.0
Q2_configuration_EJ,random,128,clipping,24494,301,0.0
Q2_configuration_EJ,random,128,clipping,24494,302,0.0
Q2_configuration_EJ,random,128,clipping,24494,303,0.0
Q2_configuration_EJ,random,128,clipping,26457,301,0.0
Q2_configuration_EJ,random,128,clipping,26457,302,0.0
Q2_configuration_EJ,random,128,clipping,26457,303,0.0
Q2_configuration_EJ,random,256,p,22360,301,0.0
Q2_configuration_EJ,random,256,p,22360,302,0.0
Q2_configuration_EJ,random,256,p,22360,303,0.0
Q2_configuration_EJ,random,256,p,24494,301,0.0
Q2_configuration_EJ,random,256,p,24494,302,0.0
Q2_configuration_EJ,random,256,p,24494,303,0.0
Q2_configuration_EJ,random,256,p,26457,301,0.0
Q2_configuration_EJ,random,256,p,26457,302,0.0
Q2_configuration_EJ,random,256,p,26457,303,0.0
Q2_configuration_EJ,random,256,train_nll,22360,301,0.0
Q2_configuration_EJ,random,256,train_nll,22360,302,0.0
Q2_configuration_EJ,random,256,train_nll,22360,303,0.0
Q2_configuration_EJ,random,256,train_nll,24494,301,0.0
Q2_configuration_EJ,random,256,train_nll,24494,302,0.0
Q2_configuration_EJ,random,256,train_nll,24494,303,0.0
Q2_configuration_EJ,random,256,train_nll,26457,301,0.0
Q2_configuration_EJ,random,256,train_nll,26457,302,0.0
Q2_configuration_EJ,random,256,train_nll,26457,303,0.0
Q2_configuration_EJ,random,256,validation_nll,22360,301,0.0
Q2_configuration_EJ,random,256,validation_nll,22360,302,0.0
Q2_configuration_EJ,random,256,validation_nll,22360,303,0.0
Q2_configuration_EJ,random,256,validation_nll,24494,301,0.0
Q2_configuration_EJ,random,256,validation_nll,24494,302,0.0
Q2_configuration_EJ,random,256,validation_nll,24494,303,0.0
Q2_configuration_EJ,random,256,validation_nll,26457,301,0.0
Q2_configuration_EJ,random,256,validation_nll,26457,302,0.0
Q2_configuration_EJ,random,256,validation_nll,26457,303,0.0
Q2_configuration_EJ,random,256,test_nll,22360,301,0.0
Q2_configuration_EJ,random,256,test_nll,22360,302,0.0
Q2_configuration_EJ,random,256,test_nll,22360,303,0.0
Q2_configuration_EJ,random,256,test_nll,24494,301,0.0
Q2_configuration_EJ,random,256,test_nll,24494,302,0.0
Q2_configuration_EJ,random,256,test_nll,24494,303,0.0
Q2_configuration_EJ,random,256,test_nll,26457,301,0.0
Q2_configuration_EJ,random,256,test_nll,26457,302,0.0
Q2_configuration_EJ,random,256,test_nll,26457,303,0.0
Q2_configuration_EJ,random,256,train_instance_accuracy,22360,301,0.0
Q2_configuration_EJ,random,256,train_instance_accuracy,22360,302,0.0
Q2_configuration_EJ,random,256,train_instance_accuracy,22360,303,0.0
Q2_configuration_EJ,random,256,train_instance_accuracy,24494,301,0.0
Q2_configuration_EJ,random,256,train_instance_accuracy,24494,302,0.0
Q2_configuration_EJ,random,256,train_instance_accuracy,24494,303,0.0
Q2_configuration_EJ,random,256,train_instance_accuracy,26457,301,0.0
Q2_configuration_EJ,random,256,train_instance_accuracy,26457,302,0.0
Q2_configuration_EJ,random,256,train_instance_accuracy,26457,303,0.0
Q2_configuration_EJ,random,256,clipping,22360,301,0.0
Q2_configuration_EJ,random,256,clipping,22360,302,0.0
Q2_configuration_EJ,random,256,clipping,22360,303,0.0
Q2_configuration_EJ,random,256,clipping,24494,301,0.0
Q2_configuration_EJ,random,256,clipping,24494,302,0.0
Q2_configuration_EJ,random,256,clipping,24494,303,0.0
Q2_configuration_EJ,random,256,clipping,26457,301,0.0
Q2_configuration_EJ,random,256,clipping,26457,302,0.0
Q2_configuration_EJ,random,256,clipping,26457,303,0.0
Q2_configuration_EJ,uniform,64,p,22360,301,
Q2_configuration_EJ,uniform,64,p,22360,302,
Q2_configuration_EJ,uniform,64,p,22360,303,
Q2_configuration_EJ,uniform,64,p,24494,301,
Q2_configuration_EJ,uniform,64,p,24494,302,
Q2_configuration_EJ,uniform,64,p,24494,303,
Q2_configuration_EJ,uniform,64,p,26457,301,
Q2_configuration_EJ,uniform,64,p,26457,302,
Q2_configuration_EJ,uniform,64,p,26457,303,
Q2_configuration_EJ,uniform,64,train_nll,22360,301,0.0
Q2_configuration_EJ,uniform,64,train_nll,22360,302,0.0
Q2_configuration_EJ,uniform,64,train_nll,22360,303,0.0
Q2_configuration_EJ,uniform,64,train_nll,24494,301,0.0
Q2_configuration_EJ,uniform,64,train_nll,24494,302,0.0
Q2_configuration_EJ,uniform,64,train_nll,24494,303,0.0
Q2_configuration_EJ,uniform,64,train_nll,26457,301,0.0
Q2_configuration_EJ,uniform,64,train_nll,26457,302,0.0
Q2_configuration_EJ,uniform,64,train_nll,26457,303,0.0
Q2_configuration_EJ,uniform,64,validation_nll,22360,301,0.0
Q2_configuration_EJ,uniform,64,validation_nll,22360,302,0.0
Q2_configuration_EJ,uniform,64,validation_nll,22360,303,0.0
Q2_configuration_EJ,uniform,64,validation_nll,24494,301,0.0
Q2_configuration_EJ,uniform,64,validation_nll,24494,302,0.0
Q2_configuration_EJ,uniform,64,validation_nll,24494,303,0.0
Q2_configuration_EJ,uniform,64,validation_nll,26457,301,0.0
Q2_configuration_EJ,uniform,64,validation_nll,26457,302,0.0
Q2_configuration_EJ,uniform,64,validation_nll,26457,303,0.0
Q2_configuration_EJ,uniform,64,test_nll,22360,301,0.0
Q2_configuration_EJ,uniform,64,test_nll,22360,302,0.0
Q2_configuration_EJ,uniform,64,test_nll,22360,303,0.0
Q2_configuration_EJ,uniform,64,test_nll,24494,301,0.0
Q2_configuration_EJ,uniform,64,test_nll,24494,302,0.0
Q2_configuration_EJ,uniform,64,test_nll,24494,303,0.0
Q2_configuration_EJ,uniform,64,test_nll,26457,301,0.0
Q2_configuration_EJ,uniform,64,test_nll,26457,302,0.0
Q2_configuration_EJ,uniform,64,test_nll,26457,303,0.0
Q2_configuration_EJ,uniform,64,train_instance_accuracy,22360,301,0.0
Q2_configuration_EJ,uniform,64,train_instance_accuracy,22360,302,0.0
Q2_configuration_EJ,uniform,64,train_instance_accuracy,22360,303,0.0
Q2_configuration_EJ,uniform,64,train_instance_accuracy,24494,301,0.0
Q2_configuration_EJ,uniform,64,train_instance_accuracy,24494,302,0.0
Q2_configuration_EJ,uniform,64,train_instance_accuracy,24494,303,0.0
Q2_configuration_EJ,uniform,64,train_instance_accuracy,26457,301,0.0
Q2_configuration_EJ,uniform,64,train_instance_accuracy,26457,302,0.0
Q2_configuration_EJ,uniform,64,train_instance_accuracy,26457,303,0.0
Q2_configuration_EJ,uniform,64,clipping,22360,301,0.0
Q2_configuration_EJ,uniform,64,clipping,22360,302,0.0
Q2_configuration_EJ,uniform,64,clipping,22360,303,0.0
Q2_configuration_EJ,uniform,64,clipping,24494,301,0.0
Q2_configuration_EJ,uniform,64,clipping,24494,302,0.0
Q2_configuration_EJ,uniform,64,clipping,24494,303,0.0
Q2_configuration_EJ,uniform,64,clipping,26457,301,0.0
Q2_configuration_EJ,uniform,64,clipping,26457,302,0.0
Q2_configuration_EJ,uniform,64,clipping,26457,303,0.0
Q2_configuration_EJ,uniform,128,p,22360,301,
Q2_configuration_EJ,uniform,128,p,22360,302,
Q2_configuration_EJ,uniform,128,p,22360,303,
Q2_configuration_EJ,uniform,128,p,24494,301,
Q2_configuration_EJ,uniform,128,p,24494,302,
Q2_configuration_EJ,uniform,128,p,24494,303,
Q2_configuration_EJ,uniform,128,p,26457,301,
Q2_configuration_EJ,uniform,128,p,26457,302,
Q2_configuration_EJ,uniform,128,p,26457,303,
Q2_configuration_EJ,uniform,128,train_nll,22360,301,0.016057252883911133
Q2_configuration_EJ,uniform,128,train_nll,22360,302,0.023723244667053223
Q2_configuration_EJ,uniform,128,train_nll,22360,303,0.016306042671203613
Q2_configuration_EJ,uniform,128,train_nll,24494,301,0.019948482513427734
Q2_configuration_EJ,uniform,128,train_nll,24494,302,0.022600531578063965
Q2_configuration_EJ,uniform,128,train_nll,24494,303,0.023398518562316895
Q2_configuration_EJ,uniform,128,train_nll,26457,301,0.025032758712768555
Q2_configuration_EJ,uniform,128,train_nll,26457,302,0.024246573448181152
Q2_configuration_EJ,uniform,128,train_nll,26457,303,0.017412543296813965
Q2_configuration_EJ,uniform,128,validation_nll,22360,301,0.004547834396362305
Q2_configuration_EJ,uniform,128,validation_nll,22360,302,0.010207414627075195
Q2_configuration_EJ,uniform,128,validation_nll,22360,303,0.006386518478393555
Q2_configuration_EJ,uniform,128,validation_nll,24494,301,0.0079115629196167
Q2_configuration_EJ,uniform,128,validation_nll,24494,302,0.013271927833557129
Q2_configuration_EJ,uniform,128,validation_nll,24494,303,0.012080073356628418
Q2_configuration_EJ,uniform,128,validation_nll,26457,301,0.005762934684753418
Q2_configuration_EJ,uniform,128,validation_nll,26457,302,0.006725788116455078
Q2_configuration_EJ,uniform,128,validation_nll,26457,303,0.0011800527572631836
Q2_configuration_EJ,uniform,128,test_nll,22360,301,0.003334641456604004
Q2_configuration_EJ,uniform,128,test_nll,22360,302,0.007640242576599121
Q2_configuration_EJ,uniform,128,test_nll,22360,303,0.006132006645202637
Q2_configuration_EJ,uniform,128,test_nll,24494,301,0.006272673606872559
Q2_configuration_EJ,uniform,128,test_nll,24494,302,0.011163115501403809
Q2_configuration_EJ,uniform,128,test_nll,24494,303,0.01219320297241211
Q2_configuration_EJ,uniform,128,test_nll,26457,301,0.0063974857330322266
Q2_configuration_EJ,uniform,128,test_nll,26457,302,0.007616877555847168
Q2_configuration_EJ,uniform,128,test_nll,26457,303,-0.0026017427444458008
Q2_configuration_EJ,uniform,128,train_instance_accuracy,22360,301,0.0
Q2_configuration_EJ,uniform,128,train_instance_accuracy,22360,302,-0.0009765625
Q2_configuration_EJ,uniform,128,train_instance_accuracy,22360,303,-0.00390625
Q2_configuration_EJ,uniform,128,train_instance_accuracy,24494,301,-0.005859375
Q2_configuration_EJ,uniform,128,train_instance_accuracy,24494,302,-0.0029296875
Q2_configuration_EJ,uniform,128,train_instance_accuracy,24494,303,-0.0087890625
Q2_configuration_EJ,uniform,128,train_instance_accuracy,26457,301,-0.0029296875
Q2_configuration_EJ,uniform,128,train_instance_accuracy,26457,302,-0.0009765625
Q2_configuration_EJ,uniform,128,train_instance_accuracy,26457,303,-0.0068359375
Q2_configuration_EJ,uniform,128,clipping,22360,301,-0.006249999999999978
Q2_configuration_EJ,uniform,128,clipping,22360,302,0.018750000000000044
Q2_configuration_EJ,uniform,128,clipping,22360,303,-0.043749999999999956
Q2_configuration_EJ,uniform,128,clipping,24494,301,-0.006249999999999978
Q2_configuration_EJ,uniform,128,clipping,24494,302,-0.012500000000000067
Q2_configuration_EJ,uniform,128,clipping,24494,303,-0.012499999999999956
Q2_configuration_EJ,uniform,128,clipping,26457,301,0.0
Q2_configuration_EJ,uniform,128,clipping,26457,302,0.0
Q2_configuration_EJ,uniform,128,clipping,26457,303,-0.006249999999999978
Q2_configuration_EJ,uniform,256,p,22360,301,
Q2_configuration_EJ,uniform,256,p,22360,302,
Q2_configuration_EJ,uniform,256,p,22360,303,
Q2_configuration_EJ,uniform,256,p,24494,301,
Q2_configuration_EJ,uniform,256,p,24494,302,
Q2_configuration_EJ,uniform,256,p,24494,303,
Q2_configuration_EJ,uniform,256,p,26457,301,
Q2_configuration_EJ,uniform,256,p,26457,302,
Q2_configuration_EJ,uniform,256,p,26457,303,
Q2_configuration_EJ,uniform,256,train_nll,22360,301,0.0
Q2_configuration_EJ,uniform,256,train_nll,22360,302,0.0
Q2_configuration_EJ,uniform,256,train_nll,22360,303,0.0
Q2_configuration_EJ,uniform,256,train_nll,24494,301,0.0
Q2_configuration_EJ,uniform,256,train_nll,24494,302,0.0
Q2_configuration_EJ,uniform,256,train_nll,24494,303,0.0
Q2_configuration_EJ,uniform,256,train_nll,26457,301,0.0
Q2_configuration_EJ,uniform,256,train_nll,26457,302,0.0
Q2_configuration_EJ,uniform,256,train_nll,26457,303,0.0
Q2_configuration_EJ,uniform,256,validation_nll,22360,301,0.0
Q2_configuration_EJ,uniform,256,validation_nll,22360,302,0.0
Q2_configuration_EJ,uniform,256,validation_nll,22360,303,0.0
Q2_configuration_EJ,uniform,256,validation_nll,24494,301,0.0
Q2_configuration_EJ,uniform,256,validation_nll,24494,302,0.0
Q2_configuration_EJ,uniform,256,validation_nll,24494,303,0.0
Q2_configuration_EJ,uniform,256,validation_nll,26457,301,0.0
Q2_configuration_EJ,uniform,256,validation_nll,26457,302,0.0
Q2_configuration_EJ,uniform,256,validation_nll,26457,303,0.0
Q2_configuration_EJ,uniform,256,test_nll,22360,301,0.0
Q2_configuration_EJ,uniform,256,test_nll,22360,302,0.0
Q2_configuration_EJ,uniform,256,test_nll,22360,303,0.0
Q2_configuration_EJ,uniform,256,test_nll,24494,301,0.0
Q2_configuration_EJ,uniform,256,test_nll,24494,302,0.0
Q2_configuration_EJ,uniform,256,test_nll,24494,303,0.0
Q2_configuration_EJ,uniform,256,test_nll,26457,301,0.0
Q2_configuration_EJ,uniform,256,test_nll,26457,302,0.0
Q2_configuration_EJ,uniform,256,test_nll,26457,303,0.0
Q2_configuration_EJ,uniform,256,train_instance_accuracy,22360,301,0.0
Q2_configuration_EJ,uniform,256,train_instance_accuracy,22360,302,0.0
Q2_configuration_EJ,uniform,256,train_instance_accuracy,22360,303,0.0
Q2_configuration_EJ,uniform,256,train_instance_accuracy,24494,301,0.0
Q2_configuration_EJ,uniform,256,train_instance_accuracy,24494,302,0.0
Q2_configuration_EJ,uniform,256,train_instance_accuracy,24494,303,0.0
Q2_configuration_EJ,uniform,256,train_instance_accuracy,26457,301,0.0
Q2_configuration_EJ,uniform,256,train_instance_accuracy,26457,302,0.0
Q2_configuration_EJ,uniform,256,train_instance_accuracy,26457,303,0.0
Q2_configuration_EJ,uniform,256,clipping,22360,301,0.0
Q2_configuration_EJ,uniform,256,clipping,22360,302,0.0
Q2_configuration_EJ,uniform,256,clipping,22360,303,0.0
Q2_configuration_EJ,uniform,256,clipping,24494,301,0.0
Q2_configuration_EJ,uniform,256,clipping,24494,302,0.0
Q2_configuration_EJ,uniform,256,clipping,24494,303,0.0
Q2_configuration_EJ,uniform,256,clipping,26457,301,0.0
Q2_configuration_EJ,uniform,256,clipping,26457,302,0.0
Q2_configuration_EJ,uniform,256,clipping,26457,303,0.0
Q2_duration_J,random,64,p,22360,301,0.0
Q2_duration_J,random,64,p,22360,302,0.0
Q2_duration_J,random,64,p,22360,303,0.0
Q2_duration_J,random,64,p,24494,301,0.0
Q2_duration_J,random,64,p,24494,302,0.0
Q2_duration_J,random,64,p,24494,303,0.0
Q2_duration_J,random,64,p,26457,301,0.0
Q2_duration_J,random,64,p,26457,302,0.0
Q2_duration_J,random,64,p,26457,303,0.0
Q2_duration_J,random,64,train_nll,22360,301,0.0
Q2_duration_J,random,64,train_nll,22360,302,0.0
Q2_duration_J,random,64,train_nll,22360,303,0.0
Q2_duration_J,random,64,train_nll,24494,301,0.0
Q2_duration_J,random,64,train_nll,24494,302,0.0
Q2_duration_J,random,64,train_nll,24494,303,0.0
Q2_duration_J,random,64,train_nll,26457,301,0.0
Q2_duration_J,random,64,train_nll,26457,302,0.0
Q2_duration_J,random,64,train_nll,26457,303,0.0
Q2_duration_J,random,64,validation_nll,22360,301,0.0
Q2_duration_J,random,64,validation_nll,22360,302,0.0
Q2_duration_J,random,64,validation_nll,22360,303,0.0
Q2_duration_J,random,64,validation_nll,24494,301,0.0
Q2_duration_J,random,64,validation_nll,24494,302,0.0
Q2_duration_J,random,64,validation_nll,24494,303,0.0
Q2_duration_J,random,64,validation_nll,26457,301,0.0
Q2_duration_J,random,64,validation_nll,26457,302,0.0
Q2_duration_J,random,64,validation_nll,26457,303,0.0
Q2_duration_J,random,64,test_nll,22360,301,0.0
Q2_duration_J,random,64,test_nll,22360,302,0.0
Q2_duration_J,random,64,test_nll,22360,303,0.0
Q2_duration_J,random,64,test_nll,24494,301,0.0
Q2_duration_J,random,64,test_nll,24494,302,0.0
Q2_duration_J,random,64,test_nll,24494,303,0.0
Q2_duration_J,random,64,test_nll,26457,301,0.0
Q2_duration_J,random,64,test_nll,26457,302,0.0
Q2_duration_J,random,64,test_nll,26457,303,0.0
Q2_duration_J,random,64,train_instance_accuracy,22360,301,0.0
Q2_duration_J,random,64,train_instance_accuracy,22360,302,0.0
Q2_duration_J,random,64,train_instance_accuracy,22360,303,0.0
Q2_duration_J,random,64,train_instance_accuracy,24494,301,0.0
Q2_duration_J,random,64,train_instance_accuracy,24494,302,0.0
Q2_duration_J,random,64,train_instance_accuracy,24494,303,0.0
Q2_duration_J,random,64,train_instance_accuracy,26457,301,0.0
Q2_duration_J,random,64,train_instance_accuracy,26457,302,0.0
Q2_duration_J,random,64,train_instance_accuracy,26457,303,0.0
Q2_duration_J,random,64,clipping,22360,301,0.0
Q2_duration_J,random,64,clipping,22360,302,0.0
Q2_duration_J,random,64,clipping,22360,303,0.0
Q2_duration_J,random,64,clipping,24494,301,0.0
Q2_duration_J,random,64,clipping,24494,302,0.0
Q2_duration_J,random,64,clipping,24494,303,0.0
Q2_duration_J,random,64,clipping,26457,301,0.0
Q2_duration_J,random,64,clipping,26457,302,0.0
Q2_duration_J,random,64,clipping,26457,303,0.0
Q2_duration_J,random,128,p,22360,301,0.0
Q2_duration_J,random,128,p,22360,302,0.0
Q2_duration_J,random,128,p,22360,303,0.0
Q2_duration_J,random,128,p,24494,301,0.0
Q2_duration_J,random,128,p,24494,302,0.0
Q2_duration_J,random,128,p,24494,303,0.0
Q2_duration_J,random,128,p,26457,301,0.0
Q2_duration_J,random,128,p,26457,302,0.0
Q2_duration_J,random,128,p,26457,303,0.0
Q2_duration_J,random,128,train_nll,22360,301,0.0
Q2_duration_J,random,128,train_nll,22360,302,0.0
Q2_duration_J,random,128,train_nll,22360,303,0.0
Q2_duration_J,random,128,train_nll,24494,301,0.0
Q2_duration_J,random,128,train_nll,24494,302,0.0
Q2_duration_J,random,128,train_nll,24494,303,0.0
Q2_duration_J,random,128,train_nll,26457,301,0.0
Q2_duration_J,random,128,train_nll,26457,302,0.0
Q2_duration_J,random,128,train_nll,26457,303,0.0
Q2_duration_J,random,128,validation_nll,22360,301,0.0
Q2_duration_J,random,128,validation_nll,22360,302,0.0
Q2_duration_J,random,128,validation_nll,22360,303,0.0
Q2_duration_J,random,128,validation_nll,24494,301,0.0
Q2_duration_J,random,128,validation_nll,24494,302,0.0
Q2_duration_J,random,128,validation_nll,24494,303,0.0
Q2_duration_J,random,128,validation_nll,26457,301,0.0
Q2_duration_J,random,128,validation_nll,26457,302,0.0
Q2_duration_J,random,128,validation_nll,26457,303,0.0
Q2_duration_J,random,128,test_nll,22360,301,0.0
Q2_duration_J,random,128,test_nll,22360,302,0.0
Q2_duration_J,random,128,test_nll,22360,303,0.0
Q2_duration_J,random,128,test_nll,24494,301,0.0
Q2_duration_J,random,128,test_nll,24494,302,0.0
Q2_duration_J,random,128,test_nll,24494,303,0.0
Q2_duration_J,random,128,test_nll,26457,301,0.0
Q2_duration_J,random,128,test_nll,26457,302,0.0
Q2_duration_J,random,128,test_nll,26457,303,0.0
Q2_duration_J,random,128,train_instance_accuracy,22360,301,0.0
Q2_duration_J,random,128,train_instance_accuracy,22360,302,0.0
Q2_duration_J,random,128,train_instance_accuracy,22360,303,0.0
Q2_duration_J,random,128,train_instance_accuracy,24494,301,0.0
Q2_duration_J,random,128,train_instance_accuracy,24494,302,0.0
Q2_duration_J,random,128,train_instance_accuracy,24494,303,0.0
Q2_duration_J,random,128,train_instance_accuracy,26457,301,0.0
Q2_duration_J,random,128,train_instance_accuracy,26457,302,0.0
Q2_duration_J,random,128,train_instance_accuracy,26457,303,0.0
Q2_duration_J,random,128,clipping,22360,301,0.0
Q2_duration_J,random,128,clipping,22360,302,0.0
Q2_duration_J,random,128,clipping,22360,303,0.0
Q2_duration_J,random,128,clipping,24494,301,0.0
Q2_duration_J,random,128,clipping,24494,302,0.0
Q2_duration_J,random,128,clipping,24494,303,0.0
Q2_duration_J,random,128,clipping,26457,301,0.0
Q2_duration_J,random,128,clipping,26457,302,0.0
Q2_duration_J,random,128,clipping,26457,303,0.0
Q2_duration_J,random,256,p,22360,301,0.0
Q2_duration_J,random,256,p,22360,302,0.0
Q2_duration_J,random,256,p,22360,303,0.0
Q2_duration_J,random,256,p,24494,301,0.0
Q2_duration_J,random,256,p,24494,302,0.0
Q2_duration_J,random,256,p,24494,303,0.0
Q2_duration_J,random,256,p,26457,301,0.0
Q2_duration_J,random,256,p,26457,302,0.0
Q2_duration_J,random,256,p,26457,303,0.0
Q2_duration_J,random,256,train_nll,22360,301,0.0
Q2_duration_J,random,256,train_nll,22360,302,0.0
Q2_duration_J,random,256,train_nll,22360,303,0.0
Q2_duration_J,random,256,train_nll,24494,301,0.0
Q2_duration_J,random,256,train_nll,24494,302,0.0
Q2_duration_J,random,256,train_nll,24494,303,0.0
Q2_duration_J,random,256,train_nll,26457,301,0.0
Q2_duration_J,random,256,train_nll,26457,302,0.0
Q2_duration_J,random,256,train_nll,26457,303,0.0
Q2_duration_J,random,256,validation_nll,22360,301,0.0
Q2_duration_J,random,256,validation_nll,22360,302,0.0
Q2_duration_J,random,256,validation_nll,22360,303,0.0
Q2_duration_J,random,256,validation_nll,24494,301,0.0
Q2_duration_J,random,256,validation_nll,24494,302,0.0
Q2_duration_J,random,256,validation_nll,24494,303,0.0
Q2_duration_J,random,256,validation_nll,26457,301,0.0
Q2_duration_J,random,256,validation_nll,26457,302,0.0
Q2_duration_J,random,256,validation_nll,26457,303,0.0
Q2_duration_J,random,256,test_nll,22360,301,0.0
Q2_duration_J,random,256,test_nll,22360,302,0.0
Q2_duration_J,random,256,test_nll,22360,303,0.0
Q2_duration_J,random,256,test_nll,24494,301,0.0
Q2_duration_J,random,256,test_nll,24494,302,0.0
Q2_duration_J,random,256,test_nll,24494,303,0.0
Q2_duration_J,random,256,test_nll,26457,301,0.0
Q2_duration_J,random,256,test_nll,26457,302,0.0
Q2_duration_J,random,256,test_nll,26457,303,0.0
Q2_duration_J,random,256,train_instance_accuracy,22360,301,0.0
Q2_duration_J,random,256,train_instance_accuracy,22360,302,0.0
Q2_duration_J,random,256,train_instance_accuracy,22360,303,0.0
Q2_duration_J,random,256,train_instance_accuracy,24494,301,0.0
Q2_duration_J,random,256,train_instance_accuracy,24494,302,0.0
Q2_duration_J,random,256,train_instance_accuracy,24494,303,0.0
Q2_duration_J,random,256,train_instance_accuracy,26457,301,0.0
Q2_duration_J,random,256,train_instance_accuracy,26457,302,0.0
Q2_duration_J,random,256,train_instance_accuracy,26457,303,0.0
Q2_duration_J,random,256,clipping,22360,301,0.0
Q2_duration_J,random,256,clipping,22360,302,0.0
Q2_duration_J,random,256,clipping,22360,303,0.0
Q2_duration_J,random,256,clipping,24494,301,0.0
Q2_duration_J,random,256,clipping,24494,302,0.0
Q2_duration_J,random,256,clipping,24494,303,0.0
Q2_duration_J,random,256,clipping,26457,301,0.0
Q2_duration_J,random,256,clipping,26457,302,0.0
Q2_duration_J,random,256,clipping,26457,303,0.0
Q2_duration_J,uniform,64,p,22360,301,
Q2_duration_J,uniform,64,p,22360,302,
Q2_duration_J,uniform,64,p,22360,303,
Q2_duration_J,uniform,64,p,24494,301,
Q2_duration_J,uniform,64,p,24494,302,
Q2_duration_J,uniform,64,p,24494,303,
Q2_duration_J,uniform,64,p,26457,301,
Q2_duration_J,uniform,64,p,26457,302,
Q2_duration_J,uniform,64,p,26457,303,
Q2_duration_J,uniform,64,train_nll,22360,301,0.0
Q2_duration_J,uniform,64,train_nll,22360,302,0.0
Q2_duration_J,uniform,64,train_nll,22360,303,0.0
Q2_duration_J,uniform,64,train_nll,24494,301,0.0
Q2_duration_J,uniform,64,train_nll,24494,302,0.0
Q2_duration_J,uniform,64,train_nll,24494,303,0.0
Q2_duration_J,uniform,64,train_nll,26457,301,0.0
Q2_duration_J,uniform,64,train_nll,26457,302,0.0
Q2_duration_J,uniform,64,train_nll,26457,303,0.0
Q2_duration_J,uniform,64,validation_nll,22360,301,0.0
Q2_duration_J,uniform,64,validation_nll,22360,302,0.0
Q2_duration_J,uniform,64,validation_nll,22360,303,0.0
Q2_duration_J,uniform,64,validation_nll,24494,301,0.0
Q2_duration_J,uniform,64,validation_nll,24494,302,0.0
Q2_duration_J,uniform,64,validation_nll,24494,303,0.0
Q2_duration_J,uniform,64,validation_nll,26457,301,0.0
Q2_duration_J,uniform,64,validation_nll,26457,302,0.0
Q2_duration_J,uniform,64,validation_nll,26457,303,0.0
Q2_duration_J,uniform,64,test_nll,22360,301,0.0
Q2_duration_J,uniform,64,test_nll,22360,302,0.0
Q2_duration_J,uniform,64,test_nll,22360,303,0.0
Q2_duration_J,uniform,64,test_nll,24494,301,0.0
Q2_duration_J,uniform,64,test_nll,24494,302,0.0
Q2_duration_J,uniform,64,test_nll,24494,303,0.0
Q2_duration_J,uniform,64,test_nll,26457,301,0.0
Q2_duration_J,uniform,64,test_nll,26457,302,0.0
Q2_duration_J,uniform,64,test_nll,26457,303,0.0
Q2_duration_J,uniform,64,train_instance_accuracy,22360,301,0.0
Q2_duration_J,uniform,64,train_instance_accuracy,22360,302,0.0
Q2_duration_J,uniform,64,train_instance_accuracy,22360,303,0.0
Q2_duration_J,uniform,64,train_instance_accuracy,24494,301,0.0
Q2_duration_J,uniform,64,train_instance_accuracy,24494,302,0.0
Q2_duration_J,uniform,64,train_instance_accuracy,24494,303,0.0
Q2_duration_J,uniform,64,train_instance_accuracy,26457,301,0.0
Q2_duration_J,uniform,64,train_instance_accuracy,26457,302,0.0
Q2_duration_J,uniform,64,train_instance_accuracy,26457,303,0.0
Q2_duration_J,uniform,64,clipping,22360,301,0.0
Q2_duration_J,uniform,64,clipping,22360,302,0.0
Q2_duration_J,uniform,64,clipping,22360,303,0.0
Q2_duration_J,uniform,64,clipping,24494,301,0.0
Q2_duration_J,uniform,64,clipping,24494,302,0.0
Q2_duration_J,uniform,64,clipping,24494,303,0.0
Q2_duration_J,uniform,64,clipping,26457,301,0.0
Q2_duration_J,uniform,64,clipping,26457,302,0.0
Q2_duration_J,uniform,64,clipping,26457,303,0.0
Q2_duration_J,uniform,128,p,22360,301,
Q2_duration_J,uniform,128,p,22360,302,
Q2_duration_J,uniform,128,p,22360,303,
Q2_duration_J,uniform,128,p,24494,301,
Q2_duration_J,uniform,128,p,24494,302,
Q2_duration_J,uniform,128,p,24494,303,
Q2_duration_J,uniform,128,p,26457,301,
Q2_duration_J,uniform,128,p,26457,302,
Q2_duration_J,uniform,128,p,26457,303,
Q2_duration_J,uniform,128,train_nll,22360,301,0.0
Q2_duration_J,uniform,128,train_nll,22360,302,0.0
Q2_duration_J,uniform,128,train_nll,22360,303,0.0
Q2_duration_J,uniform,128,train_nll,24494,301,0.0
Q2_duration_J,uniform,128,train_nll,24494,302,0.0
Q2_duration_J,uniform,128,train_nll,24494,303,0.0
Q2_duration_J,uniform,128,train_nll,26457,301,0.0
Q2_duration_J,uniform,128,train_nll,26457,302,0.0
Q2_duration_J,uniform,128,train_nll,26457,303,0.0
Q2_duration_J,uniform,128,validation_nll,22360,301,0.0
Q2_duration_J,uniform,128,validation_nll,22360,302,0.0
Q2_duration_J,uniform,128,validation_nll,22360,303,0.0
Q2_duration_J,uniform,128,validation_nll,24494,301,0.0
Q2_duration_J,uniform,128,validation_nll,24494,302,0.0
Q2_duration_J,uniform,128,validation_nll,24494,303,0.0
Q2_duration_J,uniform,128,validation_nll,26457,301,0.0
Q2_duration_J,uniform,128,validation_nll,26457,302,0.0
Q2_duration_J,uniform,128,validation_nll,26457,303,0.0
Q2_duration_J,uniform,128,test_nll,22360,301,0.0
Q2_duration_J,uniform,128,test_nll,22360,302,0.0
Q2_duration_J,uniform,128,test_nll,22360,303,0.0
Q2_duration_J,uniform,128,test_nll,24494,301,0.0
Q2_duration_J,uniform,128,test_nll,24494,302,0.0
Q2_duration_J,uniform,128,test_nll,24494,303,0.0
Q2_duration_J,uniform,128,test_nll,26457,301,0.0
Q2_duration_J,uniform,128,test_nll,26457,302,0.0
Q2_duration_J,uniform,128,test_nll,26457,303,0.0
Q2_duration_J,uniform,128,train_instance_accuracy,22360,301,0.0
Q2_duration_J,uniform,128,train_instance_accuracy,22360,302,0.0
Q2_duration_J,uniform,128,train_instance_accuracy,22360,303,0.0
Q2_duration_J,uniform,128,train_instance_accuracy,24494,301,0.0
Q2_duration_J,uniform,128,train_instance_accuracy,24494,302,0.0
Q2_duration_J,uniform,128,train_instance_accuracy,24494,303,0.0
Q2_duration_J,uniform,128,train_instance_accuracy,26457,301,0.0
Q2_duration_J,uniform,128,train_instance_accuracy,26457,302,0.0
Q2_duration_J,uniform,128,train_instance_accuracy,26457,303,0.0
Q2_duration_J,uniform,128,clipping,22360,301,0.0
Q2_duration_J,uniform,128,clipping,22360,302,0.0
Q2_duration_J,uniform,128,clipping,22360,303,0.0
Q2_duration_J,uniform,128,clipping,24494,301,0.0
Q2_duration_J,uniform,128,clipping,24494,302,0.0
Q2_duration_J,uniform,128,clipping,24494,303,0.0
Q2_duration_J,uniform,128,clipping,26457,301,0.0
Q2_duration_J,uniform,128,clipping,26457,302,0.0
Q2_duration_J,uniform,128,clipping,26457,303,0.0
Q2_duration_J,uniform,256,p,22360,301,
Q2_duration_J,uniform,256,p,22360,302,
Q2_duration_J,uniform,256,p,22360,303,
Q2_duration_J,uniform,256,p,24494,301,
Q2_duration_J,uniform,256,p,24494,302,
Q2_duration_J,uniform,256,p,24494,303,
Q2_duration_J,uniform,256,p,26457,301,
Q2_duration_J,uniform,256,p,26457,302,
Q2_duration_J,uniform,256,p,26457,303,
Q2_duration_J,uniform,256,train_nll,22360,301,0.0
Q2_duration_J,uniform,256,train_nll,22360,302,0.0
Q2_duration_J,uniform,256,train_nll,22360,303,0.0
Q2_duration_J,uniform,256,train_nll,24494,301,0.0
Q2_duration_J,uniform,256,train_nll,24494,302,0.0
Q2_duration_J,uniform,256,train_nll,24494,303,0.0
Q2_duration_J,uniform,256,train_nll,26457,301,0.0
Q2_duration_J,uniform,256,train_nll,26457,302,0.0
Q2_duration_J,uniform,256,train_nll,26457,303,0.0
Q2_duration_J,uniform,256,validation_nll,22360,301,0.0
Q2_duration_J,uniform,256,validation_nll,22360,302,0.0
Q2_duration_J,uniform,256,validation_nll,22360,303,0.0
Q2_duration_J,uniform,256,validation_nll,24494,301,0.0
Q2_duration_J,uniform,256,validation_nll,24494,302,0.0
Q2_duration_J,uniform,256,validation_nll,24494,303,0.0
Q2_duration_J,uniform,256,validation_nll,26457,301,0.0
Q2_duration_J,uniform,256,validation_nll,26457,302,0.0
Q2_duration_J,uniform,256,validation_nll,26457,303,0.0
Q2_duration_J,uniform,256,test_nll,22360,301,0.0
Q2_duration_J,uniform,256,test_nll,22360,302,0.0
Q2_duration_J,uniform,256,test_nll,22360,303,0.0
Q2_duration_J,uniform,256,test_nll,24494,301,0.0
Q2_duration_J,uniform,256,test_nll,24494,302,0.0
Q2_duration_J,uniform,256,test_nll,24494,303,0.0
Q2_duration_J,uniform,256,test_nll,26457,301,0.0
Q2_duration_J,uniform,256,test_nll,26457,302,0.0
Q2_duration_J,uniform,256,test_nll,26457,303,0.0
Q2_duration_J,uniform,256,train_instance_accuracy,22360,301,0.0
Q2_duration_J,uniform,256,train_instance_accuracy,22360,302,0.0
Q2_duration_J,uniform,256,train_instance_accuracy,22360,303,0.0
Q2_duration_J,uniform,256,train_instance_accuracy,24494,301,0.0
Q2_duration_J,uniform,256,train_instance_accuracy,24494,302,0.0
Q2_duration_J,uniform,256,train_instance_accuracy,24494,303,0.0
Q2_duration_J,uniform,256,train_instance_accuracy,26457,301,0.0
Q2_duration_J,uniform,256,train_instance_accuracy,26457,302,0.0
Q2_duration_J,uniform,256,train_instance_accuracy,26457,303,0.0
Q2_duration_J,uniform,256,clipping,22360,301,0.0
Q2_duration_J,uniform,256,clipping,22360,302,0.0
Q2_duration_J,uniform,256,clipping,22360,303,0.0
Q2_duration_J,uniform,256,clipping,24494,301,0.0
Q2_duration_J,uniform,256,clipping,24494,302,0.0
Q2_duration_J,uniform,256,clipping,24494,303,0.0
Q2_duration_J,uniform,256,clipping,26457,301,0.0
Q2_duration_J,uniform,256,clipping,26457,302,0.0
Q2_duration_J,uniform,256,clipping,26457,303,0.0
Q2_interaction,random,64,p,22360,301,0.0
Q2_interaction,random,64,p,22360,302,0.0
Q2_interaction,random,64,p,22360,303,0.0
Q2_interaction,random,64,p,24494,301,0.0
Q2_interaction,random,64,p,24494,302,0.0
Q2_interaction,random,64,p,24494,303,0.0
Q2_interaction,random,64,p,26457,301,0.0
Q2_interaction,random,64,p,26457,302,0.0
Q2_interaction,random,64,p,26457,303,0.0
Q2_interaction,random,64,train_nll,22360,301,0.0
Q2_interaction,random,64,train_nll,22360,302,0.0
Q2_interaction,random,64,train_nll,22360,303,0.0
Q2_interaction,random,64,train_nll,24494,301,0.0
Q2_interaction,random,64,train_nll,24494,302,0.0
Q2_interaction,random,64,train_nll,24494,303,0.0
Q2_interaction,random,64,train_nll,26457,301,0.0
Q2_interaction,random,64,train_nll,26457,302,0.0
Q2_interaction,random,64,train_nll,26457,303,0.0
Q2_interaction,random,64,validation_nll,22360,301,0.0
Q2_interaction,random,64,validation_nll,22360,302,0.0
Q2_interaction,random,64,validation_nll,22360,303,0.0
Q2_interaction,random,64,validation_nll,24494,301,0.0
Q2_interaction,random,64,validation_nll,24494,302,0.0
Q2_interaction,random,64,validation_nll,24494,303,0.0
Q2_interaction,random,64,validation_nll,26457,301,0.0
Q2_interaction,random,64,validation_nll,26457,302,0.0
Q2_interaction,random,64,validation_nll,26457,303,0.0
Q2_interaction,random,64,test_nll,22360,301,0.0
Q2_interaction,random,64,test_nll,22360,302,0.0
Q2_interaction,random,64,test_nll,22360,303,0.0
Q2_interaction,random,64,test_nll,24494,301,0.0
Q2_interaction,random,64,test_nll,24494,302,0.0
Q2_interaction,random,64,test_nll,24494,303,0.0
Q2_interaction,random,64,test_nll,26457,301,0.0
Q2_interaction,random,64,test_nll,26457,302,0.0
Q2_interaction,random,64,test_nll,26457,303,0.0
Q2_interaction,random,64,train_instance_accuracy,22360,301,0.0
Q2_interaction,random,64,train_instance_accuracy,22360,302,0.0
Q2_interaction,random,64,train_instance_accuracy,22360,303,0.0
Q2_interaction,random,64,train_instance_accuracy,24494,301,0.0
Q2_interaction,random,64,train_instance_accuracy,24494,302,0.0
Q2_interaction,random,64,train_instance_accuracy,24494,303,0.0
Q2_interaction,random,64,train_instance_accuracy,26457,301,0.0
Q2_interaction,random,64,train_instance_accuracy,26457,302,0.0
Q2_interaction,random,64,train_instance_accuracy,26457,303,0.0
Q2_interaction,random,64,clipping,22360,301,0.0
Q2_interaction,random,64,clipping,22360,302,0.0
Q2_interaction,random,64,clipping,22360,303,0.0
Q2_interaction,random,64,clipping,24494,301,0.0
Q2_interaction,random,64,clipping,24494,302,0.0
Q2_interaction,random,64,clipping,24494,303,0.0
Q2_interaction,random,64,clipping,26457,301,0.0
Q2_interaction,random,64,clipping,26457,302,0.0
Q2_interaction,random,64,clipping,26457,303,0.0
Q2_interaction,random,128,p,22360,301,0.0
Q2_interaction,random,128,p,22360,302,0.0
Q2_interaction,random,128,p,22360,303,0.0
Q2_interaction,random,128,p,24494,301,0.0
Q2_interaction,random,128,p,24494,302,0.0
Q2_interaction,random,128,p,24494,303,0.0
Q2_interaction,random,128,p,26457,301,0.0
Q2_interaction,random,128,p,26457,302,0.0
Q2_interaction,random,128,p,26457,303,0.0
Q2_interaction,random,128,train_nll,22360,301,0.0
Q2_interaction,random,128,train_nll,22360,302,0.0
Q2_interaction,random,128,train_nll,22360,303,0.0
Q2_interaction,random,128,train_nll,24494,301,0.0
Q2_interaction,random,128,train_nll,24494,302,0.0
Q2_interaction,random,128,train_nll,24494,303,0.0
Q2_interaction,random,128,train_nll,26457,301,0.0
Q2_interaction,random,128,train_nll,26457,302,0.0
Q2_interaction,random,128,train_nll,26457,303,0.0
Q2_interaction,random,128,validation_nll,22360,301,0.0
Q2_interaction,random,128,validation_nll,22360,302,0.0
Q2_interaction,random,128,validation_nll,22360,303,0.0
Q2_interaction,random,128,validation_nll,24494,301,0.0
Q2_interaction,random,128,validation_nll,24494,302,0.0
Q2_interaction,random,128,validation_nll,24494,303,0.0
Q2_interaction,random,128,validation_nll,26457,301,0.0
Q2_interaction,random,128,validation_nll,26457,302,0.0
Q2_interaction,random,128,validation_nll,26457,303,0.0
Q2_interaction,random,128,test_nll,22360,301,0.0
Q2_interaction,random,128,test_nll,22360,302,0.0
Q2_interaction,random,128,test_nll,22360,303,0.0
Q2_interaction,random,128,test_nll,24494,301,0.0
Q2_interaction,random,128,test_nll,24494,302,0.0
Q2_interaction,random,128,test_nll,24494,303,0.0
Q2_interaction,random,128,test_nll,26457,301,0.0
Q2_interaction,random,128,test_nll,26457,302,0.0
Q2_interaction,random,128,test_nll,26457,303,0.0
Q2_interaction,random,128,train_instance_accuracy,22360,301,0.0
Q2_interaction,random,128,train_instance_accuracy,22360,302,0.0
Q2_interaction,random,128,train_instance_accuracy,22360,303,0.0
Q2_interaction,random,128,train_instance_accuracy,24494,301,0.0
Q2_interaction,random,128,train_instance_accuracy,24494,302,0.0
Q2_interaction,random,128,train_instance_accuracy,24494,303,0.0
Q2_interaction,random,128,train_instance_accuracy,26457,301,0.0
Q2_interaction,random,128,train_instance_accuracy,26457,302,0.0
Q2_interaction,random,128,train_instance_accuracy,26457,303,0.0
Q2_interaction,random,128,clipping,22360,301,0.0
Q2_interaction,random,128,clipping,22360,302,0.0
Q2_interaction,random,128,clipping,22360,303,0.0
Q2_interaction,random,128,clipping,24494,301,0.0
Q2_interaction,random,128,clipping,24494,302,0.0
Q2_interaction,random,128,clipping,24494,303,0.0
Q2_interaction,random,128,clipping,26457,301,0.0
Q2_interaction,random,128,clipping,26457,302,0.0
Q2_interaction,random,128,clipping,26457,303,0.0
Q2_interaction,random,256,p,22360,301,0.0
Q2_interaction,random,256,p,22360,302,0.0
Q2_interaction,random,256,p,22360,303,0.0
Q2_interaction,random,256,p,24494,301,0.0
Q2_interaction,random,256,p,24494,302,0.0
Q2_interaction,random,256,p,24494,303,0.0
Q2_interaction,random,256,p,26457,301,0.0
Q2_interaction,random,256,p,26457,302,0.0
Q2_interaction,random,256,p,26457,303,0.0
Q2_interaction,random,256,train_nll,22360,301,0.0
Q2_interaction,random,256,train_nll,22360,302,0.0
Q2_interaction,random,256,train_nll,22360,303,0.0
Q2_interaction,random,256,train_nll,24494,301,0.0
Q2_interaction,random,256,train_nll,24494,302,0.0
Q2_interaction,random,256,train_nll,24494,303,0.0
Q2_interaction,random,256,train_nll,26457,301,0.0
Q2_interaction,random,256,train_nll,26457,302,0.0
Q2_interaction,random,256,train_nll,26457,303,0.0
Q2_interaction,random,256,validation_nll,22360,301,0.0
Q2_interaction,random,256,validation_nll,22360,302,0.0
Q2_interaction,random,256,validation_nll,22360,303,0.0
Q2_interaction,random,256,validation_nll,24494,301,0.0
Q2_interaction,random,256,validation_nll,24494,302,0.0
Q2_interaction,random,256,validation_nll,24494,303,0.0
Q2_interaction,random,256,validation_nll,26457,301,0.0
Q2_interaction,random,256,validation_nll,26457,302,0.0
Q2_interaction,random,256,validation_nll,26457,303,0.0
Q2_interaction,random,256,test_nll,22360,301,0.0
Q2_interaction,random,256,test_nll,22360,302,0.0
Q2_interaction,random,256,test_nll,22360,303,0.0
Q2_interaction,random,256,test_nll,24494,301,0.0
Q2_interaction,random,256,test_nll,24494,302,0.0
Q2_interaction,random,256,test_nll,24494,303,0.0
Q2_interaction,random,256,test_nll,26457,301,0.0
Q2_interaction,random,256,test_nll,26457,302,0.0
Q2_interaction,random,256,test_nll,26457,303,0.0
Q2_interaction,random,256,train_instance_accuracy,22360,301,0.0
Q2_interaction,random,256,train_instance_accuracy,22360,302,0.0
Q2_interaction,random,256,train_instance_accuracy,22360,303,0.0
Q2_interaction,random,256,train_instance_accuracy,24494,301,0.0
Q2_interaction,random,256,train_instance_accuracy,24494,302,0.0
Q2_interaction,random,256,train_instance_accuracy,24494,303,0.0
Q2_interaction,random,256,train_instance_accuracy,26457,301,0.0
Q2_interaction,random,256,train_instance_accuracy,26457,302,0.0
Q2_interaction,random,256,train_instance_accuracy,26457,303,0.0
Q2_interaction,random,256,clipping,22360,301,0.0
Q2_interaction,random,256,clipping,22360,302,0.0
Q2_interaction,random,256,clipping,22360,303,0.0
Q2_interaction,random,256,clipping,24494,301,0.0
Q2_interaction,random,256,clipping,24494,302,0.0
Q2_interaction,random,256,clipping,24494,303,0.0
Q2_interaction,random,256,clipping,26457,301,0.0
Q2_interaction,random,256,clipping,26457,302,0.0
Q2_interaction,random,256,clipping,26457,303,0.0
Q2_interaction,uniform,64,p,22360,301,
Q2_interaction,uniform,64,p,22360,302,
Q2_interaction,uniform,64,p,22360,303,
Q2_interaction,uniform,64,p,24494,301,
Q2_interaction,uniform,64,p,24494,302,
Q2_interaction,uniform,64,p,24494,303,
Q2_interaction,uniform,64,p,26457,301,
Q2_interaction,uniform,64,p,26457,302,
Q2_interaction,uniform,64,p,26457,303,
Q2_interaction,uniform,64,train_nll,22360,301,0.0
Q2_interaction,uniform,64,train_nll,22360,302,0.0
Q2_interaction,uniform,64,train_nll,22360,303,0.0
Q2_interaction,uniform,64,train_nll,24494,301,0.0
Q2_interaction,uniform,64,train_nll,24494,302,0.0
Q2_interaction,uniform,64,train_nll,24494,303,0.0
Q2_interaction,uniform,64,train_nll,26457,301,0.0
Q2_interaction,uniform,64,train_nll,26457,302,0.0
Q2_interaction,uniform,64,train_nll,26457,303,0.0
Q2_interaction,uniform,64,validation_nll,22360,301,0.0
Q2_interaction,uniform,64,validation_nll,22360,302,0.0
Q2_interaction,uniform,64,validation_nll,22360,303,0.0
Q2_interaction,uniform,64,validation_nll,24494,301,0.0
Q2_interaction,uniform,64,validation_nll,24494,302,0.0
Q2_interaction,uniform,64,validation_nll,24494,303,0.0
Q2_interaction,uniform,64,validation_nll,26457,301,0.0
Q2_interaction,uniform,64,validation_nll,26457,302,0.0
Q2_interaction,uniform,64,validation_nll,26457,303,0.0
Q2_interaction,uniform,64,test_nll,22360,301,0.0
Q2_interaction,uniform,64,test_nll,22360,302,0.0
Q2_interaction,uniform,64,test_nll,22360,303,0.0
Q2_interaction,uniform,64,test_nll,24494,301,0.0
Q2_interaction,uniform,64,test_nll,24494,302,0.0
Q2_interaction,uniform,64,test_nll,24494,303,0.0
Q2_interaction,uniform,64,test_nll,26457,301,0.0
Q2_interaction,uniform,64,test_nll,26457,302,0.0
Q2_interaction,uniform,64,test_nll,26457,303,0.0
Q2_interaction,uniform,64,train_instance_accuracy,22360,301,0.0
Q2_interaction,uniform,64,train_instance_accuracy,22360,302,0.0
Q2_interaction,uniform,64,train_instance_accuracy,22360,303,0.0
Q2_interaction,uniform,64,train_instance_accuracy,24494,301,0.0
Q2_interaction,uniform,64,train_instance_accuracy,24494,302,0.0
Q2_interaction,uniform,64,train_instance_accuracy,24494,303,0.0
Q2_interaction,uniform,64,train_instance_accuracy,26457,301,0.0
Q2_interaction,uniform,64,train_instance_accuracy,26457,302,0.0
Q2_interaction,uniform,64,train_instance_accuracy,26457,303,0.0
Q2_interaction,uniform,64,clipping,22360,301,0.0
Q2_interaction,uniform,64,clipping,22360,302,0.0
Q2_interaction,uniform,64,clipping,22360,303,0.0
Q2_interaction,uniform,64,clipping,24494,301,0.0
Q2_interaction,uniform,64,clipping,24494,302,0.0
Q2_interaction,uniform,64,clipping,24494,303,0.0
Q2_interaction,uniform,64,clipping,26457,301,0.0
Q2_interaction,uniform,64,clipping,26457,302,0.0
Q2_interaction,uniform,64,clipping,26457,303,0.0
Q2_interaction,uniform,128,p,22360,301,
Q2_interaction,uniform,128,p,22360,302,
Q2_interaction,uniform,128,p,22360,303,
Q2_interaction,uniform,128,p,24494,301,
Q2_interaction,uniform,128,p,24494,302,
Q2_interaction,uniform,128,p,24494,303,
Q2_interaction,uniform,128,p,26457,301,
Q2_interaction,uniform,128,p,26457,302,
Q2_interaction,uniform,128,p,26457,303,
Q2_interaction,uniform,128,train_nll,22360,301,0.0
Q2_interaction,uniform,128,train_nll,22360,302,0.0
Q2_interaction,uniform,128,train_nll,22360,303,0.0
Q2_interaction,uniform,128,train_nll,24494,301,0.0
Q2_interaction,uniform,128,train_nll,24494,302,0.0
Q2_interaction,uniform,128,train_nll,24494,303,0.0
Q2_interaction,uniform,128,train_nll,26457,301,0.0
Q2_interaction,uniform,128,train_nll,26457,302,0.0
Q2_interaction,uniform,128,train_nll,26457,303,0.0
Q2_interaction,uniform,128,validation_nll,22360,301,0.0
Q2_interaction,uniform,128,validation_nll,22360,302,0.0
Q2_interaction,uniform,128,validation_nll,22360,303,0.0
Q2_interaction,uniform,128,validation_nll,24494,301,0.0
Q2_interaction,uniform,128,validation_nll,24494,302,0.0
Q2_interaction,uniform,128,validation_nll,24494,303,0.0
Q2_interaction,uniform,128,validation_nll,26457,301,0.0
Q2_interaction,uniform,128,validation_nll,26457,302,0.0
Q2_interaction,uniform,128,validation_nll,26457,303,0.0
Q2_interaction,uniform,128,test_nll,22360,301,0.0
Q2_interaction,uniform,128,test_nll,22360,302,0.0
Q2_interaction,uniform,128,test_nll,22360,303,0.0
Q2_interaction,uniform,128,test_nll,24494,301,0.0
Q2_interaction,uniform,128,test_nll,24494,302,0.0
Q2_interaction,uniform,128,test_nll,24494,303,0.0
Q2_interaction,uniform,128,test_nll,26457,301,0.0
Q2_interaction,uniform,128,test_nll,26457,302,0.0
Q2_interaction,uniform,128,test_nll,26457,303,0.0
Q2_interaction,uniform,128,train_instance_accuracy,22360,301,0.0
Q2_interaction,uniform,128,train_instance_accuracy,22360,302,0.0
Q2_interaction,uniform,128,train_instance_accuracy,22360,303,0.0
Q2_interaction,uniform,128,train_instance_accuracy,24494,301,0.0
Q2_interaction,uniform,128,train_instance_accuracy,24494,302,0.0
Q2_interaction,uniform,128,train_instance_accuracy,24494,303,0.0
Q2_interaction,uniform,128,train_instance_accuracy,26457,301,0.0
Q2_interaction,uniform,128,train_instance_accuracy,26457,302,0.0
Q2_interaction,uniform,128,train_instance_accuracy,26457,303,0.0
Q2_interaction,uniform,128,clipping,22360,301,0.0
Q2_interaction,uniform,128,clipping,22360,302,0.0
Q2_interaction,uniform,128,clipping,22360,303,0.0
Q2_interaction,uniform,128,clipping,24494,301,0.0
Q2_interaction,uniform,128,clipping,24494,302,0.0
Q2_interaction,uniform,128,clipping,24494,303,0.0
Q2_interaction,uniform,128,clipping,26457,301,0.0
Q2_interaction,uniform,128,clipping,26457,302,0.0
Q2_interaction,uniform,128,clipping,26457,303,0.0
Q2_interaction,uniform,256,p,22360,301,
Q2_interaction,uniform,256,p,22360,302,
Q2_interaction,uniform,256,p,22360,303,
Q2_interaction,uniform,256,p,24494,301,
Q2_interaction,uniform,256,p,24494,302,
Q2_interaction,uniform,256,p,24494,303,
Q2_interaction,uniform,256,p,26457,301,
Q2_interaction,uniform,256,p,26457,302,
Q2_interaction,uniform,256,p,26457,303,
Q2_interaction,uniform,256,train_nll,22360,301,0.0
Q2_interaction,uniform,256,train_nll,22360,302,0.0
Q2_interaction,uniform,256,train_nll,22360,303,0.0
Q2_interaction,uniform,256,train_nll,24494,301,0.0
Q2_interaction,uniform,256,train_nll,24494,302,0.0
Q2_interaction,uniform,256,train_nll,24494,303,0.0
Q2_interaction,uniform,256,train_nll,26457,301,0.0
Q2_interaction,uniform,256,train_nll,26457,302,0.0
Q2_interaction,uniform,256,train_nll,26457,303,0.0
Q2_interaction,uniform,256,validation_nll,22360,301,0.0
Q2_interaction,uniform,256,validation_nll,22360,302,0.0
Q2_interaction,uniform,256,validation_nll,22360,303,0.0
Q2_interaction,uniform,256,validation_nll,24494,301,0.0
Q2_interaction,uniform,256,validation_nll,24494,302,0.0
Q2_interaction,uniform,256,validation_nll,24494,303,0.0
Q2_interaction,uniform,256,validation_nll,26457,301,0.0
Q2_interaction,uniform,256,validation_nll,26457,302,0.0
Q2_interaction,uniform,256,validation_nll,26457,303,0.0
Q2_interaction,uniform,256,test_nll,22360,301,0.0
Q2_interaction,uniform,256,test_nll,22360,302,0.0
Q2_interaction,uniform,256,test_nll,22360,303,0.0
Q2_interaction,uniform,256,test_nll,24494,301,0.0
Q2_interaction,uniform,256,test_nll,24494,302,0.0
Q2_interaction,uniform,256,test_nll,24494,303,0.0
Q2_interaction,uniform,256,test_nll,26457,301,0.0
Q2_interaction,uniform,256,test_nll,26457,302,0.0
Q2_interaction,uniform,256,test_nll,26457,303,0.0
Q2_interaction,uniform,256,train_instance_accuracy,22360,301,0.0
Q2_interaction,uniform,256,train_instance_accuracy,22360,302,0.0
Q2_interaction,uniform,256,train_instance_accuracy,22360,303,0.0
Q2_interaction,uniform,256,train_instance_accuracy,24494,301,0.0
Q2_interaction,uniform,256,train_instance_accuracy,24494,302,0.0
Q2_interaction,uniform,256,train_instance_accuracy,24494,303,0.0
Q2_interaction,uniform,256,train_instance_accuracy,26457,301,0.0
Q2_interaction,uniform,256,train_instance_accuracy,26457,302,0.0
Q2_interaction,uniform,256,train_instance_accuracy,26457,303,0.0
Q2_interaction,uniform,256,clipping,22360,301,0.0
Q2_interaction,uniform,256,clipping,22360,302,0.0
Q2_interaction,uniform,256,clipping,22360,303,0.0
Q2_interaction,uniform,256,clipping,24494,301,0.0
Q2_interaction,uniform,256,clipping,24494,302,0.0
Q2_interaction,uniform,256,clipping,24494,303,0.0
Q2_interaction,uniform,256,clipping,26457,301,0.0
Q2_interaction,uniform,256,clipping,26457,302,0.0
Q2_interaction,uniform,256,clipping,26457,303,0.0
Q2_total,random,64,p,22360,301,0.0
Q2_total,random,64,p,22360,302,0.0
Q2_total,random,64,p,22360,303,0.0
Q2_total,random,64,p,24494,301,0.0
Q2_total,random,64,p,24494,302,0.0
Q2_total,random,64,p,24494,303,0.0
Q2_total,random,64,p,26457,301,0.0
Q2_total,random,64,p,26457,302,0.0
Q2_total,random,64,p,26457,303,0.0
Q2_total,random,64,train_nll,22360,301,0.0
Q2_total,random,64,train_nll,22360,302,0.0
Q2_total,random,64,train_nll,22360,303,0.0
Q2_total,random,64,train_nll,24494,301,0.0
Q2_total,random,64,train_nll,24494,302,0.0
Q2_total,random,64,train_nll,24494,303,0.0
Q2_total,random,64,train_nll,26457,301,0.0
Q2_total,random,64,train_nll,26457,302,0.0
Q2_total,random,64,train_nll,26457,303,0.0
Q2_total,random,64,validation_nll,22360,301,0.0
Q2_total,random,64,validation_nll,22360,302,0.0
Q2_total,random,64,validation_nll,22360,303,0.0
Q2_total,random,64,validation_nll,24494,301,0.0
Q2_total,random,64,validation_nll,24494,302,0.0
Q2_total,random,64,validation_nll,24494,303,0.0
Q2_total,random,64,validation_nll,26457,301,0.0
Q2_total,random,64,validation_nll,26457,302,0.0
Q2_total,random,64,validation_nll,26457,303,0.0
Q2_total,random,64,test_nll,22360,301,0.0
Q2_total,random,64,test_nll,22360,302,0.0
Q2_total,random,64,test_nll,22360,303,0.0
Q2_total,random,64,test_nll,24494,301,0.0
Q2_total,random,64,test_nll,24494,302,0.0
Q2_total,random,64,test_nll,24494,303,0.0
Q2_total,random,64,test_nll,26457,301,0.0
Q2_total,random,64,test_nll,26457,302,0.0
Q2_total,random,64,test_nll,26457,303,0.0
Q2_total,random,64,train_instance_accuracy,22360,301,0.0
Q2_total,random,64,train_instance_accuracy,22360,302,0.0
Q2_total,random,64,train_instance_accuracy,22360,303,0.0
Q2_total,random,64,train_instance_accuracy,24494,301,0.0
Q2_total,random,64,train_instance_accuracy,24494,302,0.0
Q2_total,random,64,train_instance_accuracy,24494,303,0.0
Q2_total,random,64,train_instance_accuracy,26457,301,0.0
Q2_total,random,64,train_instance_accuracy,26457,302,0.0
Q2_total,random,64,train_instance_accuracy,26457,303,0.0
Q2_total,random,64,clipping,22360,301,0.0
Q2_total,random,64,clipping,22360,302,0.0
Q2_total,random,64,clipping,22360,303,0.0
Q2_total,random,64,clipping,24494,301,0.0
Q2_total,random,64,clipping,24494,302,0.0
Q2_total,random,64,clipping,24494,303,0.0
Q2_total,random,64,clipping,26457,301,0.0
Q2_total,random,64,clipping,26457,302,0.0
Q2_total,random,64,clipping,26457,303,0.0
Q2_total,random,128,p,22360,301,-0.0035124500759791816
Q2_total,random,128,p,22360,302,-0.003079001716244714
Q2_total,random,128,p,22360,303,-0.0029918200612670184
Q2_total,random,128,p,24494,301,-0.0036342419427658895
Q2_total,random,128,p,24494,302,-0.005237397335969993
Q2_total,random,128,p,24494,303,-0.004596214736097171
Q2_total,random,128,p,26457,301,-0.003937854663152787
Q2_total,random,128,p,26457,302,-0.005082439241862677
Q2_total,random,128,p,26457,303,-0.0019378049144019999
Q2_total,random,128,train_nll,22360,301,0.012929081916809082
Q2_total,random,128,train_nll,22360,302,0.015064120292663574
Q2_total,random,128,train_nll,22360,303,0.01642918586730957
Q2_total,random,128,train_nll,24494,301,0.02021646499633789
Q2_total,random,128,train_nll,24494,302,0.0018750429153442383
Q2_total,random,128,train_nll,24494,303,0.014655232429504395
Q2_total,random,128,train_nll,26457,301,0.012434959411621094
Q2_total,random,128,train_nll,26457,302,0.008527159690856934
Q2_total,random,128,train_nll,26457,303,0.026661038398742676
Q2_total,random,128,validation_nll,22360,301,-0.004522562026977539
Q2_total,random,128,validation_nll,22360,302,-0.00012564659118652344
Q2_total,random,128,validation_nll,22360,303,0.0032913684844970703
Q2_total,random,128,validation_nll,24494,301,0.009196281433105469
Q2_total,random,128,validation_nll,24494,302,-0.011089324951171875
Q2_total,random,128,validation_nll,24494,303,0.0010085105895996094
Q2_total,random,128,validation_nll,26457,301,-0.005085945129394531
Q2_total,random,128,validation_nll,26457,302,-0.006663799285888672
Q2_total,random,128,validation_nll,26457,303,0.019318103790283203
Q2_total,random,128,test_nll,22360,301,-0.001563429832458496
Q2_total,random,128,test_nll,22360,302,0.0005662441253662109
Q2_total,random,128,test_nll,22360,303,0.004959702491760254
Q2_total,random,128,test_nll,24494,301,0.00534820556640625
Q2_total,random,128,test_nll,24494,302,-0.017966032028198242
Q2_total,random,128,test_nll,24494,303,-0.004557132720947266
Q2_total,random,128,test_nll,26457,301,-0.005240917205810547
Q2_total,random,128,test_nll,26457,302,-0.010101318359375
Q2_total,random,128,test_nll,26457,303,0.017276287078857422
Q2_total,random,128,train_instance_accuracy,22360,301,-0.00537109375
Q2_total,random,128,train_instance_accuracy,22360,302,-0.01416015625
Q2_total,random,128,train_instance_accuracy,22360,303,-0.00244140625
Q2_total,random,128,train_instance_accuracy,24494,301,-0.001953125
Q2_total,random,128,train_instance_accuracy,24494,302,-0.0087890625
Q2_total,random,128,train_instance_accuracy,24494,303,-0.009765625
Q2_total,random,128,train_instance_accuracy,26457,301,-0.0087890625
Q2_total,random,128,train_instance_accuracy,26457,302,-0.00537109375
Q2_total,random,128,train_instance_accuracy,26457,303,-0.00390625
Q2_total,random,128,clipping,22360,301,0.0
Q2_total,random,128,clipping,22360,302,0.0
Q2_total,random,128,clipping,22360,303,0.0
Q2_total,random,128,clipping,24494,301,0.0
Q2_total,random,128,clipping,24494,302,0.0
Q2_total,random,128,clipping,24494,303,0.0
Q2_total,random,128,clipping,26457,301,0.0
Q2_total,random,128,clipping,26457,302,0.0
Q2_total,random,128,clipping,26457,303,0.0
Q2_total,random,256,p,22360,301,0.0
Q2_total,random,256,p,22360,302,0.0
Q2_total,random,256,p,22360,303,0.0
Q2_total,random,256,p,24494,301,0.0
Q2_total,random,256,p,24494,302,0.0
Q2_total,random,256,p,24494,303,0.0
Q2_total,random,256,p,26457,301,0.0
Q2_total,random,256,p,26457,302,0.0
Q2_total,random,256,p,26457,303,0.0
Q2_total,random,256,train_nll,22360,301,0.0
Q2_total,random,256,train_nll,22360,302,0.0
Q2_total,random,256,train_nll,22360,303,0.0
Q2_total,random,256,train_nll,24494,301,0.0
Q2_total,random,256,train_nll,24494,302,0.0
Q2_total,random,256,train_nll,24494,303,0.0
Q2_total,random,256,train_nll,26457,301,0.0
Q2_total,random,256,train_nll,26457,302,0.0
Q2_total,random,256,train_nll,26457,303,0.0
Q2_total,random,256,validation_nll,22360,301,0.0
Q2_total,random,256,validation_nll,22360,302,0.0
Q2_total,random,256,validation_nll,22360,303,0.0
Q2_total,random,256,validation_nll,24494,301,0.0
Q2_total,random,256,validation_nll,24494,302,0.0
Q2_total,random,256,validation_nll,24494,303,0.0
Q2_total,random,256,validation_nll,26457,301,0.0
Q2_total,random,256,validation_nll,26457,302,0.0
Q2_total,random,256,validation_nll,26457,303,0.0
Q2_total,random,256,test_nll,22360,301,0.0
Q2_total,random,256,test_nll,22360,302,0.0
Q2_total,random,256,test_nll,22360,303,0.0
Q2_total,random,256,test_nll,24494,301,0.0
Q2_total,random,256,test_nll,24494,302,0.0
Q2_total,random,256,test_nll,24494,303,0.0
Q2_total,random,256,test_nll,26457,301,0.0
Q2_total,random,256,test_nll,26457,302,0.0
Q2_total,random,256,test_nll,26457,303,0.0
Q2_total,random,256,train_instance_accuracy,22360,301,0.0
Q2_total,random,256,train_instance_accuracy,22360,302,0.0
Q2_total,random,256,train_instance_accuracy,22360,303,0.0
Q2_total,random,256,train_instance_accuracy,24494,301,0.0
Q2_total,random,256,train_instance_accuracy,24494,302,0.0
Q2_total,random,256,train_instance_accuracy,24494,303,0.0
Q2_total,random,256,train_instance_accuracy,26457,301,0.0
Q2_total,random,256,train_instance_accuracy,26457,302,0.0
Q2_total,random,256,train_instance_accuracy,26457,303,0.0
Q2_total,random,256,clipping,22360,301,0.0
Q2_total,random,256,clipping,22360,302,0.0
Q2_total,random,256,clipping,22360,303,0.0
Q2_total,random,256,clipping,24494,301,0.0
Q2_total,random,256,clipping,24494,302,0.0
Q2_total,random,256,clipping,24494,303,0.0
Q2_total,random,256,clipping,26457,301,0.0
Q2_total,random,256,clipping,26457,302,0.0
Q2_total,random,256,clipping,26457,303,0.0
Q2_total,uniform,64,p,22360,301,
Q2_total,uniform,64,p,22360,302,
Q2_total,uniform,64,p,22360,303,
Q2_total,uniform,64,p,24494,301,
Q2_total,uniform,64,p,24494,302,
Q2_total,uniform,64,p,24494,303,
Q2_total,uniform,64,p,26457,301,
Q2_total,uniform,64,p,26457,302,
Q2_total,uniform,64,p,26457,303,
Q2_total,uniform,64,train_nll,22360,301,0.0
Q2_total,uniform,64,train_nll,22360,302,0.0
Q2_total,uniform,64,train_nll,22360,303,0.0
Q2_total,uniform,64,train_nll,24494,301,0.0
Q2_total,uniform,64,train_nll,24494,302,0.0
Q2_total,uniform,64,train_nll,24494,303,0.0
Q2_total,uniform,64,train_nll,26457,301,0.0
Q2_total,uniform,64,train_nll,26457,302,0.0
Q2_total,uniform,64,train_nll,26457,303,0.0
Q2_total,uniform,64,validation_nll,22360,301,0.0
Q2_total,uniform,64,validation_nll,22360,302,0.0
Q2_total,uniform,64,validation_nll,22360,303,0.0
Q2_total,uniform,64,validation_nll,24494,301,0.0
Q2_total,uniform,64,validation_nll,24494,302,0.0
Q2_total,uniform,64,validation_nll,24494,303,0.0
Q2_total,uniform,64,validation_nll,26457,301,0.0
Q2_total,uniform,64,validation_nll,26457,302,0.0
Q2_total,uniform,64,validation_nll,26457,303,0.0
Q2_total,uniform,64,test_nll,22360,301,0.0
Q2_total,uniform,64,test_nll,22360,302,0.0
Q2_total,uniform,64,test_nll,22360,303,0.0
Q2_total,uniform,64,test_nll,24494,301,0.0
Q2_total,uniform,64,test_nll,24494,302,0.0
Q2_total,uniform,64,test_nll,24494,303,0.0
Q2_total,uniform,64,test_nll,26457,301,0.0
Q2_total,uniform,64,test_nll,26457,302,0.0
Q2_total,uniform,64,test_nll,26457,303,0.0
Q2_total,uniform,64,train_instance_accuracy,22360,301,0.0
Q2_total,uniform,64,train_instance_accuracy,22360,302,0.0
Q2_total,uniform,64,train_instance_accuracy,22360,303,0.0
Q2_total,uniform,64,train_instance_accuracy,24494,301,0.0
Q2_total,uniform,64,train_instance_accuracy,24494,302,0.0
Q2_total,uniform,64,train_instance_accuracy,24494,303,0.0
Q2_total,uniform,64,train_instance_accuracy,26457,301,0.0
Q2_total,uniform,64,train_instance_accuracy,26457,302,0.0
Q2_total,uniform,64,train_instance_accuracy,26457,303,0.0
Q2_total,uniform,64,clipping,22360,301,0.0
Q2_total,uniform,64,clipping,22360,302,0.0
Q2_total,uniform,64,clipping,22360,303,0.0
Q2_total,uniform,64,clipping,24494,301,0.0
Q2_total,uniform,64,clipping,24494,302,0.0
Q2_total,uniform,64,clipping,24494,303,0.0
Q2_total,uniform,64,clipping,26457,301,0.0
Q2_total,uniform,64,clipping,26457,302,0.0
Q2_total,uniform,64,clipping,26457,303,0.0
Q2_total,uniform,128,p,22360,301,
Q2_total,uniform,128,p,22360,302,
Q2_total,uniform,128,p,22360,303,
Q2_total,uniform,128,p,24494,301,
Q2_total,uniform,128,p,24494,302,
Q2_total,uniform,128,p,24494,303,
Q2_total,uniform,128,p,26457,301,
Q2_total,uniform,128,p,26457,302,
Q2_total,uniform,128,p,26457,303,
Q2_total,uniform,128,train_nll,22360,301,0.016057252883911133
Q2_total,uniform,128,train_nll,22360,302,0.023723244667053223
Q2_total,uniform,128,train_nll,22360,303,0.016306042671203613
Q2_total,uniform,128,train_nll,24494,301,0.019948482513427734
Q2_total,uniform,128,train_nll,24494,302,0.022600531578063965
Q2_total,uniform,128,train_nll,24494,303,0.023398518562316895
Q2_total,uniform,128,train_nll,26457,301,0.025032758712768555
Q2_total,uniform,128,train_nll,26457,302,0.024246573448181152
Q2_total,uniform,128,train_nll,26457,303,0.017412543296813965
Q2_total,uniform,128,validation_nll,22360,301,0.004547834396362305
Q2_total,uniform,128,validation_nll,22360,302,0.010207414627075195
Q2_total,uniform,128,validation_nll,22360,303,0.006386518478393555
Q2_total,uniform,128,validation_nll,24494,301,0.0079115629196167
Q2_total,uniform,128,validation_nll,24494,302,0.013271927833557129
Q2_total,uniform,128,validation_nll,24494,303,0.012080073356628418
Q2_total,uniform,128,validation_nll,26457,301,0.005762934684753418
Q2_total,uniform,128,validation_nll,26457,302,0.006725788116455078
Q2_total,uniform,128,validation_nll,26457,303,0.0011800527572631836
Q2_total,uniform,128,test_nll,22360,301,0.003334641456604004
Q2_total,uniform,128,test_nll,22360,302,0.007640242576599121
Q2_total,uniform,128,test_nll,22360,303,0.006132006645202637
Q2_total,uniform,128,test_nll,24494,301,0.006272673606872559
Q2_total,uniform,128,test_nll,24494,302,0.011163115501403809
Q2_total,uniform,128,test_nll,24494,303,0.01219320297241211
Q2_total,uniform,128,test_nll,26457,301,0.0063974857330322266
Q2_total,uniform,128,test_nll,26457,302,0.007616877555847168
Q2_total,uniform,128,test_nll,26457,303,-0.0026017427444458008
Q2_total,uniform,128,train_instance_accuracy,22360,301,0.0
Q2_total,uniform,128,train_instance_accuracy,22360,302,-0.0009765625
Q2_total,uniform,128,train_instance_accuracy,22360,303,-0.00390625
Q2_total,uniform,128,train_instance_accuracy,24494,301,-0.005859375
Q2_total,uniform,128,train_instance_accuracy,24494,302,-0.0029296875
Q2_total,uniform,128,train_instance_accuracy,24494,303,-0.0087890625
Q2_total,uniform,128,train_instance_accuracy,26457,301,-0.0029296875
Q2_total,uniform,128,train_instance_accuracy,26457,302,-0.0009765625
Q2_total,uniform,128,train_instance_accuracy,26457,303,-0.0068359375
Q2_total,uniform,128,clipping,22360,301,-0.006249999999999978
Q2_total,uniform,128,clipping,22360,302,0.018750000000000044
Q2_total,uniform,128,clipping,22360,303,-0.043749999999999956
Q2_total,uniform,128,clipping,24494,301,-0.006249999999999978
Q2_total,uniform,128,clipping,24494,302,-0.012500000000000067
Q2_total,uniform,128,clipping,24494,303,-0.012499999999999956
Q2_total,uniform,128,clipping,26457,301,0.0
Q2_total,uniform,128,clipping,26457,302,0.0
Q2_total,uniform,128,clipping,26457,303,-0.006249999999999978
Q2_total,uniform,256,p,22360,301,
Q2_total,uniform,256,p,22360,302,
Q2_total,uniform,256,p,22360,303,
Q2_total,uniform,256,p,24494,301,
Q2_total,uniform,256,p,24494,302,
Q2_total,uniform,256,p,24494,303,
Q2_total,uniform,256,p,26457,301,
Q2_total,uniform,256,p,26457,302,
Q2_total,uniform,256,p,26457,303,
Q2_total,uniform,256,train_nll,22360,301,0.0
Q2_total,uniform,256,train_nll,22360,302,0.0
Q2_total,uniform,256,train_nll,22360,303,0.0
Q2_total,uniform,256,train_nll,24494,301,0.0
Q2_total,uniform,256,train_nll,24494,302,0.0
Q2_total,uniform,256,train_nll,24494,303,0.0
Q2_total,uniform,256,train_nll,26457,301,0.0
Q2_total,uniform,256,train_nll,26457,302,0.0
Q2_total,uniform,256,train_nll,26457,303,0.0
Q2_total,uniform,256,validation_nll,22360,301,0.0
Q2_total,uniform,256,validation_nll,22360,302,0.0
Q2_total,uniform,256,validation_nll,22360,303,0.0
Q2_total,uniform,256,validation_nll,24494,301,0.0
Q2_total,uniform,256,validation_nll,24494,302,0.0
Q2_total,uniform,256,validation_nll,24494,303,0.0
Q2_total,uniform,256,validation_nll,26457,301,0.0
Q2_total,uniform,256,validation_nll,26457,302,0.0
Q2_total,uniform,256,validation_nll,26457,303,0.0
Q2_total,uniform,256,test_nll,22360,301,0.0
Q2_total,uniform,256,test_nll,22360,302,0.0
Q2_total,uniform,256,test_nll,22360,303,0.0
Q2_total,uniform,256,test_nll,24494,301,0.0
Q2_total,uniform,256,test_nll,24494,302,0.0
Q2_total,uniform,256,test_nll,24494,303,0.0
Q2_total,uniform,256,test_nll,26457,301,0.0
Q2_total,uniform,256,test_nll,26457,302,0.0
Q2_total,uniform,256,test_nll,26457,303,0.0
Q2_total,uniform,256,train_instance_accuracy,22360,301,0.0
Q2_total,uniform,256,train_instance_accuracy,22360,302,0.0
Q2_total,uniform,256,train_instance_accuracy,22360,303,0.0
Q2_total,uniform,256,train_instance_accuracy,24494,301,0.0
Q2_total,uniform,256,train_instance_accuracy,24494,302,0.0
Q2_total,uniform,256,train_instance_accuracy,24494,303,0.0
Q2_total,uniform,256,train_instance_accuracy,26457,301,0.0
Q2_total,uniform,256,train_instance_accuracy,26457,302,0.0
Q2_total,uniform,256,train_instance_accuracy,26457,303,0.0
Q2_total,uniform,256,clipping,22360,301,0.0
Q2_total,uniform,256,clipping,22360,302,0.0
Q2_total,uniform,256,clipping,22360,303,0.0
Q2_total,uniform,256,clipping,24494,301,0.0
Q2_total,uniform,256,clipping,24494,302,0.0
Q2_total,uniform,256,clipping,24494,303,0.0
Q2_total,uniform,256,clipping,26457,301,0.0
Q2_total,uniform,256,clipping,26457,302,0.0
Q2_total,uniform,256,clipping,26457,303,0.0
