effect,arm,width,metric,data_seed,seed,value
primary_U_minus_M_F_C30,random,64,p,41843,601,1.1469269303201928
primary_U_minus_M_F_C30,random,64,p,41843,602,0.43929539820439967
primary_U_minus_M_F_C30,random,64,p,41843,603,1.2239649026720834
primary_U_minus_M_F_C30,random,64,p,43997,601,0.751554501506345
primary_U_minus_M_F_C30,random,64,p,43997,602,0.638520963593995
primary_U_minus_M_F_C30,random,64,p,43997,603,1.3651683915673136
primary_U_minus_M_F_C30,random,64,p,46219,601,0.8734197220761712
primary_U_minus_M_F_C30,random,64,p,46219,602,0.9212655541951744
primary_U_minus_M_F_C30,random,64,p,46219,603,0.7308703581333056
primary_U_minus_M_F_C30,random,64,objective,41843,601,0.004547654113767097
primary_U_minus_M_F_C30,random,64,objective,41843,602,0.0005347904487953892
primary_U_minus_M_F_C30,random,64,objective,41843,603,0.004354594259412489
primary_U_minus_M_F_C30,random,64,objective,43997,601,3.1674866092327687e-05
primary_U_minus_M_F_C30,random,64,objective,43997,602,0.00012386036954281293
primary_U_minus_M_F_C30,random,64,objective,43997,603,0.005805697657296302
primary_U_minus_M_F_C30,random,64,objective,46219,601,0.0002406528153360026
primary_U_minus_M_F_C30,random,64,objective,46219,602,0.0012112068434413726
primary_U_minus_M_F_C30,random,64,objective,46219,603,0.0001087897829734602
primary_U_minus_M_F_C30,random,64,train_nll,41843,601,-0.1099463701248169
primary_U_minus_M_F_C30,random,64,train_nll,41843,602,-0.15308165550231934
primary_U_minus_M_F_C30,random,64,train_nll,41843,603,-0.15680384635925293
primary_U_minus_M_F_C30,random,64,train_nll,43997,601,-0.1307591199874878
primary_U_minus_M_F_C30,random,64,train_nll,43997,602,-0.14314699172973633
primary_U_minus_M_F_C30,random,64,train_nll,43997,603,-0.13433873653411865
primary_U_minus_M_F_C30,random,64,train_nll,46219,601,-0.14955556392669678
primary_U_minus_M_F_C30,random,64,train_nll,46219,602,-0.1262340545654297
primary_U_minus_M_F_C30,random,64,train_nll,46219,603,-0.14442455768585205
primary_U_minus_M_F_C30,random,64,validation_nll,41843,601,-0.0716547966003418
primary_U_minus_M_F_C30,random,64,validation_nll,41843,602,-0.16878104209899902
primary_U_minus_M_F_C30,random,64,validation_nll,41843,603,-0.08022308349609375
primary_U_minus_M_F_C30,random,64,validation_nll,43997,601,-0.08556556701660156
primary_U_minus_M_F_C30,random,64,validation_nll,43997,602,-0.11367464065551758
primary_U_minus_M_F_C30,random,64,validation_nll,43997,603,-0.05825376510620117
primary_U_minus_M_F_C30,random,64,validation_nll,46219,601,-0.07873940467834473
primary_U_minus_M_F_C30,random,64,validation_nll,46219,602,-0.10978055000305176
primary_U_minus_M_F_C30,random,64,validation_nll,46219,603,-0.07574856281280518
primary_U_minus_M_F_C30,random,64,test_nll,41843,601,-0.052206993103027344
primary_U_minus_M_F_C30,random,64,test_nll,41843,602,-0.1629427671432495
primary_U_minus_M_F_C30,random,64,test_nll,41843,603,-0.09453153610229492
primary_U_minus_M_F_C30,random,64,test_nll,43997,601,-0.08626174926757812
primary_U_minus_M_F_C30,random,64,test_nll,43997,602,-0.12028264999389648
primary_U_minus_M_F_C30,random,64,test_nll,43997,603,-0.0494844913482666
primary_U_minus_M_F_C30,random,64,test_nll,46219,601,-0.08662080764770508
primary_U_minus_M_F_C30,random,64,test_nll,46219,602,-0.10348224639892578
primary_U_minus_M_F_C30,random,64,test_nll,46219,603,-0.0879983901977539
primary_U_minus_M_F_C30,random,64,train_instance_accuracy,41843,601,0.0390625
primary_U_minus_M_F_C30,random,64,train_instance_accuracy,41843,602,0.01611328125
primary_U_minus_M_F_C30,random,64,train_instance_accuracy,41843,603,0.05029296875
primary_U_minus_M_F_C30,random,64,train_instance_accuracy,43997,601,0.03857421875
primary_U_minus_M_F_C30,random,64,train_instance_accuracy,43997,602,0.0361328125
primary_U_minus_M_F_C30,random,64,train_instance_accuracy,43997,603,0.0556640625
primary_U_minus_M_F_C30,random,64,train_instance_accuracy,46219,601,0.0419921875
primary_U_minus_M_F_C30,random,64,train_instance_accuracy,46219,602,0.021484375
primary_U_minus_M_F_C30,random,64,train_instance_accuracy,46219,603,0.046875
primary_U_minus_M_F_C30,random,64,clipping,41843,601,-0.04791666666666672
primary_U_minus_M_F_C30,random,64,clipping,41843,602,-0.006249999999999978
primary_U_minus_M_F_C30,random,64,clipping,41843,603,-0.05833333333333335
primary_U_minus_M_F_C30,random,64,clipping,43997,601,-0.033333333333333326
primary_U_minus_M_F_C30,random,64,clipping,43997,602,-0.05625000000000002
primary_U_minus_M_F_C30,random,64,clipping,43997,603,-0.08333333333333337
primary_U_minus_M_F_C30,random,64,clipping,46219,601,-0.027083333333333348
primary_U_minus_M_F_C30,random,64,clipping,46219,602,-0.022916666666666696
primary_U_minus_M_F_C30,random,64,clipping,46219,603,-0.033333333333333326
primary_U_minus_M_F_C30,random,64,total_gain,41843,601,-501.67833971977234
primary_U_minus_M_F_C30,random,64,total_gain,41843,602,-483.75173795223236
primary_U_minus_M_F_C30,random,64,total_gain,41843,603,-479.2250009775162
primary_U_minus_M_F_C30,random,64,total_gain,43997,601,-506.4825065135956
primary_U_minus_M_F_C30,random,64,total_gain,43997,602,-524.3430267572403
primary_U_minus_M_F_C30,random,64,total_gain,43997,603,-517.2591819763184
primary_U_minus_M_F_C30,random,64,total_gain,46219,601,-482.8998512625694
primary_U_minus_M_F_C30,random,64,total_gain,46219,602,-497.42874109745026
primary_U_minus_M_F_C30,random,64,total_gain,46219,603,-481.8470799922943
primary_U_minus_M_F_C30,random,64,negative_gain_fraction,41843,601,0.33984375
primary_U_minus_M_F_C30,random,64,negative_gain_fraction,41843,602,0.23046875
primary_U_minus_M_F_C30,random,64,negative_gain_fraction,41843,603,0.34375
primary_U_minus_M_F_C30,random,64,negative_gain_fraction,43997,601,0.26953125
primary_U_minus_M_F_C30,random,64,negative_gain_fraction,43997,602,0.28125
primary_U_minus_M_F_C30,random,64,negative_gain_fraction,43997,603,0.37109375
primary_U_minus_M_F_C30,random,64,negative_gain_fraction,46219,601,0.310546875
primary_U_minus_M_F_C30,random,64,negative_gain_fraction,46219,602,0.291015625
primary_U_minus_M_F_C30,random,64,negative_gain_fraction,46219,603,0.279296875
primary_U_minus_M_F_C30,random,128,p,41843,601,7.901574365289489
primary_U_minus_M_F_C30,random,128,p,41843,602,7.900149590067262
primary_U_minus_M_F_C30,random,128,p,41843,603,7.408161146483785
primary_U_minus_M_F_C30,random,128,p,43997,601,4.651894224382988
primary_U_minus_M_F_C30,random,128,p,43997,602,5.1767655991947
primary_U_minus_M_F_C30,random,128,p,43997,603,7.251022620378695
primary_U_minus_M_F_C30,random,128,p,46219,601,4.567565622015163
primary_U_minus_M_F_C30,random,128,p,46219,602,4.823526823975345
primary_U_minus_M_F_C30,random,128,p,46219,603,5.223277458340674
primary_U_minus_M_F_C30,random,128,objective,41843,601,4.6536428104728484
primary_U_minus_M_F_C30,random,128,objective,41843,602,6.219523890369688
primary_U_minus_M_F_C30,random,128,objective,41843,603,2.9120428876198146
primary_U_minus_M_F_C30,random,128,objective,43997,601,1.1191885059438058
primary_U_minus_M_F_C30,random,128,objective,43997,602,1.7099429926183987
primary_U_minus_M_F_C30,random,128,objective,43997,603,2.772147973756738
primary_U_minus_M_F_C30,random,128,objective,46219,601,1.1104872226086981
primary_U_minus_M_F_C30,random,128,objective,46219,602,1.6432351720528748
primary_U_minus_M_F_C30,random,128,objective,46219,603,1.2594519554305816
primary_U_minus_M_F_C30,random,128,train_nll,41843,601,-0.0362168550491333
primary_U_minus_M_F_C30,random,128,train_nll,41843,602,-0.057425618171691895
primary_U_minus_M_F_C30,random,128,train_nll,41843,603,-0.08645987510681152
primary_U_minus_M_F_C30,random,128,train_nll,43997,601,-0.07268273830413818
primary_U_minus_M_F_C30,random,128,train_nll,43997,602,-0.058164119720458984
primary_U_minus_M_F_C30,random,128,train_nll,43997,603,-0.07636058330535889
primary_U_minus_M_F_C30,random,128,train_nll,46219,601,-0.0778266191482544
primary_U_minus_M_F_C30,random,128,train_nll,46219,602,-0.06654071807861328
primary_U_minus_M_F_C30,random,128,train_nll,46219,603,-0.11460995674133301
primary_U_minus_M_F_C30,random,128,validation_nll,41843,601,0.12466764450073242
primary_U_minus_M_F_C30,random,128,validation_nll,41843,602,0.020777463912963867
primary_U_minus_M_F_C30,random,128,validation_nll,41843,603,0.13573694229125977
primary_U_minus_M_F_C30,random,128,validation_nll,43997,601,0.12990927696228027
primary_U_minus_M_F_C30,random,128,validation_nll,43997,602,0.12062454223632812
primary_U_minus_M_F_C30,random,128,validation_nll,43997,603,0.12311315536499023
primary_U_minus_M_F_C30,random,128,validation_nll,46219,601,0.1514730453491211
primary_U_minus_M_F_C30,random,128,validation_nll,46219,602,0.12488365173339844
primary_U_minus_M_F_C30,random,128,validation_nll,46219,603,0.09501218795776367
primary_U_minus_M_F_C30,random,128,test_nll,41843,601,0.14941930770874023
primary_U_minus_M_F_C30,random,128,test_nll,41843,602,0.038190603256225586
primary_U_minus_M_F_C30,random,128,test_nll,41843,603,0.14608025550842285
primary_U_minus_M_F_C30,random,128,test_nll,43997,601,0.12825918197631836
primary_U_minus_M_F_C30,random,128,test_nll,43997,602,0.13550400733947754
primary_U_minus_M_F_C30,random,128,test_nll,43997,603,0.15300607681274414
primary_U_minus_M_F_C30,random,128,test_nll,46219,601,0.13643121719360352
primary_U_minus_M_F_C30,random,128,test_nll,46219,602,0.1542341709136963
primary_U_minus_M_F_C30,random,128,test_nll,46219,603,0.10973691940307617
primary_U_minus_M_F_C30,random,128,train_instance_accuracy,41843,601,0.04638671875
primary_U_minus_M_F_C30,random,128,train_instance_accuracy,41843,602,0.04296875
primary_U_minus_M_F_C30,random,128,train_instance_accuracy,41843,603,0.06396484375
primary_U_minus_M_F_C30,random,128,train_instance_accuracy,43997,601,0.08544921875
primary_U_minus_M_F_C30,random,128,train_instance_accuracy,43997,602,0.07177734375
primary_U_minus_M_F_C30,random,128,train_instance_accuracy,43997,603,0.09326171875
primary_U_minus_M_F_C30,random,128,train_instance_accuracy,46219,601,0.0732421875
primary_U_minus_M_F_C30,random,128,train_instance_accuracy,46219,602,0.07421875
primary_U_minus_M_F_C30,random,128,train_instance_accuracy,46219,603,0.0703125
primary_U_minus_M_F_C30,random,128,clipping,41843,601,-0.07708333333333328
primary_U_minus_M_F_C30,random,128,clipping,41843,602,-0.05833333333333335
primary_U_minus_M_F_C30,random,128,clipping,41843,603,-0.06458333333333333
primary_U_minus_M_F_C30,random,128,clipping,43997,601,-0.0854166666666667
primary_U_minus_M_F_C30,random,128,clipping,43997,602,-0.08750000000000002
primary_U_minus_M_F_C30,random,128,clipping,43997,603,-0.06458333333333333
primary_U_minus_M_F_C30,random,128,clipping,46219,601,-0.06458333333333333
primary_U_minus_M_F_C30,random,128,clipping,46219,602,-0.07291666666666663
primary_U_minus_M_F_C30,random,128,clipping,46219,603,-0.06874999999999998
primary_U_minus_M_F_C30,random,128,total_gain,41843,601,-1068.8298678398132
primary_U_minus_M_F_C30,random,128,total_gain,41843,602,-1058.724480330944
primary_U_minus_M_F_C30,random,128,total_gain,41843,603,-1038.683271765709
primary_U_minus_M_F_C30,random,128,total_gain,43997,601,-1102.1768410801888
primary_U_minus_M_F_C30,random,128,total_gain,43997,602,-1096.5777074098587
primary_U_minus_M_F_C30,random,128,total_gain,43997,603,-1093.7552009820938
primary_U_minus_M_F_C30,random,128,total_gain,46219,601,-1061.0235434174538
primary_U_minus_M_F_C30,random,128,total_gain,46219,602,-1068.0183977484703
primary_U_minus_M_F_C30,random,128,total_gain,46219,603,-1051.1583544015884
primary_U_minus_M_F_C30,random,128,negative_gain_fraction,41843,601,0.560546875
primary_U_minus_M_F_C30,random,128,negative_gain_fraction,41843,602,0.564453125
primary_U_minus_M_F_C30,random,128,negative_gain_fraction,41843,603,0.5546875
primary_U_minus_M_F_C30,random,128,negative_gain_fraction,43997,601,0.53125
primary_U_minus_M_F_C30,random,128,negative_gain_fraction,43997,602,0.548828125
primary_U_minus_M_F_C30,random,128,negative_gain_fraction,43997,603,0.5546875
primary_U_minus_M_F_C30,random,128,negative_gain_fraction,46219,601,0.54296875
primary_U_minus_M_F_C30,random,128,negative_gain_fraction,46219,602,0.552734375
primary_U_minus_M_F_C30,random,128,negative_gain_fraction,46219,603,0.546875
primary_U_minus_M_F_C30,random,256,p,41843,601,1.3151449613144837
primary_U_minus_M_F_C30,random,256,p,41843,602,1.526218205748559
primary_U_minus_M_F_C30,random,256,p,41843,603,1.598968732237316
primary_U_minus_M_F_C30,random,256,p,43997,601,1.5169895597691698
primary_U_minus_M_F_C30,random,256,p,43997,602,1.0942642564468121
primary_U_minus_M_F_C30,random,256,p,43997,603,1.8541187068928187
primary_U_minus_M_F_C30,random,256,p,46219,601,1.4024947557456129
primary_U_minus_M_F_C30,random,256,p,46219,602,1.213843385405505
primary_U_minus_M_F_C30,random,256,p,46219,603,1.9796278717561615
primary_U_minus_M_F_C30,random,256,objective,41843,601,0.163992288669143
primary_U_minus_M_F_C30,random,256,objective,41843,602,0.2558268943700592
primary_U_minus_M_F_C30,random,256,objective,41843,603,0.22569815170140095
primary_U_minus_M_F_C30,random,256,objective,43997,601,0.2159356673680306
primary_U_minus_M_F_C30,random,256,objective,43997,602,0.09188095253947832
primary_U_minus_M_F_C30,random,256,objective,43997,603,0.34407225019155213
primary_U_minus_M_F_C30,random,256,objective,46219,601,0.1620277931785309
primary_U_minus_M_F_C30,random,256,objective,46219,602,0.1336929266008483
primary_U_minus_M_F_C30,random,256,objective,46219,603,0.4209965615161536
primary_U_minus_M_F_C30,random,256,train_nll,41843,601,0.03576231002807617
primary_U_minus_M_F_C30,random,256,train_nll,41843,602,0.021905183792114258
primary_U_minus_M_F_C30,random,256,train_nll,41843,603,0.03551173210144043
primary_U_minus_M_F_C30,random,256,train_nll,43997,601,-0.03643691539764404
primary_U_minus_M_F_C30,random,256,train_nll,43997,602,0.06477880477905273
primary_U_minus_M_F_C30,random,256,train_nll,43997,603,0.09187769889831543
primary_U_minus_M_F_C30,random,256,train_nll,46219,601,0.009043455123901367
primary_U_minus_M_F_C30,random,256,train_nll,46219,602,0.069366455078125
primary_U_minus_M_F_C30,random,256,train_nll,46219,603,0.022212982177734375
primary_U_minus_M_F_C30,random,256,validation_nll,41843,601,0.09952521324157715
primary_U_minus_M_F_C30,random,256,validation_nll,41843,602,0.1302330493927002
primary_U_minus_M_F_C30,random,256,validation_nll,41843,603,0.05599212646484375
primary_U_minus_M_F_C30,random,256,validation_nll,43997,601,-0.024052143096923828
primary_U_minus_M_F_C30,random,256,validation_nll,43997,602,0.10267233848571777
primary_U_minus_M_F_C30,random,256,validation_nll,43997,603,0.029024600982666016
primary_U_minus_M_F_C30,random,256,validation_nll,46219,601,0.009829044342041016
primary_U_minus_M_F_C30,random,256,validation_nll,46219,602,0.10191869735717773
primary_U_minus_M_F_C30,random,256,validation_nll,46219,603,0.05918073654174805
primary_U_minus_M_F_C30,random,256,test_nll,41843,601,0.11846303939819336
primary_U_minus_M_F_C30,random,256,test_nll,41843,602,0.1350574493408203
primary_U_minus_M_F_C30,random,256,test_nll,41843,603,-0.024651765823364258
primary_U_minus_M_F_C30,random,256,test_nll,43997,601,0.010126113891601562
primary_U_minus_M_F_C30,random,256,test_nll,43997,602,0.12382340431213379
primary_U_minus_M_F_C30,random,256,test_nll,43997,603,0.02536916732788086
primary_U_minus_M_F_C30,random,256,test_nll,46219,601,-0.008996725082397461
primary_U_minus_M_F_C30,random,256,test_nll,46219,602,0.04967093467712402
primary_U_minus_M_F_C30,random,256,test_nll,46219,603,0.08012652397155762
primary_U_minus_M_F_C30,random,256,train_instance_accuracy,41843,601,0.0146484375
primary_U_minus_M_F_C30,random,256,train_instance_accuracy,41843,602,0.0009765625
primary_U_minus_M_F_C30,random,256,train_instance_accuracy,41843,603,-0.01123046875
primary_U_minus_M_F_C30,random,256,train_instance_accuracy,43997,601,0.02294921875
primary_U_minus_M_F_C30,random,256,train_instance_accuracy,43997,602,-0.01123046875
primary_U_minus_M_F_C30,random,256,train_instance_accuracy,43997,603,-0.0263671875
primary_U_minus_M_F_C30,random,256,train_instance_accuracy,46219,601,-0.01123046875
primary_U_minus_M_F_C30,random,256,train_instance_accuracy,46219,602,-0.01904296875
primary_U_minus_M_F_C30,random,256,train_instance_accuracy,46219,603,-0.001953125
primary_U_minus_M_F_C30,random,256,clipping,41843,601,-0.033333333333333326
primary_U_minus_M_F_C30,random,256,clipping,41843,602,-0.02083333333333337
primary_U_minus_M_F_C30,random,256,clipping,41843,603,-0.029166666666666674
primary_U_minus_M_F_C30,random,256,clipping,43997,601,-0.022916666666666696
primary_U_minus_M_F_C30,random,256,clipping,43997,602,-0.02083333333333337
primary_U_minus_M_F_C30,random,256,clipping,43997,603,-0.027083333333333348
primary_U_minus_M_F_C30,random,256,clipping,46219,601,-0.025000000000000022
primary_U_minus_M_F_C30,random,256,clipping,46219,602,-0.027083333333333348
primary_U_minus_M_F_C30,random,256,clipping,46219,603,-0.02083333333333337
primary_U_minus_M_F_C30,random,256,total_gain,41843,601,-1782.6319653391838
primary_U_minus_M_F_C30,random,256,total_gain,41843,602,-1769.8896538615227
primary_U_minus_M_F_C30,random,256,total_gain,41843,603,-1778.9904720187187
primary_U_minus_M_F_C30,random,256,total_gain,43997,601,-1823.0542640089989
primary_U_minus_M_F_C30,random,256,total_gain,43997,602,-1846.806876718998
primary_U_minus_M_F_C30,random,256,total_gain,43997,603,-1861.6247185468674
primary_U_minus_M_F_C30,random,256,total_gain,46219,601,-1793.1096566915512
primary_U_minus_M_F_C30,random,256,total_gain,46219,602,-1821.7421367168427
primary_U_minus_M_F_C30,random,256,total_gain,46219,603,-1787.327081501484
primary_U_minus_M_F_C30,random,256,negative_gain_fraction,41843,601,0.408203125
primary_U_minus_M_F_C30,random,256,negative_gain_fraction,41843,602,0.431640625
primary_U_minus_M_F_C30,random,256,negative_gain_fraction,41843,603,0.453125
primary_U_minus_M_F_C30,random,256,negative_gain_fraction,43997,601,0.431640625
primary_U_minus_M_F_C30,random,256,negative_gain_fraction,43997,602,0.390625
primary_U_minus_M_F_C30,random,256,negative_gain_fraction,43997,603,0.44140625
primary_U_minus_M_F_C30,random,256,negative_gain_fraction,46219,601,0.4375
primary_U_minus_M_F_C30,random,256,negative_gain_fraction,46219,602,0.390625
primary_U_minus_M_F_C30,random,256,negative_gain_fraction,46219,603,0.4609375
primary_U_minus_M_F_C30,uniform,64,p,41843,601,
primary_U_minus_M_F_C30,uniform,64,p,41843,602,
primary_U_minus_M_F_C30,uniform,64,p,41843,603,
primary_U_minus_M_F_C30,uniform,64,p,43997,601,
primary_U_minus_M_F_C30,uniform,64,p,43997,602,
primary_U_minus_M_F_C30,uniform,64,p,43997,603,
primary_U_minus_M_F_C30,uniform,64,p,46219,601,
primary_U_minus_M_F_C30,uniform,64,p,46219,602,
primary_U_minus_M_F_C30,uniform,64,p,46219,603,
primary_U_minus_M_F_C30,uniform,64,objective,41843,601,
primary_U_minus_M_F_C30,uniform,64,objective,41843,602,
primary_U_minus_M_F_C30,uniform,64,objective,41843,603,
primary_U_minus_M_F_C30,uniform,64,objective,43997,601,
primary_U_minus_M_F_C30,uniform,64,objective,43997,602,
primary_U_minus_M_F_C30,uniform,64,objective,43997,603,
primary_U_minus_M_F_C30,uniform,64,objective,46219,601,
primary_U_minus_M_F_C30,uniform,64,objective,46219,602,
primary_U_minus_M_F_C30,uniform,64,objective,46219,603,
primary_U_minus_M_F_C30,uniform,64,train_nll,41843,601,-0.14301037788391113
primary_U_minus_M_F_C30,uniform,64,train_nll,41843,602,-0.07982933521270752
primary_U_minus_M_F_C30,uniform,64,train_nll,41843,603,-0.1696559190750122
primary_U_minus_M_F_C30,uniform,64,train_nll,43997,601,-0.16882109642028809
primary_U_minus_M_F_C30,uniform,64,train_nll,43997,602,-0.12564027309417725
primary_U_minus_M_F_C30,uniform,64,train_nll,43997,603,-0.19999539852142334
primary_U_minus_M_F_C30,uniform,64,train_nll,46219,601,-0.1646803617477417
primary_U_minus_M_F_C30,uniform,64,train_nll,46219,602,-0.08829760551452637
primary_U_minus_M_F_C30,uniform,64,train_nll,46219,603,-0.15955519676208496
primary_U_minus_M_F_C30,uniform,64,validation_nll,41843,601,-0.018335938453674316
primary_U_minus_M_F_C30,uniform,64,validation_nll,41843,602,-0.0008494853973388672
primary_U_minus_M_F_C30,uniform,64,validation_nll,41843,603,0.01130533218383789
primary_U_minus_M_F_C30,uniform,64,validation_nll,43997,601,-0.03873324394226074
primary_U_minus_M_F_C30,uniform,64,validation_nll,43997,602,-0.02467048168182373
primary_U_minus_M_F_C30,uniform,64,validation_nll,43997,603,-0.03369140625
primary_U_minus_M_F_C30,uniform,64,validation_nll,46219,601,-0.04343831539154053
primary_U_minus_M_F_C30,uniform,64,validation_nll,46219,602,-0.016367554664611816
primary_U_minus_M_F_C30,uniform,64,validation_nll,46219,603,-0.040195465087890625
primary_U_minus_M_F_C30,uniform,64,test_nll,41843,601,-0.022985219955444336
primary_U_minus_M_F_C30,uniform,64,test_nll,41843,602,-0.007483243942260742
primary_U_minus_M_F_C30,uniform,64,test_nll,41843,603,-0.007467150688171387
primary_U_minus_M_F_C30,uniform,64,test_nll,43997,601,-0.04123640060424805
primary_U_minus_M_F_C30,uniform,64,test_nll,43997,602,-0.027534127235412598
primary_U_minus_M_F_C30,uniform,64,test_nll,43997,603,-0.033614158630371094
primary_U_minus_M_F_C30,uniform,64,test_nll,46219,601,-0.036882638931274414
primary_U_minus_M_F_C30,uniform,64,test_nll,46219,602,-0.015454649925231934
primary_U_minus_M_F_C30,uniform,64,test_nll,46219,603,-0.040690064430236816
primary_U_minus_M_F_C30,uniform,64,train_instance_accuracy,41843,601,0.03955078125
primary_U_minus_M_F_C30,uniform,64,train_instance_accuracy,41843,602,0.03369140625
primary_U_minus_M_F_C30,uniform,64,train_instance_accuracy,41843,603,0.05322265625
primary_U_minus_M_F_C30,uniform,64,train_instance_accuracy,43997,601,0.0439453125
primary_U_minus_M_F_C30,uniform,64,train_instance_accuracy,43997,602,0.04638671875
primary_U_minus_M_F_C30,uniform,64,train_instance_accuracy,43997,603,0.04541015625
primary_U_minus_M_F_C30,uniform,64,train_instance_accuracy,46219,601,0.0419921875
primary_U_minus_M_F_C30,uniform,64,train_instance_accuracy,46219,602,0.029296875
primary_U_minus_M_F_C30,uniform,64,train_instance_accuracy,46219,603,0.03564453125
primary_U_minus_M_F_C30,uniform,64,clipping,41843,601,-0.25416666666666665
primary_U_minus_M_F_C30,uniform,64,clipping,41843,602,-0.17500000000000004
primary_U_minus_M_F_C30,uniform,64,clipping,41843,603,-0.21666666666666667
primary_U_minus_M_F_C30,uniform,64,clipping,43997,601,-0.33958333333333335
primary_U_minus_M_F_C30,uniform,64,clipping,43997,602,-0.3104166666666667
primary_U_minus_M_F_C30,uniform,64,clipping,43997,603,-0.30833333333333335
primary_U_minus_M_F_C30,uniform,64,clipping,46219,601,-0.3104166666666667
primary_U_minus_M_F_C30,uniform,64,clipping,46219,602,-0.2583333333333333
primary_U_minus_M_F_C30,uniform,64,clipping,46219,603,-0.23750000000000004
primary_U_minus_M_F_C30,uniform,64,total_gain,41843,601,-484.74967086315155
primary_U_minus_M_F_C30,uniform,64,total_gain,41843,602,-521.2568724155426
primary_U_minus_M_F_C30,uniform,64,total_gain,41843,603,-472.6445754766464
primary_U_minus_M_F_C30,uniform,64,total_gain,43997,601,-486.99472868442535
primary_U_minus_M_F_C30,uniform,64,total_gain,43997,602,-533.3065248727798
primary_U_minus_M_F_C30,uniform,64,total_gain,43997,603,-483.6429499387741
primary_U_minus_M_F_C30,uniform,64,total_gain,46219,601,-475.1560252904892
primary_U_minus_M_F_C30,uniform,64,total_gain,46219,602,-516.8521208763123
primary_U_minus_M_F_C30,uniform,64,total_gain,46219,603,-474.1001230478287
primary_U_minus_M_F_C30,uniform,64,negative_gain_fraction,41843,601,0.001953125
primary_U_minus_M_F_C30,uniform,64,negative_gain_fraction,41843,602,0.0078125
primary_U_minus_M_F_C30,uniform,64,negative_gain_fraction,41843,603,0.001953125
primary_U_minus_M_F_C30,uniform,64,negative_gain_fraction,43997,601,0.00390625
primary_U_minus_M_F_C30,uniform,64,negative_gain_fraction,43997,602,0.013671875
primary_U_minus_M_F_C30,uniform,64,negative_gain_fraction,43997,603,0.005859375
primary_U_minus_M_F_C30,uniform,64,negative_gain_fraction,46219,601,0.005859375
primary_U_minus_M_F_C30,uniform,64,negative_gain_fraction,46219,602,0.01171875
primary_U_minus_M_F_C30,uniform,64,negative_gain_fraction,46219,603,0.0
primary_U_minus_M_F_C30,uniform,128,p,41843,601,
primary_U_minus_M_F_C30,uniform,128,p,41843,602,
primary_U_minus_M_F_C30,uniform,128,p,41843,603,
primary_U_minus_M_F_C30,uniform,128,p,43997,601,
primary_U_minus_M_F_C30,uniform,128,p,43997,602,
primary_U_minus_M_F_C30,uniform,128,p,43997,603,
primary_U_minus_M_F_C30,uniform,128,p,46219,601,
primary_U_minus_M_F_C30,uniform,128,p,46219,602,
primary_U_minus_M_F_C30,uniform,128,p,46219,603,
primary_U_minus_M_F_C30,uniform,128,objective,41843,601,
primary_U_minus_M_F_C30,uniform,128,objective,41843,602,
primary_U_minus_M_F_C30,uniform,128,objective,41843,603,
primary_U_minus_M_F_C30,uniform,128,objective,43997,601,
primary_U_minus_M_F_C30,uniform,128,objective,43997,602,
primary_U_minus_M_F_C30,uniform,128,objective,43997,603,
primary_U_minus_M_F_C30,uniform,128,objective,46219,601,
primary_U_minus_M_F_C30,uniform,128,objective,46219,602,
primary_U_minus_M_F_C30,uniform,128,objective,46219,603,
primary_U_minus_M_F_C30,uniform,128,train_nll,41843,601,-0.2877403497695923
primary_U_minus_M_F_C30,uniform,128,train_nll,41843,602,-0.250612735748291
primary_U_minus_M_F_C30,uniform,128,train_nll,41843,603,-0.31947803497314453
primary_U_minus_M_F_C30,uniform,128,train_nll,43997,601,-0.2722591161727905
primary_U_minus_M_F_C30,uniform,128,train_nll,43997,602,-0.25756359100341797
primary_U_minus_M_F_C30,uniform,128,train_nll,43997,603,-0.2861039638519287
primary_U_minus_M_F_C30,uniform,128,train_nll,46219,601,-0.2883155345916748
primary_U_minus_M_F_C30,uniform,128,train_nll,46219,602,-0.21210873126983643
primary_U_minus_M_F_C30,uniform,128,train_nll,46219,603,-0.3028528690338135
primary_U_minus_M_F_C30,uniform,128,validation_nll,41843,601,0.1858816146850586
primary_U_minus_M_F_C30,uniform,128,validation_nll,41843,602,0.12606513500213623
primary_U_minus_M_F_C30,uniform,128,validation_nll,41843,603,0.1086500883102417
primary_U_minus_M_F_C30,uniform,128,validation_nll,43997,601,0.16327917575836182
primary_U_minus_M_F_C30,uniform,128,validation_nll,43997,602,0.15374398231506348
primary_U_minus_M_F_C30,uniform,128,validation_nll,43997,603,0.2136784791946411
primary_U_minus_M_F_C30,uniform,128,validation_nll,46219,601,0.21108341217041016
primary_U_minus_M_F_C30,uniform,128,validation_nll,46219,602,0.09487688541412354
primary_U_minus_M_F_C30,uniform,128,validation_nll,46219,603,0.19396460056304932
primary_U_minus_M_F_C30,uniform,128,test_nll,41843,601,0.19088256359100342
primary_U_minus_M_F_C30,uniform,128,test_nll,41843,602,0.12202703952789307
primary_U_minus_M_F_C30,uniform,128,test_nll,41843,603,0.133034348487854
primary_U_minus_M_F_C30,uniform,128,test_nll,43997,601,0.18657004833221436
primary_U_minus_M_F_C30,uniform,128,test_nll,43997,602,0.1523834466934204
primary_U_minus_M_F_C30,uniform,128,test_nll,43997,603,0.22368240356445312
primary_U_minus_M_F_C30,uniform,128,test_nll,46219,601,0.20274722576141357
primary_U_minus_M_F_C30,uniform,128,test_nll,46219,602,0.09145939350128174
primary_U_minus_M_F_C30,uniform,128,test_nll,46219,603,0.17790639400482178
primary_U_minus_M_F_C30,uniform,128,train_instance_accuracy,41843,601,0.1513671875
primary_U_minus_M_F_C30,uniform,128,train_instance_accuracy,41843,602,0.07470703125
primary_U_minus_M_F_C30,uniform,128,train_instance_accuracy,41843,603,0.10205078125
primary_U_minus_M_F_C30,uniform,128,train_instance_accuracy,43997,601,0.119140625
primary_U_minus_M_F_C30,uniform,128,train_instance_accuracy,43997,602,0.0927734375
primary_U_minus_M_F_C30,uniform,128,train_instance_accuracy,43997,603,0.14453125
primary_U_minus_M_F_C30,uniform,128,train_instance_accuracy,46219,601,0.12646484375
primary_U_minus_M_F_C30,uniform,128,train_instance_accuracy,46219,602,0.02978515625
primary_U_minus_M_F_C30,uniform,128,train_instance_accuracy,46219,603,0.12841796875
primary_U_minus_M_F_C30,uniform,128,clipping,41843,601,-0.17291666666666672
primary_U_minus_M_F_C30,uniform,128,clipping,41843,602,-0.15833333333333344
primary_U_minus_M_F_C30,uniform,128,clipping,41843,603,-0.17291666666666672
primary_U_minus_M_F_C30,uniform,128,clipping,43997,601,-0.19791666666666674
primary_U_minus_M_F_C30,uniform,128,clipping,43997,602,-0.22291666666666665
primary_U_minus_M_F_C30,uniform,128,clipping,43997,603,-0.20625000000000004
primary_U_minus_M_F_C30,uniform,128,clipping,46219,601,-0.19791666666666663
primary_U_minus_M_F_C30,uniform,128,clipping,46219,602,-0.18333333333333335
primary_U_minus_M_F_C30,uniform,128,clipping,46219,603,-0.16041666666666665
primary_U_minus_M_F_C30,uniform,128,total_gain,41843,601,-940.0498046875
primary_U_minus_M_F_C30,uniform,128,total_gain,41843,602,-959.8126300573349
primary_U_minus_M_F_C30,uniform,128,total_gain,41843,603,-919.3779656887054
primary_U_minus_M_F_C30,uniform,128,total_gain,43997,601,-999.9936789274216
primary_U_minus_M_F_C30,uniform,128,total_gain,43997,602,-994.4851952195168
primary_U_minus_M_F_C30,uniform,128,total_gain,43997,603,-986.3666436076164
primary_U_minus_M_F_C30,uniform,128,total_gain,46219,601,-953.2532282471657
primary_U_minus_M_F_C30,uniform,128,total_gain,46219,602,-993.4875611066818
primary_U_minus_M_F_C30,uniform,128,total_gain,46219,603,-954.7778895497322
primary_U_minus_M_F_C30,uniform,128,negative_gain_fraction,41843,601,0.001953125
primary_U_minus_M_F_C30,uniform,128,negative_gain_fraction,41843,602,0.005859375
primary_U_minus_M_F_C30,uniform,128,negative_gain_fraction,41843,603,0.00390625
primary_U_minus_M_F_C30,uniform,128,negative_gain_fraction,43997,601,0.0
primary_U_minus_M_F_C30,uniform,128,negative_gain_fraction,43997,602,0.0
primary_U_minus_M_F_C30,uniform,128,negative_gain_fraction,43997,603,0.001953125
primary_U_minus_M_F_C30,uniform,128,negative_gain_fraction,46219,601,0.00390625
primary_U_minus_M_F_C30,uniform,128,negative_gain_fraction,46219,602,0.0
primary_U_minus_M_F_C30,uniform,128,negative_gain_fraction,46219,603,0.0
primary_U_minus_M_F_C30,uniform,256,p,41843,601,
primary_U_minus_M_F_C30,uniform,256,p,41843,602,
primary_U_minus_M_F_C30,uniform,256,p,41843,603,
primary_U_minus_M_F_C30,uniform,256,p,43997,601,
primary_U_minus_M_F_C30,uniform,256,p,43997,602,
primary_U_minus_M_F_C30,uniform,256,p,43997,603,
primary_U_minus_M_F_C30,uniform,256,p,46219,601,
primary_U_minus_M_F_C30,uniform,256,p,46219,602,
primary_U_minus_M_F_C30,uniform,256,p,46219,603,
primary_U_minus_M_F_C30,uniform,256,objective,41843,601,
primary_U_minus_M_F_C30,uniform,256,objective,41843,602,
primary_U_minus_M_F_C30,uniform,256,objective,41843,603,
primary_U_minus_M_F_C30,uniform,256,objective,43997,601,
primary_U_minus_M_F_C30,uniform,256,objective,43997,602,
primary_U_minus_M_F_C30,uniform,256,objective,43997,603,
primary_U_minus_M_F_C30,uniform,256,objective,46219,601,
primary_U_minus_M_F_C30,uniform,256,objective,46219,602,
primary_U_minus_M_F_C30,uniform,256,objective,46219,603,
primary_U_minus_M_F_C30,uniform,256,train_nll,41843,601,-0.22710540890693665
primary_U_minus_M_F_C30,uniform,256,train_nll,41843,602,-0.24712520837783813
primary_U_minus_M_F_C30,uniform,256,train_nll,41843,603,-0.03650403022766113
primary_U_minus_M_F_C30,uniform,256,train_nll,43997,601,-0.1755201816558838
primary_U_minus_M_F_C30,uniform,256,train_nll,43997,602,-0.2232755422592163
primary_U_minus_M_F_C30,uniform,256,train_nll,43997,603,-0.1132073700428009
primary_U_minus_M_F_C30,uniform,256,train_nll,46219,601,-0.19167464971542358
primary_U_minus_M_F_C30,uniform,256,train_nll,46219,602,-0.22907060384750366
primary_U_minus_M_F_C30,uniform,256,train_nll,46219,603,-0.13317269086837769
primary_U_minus_M_F_C30,uniform,256,validation_nll,41843,601,0.2586205005645752
primary_U_minus_M_F_C30,uniform,256,validation_nll,41843,602,0.3333597183227539
primary_U_minus_M_F_C30,uniform,256,validation_nll,41843,603,0.14458918571472168
primary_U_minus_M_F_C30,uniform,256,validation_nll,43997,601,0.516855001449585
primary_U_minus_M_F_C30,uniform,256,validation_nll,43997,602,0.392452597618103
primary_U_minus_M_F_C30,uniform,256,validation_nll,43997,603,0.40875673294067383
primary_U_minus_M_F_C30,uniform,256,validation_nll,46219,601,0.3611936569213867
primary_U_minus_M_F_C30,uniform,256,validation_nll,46219,602,0.4573138952255249
primary_U_minus_M_F_C30,uniform,256,validation_nll,46219,603,0.36430680751800537
primary_U_minus_M_F_C30,uniform,256,test_nll,41843,601,0.2492828369140625
primary_U_minus_M_F_C30,uniform,256,test_nll,41843,602,0.2833540439605713
primary_U_minus_M_F_C30,uniform,256,test_nll,41843,603,0.18904519081115723
primary_U_minus_M_F_C30,uniform,256,test_nll,43997,601,0.4985837936401367
primary_U_minus_M_F_C30,uniform,256,test_nll,43997,602,0.4371988773345947
primary_U_minus_M_F_C30,uniform,256,test_nll,43997,603,0.48311328887939453
primary_U_minus_M_F_C30,uniform,256,test_nll,46219,601,0.2876927852630615
primary_U_minus_M_F_C30,uniform,256,test_nll,46219,602,0.45117509365081787
primary_U_minus_M_F_C30,uniform,256,test_nll,46219,603,0.3872718811035156
primary_U_minus_M_F_C30,uniform,256,train_instance_accuracy,41843,601,0.20751953125
primary_U_minus_M_F_C30,uniform,256,train_instance_accuracy,41843,602,0.240234375
primary_U_minus_M_F_C30,uniform,256,train_instance_accuracy,41843,603,0.02294921875
primary_U_minus_M_F_C30,uniform,256,train_instance_accuracy,43997,601,0.1806640625
primary_U_minus_M_F_C30,uniform,256,train_instance_accuracy,43997,602,0.2265625
primary_U_minus_M_F_C30,uniform,256,train_instance_accuracy,43997,603,0.08447265625
primary_U_minus_M_F_C30,uniform,256,train_instance_accuracy,46219,601,0.197265625
primary_U_minus_M_F_C30,uniform,256,train_instance_accuracy,46219,602,0.23193359375
primary_U_minus_M_F_C30,uniform,256,train_instance_accuracy,46219,603,0.12451171875
primary_U_minus_M_F_C30,uniform,256,clipping,41843,601,-0.10833333333333339
primary_U_minus_M_F_C30,uniform,256,clipping,41843,602,-0.10833333333333339
primary_U_minus_M_F_C30,uniform,256,clipping,41843,603,-0.09999999999999998
primary_U_minus_M_F_C30,uniform,256,clipping,43997,601,-0.13124999999999998
primary_U_minus_M_F_C30,uniform,256,clipping,43997,602,-0.12083333333333335
primary_U_minus_M_F_C30,uniform,256,clipping,43997,603,-0.11250000000000004
primary_U_minus_M_F_C30,uniform,256,clipping,46219,601,-0.11041666666666672
primary_U_minus_M_F_C30,uniform,256,clipping,46219,602,-0.11875000000000002
primary_U_minus_M_F_C30,uniform,256,clipping,46219,603,-0.12291666666666667
primary_U_minus_M_F_C30,uniform,256,total_gain,41843,601,-1648.0436910390854
primary_U_minus_M_F_C30,uniform,256,total_gain,41843,602,-1632.1460440158844
primary_U_minus_M_F_C30,uniform,256,total_gain,41843,603,-1742.1183782815933
primary_U_minus_M_F_C30,uniform,256,total_gain,43997,601,-1751.8435927033424
primary_U_minus_M_F_C30,uniform,256,total_gain,43997,602,-1699.32304251194
primary_U_minus_M_F_C30,uniform,256,total_gain,43997,603,-1756.6211906671524
primary_U_minus_M_F_C30,uniform,256,total_gain,46219,601,-1690.3419828414917
primary_U_minus_M_F_C30,uniform,256,total_gain,46219,602,-1668.9422878026962
primary_U_minus_M_F_C30,uniform,256,total_gain,46219,603,-1707.7695679664612
primary_U_minus_M_F_C30,uniform,256,negative_gain_fraction,41843,601,0.0
primary_U_minus_M_F_C30,uniform,256,negative_gain_fraction,41843,602,0.0
primary_U_minus_M_F_C30,uniform,256,negative_gain_fraction,41843,603,0.0
primary_U_minus_M_F_C30,uniform,256,negative_gain_fraction,43997,601,0.0
primary_U_minus_M_F_C30,uniform,256,negative_gain_fraction,43997,602,0.0
primary_U_minus_M_F_C30,uniform,256,negative_gain_fraction,43997,603,0.0
primary_U_minus_M_F_C30,uniform,256,negative_gain_fraction,46219,601,0.0
primary_U_minus_M_F_C30,uniform,256,negative_gain_fraction,46219,602,0.0
primary_U_minus_M_F_C30,uniform,256,negative_gain_fraction,46219,603,0.0
secondary_U_minus_M_F_C60,random,64,p,41843,601,1.9015452761857283
secondary_U_minus_M_F_C60,random,64,p,41843,602,2.61360995231847
secondary_U_minus_M_F_C60,random,64,p,41843,603,1.8175142508228455
secondary_U_minus_M_F_C60,random,64,p,43997,601,1.2353609530850405
secondary_U_minus_M_F_C60,random,64,p,43997,602,1.7151563931217297
secondary_U_minus_M_F_C60,random,64,p,43997,603,2.0793042162509
secondary_U_minus_M_F_C60,random,64,p,46219,601,1.678818546562842
secondary_U_minus_M_F_C60,random,64,p,46219,602,2.3159941441833403
secondary_U_minus_M_F_C60,random,64,p,46219,603,1.7832735663526014
secondary_U_minus_M_F_C60,random,64,objective,41843,601,0.054213059754792875
secondary_U_minus_M_F_C60,random,64,objective,41843,602,0.19056310637535162
secondary_U_minus_M_F_C60,random,64,objective,41843,603,0.056878004823511304
secondary_U_minus_M_F_C60,random,64,objective,43997,601,0.010195852522490717
secondary_U_minus_M_F_C60,random,64,objective,43997,602,0.04243479765471355
secondary_U_minus_M_F_C60,random,64,objective,43997,603,0.077327330911667
secondary_U_minus_M_F_C60,random,64,objective,46219,601,0.0400538968958675
secondary_U_minus_M_F_C60,random,64,objective,46219,602,0.14316704856735205
secondary_U_minus_M_F_C60,random,64,objective,46219,603,0.04366754846610388
secondary_U_minus_M_F_C60,random,64,train_nll,41843,601,-0.10948753356933594
secondary_U_minus_M_F_C60,random,64,train_nll,41843,602,-0.03589022159576416
secondary_U_minus_M_F_C60,random,64,train_nll,41843,603,-0.11644268035888672
secondary_U_minus_M_F_C60,random,64,train_nll,43997,601,-0.08393800258636475
secondary_U_minus_M_F_C60,random,64,train_nll,43997,602,-0.07180213928222656
secondary_U_minus_M_F_C60,random,64,train_nll,43997,603,-0.12241184711456299
secondary_U_minus_M_F_C60,random,64,train_nll,46219,601,-0.07642877101898193
secondary_U_minus_M_F_C60,random,64,train_nll,46219,602,-0.048841238021850586
secondary_U_minus_M_F_C60,random,64,train_nll,46219,603,-0.16824865341186523
secondary_U_minus_M_F_C60,random,64,validation_nll,41843,601,-0.10621809959411621
secondary_U_minus_M_F_C60,random,64,validation_nll,41843,602,-0.1469593048095703
secondary_U_minus_M_F_C60,random,64,validation_nll,41843,603,-0.12624692916870117
secondary_U_minus_M_F_C60,random,64,validation_nll,43997,601,-0.11690282821655273
secondary_U_minus_M_F_C60,random,64,validation_nll,43997,602,-0.1267094612121582
secondary_U_minus_M_F_C60,random,64,validation_nll,43997,603,-0.11092066764831543
secondary_U_minus_M_F_C60,random,64,validation_nll,46219,601,-0.08737754821777344
secondary_U_minus_M_F_C60,random,64,validation_nll,46219,602,-0.12112116813659668
secondary_U_minus_M_F_C60,random,64,validation_nll,46219,603,-0.11974453926086426
secondary_U_minus_M_F_C60,random,64,test_nll,41843,601,-0.1201171875
secondary_U_minus_M_F_C60,random,64,test_nll,41843,602,-0.1315464973449707
secondary_U_minus_M_F_C60,random,64,test_nll,41843,603,-0.14758777618408203
secondary_U_minus_M_F_C60,random,64,test_nll,43997,601,-0.11708664894104004
secondary_U_minus_M_F_C60,random,64,test_nll,43997,602,-0.15105366706848145
secondary_U_minus_M_F_C60,random,64,test_nll,43997,603,-0.10834050178527832
secondary_U_minus_M_F_C60,random,64,test_nll,46219,601,-0.09635615348815918
secondary_U_minus_M_F_C60,random,64,test_nll,46219,602,-0.10702872276306152
secondary_U_minus_M_F_C60,random,64,test_nll,46219,603,-0.13194656372070312
secondary_U_minus_M_F_C60,random,64,train_instance_accuracy,41843,601,0.033203125
secondary_U_minus_M_F_C60,random,64,train_instance_accuracy,41843,602,-0.03759765625
secondary_U_minus_M_F_C60,random,64,train_instance_accuracy,41843,603,-0.00537109375
secondary_U_minus_M_F_C60,random,64,train_instance_accuracy,43997,601,0.0078125
secondary_U_minus_M_F_C60,random,64,train_instance_accuracy,43997,602,-0.01708984375
secondary_U_minus_M_F_C60,random,64,train_instance_accuracy,43997,603,0.02734375
secondary_U_minus_M_F_C60,random,64,train_instance_accuracy,46219,601,0.015625
secondary_U_minus_M_F_C60,random,64,train_instance_accuracy,46219,602,-0.0048828125
secondary_U_minus_M_F_C60,random,64,train_instance_accuracy,46219,603,0.04150390625
secondary_U_minus_M_F_C60,random,64,clipping,41843,601,-0.023958333333333304
secondary_U_minus_M_F_C60,random,64,clipping,41843,602,-0.0031250000000000444
secondary_U_minus_M_F_C60,random,64,clipping,41843,603,-0.029166666666666563
secondary_U_minus_M_F_C60,random,64,clipping,43997,601,-0.01666666666666672
secondary_U_minus_M_F_C60,random,64,clipping,43997,602,-0.028124999999999956
secondary_U_minus_M_F_C60,random,64,clipping,43997,603,-0.04166666666666663
secondary_U_minus_M_F_C60,random,64,clipping,46219,601,-0.013541666666666674
secondary_U_minus_M_F_C60,random,64,clipping,46219,602,-0.011458333333333348
secondary_U_minus_M_F_C60,random,64,clipping,46219,603,-0.016666666666666607
secondary_U_minus_M_F_C60,random,64,total_gain,41843,601,-501.91324496269226
secondary_U_minus_M_F_C60,random,64,total_gain,41843,602,-543.7537723779678
secondary_U_minus_M_F_C60,random,64,total_gain,41843,603,-499.88978147506714
secondary_U_minus_M_F_C60,random,64,total_gain,43997,601,-530.4548849463463
secondary_U_minus_M_F_C60,random,64,total_gain,43997,602,-560.8716062307358
secondary_U_minus_M_F_C60,random,64,total_gain,43997,603,-523.3658306598663
secondary_U_minus_M_F_C60,random,64,total_gain,46219,601,-520.3409152030945
secondary_U_minus_M_F_C60,random,64,total_gain,46219,602,-537.0538790822029
secondary_U_minus_M_F_C60,random,64,total_gain,46219,603,-469.6491684317589
secondary_U_minus_M_F_C60,random,64,negative_gain_fraction,41843,601,0.423828125
secondary_U_minus_M_F_C60,random,64,negative_gain_fraction,41843,602,0.419921875
secondary_U_minus_M_F_C60,random,64,negative_gain_fraction,41843,603,0.427734375
secondary_U_minus_M_F_C60,random,64,negative_gain_fraction,43997,601,0.337890625
secondary_U_minus_M_F_C60,random,64,negative_gain_fraction,43997,602,0.3984375
secondary_U_minus_M_F_C60,random,64,negative_gain_fraction,43997,603,0.421875
secondary_U_minus_M_F_C60,random,64,negative_gain_fraction,46219,601,0.380859375
secondary_U_minus_M_F_C60,random,64,negative_gain_fraction,46219,602,0.431640625
secondary_U_minus_M_F_C60,random,64,negative_gain_fraction,46219,603,0.42578125
secondary_U_minus_M_F_C60,random,128,p,41843,601,1.8493953049919356
secondary_U_minus_M_F_C60,random,128,p,41843,602,1.2035094166422455
secondary_U_minus_M_F_C60,random,128,p,41843,603,1.3128975965993026
secondary_U_minus_M_F_C60,random,128,p,43997,601,1.4164405682103076
secondary_U_minus_M_F_C60,random,128,p,43997,602,1.062914986042372
secondary_U_minus_M_F_C60,random,128,p,43997,603,1.5502344062695115
secondary_U_minus_M_F_C60,random,128,p,46219,601,1.3058727305047102
secondary_U_minus_M_F_C60,random,128,p,46219,602,0.9842536140564906
secondary_U_minus_M_F_C60,random,128,p,46219,603,1.2957869839781515
secondary_U_minus_M_F_C60,random,128,objective,41843,601,0.31312331989482894
secondary_U_minus_M_F_C60,random,128,objective,41843,602,0.14112618864808907
secondary_U_minus_M_F_C60,random,128,objective,41843,603,0.16887120047371507
secondary_U_minus_M_F_C60,random,128,objective,43997,601,0.17668778938957816
secondary_U_minus_M_F_C60,random,128,objective,43997,602,0.0969200435732913
secondary_U_minus_M_F_C60,random,128,objective,43997,603,0.21241095956986936
secondary_U_minus_M_F_C60,random,128,objective,46219,601,0.13838988279416936
secondary_U_minus_M_F_C60,random,128,objective,46219,602,0.09166060862222904
secondary_U_minus_M_F_C60,random,128,objective,46219,603,0.14918566823427476
secondary_U_minus_M_F_C60,random,128,train_nll,41843,601,-0.02462899684906006
secondary_U_minus_M_F_C60,random,128,train_nll,41843,602,-0.10576486587524414
secondary_U_minus_M_F_C60,random,128,train_nll,41843,603,-0.08750593662261963
secondary_U_minus_M_F_C60,random,128,train_nll,43997,601,-0.03486907482147217
secondary_U_minus_M_F_C60,random,128,train_nll,43997,602,-0.06263983249664307
secondary_U_minus_M_F_C60,random,128,train_nll,43997,603,-0.04233717918395996
secondary_U_minus_M_F_C60,random,128,train_nll,46219,601,-0.05593156814575195
secondary_U_minus_M_F_C60,random,128,train_nll,46219,602,-0.10720562934875488
secondary_U_minus_M_F_C60,random,128,train_nll,46219,603,-0.06782925128936768
secondary_U_minus_M_F_C60,random,128,validation_nll,41843,601,0.03220534324645996
secondary_U_minus_M_F_C60,random,128,validation_nll,41843,602,-0.0171816349029541
secondary_U_minus_M_F_C60,random,128,validation_nll,41843,603,0.04826474189758301
secondary_U_minus_M_F_C60,random,128,validation_nll,43997,601,-0.08829808235168457
secondary_U_minus_M_F_C60,random,128,validation_nll,43997,602,-0.05287814140319824
secondary_U_minus_M_F_C60,random,128,validation_nll,43997,603,0.05338573455810547
secondary_U_minus_M_F_C60,random,128,validation_nll,46219,601,0.05127143859863281
secondary_U_minus_M_F_C60,random,128,validation_nll,46219,602,0.07992100715637207
secondary_U_minus_M_F_C60,random,128,validation_nll,46219,603,0.0581355094909668
secondary_U_minus_M_F_C60,random,128,test_nll,41843,601,-0.01849532127380371
secondary_U_minus_M_F_C60,random,128,test_nll,41843,602,-0.0003399848937988281
secondary_U_minus_M_F_C60,random,128,test_nll,41843,603,0.020396709442138672
secondary_U_minus_M_F_C60,random,128,test_nll,43997,601,-0.03146624565124512
secondary_U_minus_M_F_C60,random,128,test_nll,43997,602,-0.0036170482635498047
secondary_U_minus_M_F_C60,random,128,test_nll,43997,603,0.03996109962463379
secondary_U_minus_M_F_C60,random,128,test_nll,46219,601,0.05058026313781738
secondary_U_minus_M_F_C60,random,128,test_nll,46219,602,0.09788107872009277
secondary_U_minus_M_F_C60,random,128,test_nll,46219,603,0.02787017822265625
secondary_U_minus_M_F_C60,random,128,train_instance_accuracy,41843,601,0.00537109375
secondary_U_minus_M_F_C60,random,128,train_instance_accuracy,41843,602,0.0517578125
secondary_U_minus_M_F_C60,random,128,train_instance_accuracy,41843,603,0.03662109375
secondary_U_minus_M_F_C60,random,128,train_instance_accuracy,43997,601,0.0048828125
secondary_U_minus_M_F_C60,random,128,train_instance_accuracy,43997,602,0.02197265625
secondary_U_minus_M_F_C60,random,128,train_instance_accuracy,43997,603,0.04052734375
secondary_U_minus_M_F_C60,random,128,train_instance_accuracy,46219,601,0.0283203125
secondary_U_minus_M_F_C60,random,128,train_instance_accuracy,46219,602,0.041015625
secondary_U_minus_M_F_C60,random,128,train_instance_accuracy,46219,603,0.041015625
secondary_U_minus_M_F_C60,random,128,clipping,41843,601,-0.038541666666666696
secondary_U_minus_M_F_C60,random,128,clipping,41843,602,-0.029166666666666674
secondary_U_minus_M_F_C60,random,128,clipping,41843,603,-0.03229166666666661
secondary_U_minus_M_F_C60,random,128,clipping,43997,601,-0.04270833333333335
secondary_U_minus_M_F_C60,random,128,clipping,43997,602,-0.043749999999999956
secondary_U_minus_M_F_C60,random,128,clipping,43997,603,-0.03229166666666672
secondary_U_minus_M_F_C60,random,128,clipping,46219,601,-0.03229166666666672
secondary_U_minus_M_F_C60,random,128,clipping,46219,602,-0.03645833333333337
secondary_U_minus_M_F_C60,random,128,clipping,46219,603,-0.03437499999999993
secondary_U_minus_M_F_C60,random,128,total_gain,41843,601,-1074.7628219723701
secondary_U_minus_M_F_C60,random,128,total_gain,41843,602,-1033.97475618124
secondary_U_minus_M_F_C60,random,128,total_gain,41843,603,-1038.1477324962616
secondary_U_minus_M_F_C60,random,128,total_gain,43997,601,-1121.5376086235046
secondary_U_minus_M_F_C60,random,128,total_gain,43997,602,-1094.286008298397
secondary_U_minus_M_F_C60,random,128,total_gain,43997,603,-1111.1751806139946
secondary_U_minus_M_F_C60,random,128,total_gain,46219,601,-1072.2337891459465
secondary_U_minus_M_F_C60,random,128,total_gain,46219,602,-1047.198008298874
secondary_U_minus_M_F_C60,random,128,total_gain,46219,603,-1075.1100363135338
secondary_U_minus_M_F_C60,random,128,negative_gain_fraction,41843,601,0.453125
secondary_U_minus_M_F_C60,random,128,negative_gain_fraction,41843,602,0.40234375
secondary_U_minus_M_F_C60,random,128,negative_gain_fraction,41843,603,0.435546875
secondary_U_minus_M_F_C60,random,128,negative_gain_fraction,43997,601,0.44921875
secondary_U_minus_M_F_C60,random,128,negative_gain_fraction,43997,602,0.40625
secondary_U_minus_M_F_C60,random,128,negative_gain_fraction,43997,603,0.44921875
secondary_U_minus_M_F_C60,random,128,negative_gain_fraction,46219,601,0.421875
secondary_U_minus_M_F_C60,random,128,negative_gain_fraction,46219,602,0.39453125
secondary_U_minus_M_F_C60,random,128,negative_gain_fraction,46219,603,0.421875
secondary_U_minus_M_F_C60,random,256,p,41843,601,0.22349557114188826
secondary_U_minus_M_F_C60,random,256,p,41843,602,0.16342126724532513
secondary_U_minus_M_F_C60,random,256,p,41843,603,0.24658960539964575
secondary_U_minus_M_F_C60,random,256,p,43997,601,0.26698648574703365
secondary_U_minus_M_F_C60,random,256,p,43997,602,0.16999911803573203
secondary_U_minus_M_F_C60,random,256,p,43997,603,0.250445921688908
secondary_U_minus_M_F_C60,random,256,p,46219,601,0.26056685778158506
secondary_U_minus_M_F_C60,random,256,p,46219,602,0.2084718821252809
secondary_U_minus_M_F_C60,random,256,p,46219,603,0.26615038544321856
secondary_U_minus_M_F_C60,random,256,objective,41843,601,0.0058916659417430186
secondary_U_minus_M_F_C60,random,256,objective,41843,602,0.004278425316308963
secondary_U_minus_M_F_C60,random,256,objective,41843,603,0.007848598266077702
secondary_U_minus_M_F_C60,random,256,objective,43997,601,0.007663591881917552
secondary_U_minus_M_F_C60,random,256,objective,43997,602,0.004060725834729363
secondary_U_minus_M_F_C60,random,256,objective,43997,603,0.008116860226801728
secondary_U_minus_M_F_C60,random,256,objective,46219,601,0.008294210928944258
secondary_U_minus_M_F_C60,random,256,objective,46219,602,0.004861174284880988
secondary_U_minus_M_F_C60,random,256,objective,46219,603,0.009059260894591383
secondary_U_minus_M_F_C60,random,256,train_nll,41843,601,0.2511942684650421
secondary_U_minus_M_F_C60,random,256,train_nll,41843,602,0.05493175983428955
secondary_U_minus_M_F_C60,random,256,train_nll,41843,603,0.08842474222183228
secondary_U_minus_M_F_C60,random,256,train_nll,43997,601,0.2551068067550659
secondary_U_minus_M_F_C60,random,256,train_nll,43997,602,0.02649754285812378
secondary_U_minus_M_F_C60,random,256,train_nll,43997,603,0.1902022659778595
secondary_U_minus_M_F_C60,random,256,train_nll,46219,601,0.12945371866226196
secondary_U_minus_M_F_C60,random,256,train_nll,46219,602,0.285818874835968
secondary_U_minus_M_F_C60,random,256,train_nll,46219,603,0.15870964527130127
secondary_U_minus_M_F_C60,random,256,validation_nll,41843,601,0.19223260879516602
secondary_U_minus_M_F_C60,random,256,validation_nll,41843,602,0.0277554988861084
secondary_U_minus_M_F_C60,random,256,validation_nll,41843,603,0.09487414360046387
secondary_U_minus_M_F_C60,random,256,validation_nll,43997,601,0.15231919288635254
secondary_U_minus_M_F_C60,random,256,validation_nll,43997,602,0.06321334838867188
secondary_U_minus_M_F_C60,random,256,validation_nll,43997,603,0.173567533493042
secondary_U_minus_M_F_C60,random,256,validation_nll,46219,601,0.08469986915588379
secondary_U_minus_M_F_C60,random,256,validation_nll,46219,602,0.2543516159057617
secondary_U_minus_M_F_C60,random,256,validation_nll,46219,603,0.07874727249145508
secondary_U_minus_M_F_C60,random,256,test_nll,41843,601,0.15167450904846191
secondary_U_minus_M_F_C60,random,256,test_nll,41843,602,0.05579972267150879
secondary_U_minus_M_F_C60,random,256,test_nll,41843,603,0.0589451789855957
secondary_U_minus_M_F_C60,random,256,test_nll,43997,601,0.16862726211547852
secondary_U_minus_M_F_C60,random,256,test_nll,43997,602,0.07244515419006348
secondary_U_minus_M_F_C60,random,256,test_nll,43997,603,0.13320159912109375
secondary_U_minus_M_F_C60,random,256,test_nll,46219,601,0.11007213592529297
secondary_U_minus_M_F_C60,random,256,test_nll,46219,602,0.18756866455078125
secondary_U_minus_M_F_C60,random,256,test_nll,46219,603,0.1409316062927246
secondary_U_minus_M_F_C60,random,256,train_instance_accuracy,41843,601,-0.0615234375
secondary_U_minus_M_F_C60,random,256,train_instance_accuracy,41843,602,-0.00146484375
secondary_U_minus_M_F_C60,random,256,train_instance_accuracy,41843,603,-0.02001953125
secondary_U_minus_M_F_C60,random,256,train_instance_accuracy,43997,601,-0.07080078125
secondary_U_minus_M_F_C60,random,256,train_instance_accuracy,43997,602,0.01171875
secondary_U_minus_M_F_C60,random,256,train_instance_accuracy,43997,603,-0.04150390625
secondary_U_minus_M_F_C60,random,256,train_instance_accuracy,46219,601,-0.0224609375
secondary_U_minus_M_F_C60,random,256,train_instance_accuracy,46219,602,-0.08740234375
secondary_U_minus_M_F_C60,random,256,train_instance_accuracy,46219,603,-0.05419921875
secondary_U_minus_M_F_C60,random,256,clipping,41843,601,0.11145833333333333
secondary_U_minus_M_F_C60,random,256,clipping,41843,602,0.017708333333333326
secondary_U_minus_M_F_C60,random,256,clipping,41843,603,0.027083333333333348
secondary_U_minus_M_F_C60,random,256,clipping,43997,601,0.1010416666666667
secondary_U_minus_M_F_C60,random,256,clipping,43997,602,0.06041666666666656
secondary_U_minus_M_F_C60,random,256,clipping,43997,603,0.029166666666666563
secondary_U_minus_M_F_C60,random,256,clipping,46219,601,0.06979166666666659
secondary_U_minus_M_F_C60,random,256,clipping,46219,602,0.09166666666666667
secondary_U_minus_M_F_C60,random,256,clipping,46219,603,0.009375000000000022
secondary_U_minus_M_F_C60,random,256,total_gain,41843,601,-1892.9331259727478
secondary_U_minus_M_F_C60,random,256,total_gain,41843,602,-1786.7992443442345
secondary_U_minus_M_F_C60,random,256,total_gain,41843,603,-1806.0819373130798
secondary_U_minus_M_F_C60,random,256,total_gain,43997,601,-1972.3245943784714
secondary_U_minus_M_F_C60,random,256,total_gain,43997,602,-1827.2069048285484
secondary_U_minus_M_F_C60,random,256,total_gain,43997,603,-1911.9668661952019
secondary_U_minus_M_F_C60,random,256,total_gain,46219,601,-1854.7596932649612
secondary_U_minus_M_F_C60,random,256,total_gain,46219,602,-1932.5657215714455
secondary_U_minus_M_F_C60,random,256,total_gain,46219,603,-1857.21330422163
secondary_U_minus_M_F_C60,random,256,negative_gain_fraction,41843,601,0.146484375
secondary_U_minus_M_F_C60,random,256,negative_gain_fraction,41843,602,0.107421875
secondary_U_minus_M_F_C60,random,256,negative_gain_fraction,41843,603,0.166015625
secondary_U_minus_M_F_C60,random,256,negative_gain_fraction,43997,601,0.17578125
secondary_U_minus_M_F_C60,random,256,negative_gain_fraction,43997,602,0.107421875
secondary_U_minus_M_F_C60,random,256,negative_gain_fraction,43997,603,0.166015625
secondary_U_minus_M_F_C60,random,256,negative_gain_fraction,46219,601,0.181640625
secondary_U_minus_M_F_C60,random,256,negative_gain_fraction,46219,602,0.119140625
secondary_U_minus_M_F_C60,random,256,negative_gain_fraction,46219,603,0.173828125
secondary_U_minus_M_F_C60,uniform,64,p,41843,601,
secondary_U_minus_M_F_C60,uniform,64,p,41843,602,
secondary_U_minus_M_F_C60,uniform,64,p,41843,603,
secondary_U_minus_M_F_C60,uniform,64,p,43997,601,
secondary_U_minus_M_F_C60,uniform,64,p,43997,602,
secondary_U_minus_M_F_C60,uniform,64,p,43997,603,
secondary_U_minus_M_F_C60,uniform,64,p,46219,601,
secondary_U_minus_M_F_C60,uniform,64,p,46219,602,
secondary_U_minus_M_F_C60,uniform,64,p,46219,603,
secondary_U_minus_M_F_C60,uniform,64,objective,41843,601,
secondary_U_minus_M_F_C60,uniform,64,objective,41843,602,
secondary_U_minus_M_F_C60,uniform,64,objective,41843,603,
secondary_U_minus_M_F_C60,uniform,64,objective,43997,601,
secondary_U_minus_M_F_C60,uniform,64,objective,43997,602,
secondary_U_minus_M_F_C60,uniform,64,objective,43997,603,
secondary_U_minus_M_F_C60,uniform,64,objective,46219,601,
secondary_U_minus_M_F_C60,uniform,64,objective,46219,602,
secondary_U_minus_M_F_C60,uniform,64,objective,46219,603,
secondary_U_minus_M_F_C60,uniform,64,train_nll,41843,601,-0.09402036666870117
secondary_U_minus_M_F_C60,uniform,64,train_nll,41843,602,0.01714003086090088
secondary_U_minus_M_F_C60,uniform,64,train_nll,41843,603,-0.1015024185180664
secondary_U_minus_M_F_C60,uniform,64,train_nll,43997,601,-0.09656417369842529
secondary_U_minus_M_F_C60,uniform,64,train_nll,43997,602,-0.06138169765472412
secondary_U_minus_M_F_C60,uniform,64,train_nll,43997,603,-0.1320326328277588
secondary_U_minus_M_F_C60,uniform,64,train_nll,46219,601,-0.11785733699798584
secondary_U_minus_M_F_C60,uniform,64,train_nll,46219,602,-0.02325892448425293
secondary_U_minus_M_F_C60,uniform,64,train_nll,46219,603,-0.13217532634735107
secondary_U_minus_M_F_C60,uniform,64,validation_nll,41843,601,0.07317912578582764
secondary_U_minus_M_F_C60,uniform,64,validation_nll,41843,602,0.0407336950302124
secondary_U_minus_M_F_C60,uniform,64,validation_nll,41843,603,0.08027982711791992
secondary_U_minus_M_F_C60,uniform,64,validation_nll,43997,601,0.04720449447631836
secondary_U_minus_M_F_C60,uniform,64,validation_nll,43997,602,0.052846670150756836
secondary_U_minus_M_F_C60,uniform,64,validation_nll,43997,603,0.03924083709716797
secondary_U_minus_M_F_C60,uniform,64,validation_nll,46219,601,0.0933065414428711
secondary_U_minus_M_F_C60,uniform,64,validation_nll,46219,602,0.047054171562194824
secondary_U_minus_M_F_C60,uniform,64,validation_nll,46219,603,0.01784038543701172
secondary_U_minus_M_F_C60,uniform,64,test_nll,41843,601,0.07058084011077881
secondary_U_minus_M_F_C60,uniform,64,test_nll,41843,602,0.03572392463684082
secondary_U_minus_M_F_C60,uniform,64,test_nll,41843,603,0.06371426582336426
secondary_U_minus_M_F_C60,uniform,64,test_nll,43997,601,0.0613175630569458
secondary_U_minus_M_F_C60,uniform,64,test_nll,43997,602,0.046486496925354004
secondary_U_minus_M_F_C60,uniform,64,test_nll,43997,603,0.04605567455291748
secondary_U_minus_M_F_C60,uniform,64,test_nll,46219,601,0.094046950340271
secondary_U_minus_M_F_C60,uniform,64,test_nll,46219,602,0.07158124446868896
secondary_U_minus_M_F_C60,uniform,64,test_nll,46219,603,0.02140665054321289
secondary_U_minus_M_F_C60,uniform,64,train_instance_accuracy,41843,601,0.0283203125
secondary_U_minus_M_F_C60,uniform,64,train_instance_accuracy,41843,602,0.01318359375
secondary_U_minus_M_F_C60,uniform,64,train_instance_accuracy,41843,603,0.04541015625
secondary_U_minus_M_F_C60,uniform,64,train_instance_accuracy,43997,601,0.03271484375
secondary_U_minus_M_F_C60,uniform,64,train_instance_accuracy,43997,602,0.03173828125
secondary_U_minus_M_F_C60,uniform,64,train_instance_accuracy,43997,603,0.0478515625
secondary_U_minus_M_F_C60,uniform,64,train_instance_accuracy,46219,601,0.060546875
secondary_U_minus_M_F_C60,uniform,64,train_instance_accuracy,46219,602,0.0234375
secondary_U_minus_M_F_C60,uniform,64,train_instance_accuracy,46219,603,0.0361328125
secondary_U_minus_M_F_C60,uniform,64,clipping,41843,601,-0.12708333333333333
secondary_U_minus_M_F_C60,uniform,64,clipping,41843,602,-0.08750000000000002
secondary_U_minus_M_F_C60,uniform,64,clipping,41843,603,-0.10833333333333328
secondary_U_minus_M_F_C60,uniform,64,clipping,43997,601,-0.16979166666666667
secondary_U_minus_M_F_C60,uniform,64,clipping,43997,602,-0.15520833333333328
secondary_U_minus_M_F_C60,uniform,64,clipping,43997,603,-0.15416666666666667
secondary_U_minus_M_F_C60,uniform,64,clipping,46219,601,-0.15520833333333328
secondary_U_minus_M_F_C60,uniform,64,clipping,46219,602,-0.12916666666666665
secondary_U_minus_M_F_C60,uniform,64,clipping,46219,603,-0.11875000000000002
secondary_U_minus_M_F_C60,uniform,64,total_gain,41843,601,-509.83248937129974
secondary_U_minus_M_F_C60,uniform,64,total_gain,41843,602,-570.9052077531815
secondary_U_minus_M_F_C60,uniform,64,total_gain,41843,603,-507.5391921401024
secondary_U_minus_M_F_C60,uniform,64,total_gain,43997,601,-523.9903773069382
secondary_U_minus_M_F_C60,uniform,64,total_gain,43997,602,-566.2069153785706
secondary_U_minus_M_F_C60,uniform,64,total_gain,43997,603,-518.4400870800018
secondary_U_minus_M_F_C60,uniform,64,total_gain,46219,601,-499.1293476819992
secondary_U_minus_M_F_C60,uniform,64,total_gain,46219,602,-550.1520208120346
secondary_U_minus_M_F_C60,uniform,64,total_gain,46219,603,-488.11873638629913
secondary_U_minus_M_F_C60,uniform,64,negative_gain_fraction,41843,601,0.00390625
secondary_U_minus_M_F_C60,uniform,64,negative_gain_fraction,41843,602,0.00390625
secondary_U_minus_M_F_C60,uniform,64,negative_gain_fraction,41843,603,0.001953125
secondary_U_minus_M_F_C60,uniform,64,negative_gain_fraction,43997,601,0.0
secondary_U_minus_M_F_C60,uniform,64,negative_gain_fraction,43997,602,0.001953125
secondary_U_minus_M_F_C60,uniform,64,negative_gain_fraction,43997,603,0.0
secondary_U_minus_M_F_C60,uniform,64,negative_gain_fraction,46219,601,0.0
secondary_U_minus_M_F_C60,uniform,64,negative_gain_fraction,46219,602,0.0078125
secondary_U_minus_M_F_C60,uniform,64,negative_gain_fraction,46219,603,0.0
secondary_U_minus_M_F_C60,uniform,128,p,41843,601,
secondary_U_minus_M_F_C60,uniform,128,p,41843,602,
secondary_U_minus_M_F_C60,uniform,128,p,41843,603,
secondary_U_minus_M_F_C60,uniform,128,p,43997,601,
secondary_U_minus_M_F_C60,uniform,128,p,43997,602,
secondary_U_minus_M_F_C60,uniform,128,p,43997,603,
secondary_U_minus_M_F_C60,uniform,128,p,46219,601,
secondary_U_minus_M_F_C60,uniform,128,p,46219,602,
secondary_U_minus_M_F_C60,uniform,128,p,46219,603,
secondary_U_minus_M_F_C60,uniform,128,objective,41843,601,
secondary_U_minus_M_F_C60,uniform,128,objective,41843,602,
secondary_U_minus_M_F_C60,uniform,128,objective,41843,603,
secondary_U_minus_M_F_C60,uniform,128,objective,43997,601,
secondary_U_minus_M_F_C60,uniform,128,objective,43997,602,
secondary_U_minus_M_F_C60,uniform,128,objective,43997,603,
secondary_U_minus_M_F_C60,uniform,128,objective,46219,601,
secondary_U_minus_M_F_C60,uniform,128,objective,46219,602,
secondary_U_minus_M_F_C60,uniform,128,objective,46219,603,
secondary_U_minus_M_F_C60,uniform,128,train_nll,41843,601,-0.25890064239501953
secondary_U_minus_M_F_C60,uniform,128,train_nll,41843,602,-0.21397483348846436
secondary_U_minus_M_F_C60,uniform,128,train_nll,41843,603,-0.2999648451805115
secondary_U_minus_M_F_C60,uniform,128,train_nll,43997,601,-0.22048237919807434
secondary_U_minus_M_F_C60,uniform,128,train_nll,43997,602,-0.23789119720458984
secondary_U_minus_M_F_C60,uniform,128,train_nll,43997,603,-0.2629096210002899
secondary_U_minus_M_F_C60,uniform,128,train_nll,46219,601,-0.24150371551513672
secondary_U_minus_M_F_C60,uniform,128,train_nll,46219,602,-0.17035126686096191
secondary_U_minus_M_F_C60,uniform,128,train_nll,46219,603,-0.21942082047462463
secondary_U_minus_M_F_C60,uniform,128,validation_nll,41843,601,0.21630024909973145
secondary_U_minus_M_F_C60,uniform,128,validation_nll,41843,602,0.23070383071899414
secondary_U_minus_M_F_C60,uniform,128,validation_nll,41843,603,0.16699814796447754
secondary_U_minus_M_F_C60,uniform,128,validation_nll,43997,601,0.25084495544433594
secondary_U_minus_M_F_C60,uniform,128,validation_nll,43997,602,0.2971816062927246
secondary_U_minus_M_F_C60,uniform,128,validation_nll,43997,603,0.35399603843688965
secondary_U_minus_M_F_C60,uniform,128,validation_nll,46219,601,0.39940619468688965
secondary_U_minus_M_F_C60,uniform,128,validation_nll,46219,602,0.15069341659545898
secondary_U_minus_M_F_C60,uniform,128,validation_nll,46219,603,0.2025890350341797
secondary_U_minus_M_F_C60,uniform,128,test_nll,41843,601,0.21355366706848145
secondary_U_minus_M_F_C60,uniform,128,test_nll,41843,602,0.21817445755004883
secondary_U_minus_M_F_C60,uniform,128,test_nll,41843,603,0.1747751235961914
secondary_U_minus_M_F_C60,uniform,128,test_nll,43997,601,0.2635939121246338
secondary_U_minus_M_F_C60,uniform,128,test_nll,43997,602,0.2948274612426758
secondary_U_minus_M_F_C60,uniform,128,test_nll,43997,603,0.3547971248626709
secondary_U_minus_M_F_C60,uniform,128,test_nll,46219,601,0.37920117378234863
secondary_U_minus_M_F_C60,uniform,128,test_nll,46219,602,0.15874290466308594
secondary_U_minus_M_F_C60,uniform,128,test_nll,46219,603,0.18199801445007324
secondary_U_minus_M_F_C60,uniform,128,train_instance_accuracy,41843,601,0.2177734375
secondary_U_minus_M_F_C60,uniform,128,train_instance_accuracy,41843,602,0.17724609375
secondary_U_minus_M_F_C60,uniform,128,train_instance_accuracy,41843,603,0.23486328125
secondary_U_minus_M_F_C60,uniform,128,train_instance_accuracy,43997,601,0.25146484375
secondary_U_minus_M_F_C60,uniform,128,train_instance_accuracy,43997,602,0.22607421875
secondary_U_minus_M_F_C60,uniform,128,train_instance_accuracy,43997,603,0.267578125
secondary_U_minus_M_F_C60,uniform,128,train_instance_accuracy,46219,601,0.24462890625
secondary_U_minus_M_F_C60,uniform,128,train_instance_accuracy,46219,602,0.12646484375
secondary_U_minus_M_F_C60,uniform,128,train_instance_accuracy,46219,603,0.201171875
secondary_U_minus_M_F_C60,uniform,128,clipping,41843,601,-0.0864583333333333
secondary_U_minus_M_F_C60,uniform,128,clipping,41843,602,-0.07916666666666661
secondary_U_minus_M_F_C60,uniform,128,clipping,41843,603,-0.0864583333333333
secondary_U_minus_M_F_C60,uniform,128,clipping,43997,601,-0.09895833333333326
secondary_U_minus_M_F_C60,uniform,128,clipping,43997,602,-0.11145833333333333
secondary_U_minus_M_F_C60,uniform,128,clipping,43997,603,-0.10312499999999991
secondary_U_minus_M_F_C60,uniform,128,clipping,46219,601,-0.09895833333333326
secondary_U_minus_M_F_C60,uniform,128,clipping,46219,602,-0.09166666666666667
secondary_U_minus_M_F_C60,uniform,128,clipping,46219,603,-0.08020833333333333
secondary_U_minus_M_F_C60,uniform,128,total_gain,41843,601,-954.8157497644424
secondary_U_minus_M_F_C60,uniform,128,total_gain,41843,602,-978.5713477730751
secondary_U_minus_M_F_C60,uniform,128,total_gain,41843,603,-929.368803858757
secondary_U_minus_M_F_C60,uniform,128,total_gain,43997,601,-1026.503504037857
secondary_U_minus_M_F_C60,uniform,128,total_gain,43997,602,-1004.5573770999908
secondary_U_minus_M_F_C60,uniform,128,total_gain,43997,603,-998.242084145546
secondary_U_minus_M_F_C60,uniform,128,total_gain,46219,601,-977.2208750247955
secondary_U_minus_M_F_C60,uniform,128,total_gain,46219,602,-1014.8674823045731
secondary_U_minus_M_F_C60,uniform,128,total_gain,46219,603,-997.49511885643
secondary_U_minus_M_F_C60,uniform,128,negative_gain_fraction,41843,601,0.0
secondary_U_minus_M_F_C60,uniform,128,negative_gain_fraction,41843,602,0.0
secondary_U_minus_M_F_C60,uniform,128,negative_gain_fraction,41843,603,0.0
secondary_U_minus_M_F_C60,uniform,128,negative_gain_fraction,43997,601,0.0
secondary_U_minus_M_F_C60,uniform,128,negative_gain_fraction,43997,602,0.0
secondary_U_minus_M_F_C60,uniform,128,negative_gain_fraction,43997,603,0.0
secondary_U_minus_M_F_C60,uniform,128,negative_gain_fraction,46219,601,0.0
secondary_U_minus_M_F_C60,uniform,128,negative_gain_fraction,46219,602,0.0
secondary_U_minus_M_F_C60,uniform,128,negative_gain_fraction,46219,603,0.0
secondary_U_minus_M_F_C60,uniform,256,p,41843,601,
secondary_U_minus_M_F_C60,uniform,256,p,41843,602,
secondary_U_minus_M_F_C60,uniform,256,p,41843,603,
secondary_U_minus_M_F_C60,uniform,256,p,43997,601,
secondary_U_minus_M_F_C60,uniform,256,p,43997,602,
secondary_U_minus_M_F_C60,uniform,256,p,43997,603,
secondary_U_minus_M_F_C60,uniform,256,p,46219,601,
secondary_U_minus_M_F_C60,uniform,256,p,46219,602,
secondary_U_minus_M_F_C60,uniform,256,p,46219,603,
secondary_U_minus_M_F_C60,uniform,256,objective,41843,601,
secondary_U_minus_M_F_C60,uniform,256,objective,41843,602,
secondary_U_minus_M_F_C60,uniform,256,objective,41843,603,
secondary_U_minus_M_F_C60,uniform,256,objective,43997,601,
secondary_U_minus_M_F_C60,uniform,256,objective,43997,602,
secondary_U_minus_M_F_C60,uniform,256,objective,43997,603,
secondary_U_minus_M_F_C60,uniform,256,objective,46219,601,
secondary_U_minus_M_F_C60,uniform,256,objective,46219,602,
secondary_U_minus_M_F_C60,uniform,256,objective,46219,603,
secondary_U_minus_M_F_C60,uniform,256,train_nll,41843,601,-0.0065314266830682755
secondary_U_minus_M_F_C60,uniform,256,train_nll,41843,602,-0.014193320646882057
secondary_U_minus_M_F_C60,uniform,256,train_nll,41843,603,0.003732049837708473
secondary_U_minus_M_F_C60,uniform,256,train_nll,43997,601,0.013987984508275986
secondary_U_minus_M_F_C60,uniform,256,train_nll,43997,602,0.00734478235244751
secondary_U_minus_M_F_C60,uniform,256,train_nll,43997,603,0.01773550920188427
secondary_U_minus_M_F_C60,uniform,256,train_nll,46219,601,0.0021336134523153305
secondary_U_minus_M_F_C60,uniform,256,train_nll,46219,602,-0.003022298216819763
secondary_U_minus_M_F_C60,uniform,256,train_nll,46219,603,-0.006161045283079147
secondary_U_minus_M_F_C60,uniform,256,validation_nll,41843,601,0.16537809371948242
secondary_U_minus_M_F_C60,uniform,256,validation_nll,41843,602,0.157365083694458
secondary_U_minus_M_F_C60,uniform,256,validation_nll,41843,603,0.0174102783203125
secondary_U_minus_M_F_C60,uniform,256,validation_nll,43997,601,0.269669771194458
secondary_U_minus_M_F_C60,uniform,256,validation_nll,43997,602,0.17026114463806152
secondary_U_minus_M_F_C60,uniform,256,validation_nll,43997,603,0.2551000118255615
secondary_U_minus_M_F_C60,uniform,256,validation_nll,46219,601,0.11343550682067871
secondary_U_minus_M_F_C60,uniform,256,validation_nll,46219,602,0.22702908515930176
secondary_U_minus_M_F_C60,uniform,256,validation_nll,46219,603,0.0557248592376709
secondary_U_minus_M_F_C60,uniform,256,test_nll,41843,601,0.146834135055542
secondary_U_minus_M_F_C60,uniform,256,test_nll,41843,602,0.07138347625732422
secondary_U_minus_M_F_C60,uniform,256,test_nll,41843,603,0.08938789367675781
secondary_U_minus_M_F_C60,uniform,256,test_nll,43997,601,0.2532918453216553
secondary_U_minus_M_F_C60,uniform,256,test_nll,43997,602,0.26956748962402344
secondary_U_minus_M_F_C60,uniform,256,test_nll,43997,603,0.3061790466308594
secondary_U_minus_M_F_C60,uniform,256,test_nll,46219,601,0.029337406158447266
secondary_U_minus_M_F_C60,uniform,256,test_nll,46219,602,0.1805257797241211
secondary_U_minus_M_F_C60,uniform,256,test_nll,46219,603,0.14325308799743652
secondary_U_minus_M_F_C60,uniform,256,train_instance_accuracy,41843,601,0.00244140625
secondary_U_minus_M_F_C60,uniform,256,train_instance_accuracy,41843,602,0.00732421875
secondary_U_minus_M_F_C60,uniform,256,train_instance_accuracy,41843,603,-0.00244140625
secondary_U_minus_M_F_C60,uniform,256,train_instance_accuracy,43997,601,-0.01220703125
secondary_U_minus_M_F_C60,uniform,256,train_instance_accuracy,43997,602,-0.001953125
secondary_U_minus_M_F_C60,uniform,256,train_instance_accuracy,43997,603,-0.01025390625
secondary_U_minus_M_F_C60,uniform,256,train_instance_accuracy,46219,601,-0.0029296875
secondary_U_minus_M_F_C60,uniform,256,train_instance_accuracy,46219,602,0.00146484375
secondary_U_minus_M_F_C60,uniform,256,train_instance_accuracy,46219,603,0.00537109375
secondary_U_minus_M_F_C60,uniform,256,clipping,41843,601,-0.055208333333333304
secondary_U_minus_M_F_C60,uniform,256,clipping,41843,602,-0.054166666666666585
secondary_U_minus_M_F_C60,uniform,256,clipping,41843,603,-0.050000000000000044
secondary_U_minus_M_F_C60,uniform,256,clipping,43997,601,-0.06562500000000004
secondary_U_minus_M_F_C60,uniform,256,clipping,43997,602,-0.060416666666666674
secondary_U_minus_M_F_C60,uniform,256,clipping,43997,603,-0.05624999999999991
secondary_U_minus_M_F_C60,uniform,256,clipping,46219,601,-0.055208333333333304
secondary_U_minus_M_F_C60,uniform,256,clipping,46219,602,-0.059374999999999956
secondary_U_minus_M_F_C60,uniform,256,clipping,46219,603,-0.06145833333333328
secondary_U_minus_M_F_C60,uniform,256,total_gain,41843,601,-1760.9775770902634
secondary_U_minus_M_F_C60,uniform,256,total_gain,41843,602,-1751.4071863889694
secondary_U_minus_M_F_C60,uniform,256,total_gain,41843,603,-1762.7192605733871
secondary_U_minus_M_F_C60,uniform,256,total_gain,43997,601,-1848.8717626333237
secondary_U_minus_M_F_C60,uniform,256,total_gain,43997,602,-1817.4006578922272
secondary_U_minus_M_F_C60,uniform,256,total_gain,43997,603,-1823.6639181375504
secondary_U_minus_M_F_C60,uniform,256,total_gain,46219,601,-1789.571797966957
secondary_U_minus_M_F_C60,uniform,256,total_gain,46219,602,-1784.6790256500244
secondary_U_minus_M_F_C60,uniform,256,total_gain,46219,603,-1772.799522280693
secondary_U_minus_M_F_C60,uniform,256,negative_gain_fraction,41843,601,0.0
secondary_U_minus_M_F_C60,uniform,256,negative_gain_fraction,41843,602,0.0
secondary_U_minus_M_F_C60,uniform,256,negative_gain_fraction,41843,603,0.0
secondary_U_minus_M_F_C60,uniform,256,negative_gain_fraction,43997,601,0.0
secondary_U_minus_M_F_C60,uniform,256,negative_gain_fraction,43997,602,0.0
secondary_U_minus_M_F_C60,uniform,256,negative_gain_fraction,43997,603,0.0
secondary_U_minus_M_F_C60,uniform,256,negative_gain_fraction,46219,601,0.0
secondary_U_minus_M_F_C60,uniform,256,negative_gain_fraction,46219,602,0.0
secondary_U_minus_M_F_C60,uniform,256,negative_gain_fraction,46219,603,0.0
context_M_minus_S_F_C30,random,64,p,41843,601,0.0008072568851003603
context_M_minus_S_F_C30,random,64,p,41843,602,0.00682215385854007
context_M_minus_S_F_C30,random,64,p,41843,603,0.002254072235059551
context_M_minus_S_F_C30,random,64,p,43997,601,0.0025529664893518544
context_M_minus_S_F_C30,random,64,p,43997,602,0.007620181658440306
context_M_minus_S_F_C30,random,64,p,43997,603,0.0003282044146850488
context_M_minus_S_F_C30,random,64,p,46219,601,0.005425131705391342
context_M_minus_S_F_C30,random,64,p,46219,602,0.004495456662504699
context_M_minus_S_F_C30,random,64,p,46219,603,0.0019092883818772888
context_M_minus_S_F_C30,random,64,objective,41843,601,4.953926942023252e-07
context_M_minus_S_F_C30,random,64,objective,41843,602,2.2109539664569435e-06
context_M_minus_S_F_C30,random,64,objective,41843,603,-1.089727676620948e-06
context_M_minus_S_F_C30,random,64,objective,43997,601,-7.143627873586466e-07
context_M_minus_S_F_C30,random,64,objective,43997,602,2.0539044172977594e-05
context_M_minus_S_F_C30,random,64,objective,43997,603,-5.887662705565906e-06
context_M_minus_S_F_C30,random,64,objective,46219,601,1.2077976714484396e-05
context_M_minus_S_F_C30,random,64,objective,46219,602,1.2669581364217397e-05
context_M_minus_S_F_C30,random,64,objective,46219,603,2.555995299026727e-06
context_M_minus_S_F_C30,random,64,train_nll,41843,601,-0.0026330947875976562
context_M_minus_S_F_C30,random,64,train_nll,41843,602,0.01197361946105957
context_M_minus_S_F_C30,random,64,train_nll,41843,603,-0.0144195556640625
context_M_minus_S_F_C30,random,64,train_nll,43997,601,0.003273487091064453
context_M_minus_S_F_C30,random,64,train_nll,43997,602,0.047820210456848145
context_M_minus_S_F_C30,random,64,train_nll,43997,603,-0.01107478141784668
context_M_minus_S_F_C30,random,64,train_nll,46219,601,0.014831781387329102
context_M_minus_S_F_C30,random,64,train_nll,46219,602,0.016294002532958984
context_M_minus_S_F_C30,random,64,train_nll,46219,603,-0.01583242416381836
context_M_minus_S_F_C30,random,64,validation_nll,41843,601,-0.0034248828887939453
context_M_minus_S_F_C30,random,64,validation_nll,41843,602,0.010930538177490234
context_M_minus_S_F_C30,random,64,validation_nll,41843,603,-0.01890873908996582
context_M_minus_S_F_C30,random,64,validation_nll,43997,601,-0.0018644332885742188
context_M_minus_S_F_C30,random,64,validation_nll,43997,602,0.05527234077453613
context_M_minus_S_F_C30,random,64,validation_nll,43997,603,-0.016474246978759766
context_M_minus_S_F_C30,random,64,validation_nll,46219,601,0.019004344940185547
context_M_minus_S_F_C30,random,64,validation_nll,46219,602,0.02035975456237793
context_M_minus_S_F_C30,random,64,validation_nll,46219,603,-0.014479875564575195
context_M_minus_S_F_C30,random,64,test_nll,41843,601,-0.0043141841888427734
context_M_minus_S_F_C30,random,64,test_nll,41843,602,0.011569976806640625
context_M_minus_S_F_C30,random,64,test_nll,41843,603,-0.020336151123046875
context_M_minus_S_F_C30,random,64,test_nll,43997,601,-0.004019498825073242
context_M_minus_S_F_C30,random,64,test_nll,43997,602,0.054158687591552734
context_M_minus_S_F_C30,random,64,test_nll,43997,603,-0.015949726104736328
context_M_minus_S_F_C30,random,64,test_nll,46219,601,0.018145322799682617
context_M_minus_S_F_C30,random,64,test_nll,46219,602,0.020855188369750977
context_M_minus_S_F_C30,random,64,test_nll,46219,603,-0.015825986862182617
context_M_minus_S_F_C30,random,64,train_instance_accuracy,41843,601,0.00244140625
context_M_minus_S_F_C30,random,64,train_instance_accuracy,41843,602,-0.0029296875
context_M_minus_S_F_C30,random,64,train_instance_accuracy,41843,603,-0.00048828125
context_M_minus_S_F_C30,random,64,train_instance_accuracy,43997,601,0.0
context_M_minus_S_F_C30,random,64,train_instance_accuracy,43997,602,0.00146484375
context_M_minus_S_F_C30,random,64,train_instance_accuracy,43997,603,-0.00048828125
context_M_minus_S_F_C30,random,64,train_instance_accuracy,46219,601,-0.00341796875
context_M_minus_S_F_C30,random,64,train_instance_accuracy,46219,602,0.00146484375
context_M_minus_S_F_C30,random,64,train_instance_accuracy,46219,603,0.0029296875
context_M_minus_S_F_C30,random,64,clipping,41843,601,0.0
context_M_minus_S_F_C30,random,64,clipping,41843,602,0.0
context_M_minus_S_F_C30,random,64,clipping,41843,603,0.0
context_M_minus_S_F_C30,random,64,clipping,43997,601,0.0
context_M_minus_S_F_C30,random,64,clipping,43997,602,0.0
context_M_minus_S_F_C30,random,64,clipping,43997,603,0.0
context_M_minus_S_F_C30,random,64,clipping,46219,601,0.0
context_M_minus_S_F_C30,random,64,clipping,46219,602,0.0
context_M_minus_S_F_C30,random,64,clipping,46219,603,0.0
context_M_minus_S_F_C30,random,64,total_gain,41843,601,-34.84308087825775
context_M_minus_S_F_C30,random,64,total_gain,41843,602,-55.3887984752655
context_M_minus_S_F_C30,random,64,total_gain,41843,603,-31.366793155670166
context_M_minus_S_F_C30,random,64,total_gain,43997,601,-42.92111611366272
context_M_minus_S_F_C30,random,64,total_gain,43997,602,-80.45509421825409
context_M_minus_S_F_C30,random,64,total_gain,43997,603,-32.39166438579559
context_M_minus_S_F_C30,random,64,total_gain,46219,601,-42.724876165390015
context_M_minus_S_F_C30,random,64,total_gain,46219,602,-62.213128328323364
context_M_minus_S_F_C30,random,64,total_gain,46219,603,-32.83669364452362
context_M_minus_S_F_C30,random,64,negative_gain_fraction,41843,601,0.0
context_M_minus_S_F_C30,random,64,negative_gain_fraction,41843,602,0.0
context_M_minus_S_F_C30,random,64,negative_gain_fraction,41843,603,0.0
context_M_minus_S_F_C30,random,64,negative_gain_fraction,43997,601,0.0
context_M_minus_S_F_C30,random,64,negative_gain_fraction,43997,602,0.0
context_M_minus_S_F_C30,random,64,negative_gain_fraction,43997,603,0.0
context_M_minus_S_F_C30,random,64,negative_gain_fraction,46219,601,0.0
context_M_minus_S_F_C30,random,64,negative_gain_fraction,46219,602,0.0
context_M_minus_S_F_C30,random,64,negative_gain_fraction,46219,603,0.0
context_M_minus_S_F_C30,random,128,p,41843,601,0.0032246261078582167
context_M_minus_S_F_C30,random,128,p,41843,602,0.004325745758164579
context_M_minus_S_F_C30,random,128,p,41843,603,-0.00028641503039814054
context_M_minus_S_F_C30,random,128,p,43997,601,0.0030188669062403417
context_M_minus_S_F_C30,random,128,p,43997,602,-0.0005650085754462381
context_M_minus_S_F_C30,random,128,p,43997,603,-0.0005475775674863154
context_M_minus_S_F_C30,random,128,p,46219,601,0.0026137815839677725
context_M_minus_S_F_C30,random,128,p,46219,602,0.003058861401790569
context_M_minus_S_F_C30,random,128,p,46219,603,0.0005354970455375002
context_M_minus_S_F_C30,random,128,objective,41843,601,1.797197609737218e-07
context_M_minus_S_F_C30,random,128,objective,41843,602,-1.1086234563505238e-05
context_M_minus_S_F_C30,random,128,objective,41843,603,-6.829905830199124e-07
context_M_minus_S_F_C30,random,128,objective,43997,601,-1.7713412889176745e-05
context_M_minus_S_F_C30,random,128,objective,43997,602,5.779372256311686e-06
context_M_minus_S_F_C30,random,128,objective,43997,603,1.4387880285153537e-05
context_M_minus_S_F_C30,random,128,objective,46219,601,-4.254026637884854e-06
context_M_minus_S_F_C30,random,128,objective,46219,602,2.0743991710961114e-05
context_M_minus_S_F_C30,random,128,objective,46219,603,1.0797590388145054e-05
context_M_minus_S_F_C30,random,128,train_nll,41843,601,-0.003362417221069336
context_M_minus_S_F_C30,random,128,train_nll,41843,602,-0.003309965133666992
context_M_minus_S_F_C30,random,128,train_nll,41843,603,-0.0031086206436157227
context_M_minus_S_F_C30,random,128,train_nll,43997,601,-0.01613914966583252
context_M_minus_S_F_C30,random,128,train_nll,43997,602,-0.010307073593139648
context_M_minus_S_F_C30,random,128,train_nll,43997,603,-0.00755000114440918
context_M_minus_S_F_C30,random,128,train_nll,46219,601,-0.013300299644470215
context_M_minus_S_F_C30,random,128,train_nll,46219,602,-0.015592098236083984
context_M_minus_S_F_C30,random,128,train_nll,46219,603,0.007979869842529297
context_M_minus_S_F_C30,random,128,validation_nll,41843,601,-4.9114227294921875e-05
context_M_minus_S_F_C30,random,128,validation_nll,41843,602,-0.008417606353759766
context_M_minus_S_F_C30,random,128,validation_nll,41843,603,-0.014533519744873047
context_M_minus_S_F_C30,random,128,validation_nll,43997,601,-0.011495828628540039
context_M_minus_S_F_C30,random,128,validation_nll,43997,602,-0.02432870864868164
context_M_minus_S_F_C30,random,128,validation_nll,43997,603,-0.0128021240234375
context_M_minus_S_F_C30,random,128,validation_nll,46219,601,-0.01116633415222168
context_M_minus_S_F_C30,random,128,validation_nll,46219,602,0.0002465248107910156
context_M_minus_S_F_C30,random,128,validation_nll,46219,603,-0.007619142532348633
context_M_minus_S_F_C30,random,128,test_nll,41843,601,-0.03003835678100586
context_M_minus_S_F_C30,random,128,test_nll,41843,602,-0.01706385612487793
context_M_minus_S_F_C30,random,128,test_nll,41843,603,-0.009911298751831055
context_M_minus_S_F_C30,random,128,test_nll,43997,601,-0.018398284912109375
context_M_minus_S_F_C30,random,128,test_nll,43997,602,-0.02938389778137207
context_M_minus_S_F_C30,random,128,test_nll,43997,603,-0.013151168823242188
context_M_minus_S_F_C30,random,128,test_nll,46219,601,-0.0195314884185791
context_M_minus_S_F_C30,random,128,test_nll,46219,602,-0.009149551391601562
context_M_minus_S_F_C30,random,128,test_nll,46219,603,-0.015013933181762695
context_M_minus_S_F_C30,random,128,train_instance_accuracy,41843,601,-0.01318359375
context_M_minus_S_F_C30,random,128,train_instance_accuracy,41843,602,-0.00439453125
context_M_minus_S_F_C30,random,128,train_instance_accuracy,41843,603,0.01025390625
context_M_minus_S_F_C30,random,128,train_instance_accuracy,43997,601,-0.001953125
context_M_minus_S_F_C30,random,128,train_instance_accuracy,43997,602,-0.00634765625
context_M_minus_S_F_C30,random,128,train_instance_accuracy,43997,603,0.00244140625
context_M_minus_S_F_C30,random,128,train_instance_accuracy,46219,601,0.0107421875
context_M_minus_S_F_C30,random,128,train_instance_accuracy,46219,602,-0.0009765625
context_M_minus_S_F_C30,random,128,train_instance_accuracy,46219,603,0.00537109375
context_M_minus_S_F_C30,random,128,clipping,41843,601,0.0
context_M_minus_S_F_C30,random,128,clipping,41843,602,0.0
context_M_minus_S_F_C30,random,128,clipping,41843,603,0.0
context_M_minus_S_F_C30,random,128,clipping,43997,601,0.0
context_M_minus_S_F_C30,random,128,clipping,43997,602,0.0
context_M_minus_S_F_C30,random,128,clipping,43997,603,-0.002083333333333326
context_M_minus_S_F_C30,random,128,clipping,46219,601,0.0
context_M_minus_S_F_C30,random,128,clipping,46219,602,0.0
context_M_minus_S_F_C30,random,128,clipping,46219,603,0.0
context_M_minus_S_F_C30,random,128,total_gain,41843,601,-51.80589199066162
context_M_minus_S_F_C30,random,128,total_gain,41843,602,-45.481343388557434
context_M_minus_S_F_C30,random,128,total_gain,41843,603,-46.023253321647644
context_M_minus_S_F_C30,random,128,total_gain,43997,601,-43.19905173778534
context_M_minus_S_F_C30,random,128,total_gain,43997,602,-42.22387945652008
context_M_minus_S_F_C30,random,128,total_gain,43997,603,-42.07678771018982
context_M_minus_S_F_C30,random,128,total_gain,46219,601,-47.05535852909088
context_M_minus_S_F_C30,random,128,total_gain,46219,602,-41.443288922309875
context_M_minus_S_F_C30,random,128,total_gain,46219,603,-46.77469336986542
context_M_minus_S_F_C30,random,128,negative_gain_fraction,41843,601,0.0
context_M_minus_S_F_C30,random,128,negative_gain_fraction,41843,602,0.0
context_M_minus_S_F_C30,random,128,negative_gain_fraction,41843,603,0.0
context_M_minus_S_F_C30,random,128,negative_gain_fraction,43997,601,0.0
context_M_minus_S_F_C30,random,128,negative_gain_fraction,43997,602,0.0
context_M_minus_S_F_C30,random,128,negative_gain_fraction,43997,603,0.0
context_M_minus_S_F_C30,random,128,negative_gain_fraction,46219,601,0.0
context_M_minus_S_F_C30,random,128,negative_gain_fraction,46219,602,-0.001953125
context_M_minus_S_F_C30,random,128,negative_gain_fraction,46219,603,0.0
context_M_minus_S_F_C30,random,256,p,41843,601,0.0036967852027089965
context_M_minus_S_F_C30,random,256,p,41843,602,-0.009260004474169858
context_M_minus_S_F_C30,random,256,p,41843,603,-0.001529932698657921
context_M_minus_S_F_C30,random,256,p,43997,601,0.004725915915981926
context_M_minus_S_F_C30,random,256,p,43997,602,0.0001292348056555065
context_M_minus_S_F_C30,random,256,p,43997,603,-0.0012333550594967324
context_M_minus_S_F_C30,random,256,p,46219,601,-0.00016513003078877375
context_M_minus_S_F_C30,random,256,p,46219,602,0.002123114879395982
context_M_minus_S_F_C30,random,256,p,46219,603,-0.0057549965740228415
context_M_minus_S_F_C30,random,256,objective,41843,601,9.636257102251341e-06
context_M_minus_S_F_C30,random,256,objective,41843,602,-1.376224073859351e-05
context_M_minus_S_F_C30,random,256,objective,41843,603,-2.476359073599909e-06
context_M_minus_S_F_C30,random,256,objective,43997,601,-1.4980627084554783e-06
context_M_minus_S_F_C30,random,256,objective,43997,602,-1.025016459250856e-05
context_M_minus_S_F_C30,random,256,objective,43997,603,2.954708081599091e-06
context_M_minus_S_F_C30,random,256,objective,46219,601,-9.197336775190688e-06
context_M_minus_S_F_C30,random,256,objective,46219,602,-8.58795992552062e-06
context_M_minus_S_F_C30,random,256,objective,46219,603,-2.880958884499602e-05
context_M_minus_S_F_C30,random,256,train_nll,41843,601,-0.0007711648941040039
context_M_minus_S_F_C30,random,256,train_nll,41843,602,-0.057295799255371094
context_M_minus_S_F_C30,random,256,train_nll,41843,603,-0.02649068832397461
context_M_minus_S_F_C30,random,256,train_nll,43997,601,0.0339512825012207
context_M_minus_S_F_C30,random,256,train_nll,43997,602,0.02303934097290039
context_M_minus_S_F_C30,random,256,train_nll,43997,603,-0.05074656009674072
context_M_minus_S_F_C30,random,256,train_nll,46219,601,0.01249241828918457
context_M_minus_S_F_C30,random,256,train_nll,46219,602,0.02273547649383545
context_M_minus_S_F_C30,random,256,train_nll,46219,603,-0.003038763999938965
context_M_minus_S_F_C30,random,256,validation_nll,41843,601,0.049640655517578125
context_M_minus_S_F_C30,random,256,validation_nll,41843,602,-0.15372395515441895
context_M_minus_S_F_C30,random,256,validation_nll,41843,603,-0.04349684715270996
context_M_minus_S_F_C30,random,256,validation_nll,43997,601,0.06779313087463379
context_M_minus_S_F_C30,random,256,validation_nll,43997,602,-0.020420551300048828
context_M_minus_S_F_C30,random,256,validation_nll,43997,603,0.0391995906829834
context_M_minus_S_F_C30,random,256,validation_nll,46219,601,-0.021253585815429688
context_M_minus_S_F_C30,random,256,validation_nll,46219,602,-0.03153085708618164
context_M_minus_S_F_C30,random,256,validation_nll,46219,603,-0.06964302062988281
context_M_minus_S_F_C30,random,256,test_nll,41843,601,0.04518318176269531
context_M_minus_S_F_C30,random,256,test_nll,41843,602,-0.1192467212677002
context_M_minus_S_F_C30,random,256,test_nll,41843,603,-0.001020669937133789
context_M_minus_S_F_C30,random,256,test_nll,43997,601,0.07433009147644043
context_M_minus_S_F_C30,random,256,test_nll,43997,602,-0.051097869873046875
context_M_minus_S_F_C30,random,256,test_nll,43997,603,-0.0013175010681152344
context_M_minus_S_F_C30,random,256,test_nll,46219,601,-0.0019025802612304688
context_M_minus_S_F_C30,random,256,test_nll,46219,602,-0.02072620391845703
context_M_minus_S_F_C30,random,256,test_nll,46219,603,-0.06502556800842285
context_M_minus_S_F_C30,random,256,train_instance_accuracy,41843,601,0.0244140625
context_M_minus_S_F_C30,random,256,train_instance_accuracy,41843,602,0.0029296875
context_M_minus_S_F_C30,random,256,train_instance_accuracy,41843,603,0.00048828125
context_M_minus_S_F_C30,random,256,train_instance_accuracy,43997,601,-0.00341796875
context_M_minus_S_F_C30,random,256,train_instance_accuracy,43997,602,-0.01123046875
context_M_minus_S_F_C30,random,256,train_instance_accuracy,43997,603,0.01416015625
context_M_minus_S_F_C30,random,256,train_instance_accuracy,46219,601,-0.00537109375
context_M_minus_S_F_C30,random,256,train_instance_accuracy,46219,602,-0.01513671875
context_M_minus_S_F_C30,random,256,train_instance_accuracy,46219,603,-0.005859375
context_M_minus_S_F_C30,random,256,clipping,41843,601,0.0
context_M_minus_S_F_C30,random,256,clipping,41843,602,0.0
context_M_minus_S_F_C30,random,256,clipping,41843,603,0.0
context_M_minus_S_F_C30,random,256,clipping,43997,601,0.0
context_M_minus_S_F_C30,random,256,clipping,43997,602,0.0
context_M_minus_S_F_C30,random,256,clipping,43997,603,-0.002083333333333326
context_M_minus_S_F_C30,random,256,clipping,46219,601,0.0
context_M_minus_S_F_C30,random,256,clipping,46219,602,0.0
context_M_minus_S_F_C30,random,256,clipping,46219,603,0.0
context_M_minus_S_F_C30,random,256,total_gain,41843,601,-9.509834289550781
context_M_minus_S_F_C30,random,256,total_gain,41843,602,7.606178879737854
context_M_minus_S_F_C30,random,256,total_gain,41843,603,21.8904846906662
context_M_minus_S_F_C30,random,256,total_gain,43997,601,-21.28841459751129
context_M_minus_S_F_C30,random,256,total_gain,43997,602,-44.48934864997864
context_M_minus_S_F_C30,random,256,total_gain,43997,603,20.22096061706543
context_M_minus_S_F_C30,random,256,total_gain,46219,601,-17.49825692176819
context_M_minus_S_F_C30,random,256,total_gain,46219,602,-37.683058977127075
context_M_minus_S_F_C30,random,256,total_gain,46219,603,7.6202967166900635
context_M_minus_S_F_C30,random,256,negative_gain_fraction,41843,601,0.0
context_M_minus_S_F_C30,random,256,negative_gain_fraction,41843,602,0.0
context_M_minus_S_F_C30,random,256,negative_gain_fraction,41843,603,0.0
context_M_minus_S_F_C30,random,256,negative_gain_fraction,43997,601,0.0
context_M_minus_S_F_C30,random,256,negative_gain_fraction,43997,602,0.0
context_M_minus_S_F_C30,random,256,negative_gain_fraction,43997,603,0.0
context_M_minus_S_F_C30,random,256,negative_gain_fraction,46219,601,0.0
context_M_minus_S_F_C30,random,256,negative_gain_fraction,46219,602,0.0
context_M_minus_S_F_C30,random,256,negative_gain_fraction,46219,603,0.0
context_M_minus_S_F_C30,uniform,64,p,41843,601,
context_M_minus_S_F_C30,uniform,64,p,41843,602,
context_M_minus_S_F_C30,uniform,64,p,41843,603,
context_M_minus_S_F_C30,uniform,64,p,43997,601,
context_M_minus_S_F_C30,uniform,64,p,43997,602,
context_M_minus_S_F_C30,uniform,64,p,43997,603,
context_M_minus_S_F_C30,uniform,64,p,46219,601,
context_M_minus_S_F_C30,uniform,64,p,46219,602,
context_M_minus_S_F_C30,uniform,64,p,46219,603,
context_M_minus_S_F_C30,uniform,64,objective,41843,601,
context_M_minus_S_F_C30,uniform,64,objective,41843,602,
context_M_minus_S_F_C30,uniform,64,objective,41843,603,
context_M_minus_S_F_C30,uniform,64,objective,43997,601,
context_M_minus_S_F_C30,uniform,64,objective,43997,602,
context_M_minus_S_F_C30,uniform,64,objective,43997,603,
context_M_minus_S_F_C30,uniform,64,objective,46219,601,
context_M_minus_S_F_C30,uniform,64,objective,46219,602,
context_M_minus_S_F_C30,uniform,64,objective,46219,603,
context_M_minus_S_F_C30,uniform,64,train_nll,41843,601,0.0045517683029174805
context_M_minus_S_F_C30,uniform,64,train_nll,41843,602,-0.006546735763549805
context_M_minus_S_F_C30,uniform,64,train_nll,41843,603,0.003679990768432617
context_M_minus_S_F_C30,uniform,64,train_nll,43997,601,-0.0072509050369262695
context_M_minus_S_F_C30,uniform,64,train_nll,43997,602,0.007410407066345215
context_M_minus_S_F_C30,uniform,64,train_nll,43997,603,0.0006060600280761719
context_M_minus_S_F_C30,uniform,64,train_nll,46219,601,-0.005936622619628906
context_M_minus_S_F_C30,uniform,64,train_nll,46219,602,-0.007649064064025879
context_M_minus_S_F_C30,uniform,64,train_nll,46219,603,0.0034799575805664062
context_M_minus_S_F_C30,uniform,64,validation_nll,41843,601,0.0009664297103881836
context_M_minus_S_F_C30,uniform,64,validation_nll,41843,602,0.005989789962768555
context_M_minus_S_F_C30,uniform,64,validation_nll,41843,603,0.005381107330322266
context_M_minus_S_F_C30,uniform,64,validation_nll,43997,601,-0.0022253990173339844
context_M_minus_S_F_C30,uniform,64,validation_nll,43997,602,0.011592388153076172
context_M_minus_S_F_C30,uniform,64,validation_nll,43997,603,0.0028012990951538086
context_M_minus_S_F_C30,uniform,64,validation_nll,46219,601,-0.005674242973327637
context_M_minus_S_F_C30,uniform,64,validation_nll,46219,602,-0.000896453857421875
context_M_minus_S_F_C30,uniform,64,validation_nll,46219,603,0.0004385709762573242
context_M_minus_S_F_C30,uniform,64,test_nll,41843,601,-0.0005006790161132812
context_M_minus_S_F_C30,uniform,64,test_nll,41843,602,0.005274772644042969
context_M_minus_S_F_C30,uniform,64,test_nll,41843,603,0.0052983760833740234
context_M_minus_S_F_C30,uniform,64,test_nll,43997,601,-0.0043408870697021484
context_M_minus_S_F_C30,uniform,64,test_nll,43997,602,0.012840867042541504
context_M_minus_S_F_C30,uniform,64,test_nll,43997,603,0.001572728157043457
context_M_minus_S_F_C30,uniform,64,test_nll,46219,601,-0.006120443344116211
context_M_minus_S_F_C30,uniform,64,test_nll,46219,602,-8.344650268554688e-05
context_M_minus_S_F_C30,uniform,64,test_nll,46219,603,0.0006393194198608398
context_M_minus_S_F_C30,uniform,64,train_instance_accuracy,41843,601,0.0
context_M_minus_S_F_C30,uniform,64,train_instance_accuracy,41843,602,-0.00048828125
context_M_minus_S_F_C30,uniform,64,train_instance_accuracy,41843,603,0.0
context_M_minus_S_F_C30,uniform,64,train_instance_accuracy,43997,601,0.0
context_M_minus_S_F_C30,uniform,64,train_instance_accuracy,43997,602,0.0
context_M_minus_S_F_C30,uniform,64,train_instance_accuracy,43997,603,0.00048828125
context_M_minus_S_F_C30,uniform,64,train_instance_accuracy,46219,601,0.0
context_M_minus_S_F_C30,uniform,64,train_instance_accuracy,46219,602,0.00048828125
context_M_minus_S_F_C30,uniform,64,train_instance_accuracy,46219,603,0.0
context_M_minus_S_F_C30,uniform,64,clipping,41843,601,0.0
context_M_minus_S_F_C30,uniform,64,clipping,41843,602,0.0
context_M_minus_S_F_C30,uniform,64,clipping,41843,603,0.0
context_M_minus_S_F_C30,uniform,64,clipping,43997,601,0.0
context_M_minus_S_F_C30,uniform,64,clipping,43997,602,0.002083333333333326
context_M_minus_S_F_C30,uniform,64,clipping,43997,603,0.0
context_M_minus_S_F_C30,uniform,64,clipping,46219,601,0.0
context_M_minus_S_F_C30,uniform,64,clipping,46219,602,0.0
context_M_minus_S_F_C30,uniform,64,clipping,46219,603,0.0
context_M_minus_S_F_C30,uniform,64,total_gain,41843,601,-38.52184057235718
context_M_minus_S_F_C30,uniform,64,total_gain,41843,602,-45.906349420547485
context_M_minus_S_F_C30,uniform,64,total_gain,41843,603,-40.63391470909119
context_M_minus_S_F_C30,uniform,64,total_gain,43997,601,-37.532407999038696
context_M_minus_S_F_C30,uniform,64,total_gain,43997,602,-59.765225410461426
context_M_minus_S_F_C30,uniform,64,total_gain,43997,603,-38.37206482887268
context_M_minus_S_F_C30,uniform,64,total_gain,46219,601,-32.09150004386902
context_M_minus_S_F_C30,uniform,64,total_gain,46219,602,-49.9541916847229
context_M_minus_S_F_C30,uniform,64,total_gain,46219,603,-42.72462296485901
context_M_minus_S_F_C30,uniform,64,negative_gain_fraction,41843,601,0.0
context_M_minus_S_F_C30,uniform,64,negative_gain_fraction,41843,602,0.0
context_M_minus_S_F_C30,uniform,64,negative_gain_fraction,41843,603,0.0
context_M_minus_S_F_C30,uniform,64,negative_gain_fraction,43997,601,0.0
context_M_minus_S_F_C30,uniform,64,negative_gain_fraction,43997,602,0.0
context_M_minus_S_F_C30,uniform,64,negative_gain_fraction,43997,603,0.0
context_M_minus_S_F_C30,uniform,64,negative_gain_fraction,46219,601,0.0
context_M_minus_S_F_C30,uniform,64,negative_gain_fraction,46219,602,0.0
context_M_minus_S_F_C30,uniform,64,negative_gain_fraction,46219,603,0.0
context_M_minus_S_F_C30,uniform,128,p,41843,601,
context_M_minus_S_F_C30,uniform,128,p,41843,602,
context_M_minus_S_F_C30,uniform,128,p,41843,603,
context_M_minus_S_F_C30,uniform,128,p,43997,601,
context_M_minus_S_F_C30,uniform,128,p,43997,602,
context_M_minus_S_F_C30,uniform,128,p,43997,603,
context_M_minus_S_F_C30,uniform,128,p,46219,601,
context_M_minus_S_F_C30,uniform,128,p,46219,602,
context_M_minus_S_F_C30,uniform,128,p,46219,603,
context_M_minus_S_F_C30,uniform,128,objective,41843,601,
context_M_minus_S_F_C30,uniform,128,objective,41843,602,
context_M_minus_S_F_C30,uniform,128,objective,41843,603,
context_M_minus_S_F_C30,uniform,128,objective,43997,601,
context_M_minus_S_F_C30,uniform,128,objective,43997,602,
context_M_minus_S_F_C30,uniform,128,objective,43997,603,
context_M_minus_S_F_C30,uniform,128,objective,46219,601,
context_M_minus_S_F_C30,uniform,128,objective,46219,602,
context_M_minus_S_F_C30,uniform,128,objective,46219,603,
context_M_minus_S_F_C30,uniform,128,train_nll,41843,601,-0.019687414169311523
context_M_minus_S_F_C30,uniform,128,train_nll,41843,602,0.014035224914550781
context_M_minus_S_F_C30,uniform,128,train_nll,41843,603,-0.009491682052612305
context_M_minus_S_F_C30,uniform,128,train_nll,43997,601,-0.00950777530670166
context_M_minus_S_F_C30,uniform,128,train_nll,43997,602,-0.004020333290100098
context_M_minus_S_F_C30,uniform,128,train_nll,43997,603,-0.006229519844055176
context_M_minus_S_F_C30,uniform,128,train_nll,46219,601,-0.0003515481948852539
context_M_minus_S_F_C30,uniform,128,train_nll,46219,602,0.00497746467590332
context_M_minus_S_F_C30,uniform,128,train_nll,46219,603,0.010808944702148438
context_M_minus_S_F_C30,uniform,128,validation_nll,41843,601,0.021964311599731445
context_M_minus_S_F_C30,uniform,128,validation_nll,41843,602,-0.014681220054626465
context_M_minus_S_F_C30,uniform,128,validation_nll,41843,603,0.01638650894165039
context_M_minus_S_F_C30,uniform,128,validation_nll,43997,601,-0.0357898473739624
context_M_minus_S_F_C30,uniform,128,validation_nll,43997,602,-0.008574962615966797
context_M_minus_S_F_C30,uniform,128,validation_nll,43997,603,0.0006775856018066406
context_M_minus_S_F_C30,uniform,128,validation_nll,46219,601,0.0011606216430664062
context_M_minus_S_F_C30,uniform,128,validation_nll,46219,602,-0.007502317428588867
context_M_minus_S_F_C30,uniform,128,validation_nll,46219,603,0.0035947561264038086
context_M_minus_S_F_C30,uniform,128,test_nll,41843,601,0.02844548225402832
context_M_minus_S_F_C30,uniform,128,test_nll,41843,602,-0.015953779220581055
context_M_minus_S_F_C30,uniform,128,test_nll,41843,603,0.013114452362060547
context_M_minus_S_F_C30,uniform,128,test_nll,43997,601,-0.032126784324645996
context_M_minus_S_F_C30,uniform,128,test_nll,43997,602,-0.006359100341796875
context_M_minus_S_F_C30,uniform,128,test_nll,43997,603,-0.006088733673095703
context_M_minus_S_F_C30,uniform,128,test_nll,46219,601,0.0022950172424316406
context_M_minus_S_F_C30,uniform,128,test_nll,46219,602,-0.00816333293914795
context_M_minus_S_F_C30,uniform,128,test_nll,46219,603,-0.006518125534057617
context_M_minus_S_F_C30,uniform,128,train_instance_accuracy,41843,601,-0.01513671875
context_M_minus_S_F_C30,uniform,128,train_instance_accuracy,41843,602,-0.01025390625
context_M_minus_S_F_C30,uniform,128,train_instance_accuracy,41843,603,-0.00244140625
context_M_minus_S_F_C30,uniform,128,train_instance_accuracy,43997,601,-0.01611328125
context_M_minus_S_F_C30,uniform,128,train_instance_accuracy,43997,602,-0.00341796875
context_M_minus_S_F_C30,uniform,128,train_instance_accuracy,43997,603,0.00537109375
context_M_minus_S_F_C30,uniform,128,train_instance_accuracy,46219,601,-0.00927734375
context_M_minus_S_F_C30,uniform,128,train_instance_accuracy,46219,602,0.00439453125
context_M_minus_S_F_C30,uniform,128,train_instance_accuracy,46219,603,0.009765625
context_M_minus_S_F_C30,uniform,128,clipping,41843,601,-0.006249999999999978
context_M_minus_S_F_C30,uniform,128,clipping,41843,602,-0.012499999999999956
context_M_minus_S_F_C30,uniform,128,clipping,41843,603,-0.006249999999999978
context_M_minus_S_F_C30,uniform,128,clipping,43997,601,-0.01041666666666663
context_M_minus_S_F_C30,uniform,128,clipping,43997,602,-0.002083333333333326
context_M_minus_S_F_C30,uniform,128,clipping,43997,603,-0.002083333333333326
context_M_minus_S_F_C30,uniform,128,clipping,46219,601,0.0
context_M_minus_S_F_C30,uniform,128,clipping,46219,602,-0.002083333333333326
context_M_minus_S_F_C30,uniform,128,clipping,46219,603,0.002083333333333326
context_M_minus_S_F_C30,uniform,128,total_gain,41843,601,-43.44749975204468
context_M_minus_S_F_C30,uniform,128,total_gain,41843,602,-54.36209285259247
context_M_minus_S_F_C30,uniform,128,total_gain,41843,603,-42.7550311088562
context_M_minus_S_F_C30,uniform,128,total_gain,43997,601,-46.59442090988159
context_M_minus_S_F_C30,uniform,128,total_gain,43997,602,-45.44263195991516
context_M_minus_S_F_C30,uniform,128,total_gain,43997,603,-42.75295066833496
context_M_minus_S_F_C30,uniform,128,total_gain,46219,601,-53.68511164188385
context_M_minus_S_F_C30,uniform,128,total_gain,46219,602,-51.974952816963196
context_M_minus_S_F_C30,uniform,128,total_gain,46219,603,-48.22309064865112
context_M_minus_S_F_C30,uniform,128,negative_gain_fraction,41843,601,0.0
context_M_minus_S_F_C30,uniform,128,negative_gain_fraction,41843,602,0.0
context_M_minus_S_F_C30,uniform,128,negative_gain_fraction,41843,603,0.0
context_M_minus_S_F_C30,uniform,128,negative_gain_fraction,43997,601,0.0
context_M_minus_S_F_C30,uniform,128,negative_gain_fraction,43997,602,0.0
context_M_minus_S_F_C30,uniform,128,negative_gain_fraction,43997,603,0.0
context_M_minus_S_F_C30,uniform,128,negative_gain_fraction,46219,601,0.0
context_M_minus_S_F_C30,uniform,128,negative_gain_fraction,46219,602,0.0
context_M_minus_S_F_C30,uniform,128,negative_gain_fraction,46219,603,0.0
context_M_minus_S_F_C30,uniform,256,p,41843,601,
context_M_minus_S_F_C30,uniform,256,p,41843,602,
context_M_minus_S_F_C30,uniform,256,p,41843,603,
context_M_minus_S_F_C30,uniform,256,p,43997,601,
context_M_minus_S_F_C30,uniform,256,p,43997,602,
context_M_minus_S_F_C30,uniform,256,p,43997,603,
context_M_minus_S_F_C30,uniform,256,p,46219,601,
context_M_minus_S_F_C30,uniform,256,p,46219,602,
context_M_minus_S_F_C30,uniform,256,p,46219,603,
context_M_minus_S_F_C30,uniform,256,objective,41843,601,
context_M_minus_S_F_C30,uniform,256,objective,41843,602,
context_M_minus_S_F_C30,uniform,256,objective,41843,603,
context_M_minus_S_F_C30,uniform,256,objective,43997,601,
context_M_minus_S_F_C30,uniform,256,objective,43997,602,
context_M_minus_S_F_C30,uniform,256,objective,43997,603,
context_M_minus_S_F_C30,uniform,256,objective,46219,601,
context_M_minus_S_F_C30,uniform,256,objective,46219,602,
context_M_minus_S_F_C30,uniform,256,objective,46219,603,
context_M_minus_S_F_C30,uniform,256,train_nll,41843,601,-0.0012316703796386719
context_M_minus_S_F_C30,uniform,256,train_nll,41843,602,-0.007364809513092041
context_M_minus_S_F_C30,uniform,256,train_nll,41843,603,-0.09852838516235352
context_M_minus_S_F_C30,uniform,256,train_nll,43997,601,-0.033700019121170044
context_M_minus_S_F_C30,uniform,256,train_nll,43997,602,0.0661921501159668
context_M_minus_S_F_C30,uniform,256,train_nll,43997,603,-0.05264371633529663
context_M_minus_S_F_C30,uniform,256,train_nll,46219,601,0.009018540382385254
context_M_minus_S_F_C30,uniform,256,train_nll,46219,602,0.04265981912612915
context_M_minus_S_F_C30,uniform,256,train_nll,46219,603,-0.05576777458190918
context_M_minus_S_F_C30,uniform,256,validation_nll,41843,601,0.15826177597045898
context_M_minus_S_F_C30,uniform,256,validation_nll,41843,602,-0.05210065841674805
context_M_minus_S_F_C30,uniform,256,validation_nll,41843,603,0.1521059274673462
context_M_minus_S_F_C30,uniform,256,validation_nll,43997,601,0.060317277908325195
context_M_minus_S_F_C30,uniform,256,validation_nll,43997,602,-0.1094590425491333
context_M_minus_S_F_C30,uniform,256,validation_nll,43997,603,-0.011365890502929688
context_M_minus_S_F_C30,uniform,256,validation_nll,46219,601,-0.0418400764465332
context_M_minus_S_F_C30,uniform,256,validation_nll,46219,602,0.03232848644256592
context_M_minus_S_F_C30,uniform,256,validation_nll,46219,603,0.032805800437927246
context_M_minus_S_F_C30,uniform,256,test_nll,41843,601,0.15324664115905762
context_M_minus_S_F_C30,uniform,256,test_nll,41843,602,-0.0209805965423584
context_M_minus_S_F_C30,uniform,256,test_nll,41843,603,0.17028915882110596
context_M_minus_S_F_C30,uniform,256,test_nll,43997,601,0.02359914779663086
context_M_minus_S_F_C30,uniform,256,test_nll,43997,602,-0.12212228775024414
context_M_minus_S_F_C30,uniform,256,test_nll,43997,603,-0.022007226943969727
context_M_minus_S_F_C30,uniform,256,test_nll,46219,601,-0.004384756088256836
context_M_minus_S_F_C30,uniform,256,test_nll,46219,602,0.018166422843933105
context_M_minus_S_F_C30,uniform,256,test_nll,46219,603,0.020437002182006836
context_M_minus_S_F_C30,uniform,256,train_instance_accuracy,41843,601,0.02001953125
context_M_minus_S_F_C30,uniform,256,train_instance_accuracy,41843,602,-0.0048828125
context_M_minus_S_F_C30,uniform,256,train_instance_accuracy,41843,603,0.09716796875
context_M_minus_S_F_C30,uniform,256,train_instance_accuracy,43997,601,0.041015625
context_M_minus_S_F_C30,uniform,256,train_instance_accuracy,43997,602,-0.06689453125
context_M_minus_S_F_C30,uniform,256,train_instance_accuracy,43997,603,0.06005859375
context_M_minus_S_F_C30,uniform,256,train_instance_accuracy,46219,601,-0.02099609375
context_M_minus_S_F_C30,uniform,256,train_instance_accuracy,46219,602,-0.04931640625
context_M_minus_S_F_C30,uniform,256,train_instance_accuracy,46219,603,0.04931640625
context_M_minus_S_F_C30,uniform,256,clipping,41843,601,0.0
context_M_minus_S_F_C30,uniform,256,clipping,41843,602,-0.002083333333333326
context_M_minus_S_F_C30,uniform,256,clipping,41843,603,0.008333333333333415
context_M_minus_S_F_C30,uniform,256,clipping,43997,601,-0.004166666666666652
context_M_minus_S_F_C30,uniform,256,clipping,43997,602,0.002083333333333326
context_M_minus_S_F_C30,uniform,256,clipping,43997,603,0.002083333333333326
context_M_minus_S_F_C30,uniform,256,clipping,46219,601,0.002083333333333326
context_M_minus_S_F_C30,uniform,256,clipping,46219,602,0.0
context_M_minus_S_F_C30,uniform,256,clipping,46219,603,0.004166666666666652
context_M_minus_S_F_C30,uniform,256,total_gain,41843,601,-9.274052619934082
context_M_minus_S_F_C30,uniform,256,total_gain,41843,602,-17.95850920677185
context_M_minus_S_F_C30,uniform,256,total_gain,41843,603,58.77371549606323
context_M_minus_S_F_C30,uniform,256,total_gain,43997,601,13.349069356918335
context_M_minus_S_F_C30,uniform,256,total_gain,43997,602,-66.58362531661987
context_M_minus_S_F_C30,uniform,256,total_gain,43997,603,21.192322969436646
context_M_minus_S_F_C30,uniform,256,total_gain,46219,601,-15.719592809677124
context_M_minus_S_F_C30,uniform,256,total_gain,46219,602,-47.88432049751282
context_M_minus_S_F_C30,uniform,256,total_gain,46219,603,34.617501974105835
context_M_minus_S_F_C30,uniform,256,negative_gain_fraction,41843,601,0.0
context_M_minus_S_F_C30,uniform,256,negative_gain_fraction,41843,602,0.0
context_M_minus_S_F_C30,uniform,256,negative_gain_fraction,41843,603,0.0
context_M_minus_S_F_C30,uniform,256,negative_gain_fraction,43997,601,0.0
context_M_minus_S_F_C30,uniform,256,negative_gain_fraction,43997,602,0.0
context_M_minus_S_F_C30,uniform,256,negative_gain_fraction,43997,603,0.0
context_M_minus_S_F_C30,uniform,256,negative_gain_fraction,46219,601,0.0
context_M_minus_S_F_C30,uniform,256,negative_gain_fraction,46219,602,0.0
context_M_minus_S_F_C30,uniform,256,negative_gain_fraction,46219,603,0.0
selected_policy_U_minus_M,random,64,p,41843,601,0.33343898551390366
selected_policy_U_minus_M,random,64,p,41843,602,0.2190961389328994
selected_policy_U_minus_M,random,64,p,41843,603,0.7680186628977201
selected_policy_U_minus_M,random,64,p,43997,601,0.3206870550282744
selected_policy_U_minus_M,random,64,p,43997,602,0.30193672090371854
selected_policy_U_minus_M,random,64,p,43997,603,0.42563798393860536
selected_policy_U_minus_M,random,64,p,46219,601,0.3915950159648158
selected_policy_U_minus_M,random,64,p,46219,602,0.3413310323059306
selected_policy_U_minus_M,random,64,p,46219,603,0.671176834384668
selected_policy_U_minus_M,random,64,objective,41843,601,0.0005867130217537365
selected_policy_U_minus_M,random,64,objective,41843,602,0.0009279554641825906
selected_policy_U_minus_M,random,64,objective,41843,603,2.4641987191282316e-05
selected_policy_U_minus_M,random,64,objective,43997,601,0.0009529817302288522
selected_policy_U_minus_M,random,64,objective,43997,602,0.0008665629992088662
selected_policy_U_minus_M,random,64,objective,43997,603,0.0008451392387967805
selected_policy_U_minus_M,random,64,objective,46219,601,0.001259606203685682
selected_policy_U_minus_M,random,64,objective,46219,602,0.0005151804184177852
selected_policy_U_minus_M,random,64,objective,46219,603,0.00042588190841297166
selected_policy_U_minus_M,random,64,train_nll,41843,601,-0.12398433685302734
selected_policy_U_minus_M,random,64,train_nll,41843,602,-0.1498546600341797
selected_policy_U_minus_M,random,64,train_nll,41843,603,-0.13735485076904297
selected_policy_U_minus_M,random,64,train_nll,43997,601,-0.12790298461914062
selected_policy_U_minus_M,random,64,train_nll,43997,602,-0.13955628871917725
selected_policy_U_minus_M,random,64,train_nll,43997,603,-0.14061009883880615
selected_policy_U_minus_M,random,64,train_nll,46219,601,-0.15144789218902588
selected_policy_U_minus_M,random,64,train_nll,46219,602,-0.13729512691497803
selected_policy_U_minus_M,random,64,train_nll,46219,603,-0.11836671829223633
selected_policy_U_minus_M,random,64,validation_nll,41843,601,-0.144423246383667
selected_policy_U_minus_M,random,64,validation_nll,41843,602,-0.20304512977600098
selected_policy_U_minus_M,random,64,validation_nll,41843,603,-0.12612295150756836
selected_policy_U_minus_M,random,64,validation_nll,43997,601,-0.13975894451141357
selected_policy_U_minus_M,random,64,validation_nll,43997,602,-0.15887367725372314
selected_policy_U_minus_M,random,64,validation_nll,43997,603,-0.12754321098327637
selected_policy_U_minus_M,random,64,validation_nll,46219,601,-0.1406388282775879
selected_policy_U_minus_M,random,64,validation_nll,46219,602,-0.16026198863983154
selected_policy_U_minus_M,random,64,validation_nll,46219,603,-0.08467507362365723
selected_policy_U_minus_M,random,64,test_nll,41843,601,-0.1358250379562378
selected_policy_U_minus_M,random,64,test_nll,41843,602,-0.1954655647277832
selected_policy_U_minus_M,random,64,test_nll,41843,603,-0.13401460647583008
selected_policy_U_minus_M,random,64,test_nll,43997,601,-0.13170182704925537
selected_policy_U_minus_M,random,64,test_nll,43997,602,-0.16224920749664307
selected_policy_U_minus_M,random,64,test_nll,43997,603,-0.13254356384277344
selected_policy_U_minus_M,random,64,test_nll,46219,601,-0.13655376434326172
selected_policy_U_minus_M,random,64,test_nll,46219,602,-0.15635621547698975
selected_policy_U_minus_M,random,64,test_nll,46219,603,-0.10787510871887207
selected_policy_U_minus_M,random,64,train_instance_accuracy,41843,601,0.01513671875
selected_policy_U_minus_M,random,64,train_instance_accuracy,41843,602,0.0
selected_policy_U_minus_M,random,64,train_instance_accuracy,41843,603,0.02392578125
selected_policy_U_minus_M,random,64,train_instance_accuracy,43997,601,0.0205078125
selected_policy_U_minus_M,random,64,train_instance_accuracy,43997,602,0.017578125
selected_policy_U_minus_M,random,64,train_instance_accuracy,43997,603,0.03662109375
selected_policy_U_minus_M,random,64,train_instance_accuracy,46219,601,0.01953125
selected_policy_U_minus_M,random,64,train_instance_accuracy,46219,602,0.001953125
selected_policy_U_minus_M,random,64,train_instance_accuracy,46219,603,0.01513671875
selected_policy_U_minus_M,random,64,clipping,41843,601,-0.018750000000000044
selected_policy_U_minus_M,random,64,clipping,41843,602,-0.012499999999999956
selected_policy_U_minus_M,random,64,clipping,41843,603,-0.07916666666666672
selected_policy_U_minus_M,random,64,clipping,43997,601,-0.03749999999999998
selected_policy_U_minus_M,random,64,clipping,43997,602,-0.0625
selected_policy_U_minus_M,random,64,clipping,43997,603,-0.12291666666666667
selected_policy_U_minus_M,random,64,clipping,46219,601,-0.025000000000000022
selected_policy_U_minus_M,random,64,clipping,46219,602,-0.043749999999999956
selected_policy_U_minus_M,random,64,clipping,46219,603,-0.04791666666666672
selected_policy_U_minus_M,random,64,total_gain,41843,601,-494.49092948436737
selected_policy_U_minus_M,random,64,total_gain,41843,602,-485.4040277004242
selected_policy_U_minus_M,random,64,total_gain,41843,603,-489.1828387975693
selected_policy_U_minus_M,random,64,total_gain,43997,601,-507.94486677646637
selected_policy_U_minus_M,random,64,total_gain,43997,602,-526.1814776659012
selected_policy_U_minus_M,random,64,total_gain,43997,603,-514.0481363534927
selected_policy_U_minus_M,random,64,total_gain,46219,601,-481.9310268163681
selected_policy_U_minus_M,random,64,total_gain,46219,602,-491.7654541730881
selected_policy_U_minus_M,random,64,total_gain,46219,603,-495.1886771917343
selected_policy_U_minus_M,random,64,negative_gain_fraction,41843,601,0.181640625
selected_policy_U_minus_M,random,64,negative_gain_fraction,41843,602,0.146484375
selected_policy_U_minus_M,random,64,negative_gain_fraction,41843,603,0.3046875
selected_policy_U_minus_M,random,64,negative_gain_fraction,43997,601,0.1796875
selected_policy_U_minus_M,random,64,negative_gain_fraction,43997,602,0.19921875
selected_policy_U_minus_M,random,64,negative_gain_fraction,43997,603,0.234375
selected_policy_U_minus_M,random,64,negative_gain_fraction,46219,601,0.224609375
selected_policy_U_minus_M,random,64,negative_gain_fraction,46219,602,0.20703125
selected_policy_U_minus_M,random,64,negative_gain_fraction,46219,603,0.306640625
selected_policy_U_minus_M,random,128,p,41843,601,5.216426914361674
selected_policy_U_minus_M,random,128,p,41843,602,5.4875238264819775
selected_policy_U_minus_M,random,128,p,41843,603,2.9766480871242744
selected_policy_U_minus_M,random,128,p,43997,601,4.824401515940466
selected_policy_U_minus_M,random,128,p,43997,602,4.834943803715067
selected_policy_U_minus_M,random,128,p,43997,603,3.5315967291063775
selected_policy_U_minus_M,random,128,p,46219,601,7.966521959298504
selected_policy_U_minus_M,random,128,p,46219,602,2.024993987768159
selected_policy_U_minus_M,random,128,p,46219,603,3.9951227272403576
selected_policy_U_minus_M,random,128,objective,41843,601,0.6966512074844479
selected_policy_U_minus_M,random,128,objective,41843,602,0.6222788892604781
selected_policy_U_minus_M,random,128,objective,41843,603,0.11294992098752389
selected_policy_U_minus_M,random,128,objective,43997,601,0.3626468288627394
selected_policy_U_minus_M,random,128,objective,43997,602,0.5651191353890581
selected_policy_U_minus_M,random,128,objective,43997,603,0.24025652019792326
selected_policy_U_minus_M,random,128,objective,46219,601,2.258429873319961
selected_policy_U_minus_M,random,128,objective,46219,602,0.061493274531816286
selected_policy_U_minus_M,random,128,objective,46219,603,0.19581929374406049
selected_policy_U_minus_M,random,128,train_nll,41843,601,-0.005187511444091797
selected_policy_U_minus_M,random,128,train_nll,41843,602,-0.02816784381866455
selected_policy_U_minus_M,random,128,train_nll,41843,603,-0.04376423358917236
selected_policy_U_minus_M,random,128,train_nll,43997,601,-0.013492345809936523
selected_policy_U_minus_M,random,128,train_nll,43997,602,-0.031595706939697266
selected_policy_U_minus_M,random,128,train_nll,43997,603,-0.024304628372192383
selected_policy_U_minus_M,random,128,train_nll,46219,601,0.00171661376953125
selected_policy_U_minus_M,random,128,train_nll,46219,602,-0.03072953224182129
selected_policy_U_minus_M,random,128,train_nll,46219,603,-0.0632171630859375
selected_policy_U_minus_M,random,128,validation_nll,41843,601,-0.018811583518981934
selected_policy_U_minus_M,random,128,validation_nll,41843,602,-0.0666496753692627
selected_policy_U_minus_M,random,128,validation_nll,41843,603,-0.11968374252319336
selected_policy_U_minus_M,random,128,validation_nll,43997,601,-0.06904935836791992
selected_policy_U_minus_M,random,128,validation_nll,43997,602,-0.09181737899780273
selected_policy_U_minus_M,random,128,validation_nll,43997,603,-0.05290877819061279
selected_policy_U_minus_M,random,128,validation_nll,46219,601,0.0033034086227416992
selected_policy_U_minus_M,random,128,validation_nll,46219,602,-0.07850944995880127
selected_policy_U_minus_M,random,128,validation_nll,46219,603,-0.0976107120513916
selected_policy_U_minus_M,random,128,test_nll,41843,601,-0.008317947387695312
selected_policy_U_minus_M,random,128,test_nll,41843,602,-0.07827198505401611
selected_policy_U_minus_M,random,128,test_nll,41843,603,-0.11455404758453369
selected_policy_U_minus_M,random,128,test_nll,43997,601,-0.06087076663970947
selected_policy_U_minus_M,random,128,test_nll,43997,602,-0.09534573554992676
selected_policy_U_minus_M,random,128,test_nll,43997,603,-0.05495297908782959
selected_policy_U_minus_M,random,128,test_nll,46219,601,-0.015936732292175293
selected_policy_U_minus_M,random,128,test_nll,46219,602,-0.07919466495513916
selected_policy_U_minus_M,random,128,test_nll,46219,603,-0.08839118480682373
selected_policy_U_minus_M,random,128,train_instance_accuracy,41843,601,0.00146484375
selected_policy_U_minus_M,random,128,train_instance_accuracy,41843,602,-0.009765625
selected_policy_U_minus_M,random,128,train_instance_accuracy,41843,603,-0.0068359375
selected_policy_U_minus_M,random,128,train_instance_accuracy,43997,601,-0.01171875
selected_policy_U_minus_M,random,128,train_instance_accuracy,43997,602,-0.015625
selected_policy_U_minus_M,random,128,train_instance_accuracy,43997,603,-0.017578125
selected_policy_U_minus_M,random,128,train_instance_accuracy,46219,601,-0.00146484375
selected_policy_U_minus_M,random,128,train_instance_accuracy,46219,602,-0.013671875
selected_policy_U_minus_M,random,128,train_instance_accuracy,46219,603,-0.01123046875
selected_policy_U_minus_M,random,128,clipping,41843,601,-0.23124999999999996
selected_policy_U_minus_M,random,128,clipping,41843,602,-0.17500000000000004
selected_policy_U_minus_M,random,128,clipping,41843,603,-0.19374999999999998
selected_policy_U_minus_M,random,128,clipping,43997,601,-0.25625
selected_policy_U_minus_M,random,128,clipping,43997,602,-0.26249999999999996
selected_policy_U_minus_M,random,128,clipping,43997,603,-0.20000000000000007
selected_policy_U_minus_M,random,128,clipping,46219,601,-0.19374999999999998
selected_policy_U_minus_M,random,128,clipping,46219,602,-0.21875
selected_policy_U_minus_M,random,128,clipping,46219,603,-0.20625000000000004
selected_policy_U_minus_M,random,128,total_gain,41843,601,-1084.7169311642647
selected_policy_U_minus_M,random,128,total_gain,41843,602,-1073.7044603824615
selected_policy_U_minus_M,random,128,total_gain,41843,603,-1060.5434974431992
selected_policy_U_minus_M,random,128,total_gain,43997,601,-1132.4823524951935
selected_policy_U_minus_M,random,128,total_gain,43997,602,-1110.1806787252426
selected_policy_U_minus_M,random,128,total_gain,43997,603,-1120.4078783988953
selected_policy_U_minus_M,random,128,total_gain,46219,601,-1101.7496868371964
selected_policy_U_minus_M,random,128,total_gain,46219,602,-1086.3538714647293
selected_policy_U_minus_M,random,128,total_gain,46219,603,-1077.4713599085808
selected_policy_U_minus_M,random,128,negative_gain_fraction,41843,601,0.5
selected_policy_U_minus_M,random,128,negative_gain_fraction,41843,602,0.4765625
selected_policy_U_minus_M,random,128,negative_gain_fraction,41843,603,0.443359375
selected_policy_U_minus_M,random,128,negative_gain_fraction,43997,601,0.47265625
selected_policy_U_minus_M,random,128,negative_gain_fraction,43997,602,0.486328125
selected_policy_U_minus_M,random,128,negative_gain_fraction,43997,603,0.4375
selected_policy_U_minus_M,random,128,negative_gain_fraction,46219,601,0.484375
selected_policy_U_minus_M,random,128,negative_gain_fraction,46219,602,0.419921875
selected_policy_U_minus_M,random,128,negative_gain_fraction,46219,603,0.462890625
selected_policy_U_minus_M,random,256,p,41843,601,7.939079460362388
selected_policy_U_minus_M,random,256,p,41843,602,
selected_policy_U_minus_M,random,256,p,41843,603,6.422850786643813
selected_policy_U_minus_M,random,256,p,43997,601,2.1519377763605223
selected_policy_U_minus_M,random,256,p,43997,602,2.2804411451804745
selected_policy_U_minus_M,random,256,p,43997,603,7.950950524254318
selected_policy_U_minus_M,random,256,p,46219,601,5.700662370941489
selected_policy_U_minus_M,random,256,p,46219,602,7.940564700824614
selected_policy_U_minus_M,random,256,p,46219,603,7.943172809532153
selected_policy_U_minus_M,random,256,objective,41843,601,18.41082103174328
selected_policy_U_minus_M,random,256,objective,41843,602,
selected_policy_U_minus_M,random,256,objective,41843,603,0.3325351319604242
selected_policy_U_minus_M,random,256,objective,43997,601,0.024601073821586147
selected_policy_U_minus_M,random,256,objective,43997,602,0.03463237104665758
selected_policy_U_minus_M,random,256,objective,43997,603,17.792550564673792
selected_policy_U_minus_M,random,256,objective,46219,601,0.8001670216574555
selected_policy_U_minus_M,random,256,objective,46219,602,2.0067917682279477
selected_policy_U_minus_M,random,256,objective,46219,603,36183.22933521093
selected_policy_U_minus_M,random,256,train_nll,41843,601,0.03210878372192383
selected_policy_U_minus_M,random,256,train_nll,41843,602,-0.02430868148803711
selected_policy_U_minus_M,random,256,train_nll,41843,603,0.018367409706115723
selected_policy_U_minus_M,random,256,train_nll,43997,601,-0.003341078758239746
selected_policy_U_minus_M,random,256,train_nll,43997,602,0.02916395664215088
selected_policy_U_minus_M,random,256,train_nll,43997,603,0.06731724739074707
selected_policy_U_minus_M,random,256,train_nll,46219,601,0.01753103733062744
selected_policy_U_minus_M,random,256,train_nll,46219,602,0.07582306861877441
selected_policy_U_minus_M,random,256,train_nll,46219,603,0.004023075103759766
selected_policy_U_minus_M,random,256,validation_nll,41843,601,-0.3260730504989624
selected_policy_U_minus_M,random,256,validation_nll,41843,602,-0.43785548210144043
selected_policy_U_minus_M,random,256,validation_nll,41843,603,-0.3845205307006836
selected_policy_U_minus_M,random,256,validation_nll,43997,601,-0.33252477645874023
selected_policy_U_minus_M,random,256,validation_nll,43997,602,-0.357582688331604
selected_policy_U_minus_M,random,256,validation_nll,43997,603,-0.22005033493041992
selected_policy_U_minus_M,random,256,validation_nll,46219,601,-0.3939400911331177
selected_policy_U_minus_M,random,256,validation_nll,46219,602,-0.23994123935699463
selected_policy_U_minus_M,random,256,validation_nll,46219,603,-0.34752845764160156
selected_policy_U_minus_M,random,256,test_nll,41843,601,-0.29475903511047363
selected_policy_U_minus_M,random,256,test_nll,41843,602,-0.41422784328460693
selected_policy_U_minus_M,random,256,test_nll,41843,603,-0.34420037269592285
selected_policy_U_minus_M,random,256,test_nll,43997,601,-0.3185220956802368
selected_policy_U_minus_M,random,256,test_nll,43997,602,-0.3559117317199707
selected_policy_U_minus_M,random,256,test_nll,43997,603,-0.23832213878631592
selected_policy_U_minus_M,random,256,test_nll,46219,601,-0.39185142517089844
selected_policy_U_minus_M,random,256,test_nll,46219,602,-0.25217270851135254
selected_policy_U_minus_M,random,256,test_nll,46219,603,-0.33688974380493164
selected_policy_U_minus_M,random,256,train_instance_accuracy,41843,601,-0.1025390625
selected_policy_U_minus_M,random,256,train_instance_accuracy,41843,602,-0.095703125
selected_policy_U_minus_M,random,256,train_instance_accuracy,41843,603,-0.08447265625
selected_policy_U_minus_M,random,256,train_instance_accuracy,43997,601,-0.0830078125
selected_policy_U_minus_M,random,256,train_instance_accuracy,43997,602,-0.10693359375
selected_policy_U_minus_M,random,256,train_instance_accuracy,43997,603,-0.08154296875
selected_policy_U_minus_M,random,256,train_instance_accuracy,46219,601,-0.08935546875
selected_policy_U_minus_M,random,256,train_instance_accuracy,46219,602,-0.0869140625
selected_policy_U_minus_M,random,256,train_instance_accuracy,46219,603,-0.08056640625
selected_policy_U_minus_M,random,256,clipping,41843,601,-0.16666666666666663
selected_policy_U_minus_M,random,256,clipping,41843,602,-0.0625
selected_policy_U_minus_M,random,256,clipping,41843,603,-0.11250000000000004
selected_policy_U_minus_M,random,256,clipping,43997,601,-0.125
selected_policy_U_minus_M,random,256,clipping,43997,602,-0.08333333333333337
selected_policy_U_minus_M,random,256,clipping,43997,603,-0.1395833333333334
selected_policy_U_minus_M,random,256,clipping,46219,601,-0.1875
selected_policy_U_minus_M,random,256,clipping,46219,602,-0.0625
selected_policy_U_minus_M,random,256,clipping,46219,603,-0.11250000000000004
selected_policy_U_minus_M,random,256,total_gain,41843,601,-1780.7613290548325
selected_policy_U_minus_M,random,256,total_gain,41843,602,-1746.2281827926636
selected_policy_U_minus_M,random,256,total_gain,41843,603,-1770.2124391794205
selected_policy_U_minus_M,random,256,total_gain,43997,601,-1839.99919962883
selected_policy_U_minus_M,random,256,total_gain,43997,602,-1828.5720863342285
selected_policy_U_minus_M,random,256,total_gain,43997,603,-1849.0498113632202
selected_policy_U_minus_M,random,256,total_gain,46219,601,-1797.4552232027054
selected_policy_U_minus_M,random,256,total_gain,46219,602,-1825.0478999614716
selected_policy_U_minus_M,random,256,total_gain,46219,603,-1778.0138552188873
selected_policy_U_minus_M,random,256,negative_gain_fraction,41843,601,0.484375
selected_policy_U_minus_M,random,256,negative_gain_fraction,41843,602,0.533203125
selected_policy_U_minus_M,random,256,negative_gain_fraction,41843,603,0.474609375
selected_policy_U_minus_M,random,256,negative_gain_fraction,43997,601,0.43359375
selected_policy_U_minus_M,random,256,negative_gain_fraction,43997,602,0.447265625
selected_policy_U_minus_M,random,256,negative_gain_fraction,43997,603,0.515625
selected_policy_U_minus_M,random,256,negative_gain_fraction,46219,601,0.482421875
selected_policy_U_minus_M,random,256,negative_gain_fraction,46219,602,0.5
selected_policy_U_minus_M,random,256,negative_gain_fraction,46219,603,0.53515625
selected_policy_U_minus_M,uniform,64,p,41843,601,
selected_policy_U_minus_M,uniform,64,p,41843,602,
selected_policy_U_minus_M,uniform,64,p,41843,603,
selected_policy_U_minus_M,uniform,64,p,43997,601,
selected_policy_U_minus_M,uniform,64,p,43997,602,
selected_policy_U_minus_M,uniform,64,p,43997,603,
selected_policy_U_minus_M,uniform,64,p,46219,601,
selected_policy_U_minus_M,uniform,64,p,46219,602,
selected_policy_U_minus_M,uniform,64,p,46219,603,
selected_policy_U_minus_M,uniform,64,objective,41843,601,
selected_policy_U_minus_M,uniform,64,objective,41843,602,
selected_policy_U_minus_M,uniform,64,objective,41843,603,
selected_policy_U_minus_M,uniform,64,objective,43997,601,
selected_policy_U_minus_M,uniform,64,objective,43997,602,
selected_policy_U_minus_M,uniform,64,objective,43997,603,
selected_policy_U_minus_M,uniform,64,objective,46219,601,
selected_policy_U_minus_M,uniform,64,objective,46219,602,
selected_policy_U_minus_M,uniform,64,objective,46219,603,
selected_policy_U_minus_M,uniform,64,train_nll,41843,601,-0.0884544849395752
selected_policy_U_minus_M,uniform,64,train_nll,41843,602,-0.03890645503997803
selected_policy_U_minus_M,uniform,64,train_nll,41843,603,-0.11681866645812988
selected_policy_U_minus_M,uniform,64,train_nll,43997,601,-0.10465526580810547
selected_policy_U_minus_M,uniform,64,train_nll,43997,602,-0.05817818641662598
selected_policy_U_minus_M,uniform,64,train_nll,43997,603,-0.13918542861938477
selected_policy_U_minus_M,uniform,64,train_nll,46219,601,-0.11970686912536621
selected_policy_U_minus_M,uniform,64,train_nll,46219,602,-0.040804386138916016
selected_policy_U_minus_M,uniform,64,train_nll,46219,603,-0.1177295446395874
selected_policy_U_minus_M,uniform,64,validation_nll,41843,601,-0.0178757905960083
selected_policy_U_minus_M,uniform,64,validation_nll,41843,602,-0.018397927284240723
selected_policy_U_minus_M,uniform,64,validation_nll,41843,603,-0.011289477348327637
selected_policy_U_minus_M,uniform,64,validation_nll,43997,601,-0.05189859867095947
selected_policy_U_minus_M,uniform,64,validation_nll,43997,602,-0.02564692497253418
selected_policy_U_minus_M,uniform,64,validation_nll,43997,603,-0.05681049823760986
selected_policy_U_minus_M,uniform,64,validation_nll,46219,601,-0.05324971675872803
selected_policy_U_minus_M,uniform,64,validation_nll,46219,602,-0.024964451789855957
selected_policy_U_minus_M,uniform,64,validation_nll,46219,603,-0.04406428337097168
selected_policy_U_minus_M,uniform,64,test_nll,41843,601,-0.03211700916290283
selected_policy_U_minus_M,uniform,64,test_nll,41843,602,-0.021265029907226562
selected_policy_U_minus_M,uniform,64,test_nll,41843,603,-0.02934575080871582
selected_policy_U_minus_M,uniform,64,test_nll,43997,601,-0.04159200191497803
selected_policy_U_minus_M,uniform,64,test_nll,43997,602,-0.026027679443359375
selected_policy_U_minus_M,uniform,64,test_nll,43997,603,-0.06536400318145752
selected_policy_U_minus_M,uniform,64,test_nll,46219,601,-0.051283836364746094
selected_policy_U_minus_M,uniform,64,test_nll,46219,602,-0.02667367458343506
selected_policy_U_minus_M,uniform,64,test_nll,46219,603,-0.0481562614440918
selected_policy_U_minus_M,uniform,64,train_instance_accuracy,41843,601,0.02392578125
selected_policy_U_minus_M,uniform,64,train_instance_accuracy,41843,602,0.0146484375
selected_policy_U_minus_M,uniform,64,train_instance_accuracy,41843,603,0.0341796875
selected_policy_U_minus_M,uniform,64,train_instance_accuracy,43997,601,0.03271484375
selected_policy_U_minus_M,uniform,64,train_instance_accuracy,43997,602,0.0244140625
selected_policy_U_minus_M,uniform,64,train_instance_accuracy,43997,603,0.041015625
selected_policy_U_minus_M,uniform,64,train_instance_accuracy,46219,601,0.02685546875
selected_policy_U_minus_M,uniform,64,train_instance_accuracy,46219,602,0.01416015625
selected_policy_U_minus_M,uniform,64,train_instance_accuracy,46219,603,0.0302734375
selected_policy_U_minus_M,uniform,64,clipping,41843,601,-0.25
selected_policy_U_minus_M,uniform,64,clipping,41843,602,-0.09999999999999998
selected_policy_U_minus_M,uniform,64,clipping,41843,603,-0.32499999999999996
selected_policy_U_minus_M,uniform,64,clipping,43997,601,-0.31875
selected_policy_U_minus_M,uniform,64,clipping,43997,602,-0.36250000000000004
selected_policy_U_minus_M,uniform,64,clipping,43997,603,-0.5125
selected_policy_U_minus_M,uniform,64,clipping,46219,601,-0.25625
selected_policy_U_minus_M,uniform,64,clipping,46219,602,-0.35
selected_policy_U_minus_M,uniform,64,clipping,46219,603,-0.40625
selected_policy_U_minus_M,uniform,64,total_gain,41843,601,-512.6822516918182
selected_policy_U_minus_M,uniform,64,total_gain,41843,602,-542.2093269824982
selected_policy_U_minus_M,uniform,64,total_gain,41843,603,-499.6972197294235
selected_policy_U_minus_M,uniform,64,total_gain,43997,601,-519.8476011753082
selected_policy_U_minus_M,uniform,64,total_gain,43997,602,-567.8471168279648
selected_policy_U_minus_M,uniform,64,total_gain,43997,603,-514.7776732444763
selected_policy_U_minus_M,uniform,64,total_gain,46219,601,-498.1823436021805
selected_policy_U_minus_M,uniform,64,total_gain,46219,602,-541.1687182188034
selected_policy_U_minus_M,uniform,64,total_gain,46219,603,-495.5149036645889
selected_policy_U_minus_M,uniform,64,negative_gain_fraction,41843,601,0.01171875
selected_policy_U_minus_M,uniform,64,negative_gain_fraction,41843,602,0.01171875
selected_policy_U_minus_M,uniform,64,negative_gain_fraction,41843,603,0.0078125
selected_policy_U_minus_M,uniform,64,negative_gain_fraction,43997,601,0.01171875
selected_policy_U_minus_M,uniform,64,negative_gain_fraction,43997,602,0.005859375
selected_policy_U_minus_M,uniform,64,negative_gain_fraction,43997,603,0.009765625
selected_policy_U_minus_M,uniform,64,negative_gain_fraction,46219,601,0.00390625
selected_policy_U_minus_M,uniform,64,negative_gain_fraction,46219,602,0.00390625
selected_policy_U_minus_M,uniform,64,negative_gain_fraction,46219,603,0.0078125
selected_policy_U_minus_M,uniform,128,p,41843,601,
selected_policy_U_minus_M,uniform,128,p,41843,602,
selected_policy_U_minus_M,uniform,128,p,41843,603,
selected_policy_U_minus_M,uniform,128,p,43997,601,
selected_policy_U_minus_M,uniform,128,p,43997,602,
selected_policy_U_minus_M,uniform,128,p,43997,603,
selected_policy_U_minus_M,uniform,128,p,46219,601,
selected_policy_U_minus_M,uniform,128,p,46219,602,
selected_policy_U_minus_M,uniform,128,p,46219,603,
selected_policy_U_minus_M,uniform,128,objective,41843,601,
selected_policy_U_minus_M,uniform,128,objective,41843,602,
selected_policy_U_minus_M,uniform,128,objective,41843,603,
selected_policy_U_minus_M,uniform,128,objective,43997,601,
selected_policy_U_minus_M,uniform,128,objective,43997,602,
selected_policy_U_minus_M,uniform,128,objective,43997,603,
selected_policy_U_minus_M,uniform,128,objective,46219,601,
selected_policy_U_minus_M,uniform,128,objective,46219,602,
selected_policy_U_minus_M,uniform,128,objective,46219,603,
selected_policy_U_minus_M,uniform,128,train_nll,41843,601,0.004128217697143555
selected_policy_U_minus_M,uniform,128,train_nll,41843,602,0.006700634956359863
selected_policy_U_minus_M,uniform,128,train_nll,41843,603,-0.00010883808135986328
selected_policy_U_minus_M,uniform,128,train_nll,43997,601,0.024580955505371094
selected_policy_U_minus_M,uniform,128,train_nll,43997,602,0.03234267234802246
selected_policy_U_minus_M,uniform,128,train_nll,43997,603,0.023219943046569824
selected_policy_U_minus_M,uniform,128,train_nll,46219,601,0.004862427711486816
selected_policy_U_minus_M,uniform,128,train_nll,46219,602,0.0071451663970947266
selected_policy_U_minus_M,uniform,128,train_nll,46219,603,0.006679415702819824
selected_policy_U_minus_M,uniform,128,validation_nll,41843,601,0.012564301490783691
selected_policy_U_minus_M,uniform,128,validation_nll,41843,602,-0.01907944679260254
selected_policy_U_minus_M,uniform,128,validation_nll,41843,603,-0.011800289154052734
selected_policy_U_minus_M,uniform,128,validation_nll,43997,601,0.024292826652526855
selected_policy_U_minus_M,uniform,128,validation_nll,43997,602,0.0031090974807739258
selected_policy_U_minus_M,uniform,128,validation_nll,43997,603,0.021184325218200684
selected_policy_U_minus_M,uniform,128,validation_nll,46219,601,0.03416240215301514
selected_policy_U_minus_M,uniform,128,validation_nll,46219,602,-0.007761478424072266
selected_policy_U_minus_M,uniform,128,validation_nll,46219,603,0.0021932125091552734
selected_policy_U_minus_M,uniform,128,test_nll,41843,601,0.018825769424438477
selected_policy_U_minus_M,uniform,128,test_nll,41843,602,-0.015844345092773438
selected_policy_U_minus_M,uniform,128,test_nll,41843,603,-0.007015109062194824
selected_policy_U_minus_M,uniform,128,test_nll,43997,601,0.018885016441345215
selected_policy_U_minus_M,uniform,128,test_nll,43997,602,-0.011587381362915039
selected_policy_U_minus_M,uniform,128,test_nll,43997,603,0.01165008544921875
selected_policy_U_minus_M,uniform,128,test_nll,46219,601,0.028790950775146484
selected_policy_U_minus_M,uniform,128,test_nll,46219,602,-0.0014448165893554688
selected_policy_U_minus_M,uniform,128,test_nll,46219,603,0.003959774971008301
selected_policy_U_minus_M,uniform,128,train_instance_accuracy,41843,601,0.00732421875
selected_policy_U_minus_M,uniform,128,train_instance_accuracy,41843,602,0.00390625
selected_policy_U_minus_M,uniform,128,train_instance_accuracy,41843,603,-0.00048828125
selected_policy_U_minus_M,uniform,128,train_instance_accuracy,43997,601,-0.00732421875
selected_policy_U_minus_M,uniform,128,train_instance_accuracy,43997,602,-0.01513671875
selected_policy_U_minus_M,uniform,128,train_instance_accuracy,43997,603,0.0048828125
selected_policy_U_minus_M,uniform,128,train_instance_accuracy,46219,601,0.01025390625
selected_policy_U_minus_M,uniform,128,train_instance_accuracy,46219,602,0.0029296875
selected_policy_U_minus_M,uniform,128,train_instance_accuracy,46219,603,-0.001953125
selected_policy_U_minus_M,uniform,128,clipping,41843,601,-0.46875
selected_policy_U_minus_M,uniform,128,clipping,41843,602,-0.49999999999999994
selected_policy_U_minus_M,uniform,128,clipping,41843,603,-0.49374999999999997
selected_policy_U_minus_M,uniform,128,clipping,43997,601,-0.58125
selected_policy_U_minus_M,uniform,128,clipping,43997,602,-0.63125
selected_policy_U_minus_M,uniform,128,clipping,43997,603,-0.55
selected_policy_U_minus_M,uniform,128,clipping,46219,601,-0.54375
selected_policy_U_minus_M,uniform,128,clipping,46219,602,-0.50625
selected_policy_U_minus_M,uniform,128,clipping,46219,603,-0.43125
selected_policy_U_minus_M,uniform,128,total_gain,41843,601,-1089.4864131212234
selected_policy_U_minus_M,uniform,128,total_gain,41843,602,-1091.5571061372757
selected_policy_U_minus_M,uniform,128,total_gain,41843,603,-1082.895012140274
selected_policy_U_minus_M,uniform,128,total_gain,43997,601,-1151.975988984108
selected_policy_U_minus_M,uniform,128,total_gain,43997,602,-1142.917124390602
selected_policy_U_minus_M,uniform,128,total_gain,43997,603,-1144.7404042482376
selected_policy_U_minus_M,uniform,128,total_gain,46219,601,-1103.360315322876
selected_policy_U_minus_M,uniform,128,total_gain,46219,602,-1105.745735526085
selected_policy_U_minus_M,uniform,128,total_gain,46219,603,-1113.2584233283997
selected_policy_U_minus_M,uniform,128,negative_gain_fraction,41843,601,0.05859375
selected_policy_U_minus_M,uniform,128,negative_gain_fraction,41843,602,0.0625
selected_policy_U_minus_M,uniform,128,negative_gain_fraction,41843,603,0.0546875
selected_policy_U_minus_M,uniform,128,negative_gain_fraction,43997,601,0.052734375
selected_policy_U_minus_M,uniform,128,negative_gain_fraction,43997,602,0.05078125
selected_policy_U_minus_M,uniform,128,negative_gain_fraction,43997,603,0.052734375
selected_policy_U_minus_M,uniform,128,negative_gain_fraction,46219,601,0.0625
selected_policy_U_minus_M,uniform,128,negative_gain_fraction,46219,602,0.05078125
selected_policy_U_minus_M,uniform,128,negative_gain_fraction,46219,603,0.04296875
selected_policy_U_minus_M,uniform,256,p,41843,601,
selected_policy_U_minus_M,uniform,256,p,41843,602,
selected_policy_U_minus_M,uniform,256,p,41843,603,
selected_policy_U_minus_M,uniform,256,p,43997,601,
selected_policy_U_minus_M,uniform,256,p,43997,602,
selected_policy_U_minus_M,uniform,256,p,43997,603,
selected_policy_U_minus_M,uniform,256,p,46219,601,
selected_policy_U_minus_M,uniform,256,p,46219,602,
selected_policy_U_minus_M,uniform,256,p,46219,603,
selected_policy_U_minus_M,uniform,256,objective,41843,601,
selected_policy_U_minus_M,uniform,256,objective,41843,602,
selected_policy_U_minus_M,uniform,256,objective,41843,603,
selected_policy_U_minus_M,uniform,256,objective,43997,601,
selected_policy_U_minus_M,uniform,256,objective,43997,602,
selected_policy_U_minus_M,uniform,256,objective,43997,603,
selected_policy_U_minus_M,uniform,256,objective,46219,601,
selected_policy_U_minus_M,uniform,256,objective,46219,602,
selected_policy_U_minus_M,uniform,256,objective,46219,603,
selected_policy_U_minus_M,uniform,256,train_nll,41843,601,0.41228747367858887
selected_policy_U_minus_M,uniform,256,train_nll,41843,602,0.4299657344818115
selected_policy_U_minus_M,uniform,256,train_nll,41843,603,0.46929073333740234
selected_policy_U_minus_M,uniform,256,train_nll,43997,601,0.4468461275100708
selected_policy_U_minus_M,uniform,256,train_nll,43997,602,0.6044443845748901
selected_policy_U_minus_M,uniform,256,train_nll,43997,603,0.5672134160995483
selected_policy_U_minus_M,uniform,256,train_nll,46219,601,0.4940589666366577
selected_policy_U_minus_M,uniform,256,train_nll,46219,602,0.527074933052063
selected_policy_U_minus_M,uniform,256,train_nll,46219,603,0.45796847343444824
selected_policy_U_minus_M,uniform,256,validation_nll,41843,601,0.12221217155456543
selected_policy_U_minus_M,uniform,256,validation_nll,41843,602,0.11927556991577148
selected_policy_U_minus_M,uniform,256,validation_nll,41843,603,0.0768897533416748
selected_policy_U_minus_M,uniform,256,validation_nll,43997,601,0.15501344203948975
selected_policy_U_minus_M,uniform,256,validation_nll,43997,602,0.2923445701599121
selected_policy_U_minus_M,uniform,256,validation_nll,43997,603,0.22223103046417236
selected_policy_U_minus_M,uniform,256,validation_nll,46219,601,0.16777276992797852
selected_policy_U_minus_M,uniform,256,validation_nll,46219,602,0.20436716079711914
selected_policy_U_minus_M,uniform,256,validation_nll,46219,603,0.12734830379486084
selected_policy_U_minus_M,uniform,256,test_nll,41843,601,0.14973270893096924
selected_policy_U_minus_M,uniform,256,test_nll,41843,602,0.14123642444610596
selected_policy_U_minus_M,uniform,256,test_nll,41843,603,0.11209321022033691
selected_policy_U_minus_M,uniform,256,test_nll,43997,601,0.13864564895629883
selected_policy_U_minus_M,uniform,256,test_nll,43997,602,0.2946178913116455
selected_policy_U_minus_M,uniform,256,test_nll,43997,603,0.23197054862976074
selected_policy_U_minus_M,uniform,256,test_nll,46219,601,0.1678144931793213
selected_policy_U_minus_M,uniform,256,test_nll,46219,602,0.18073534965515137
selected_policy_U_minus_M,uniform,256,test_nll,46219,603,0.1296471357345581
selected_policy_U_minus_M,uniform,256,train_instance_accuracy,41843,601,-0.044921875
selected_policy_U_minus_M,uniform,256,train_instance_accuracy,41843,602,-0.0615234375
selected_policy_U_minus_M,uniform,256,train_instance_accuracy,41843,603,-0.0654296875
selected_policy_U_minus_M,uniform,256,train_instance_accuracy,43997,601,-0.05810546875
selected_policy_U_minus_M,uniform,256,train_instance_accuracy,43997,602,-0.05419921875
selected_policy_U_minus_M,uniform,256,train_instance_accuracy,43997,603,-0.07666015625
selected_policy_U_minus_M,uniform,256,train_instance_accuracy,46219,601,-0.05908203125
selected_policy_U_minus_M,uniform,256,train_instance_accuracy,46219,602,-0.06298828125
selected_policy_U_minus_M,uniform,256,train_instance_accuracy,46219,603,-0.0712890625
selected_policy_U_minus_M,uniform,256,clipping,41843,601,-0.4625
selected_policy_U_minus_M,uniform,256,clipping,41843,602,-0.47083333333333327
selected_policy_U_minus_M,uniform,256,clipping,41843,603,-0.3604166666666666
selected_policy_U_minus_M,uniform,256,clipping,43997,601,-0.5
selected_policy_U_minus_M,uniform,256,clipping,43997,602,-0.44791666666666663
selected_policy_U_minus_M,uniform,256,clipping,43997,603,-0.54375
selected_policy_U_minus_M,uniform,256,clipping,46219,601,-0.47083333333333327
selected_policy_U_minus_M,uniform,256,clipping,46219,602,-0.44791666666666663
selected_policy_U_minus_M,uniform,256,clipping,46219,603,-0.3979166666666666
selected_policy_U_minus_M,uniform,256,total_gain,41843,601,-1975.4128700494766
selected_policy_U_minus_M,uniform,256,total_gain,41843,602,-1978.816717505455
selected_policy_U_minus_M,uniform,256,total_gain,41843,603,-2001.0852117538452
selected_policy_U_minus_M,uniform,256,total_gain,43997,601,-2070.4952092170715
selected_policy_U_minus_M,uniform,256,total_gain,43997,602,-2123.1157064437866
selected_policy_U_minus_M,uniform,256,total_gain,43997,603,-2104.9966316223145
selected_policy_U_minus_M,uniform,256,total_gain,46219,601,-2041.4375309944153
selected_policy_U_minus_M,uniform,256,total_gain,46219,602,-2056.0888262987137
selected_policy_U_minus_M,uniform,256,total_gain,46219,603,-2010.4338965415955
selected_policy_U_minus_M,uniform,256,negative_gain_fraction,41843,601,0.1796875
selected_policy_U_minus_M,uniform,256,negative_gain_fraction,41843,602,0.171875
selected_policy_U_minus_M,uniform,256,negative_gain_fraction,41843,603,0.173828125
selected_policy_U_minus_M,uniform,256,negative_gain_fraction,43997,601,0.25
selected_policy_U_minus_M,uniform,256,negative_gain_fraction,43997,602,0.220703125
selected_policy_U_minus_M,uniform,256,negative_gain_fraction,43997,603,0.138671875
selected_policy_U_minus_M,uniform,256,negative_gain_fraction,46219,601,0.1484375
selected_policy_U_minus_M,uniform,256,negative_gain_fraction,46219,602,0.1328125
selected_policy_U_minus_M,uniform,256,negative_gain_fraction,46219,603,0.146484375
S_optimizer_C30,random,64,p,41843,601,0.0
S_optimizer_C30,random,64,p,41843,602,0.0
S_optimizer_C30,random,64,p,41843,603,0.0
S_optimizer_C30,random,64,p,43997,601,0.0
S_optimizer_C30,random,64,p,43997,602,0.0
S_optimizer_C30,random,64,p,43997,603,0.0
S_optimizer_C30,random,64,p,46219,601,0.0
S_optimizer_C30,random,64,p,46219,602,0.0
S_optimizer_C30,random,64,p,46219,603,0.0
S_optimizer_C30,random,64,objective,41843,601,0.0
S_optimizer_C30,random,64,objective,41843,602,0.0
S_optimizer_C30,random,64,objective,41843,603,0.0
S_optimizer_C30,random,64,objective,43997,601,0.0
S_optimizer_C30,random,64,objective,43997,602,0.0
S_optimizer_C30,random,64,objective,43997,603,0.0
S_optimizer_C30,random,64,objective,46219,601,0.0
S_optimizer_C30,random,64,objective,46219,602,0.0
S_optimizer_C30,random,64,objective,46219,603,0.0
S_optimizer_C30,random,64,train_nll,41843,601,0.0
S_optimizer_C30,random,64,train_nll,41843,602,0.0
S_optimizer_C30,random,64,train_nll,41843,603,0.0
S_optimizer_C30,random,64,train_nll,43997,601,0.0
S_optimizer_C30,random,64,train_nll,43997,602,0.0
S_optimizer_C30,random,64,train_nll,43997,603,0.0
S_optimizer_C30,random,64,train_nll,46219,601,0.0
S_optimizer_C30,random,64,train_nll,46219,602,0.0
S_optimizer_C30,random,64,train_nll,46219,603,0.0
S_optimizer_C30,random,64,validation_nll,41843,601,0.0
S_optimizer_C30,random,64,validation_nll,41843,602,0.0
S_optimizer_C30,random,64,validation_nll,41843,603,0.0
S_optimizer_C30,random,64,validation_nll,43997,601,0.0
S_optimizer_C30,random,64,validation_nll,43997,602,0.0
S_optimizer_C30,random,64,validation_nll,43997,603,0.0
S_optimizer_C30,random,64,validation_nll,46219,601,0.0
S_optimizer_C30,random,64,validation_nll,46219,602,0.0
S_optimizer_C30,random,64,validation_nll,46219,603,0.0
S_optimizer_C30,random,64,test_nll,41843,601,0.0
S_optimizer_C30,random,64,test_nll,41843,602,0.0
S_optimizer_C30,random,64,test_nll,41843,603,0.0
S_optimizer_C30,random,64,test_nll,43997,601,0.0
S_optimizer_C30,random,64,test_nll,43997,602,0.0
S_optimizer_C30,random,64,test_nll,43997,603,0.0
S_optimizer_C30,random,64,test_nll,46219,601,0.0
S_optimizer_C30,random,64,test_nll,46219,602,0.0
S_optimizer_C30,random,64,test_nll,46219,603,0.0
S_optimizer_C30,random,64,train_instance_accuracy,41843,601,0.0
S_optimizer_C30,random,64,train_instance_accuracy,41843,602,0.0
S_optimizer_C30,random,64,train_instance_accuracy,41843,603,0.0
S_optimizer_C30,random,64,train_instance_accuracy,43997,601,0.0
S_optimizer_C30,random,64,train_instance_accuracy,43997,602,0.0
S_optimizer_C30,random,64,train_instance_accuracy,43997,603,0.0
S_optimizer_C30,random,64,train_instance_accuracy,46219,601,0.0
S_optimizer_C30,random,64,train_instance_accuracy,46219,602,0.0
S_optimizer_C30,random,64,train_instance_accuracy,46219,603,0.0
S_optimizer_C30,random,64,clipping,41843,601,0.0
S_optimizer_C30,random,64,clipping,41843,602,0.0
S_optimizer_C30,random,64,clipping,41843,603,0.0
S_optimizer_C30,random,64,clipping,43997,601,0.0
S_optimizer_C30,random,64,clipping,43997,602,0.0
S_optimizer_C30,random,64,clipping,43997,603,0.0
S_optimizer_C30,random,64,clipping,46219,601,0.0
S_optimizer_C30,random,64,clipping,46219,602,0.0
S_optimizer_C30,random,64,clipping,46219,603,0.0
S_optimizer_C30,random,64,total_gain,41843,601,0.0
S_optimizer_C30,random,64,total_gain,41843,602,0.0
S_optimizer_C30,random,64,total_gain,41843,603,0.0
S_optimizer_C30,random,64,total_gain,43997,601,0.0
S_optimizer_C30,random,64,total_gain,43997,602,0.0
S_optimizer_C30,random,64,total_gain,43997,603,0.0
S_optimizer_C30,random,64,total_gain,46219,601,0.0
S_optimizer_C30,random,64,total_gain,46219,602,0.0
S_optimizer_C30,random,64,total_gain,46219,603,0.0
S_optimizer_C30,random,64,negative_gain_fraction,41843,601,0.0
S_optimizer_C30,random,64,negative_gain_fraction,41843,602,0.0
S_optimizer_C30,random,64,negative_gain_fraction,41843,603,0.0
S_optimizer_C30,random,64,negative_gain_fraction,43997,601,0.0
S_optimizer_C30,random,64,negative_gain_fraction,43997,602,0.0
S_optimizer_C30,random,64,negative_gain_fraction,43997,603,0.0
S_optimizer_C30,random,64,negative_gain_fraction,46219,601,0.0
S_optimizer_C30,random,64,negative_gain_fraction,46219,602,0.0
S_optimizer_C30,random,64,negative_gain_fraction,46219,603,0.0
S_optimizer_C30,random,128,p,41843,601,0.10594867393163367
S_optimizer_C30,random,128,p,41843,602,0.11625314700558403
S_optimizer_C30,random,128,p,41843,603,0.10235060741948002
S_optimizer_C30,random,128,p,43997,601,0.10631226389277153
S_optimizer_C30,random,128,p,43997,602,0.09007457086651298
S_optimizer_C30,random,128,p,43997,603,0.10472684310059799
S_optimizer_C30,random,128,p,46219,601,0.10671755458484283
S_optimizer_C30,random,128,p,46219,602,0.10894420740585574
S_optimizer_C30,random,128,p,46219,603,0.09678901704076312
S_optimizer_C30,random,128,objective,41843,601,-0.0001253938148200857
S_optimizer_C30,random,128,objective,41843,602,-4.9140282833474686e-05
S_optimizer_C30,random,128,objective,41843,603,-0.00012673391163269205
S_optimizer_C30,random,128,objective,43997,601,-6.916966490937547e-05
S_optimizer_C30,random,128,objective,43997,602,-0.00014857951926328848
S_optimizer_C30,random,128,objective,43997,603,-9.635224842444359e-05
S_optimizer_C30,random,128,objective,46219,601,-6.238077183731281e-05
S_optimizer_C30,random,128,objective,46219,602,-5.527278541585023e-05
S_optimizer_C30,random,128,objective,46219,603,-8.314669499441157e-05
S_optimizer_C30,random,128,train_nll,41843,601,-0.19572019577026367
S_optimizer_C30,random,128,train_nll,41843,602,-0.17000854015350342
S_optimizer_C30,random,128,train_nll,41843,603,-0.16486728191375732
S_optimizer_C30,random,128,train_nll,43997,601,-0.1959080696105957
S_optimizer_C30,random,128,train_nll,43997,602,-0.22436261177062988
S_optimizer_C30,random,128,train_nll,43997,603,-0.16421818733215332
S_optimizer_C30,random,128,train_nll,46219,601,-0.168509840965271
S_optimizer_C30,random,128,train_nll,46219,602,-0.22774267196655273
S_optimizer_C30,random,128,train_nll,46219,603,-0.24904537200927734
S_optimizer_C30,random,128,validation_nll,41843,601,0.4312570095062256
S_optimizer_C30,random,128,validation_nll,41843,602,0.49526095390319824
S_optimizer_C30,random,128,validation_nll,41843,603,0.4562194347381592
S_optimizer_C30,random,128,validation_nll,43997,601,0.4798436164855957
S_optimizer_C30,random,128,validation_nll,43997,602,0.3747432231903076
S_optimizer_C30,random,128,validation_nll,43997,603,0.4083397388458252
S_optimizer_C30,random,128,validation_nll,46219,601,0.45041418075561523
S_optimizer_C30,random,128,validation_nll,46219,602,0.43046116828918457
S_optimizer_C30,random,128,validation_nll,46219,603,0.4275791645050049
S_optimizer_C30,random,128,test_nll,41843,601,0.4640812873840332
S_optimizer_C30,random,128,test_nll,41843,602,0.4600489139556885
S_optimizer_C30,random,128,test_nll,41843,603,0.4250617027282715
S_optimizer_C30,random,128,test_nll,43997,601,0.4801809787750244
S_optimizer_C30,random,128,test_nll,43997,602,0.34697532653808594
S_optimizer_C30,random,128,test_nll,43997,603,0.46996378898620605
S_optimizer_C30,random,128,test_nll,46219,601,0.4732811450958252
S_optimizer_C30,random,128,test_nll,46219,602,0.44083595275878906
S_optimizer_C30,random,128,test_nll,46219,603,0.40645933151245117
S_optimizer_C30,random,128,train_instance_accuracy,41843,601,0.171875
S_optimizer_C30,random,128,train_instance_accuracy,41843,602,0.1689453125
S_optimizer_C30,random,128,train_instance_accuracy,41843,603,0.17529296875
S_optimizer_C30,random,128,train_instance_accuracy,43997,601,0.19580078125
S_optimizer_C30,random,128,train_instance_accuracy,43997,602,0.16796875
S_optimizer_C30,random,128,train_instance_accuracy,43997,603,0.1875
S_optimizer_C30,random,128,train_instance_accuracy,46219,601,0.19189453125
S_optimizer_C30,random,128,train_instance_accuracy,46219,602,0.19189453125
S_optimizer_C30,random,128,train_instance_accuracy,46219,603,0.20263671875
S_optimizer_C30,random,128,clipping,41843,601,0.0
S_optimizer_C30,random,128,clipping,41843,602,0.0
S_optimizer_C30,random,128,clipping,41843,603,-0.002083333333333326
S_optimizer_C30,random,128,clipping,43997,601,0.0
S_optimizer_C30,random,128,clipping,43997,602,0.0
S_optimizer_C30,random,128,clipping,43997,603,0.0
S_optimizer_C30,random,128,clipping,46219,601,0.0
S_optimizer_C30,random,128,clipping,46219,602,0.0
S_optimizer_C30,random,128,clipping,46219,603,0.0
S_optimizer_C30,random,128,total_gain,41843,601,100.20880973339081
S_optimizer_C30,random,128,total_gain,41843,602,87.04432809352875
S_optimizer_C30,random,128,total_gain,41843,603,84.41209805011749
S_optimizer_C30,random,128,total_gain,43997,601,100.30495095252991
S_optimizer_C30,random,128,total_gain,43997,602,114.87367510795593
S_optimizer_C30,random,128,total_gain,43997,603,84.07982516288757
S_optimizer_C30,random,128,total_gain,46219,601,86.27708494663239
S_optimizer_C30,random,128,total_gain,46219,602,116.6042788028717
S_optimizer_C30,random,128,total_gain,46219,603,127.51116394996643
S_optimizer_C30,random,128,negative_gain_fraction,41843,601,0.009765625
S_optimizer_C30,random,128,negative_gain_fraction,41843,602,0.001953125
S_optimizer_C30,random,128,negative_gain_fraction,41843,603,0.00390625
S_optimizer_C30,random,128,negative_gain_fraction,43997,601,0.0
S_optimizer_C30,random,128,negative_gain_fraction,43997,602,0.0
S_optimizer_C30,random,128,negative_gain_fraction,43997,603,0.00390625
S_optimizer_C30,random,128,negative_gain_fraction,46219,601,0.0
S_optimizer_C30,random,128,negative_gain_fraction,46219,602,0.0
S_optimizer_C30,random,128,negative_gain_fraction,46219,603,0.009765625
S_optimizer_C30,random,256,p,41843,601,0.01276708591486625
S_optimizer_C30,random,256,p,41843,602,-0.00925038874120715
S_optimizer_C30,random,256,p,41843,603,-0.00038017473633639165
S_optimizer_C30,random,256,p,43997,601,-0.003006686183431362
S_optimizer_C30,random,256,p,43997,602,-0.00647673228752918
S_optimizer_C30,random,256,p,43997,603,-0.0037087582183352175
S_optimizer_C30,random,256,p,46219,601,-0.012883149289262597
S_optimizer_C30,random,256,p,46219,602,0.0022919108845291247
S_optimizer_C30,random,256,p,46219,603,-0.010575505276872899
S_optimizer_C30,random,256,objective,41843,601,2.991982804888923e-05
S_optimizer_C30,random,256,objective,41843,602,3.1954832661316435e-05
S_optimizer_C30,random,256,objective,41843,603,1.5141544960170268e-05
S_optimizer_C30,random,256,objective,43997,601,4.614494069772741e-05
S_optimizer_C30,random,256,objective,43997,602,3.395294610873079e-05
S_optimizer_C30,random,256,objective,43997,603,1.4275554738693798e-05
S_optimizer_C30,random,256,objective,46219,601,1.095355002822452e-05
S_optimizer_C30,random,256,objective,46219,602,2.8454296570770514e-05
S_optimizer_C30,random,256,objective,46219,603,2.7177126768972246e-05
S_optimizer_C30,random,256,train_nll,41843,601,0.06919372081756592
S_optimizer_C30,random,256,train_nll,41843,602,-0.1552715301513672
S_optimizer_C30,random,256,train_nll,41843,603,-0.03786909580230713
S_optimizer_C30,random,256,train_nll,43997,601,-0.1474400758743286
S_optimizer_C30,random,256,train_nll,43997,602,-0.12971150875091553
S_optimizer_C30,random,256,train_nll,43997,603,-0.11275315284729004
S_optimizer_C30,random,256,train_nll,46219,601,-0.13724160194396973
S_optimizer_C30,random,256,train_nll,46219,602,0.005431652069091797
S_optimizer_C30,random,256,train_nll,46219,603,-0.13121402263641357
S_optimizer_C30,random,256,validation_nll,41843,601,0.21196532249450684
S_optimizer_C30,random,256,validation_nll,41843,602,-0.039435386657714844
S_optimizer_C30,random,256,validation_nll,41843,603,0.07175946235656738
S_optimizer_C30,random,256,validation_nll,43997,601,0.06256389617919922
S_optimizer_C30,random,256,validation_nll,43997,602,-0.05012798309326172
S_optimizer_C30,random,256,validation_nll,43997,603,0.006339073181152344
S_optimizer_C30,random,256,validation_nll,46219,601,-0.06901168823242188
S_optimizer_C30,random,256,validation_nll,46219,602,0.16569852828979492
S_optimizer_C30,random,256,validation_nll,46219,603,0.014377593994140625
S_optimizer_C30,random,256,test_nll,41843,601,0.2361433506011963
S_optimizer_C30,random,256,test_nll,41843,602,-0.06002020835876465
S_optimizer_C30,random,256,test_nll,41843,603,0.08741927146911621
S_optimizer_C30,random,256,test_nll,43997,601,0.06795835494995117
S_optimizer_C30,random,256,test_nll,43997,602,-0.04247283935546875
S_optimizer_C30,random,256,test_nll,43997,603,-0.0390472412109375
S_optimizer_C30,random,256,test_nll,46219,601,-0.08322262763977051
S_optimizer_C30,random,256,test_nll,46219,602,0.12567782402038574
S_optimizer_C30,random,256,test_nll,46219,603,-0.04130291938781738
S_optimizer_C30,random,256,train_instance_accuracy,41843,601,0.00732421875
S_optimizer_C30,random,256,train_instance_accuracy,41843,602,0.02685546875
S_optimizer_C30,random,256,train_instance_accuracy,41843,603,0.0087890625
S_optimizer_C30,random,256,train_instance_accuracy,43997,601,0.04833984375
S_optimizer_C30,random,256,train_instance_accuracy,43997,602,0.02880859375
S_optimizer_C30,random,256,train_instance_accuracy,43997,603,0.02490234375
S_optimizer_C30,random,256,train_instance_accuracy,46219,601,0.033203125
S_optimizer_C30,random,256,train_instance_accuracy,46219,602,0.00146484375
S_optimizer_C30,random,256,train_instance_accuracy,46219,603,0.03173828125
S_optimizer_C30,random,256,clipping,41843,601,0.0
S_optimizer_C30,random,256,clipping,41843,602,0.0
S_optimizer_C30,random,256,clipping,41843,603,-0.002083333333333326
S_optimizer_C30,random,256,clipping,43997,601,0.0
S_optimizer_C30,random,256,clipping,43997,602,0.0
S_optimizer_C30,random,256,clipping,43997,603,0.0
S_optimizer_C30,random,256,clipping,46219,601,0.0
S_optimizer_C30,random,256,clipping,46219,602,0.0
S_optimizer_C30,random,256,clipping,46219,603,-0.002083333333333326
S_optimizer_C30,random,256,total_gain,41843,601,-35.42715620994568
S_optimizer_C30,random,256,total_gain,41843,602,79.4990074634552
S_optimizer_C30,random,256,total_gain,41843,603,19.38912546634674
S_optimizer_C30,random,256,total_gain,43997,601,75.48926329612732
S_optimizer_C30,random,256,total_gain,43997,602,66.41233623027802
S_optimizer_C30,random,256,total_gain,43997,603,57.72961688041687
S_optimizer_C30,random,256,total_gain,46219,601,70.26769781112671
S_optimizer_C30,random,256,total_gain,46219,602,-2.7810165882110596
S_optimizer_C30,random,256,total_gain,46219,603,67.18156480789185
S_optimizer_C30,random,256,negative_gain_fraction,41843,601,0.0
S_optimizer_C30,random,256,negative_gain_fraction,41843,602,0.0
S_optimizer_C30,random,256,negative_gain_fraction,41843,603,0.0
S_optimizer_C30,random,256,negative_gain_fraction,43997,601,0.0
S_optimizer_C30,random,256,negative_gain_fraction,43997,602,0.0
S_optimizer_C30,random,256,negative_gain_fraction,43997,603,0.0
S_optimizer_C30,random,256,negative_gain_fraction,46219,601,0.0
S_optimizer_C30,random,256,negative_gain_fraction,46219,602,0.0
S_optimizer_C30,random,256,negative_gain_fraction,46219,603,0.0
S_optimizer_C30,uniform,64,p,41843,601,
S_optimizer_C30,uniform,64,p,41843,602,
S_optimizer_C30,uniform,64,p,41843,603,
S_optimizer_C30,uniform,64,p,43997,601,
S_optimizer_C30,uniform,64,p,43997,602,
S_optimizer_C30,uniform,64,p,43997,603,
S_optimizer_C30,uniform,64,p,46219,601,
S_optimizer_C30,uniform,64,p,46219,602,
S_optimizer_C30,uniform,64,p,46219,603,
S_optimizer_C30,uniform,64,objective,41843,601,
S_optimizer_C30,uniform,64,objective,41843,602,
S_optimizer_C30,uniform,64,objective,41843,603,
S_optimizer_C30,uniform,64,objective,43997,601,
S_optimizer_C30,uniform,64,objective,43997,602,
S_optimizer_C30,uniform,64,objective,43997,603,
S_optimizer_C30,uniform,64,objective,46219,601,
S_optimizer_C30,uniform,64,objective,46219,602,
S_optimizer_C30,uniform,64,objective,46219,603,
S_optimizer_C30,uniform,64,train_nll,41843,601,0.0
S_optimizer_C30,uniform,64,train_nll,41843,602,0.0
S_optimizer_C30,uniform,64,train_nll,41843,603,0.0
S_optimizer_C30,uniform,64,train_nll,43997,601,0.0
S_optimizer_C30,uniform,64,train_nll,43997,602,0.0
S_optimizer_C30,uniform,64,train_nll,43997,603,0.0
S_optimizer_C30,uniform,64,train_nll,46219,601,0.0
S_optimizer_C30,uniform,64,train_nll,46219,602,0.0
S_optimizer_C30,uniform,64,train_nll,46219,603,0.0
S_optimizer_C30,uniform,64,validation_nll,41843,601,0.0
S_optimizer_C30,uniform,64,validation_nll,41843,602,0.0
S_optimizer_C30,uniform,64,validation_nll,41843,603,0.0
S_optimizer_C30,uniform,64,validation_nll,43997,601,0.0
S_optimizer_C30,uniform,64,validation_nll,43997,602,0.0
S_optimizer_C30,uniform,64,validation_nll,43997,603,0.0
S_optimizer_C30,uniform,64,validation_nll,46219,601,0.0
S_optimizer_C30,uniform,64,validation_nll,46219,602,0.0
S_optimizer_C30,uniform,64,validation_nll,46219,603,0.0
S_optimizer_C30,uniform,64,test_nll,41843,601,0.0
S_optimizer_C30,uniform,64,test_nll,41843,602,0.0
S_optimizer_C30,uniform,64,test_nll,41843,603,0.0
S_optimizer_C30,uniform,64,test_nll,43997,601,0.0
S_optimizer_C30,uniform,64,test_nll,43997,602,0.0
S_optimizer_C30,uniform,64,test_nll,43997,603,0.0
S_optimizer_C30,uniform,64,test_nll,46219,601,0.0
S_optimizer_C30,uniform,64,test_nll,46219,602,0.0
S_optimizer_C30,uniform,64,test_nll,46219,603,0.0
S_optimizer_C30,uniform,64,train_instance_accuracy,41843,601,0.0
S_optimizer_C30,uniform,64,train_instance_accuracy,41843,602,0.0
S_optimizer_C30,uniform,64,train_instance_accuracy,41843,603,0.0
S_optimizer_C30,uniform,64,train_instance_accuracy,43997,601,0.0
S_optimizer_C30,uniform,64,train_instance_accuracy,43997,602,0.0
S_optimizer_C30,uniform,64,train_instance_accuracy,43997,603,0.0
S_optimizer_C30,uniform,64,train_instance_accuracy,46219,601,0.0
S_optimizer_C30,uniform,64,train_instance_accuracy,46219,602,0.0
S_optimizer_C30,uniform,64,train_instance_accuracy,46219,603,0.0
S_optimizer_C30,uniform,64,clipping,41843,601,0.0
S_optimizer_C30,uniform,64,clipping,41843,602,0.0
S_optimizer_C30,uniform,64,clipping,41843,603,0.0
S_optimizer_C30,uniform,64,clipping,43997,601,0.0
S_optimizer_C30,uniform,64,clipping,43997,602,0.0
S_optimizer_C30,uniform,64,clipping,43997,603,0.0
S_optimizer_C30,uniform,64,clipping,46219,601,0.0
S_optimizer_C30,uniform,64,clipping,46219,602,0.0
S_optimizer_C30,uniform,64,clipping,46219,603,0.0
S_optimizer_C30,uniform,64,total_gain,41843,601,0.0
S_optimizer_C30,uniform,64,total_gain,41843,602,0.0
S_optimizer_C30,uniform,64,total_gain,41843,603,0.0
S_optimizer_C30,uniform,64,total_gain,43997,601,0.0
S_optimizer_C30,uniform,64,total_gain,43997,602,0.0
S_optimizer_C30,uniform,64,total_gain,43997,603,0.0
S_optimizer_C30,uniform,64,total_gain,46219,601,0.0
S_optimizer_C30,uniform,64,total_gain,46219,602,0.0
S_optimizer_C30,uniform,64,total_gain,46219,603,0.0
S_optimizer_C30,uniform,64,negative_gain_fraction,41843,601,0.0
S_optimizer_C30,uniform,64,negative_gain_fraction,41843,602,0.0
S_optimizer_C30,uniform,64,negative_gain_fraction,41843,603,0.0
S_optimizer_C30,uniform,64,negative_gain_fraction,43997,601,0.0
S_optimizer_C30,uniform,64,negative_gain_fraction,43997,602,0.0
S_optimizer_C30,uniform,64,negative_gain_fraction,43997,603,0.0
S_optimizer_C30,uniform,64,negative_gain_fraction,46219,601,0.0
S_optimizer_C30,uniform,64,negative_gain_fraction,46219,602,0.0
S_optimizer_C30,uniform,64,negative_gain_fraction,46219,603,0.0
S_optimizer_C30,uniform,128,p,41843,601,
S_optimizer_C30,uniform,128,p,41843,602,
S_optimizer_C30,uniform,128,p,41843,603,
S_optimizer_C30,uniform,128,p,43997,601,
S_optimizer_C30,uniform,128,p,43997,602,
S_optimizer_C30,uniform,128,p,43997,603,
S_optimizer_C30,uniform,128,p,46219,601,
S_optimizer_C30,uniform,128,p,46219,602,
S_optimizer_C30,uniform,128,p,46219,603,
S_optimizer_C30,uniform,128,objective,41843,601,
S_optimizer_C30,uniform,128,objective,41843,602,
S_optimizer_C30,uniform,128,objective,41843,603,
S_optimizer_C30,uniform,128,objective,43997,601,
S_optimizer_C30,uniform,128,objective,43997,602,
S_optimizer_C30,uniform,128,objective,43997,603,
S_optimizer_C30,uniform,128,objective,46219,601,
S_optimizer_C30,uniform,128,objective,46219,602,
S_optimizer_C30,uniform,128,objective,46219,603,
S_optimizer_C30,uniform,128,train_nll,41843,601,-0.7787271738052368
S_optimizer_C30,uniform,128,train_nll,41843,602,-0.7795438766479492
S_optimizer_C30,uniform,128,train_nll,41843,603,-0.8143021464347839
S_optimizer_C30,uniform,128,train_nll,43997,601,-0.7640237212181091
S_optimizer_C30,uniform,128,train_nll,43997,602,-0.8301740884780884
S_optimizer_C30,uniform,128,train_nll,43997,603,-0.8162833452224731
S_optimizer_C30,uniform,128,train_nll,46219,601,-0.8193668127059937
S_optimizer_C30,uniform,128,train_nll,46219,602,-0.762769877910614
S_optimizer_C30,uniform,128,train_nll,46219,603,-0.8320131897926331
S_optimizer_C30,uniform,128,validation_nll,41843,601,0.2374272346496582
S_optimizer_C30,uniform,128,validation_nll,41843,602,0.12777376174926758
S_optimizer_C30,uniform,128,validation_nll,41843,603,0.07769143581390381
S_optimizer_C30,uniform,128,validation_nll,43997,601,0.12552940845489502
S_optimizer_C30,uniform,128,validation_nll,43997,602,0.04848361015319824
S_optimizer_C30,uniform,128,validation_nll,43997,603,0.10534536838531494
S_optimizer_C30,uniform,128,validation_nll,46219,601,0.065329909324646
S_optimizer_C30,uniform,128,validation_nll,46219,602,0.04625582695007324
S_optimizer_C30,uniform,128,validation_nll,46219,603,0.16023635864257812
S_optimizer_C30,uniform,128,test_nll,41843,601,0.25375616550445557
S_optimizer_C30,uniform,128,test_nll,41843,602,0.1266700029373169
S_optimizer_C30,uniform,128,test_nll,41843,603,0.11471116542816162
S_optimizer_C30,uniform,128,test_nll,43997,601,0.12713980674743652
S_optimizer_C30,uniform,128,test_nll,43997,602,0.04518544673919678
S_optimizer_C30,uniform,128,test_nll,43997,603,0.11514592170715332
S_optimizer_C30,uniform,128,test_nll,46219,601,0.11787843704223633
S_optimizer_C30,uniform,128,test_nll,46219,602,0.057828545570373535
S_optimizer_C30,uniform,128,test_nll,46219,603,0.15818250179290771
S_optimizer_C30,uniform,128,train_instance_accuracy,41843,601,0.3037109375
S_optimizer_C30,uniform,128,train_instance_accuracy,41843,602,0.3017578125
S_optimizer_C30,uniform,128,train_instance_accuracy,41843,603,0.328125
S_optimizer_C30,uniform,128,train_instance_accuracy,43997,601,0.32275390625
S_optimizer_C30,uniform,128,train_instance_accuracy,43997,602,0.36328125
S_optimizer_C30,uniform,128,train_instance_accuracy,43997,603,0.361328125
S_optimizer_C30,uniform,128,train_instance_accuracy,46219,601,0.3447265625
S_optimizer_C30,uniform,128,train_instance_accuracy,46219,602,0.29443359375
S_optimizer_C30,uniform,128,train_instance_accuracy,46219,603,0.39501953125
S_optimizer_C30,uniform,128,clipping,41843,601,-0.01666666666666672
S_optimizer_C30,uniform,128,clipping,41843,602,-0.008333333333333304
S_optimizer_C30,uniform,128,clipping,41843,603,-0.014583333333333393
S_optimizer_C30,uniform,128,clipping,43997,601,-0.008333333333333304
S_optimizer_C30,uniform,128,clipping,43997,602,-0.004166666666666652
S_optimizer_C30,uniform,128,clipping,43997,603,-0.014583333333333282
S_optimizer_C30,uniform,128,clipping,46219,601,-0.008333333333333304
S_optimizer_C30,uniform,128,clipping,46219,602,-0.006249999999999978
S_optimizer_C30,uniform,128,clipping,46219,603,-0.006249999999999978
S_optimizer_C30,uniform,128,total_gain,41843,601,398.7083786725998
S_optimizer_C30,uniform,128,total_gain,41843,602,399.12645065784454
S_optimizer_C30,uniform,128,total_gain,41843,603,416.92270970344543
S_optimizer_C30,uniform,128,total_gain,43997,601,391.1800719499588
S_optimizer_C30,uniform,128,total_gain,43997,602,425.04917681217194
S_optimizer_C30,uniform,128,total_gain,43997,603,417.93703031539917
S_optimizer_C30,uniform,128,total_gain,46219,601,419.5158334970474
S_optimizer_C30,uniform,128,total_gain,46219,602,390.5381815433502
S_optimizer_C30,uniform,128,total_gain,46219,603,425.9908516407013
S_optimizer_C30,uniform,128,negative_gain_fraction,41843,601,0.0
S_optimizer_C30,uniform,128,negative_gain_fraction,41843,602,0.0
S_optimizer_C30,uniform,128,negative_gain_fraction,41843,603,0.0
S_optimizer_C30,uniform,128,negative_gain_fraction,43997,601,0.0
S_optimizer_C30,uniform,128,negative_gain_fraction,43997,602,0.0
S_optimizer_C30,uniform,128,negative_gain_fraction,43997,603,0.0
S_optimizer_C30,uniform,128,negative_gain_fraction,46219,601,0.0
S_optimizer_C30,uniform,128,negative_gain_fraction,46219,602,0.0
S_optimizer_C30,uniform,128,negative_gain_fraction,46219,603,0.0
S_optimizer_C30,uniform,256,p,41843,601,
S_optimizer_C30,uniform,256,p,41843,602,
S_optimizer_C30,uniform,256,p,41843,603,
S_optimizer_C30,uniform,256,p,43997,601,
S_optimizer_C30,uniform,256,p,43997,602,
S_optimizer_C30,uniform,256,p,43997,603,
S_optimizer_C30,uniform,256,p,46219,601,
S_optimizer_C30,uniform,256,p,46219,602,
S_optimizer_C30,uniform,256,p,46219,603,
S_optimizer_C30,uniform,256,objective,41843,601,
S_optimizer_C30,uniform,256,objective,41843,602,
S_optimizer_C30,uniform,256,objective,41843,603,
S_optimizer_C30,uniform,256,objective,43997,601,
S_optimizer_C30,uniform,256,objective,43997,602,
S_optimizer_C30,uniform,256,objective,43997,603,
S_optimizer_C30,uniform,256,objective,46219,601,
S_optimizer_C30,uniform,256,objective,46219,602,
S_optimizer_C30,uniform,256,objective,46219,603,
S_optimizer_C30,uniform,256,train_nll,41843,601,-0.22934994101524353
S_optimizer_C30,uniform,256,train_nll,41843,602,-0.31121641397476196
S_optimizer_C30,uniform,256,train_nll,41843,603,-0.27030961215496063
S_optimizer_C30,uniform,256,train_nll,43997,601,-0.2978808134794235
S_optimizer_C30,uniform,256,train_nll,43997,602,-0.19249409437179565
S_optimizer_C30,uniform,256,train_nll,43997,603,-0.22686804831027985
S_optimizer_C30,uniform,256,train_nll,46219,601,-0.262089267373085
S_optimizer_C30,uniform,256,train_nll,46219,602,-0.2603394687175751
S_optimizer_C30,uniform,256,train_nll,46219,603,-0.30626435577869415
S_optimizer_C30,uniform,256,validation_nll,41843,601,0.14899516105651855
S_optimizer_C30,uniform,256,validation_nll,41843,602,0.14234519004821777
S_optimizer_C30,uniform,256,validation_nll,41843,603,0.11289918422698975
S_optimizer_C30,uniform,256,validation_nll,43997,601,0.15241503715515137
S_optimizer_C30,uniform,256,validation_nll,43997,602,0.21303105354309082
S_optimizer_C30,uniform,256,validation_nll,43997,603,0.0936286449432373
S_optimizer_C30,uniform,256,validation_nll,46219,601,0.1879117488861084
S_optimizer_C30,uniform,256,validation_nll,46219,602,0.24120712280273438
S_optimizer_C30,uniform,256,validation_nll,46219,603,0.2158973217010498
S_optimizer_C30,uniform,256,test_nll,41843,601,0.15167665481567383
S_optimizer_C30,uniform,256,test_nll,41843,602,0.14031243324279785
S_optimizer_C30,uniform,256,test_nll,41843,603,0.218969464302063
S_optimizer_C30,uniform,256,test_nll,43997,601,0.05059957504272461
S_optimizer_C30,uniform,256,test_nll,43997,602,0.21441411972045898
S_optimizer_C30,uniform,256,test_nll,43997,603,0.0935523509979248
S_optimizer_C30,uniform,256,test_nll,46219,601,0.1730813980102539
S_optimizer_C30,uniform,256,test_nll,46219,602,0.26282644271850586
S_optimizer_C30,uniform,256,test_nll,46219,603,0.19582009315490723
S_optimizer_C30,uniform,256,train_instance_accuracy,41843,601,0.18359375
S_optimizer_C30,uniform,256,train_instance_accuracy,41843,602,0.25830078125
S_optimizer_C30,uniform,256,train_instance_accuracy,41843,603,0.2314453125
S_optimizer_C30,uniform,256,train_instance_accuracy,43997,601,0.2734375
S_optimizer_C30,uniform,256,train_instance_accuracy,43997,602,0.18115234375
S_optimizer_C30,uniform,256,train_instance_accuracy,43997,603,0.1875
S_optimizer_C30,uniform,256,train_instance_accuracy,46219,601,0.22998046875
S_optimizer_C30,uniform,256,train_instance_accuracy,46219,602,0.22265625
S_optimizer_C30,uniform,256,train_instance_accuracy,46219,603,0.263671875
S_optimizer_C30,uniform,256,clipping,41843,601,-0.004166666666666652
S_optimizer_C30,uniform,256,clipping,41843,602,-0.006249999999999978
S_optimizer_C30,uniform,256,clipping,41843,603,0.006250000000000089
S_optimizer_C30,uniform,256,clipping,43997,601,-0.006249999999999978
S_optimizer_C30,uniform,256,clipping,43997,602,-0.006249999999999978
S_optimizer_C30,uniform,256,clipping,43997,603,0.0
S_optimizer_C30,uniform,256,clipping,46219,601,0.0
S_optimizer_C30,uniform,256,clipping,46219,602,-0.006249999999999978
S_optimizer_C30,uniform,256,clipping,46219,603,0.002083333333333326
S_optimizer_C30,uniform,256,total_gain,41843,601,117.4271731376648
S_optimizer_C30,uniform,256,total_gain,41843,602,159.3428030014038
S_optimizer_C30,uniform,256,total_gain,41843,603,138.39852714538574
S_optimizer_C30,uniform,256,total_gain,43997,601,152.51495671272278
S_optimizer_C30,uniform,256,total_gain,43997,602,98.55698466300964
S_optimizer_C30,uniform,256,total_gain,43997,603,116.15643572807312
S_optimizer_C30,uniform,256,total_gain,46219,601,134.18970704078674
S_optimizer_C30,uniform,256,total_gain,46219,602,133.2938051223755
S_optimizer_C30,uniform,256,total_gain,46219,603,156.80734872817993
S_optimizer_C30,uniform,256,negative_gain_fraction,41843,601,0.0
S_optimizer_C30,uniform,256,negative_gain_fraction,41843,602,0.0
S_optimizer_C30,uniform,256,negative_gain_fraction,41843,603,0.0
S_optimizer_C30,uniform,256,negative_gain_fraction,43997,601,0.0
S_optimizer_C30,uniform,256,negative_gain_fraction,43997,602,0.0
S_optimizer_C30,uniform,256,negative_gain_fraction,43997,603,0.0
S_optimizer_C30,uniform,256,negative_gain_fraction,46219,601,0.0
S_optimizer_C30,uniform,256,negative_gain_fraction,46219,602,0.0
S_optimizer_C30,uniform,256,negative_gain_fraction,46219,603,0.0
S_duration_F,random,64,p,41843,601,0.0
S_duration_F,random,64,p,41843,602,0.0
S_duration_F,random,64,p,41843,603,0.0
S_duration_F,random,64,p,43997,601,0.0
S_duration_F,random,64,p,43997,602,0.0
S_duration_F,random,64,p,43997,603,0.0
S_duration_F,random,64,p,46219,601,0.0
S_duration_F,random,64,p,46219,602,0.0
S_duration_F,random,64,p,46219,603,0.0
S_duration_F,random,64,objective,41843,601,0.0
S_duration_F,random,64,objective,41843,602,0.0
S_duration_F,random,64,objective,41843,603,0.0
S_duration_F,random,64,objective,43997,601,0.0
S_duration_F,random,64,objective,43997,602,0.0
S_duration_F,random,64,objective,43997,603,0.0
S_duration_F,random,64,objective,46219,601,0.0
S_duration_F,random,64,objective,46219,602,0.0
S_duration_F,random,64,objective,46219,603,0.0
S_duration_F,random,64,train_nll,41843,601,0.0
S_duration_F,random,64,train_nll,41843,602,0.0
S_duration_F,random,64,train_nll,41843,603,0.0
S_duration_F,random,64,train_nll,43997,601,0.0
S_duration_F,random,64,train_nll,43997,602,0.0
S_duration_F,random,64,train_nll,43997,603,0.0
S_duration_F,random,64,train_nll,46219,601,0.0
S_duration_F,random,64,train_nll,46219,602,0.0
S_duration_F,random,64,train_nll,46219,603,0.0
S_duration_F,random,64,validation_nll,41843,601,0.0
S_duration_F,random,64,validation_nll,41843,602,0.0
S_duration_F,random,64,validation_nll,41843,603,0.0
S_duration_F,random,64,validation_nll,43997,601,0.0
S_duration_F,random,64,validation_nll,43997,602,0.0
S_duration_F,random,64,validation_nll,43997,603,0.0
S_duration_F,random,64,validation_nll,46219,601,0.0
S_duration_F,random,64,validation_nll,46219,602,0.0
S_duration_F,random,64,validation_nll,46219,603,0.0
S_duration_F,random,64,test_nll,41843,601,0.0
S_duration_F,random,64,test_nll,41843,602,0.0
S_duration_F,random,64,test_nll,41843,603,0.0
S_duration_F,random,64,test_nll,43997,601,0.0
S_duration_F,random,64,test_nll,43997,602,0.0
S_duration_F,random,64,test_nll,43997,603,0.0
S_duration_F,random,64,test_nll,46219,601,0.0
S_duration_F,random,64,test_nll,46219,602,0.0
S_duration_F,random,64,test_nll,46219,603,0.0
S_duration_F,random,64,train_instance_accuracy,41843,601,0.0
S_duration_F,random,64,train_instance_accuracy,41843,602,0.0
S_duration_F,random,64,train_instance_accuracy,41843,603,0.0
S_duration_F,random,64,train_instance_accuracy,43997,601,0.0
S_duration_F,random,64,train_instance_accuracy,43997,602,0.0
S_duration_F,random,64,train_instance_accuracy,43997,603,0.0
S_duration_F,random,64,train_instance_accuracy,46219,601,0.0
S_duration_F,random,64,train_instance_accuracy,46219,602,0.0
S_duration_F,random,64,train_instance_accuracy,46219,603,0.0
S_duration_F,random,64,clipping,41843,601,0.0
S_duration_F,random,64,clipping,41843,602,0.0
S_duration_F,random,64,clipping,41843,603,0.0
S_duration_F,random,64,clipping,43997,601,0.0
S_duration_F,random,64,clipping,43997,602,0.0
S_duration_F,random,64,clipping,43997,603,0.0
S_duration_F,random,64,clipping,46219,601,0.0
S_duration_F,random,64,clipping,46219,602,0.0
S_duration_F,random,64,clipping,46219,603,0.0
S_duration_F,random,64,total_gain,41843,601,0.0
S_duration_F,random,64,total_gain,41843,602,0.0
S_duration_F,random,64,total_gain,41843,603,0.0
S_duration_F,random,64,total_gain,43997,601,0.0
S_duration_F,random,64,total_gain,43997,602,0.0
S_duration_F,random,64,total_gain,43997,603,0.0
S_duration_F,random,64,total_gain,46219,601,0.0
S_duration_F,random,64,total_gain,46219,602,0.0
S_duration_F,random,64,total_gain,46219,603,0.0
S_duration_F,random,64,negative_gain_fraction,41843,601,0.0
S_duration_F,random,64,negative_gain_fraction,41843,602,0.0
S_duration_F,random,64,negative_gain_fraction,41843,603,0.0
S_duration_F,random,64,negative_gain_fraction,43997,601,0.0
S_duration_F,random,64,negative_gain_fraction,43997,602,0.0
S_duration_F,random,64,negative_gain_fraction,43997,603,0.0
S_duration_F,random,64,negative_gain_fraction,46219,601,0.0
S_duration_F,random,64,negative_gain_fraction,46219,602,0.0
S_duration_F,random,64,negative_gain_fraction,46219,603,0.0
S_duration_F,random,128,p,41843,601,-0.0708668100804208
S_duration_F,random,128,p,41843,602,-0.07053964478944286
S_duration_F,random,128,p,41843,603,-0.08042531972839406
S_duration_F,random,128,p,43997,601,-0.07103879500342411
S_duration_F,random,128,p,43997,602,-0.06996050582810426
S_duration_F,random,128,p,43997,603,-0.06889871242792098
S_duration_F,random,128,p,46219,601,-0.07467362013665108
S_duration_F,random,128,p,46219,602,-0.0648264549536961
S_duration_F,random,128,p,46219,603,-0.07333589019695441
S_duration_F,random,128,objective,41843,601,-0.00016818181108259892
S_duration_F,random,128,objective,41843,602,-9.845484106929024e-05
S_duration_F,random,128,objective,41843,603,-0.00023689749515840277
S_duration_F,random,128,objective,43997,601,-0.00015221157159120506
S_duration_F,random,128,objective,43997,602,-0.00017756616289925817
S_duration_F,random,128,objective,43997,603,-0.00013796592224894695
S_duration_F,random,128,objective,46219,601,-0.00013100905530771042
S_duration_F,random,128,objective,46219,602,-0.00013139567790639503
S_duration_F,random,128,objective,46219,603,-0.00017156598701519276
S_duration_F,random,128,train_nll,41843,601,0.2662820816040039
S_duration_F,random,128,train_nll,41843,602,0.22887694835662842
S_duration_F,random,128,train_nll,41843,603,0.21249902248382568
S_duration_F,random,128,train_nll,43997,601,0.25789952278137207
S_duration_F,random,128,train_nll,43997,602,0.2806435823440552
S_duration_F,random,128,train_nll,43997,603,0.22465014457702637
S_duration_F,random,128,train_nll,46219,601,0.2235633134841919
S_duration_F,random,128,train_nll,46219,602,0.26018834114074707
S_duration_F,random,128,train_nll,46219,603,0.24730265140533447
S_duration_F,random,128,validation_nll,41843,601,-0.03876066207885742
S_duration_F,random,128,validation_nll,41843,602,-0.10557389259338379
S_duration_F,random,128,validation_nll,41843,603,-0.13287615776062012
S_duration_F,random,128,validation_nll,43997,601,-0.07432913780212402
S_duration_F,random,128,validation_nll,43997,602,-0.028911352157592773
S_duration_F,random,128,validation_nll,43997,603,-0.07775688171386719
S_duration_F,random,128,validation_nll,46219,601,-0.09900712966918945
S_duration_F,random,128,validation_nll,46219,602,-0.025521039962768555
S_duration_F,random,128,validation_nll,46219,603,-0.08498024940490723
S_duration_F,random,128,test_nll,41843,601,-0.045204877853393555
S_duration_F,random,128,test_nll,41843,602,-0.09709429740905762
S_duration_F,random,128,test_nll,41843,603,-0.09692192077636719
S_duration_F,random,128,test_nll,43997,601,-0.07623529434204102
S_duration_F,random,128,test_nll,43997,602,-0.05133700370788574
S_duration_F,random,128,test_nll,43997,603,-0.08659863471984863
S_duration_F,random,128,test_nll,46219,601,-0.10893845558166504
S_duration_F,random,128,test_nll,46219,602,-0.020589590072631836
S_duration_F,random,128,test_nll,46219,603,-0.08713483810424805
S_duration_F,random,128,train_instance_accuracy,41843,601,-0.12451171875
S_duration_F,random,128,train_instance_accuracy,41843,602,-0.1015625
S_duration_F,random,128,train_instance_accuracy,41843,603,-0.107421875
S_duration_F,random,128,train_instance_accuracy,43997,601,-0.12451171875
S_duration_F,random,128,train_instance_accuracy,43997,602,-0.1171875
S_duration_F,random,128,train_instance_accuracy,43997,603,-0.09814453125
S_duration_F,random,128,train_instance_accuracy,46219,601,-0.1103515625
S_duration_F,random,128,train_instance_accuracy,46219,602,-0.11279296875
S_duration_F,random,128,train_instance_accuracy,46219,603,-0.1123046875
S_duration_F,random,128,clipping,41843,601,0.0
S_duration_F,random,128,clipping,41843,602,0.0
S_duration_F,random,128,clipping,41843,603,-0.004166666666666652
S_duration_F,random,128,clipping,43997,601,0.0
S_duration_F,random,128,clipping,43997,602,0.0
S_duration_F,random,128,clipping,43997,603,-0.004166666666666652
S_duration_F,random,128,clipping,46219,601,0.0
S_duration_F,random,128,clipping,46219,602,0.0
S_duration_F,random,128,clipping,46219,603,-0.004166666666666652
S_duration_F,random,128,total_gain,41843,601,-136.33644318580627
S_duration_F,random,128,total_gain,41843,602,-117.18505203723907
S_duration_F,random,128,total_gain,41843,603,-108.79947066307068
S_duration_F,random,128,total_gain,43997,601,-132.04445803165436
S_duration_F,random,128,total_gain,43997,602,-143.6895294189453
S_duration_F,random,128,total_gain,43997,603,-115.02079224586487
S_duration_F,random,128,total_gain,46219,601,-114.46434605121613
S_duration_F,random,128,total_gain,46219,602,-133.2164545059204
S_duration_F,random,128,total_gain,46219,603,-126.61899018287659
S_duration_F,random,128,negative_gain_fraction,41843,601,0.0
S_duration_F,random,128,negative_gain_fraction,41843,602,0.0
S_duration_F,random,128,negative_gain_fraction,41843,603,0.0
S_duration_F,random,128,negative_gain_fraction,43997,601,0.0
S_duration_F,random,128,negative_gain_fraction,43997,602,0.0
S_duration_F,random,128,negative_gain_fraction,43997,603,0.0
S_duration_F,random,128,negative_gain_fraction,46219,601,0.0
S_duration_F,random,128,negative_gain_fraction,46219,602,-0.001953125
S_duration_F,random,128,negative_gain_fraction,46219,603,0.0
S_duration_F,random,256,p,41843,601,-0.10330976740326503
S_duration_F,random,256,p,41843,602,-0.11197630396504843
S_duration_F,random,256,p,41843,603,-0.10958314026326199
S_duration_F,random,256,p,43997,601,-0.10613474691624517
S_duration_F,random,256,p,43997,602,-0.09190966288759622
S_duration_F,random,256,p,43997,603,-0.10634090880964682
S_duration_F,random,256,p,46219,601,-0.1132580698306366
S_duration_F,random,256,p,46219,602,-0.09925617607295448
S_duration_F,random,256,p,46219,603,-0.11486712941391398
S_duration_F,random,256,objective,41843,601,-1.0042698606306295e-05
S_duration_F,random,256,objective,41843,602,-4.19556309417722e-05
S_duration_F,random,256,objective,41843,603,-2.7668356635828677e-06
S_duration_F,random,256,objective,43997,601,-3.431373475802407e-05
S_duration_F,random,256,objective,43997,602,-6.673999459024808e-06
S_duration_F,random,256,objective,43997,603,-2.63356799505486e-05
S_duration_F,random,256,objective,46219,601,-4.8999679365805185e-05
S_duration_F,random,256,objective,46219,602,-4.6366549256083225e-05
S_duration_F,random,256,objective,46219,603,-5.3412951370884e-05
S_duration_F,random,256,train_nll,41843,601,0.5110714435577393
S_duration_F,random,256,train_nll,41843,602,0.42720067501068115
S_duration_F,random,256,train_nll,41843,603,0.4172898530960083
S_duration_F,random,256,train_nll,43997,601,0.42916178703308105
S_duration_F,random,256,train_nll,43997,602,0.6309514045715332
S_duration_F,random,256,train_nll,43997,603,0.39092886447906494
S_duration_F,random,256,train_nll,46219,601,0.4624969959259033
S_duration_F,random,256,train_nll,46219,602,0.6040012836456299
S_duration_F,random,256,train_nll,46219,603,0.3717529773712158
S_duration_F,random,256,validation_nll,41843,601,-0.6023716926574707
S_duration_F,random,256,validation_nll,41843,602,-0.7150754928588867
S_duration_F,random,256,validation_nll,41843,603,-0.7401974201202393
S_duration_F,random,256,validation_nll,43997,601,-0.6327402591705322
S_duration_F,random,256,validation_nll,43997,602,-0.5529985427856445
S_duration_F,random,256,validation_nll,43997,603,-0.7105637788772583
S_duration_F,random,256,validation_nll,46219,601,-0.7364906072616577
S_duration_F,random,256,validation_nll,46219,602,-0.5975403785705566
S_duration_F,random,256,validation_nll,46219,603,-0.7553427219390869
S_duration_F,random,256,test_nll,41843,601,-0.646958589553833
S_duration_F,random,256,test_nll,41843,602,-0.6754837036132812
S_duration_F,random,256,test_nll,41843,603,-0.7377674579620361
S_duration_F,random,256,test_nll,43997,601,-0.6733260154724121
S_duration_F,random,256,test_nll,43997,602,-0.564885139465332
S_duration_F,random,256,test_nll,43997,603,-0.7746739387512207
S_duration_F,random,256,test_nll,46219,601,-0.7785964012145996
S_duration_F,random,256,test_nll,46219,602,-0.6370618343353271
S_duration_F,random,256,test_nll,46219,603,-0.7828974723815918
S_duration_F,random,256,train_instance_accuracy,41843,601,-0.33740234375
S_duration_F,random,256,train_instance_accuracy,41843,602,-0.318359375
S_duration_F,random,256,train_instance_accuracy,41843,603,-0.34326171875
S_duration_F,random,256,train_instance_accuracy,43997,601,-0.34228515625
S_duration_F,random,256,train_instance_accuracy,43997,602,-0.37890625
S_duration_F,random,256,train_instance_accuracy,43997,603,-0.34423828125
S_duration_F,random,256,train_instance_accuracy,46219,601,-0.35791015625
S_duration_F,random,256,train_instance_accuracy,46219,602,-0.3720703125
S_duration_F,random,256,train_instance_accuracy,46219,603,-0.33251953125
S_duration_F,random,256,clipping,41843,601,0.0
S_duration_F,random,256,clipping,41843,602,0.0
S_duration_F,random,256,clipping,41843,603,-0.004166666666666652
S_duration_F,random,256,clipping,43997,601,0.0
S_duration_F,random,256,clipping,43997,602,0.0
S_duration_F,random,256,clipping,43997,603,-0.004166666666666652
S_duration_F,random,256,clipping,46219,601,0.0
S_duration_F,random,256,clipping,46219,602,0.0
S_duration_F,random,256,clipping,46219,603,-0.004166666666666652
S_duration_F,random,256,total_gain,41843,601,-261.66848170757294
S_duration_F,random,256,total_gain,41843,602,-218.72674524784088
S_duration_F,random,256,total_gain,41843,603,-213.6522899866104
S_duration_F,random,256,total_gain,43997,601,-219.73087751865387
S_duration_F,random,256,total_gain,43997,602,-323.04705119132996
S_duration_F,random,256,total_gain,43997,603,-200.1555531024933
S_duration_F,random,256,total_gain,46219,601,-236.79840397834778
S_duration_F,random,256,total_gain,46219,602,-309.2486788034439
S_duration_F,random,256,total_gain,46219,603,-190.33752989768982
S_duration_F,random,256,negative_gain_fraction,41843,601,0.0
S_duration_F,random,256,negative_gain_fraction,41843,602,0.0
S_duration_F,random,256,negative_gain_fraction,41843,603,0.0
S_duration_F,random,256,negative_gain_fraction,43997,601,0.0
S_duration_F,random,256,negative_gain_fraction,43997,602,0.0
S_duration_F,random,256,negative_gain_fraction,43997,603,0.0
S_duration_F,random,256,negative_gain_fraction,46219,601,0.0
S_duration_F,random,256,negative_gain_fraction,46219,602,0.0
S_duration_F,random,256,negative_gain_fraction,46219,603,0.0
S_duration_F,uniform,64,p,41843,601,
S_duration_F,uniform,64,p,41843,602,
S_duration_F,uniform,64,p,41843,603,
S_duration_F,uniform,64,p,43997,601,
S_duration_F,uniform,64,p,43997,602,
S_duration_F,uniform,64,p,43997,603,
S_duration_F,uniform,64,p,46219,601,
S_duration_F,uniform,64,p,46219,602,
S_duration_F,uniform,64,p,46219,603,
S_duration_F,uniform,64,objective,41843,601,
S_duration_F,uniform,64,objective,41843,602,
S_duration_F,uniform,64,objective,41843,603,
S_duration_F,uniform,64,objective,43997,601,
S_duration_F,uniform,64,objective,43997,602,
S_duration_F,uniform,64,objective,43997,603,
S_duration_F,uniform,64,objective,46219,601,
S_duration_F,uniform,64,objective,46219,602,
S_duration_F,uniform,64,objective,46219,603,
S_duration_F,uniform,64,train_nll,41843,601,0.0
S_duration_F,uniform,64,train_nll,41843,602,0.0
S_duration_F,uniform,64,train_nll,41843,603,0.0
S_duration_F,uniform,64,train_nll,43997,601,0.0
S_duration_F,uniform,64,train_nll,43997,602,0.0
S_duration_F,uniform,64,train_nll,43997,603,0.0
S_duration_F,uniform,64,train_nll,46219,601,0.0
S_duration_F,uniform,64,train_nll,46219,602,0.0
S_duration_F,uniform,64,train_nll,46219,603,0.0
S_duration_F,uniform,64,validation_nll,41843,601,0.0
S_duration_F,uniform,64,validation_nll,41843,602,0.0
S_duration_F,uniform,64,validation_nll,41843,603,0.0
S_duration_F,uniform,64,validation_nll,43997,601,0.0
S_duration_F,uniform,64,validation_nll,43997,602,0.0
S_duration_F,uniform,64,validation_nll,43997,603,0.0
S_duration_F,uniform,64,validation_nll,46219,601,0.0
S_duration_F,uniform,64,validation_nll,46219,602,0.0
S_duration_F,uniform,64,validation_nll,46219,603,0.0
S_duration_F,uniform,64,test_nll,41843,601,0.0
S_duration_F,uniform,64,test_nll,41843,602,0.0
S_duration_F,uniform,64,test_nll,41843,603,0.0
S_duration_F,uniform,64,test_nll,43997,601,0.0
S_duration_F,uniform,64,test_nll,43997,602,0.0
S_duration_F,uniform,64,test_nll,43997,603,0.0
S_duration_F,uniform,64,test_nll,46219,601,0.0
S_duration_F,uniform,64,test_nll,46219,602,0.0
S_duration_F,uniform,64,test_nll,46219,603,0.0
S_duration_F,uniform,64,train_instance_accuracy,41843,601,0.0
S_duration_F,uniform,64,train_instance_accuracy,41843,602,0.0
S_duration_F,uniform,64,train_instance_accuracy,41843,603,0.0
S_duration_F,uniform,64,train_instance_accuracy,43997,601,0.0
S_duration_F,uniform,64,train_instance_accuracy,43997,602,0.0
S_duration_F,uniform,64,train_instance_accuracy,43997,603,0.0
S_duration_F,uniform,64,train_instance_accuracy,46219,601,0.0
S_duration_F,uniform,64,train_instance_accuracy,46219,602,0.0
S_duration_F,uniform,64,train_instance_accuracy,46219,603,0.0
S_duration_F,uniform,64,clipping,41843,601,0.0
S_duration_F,uniform,64,clipping,41843,602,0.0
S_duration_F,uniform,64,clipping,41843,603,0.0
S_duration_F,uniform,64,clipping,43997,601,0.0
S_duration_F,uniform,64,clipping,43997,602,0.0
S_duration_F,uniform,64,clipping,43997,603,0.0
S_duration_F,uniform,64,clipping,46219,601,0.0
S_duration_F,uniform,64,clipping,46219,602,0.0
S_duration_F,uniform,64,clipping,46219,603,0.0
S_duration_F,uniform,64,total_gain,41843,601,0.0
S_duration_F,uniform,64,total_gain,41843,602,0.0
S_duration_F,uniform,64,total_gain,41843,603,0.0
S_duration_F,uniform,64,total_gain,43997,601,0.0
S_duration_F,uniform,64,total_gain,43997,602,0.0
S_duration_F,uniform,64,total_gain,43997,603,0.0
S_duration_F,uniform,64,total_gain,46219,601,0.0
S_duration_F,uniform,64,total_gain,46219,602,0.0
S_duration_F,uniform,64,total_gain,46219,603,0.0
S_duration_F,uniform,64,negative_gain_fraction,41843,601,0.0
S_duration_F,uniform,64,negative_gain_fraction,41843,602,0.0
S_duration_F,uniform,64,negative_gain_fraction,41843,603,0.0
S_duration_F,uniform,64,negative_gain_fraction,43997,601,0.0
S_duration_F,uniform,64,negative_gain_fraction,43997,602,0.0
S_duration_F,uniform,64,negative_gain_fraction,43997,603,0.0
S_duration_F,uniform,64,negative_gain_fraction,46219,601,0.0
S_duration_F,uniform,64,negative_gain_fraction,46219,602,0.0
S_duration_F,uniform,64,negative_gain_fraction,46219,603,0.0
S_duration_F,uniform,128,p,41843,601,
S_duration_F,uniform,128,p,41843,602,
S_duration_F,uniform,128,p,41843,603,
S_duration_F,uniform,128,p,43997,601,
S_duration_F,uniform,128,p,43997,602,
S_duration_F,uniform,128,p,43997,603,
S_duration_F,uniform,128,p,46219,601,
S_duration_F,uniform,128,p,46219,602,
S_duration_F,uniform,128,p,46219,603,
S_duration_F,uniform,128,objective,41843,601,
S_duration_F,uniform,128,objective,41843,602,
S_duration_F,uniform,128,objective,41843,603,
S_duration_F,uniform,128,objective,43997,601,
S_duration_F,uniform,128,objective,43997,602,
S_duration_F,uniform,128,objective,43997,603,
S_duration_F,uniform,128,objective,46219,601,
S_duration_F,uniform,128,objective,46219,602,
S_duration_F,uniform,128,objective,46219,603,
S_duration_F,uniform,128,train_nll,41843,601,0.35012269020080566
S_duration_F,uniform,128,train_nll,41843,602,0.38592660427093506
S_duration_F,uniform,128,train_nll,41843,603,0.36509668827056885
S_duration_F,uniform,128,train_nll,43997,601,0.4049109220504761
S_duration_F,uniform,128,train_nll,43997,602,0.444705605506897
S_duration_F,uniform,128,train_nll,43997,603,0.4415855407714844
S_duration_F,uniform,128,train_nll,46219,601,0.39528143405914307
S_duration_F,uniform,128,train_nll,46219,602,0.4276820421218872
S_duration_F,uniform,128,train_nll,46219,603,0.4231843948364258
S_duration_F,uniform,128,validation_nll,41843,601,-0.0012276172637939453
S_duration_F,uniform,128,validation_nll,41843,602,0.011178135871887207
S_duration_F,uniform,128,validation_nll,41843,603,-0.014702200889587402
S_duration_F,uniform,128,validation_nll,43997,601,0.031110167503356934
S_duration_F,uniform,128,validation_nll,43997,602,0.043148040771484375
S_duration_F,uniform,128,validation_nll,43997,603,0.07128286361694336
S_duration_F,uniform,128,validation_nll,46219,601,0.058596134185791016
S_duration_F,uniform,128,validation_nll,46219,602,0.07288169860839844
S_duration_F,uniform,128,validation_nll,46219,603,0.08359706401824951
S_duration_F,uniform,128,test_nll,41843,601,0.011439800262451172
S_duration_F,uniform,128,test_nll,41843,602,0.02772665023803711
S_duration_F,uniform,128,test_nll,41843,603,0.02145254611968994
S_duration_F,uniform,128,test_nll,43997,601,0.030871152877807617
S_duration_F,uniform,128,test_nll,43997,602,0.05356860160827637
S_duration_F,uniform,128,test_nll,43997,603,0.06209766864776611
S_duration_F,uniform,128,test_nll,46219,601,0.06200599670410156
S_duration_F,uniform,128,test_nll,46219,602,0.07540297508239746
S_duration_F,uniform,128,test_nll,46219,603,0.05820059776306152
S_duration_F,uniform,128,train_instance_accuracy,41843,601,-0.091796875
S_duration_F,uniform,128,train_instance_accuracy,41843,602,-0.0859375
S_duration_F,uniform,128,train_instance_accuracy,41843,603,-0.080078125
S_duration_F,uniform,128,train_instance_accuracy,43997,601,-0.091796875
S_duration_F,uniform,128,train_instance_accuracy,43997,602,-0.095703125
S_duration_F,uniform,128,train_instance_accuracy,43997,603,-0.080078125
S_duration_F,uniform,128,train_instance_accuracy,46219,601,-0.0732421875
S_duration_F,uniform,128,train_instance_accuracy,46219,602,-0.07275390625
S_duration_F,uniform,128,train_instance_accuracy,46219,603,-0.0673828125
S_duration_F,uniform,128,clipping,41843,601,0.0
S_duration_F,uniform,128,clipping,41843,602,0.002083333333333326
S_duration_F,uniform,128,clipping,41843,603,0.004166666666666652
S_duration_F,uniform,128,clipping,43997,601,0.0
S_duration_F,uniform,128,clipping,43997,602,0.002083333333333326
S_duration_F,uniform,128,clipping,43997,603,0.0
S_duration_F,uniform,128,clipping,46219,601,0.002083333333333326
S_duration_F,uniform,128,clipping,46219,602,0.002083333333333326
S_duration_F,uniform,128,clipping,46219,603,0.006249999999999978
S_duration_F,uniform,128,total_gain,41843,601,-179.26277041435242
S_duration_F,uniform,128,total_gain,41843,602,-197.59448742866516
S_duration_F,uniform,128,total_gain,41843,603,-186.92944598197937
S_duration_F,uniform,128,total_gain,43997,601,-207.31441974639893
S_duration_F,uniform,128,total_gain,43997,602,-227.6892455816269
S_duration_F,uniform,128,total_gain,43997,603,-226.09183609485626
S_duration_F,uniform,128,total_gain,46219,601,-202.384064078331
S_duration_F,uniform,128,total_gain,46219,602,-218.97320461273193
S_duration_F,uniform,128,total_gain,46219,603,-216.6702597141266
S_duration_F,uniform,128,negative_gain_fraction,41843,601,0.0
S_duration_F,uniform,128,negative_gain_fraction,41843,602,0.0
S_duration_F,uniform,128,negative_gain_fraction,41843,603,0.0
S_duration_F,uniform,128,negative_gain_fraction,43997,601,0.0
S_duration_F,uniform,128,negative_gain_fraction,43997,602,0.0
S_duration_F,uniform,128,negative_gain_fraction,43997,603,0.0
S_duration_F,uniform,128,negative_gain_fraction,46219,601,0.0
S_duration_F,uniform,128,negative_gain_fraction,46219,602,0.0
S_duration_F,uniform,128,negative_gain_fraction,46219,603,0.0
S_duration_F,uniform,256,p,41843,601,
S_duration_F,uniform,256,p,41843,602,
S_duration_F,uniform,256,p,41843,603,
S_duration_F,uniform,256,p,43997,601,
S_duration_F,uniform,256,p,43997,602,
S_duration_F,uniform,256,p,43997,603,
S_duration_F,uniform,256,p,46219,601,
S_duration_F,uniform,256,p,46219,602,
S_duration_F,uniform,256,p,46219,603,
S_duration_F,uniform,256,objective,41843,601,
S_duration_F,uniform,256,objective,41843,602,
S_duration_F,uniform,256,objective,41843,603,
S_duration_F,uniform,256,objective,43997,601,
S_duration_F,uniform,256,objective,43997,602,
S_duration_F,uniform,256,objective,43997,603,
S_duration_F,uniform,256,objective,46219,601,
S_duration_F,uniform,256,objective,46219,602,
S_duration_F,uniform,256,objective,46219,603,
S_duration_F,uniform,256,train_nll,41843,601,1.2698058485984802
S_duration_F,uniform,256,train_nll,41843,602,1.2387642860412598
S_duration_F,uniform,256,train_nll,41843,603,1.231986165046692
S_duration_F,uniform,256,train_nll,43997,601,1.1972238421440125
S_duration_F,uniform,256,train_nll,43997,602,1.2799787819385529
S_duration_F,uniform,256,train_nll,43997,603,1.2430237233638763
S_duration_F,uniform,256,train_nll,46219,601,1.250498354434967
S_duration_F,uniform,256,train_nll,46219,602,1.2421526908874512
S_duration_F,uniform,256,train_nll,46219,603,1.1818057298660278
S_duration_F,uniform,256,validation_nll,41843,601,-0.23745322227478027
S_duration_F,uniform,256,validation_nll,41843,602,-0.2567983865737915
S_duration_F,uniform,256,validation_nll,41843,603,-0.14478158950805664
S_duration_F,uniform,256,validation_nll,43997,601,-0.21592986583709717
S_duration_F,uniform,256,validation_nll,43997,602,-0.21024346351623535
S_duration_F,uniform,256,validation_nll,43997,603,-0.2317667007446289
S_duration_F,uniform,256,validation_nll,46219,601,-0.23768377304077148
S_duration_F,uniform,256,validation_nll,46219,602,-0.12494277954101562
S_duration_F,uniform,256,validation_nll,46219,603,-0.18706786632537842
S_duration_F,uniform,256,test_nll,41843,601,-0.210618257522583
S_duration_F,uniform,256,test_nll,41843,602,-0.22850418090820312
S_duration_F,uniform,256,test_nll,41843,603,-0.11040723323822021
S_duration_F,uniform,256,test_nll,43997,601,-0.26320159435272217
S_duration_F,uniform,256,test_nll,43997,602,-0.18716692924499512
S_duration_F,uniform,256,test_nll,43997,603,-0.2359325885772705
S_duration_F,uniform,256,test_nll,46219,601,-0.26279187202453613
S_duration_F,uniform,256,test_nll,46219,602,-0.1795797348022461
S_duration_F,uniform,256,test_nll,46219,603,-0.21597886085510254
S_duration_F,uniform,256,train_instance_accuracy,41843,601,-0.57666015625
S_duration_F,uniform,256,train_instance_accuracy,41843,602,-0.55908203125
S_duration_F,uniform,256,train_instance_accuracy,41843,603,-0.56591796875
S_duration_F,uniform,256,train_instance_accuracy,43997,601,-0.54296875
S_duration_F,uniform,256,train_instance_accuracy,43997,602,-0.6259765625
S_duration_F,uniform,256,train_instance_accuracy,43997,603,-0.58935546875
S_duration_F,uniform,256,train_instance_accuracy,46219,601,-0.6015625
S_duration_F,uniform,256,train_instance_accuracy,46219,602,-0.61669921875
S_duration_F,uniform,256,train_instance_accuracy,46219,603,-0.5361328125
S_duration_F,uniform,256,clipping,41843,601,-0.02083333333333337
S_duration_F,uniform,256,clipping,41843,602,-0.008333333333333304
S_duration_F,uniform,256,clipping,41843,603,-0.033333333333333326
S_duration_F,uniform,256,clipping,43997,601,-0.008333333333333304
S_duration_F,uniform,256,clipping,43997,602,-0.012500000000000067
S_duration_F,uniform,256,clipping,43997,603,-0.008333333333333304
S_duration_F,uniform,256,clipping,46219,601,-0.01666666666666672
S_duration_F,uniform,256,clipping,46219,602,-0.008333333333333304
S_duration_F,uniform,256,clipping,46219,603,-0.012500000000000067
S_duration_F,uniform,256,total_gain,41843,601,-650.1405569314957
S_duration_F,uniform,256,total_gain,41843,602,-634.2473365068436
S_duration_F,uniform,256,total_gain,41843,603,-630.7769341468811
S_duration_F,uniform,256,total_gain,43997,601,-612.9785798788071
S_duration_F,uniform,256,total_gain,43997,602,-655.3491487503052
S_duration_F,uniform,256,total_gain,43997,603,-636.4281671047211
S_duration_F,uniform,256,total_gain,46219,601,-640.2551313638687
S_duration_F,uniform,256,total_gain,46219,602,-635.9821770191193
S_duration_F,uniform,256,total_gain,46219,603,-605.0845377445221
S_duration_F,uniform,256,negative_gain_fraction,41843,601,0.0
S_duration_F,uniform,256,negative_gain_fraction,41843,602,0.0
S_duration_F,uniform,256,negative_gain_fraction,41843,603,0.0
S_duration_F,uniform,256,negative_gain_fraction,43997,601,0.0
S_duration_F,uniform,256,negative_gain_fraction,43997,602,0.0
S_duration_F,uniform,256,negative_gain_fraction,43997,603,0.0
S_duration_F,uniform,256,negative_gain_fraction,46219,601,0.0
S_duration_F,uniform,256,negative_gain_fraction,46219,602,0.0
S_duration_F,uniform,256,negative_gain_fraction,46219,603,0.0
S_duration_T,random,64,p,41843,601,0.0
S_duration_T,random,64,p,41843,602,0.0
S_duration_T,random,64,p,41843,603,0.0
S_duration_T,random,64,p,43997,601,0.0
S_duration_T,random,64,p,43997,602,0.0
S_duration_T,random,64,p,43997,603,0.0
S_duration_T,random,64,p,46219,601,0.0
S_duration_T,random,64,p,46219,602,0.0
S_duration_T,random,64,p,46219,603,0.0
S_duration_T,random,64,objective,41843,601,0.0
S_duration_T,random,64,objective,41843,602,0.0
S_duration_T,random,64,objective,41843,603,0.0
S_duration_T,random,64,objective,43997,601,0.0
S_duration_T,random,64,objective,43997,602,0.0
S_duration_T,random,64,objective,43997,603,0.0
S_duration_T,random,64,objective,46219,601,0.0
S_duration_T,random,64,objective,46219,602,0.0
S_duration_T,random,64,objective,46219,603,0.0
S_duration_T,random,64,train_nll,41843,601,0.0
S_duration_T,random,64,train_nll,41843,602,0.0
S_duration_T,random,64,train_nll,41843,603,0.0
S_duration_T,random,64,train_nll,43997,601,0.0
S_duration_T,random,64,train_nll,43997,602,0.0
S_duration_T,random,64,train_nll,43997,603,0.0
S_duration_T,random,64,train_nll,46219,601,0.0
S_duration_T,random,64,train_nll,46219,602,0.0
S_duration_T,random,64,train_nll,46219,603,0.0
S_duration_T,random,64,validation_nll,41843,601,0.0
S_duration_T,random,64,validation_nll,41843,602,0.0
S_duration_T,random,64,validation_nll,41843,603,0.0
S_duration_T,random,64,validation_nll,43997,601,0.0
S_duration_T,random,64,validation_nll,43997,602,0.0
S_duration_T,random,64,validation_nll,43997,603,0.0
S_duration_T,random,64,validation_nll,46219,601,0.0
S_duration_T,random,64,validation_nll,46219,602,0.0
S_duration_T,random,64,validation_nll,46219,603,0.0
S_duration_T,random,64,test_nll,41843,601,0.0
S_duration_T,random,64,test_nll,41843,602,0.0
S_duration_T,random,64,test_nll,41843,603,0.0
S_duration_T,random,64,test_nll,43997,601,0.0
S_duration_T,random,64,test_nll,43997,602,0.0
S_duration_T,random,64,test_nll,43997,603,0.0
S_duration_T,random,64,test_nll,46219,601,0.0
S_duration_T,random,64,test_nll,46219,602,0.0
S_duration_T,random,64,test_nll,46219,603,0.0
S_duration_T,random,64,train_instance_accuracy,41843,601,0.0
S_duration_T,random,64,train_instance_accuracy,41843,602,0.0
S_duration_T,random,64,train_instance_accuracy,41843,603,0.0
S_duration_T,random,64,train_instance_accuracy,43997,601,0.0
S_duration_T,random,64,train_instance_accuracy,43997,602,0.0
S_duration_T,random,64,train_instance_accuracy,43997,603,0.0
S_duration_T,random,64,train_instance_accuracy,46219,601,0.0
S_duration_T,random,64,train_instance_accuracy,46219,602,0.0
S_duration_T,random,64,train_instance_accuracy,46219,603,0.0
S_duration_T,random,64,clipping,41843,601,0.0
S_duration_T,random,64,clipping,41843,602,0.0
S_duration_T,random,64,clipping,41843,603,0.0
S_duration_T,random,64,clipping,43997,601,0.0
S_duration_T,random,64,clipping,43997,602,0.0
S_duration_T,random,64,clipping,43997,603,0.0
S_duration_T,random,64,clipping,46219,601,0.0
S_duration_T,random,64,clipping,46219,602,0.0
S_duration_T,random,64,clipping,46219,603,0.0
S_duration_T,random,64,total_gain,41843,601,0.0
S_duration_T,random,64,total_gain,41843,602,0.0
S_duration_T,random,64,total_gain,41843,603,0.0
S_duration_T,random,64,total_gain,43997,601,0.0
S_duration_T,random,64,total_gain,43997,602,0.0
S_duration_T,random,64,total_gain,43997,603,0.0
S_duration_T,random,64,total_gain,46219,601,0.0
S_duration_T,random,64,total_gain,46219,602,0.0
S_duration_T,random,64,total_gain,46219,603,0.0
S_duration_T,random,64,negative_gain_fraction,41843,601,0.0
S_duration_T,random,64,negative_gain_fraction,41843,602,0.0
S_duration_T,random,64,negative_gain_fraction,41843,603,0.0
S_duration_T,random,64,negative_gain_fraction,43997,601,0.0
S_duration_T,random,64,negative_gain_fraction,43997,602,0.0
S_duration_T,random,64,negative_gain_fraction,43997,603,0.0
S_duration_T,random,64,negative_gain_fraction,46219,601,0.0
S_duration_T,random,64,negative_gain_fraction,46219,602,0.0
S_duration_T,random,64,negative_gain_fraction,46219,603,0.0
S_duration_T,random,128,p,41843,601,-0.16745775833902593
S_duration_T,random,128,p,41843,602,-0.16995880354474144
S_duration_T,random,128,p,41843,603,-0.1655005691121061
S_duration_T,random,128,p,43997,601,-0.1637505450119514
S_duration_T,random,128,p,43997,602,-0.14764694678775744
S_duration_T,random,128,p,43997,603,-0.16013448098653366
S_duration_T,random,128,p,46219,601,-0.16372003255464035
S_duration_T,random,128,p,46219,602,-0.15989306405140472
S_duration_T,random,128,p,46219,603,-0.15099746567892397
S_duration_T,random,128,objective,41843,601,-3.057337577775401e-05
S_duration_T,random,128,objective,41843,602,-3.1735323513884105e-05
S_duration_T,random,128,objective,41843,603,-6.749741137546622e-05
S_duration_T,random,128,objective,43997,601,-6.175152355984286e-05
S_duration_T,random,128,objective,43997,602,-4.095223275699694e-06
S_duration_T,random,128,objective,43997,603,-2.5939516014431553e-05
S_duration_T,random,128,objective,46219,601,-4.644988256638771e-05
S_duration_T,random,128,objective,46219,602,-5.572197173625701e-05
S_duration_T,random,128,objective,46219,603,-6.290577648188921e-05
S_duration_T,random,128,train_nll,41843,601,0.20598173141479492
S_duration_T,random,128,train_nll,41843,602,0.18063247203826904
S_duration_T,random,128,train_nll,41843,603,0.16801655292510986
S_duration_T,random,128,train_nll,43997,601,0.2138655185699463
S_duration_T,random,128,train_nll,43997,602,0.27229368686676025
S_duration_T,random,128,train_nll,43997,603,0.149865984916687
S_duration_T,random,128,train_nll,46219,601,0.18617689609527588
S_duration_T,random,128,train_nll,46219,602,0.250499963760376
S_duration_T,random,128,train_nll,46219,603,0.2850297689437866
S_duration_T,random,128,validation_nll,41843,601,-0.6672053337097168
S_duration_T,random,128,validation_nll,41843,602,-0.7192285060882568
S_duration_T,random,128,validation_nll,41843,603,-0.698390007019043
S_duration_T,random,128,validation_nll,43997,601,-0.7094881534576416
S_duration_T,random,128,validation_nll,43997,602,-0.5600616931915283
S_duration_T,random,128,validation_nll,43997,603,-0.6733700037002563
S_duration_T,random,128,validation_nll,46219,601,-0.6644338369369507
S_duration_T,random,128,validation_nll,46219,602,-0.6255390644073486
S_duration_T,random,128,validation_nll,46219,603,-0.6322634220123291
S_duration_T,random,128,test_nll,41843,601,-0.7182556390762329
S_duration_T,random,128,test_nll,41843,602,-0.6887946128845215
S_duration_T,random,128,test_nll,41843,603,-0.647763729095459
S_duration_T,random,128,test_nll,43997,601,-0.7150781154632568
S_duration_T,random,128,test_nll,43997,602,-0.5547659397125244
S_duration_T,random,128,test_nll,43997,603,-0.7220696210861206
S_duration_T,random,128,test_nll,46219,601,-0.7018375396728516
S_duration_T,random,128,test_nll,46219,602,-0.6278353929519653
S_duration_T,random,128,test_nll,46219,603,-0.624819278717041
S_duration_T,random,128,train_instance_accuracy,41843,601,-0.2626953125
S_duration_T,random,128,train_instance_accuracy,41843,602,-0.24560546875
S_duration_T,random,128,train_instance_accuracy,41843,603,-0.24853515625
S_duration_T,random,128,train_instance_accuracy,43997,601,-0.2744140625
S_duration_T,random,128,train_instance_accuracy,43997,602,-0.248046875
S_duration_T,random,128,train_instance_accuracy,43997,603,-0.23486328125
S_duration_T,random,128,train_instance_accuracy,46219,601,-0.265625
S_duration_T,random,128,train_instance_accuracy,46219,602,-0.2802734375
S_duration_T,random,128,train_instance_accuracy,46219,603,-0.28857421875
S_duration_T,random,128,clipping,41843,601,0.0
S_duration_T,random,128,clipping,41843,602,0.0
S_duration_T,random,128,clipping,41843,603,-0.008333333333333304
S_duration_T,random,128,clipping,43997,601,0.0
S_duration_T,random,128,clipping,43997,602,0.0
S_duration_T,random,128,clipping,43997,603,-0.004166666666666652
S_duration_T,random,128,clipping,46219,601,0.0
S_duration_T,random,128,clipping,46219,602,0.0
S_duration_T,random,128,clipping,46219,603,-0.004166666666666652
S_duration_T,random,128,total_gain,41843,601,-105.46267712116241
S_duration_T,random,128,total_gain,41843,602,-92.48379361629486
S_duration_T,random,128,total_gain,41843,603,-86.02458679676056
S_duration_T,random,128,total_gain,43997,601,-109.49918150901794
S_duration_T,random,128,total_gain,43997,602,-139.41434907913208
S_duration_T,random,128,total_gain,43997,603,-76.73143744468689
S_duration_T,random,128,total_gain,46219,601,-95.32262539863586
S_duration_T,random,128,total_gain,46219,602,-128.25601637363434
S_duration_T,random,128,total_gain,46219,603,-145.93517184257507
S_duration_T,random,128,negative_gain_fraction,41843,601,-0.009765625
S_duration_T,random,128,negative_gain_fraction,41843,602,-0.001953125
S_duration_T,random,128,negative_gain_fraction,41843,603,-0.00390625
S_duration_T,random,128,negative_gain_fraction,43997,601,0.0
S_duration_T,random,128,negative_gain_fraction,43997,602,0.0
S_duration_T,random,128,negative_gain_fraction,43997,603,-0.00390625
S_duration_T,random,128,negative_gain_fraction,46219,601,0.0
S_duration_T,random,128,negative_gain_fraction,46219,602,-0.001953125
S_duration_T,random,128,negative_gain_fraction,46219,603,-0.009765625
S_duration_T,random,256,p,41843,601,-0.08847843381791949
S_duration_T,random,256,p,41843,602,-0.05468608643913701
S_duration_T,random,256,p,41843,603,-0.08122998004242143
S_duration_T,random,256,p,43997,601,-0.0750138071995739
S_duration_T,random,256,p,43997,602,-0.05468840273626009
S_duration_T,random,256,p,43997,603,-0.07304805591281009
S_duration_T,random,256,p,46219,601,-0.05672675196423217
S_duration_T,random,256,p,46219,602,-0.06843282112737342
S_duration_T,random,256,p,46219,603,-0.06795839170397953
S_duration_T,random,256,objective,41843,601,1.513412488637924e-05
S_duration_T,random,256,objective,41843,602,-2.1244116545487876e-05
S_duration_T,random,256,objective,41843,603,3.860889696839402e-05
S_duration_T,random,256,objective,43997,601,-3.4705852152736355e-05
S_duration_T,random,256,objective,43997,602,8.990525858815077e-06
S_duration_T,random,256,objective,43997,603,1.3484462880562698e-05
S_duration_T,random,256,objective,46219,601,2.8753479770989566e-05
S_duration_T,random,256,objective,46219,602,-3.807279856478929e-05
S_duration_T,random,256,objective,46219,603,-2.5227642301322867e-05
S_duration_T,random,256,train_nll,41843,601,0.3701493740081787
S_duration_T,random,256,train_nll,41843,602,0.5885359048843384
S_duration_T,random,256,train_nll,41843,603,0.3847658634185791
S_duration_T,random,256,train_nll,43997,601,0.4964637756347656
S_duration_T,random,256,train_nll,43997,602,0.6410713195800781
S_duration_T,random,256,train_nll,43997,603,0.4660147428512573
S_duration_T,random,256,train_nll,46219,601,0.5940556526184082
S_duration_T,random,256,train_nll,46219,602,0.48006534576416016
S_duration_T,random,256,train_nll,46219,603,0.5040487051010132
S_duration_T,random,256,validation_nll,41843,601,-0.7033607959747314
S_duration_T,random,256,validation_nll,41843,602,-0.35865354537963867
S_duration_T,random,256,validation_nll,41843,603,-0.6745920181274414
S_duration_T,random,256,validation_nll,43997,601,-0.5933754444122314
S_duration_T,random,256,validation_nll,43997,602,-0.38951539993286133
S_duration_T,random,256,validation_nll,43997,603,-0.5357375144958496
S_duration_T,random,256,validation_nll,46219,601,-0.38029956817626953
S_duration_T,random,256,validation_nll,46219,602,-0.651033878326416
S_duration_T,random,256,validation_nll,46219,603,-0.557373046875
S_duration_T,random,256,test_nll,41843,601,-0.7604162693023682
S_duration_T,random,256,test_nll,41843,602,-0.3424384593963623
S_duration_T,random,256,test_nll,41843,603,-0.6853740215301514
S_duration_T,random,256,test_nll,43997,601,-0.6362688541412354
S_duration_T,random,256,test_nll,43997,602,-0.39408349990844727
S_duration_T,random,256,test_nll,43997,603,-0.5694923400878906
S_duration_T,random,256,test_nll,46219,601,-0.40268588066101074
S_duration_T,random,256,test_nll,46219,602,-0.6339173316955566
S_duration_T,random,256,test_nll,46219,603,-0.5260019302368164
S_duration_T,random,256,train_instance_accuracy,41843,601,-0.2607421875
S_duration_T,random,256,train_instance_accuracy,41843,602,-0.2763671875
S_duration_T,random,256,train_instance_accuracy,41843,603,-0.29296875
S_duration_T,random,256,train_instance_accuracy,43997,601,-0.3193359375
S_duration_T,random,256,train_instance_accuracy,43997,602,-0.3193359375
S_duration_T,random,256,train_instance_accuracy,43997,603,-0.306640625
S_duration_T,random,256,train_instance_accuracy,46219,601,-0.3134765625
S_duration_T,random,256,train_instance_accuracy,46219,602,-0.31005859375
S_duration_T,random,256,train_instance_accuracy,46219,603,-0.30419921875
S_duration_T,random,256,clipping,41843,601,0.0
S_duration_T,random,256,clipping,41843,602,0.0
S_duration_T,random,256,clipping,41843,603,-0.008333333333333304
S_duration_T,random,256,clipping,43997,601,0.0
S_duration_T,random,256,clipping,43997,602,0.0
S_duration_T,random,256,clipping,43997,603,-0.004166666666666652
S_duration_T,random,256,clipping,46219,601,0.0
S_duration_T,random,256,clipping,46219,602,0.0
S_duration_T,random,256,clipping,46219,603,-0.008333333333333304
S_duration_T,random,256,total_gain,41843,601,-189.51645970344543
S_duration_T,random,256,total_gain,41843,602,-301.3304432630539
S_duration_T,random,256,total_gain,41843,603,-197.00016748905182
S_duration_T,random,256,total_gain,43997,601,-254.18943583965302
S_duration_T,random,256,total_gain,43997,602,-328.22855389118195
S_duration_T,random,256,total_gain,43997,603,-238.59956979751587
S_duration_T,random,256,total_gain,46219,601,-304.1564965248108
S_duration_T,random,256,total_gain,46219,602,-245.7934181690216
S_duration_T,random,256,total_gain,46219,603,-258.0729112625122
S_duration_T,random,256,negative_gain_fraction,41843,601,0.0
S_duration_T,random,256,negative_gain_fraction,41843,602,0.0
S_duration_T,random,256,negative_gain_fraction,41843,603,0.0
S_duration_T,random,256,negative_gain_fraction,43997,601,0.0
S_duration_T,random,256,negative_gain_fraction,43997,602,0.0
S_duration_T,random,256,negative_gain_fraction,43997,603,0.0
S_duration_T,random,256,negative_gain_fraction,46219,601,0.0
S_duration_T,random,256,negative_gain_fraction,46219,602,0.0
S_duration_T,random,256,negative_gain_fraction,46219,603,0.0
S_duration_T,uniform,64,p,41843,601,
S_duration_T,uniform,64,p,41843,602,
S_duration_T,uniform,64,p,41843,603,
S_duration_T,uniform,64,p,43997,601,
S_duration_T,uniform,64,p,43997,602,
S_duration_T,uniform,64,p,43997,603,
S_duration_T,uniform,64,p,46219,601,
S_duration_T,uniform,64,p,46219,602,
S_duration_T,uniform,64,p,46219,603,
S_duration_T,uniform,64,objective,41843,601,
S_duration_T,uniform,64,objective,41843,602,
S_duration_T,uniform,64,objective,41843,603,
S_duration_T,uniform,64,objective,43997,601,
S_duration_T,uniform,64,objective,43997,602,
S_duration_T,uniform,64,objective,43997,603,
S_duration_T,uniform,64,objective,46219,601,
S_duration_T,uniform,64,objective,46219,602,
S_duration_T,uniform,64,objective,46219,603,
S_duration_T,uniform,64,train_nll,41843,601,0.0
S_duration_T,uniform,64,train_nll,41843,602,0.0
S_duration_T,uniform,64,train_nll,41843,603,0.0
S_duration_T,uniform,64,train_nll,43997,601,0.0
S_duration_T,uniform,64,train_nll,43997,602,0.0
S_duration_T,uniform,64,train_nll,43997,603,0.0
S_duration_T,uniform,64,train_nll,46219,601,0.0
S_duration_T,uniform,64,train_nll,46219,602,0.0
S_duration_T,uniform,64,train_nll,46219,603,0.0
S_duration_T,uniform,64,validation_nll,41843,601,0.0
S_duration_T,uniform,64,validation_nll,41843,602,0.0
S_duration_T,uniform,64,validation_nll,41843,603,0.0
S_duration_T,uniform,64,validation_nll,43997,601,0.0
S_duration_T,uniform,64,validation_nll,43997,602,0.0
S_duration_T,uniform,64,validation_nll,43997,603,0.0
S_duration_T,uniform,64,validation_nll,46219,601,0.0
S_duration_T,uniform,64,validation_nll,46219,602,0.0
S_duration_T,uniform,64,validation_nll,46219,603,0.0
S_duration_T,uniform,64,test_nll,41843,601,0.0
S_duration_T,uniform,64,test_nll,41843,602,0.0
S_duration_T,uniform,64,test_nll,41843,603,0.0
S_duration_T,uniform,64,test_nll,43997,601,0.0
S_duration_T,uniform,64,test_nll,43997,602,0.0
S_duration_T,uniform,64,test_nll,43997,603,0.0
S_duration_T,uniform,64,test_nll,46219,601,0.0
S_duration_T,uniform,64,test_nll,46219,602,0.0
S_duration_T,uniform,64,test_nll,46219,603,0.0
S_duration_T,uniform,64,train_instance_accuracy,41843,601,0.0
S_duration_T,uniform,64,train_instance_accuracy,41843,602,0.0
S_duration_T,uniform,64,train_instance_accuracy,41843,603,0.0
S_duration_T,uniform,64,train_instance_accuracy,43997,601,0.0
S_duration_T,uniform,64,train_instance_accuracy,43997,602,0.0
S_duration_T,uniform,64,train_instance_accuracy,43997,603,0.0
S_duration_T,uniform,64,train_instance_accuracy,46219,601,0.0
S_duration_T,uniform,64,train_instance_accuracy,46219,602,0.0
S_duration_T,uniform,64,train_instance_accuracy,46219,603,0.0
S_duration_T,uniform,64,clipping,41843,601,0.0
S_duration_T,uniform,64,clipping,41843,602,0.0
S_duration_T,uniform,64,clipping,41843,603,0.0
S_duration_T,uniform,64,clipping,43997,601,0.0
S_duration_T,uniform,64,clipping,43997,602,0.0
S_duration_T,uniform,64,clipping,43997,603,0.0
S_duration_T,uniform,64,clipping,46219,601,0.0
S_duration_T,uniform,64,clipping,46219,602,0.0
S_duration_T,uniform,64,clipping,46219,603,0.0
S_duration_T,uniform,64,total_gain,41843,601,0.0
S_duration_T,uniform,64,total_gain,41843,602,0.0
S_duration_T,uniform,64,total_gain,41843,603,0.0
S_duration_T,uniform,64,total_gain,43997,601,0.0
S_duration_T,uniform,64,total_gain,43997,602,0.0
S_duration_T,uniform,64,total_gain,43997,603,0.0
S_duration_T,uniform,64,total_gain,46219,601,0.0
S_duration_T,uniform,64,total_gain,46219,602,0.0
S_duration_T,uniform,64,total_gain,46219,603,0.0
S_duration_T,uniform,64,negative_gain_fraction,41843,601,0.0
S_duration_T,uniform,64,negative_gain_fraction,41843,602,0.0
S_duration_T,uniform,64,negative_gain_fraction,41843,603,0.0
S_duration_T,uniform,64,negative_gain_fraction,43997,601,0.0
S_duration_T,uniform,64,negative_gain_fraction,43997,602,0.0
S_duration_T,uniform,64,negative_gain_fraction,43997,603,0.0
S_duration_T,uniform,64,negative_gain_fraction,46219,601,0.0
S_duration_T,uniform,64,negative_gain_fraction,46219,602,0.0
S_duration_T,uniform,64,negative_gain_fraction,46219,603,0.0
S_duration_T,uniform,128,p,41843,601,
S_duration_T,uniform,128,p,41843,602,
S_duration_T,uniform,128,p,41843,603,
S_duration_T,uniform,128,p,43997,601,
S_duration_T,uniform,128,p,43997,602,
S_duration_T,uniform,128,p,43997,603,
S_duration_T,uniform,128,p,46219,601,
S_duration_T,uniform,128,p,46219,602,
S_duration_T,uniform,128,p,46219,603,
S_duration_T,uniform,128,objective,41843,601,
S_duration_T,uniform,128,objective,41843,602,
S_duration_T,uniform,128,objective,41843,603,
S_duration_T,uniform,128,objective,43997,601,
S_duration_T,uniform,128,objective,43997,602,
S_duration_T,uniform,128,objective,43997,603,
S_duration_T,uniform,128,objective,46219,601,
S_duration_T,uniform,128,objective,46219,602,
S_duration_T,uniform,128,objective,46219,603,
S_duration_T,uniform,128,train_nll,41843,601,0.9703599214553833
S_duration_T,uniform,128,train_nll,41843,602,0.9865022897720337
S_duration_T,uniform,128,train_nll,41843,603,0.9950423836708069
S_duration_T,uniform,128,train_nll,43997,601,0.9717482924461365
S_duration_T,uniform,128,train_nll,43997,602,1.0549516677856445
S_duration_T,uniform,128,train_nll,43997,603,1.0405874252319336
S_duration_T,uniform,128,train_nll,46219,601,1.0074299573898315
S_duration_T,uniform,128,train_nll,46219,602,0.9718374609947205
S_duration_T,uniform,128,train_nll,46219,603,1.0343359112739563
S_duration_T,uniform,128,validation_nll,41843,601,-0.30684709548950195
S_duration_T,uniform,128,validation_nll,41843,602,-0.1911526918411255
S_duration_T,uniform,128,validation_nll,41843,603,-0.1669166088104248
S_duration_T,uniform,128,validation_nll,43997,601,-0.1787658929824829
S_duration_T,uniform,128,validation_nll,43997,602,-0.10156023502349854
S_duration_T,uniform,128,validation_nll,43997,603,-0.14305758476257324
S_duration_T,uniform,128,validation_nll,46219,601,-0.10585343837738037
S_duration_T,uniform,128,validation_nll,46219,602,-0.10363566875457764
S_duration_T,uniform,128,validation_nll,46219,603,-0.19252455234527588
S_duration_T,uniform,128,test_nll,41843,601,-0.32102179527282715
S_duration_T,uniform,128,test_nll,41843,602,-0.18680095672607422
S_duration_T,uniform,128,test_nll,41843,603,-0.18735480308532715
S_duration_T,uniform,128,test_nll,43997,601,-0.18110382556915283
S_duration_T,uniform,128,test_nll,43997,602,-0.0889052152633667
S_duration_T,uniform,128,test_nll,43997,603,-0.15956830978393555
S_duration_T,uniform,128,test_nll,46219,601,-0.15436673164367676
S_duration_T,uniform,128,test_nll,46219,602,-0.12245142459869385
S_duration_T,uniform,128,test_nll,46219,603,-0.21149659156799316
S_duration_T,uniform,128,train_instance_accuracy,41843,601,-0.36572265625
S_duration_T,uniform,128,train_instance_accuracy,41843,602,-0.3623046875
S_duration_T,uniform,128,train_instance_accuracy,41843,603,-0.376953125
S_duration_T,uniform,128,train_instance_accuracy,43997,601,-0.36328125
S_duration_T,uniform,128,train_instance_accuracy,43997,602,-0.4111328125
S_duration_T,uniform,128,train_instance_accuracy,43997,603,-0.40185546875
S_duration_T,uniform,128,train_instance_accuracy,46219,601,-0.38427734375
S_duration_T,uniform,128,train_instance_accuracy,46219,602,-0.33056640625
S_duration_T,uniform,128,train_instance_accuracy,46219,603,-0.43115234375
S_duration_T,uniform,128,clipping,41843,601,-0.033333333333333326
S_duration_T,uniform,128,clipping,41843,602,-0.02083333333333337
S_duration_T,uniform,128,clipping,41843,603,-0.03749999999999998
S_duration_T,uniform,128,clipping,43997,601,-0.01666666666666672
S_duration_T,uniform,128,clipping,43997,602,-0.012500000000000067
S_duration_T,uniform,128,clipping,43997,603,-0.029166666666666674
S_duration_T,uniform,128,clipping,46219,601,-0.02083333333333337
S_duration_T,uniform,128,clipping,46219,602,-0.01666666666666672
S_duration_T,uniform,128,clipping,46219,603,-0.025000000000000022
S_duration_T,uniform,128,total_gain,41843,601,-496.8243018388748
S_duration_T,uniform,128,total_gain,41843,602,-505.0890978574753
S_duration_T,uniform,128,total_gain,41843,603,-509.46168553829193
S_duration_T,uniform,128,total_gain,43997,601,-497.53508961200714
S_duration_T,uniform,128,total_gain,43997,602,-540.1353784799576
S_duration_T,uniform,128,total_gain,43997,603,-532.7807091474533
S_duration_T,uniform,128,total_gain,46219,601,-515.8041739463806
S_duration_T,uniform,128,total_gain,46219,602,-497.58080995082855
S_duration_T,uniform,128,total_gain,46219,603,-529.5799448490143
S_duration_T,uniform,128,negative_gain_fraction,41843,601,0.0
S_duration_T,uniform,128,negative_gain_fraction,41843,602,0.0
S_duration_T,uniform,128,negative_gain_fraction,41843,603,0.0
S_duration_T,uniform,128,negative_gain_fraction,43997,601,0.0
S_duration_T,uniform,128,negative_gain_fraction,43997,602,0.0
S_duration_T,uniform,128,negative_gain_fraction,43997,603,0.0
S_duration_T,uniform,128,negative_gain_fraction,46219,601,0.0
S_duration_T,uniform,128,negative_gain_fraction,46219,602,0.0
S_duration_T,uniform,128,negative_gain_fraction,46219,603,0.0
S_duration_T,uniform,256,p,41843,601,
S_duration_T,uniform,256,p,41843,602,
S_duration_T,uniform,256,p,41843,603,
S_duration_T,uniform,256,p,43997,601,
S_duration_T,uniform,256,p,43997,602,
S_duration_T,uniform,256,p,43997,603,
S_duration_T,uniform,256,p,46219,601,
S_duration_T,uniform,256,p,46219,602,
S_duration_T,uniform,256,p,46219,603,
S_duration_T,uniform,256,objective,41843,601,
S_duration_T,uniform,256,objective,41843,602,
S_duration_T,uniform,256,objective,41843,603,
S_duration_T,uniform,256,objective,43997,601,
S_duration_T,uniform,256,objective,43997,602,
S_duration_T,uniform,256,objective,43997,603,
S_duration_T,uniform,256,objective,46219,601,
S_duration_T,uniform,256,objective,46219,602,
S_duration_T,uniform,256,objective,46219,603,
S_duration_T,uniform,256,train_nll,41843,601,1.1377021372318268
S_duration_T,uniform,256,train_nll,41843,602,1.1791391968727112
S_duration_T,uniform,256,train_nll,41843,603,1.1528394669294357
S_duration_T,uniform,256,train_nll,43997,601,1.1559115499258041
S_duration_T,uniform,256,train_nll,43997,602,1.0490891635417938
S_duration_T,uniform,256,train_nll,43997,603,1.095292791724205
S_duration_T,uniform,256,train_nll,46219,601,1.1681197434663773
S_duration_T,uniform,256,train_nll,46219,602,1.093302458524704
S_duration_T,uniform,256,train_nll,46219,603,1.1620028764009476
S_duration_T,uniform,256,validation_nll,41843,601,-0.5537524223327637
S_duration_T,uniform,256,validation_nll,41843,602,-0.537360429763794
S_duration_T,uniform,256,validation_nll,41843,603,-0.38182199001312256
S_duration_T,uniform,256,validation_nll,43997,601,-0.49704980850219727
S_duration_T,uniform,256,validation_nll,43997,602,-0.6537778377532959
S_duration_T,uniform,256,validation_nll,43997,603,-0.4966059923171997
S_duration_T,uniform,256,validation_nll,46219,601,-0.5670351982116699
S_duration_T,uniform,256,validation_nll,46219,602,-0.5731335878372192
S_duration_T,uniform,256,validation_nll,46219,603,-0.5495675802230835
S_duration_T,uniform,256,test_nll,41843,601,-0.5318388938903809
S_duration_T,uniform,256,test_nll,41843,602,-0.5368772745132446
S_duration_T,uniform,256,test_nll,41843,603,-0.45464324951171875
S_duration_T,uniform,256,test_nll,43997,601,-0.4329400062561035
S_duration_T,uniform,256,test_nll,43997,602,-0.648953914642334
S_duration_T,uniform,256,test_nll,43997,603,-0.4937666654586792
S_duration_T,uniform,256,test_nll,46219,601,-0.5894775390625
S_duration_T,uniform,256,test_nll,46219,602,-0.6431581974029541
S_duration_T,uniform,256,test_nll,46219,603,-0.5393257141113281
S_duration_T,uniform,256,train_instance_accuracy,41843,601,-0.7431640625
S_duration_T,uniform,256,train_instance_accuracy,41843,602,-0.77685546875
S_duration_T,uniform,256,train_instance_accuracy,41843,603,-0.759765625
S_duration_T,uniform,256,train_instance_accuracy,43997,601,-0.79443359375
S_duration_T,uniform,256,train_instance_accuracy,43997,602,-0.7724609375
S_duration_T,uniform,256,train_instance_accuracy,43997,603,-0.751953125
S_duration_T,uniform,256,train_instance_accuracy,46219,601,-0.8046875
S_duration_T,uniform,256,train_instance_accuracy,46219,602,-0.79833984375
S_duration_T,uniform,256,train_instance_accuracy,46219,603,-0.78515625
S_duration_T,uniform,256,clipping,41843,601,-0.029166666666666674
S_duration_T,uniform,256,clipping,41843,602,-0.02083333333333337
S_duration_T,uniform,256,clipping,41843,603,-0.02083333333333337
S_duration_T,uniform,256,clipping,43997,601,-0.02083333333333337
S_duration_T,uniform,256,clipping,43997,602,-0.025000000000000022
S_duration_T,uniform,256,clipping,43997,603,-0.008333333333333304
S_duration_T,uniform,256,clipping,46219,601,-0.01666666666666672
S_duration_T,uniform,256,clipping,46219,602,-0.02083333333333337
S_duration_T,uniform,256,clipping,46219,603,-0.008333333333333304
S_duration_T,uniform,256,total_gain,41843,601,-582.5034668445587
S_duration_T,uniform,256,total_gain,41843,602,-603.7192915678024
S_duration_T,uniform,256,total_gain,41843,603,-590.2538623809814
S_duration_T,uniform,256,total_gain,43997,601,-591.8267068862915
S_duration_T,uniform,256,total_gain,43997,602,-537.1336641311646
S_duration_T,uniform,256,total_gain,43997,603,-560.7899508476257
S_duration_T,uniform,256,total_gain,46219,601,-598.0773811340332
S_duration_T,uniform,256,total_gain,46219,602,-559.7708705663681
S_duration_T,uniform,256,total_gain,46219,603,-594.9454691410065
S_duration_T,uniform,256,negative_gain_fraction,41843,601,0.0
S_duration_T,uniform,256,negative_gain_fraction,41843,602,0.0
S_duration_T,uniform,256,negative_gain_fraction,41843,603,0.0
S_duration_T,uniform,256,negative_gain_fraction,43997,601,0.0
S_duration_T,uniform,256,negative_gain_fraction,43997,602,0.0
S_duration_T,uniform,256,negative_gain_fraction,43997,603,0.0
S_duration_T,uniform,256,negative_gain_fraction,46219,601,0.0
S_duration_T,uniform,256,negative_gain_fraction,46219,602,0.0
S_duration_T,uniform,256,negative_gain_fraction,46219,603,0.0
S_interaction,random,64,p,41843,601,0.0
S_interaction,random,64,p,41843,602,0.0
S_interaction,random,64,p,41843,603,0.0
S_interaction,random,64,p,43997,601,0.0
S_interaction,random,64,p,43997,602,0.0
S_interaction,random,64,p,43997,603,0.0
S_interaction,random,64,p,46219,601,0.0
S_interaction,random,64,p,46219,602,0.0
S_interaction,random,64,p,46219,603,0.0
S_interaction,random,64,objective,41843,601,0.0
S_interaction,random,64,objective,41843,602,0.0
S_interaction,random,64,objective,41843,603,0.0
S_interaction,random,64,objective,43997,601,0.0
S_interaction,random,64,objective,43997,602,0.0
S_interaction,random,64,objective,43997,603,0.0
S_interaction,random,64,objective,46219,601,0.0
S_interaction,random,64,objective,46219,602,0.0
S_interaction,random,64,objective,46219,603,0.0
S_interaction,random,64,train_nll,41843,601,0.0
S_interaction,random,64,train_nll,41843,602,0.0
S_interaction,random,64,train_nll,41843,603,0.0
S_interaction,random,64,train_nll,43997,601,0.0
S_interaction,random,64,train_nll,43997,602,0.0
S_interaction,random,64,train_nll,43997,603,0.0
S_interaction,random,64,train_nll,46219,601,0.0
S_interaction,random,64,train_nll,46219,602,0.0
S_interaction,random,64,train_nll,46219,603,0.0
S_interaction,random,64,validation_nll,41843,601,0.0
S_interaction,random,64,validation_nll,41843,602,0.0
S_interaction,random,64,validation_nll,41843,603,0.0
S_interaction,random,64,validation_nll,43997,601,0.0
S_interaction,random,64,validation_nll,43997,602,0.0
S_interaction,random,64,validation_nll,43997,603,0.0
S_interaction,random,64,validation_nll,46219,601,0.0
S_interaction,random,64,validation_nll,46219,602,0.0
S_interaction,random,64,validation_nll,46219,603,0.0
S_interaction,random,64,test_nll,41843,601,0.0
S_interaction,random,64,test_nll,41843,602,0.0
S_interaction,random,64,test_nll,41843,603,0.0
S_interaction,random,64,test_nll,43997,601,0.0
S_interaction,random,64,test_nll,43997,602,0.0
S_interaction,random,64,test_nll,43997,603,0.0
S_interaction,random,64,test_nll,46219,601,0.0
S_interaction,random,64,test_nll,46219,602,0.0
S_interaction,random,64,test_nll,46219,603,0.0
S_interaction,random,64,train_instance_accuracy,41843,601,0.0
S_interaction,random,64,train_instance_accuracy,41843,602,0.0
S_interaction,random,64,train_instance_accuracy,41843,603,0.0
S_interaction,random,64,train_instance_accuracy,43997,601,0.0
S_interaction,random,64,train_instance_accuracy,43997,602,0.0
S_interaction,random,64,train_instance_accuracy,43997,603,0.0
S_interaction,random,64,train_instance_accuracy,46219,601,0.0
S_interaction,random,64,train_instance_accuracy,46219,602,0.0
S_interaction,random,64,train_instance_accuracy,46219,603,0.0
S_interaction,random,64,clipping,41843,601,0.0
S_interaction,random,64,clipping,41843,602,0.0
S_interaction,random,64,clipping,41843,603,0.0
S_interaction,random,64,clipping,43997,601,0.0
S_interaction,random,64,clipping,43997,602,0.0
S_interaction,random,64,clipping,43997,603,0.0
S_interaction,random,64,clipping,46219,601,0.0
S_interaction,random,64,clipping,46219,602,0.0
S_interaction,random,64,clipping,46219,603,0.0
S_interaction,random,64,total_gain,41843,601,0.0
S_interaction,random,64,total_gain,41843,602,0.0
S_interaction,random,64,total_gain,41843,603,0.0
S_interaction,random,64,total_gain,43997,601,0.0
S_interaction,random,64,total_gain,43997,602,0.0
S_interaction,random,64,total_gain,43997,603,0.0
S_interaction,random,64,total_gain,46219,601,0.0
S_interaction,random,64,total_gain,46219,602,0.0
S_interaction,random,64,total_gain,46219,603,0.0
S_interaction,random,64,negative_gain_fraction,41843,601,0.0
S_interaction,random,64,negative_gain_fraction,41843,602,0.0
S_interaction,random,64,negative_gain_fraction,41843,603,0.0
S_interaction,random,64,negative_gain_fraction,43997,601,0.0
S_interaction,random,64,negative_gain_fraction,43997,602,0.0
S_interaction,random,64,negative_gain_fraction,43997,603,0.0
S_interaction,random,64,negative_gain_fraction,46219,601,0.0
S_interaction,random,64,negative_gain_fraction,46219,602,0.0
S_interaction,random,64,negative_gain_fraction,46219,603,0.0
S_interaction,random,128,p,41843,601,-0.09659094825860513
S_interaction,random,128,p,41843,602,-0.09941915875529858
S_interaction,random,128,p,41843,603,-0.08507524938371203
S_interaction,random,128,p,43997,601,-0.0927117500085273
S_interaction,random,128,p,43997,602,-0.07768644095965319
S_interaction,random,128,p,43997,603,-0.09123576855861268
S_interaction,random,128,p,46219,601,-0.08904641241798926
S_interaction,random,128,p,46219,602,-0.09506660909770862
S_interaction,random,128,p,46219,603,-0.07766157548196956
S_interaction,random,128,objective,41843,601,0.0001376084353048449
S_interaction,random,128,objective,41843,602,6.671951755540613e-05
S_interaction,random,128,objective,41843,603,0.00016940008378293656
S_interaction,random,128,objective,43997,601,9.046004803136221e-05
S_interaction,random,128,objective,43997,602,0.00017347093962355846
S_interaction,random,128,objective,43997,603,0.00011202640623451542
S_interaction,random,128,objective,46219,601,8.45591727413227e-05
S_interaction,random,128,objective,46219,602,7.567370617013802e-05
S_interaction,random,128,objective,46219,603,0.00010866021053330355
S_interaction,random,128,train_nll,41843,601,-0.060300350189208984
S_interaction,random,128,train_nll,41843,602,-0.048244476318359375
S_interaction,random,128,train_nll,41843,603,-0.04448246955871582
S_interaction,random,128,train_nll,43997,601,-0.04403400421142578
S_interaction,random,128,train_nll,43997,602,-0.008349895477294922
S_interaction,random,128,train_nll,43997,603,-0.07478415966033936
S_interaction,random,128,train_nll,46219,601,-0.037386417388916016
S_interaction,random,128,train_nll,46219,602,-0.009688377380371094
S_interaction,random,128,train_nll,46219,603,0.03772711753845215
S_interaction,random,128,validation_nll,41843,601,-0.6284446716308594
S_interaction,random,128,validation_nll,41843,602,-0.613654613494873
S_interaction,random,128,validation_nll,41843,603,-0.5655138492584229
S_interaction,random,128,validation_nll,43997,601,-0.6351590156555176
S_interaction,random,128,validation_nll,43997,602,-0.5311503410339355
S_interaction,random,128,validation_nll,43997,603,-0.5956131219863892
S_interaction,random,128,validation_nll,46219,601,-0.5654267072677612
S_interaction,random,128,validation_nll,46219,602,-0.6000180244445801
S_interaction,random,128,validation_nll,46219,603,-0.5472831726074219
S_interaction,random,128,test_nll,41843,601,-0.6730507612228394
S_interaction,random,128,test_nll,41843,602,-0.5917003154754639
S_interaction,random,128,test_nll,41843,603,-0.5508418083190918
S_interaction,random,128,test_nll,43997,601,-0.6388428211212158
S_interaction,random,128,test_nll,43997,602,-0.5034289360046387
S_interaction,random,128,test_nll,43997,603,-0.635470986366272
S_interaction,random,128,test_nll,46219,601,-0.5928990840911865
S_interaction,random,128,test_nll,46219,602,-0.6072458028793335
S_interaction,random,128,test_nll,46219,603,-0.537684440612793
S_interaction,random,128,train_instance_accuracy,41843,601,-0.13818359375
S_interaction,random,128,train_instance_accuracy,41843,602,-0.14404296875
S_interaction,random,128,train_instance_accuracy,41843,603,-0.14111328125
S_interaction,random,128,train_instance_accuracy,43997,601,-0.14990234375
S_interaction,random,128,train_instance_accuracy,43997,602,-0.130859375
S_interaction,random,128,train_instance_accuracy,43997,603,-0.13671875
S_interaction,random,128,train_instance_accuracy,46219,601,-0.1552734375
S_interaction,random,128,train_instance_accuracy,46219,602,-0.16748046875
S_interaction,random,128,train_instance_accuracy,46219,603,-0.17626953125
S_interaction,random,128,clipping,41843,601,0.0
S_interaction,random,128,clipping,41843,602,0.0
S_interaction,random,128,clipping,41843,603,-0.004166666666666652
S_interaction,random,128,clipping,43997,601,0.0
S_interaction,random,128,clipping,43997,602,0.0
S_interaction,random,128,clipping,43997,603,0.0
S_interaction,random,128,clipping,46219,601,0.0
S_interaction,random,128,clipping,46219,602,0.0
S_interaction,random,128,clipping,46219,603,0.0
S_interaction,random,128,total_gain,41843,601,30.87376606464386
S_interaction,random,128,total_gain,41843,602,24.701258420944214
S_interaction,random,128,total_gain,41843,603,22.77488386631012
S_interaction,random,128,total_gain,43997,601,22.545276522636414
S_interaction,random,128,total_gain,43997,602,4.275180339813232
S_interaction,random,128,total_gain,43997,603,38.28935480117798
S_interaction,random,128,total_gain,46219,601,19.14172065258026
S_interaction,random,128,total_gain,46219,602,4.960438132286072
S_interaction,random,128,total_gain,46219,603,-19.316181659698486
S_interaction,random,128,negative_gain_fraction,41843,601,-0.009765625
S_interaction,random,128,negative_gain_fraction,41843,602,-0.001953125
S_interaction,random,128,negative_gain_fraction,41843,603,-0.00390625
S_interaction,random,128,negative_gain_fraction,43997,601,0.0
S_interaction,random,128,negative_gain_fraction,43997,602,0.0
S_interaction,random,128,negative_gain_fraction,43997,603,-0.00390625
S_interaction,random,128,negative_gain_fraction,46219,601,0.0
S_interaction,random,128,negative_gain_fraction,46219,602,0.0
S_interaction,random,128,negative_gain_fraction,46219,603,-0.009765625
S_interaction,random,256,p,41843,601,0.014831333585345531
S_interaction,random,256,p,41843,602,0.057290217525911416
S_interaction,random,256,p,41843,603,0.028353160220840563
S_interaction,random,256,p,43997,601,0.031120939716671257
S_interaction,random,256,p,43997,602,0.03722126015133613
S_interaction,random,256,p,43997,603,0.03329285289683673
S_interaction,random,256,p,46219,601,0.05653131786640444
S_interaction,random,256,p,46219,602,0.030823354945581055
S_interaction,random,256,p,46219,603,0.04690873770993445
S_interaction,random,256,objective,41843,601,2.5176823492685535e-05
S_interaction,random,256,objective,41843,602,2.0711514396284322e-05
S_interaction,random,256,objective,41843,603,4.1375732631976884e-05
S_interaction,random,256,objective,43997,601,-3.921173947122838e-07
S_interaction,random,256,objective,43997,602,1.5664525317839885e-05
S_interaction,random,256,objective,43997,603,3.98201428311113e-05
S_interaction,random,256,objective,46219,601,7.775315913679475e-05
S_interaction,random,256,objective,46219,602,8.293750691293934e-06
S_interaction,random,256,objective,46219,603,2.818530906956113e-05
S_interaction,random,256,train_nll,41843,601,-0.14092206954956055
S_interaction,random,256,train_nll,41843,602,0.16133522987365723
S_interaction,random,256,train_nll,41843,603,-0.0325239896774292
S_interaction,random,256,train_nll,43997,601,0.06730198860168457
S_interaction,random,256,train_nll,43997,602,0.010119915008544922
S_interaction,random,256,train_nll,43997,603,0.07508587837219238
S_interaction,random,256,train_nll,46219,601,0.13155865669250488
S_interaction,random,256,train_nll,46219,602,-0.12393593788146973
S_interaction,random,256,train_nll,46219,603,0.13229572772979736
S_interaction,random,256,validation_nll,41843,601,-0.10098910331726074
S_interaction,random,256,validation_nll,41843,602,0.35642194747924805
S_interaction,random,256,validation_nll,41843,603,0.06560540199279785
S_interaction,random,256,validation_nll,43997,601,0.03936481475830078
S_interaction,random,256,validation_nll,43997,602,0.1634831428527832
S_interaction,random,256,validation_nll,43997,603,0.1748262643814087
S_interaction,random,256,validation_nll,46219,601,0.3561910390853882
S_interaction,random,256,validation_nll,46219,602,-0.053493499755859375
S_interaction,random,256,validation_nll,46219,603,0.19796967506408691
S_interaction,random,256,test_nll,41843,601,-0.11345767974853516
S_interaction,random,256,test_nll,41843,602,0.33304524421691895
S_interaction,random,256,test_nll,41843,603,0.052393436431884766
S_interaction,random,256,test_nll,43997,601,0.03705716133117676
S_interaction,random,256,test_nll,43997,602,0.17080163955688477
S_interaction,random,256,test_nll,43997,603,0.20518159866333008
S_interaction,random,256,test_nll,46219,601,0.37591052055358887
S_interaction,random,256,test_nll,46219,602,0.003144502639770508
S_interaction,random,256,test_nll,46219,603,0.2568955421447754
S_interaction,random,256,train_instance_accuracy,41843,601,0.07666015625
S_interaction,random,256,train_instance_accuracy,41843,602,0.0419921875
S_interaction,random,256,train_instance_accuracy,41843,603,0.05029296875
S_interaction,random,256,train_instance_accuracy,43997,601,0.02294921875
S_interaction,random,256,train_instance_accuracy,43997,602,0.0595703125
S_interaction,random,256,train_instance_accuracy,43997,603,0.03759765625
S_interaction,random,256,train_instance_accuracy,46219,601,0.04443359375
S_interaction,random,256,train_instance_accuracy,46219,602,0.06201171875
S_interaction,random,256,train_instance_accuracy,46219,603,0.0283203125
S_interaction,random,256,clipping,41843,601,0.0
S_interaction,random,256,clipping,41843,602,0.0
S_interaction,random,256,clipping,41843,603,-0.004166666666666652
S_interaction,random,256,clipping,43997,601,0.0
S_interaction,random,256,clipping,43997,602,0.0
S_interaction,random,256,clipping,43997,603,0.0
S_interaction,random,256,clipping,46219,601,0.0
S_interaction,random,256,clipping,46219,602,0.0
S_interaction,random,256,clipping,46219,603,-0.004166666666666652
S_interaction,random,256,total_gain,41843,601,72.1520220041275
S_interaction,random,256,total_gain,41843,602,-82.60369801521301
S_interaction,random,256,total_gain,41843,603,16.652122497558594
S_interaction,random,256,total_gain,43997,601,-34.458558320999146
S_interaction,random,256,total_gain,43997,602,-5.18150269985199
S_interaction,random,256,total_gain,43997,603,-38.44401669502258
S_interaction,random,256,total_gain,46219,601,-67.35809254646301
S_interaction,random,256,total_gain,46219,602,63.4552606344223
S_interaction,random,256,total_gain,46219,603,-67.73538136482239
S_interaction,random,256,negative_gain_fraction,41843,601,0.0
S_interaction,random,256,negative_gain_fraction,41843,602,0.0
S_interaction,random,256,negative_gain_fraction,41843,603,0.0
S_interaction,random,256,negative_gain_fraction,43997,601,0.0
S_interaction,random,256,negative_gain_fraction,43997,602,0.0
S_interaction,random,256,negative_gain_fraction,43997,603,0.0
S_interaction,random,256,negative_gain_fraction,46219,601,0.0
S_interaction,random,256,negative_gain_fraction,46219,602,0.0
S_interaction,random,256,negative_gain_fraction,46219,603,0.0
S_interaction,uniform,64,p,41843,601,
S_interaction,uniform,64,p,41843,602,
S_interaction,uniform,64,p,41843,603,
S_interaction,uniform,64,p,43997,601,
S_interaction,uniform,64,p,43997,602,
S_interaction,uniform,64,p,43997,603,
S_interaction,uniform,64,p,46219,601,
S_interaction,uniform,64,p,46219,602,
S_interaction,uniform,64,p,46219,603,
S_interaction,uniform,64,objective,41843,601,
S_interaction,uniform,64,objective,41843,602,
S_interaction,uniform,64,objective,41843,603,
S_interaction,uniform,64,objective,43997,601,
S_interaction,uniform,64,objective,43997,602,
S_interaction,uniform,64,objective,43997,603,
S_interaction,uniform,64,objective,46219,601,
S_interaction,uniform,64,objective,46219,602,
S_interaction,uniform,64,objective,46219,603,
S_interaction,uniform,64,train_nll,41843,601,0.0
S_interaction,uniform,64,train_nll,41843,602,0.0
S_interaction,uniform,64,train_nll,41843,603,0.0
S_interaction,uniform,64,train_nll,43997,601,0.0
S_interaction,uniform,64,train_nll,43997,602,0.0
S_interaction,uniform,64,train_nll,43997,603,0.0
S_interaction,uniform,64,train_nll,46219,601,0.0
S_interaction,uniform,64,train_nll,46219,602,0.0
S_interaction,uniform,64,train_nll,46219,603,0.0
S_interaction,uniform,64,validation_nll,41843,601,0.0
S_interaction,uniform,64,validation_nll,41843,602,0.0
S_interaction,uniform,64,validation_nll,41843,603,0.0
S_interaction,uniform,64,validation_nll,43997,601,0.0
S_interaction,uniform,64,validation_nll,43997,602,0.0
S_interaction,uniform,64,validation_nll,43997,603,0.0
S_interaction,uniform,64,validation_nll,46219,601,0.0
S_interaction,uniform,64,validation_nll,46219,602,0.0
S_interaction,uniform,64,validation_nll,46219,603,0.0
S_interaction,uniform,64,test_nll,41843,601,0.0
S_interaction,uniform,64,test_nll,41843,602,0.0
S_interaction,uniform,64,test_nll,41843,603,0.0
S_interaction,uniform,64,test_nll,43997,601,0.0
S_interaction,uniform,64,test_nll,43997,602,0.0
S_interaction,uniform,64,test_nll,43997,603,0.0
S_interaction,uniform,64,test_nll,46219,601,0.0
S_interaction,uniform,64,test_nll,46219,602,0.0
S_interaction,uniform,64,test_nll,46219,603,0.0
S_interaction,uniform,64,train_instance_accuracy,41843,601,0.0
S_interaction,uniform,64,train_instance_accuracy,41843,602,0.0
S_interaction,uniform,64,train_instance_accuracy,41843,603,0.0
S_interaction,uniform,64,train_instance_accuracy,43997,601,0.0
S_interaction,uniform,64,train_instance_accuracy,43997,602,0.0
S_interaction,uniform,64,train_instance_accuracy,43997,603,0.0
S_interaction,uniform,64,train_instance_accuracy,46219,601,0.0
S_interaction,uniform,64,train_instance_accuracy,46219,602,0.0
S_interaction,uniform,64,train_instance_accuracy,46219,603,0.0
S_interaction,uniform,64,clipping,41843,601,0.0
S_interaction,uniform,64,clipping,41843,602,0.0
S_interaction,uniform,64,clipping,41843,603,0.0
S_interaction,uniform,64,clipping,43997,601,0.0
S_interaction,uniform,64,clipping,43997,602,0.0
S_interaction,uniform,64,clipping,43997,603,0.0
S_interaction,uniform,64,clipping,46219,601,0.0
S_interaction,uniform,64,clipping,46219,602,0.0
S_interaction,uniform,64,clipping,46219,603,0.0
S_interaction,uniform,64,total_gain,41843,601,0.0
S_interaction,uniform,64,total_gain,41843,602,0.0
S_interaction,uniform,64,total_gain,41843,603,0.0
S_interaction,uniform,64,total_gain,43997,601,0.0
S_interaction,uniform,64,total_gain,43997,602,0.0
S_interaction,uniform,64,total_gain,43997,603,0.0
S_interaction,uniform,64,total_gain,46219,601,0.0
S_interaction,uniform,64,total_gain,46219,602,0.0
S_interaction,uniform,64,total_gain,46219,603,0.0
S_interaction,uniform,64,negative_gain_fraction,41843,601,0.0
S_interaction,uniform,64,negative_gain_fraction,41843,602,0.0
S_interaction,uniform,64,negative_gain_fraction,41843,603,0.0
S_interaction,uniform,64,negative_gain_fraction,43997,601,0.0
S_interaction,uniform,64,negative_gain_fraction,43997,602,0.0
S_interaction,uniform,64,negative_gain_fraction,43997,603,0.0
S_interaction,uniform,64,negative_gain_fraction,46219,601,0.0
S_interaction,uniform,64,negative_gain_fraction,46219,602,0.0
S_interaction,uniform,64,negative_gain_fraction,46219,603,0.0
S_interaction,uniform,128,p,41843,601,
S_interaction,uniform,128,p,41843,602,
S_interaction,uniform,128,p,41843,603,
S_interaction,uniform,128,p,43997,601,
S_interaction,uniform,128,p,43997,602,
S_interaction,uniform,128,p,43997,603,
S_interaction,uniform,128,p,46219,601,
S_interaction,uniform,128,p,46219,602,
S_interaction,uniform,128,p,46219,603,
S_interaction,uniform,128,objective,41843,601,
S_interaction,uniform,128,objective,41843,602,
S_interaction,uniform,128,objective,41843,603,
S_interaction,uniform,128,objective,43997,601,
S_interaction,uniform,128,objective,43997,602,
S_interaction,uniform,128,objective,43997,603,
S_interaction,uniform,128,objective,46219,601,
S_interaction,uniform,128,objective,46219,602,
S_interaction,uniform,128,objective,46219,603,
S_interaction,uniform,128,train_nll,41843,601,0.6202372312545776
S_interaction,uniform,128,train_nll,41843,602,0.6005756855010986
S_interaction,uniform,128,train_nll,41843,603,0.629945695400238
S_interaction,uniform,128,train_nll,43997,601,0.5668373703956604
S_interaction,uniform,128,train_nll,43997,602,0.6102460622787476
S_interaction,uniform,128,train_nll,43997,603,0.5990018844604492
S_interaction,uniform,128,train_nll,46219,601,0.6121485233306885
S_interaction,uniform,128,train_nll,46219,602,0.5441554188728333
S_interaction,uniform,128,train_nll,46219,603,0.6111515164375305
S_interaction,uniform,128,validation_nll,41843,601,-0.305619478225708
S_interaction,uniform,128,validation_nll,41843,602,-0.2023308277130127
S_interaction,uniform,128,validation_nll,41843,603,-0.1522144079208374
S_interaction,uniform,128,validation_nll,43997,601,-0.20987606048583984
S_interaction,uniform,128,validation_nll,43997,602,-0.1447082757949829
S_interaction,uniform,128,validation_nll,43997,603,-0.2143404483795166
S_interaction,uniform,128,validation_nll,46219,601,-0.1644495725631714
S_interaction,uniform,128,validation_nll,46219,602,-0.17651736736297607
S_interaction,uniform,128,validation_nll,46219,603,-0.2761216163635254
S_interaction,uniform,128,test_nll,41843,601,-0.3324615955352783
S_interaction,uniform,128,test_nll,41843,602,-0.21452760696411133
S_interaction,uniform,128,test_nll,41843,603,-0.2088073492050171
S_interaction,uniform,128,test_nll,43997,601,-0.21197497844696045
S_interaction,uniform,128,test_nll,43997,602,-0.14247381687164307
S_interaction,uniform,128,test_nll,43997,603,-0.22166597843170166
S_interaction,uniform,128,test_nll,46219,601,-0.21637272834777832
S_interaction,uniform,128,test_nll,46219,602,-0.1978543996810913
S_interaction,uniform,128,test_nll,46219,603,-0.2696971893310547
S_interaction,uniform,128,train_instance_accuracy,41843,601,-0.27392578125
S_interaction,uniform,128,train_instance_accuracy,41843,602,-0.2763671875
S_interaction,uniform,128,train_instance_accuracy,41843,603,-0.296875
S_interaction,uniform,128,train_instance_accuracy,43997,601,-0.271484375
S_interaction,uniform,128,train_instance_accuracy,43997,602,-0.3154296875
S_interaction,uniform,128,train_instance_accuracy,43997,603,-0.32177734375
S_interaction,uniform,128,train_instance_accuracy,46219,601,-0.31103515625
S_interaction,uniform,128,train_instance_accuracy,46219,602,-0.2578125
S_interaction,uniform,128,train_instance_accuracy,46219,603,-0.36376953125
S_interaction,uniform,128,clipping,41843,601,-0.033333333333333326
S_interaction,uniform,128,clipping,41843,602,-0.022916666666666696
S_interaction,uniform,128,clipping,41843,603,-0.04166666666666663
S_interaction,uniform,128,clipping,43997,601,-0.01666666666666672
S_interaction,uniform,128,clipping,43997,602,-0.014583333333333393
S_interaction,uniform,128,clipping,43997,603,-0.029166666666666674
S_interaction,uniform,128,clipping,46219,601,-0.022916666666666696
S_interaction,uniform,128,clipping,46219,602,-0.018750000000000044
S_interaction,uniform,128,clipping,46219,603,-0.03125
S_interaction,uniform,128,total_gain,41843,601,-317.5615314245224
S_interaction,uniform,128,total_gain,41843,602,-307.4946104288101
S_interaction,uniform,128,total_gain,41843,603,-322.53223955631256
S_interaction,uniform,128,total_gain,43997,601,-290.2206698656082
S_interaction,uniform,128,total_gain,43997,602,-312.4461328983307
S_interaction,uniform,128,total_gain,43997,603,-306.68887305259705
S_interaction,uniform,128,total_gain,46219,601,-313.4201098680496
S_interaction,uniform,128,total_gain,46219,602,-278.6076053380966
S_interaction,uniform,128,total_gain,46219,603,-312.9096851348877
S_interaction,uniform,128,negative_gain_fraction,41843,601,0.0
S_interaction,uniform,128,negative_gain_fraction,41843,602,0.0
S_interaction,uniform,128,negative_gain_fraction,41843,603,0.0
S_interaction,uniform,128,negative_gain_fraction,43997,601,0.0
S_interaction,uniform,128,negative_gain_fraction,43997,602,0.0
S_interaction,uniform,128,negative_gain_fraction,43997,603,0.0
S_interaction,uniform,128,negative_gain_fraction,46219,601,0.0
S_interaction,uniform,128,negative_gain_fraction,46219,602,0.0
S_interaction,uniform,128,negative_gain_fraction,46219,603,0.0
S_interaction,uniform,256,p,41843,601,
S_interaction,uniform,256,p,41843,602,
S_interaction,uniform,256,p,41843,603,
S_interaction,uniform,256,p,43997,601,
S_interaction,uniform,256,p,43997,602,
S_interaction,uniform,256,p,43997,603,
S_interaction,uniform,256,p,46219,601,
S_interaction,uniform,256,p,46219,602,
S_interaction,uniform,256,p,46219,603,
S_interaction,uniform,256,objective,41843,601,
S_interaction,uniform,256,objective,41843,602,
S_interaction,uniform,256,objective,41843,603,
S_interaction,uniform,256,objective,43997,601,
S_interaction,uniform,256,objective,43997,602,
S_interaction,uniform,256,objective,43997,603,
S_interaction,uniform,256,objective,46219,601,
S_interaction,uniform,256,objective,46219,602,
S_interaction,uniform,256,objective,46219,603,
S_interaction,uniform,256,train_nll,41843,601,-0.13210371136665344
S_interaction,uniform,256,train_nll,41843,602,-0.059625089168548584
S_interaction,uniform,256,train_nll,41843,603,-0.07914669811725616
S_interaction,uniform,256,train_nll,43997,601,-0.04131229221820831
S_interaction,uniform,256,train_nll,43997,602,-0.23088961839675903
S_interaction,uniform,256,train_nll,43997,603,-0.14773093163967133
S_interaction,uniform,256,train_nll,46219,601,-0.08237861096858978
S_interaction,uniform,256,train_nll,46219,602,-0.1488502323627472
S_interaction,uniform,256,train_nll,46219,603,-0.01980285346508026
S_interaction,uniform,256,validation_nll,41843,601,-0.3162992000579834
S_interaction,uniform,256,validation_nll,41843,602,-0.28056204319000244
S_interaction,uniform,256,validation_nll,41843,603,-0.23704040050506592
S_interaction,uniform,256,validation_nll,43997,601,-0.2811199426651001
S_interaction,uniform,256,validation_nll,43997,602,-0.44353437423706055
S_interaction,uniform,256,validation_nll,43997,603,-0.2648392915725708
S_interaction,uniform,256,validation_nll,46219,601,-0.32935142517089844
S_interaction,uniform,256,validation_nll,46219,602,-0.4481908082962036
S_interaction,uniform,256,validation_nll,46219,603,-0.3624997138977051
S_interaction,uniform,256,test_nll,41843,601,-0.32122063636779785
S_interaction,uniform,256,test_nll,41843,602,-0.3083730936050415
S_interaction,uniform,256,test_nll,41843,603,-0.34423601627349854
S_interaction,uniform,256,test_nll,43997,601,-0.16973841190338135
S_interaction,uniform,256,test_nll,43997,602,-0.46178698539733887
S_interaction,uniform,256,test_nll,43997,603,-0.2578340768814087
S_interaction,uniform,256,test_nll,46219,601,-0.32668566703796387
S_interaction,uniform,256,test_nll,46219,602,-0.463578462600708
S_interaction,uniform,256,test_nll,46219,603,-0.3233468532562256
S_interaction,uniform,256,train_instance_accuracy,41843,601,-0.16650390625
S_interaction,uniform,256,train_instance_accuracy,41843,602,-0.2177734375
S_interaction,uniform,256,train_instance_accuracy,41843,603,-0.19384765625
S_interaction,uniform,256,train_instance_accuracy,43997,601,-0.25146484375
S_interaction,uniform,256,train_instance_accuracy,43997,602,-0.146484375
S_interaction,uniform,256,train_instance_accuracy,43997,603,-0.16259765625
S_interaction,uniform,256,train_instance_accuracy,46219,601,-0.203125
S_interaction,uniform,256,train_instance_accuracy,46219,602,-0.181640625
S_interaction,uniform,256,train_instance_accuracy,46219,603,-0.2490234375
S_interaction,uniform,256,clipping,41843,601,-0.008333333333333304
S_interaction,uniform,256,clipping,41843,602,-0.012500000000000067
S_interaction,uniform,256,clipping,41843,603,0.012499999999999956
S_interaction,uniform,256,clipping,43997,601,-0.012500000000000067
S_interaction,uniform,256,clipping,43997,602,-0.012499999999999956
S_interaction,uniform,256,clipping,43997,603,0.0
S_interaction,uniform,256,clipping,46219,601,0.0
S_interaction,uniform,256,clipping,46219,602,-0.012500000000000067
S_interaction,uniform,256,clipping,46219,603,0.004166666666666763
S_interaction,uniform,256,total_gain,41843,601,67.63709008693695
S_interaction,uniform,256,total_gain,41843,602,30.528044939041138
S_interaction,uniform,256,total_gain,41843,603,40.52307176589966
S_interaction,uniform,256,total_gain,43997,601,21.151872992515564
S_interaction,uniform,256,total_gain,43997,602,118.21548461914062
S_interaction,uniform,256,total_gain,43997,603,75.63821625709534
S_interaction,uniform,256,total_gain,46219,601,42.17775022983551
S_interaction,uniform,256,total_gain,46219,602,76.21130645275116
S_interaction,uniform,256,total_gain,46219,603,10.139068603515625
S_interaction,uniform,256,negative_gain_fraction,41843,601,0.0
S_interaction,uniform,256,negative_gain_fraction,41843,602,0.0
S_interaction,uniform,256,negative_gain_fraction,41843,603,0.0
S_interaction,uniform,256,negative_gain_fraction,43997,601,0.0
S_interaction,uniform,256,negative_gain_fraction,43997,602,0.0
S_interaction,uniform,256,negative_gain_fraction,43997,603,0.0
S_interaction,uniform,256,negative_gain_fraction,46219,601,0.0
S_interaction,uniform,256,negative_gain_fraction,46219,602,0.0
S_interaction,uniform,256,negative_gain_fraction,46219,603,0.0
M_optimizer_C30,random,64,p,41843,601,0.0
M_optimizer_C30,random,64,p,41843,602,0.0
M_optimizer_C30,random,64,p,41843,603,0.0
M_optimizer_C30,random,64,p,43997,601,0.0
M_optimizer_C30,random,64,p,43997,602,0.0
M_optimizer_C30,random,64,p,43997,603,0.0
M_optimizer_C30,random,64,p,46219,601,0.0
M_optimizer_C30,random,64,p,46219,602,0.0
M_optimizer_C30,random,64,p,46219,603,0.0
M_optimizer_C30,random,64,objective,41843,601,0.0
M_optimizer_C30,random,64,objective,41843,602,0.0
M_optimizer_C30,random,64,objective,41843,603,0.0
M_optimizer_C30,random,64,objective,43997,601,0.0
M_optimizer_C30,random,64,objective,43997,602,0.0
M_optimizer_C30,random,64,objective,43997,603,0.0
M_optimizer_C30,random,64,objective,46219,601,0.0
M_optimizer_C30,random,64,objective,46219,602,0.0
M_optimizer_C30,random,64,objective,46219,603,0.0
M_optimizer_C30,random,64,train_nll,41843,601,0.0
M_optimizer_C30,random,64,train_nll,41843,602,0.0
M_optimizer_C30,random,64,train_nll,41843,603,0.0
M_optimizer_C30,random,64,train_nll,43997,601,0.0
M_optimizer_C30,random,64,train_nll,43997,602,0.0
M_optimizer_C30,random,64,train_nll,43997,603,0.0
M_optimizer_C30,random,64,train_nll,46219,601,0.0
M_optimizer_C30,random,64,train_nll,46219,602,0.0
M_optimizer_C30,random,64,train_nll,46219,603,0.0
M_optimizer_C30,random,64,validation_nll,41843,601,0.0
M_optimizer_C30,random,64,validation_nll,41843,602,0.0
M_optimizer_C30,random,64,validation_nll,41843,603,0.0
M_optimizer_C30,random,64,validation_nll,43997,601,0.0
M_optimizer_C30,random,64,validation_nll,43997,602,0.0
M_optimizer_C30,random,64,validation_nll,43997,603,0.0
M_optimizer_C30,random,64,validation_nll,46219,601,0.0
M_optimizer_C30,random,64,validation_nll,46219,602,0.0
M_optimizer_C30,random,64,validation_nll,46219,603,0.0
M_optimizer_C30,random,64,test_nll,41843,601,0.0
M_optimizer_C30,random,64,test_nll,41843,602,0.0
M_optimizer_C30,random,64,test_nll,41843,603,0.0
M_optimizer_C30,random,64,test_nll,43997,601,0.0
M_optimizer_C30,random,64,test_nll,43997,602,0.0
M_optimizer_C30,random,64,test_nll,43997,603,0.0
M_optimizer_C30,random,64,test_nll,46219,601,0.0
M_optimizer_C30,random,64,test_nll,46219,602,0.0
M_optimizer_C30,random,64,test_nll,46219,603,0.0
M_optimizer_C30,random,64,train_instance_accuracy,41843,601,0.0
M_optimizer_C30,random,64,train_instance_accuracy,41843,602,0.0
M_optimizer_C30,random,64,train_instance_accuracy,41843,603,0.0
M_optimizer_C30,random,64,train_instance_accuracy,43997,601,0.0
M_optimizer_C30,random,64,train_instance_accuracy,43997,602,0.0
M_optimizer_C30,random,64,train_instance_accuracy,43997,603,0.0
M_optimizer_C30,random,64,train_instance_accuracy,46219,601,0.0
M_optimizer_C30,random,64,train_instance_accuracy,46219,602,0.0
M_optimizer_C30,random,64,train_instance_accuracy,46219,603,0.0
M_optimizer_C30,random,64,clipping,41843,601,0.0
M_optimizer_C30,random,64,clipping,41843,602,0.0
M_optimizer_C30,random,64,clipping,41843,603,0.0
M_optimizer_C30,random,64,clipping,43997,601,0.0
M_optimizer_C30,random,64,clipping,43997,602,0.0
M_optimizer_C30,random,64,clipping,43997,603,0.0
M_optimizer_C30,random,64,clipping,46219,601,0.0
M_optimizer_C30,random,64,clipping,46219,602,0.0
M_optimizer_C30,random,64,clipping,46219,603,0.0
M_optimizer_C30,random,64,total_gain,41843,601,0.0
M_optimizer_C30,random,64,total_gain,41843,602,0.0
M_optimizer_C30,random,64,total_gain,41843,603,0.0
M_optimizer_C30,random,64,total_gain,43997,601,0.0
M_optimizer_C30,random,64,total_gain,43997,602,0.0
M_optimizer_C30,random,64,total_gain,43997,603,0.0
M_optimizer_C30,random,64,total_gain,46219,601,0.0
M_optimizer_C30,random,64,total_gain,46219,602,0.0
M_optimizer_C30,random,64,total_gain,46219,603,0.0
M_optimizer_C30,random,64,negative_gain_fraction,41843,601,0.0
M_optimizer_C30,random,64,negative_gain_fraction,41843,602,0.0
M_optimizer_C30,random,64,negative_gain_fraction,41843,603,0.0
M_optimizer_C30,random,64,negative_gain_fraction,43997,601,0.0
M_optimizer_C30,random,64,negative_gain_fraction,43997,602,0.0
M_optimizer_C30,random,64,negative_gain_fraction,43997,603,0.0
M_optimizer_C30,random,64,negative_gain_fraction,46219,601,0.0
M_optimizer_C30,random,64,negative_gain_fraction,46219,602,0.0
M_optimizer_C30,random,64,negative_gain_fraction,46219,603,0.0
M_optimizer_C30,random,128,p,41843,601,0.11016340129708549
M_optimizer_C30,random,128,p,41843,602,0.12228661149904652
M_optimizer_C30,random,128,p,41843,603,0.11318534072673292
M_optimizer_C30,random,128,p,43997,601,0.10744292673609086
M_optimizer_C30,random,128,p,43997,602,0.10642377835174816
M_optimizer_C30,random,128,p,43997,603,0.11049858379400708
M_optimizer_C30,random,128,p,46219,601,0.10037620189682608
M_optimizer_C30,random,128,p,46219,602,0.10894318738915663
M_optimizer_C30,random,128,p,46219,603,0.10406922821519952
M_optimizer_C30,random,128,objective,41843,601,-0.00011418441191899889
M_optimizer_C30,random,128,objective,41843,602,-2.5785878898627567e-05
M_optimizer_C30,random,128,objective,41843,603,-0.0001562530920536095
M_optimizer_C30,random,128,objective,43997,601,-6.109452085171181e-05
M_optimizer_C30,random,128,objective,43997,602,-0.0001529442273394799
M_optimizer_C30,random,128,objective,43997,603,-0.0001030445373184973
M_optimizer_C30,random,128,objective,46219,601,-5.3763973392567145e-05
M_optimizer_C30,random,128,objective,46219,602,-5.882772184052427e-05
M_optimizer_C30,random,128,objective,46219,603,-8.453764403572249e-05
M_optimizer_C30,random,128,train_nll,41843,601,-0.19922208786010742
M_optimizer_C30,random,128,train_nll,41843,602,-0.179540753364563
M_optimizer_C30,random,128,train_nll,41843,603,-0.18122553825378418
M_optimizer_C30,random,128,train_nll,43997,601,-0.17146742343902588
M_optimizer_C30,random,128,train_nll,43997,602,-0.16983270645141602
M_optimizer_C30,random,128,train_nll,43997,603,-0.20326316356658936
M_optimizer_C30,random,128,train_nll,46219,601,-0.22893083095550537
M_optimizer_C30,random,128,train_nll,46219,602,-0.208457350730896
M_optimizer_C30,random,128,train_nll,46219,603,-0.23621785640716553
M_optimizer_C30,random,128,validation_nll,41843,601,0.4397587776184082
M_optimizer_C30,random,128,validation_nll,41843,602,0.45542311668395996
M_optimizer_C30,random,128,validation_nll,41843,603,0.489823579788208
M_optimizer_C30,random,128,validation_nll,43997,601,0.43857359886169434
M_optimizer_C30,random,128,validation_nll,43997,602,0.4772195816040039
M_optimizer_C30,random,128,validation_nll,43997,603,0.47441720962524414
M_optimizer_C30,random,128,validation_nll,46219,601,0.4364163875579834
M_optimizer_C30,random,128,validation_nll,46219,602,0.436995267868042
M_optimizer_C30,random,128,validation_nll,46219,603,0.4685370922088623
M_optimizer_C30,random,128,test_nll,41843,601,0.45861005783081055
M_optimizer_C30,random,128,test_nll,41843,602,0.44388747215270996
M_optimizer_C30,random,128,test_nll,41843,603,0.4842977523803711
M_optimizer_C30,random,128,test_nll,43997,601,0.4559035301208496
M_optimizer_C30,random,128,test_nll,43997,602,0.45693373680114746
M_optimizer_C30,random,128,test_nll,43997,603,0.48969125747680664
M_optimizer_C30,random,128,test_nll,46219,601,0.4339265823364258
M_optimizer_C30,random,128,test_nll,46219,602,0.42553091049194336
M_optimizer_C30,random,128,test_nll,46219,603,0.46309900283813477
M_optimizer_C30,random,128,train_instance_accuracy,41843,601,0.1923828125
M_optimizer_C30,random,128,train_instance_accuracy,41843,602,0.177734375
M_optimizer_C30,random,128,train_instance_accuracy,41843,603,0.1748046875
M_optimizer_C30,random,128,train_instance_accuracy,43997,601,0.19140625
M_optimizer_C30,random,128,train_instance_accuracy,43997,602,0.1796875
M_optimizer_C30,random,128,train_instance_accuracy,43997,603,0.20361328125
M_optimizer_C30,random,128,train_instance_accuracy,46219,601,0.18212890625
M_optimizer_C30,random,128,train_instance_accuracy,46219,602,0.171875
M_optimizer_C30,random,128,train_instance_accuracy,46219,603,0.1875
M_optimizer_C30,random,128,clipping,41843,601,0.0
M_optimizer_C30,random,128,clipping,41843,602,0.0
M_optimizer_C30,random,128,clipping,41843,603,0.0
M_optimizer_C30,random,128,clipping,43997,601,0.0
M_optimizer_C30,random,128,clipping,43997,602,0.0
M_optimizer_C30,random,128,clipping,43997,603,0.002083333333333326
M_optimizer_C30,random,128,clipping,46219,601,0.0
M_optimizer_C30,random,128,clipping,46219,602,0.0
M_optimizer_C30,random,128,clipping,46219,603,0.0
M_optimizer_C30,random,128,total_gain,41843,601,102.00169503688812
M_optimizer_C30,random,128,total_gain,41843,602,91.92484617233276
M_optimizer_C30,random,128,total_gain,41843,603,92.78762114048004
M_optimizer_C30,random,128,total_gain,43997,601,87.79141366481781
M_optimizer_C30,random,128,total_gain,43997,602,86.95429682731628
M_optimizer_C30,random,128,total_gain,43997,603,104.07075357437134
M_optimizer_C30,random,128,total_gain,46219,601,117.21249687671661
M_optimizer_C30,random,128,total_gain,46219,602,106.73017120361328
M_optimizer_C30,random,128,total_gain,46219,603,120.94344866275787
M_optimizer_C30,random,128,negative_gain_fraction,41843,601,0.009765625
M_optimizer_C30,random,128,negative_gain_fraction,41843,602,0.005859375
M_optimizer_C30,random,128,negative_gain_fraction,41843,603,0.005859375
M_optimizer_C30,random,128,negative_gain_fraction,43997,601,0.0
M_optimizer_C30,random,128,negative_gain_fraction,43997,602,0.001953125
M_optimizer_C30,random,128,negative_gain_fraction,43997,603,0.00390625
M_optimizer_C30,random,128,negative_gain_fraction,46219,601,0.001953125
M_optimizer_C30,random,128,negative_gain_fraction,46219,602,0.00390625
M_optimizer_C30,random,128,negative_gain_fraction,46219,603,0.009765625
M_optimizer_C30,random,256,p,41843,601,-0.0015010783978811615
M_optimizer_C30,random,256,p,41843,602,0.005706082714913574
M_optimizer_C30,random,256,p,41843,603,-0.004769373454200476
M_optimizer_C30,random,256,p,43997,601,-0.0018815039151356405
M_optimizer_C30,random,256,p,43997,602,-0.0036931504315265984
M_optimizer_C30,random,256,p,43997,603,0.0018667551519573333
M_optimizer_C30,random,256,p,46219,601,-0.0005768576565328698
M_optimizer_C30,random,256,p,46219,602,0.00429691918109959
M_optimizer_C30,random,256,p,46219,603,-0.005032117078075271
M_optimizer_C30,random,256,objective,41843,601,3.292838596077074e-05
M_optimizer_C30,random,256,objective,41843,602,7.164059657808095e-05
M_optimizer_C30,random,256,objective,41843,603,2.8700002020104217e-05
M_optimizer_C30,random,256,objective,43997,601,3.5325600004560574e-05
M_optimizer_C30,random,256,objective,43997,602,2.8555317558308127e-05
M_optimizer_C30,random,256,objective,43997,603,2.3266706535483687e-05
M_optimizer_C30,random,256,objective,46219,601,2.9609565951686957e-05
M_optimizer_C30,random,256,objective,46219,602,3.697838771009335e-05
M_optimizer_C30,random,256,objective,46219,603,4.703206573878665e-05
M_optimizer_C30,random,256,train_nll,41843,601,-0.05377471446990967
M_optimizer_C30,random,256,train_nll,41843,602,-0.09279167652130127
M_optimizer_C30,random,256,train_nll,41843,603,-0.1028602123260498
M_optimizer_C30,random,256,train_nll,43997,601,-0.09327733516693115
M_optimizer_C30,random,256,train_nll,43997,602,-0.10377788543701172
M_optimizer_C30,random,256,train_nll,43997,603,-0.03990507125854492
M_optimizer_C30,random,256,train_nll,46219,601,-0.048899054527282715
M_optimizer_C30,random,256,train_nll,46219,602,-0.026479363441467285
M_optimizer_C30,random,256,train_nll,46219,603,-0.13702750205993652
M_optimizer_C30,random,256,validation_nll,41843,601,0.0913078784942627
M_optimizer_C30,random,256,validation_nll,41843,602,0.19691205024719238
M_optimizer_C30,random,256,validation_nll,41843,603,0.020450830459594727
M_optimizer_C30,random,256,validation_nll,43997,601,-0.013542652130126953
M_optimizer_C30,random,256,validation_nll,43997,602,0.04133033752441406
M_optimizer_C30,random,256,validation_nll,43997,603,-0.01762557029724121
M_optimizer_C30,random,256,validation_nll,46219,601,0.05166435241699219
M_optimizer_C30,random,256,validation_nll,46219,602,0.16817402839660645
M_optimizer_C30,random,256,validation_nll,46219,603,0.08145523071289062
M_optimizer_C30,random,256,test_nll,41843,601,0.07053112983703613
M_optimizer_C30,random,256,test_nll,41843,602,0.15965986251831055
M_optimizer_C30,random,256,test_nll,41843,603,0.03322887420654297
M_optimizer_C30,random,256,test_nll,43997,601,-0.0335078239440918
M_optimizer_C30,random,256,test_nll,43997,602,-0.011046648025512695
M_optimizer_C30,random,256,test_nll,43997,603,-0.016158103942871094
M_optimizer_C30,random,256,test_nll,46219,601,0.04454541206359863
M_optimizer_C30,random,256,test_nll,46219,602,0.1558701992034912
M_optimizer_C30,random,256,test_nll,46219,603,0.054276227951049805
M_optimizer_C30,random,256,train_instance_accuracy,41843,601,0.0146484375
M_optimizer_C30,random,256,train_instance_accuracy,41843,602,0.02001953125
M_optimizer_C30,random,256,train_instance_accuracy,41843,603,0.033203125
M_optimizer_C30,random,256,train_instance_accuracy,43997,601,0.03076171875
M_optimizer_C30,random,256,train_instance_accuracy,43997,602,0.0302734375
M_optimizer_C30,random,256,train_instance_accuracy,43997,603,0.01220703125
M_optimizer_C30,random,256,train_instance_accuracy,46219,601,0.0322265625
M_optimizer_C30,random,256,train_instance_accuracy,46219,602,0.01953125
M_optimizer_C30,random,256,train_instance_accuracy,46219,603,0.0458984375
M_optimizer_C30,random,256,clipping,41843,601,0.0
M_optimizer_C30,random,256,clipping,41843,602,0.0
M_optimizer_C30,random,256,clipping,41843,603,-0.002083333333333326
M_optimizer_C30,random,256,clipping,43997,601,0.0
M_optimizer_C30,random,256,clipping,43997,602,0.0
M_optimizer_C30,random,256,clipping,43997,603,0.002083333333333326
M_optimizer_C30,random,256,clipping,46219,601,0.0
M_optimizer_C30,random,256,clipping,46219,602,0.0
M_optimizer_C30,random,256,clipping,46219,603,-0.002083333333333326
M_optimizer_C30,random,256,total_gain,41843,601,27.5327171087265
M_optimizer_C30,random,256,total_gain,41843,602,47.50924742221832
M_optimizer_C30,random,256,total_gain,41843,603,52.664371490478516
M_optimizer_C30,random,256,total_gain,43997,601,47.75790786743164
M_optimizer_C30,random,256,total_gain,43997,602,53.13421332836151
M_optimizer_C30,random,256,total_gain,43997,603,20.431358695030212
M_optimizer_C30,random,256,total_gain,46219,601,25.03628385066986
M_optimizer_C30,random,256,total_gain,46219,602,13.55740737915039
M_optimizer_C30,random,256,total_gain,46219,603,70.15803623199463
M_optimizer_C30,random,256,negative_gain_fraction,41843,601,0.0
M_optimizer_C30,random,256,negative_gain_fraction,41843,602,0.0
M_optimizer_C30,random,256,negative_gain_fraction,41843,603,0.0
M_optimizer_C30,random,256,negative_gain_fraction,43997,601,0.0
M_optimizer_C30,random,256,negative_gain_fraction,43997,602,0.0
M_optimizer_C30,random,256,negative_gain_fraction,43997,603,0.0
M_optimizer_C30,random,256,negative_gain_fraction,46219,601,0.0
M_optimizer_C30,random,256,negative_gain_fraction,46219,602,0.0
M_optimizer_C30,random,256,negative_gain_fraction,46219,603,0.0
M_optimizer_C30,uniform,64,p,41843,601,
M_optimizer_C30,uniform,64,p,41843,602,
M_optimizer_C30,uniform,64,p,41843,603,
M_optimizer_C30,uniform,64,p,43997,601,
M_optimizer_C30,uniform,64,p,43997,602,
M_optimizer_C30,uniform,64,p,43997,603,
M_optimizer_C30,uniform,64,p,46219,601,
M_optimizer_C30,uniform,64,p,46219,602,
M_optimizer_C30,uniform,64,p,46219,603,
M_optimizer_C30,uniform,64,objective,41843,601,
M_optimizer_C30,uniform,64,objective,41843,602,
M_optimizer_C30,uniform,64,objective,41843,603,
M_optimizer_C30,uniform,64,objective,43997,601,
M_optimizer_C30,uniform,64,objective,43997,602,
M_optimizer_C30,uniform,64,objective,43997,603,
M_optimizer_C30,uniform,64,objective,46219,601,
M_optimizer_C30,uniform,64,objective,46219,602,
M_optimizer_C30,uniform,64,objective,46219,603,
M_optimizer_C30,uniform,64,train_nll,41843,601,0.0
M_optimizer_C30,uniform,64,train_nll,41843,602,0.0
M_optimizer_C30,uniform,64,train_nll,41843,603,0.0
M_optimizer_C30,uniform,64,train_nll,43997,601,0.0
M_optimizer_C30,uniform,64,train_nll,43997,602,0.0
M_optimizer_C30,uniform,64,train_nll,43997,603,0.0
M_optimizer_C30,uniform,64,train_nll,46219,601,0.0
M_optimizer_C30,uniform,64,train_nll,46219,602,0.0
M_optimizer_C30,uniform,64,train_nll,46219,603,0.0
M_optimizer_C30,uniform,64,validation_nll,41843,601,0.0
M_optimizer_C30,uniform,64,validation_nll,41843,602,0.0
M_optimizer_C30,uniform,64,validation_nll,41843,603,0.0
M_optimizer_C30,uniform,64,validation_nll,43997,601,0.0
M_optimizer_C30,uniform,64,validation_nll,43997,602,0.0
M_optimizer_C30,uniform,64,validation_nll,43997,603,0.0
M_optimizer_C30,uniform,64,validation_nll,46219,601,0.0
M_optimizer_C30,uniform,64,validation_nll,46219,602,0.0
M_optimizer_C30,uniform,64,validation_nll,46219,603,0.0
M_optimizer_C30,uniform,64,test_nll,41843,601,0.0
M_optimizer_C30,uniform,64,test_nll,41843,602,0.0
M_optimizer_C30,uniform,64,test_nll,41843,603,0.0
M_optimizer_C30,uniform,64,test_nll,43997,601,0.0
M_optimizer_C30,uniform,64,test_nll,43997,602,0.0
M_optimizer_C30,uniform,64,test_nll,43997,603,0.0
M_optimizer_C30,uniform,64,test_nll,46219,601,0.0
M_optimizer_C30,uniform,64,test_nll,46219,602,0.0
M_optimizer_C30,uniform,64,test_nll,46219,603,0.0
M_optimizer_C30,uniform,64,train_instance_accuracy,41843,601,0.0
M_optimizer_C30,uniform,64,train_instance_accuracy,41843,602,0.0
M_optimizer_C30,uniform,64,train_instance_accuracy,41843,603,0.0
M_optimizer_C30,uniform,64,train_instance_accuracy,43997,601,0.0
M_optimizer_C30,uniform,64,train_instance_accuracy,43997,602,0.0
M_optimizer_C30,uniform,64,train_instance_accuracy,43997,603,0.0
M_optimizer_C30,uniform,64,train_instance_accuracy,46219,601,0.0
M_optimizer_C30,uniform,64,train_instance_accuracy,46219,602,0.0
M_optimizer_C30,uniform,64,train_instance_accuracy,46219,603,0.0
M_optimizer_C30,uniform,64,clipping,41843,601,0.0
M_optimizer_C30,uniform,64,clipping,41843,602,0.0
M_optimizer_C30,uniform,64,clipping,41843,603,0.0
M_optimizer_C30,uniform,64,clipping,43997,601,0.0
M_optimizer_C30,uniform,64,clipping,43997,602,0.0
M_optimizer_C30,uniform,64,clipping,43997,603,0.0
M_optimizer_C30,uniform,64,clipping,46219,601,0.0
M_optimizer_C30,uniform,64,clipping,46219,602,0.0
M_optimizer_C30,uniform,64,clipping,46219,603,0.0
M_optimizer_C30,uniform,64,total_gain,41843,601,0.0
M_optimizer_C30,uniform,64,total_gain,41843,602,0.0
M_optimizer_C30,uniform,64,total_gain,41843,603,0.0
M_optimizer_C30,uniform,64,total_gain,43997,601,0.0
M_optimizer_C30,uniform,64,total_gain,43997,602,0.0
M_optimizer_C30,uniform,64,total_gain,43997,603,0.0
M_optimizer_C30,uniform,64,total_gain,46219,601,0.0
M_optimizer_C30,uniform,64,total_gain,46219,602,0.0
M_optimizer_C30,uniform,64,total_gain,46219,603,0.0
M_optimizer_C30,uniform,64,negative_gain_fraction,41843,601,0.0
M_optimizer_C30,uniform,64,negative_gain_fraction,41843,602,0.0
M_optimizer_C30,uniform,64,negative_gain_fraction,41843,603,0.0
M_optimizer_C30,uniform,64,negative_gain_fraction,43997,601,0.0
M_optimizer_C30,uniform,64,negative_gain_fraction,43997,602,0.0
M_optimizer_C30,uniform,64,negative_gain_fraction,43997,603,0.0
M_optimizer_C30,uniform,64,negative_gain_fraction,46219,601,0.0
M_optimizer_C30,uniform,64,negative_gain_fraction,46219,602,0.0
M_optimizer_C30,uniform,64,negative_gain_fraction,46219,603,0.0
M_optimizer_C30,uniform,128,p,41843,601,
M_optimizer_C30,uniform,128,p,41843,602,
M_optimizer_C30,uniform,128,p,41843,603,
M_optimizer_C30,uniform,128,p,43997,601,
M_optimizer_C30,uniform,128,p,43997,602,
M_optimizer_C30,uniform,128,p,43997,603,
M_optimizer_C30,uniform,128,p,46219,601,
M_optimizer_C30,uniform,128,p,46219,602,
M_optimizer_C30,uniform,128,p,46219,603,
M_optimizer_C30,uniform,128,objective,41843,601,
M_optimizer_C30,uniform,128,objective,41843,602,
M_optimizer_C30,uniform,128,objective,41843,603,
M_optimizer_C30,uniform,128,objective,43997,601,
M_optimizer_C30,uniform,128,objective,43997,602,
M_optimizer_C30,uniform,128,objective,43997,603,
M_optimizer_C30,uniform,128,objective,46219,601,
M_optimizer_C30,uniform,128,objective,46219,602,
M_optimizer_C30,uniform,128,objective,46219,603,
M_optimizer_C30,uniform,128,train_nll,41843,601,-0.7086753249168396
M_optimizer_C30,uniform,128,train_nll,41843,602,-0.7594292759895325
M_optimizer_C30,uniform,128,train_nll,41843,603,-0.803186297416687
M_optimizer_C30,uniform,128,train_nll,43997,601,-0.7321725487709045
M_optimizer_C30,uniform,128,train_nll,43997,602,-0.8350198268890381
M_optimizer_C30,uniform,128,train_nll,43997,603,-0.8156818151473999
M_optimizer_C30,uniform,128,train_nll,46219,601,-0.7857679128646851
M_optimizer_C30,uniform,128,train_nll,46219,602,-0.7682976126670837
M_optimizer_C30,uniform,128,train_nll,46219,603,-0.829727828502655
M_optimizer_C30,uniform,128,validation_nll,41843,601,0.14529132843017578
M_optimizer_C30,uniform,128,validation_nll,41843,602,0.1606045961380005
M_optimizer_C30,uniform,128,validation_nll,41843,603,0.13538801670074463
M_optimizer_C30,uniform,128,validation_nll,43997,601,0.030748605728149414
M_optimizer_C30,uniform,128,validation_nll,43997,602,0.018754005432128906
M_optimizer_C30,uniform,128,validation_nll,43997,603,0.002560138702392578
M_optimizer_C30,uniform,128,validation_nll,46219,601,0.07782959938049316
M_optimizer_C30,uniform,128,validation_nll,46219,602,-0.00505828857421875
M_optimizer_C30,uniform,128,validation_nll,46219,603,0.17886793613433838
M_optimizer_C30,uniform,128,test_nll,41843,601,0.1458348035812378
M_optimizer_C30,uniform,128,test_nll,41843,602,0.12881004810333252
M_optimizer_C30,uniform,128,test_nll,41843,603,0.13256371021270752
M_optimizer_C30,uniform,128,test_nll,43997,601,0.04359447956085205
M_optimizer_C30,uniform,128,test_nll,43997,602,0.031230449676513672
M_optimizer_C30,uniform,128,test_nll,43997,603,0.015549182891845703
M_optimizer_C30,uniform,128,test_nll,46219,601,0.12263178825378418
M_optimizer_C30,uniform,128,test_nll,46219,602,0.002109527587890625
M_optimizer_C30,uniform,128,test_nll,46219,603,0.1649545431137085
M_optimizer_C30,uniform,128,train_instance_accuracy,41843,601,0.26318359375
M_optimizer_C30,uniform,128,train_instance_accuracy,41843,602,0.2744140625
M_optimizer_C30,uniform,128,train_instance_accuracy,41843,603,0.33837890625
M_optimizer_C30,uniform,128,train_instance_accuracy,43997,601,0.28662109375
M_optimizer_C30,uniform,128,train_instance_accuracy,43997,602,0.3984375
M_optimizer_C30,uniform,128,train_instance_accuracy,43997,603,0.38671875
M_optimizer_C30,uniform,128,train_instance_accuracy,46219,601,0.33203125
M_optimizer_C30,uniform,128,train_instance_accuracy,46219,602,0.28662109375
M_optimizer_C30,uniform,128,train_instance_accuracy,46219,603,0.38818359375
M_optimizer_C30,uniform,128,clipping,41843,601,-0.01666666666666672
M_optimizer_C30,uniform,128,clipping,41843,602,0.008333333333333304
M_optimizer_C30,uniform,128,clipping,41843,603,-0.008333333333333415
M_optimizer_C30,uniform,128,clipping,43997,601,-0.004166666666666652
M_optimizer_C30,uniform,128,clipping,43997,602,-0.012500000000000067
M_optimizer_C30,uniform,128,clipping,43997,603,-0.022916666666666696
M_optimizer_C30,uniform,128,clipping,46219,601,-0.01666666666666672
M_optimizer_C30,uniform,128,clipping,46219,602,-0.014583333333333393
M_optimizer_C30,uniform,128,clipping,46219,603,-0.01666666666666672
M_optimizer_C30,uniform,128,total_gain,41843,601,362.8417823314667
M_optimizer_C30,uniform,128,total_gain,41843,602,388.8277848958969
M_optimizer_C30,uniform,128,total_gain,41843,603,411.23143315315247
M_optimizer_C30,uniform,128,total_gain,43997,601,374.87244153022766
M_optimizer_C30,uniform,128,total_gain,43997,602,427.530055642128
M_optimizer_C30,uniform,128,total_gain,43997,603,417.6290457248688
M_optimizer_C30,uniform,128,total_gain,46219,601,402.3131272792816
M_optimizer_C30,uniform,128,total_gain,46219,602,393.36846697330475
M_optimizer_C30,uniform,128,total_gain,46219,603,424.8206248283386
M_optimizer_C30,uniform,128,negative_gain_fraction,41843,601,0.0
M_optimizer_C30,uniform,128,negative_gain_fraction,41843,602,0.0
M_optimizer_C30,uniform,128,negative_gain_fraction,41843,603,0.0
M_optimizer_C30,uniform,128,negative_gain_fraction,43997,601,0.0
M_optimizer_C30,uniform,128,negative_gain_fraction,43997,602,0.0
M_optimizer_C30,uniform,128,negative_gain_fraction,43997,603,0.0
M_optimizer_C30,uniform,128,negative_gain_fraction,46219,601,0.0
M_optimizer_C30,uniform,128,negative_gain_fraction,46219,602,0.0
M_optimizer_C30,uniform,128,negative_gain_fraction,46219,603,0.0
M_optimizer_C30,uniform,256,p,41843,601,
M_optimizer_C30,uniform,256,p,41843,602,
M_optimizer_C30,uniform,256,p,41843,603,
M_optimizer_C30,uniform,256,p,43997,601,
M_optimizer_C30,uniform,256,p,43997,602,
M_optimizer_C30,uniform,256,p,43997,603,
M_optimizer_C30,uniform,256,p,46219,601,
M_optimizer_C30,uniform,256,p,46219,602,
M_optimizer_C30,uniform,256,p,46219,603,
M_optimizer_C30,uniform,256,objective,41843,601,
M_optimizer_C30,uniform,256,objective,41843,602,
M_optimizer_C30,uniform,256,objective,41843,603,
M_optimizer_C30,uniform,256,objective,43997,601,
M_optimizer_C30,uniform,256,objective,43997,602,
M_optimizer_C30,uniform,256,objective,43997,603,
M_optimizer_C30,uniform,256,objective,46219,601,
M_optimizer_C30,uniform,256,objective,46219,602,
M_optimizer_C30,uniform,256,objective,46219,603,
M_optimizer_C30,uniform,256,train_nll,41843,601,-0.2593822479248047
M_optimizer_C30,uniform,256,train_nll,41843,602,-0.2884499430656433
M_optimizer_C30,uniform,256,train_nll,41843,603,-0.18166160583496094
M_optimizer_C30,uniform,256,train_nll,43997,601,-0.2784690707921982
M_optimizer_C30,uniform,256,train_nll,43997,602,-0.2621235251426697
M_optimizer_C30,uniform,256,train_nll,43997,603,-0.18223129212856293
M_optimizer_C30,uniform,256,train_nll,46219,601,-0.23788638412952423
M_optimizer_C30,uniform,256,train_nll,46219,602,-0.29757940769195557
M_optimizer_C30,uniform,256,train_nll,46219,603,-0.23862291872501373
M_optimizer_C30,uniform,256,validation_nll,41843,601,-0.04126334190368652
M_optimizer_C30,uniform,256,validation_nll,41843,602,0.25270533561706543
M_optimizer_C30,uniform,256,validation_nll,41843,603,0.226212739944458
M_optimizer_C30,uniform,256,validation_nll,43997,601,0.10719656944274902
M_optimizer_C30,uniform,256,validation_nll,43997,602,0.24380528926849365
M_optimizer_C30,uniform,256,validation_nll,43997,603,0.11558151245117188
M_optimizer_C30,uniform,256,validation_nll,46219,601,0.24824070930480957
M_optimizer_C30,uniform,256,validation_nll,46219,602,0.26863372325897217
M_optimizer_C30,uniform,256,validation_nll,46219,603,0.14109265804290771
M_optimizer_C30,uniform,256,test_nll,41843,601,0.022205114364624023
M_optimizer_C30,uniform,256,test_nll,41843,602,0.2389998435974121
M_optimizer_C30,uniform,256,test_nll,41843,603,0.18280553817749023
M_optimizer_C30,uniform,256,test_nll,43997,601,0.08657979965209961
M_optimizer_C30,uniform,256,test_nll,43997,602,0.26375865936279297
M_optimizer_C30,uniform,256,test_nll,43997,603,0.15327739715576172
M_optimizer_C30,uniform,256,test_nll,46219,601,0.2150585651397705
M_optimizer_C30,uniform,256,test_nll,46219,602,0.2810858488082886
M_optimizer_C30,uniform,256,test_nll,46219,603,0.15550851821899414
M_optimizer_C30,uniform,256,train_instance_accuracy,41843,601,0.208984375
M_optimizer_C30,uniform,256,train_instance_accuracy,41843,602,0.25390625
M_optimizer_C30,uniform,256,train_instance_accuracy,41843,603,0.1474609375
M_optimizer_C30,uniform,256,train_instance_accuracy,43997,601,0.23974609375
M_optimizer_C30,uniform,256,train_instance_accuracy,43997,602,0.2333984375
M_optimizer_C30,uniform,256,train_instance_accuracy,43997,603,0.12646484375
M_optimizer_C30,uniform,256,train_instance_accuracy,46219,601,0.21337890625
M_optimizer_C30,uniform,256,train_instance_accuracy,46219,602,0.259765625
M_optimizer_C30,uniform,256,train_instance_accuracy,46219,603,0.20068359375
M_optimizer_C30,uniform,256,clipping,41843,601,-0.002083333333333326
M_optimizer_C30,uniform,256,clipping,41843,602,-0.01041666666666674
M_optimizer_C30,uniform,256,clipping,41843,603,-0.01041666666666674
M_optimizer_C30,uniform,256,clipping,43997,601,-0.012500000000000067
M_optimizer_C30,uniform,256,clipping,43997,602,-0.006249999999999978
M_optimizer_C30,uniform,256,clipping,43997,603,-0.004166666666666652
M_optimizer_C30,uniform,256,clipping,46219,601,-0.01041666666666674
M_optimizer_C30,uniform,256,clipping,46219,602,-0.006249999999999978
M_optimizer_C30,uniform,256,clipping,46219,603,-0.004166666666666652
M_optimizer_C30,uniform,256,total_gain,41843,601,132.80371737480164
M_optimizer_C30,uniform,256,total_gain,41843,602,147.68638491630554
M_optimizer_C30,uniform,256,total_gain,41843,603,93.010746717453
M_optimizer_C30,uniform,256,total_gain,43997,601,142.57616090774536
M_optimizer_C30,uniform,256,total_gain,43997,602,134.2072525024414
M_optimizer_C30,uniform,256,total_gain,43997,603,93.30240321159363
M_optimizer_C30,uniform,256,total_gain,46219,601,121.79782319068909
M_optimizer_C30,uniform,256,total_gain,46219,602,152.36065244674683
M_optimizer_C30,uniform,256,total_gain,46219,603,122.17493915557861
M_optimizer_C30,uniform,256,negative_gain_fraction,41843,601,0.0
M_optimizer_C30,uniform,256,negative_gain_fraction,41843,602,0.0
M_optimizer_C30,uniform,256,negative_gain_fraction,41843,603,0.0
M_optimizer_C30,uniform,256,negative_gain_fraction,43997,601,0.0
M_optimizer_C30,uniform,256,negative_gain_fraction,43997,602,0.0
M_optimizer_C30,uniform,256,negative_gain_fraction,43997,603,0.0
M_optimizer_C30,uniform,256,negative_gain_fraction,46219,601,0.0
M_optimizer_C30,uniform,256,negative_gain_fraction,46219,602,0.0
M_optimizer_C30,uniform,256,negative_gain_fraction,46219,603,0.0
M_duration_F,random,64,p,41843,601,0.0
M_duration_F,random,64,p,41843,602,0.0
M_duration_F,random,64,p,41843,603,0.0
M_duration_F,random,64,p,43997,601,0.0
M_duration_F,random,64,p,43997,602,0.0
M_duration_F,random,64,p,43997,603,0.0
M_duration_F,random,64,p,46219,601,0.0
M_duration_F,random,64,p,46219,602,0.0
M_duration_F,random,64,p,46219,603,0.0
M_duration_F,random,64,objective,41843,601,0.0
M_duration_F,random,64,objective,41843,602,0.0
M_duration_F,random,64,objective,41843,603,0.0
M_duration_F,random,64,objective,43997,601,0.0
M_duration_F,random,64,objective,43997,602,0.0
M_duration_F,random,64,objective,43997,603,0.0
M_duration_F,random,64,objective,46219,601,0.0
M_duration_F,random,64,objective,46219,602,0.0
M_duration_F,random,64,objective,46219,603,0.0
M_duration_F,random,64,train_nll,41843,601,0.0
M_duration_F,random,64,train_nll,41843,602,0.0
M_duration_F,random,64,train_nll,41843,603,0.0
M_duration_F,random,64,train_nll,43997,601,0.0
M_duration_F,random,64,train_nll,43997,602,0.0
M_duration_F,random,64,train_nll,43997,603,0.0
M_duration_F,random,64,train_nll,46219,601,0.0
M_duration_F,random,64,train_nll,46219,602,0.0
M_duration_F,random,64,train_nll,46219,603,0.0
M_duration_F,random,64,validation_nll,41843,601,0.0
M_duration_F,random,64,validation_nll,41843,602,0.0
M_duration_F,random,64,validation_nll,41843,603,0.0
M_duration_F,random,64,validation_nll,43997,601,0.0
M_duration_F,random,64,validation_nll,43997,602,0.0
M_duration_F,random,64,validation_nll,43997,603,0.0
M_duration_F,random,64,validation_nll,46219,601,0.0
M_duration_F,random,64,validation_nll,46219,602,0.0
M_duration_F,random,64,validation_nll,46219,603,0.0
M_duration_F,random,64,test_nll,41843,601,0.0
M_duration_F,random,64,test_nll,41843,602,0.0
M_duration_F,random,64,test_nll,41843,603,0.0
M_duration_F,random,64,test_nll,43997,601,0.0
M_duration_F,random,64,test_nll,43997,602,0.0
M_duration_F,random,64,test_nll,43997,603,0.0
M_duration_F,random,64,test_nll,46219,601,0.0
M_duration_F,random,64,test_nll,46219,602,0.0
M_duration_F,random,64,test_nll,46219,603,0.0
M_duration_F,random,64,train_instance_accuracy,41843,601,0.0
M_duration_F,random,64,train_instance_accuracy,41843,602,0.0
M_duration_F,random,64,train_instance_accuracy,41843,603,0.0
M_duration_F,random,64,train_instance_accuracy,43997,601,0.0
M_duration_F,random,64,train_instance_accuracy,43997,602,0.0
M_duration_F,random,64,train_instance_accuracy,43997,603,0.0
M_duration_F,random,64,train_instance_accuracy,46219,601,0.0
M_duration_F,random,64,train_instance_accuracy,46219,602,0.0
M_duration_F,random,64,train_instance_accuracy,46219,603,0.0
M_duration_F,random,64,clipping,41843,601,0.0
M_duration_F,random,64,clipping,41843,602,0.0
M_duration_F,random,64,clipping,41843,603,0.0
M_duration_F,random,64,clipping,43997,601,0.0
M_duration_F,random,64,clipping,43997,602,0.0
M_duration_F,random,64,clipping,43997,603,0.0
M_duration_F,random,64,clipping,46219,601,0.0
M_duration_F,random,64,clipping,46219,602,0.0
M_duration_F,random,64,clipping,46219,603,0.0
M_duration_F,random,64,total_gain,41843,601,0.0
M_duration_F,random,64,total_gain,41843,602,0.0
M_duration_F,random,64,total_gain,41843,603,0.0
M_duration_F,random,64,total_gain,43997,601,0.0
M_duration_F,random,64,total_gain,43997,602,0.0
M_duration_F,random,64,total_gain,43997,603,0.0
M_duration_F,random,64,total_gain,46219,601,0.0
M_duration_F,random,64,total_gain,46219,602,0.0
M_duration_F,random,64,total_gain,46219,603,0.0
M_duration_F,random,64,negative_gain_fraction,41843,601,0.0
M_duration_F,random,64,negative_gain_fraction,41843,602,0.0
M_duration_F,random,64,negative_gain_fraction,41843,603,0.0
M_duration_F,random,64,negative_gain_fraction,43997,601,0.0
M_duration_F,random,64,negative_gain_fraction,43997,602,0.0
M_duration_F,random,64,negative_gain_fraction,43997,603,0.0
M_duration_F,random,64,negative_gain_fraction,46219,601,0.0
M_duration_F,random,64,negative_gain_fraction,46219,602,0.0
M_duration_F,random,64,negative_gain_fraction,46219,603,0.0
M_duration_F,random,128,p,41843,601,-0.07551113461742437
M_duration_F,random,128,p,41843,602,-0.0745795177419303
M_duration_F,random,128,p,41843,603,-0.07995653659966438
M_duration_F,random,128,p,43997,601,-0.07454148029867938
M_duration_F,random,128,p,43997,602,-0.06977543297939769
M_duration_F,random,128,p,43997,603,-0.06765908116576574
M_duration_F,random,128,p,46219,601,-0.07712987514542348
M_duration_F,random,128,p,46219,602,-0.0678754828885395
M_duration_F,random,128,p,46219,603,-0.07435657765732767
M_duration_F,random,128,objective,41843,601,-0.00017194157876879065
M_duration_F,random,128,objective,41843,602,-8.69503868586324e-05
M_duration_F,random,128,objective,41843,603,-0.00023738550596045832
M_duration_F,random,128,objective,43997,601,-0.000135820780734526
M_duration_F,random,128,objective,43997,602,-0.00018195165480743873
M_duration_F,random,128,objective,43997,603,-0.00015293422204654648
M_duration_F,random,128,objective,46219,601,-0.00012451926208204825
M_duration_F,random,128,objective,46219,602,-0.0001522978051102137
M_duration_F,random,128,objective,46219,603,-0.00018198316859929277
M_duration_F,random,128,train_nll,41843,601,0.23598861694335938
M_duration_F,random,128,train_nll,41843,602,0.21564733982086182
M_duration_F,random,128,train_nll,41843,603,0.19422698020935059
M_duration_F,random,128,train_nll,43997,601,0.260677695274353
M_duration_F,random,128,train_nll,43997,602,0.2709237337112427
M_duration_F,random,128,train_nll,43997,603,0.21359634399414062
M_duration_F,random,128,train_nll,46219,601,0.22211170196533203
M_duration_F,random,128,train_nll,46219,602,0.2557802200317383
M_duration_F,random,128,train_nll,46219,603,0.2215794324874878
M_duration_F,random,128,validation_nll,41843,601,-0.08244943618774414
M_duration_F,random,128,validation_nll,41843,602,-0.12183070182800293
M_duration_F,random,128,validation_nll,41843,603,-0.13929033279418945
M_duration_F,random,128,validation_nll,43997,601,-0.07729077339172363
M_duration_F,random,128,validation_nll,43997,602,-0.029559850692749023
M_duration_F,random,128,validation_nll,43997,603,-0.08457350730895996
M_duration_F,random,128,validation_nll,46219,601,-0.10040450096130371
M_duration_F,random,128,validation_nll,46219,602,-0.05271553993225098
M_duration_F,random,128,validation_nll,46219,603,-0.09892702102661133
M_duration_F,random,128,test_nll,41843,601,-0.05709052085876465
M_duration_F,random,128,test_nll,41843,602,-0.09920597076416016
M_duration_F,random,128,test_nll,41843,603,-0.10629487037658691
M_duration_F,random,128,test_nll,43997,601,-0.07011079788208008
M_duration_F,random,128,test_nll,43997,602,-0.04571032524108887
M_duration_F,random,128,test_nll,43997,603,-0.09206008911132812
M_duration_F,random,128,test_nll,46219,601,-0.1045839786529541
M_duration_F,random,128,test_nll,46219,602,-0.036460161209106445
M_duration_F,random,128,test_nll,46219,603,-0.09219098091125488
M_duration_F,random,128,train_instance_accuracy,41843,601,-0.10888671875
M_duration_F,random,128,train_instance_accuracy,41843,602,-0.0966796875
M_duration_F,random,128,train_instance_accuracy,41843,603,-0.1171875
M_duration_F,random,128,train_instance_accuracy,43997,601,-0.12353515625
M_duration_F,random,128,train_instance_accuracy,43997,602,-0.111328125
M_duration_F,random,128,train_instance_accuracy,43997,603,-0.10009765625
M_duration_F,random,128,train_instance_accuracy,46219,601,-0.12109375
M_duration_F,random,128,train_instance_accuracy,46219,602,-0.11181640625
M_duration_F,random,128,train_instance_accuracy,46219,603,-0.119140625
M_duration_F,random,128,clipping,41843,601,0.0
M_duration_F,random,128,clipping,41843,602,0.0
M_duration_F,random,128,clipping,41843,603,-0.004166666666666652
M_duration_F,random,128,clipping,43997,601,0.0
M_duration_F,random,128,clipping,43997,602,0.0
M_duration_F,random,128,clipping,43997,603,-0.008333333333333304
M_duration_F,random,128,clipping,46219,601,0.0
M_duration_F,random,128,clipping,46219,602,0.0
M_duration_F,random,128,clipping,46219,603,-0.004166666666666652
M_duration_F,random,128,total_gain,41843,601,-120.82614648342133
M_duration_F,random,128,total_gain,41843,602,-110.41136348247528
M_duration_F,random,128,total_gain,41843,603,-99.44412505626678
M_duration_F,random,128,total_gain,43997,601,-133.4669679403305
M_duration_F,random,128,total_gain,43997,602,-138.71291184425354
M_duration_F,random,128,total_gain,43997,603,-109.3612585067749
M_duration_F,random,128,total_gain,46219,601,-113.72110772132874
M_duration_F,random,128,total_gain,46219,602,-130.95946276187897
M_duration_F,random,128,total_gain,46219,603,-113.4487419128418
M_duration_F,random,128,negative_gain_fraction,41843,601,0.0
M_duration_F,random,128,negative_gain_fraction,41843,602,0.0
M_duration_F,random,128,negative_gain_fraction,41843,603,0.0
M_duration_F,random,128,negative_gain_fraction,43997,601,0.0
M_duration_F,random,128,negative_gain_fraction,43997,602,0.0
M_duration_F,random,128,negative_gain_fraction,43997,603,0.0
M_duration_F,random,128,negative_gain_fraction,46219,601,0.0
M_duration_F,random,128,negative_gain_fraction,46219,602,0.0
M_duration_F,random,128,negative_gain_fraction,46219,603,0.0
M_duration_F,random,256,p,41843,601,-0.10924051671958457
M_duration_F,random,256,p,41843,602,-0.10316131170004204
M_duration_F,random,256,p,41843,603,-0.10706604527269899
M_duration_F,random,256,p,43997,601,-0.113352870672239
M_duration_F,random,256,p,43997,602,-0.09340100409630875
M_duration_F,random,256,p,43997,603,-0.10325369141956571
M_duration_F,random,256,p,46219,601,-0.11203147133208971
M_duration_F,random,256,p,46219,602,-0.10048186863543107
M_duration_F,random,256,p,46219,603,-0.11126899924628471
M_duration_F,random,256,objective,41843,601,-2.1605101417417064e-05
M_duration_F,random,256,objective,41843,602,-2.9725603495272125e-05
M_duration_F,random,256,objective,41843,603,5.977389748085199e-06
M_duration_F,random,256,objective,43997,601,-3.398436692441652e-05
M_duration_F,random,256,objective,43997,602,1.8930823015067728e-06
M_duration_F,random,256,objective,43997,603,-2.663513775785045e-05
M_duration_F,random,256,objective,46219,601,-3.7601913544168896e-05
M_duration_F,random,256,objective,46219,602,-3.7426671356126484e-05
M_duration_F,random,256,objective,46219,603,-2.811556285505984e-05
M_duration_F,random,256,train_nll,41843,601,0.5119749307632446
M_duration_F,random,256,train_nll,41843,602,0.46924030780792236
M_duration_F,random,256,train_nll,41843,603,0.462613582611084
M_duration_F,random,256,train_nll,43997,601,0.388744592666626
M_duration_F,random,256,train_nll,43997,602,0.6101925373077393
M_duration_F,random,256,train_nll,43997,603,0.4504053592681885
M_duration_F,random,256,train_nll,46219,601,0.46577155590057373
M_duration_F,random,256,train_nll,46219,602,0.5653866529464722
M_duration_F,random,256,train_nll,46219,603,0.3802074193954468
M_duration_F,random,256,validation_nll,41843,601,-0.653209924697876
M_duration_F,random,256,validation_nll,41843,602,-0.584134578704834
M_duration_F,random,256,validation_nll,41843,603,-0.6622099876403809
M_duration_F,random,256,validation_nll,43997,601,-0.7169759273529053
M_duration_F,random,256,validation_nll,43997,602,-0.5397775173187256
M_duration_F,random,256,validation_nll,43997,603,-0.7297835350036621
M_duration_F,random,256,validation_nll,46219,601,-0.6843414306640625
M_duration_F,random,256,validation_nll,46219,602,-0.580317497253418
M_duration_F,random,256,validation_nll,46219,603,-0.6911005973815918
M_duration_F,random,256,test_nll,41843,601,-0.6950829029083252
M_duration_F,random,256,test_nll,41843,602,-0.5761065483093262
M_duration_F,random,256,test_nll,41843,603,-0.7106001377105713
M_duration_F,random,256,test_nll,43997,601,-0.7629895210266113
M_duration_F,random,256,test_nll,43997,602,-0.5339443683624268
M_duration_F,random,256,test_nll,43997,603,-0.7536025047302246
M_duration_F,random,256,test_nll,46219,601,-0.7593247890472412
M_duration_F,random,256,test_nll,46219,602,-0.6331984996795654
M_duration_F,random,256,test_nll,46219,603,-0.7241787910461426
M_duration_F,random,256,train_instance_accuracy,41843,601,-0.3603515625
M_duration_F,random,256,train_instance_accuracy,41843,602,-0.32666015625
M_duration_F,random,256,train_instance_accuracy,41843,603,-0.3408203125
M_duration_F,random,256,train_instance_accuracy,43997,601,-0.33837890625
M_duration_F,random,256,train_instance_accuracy,43997,602,-0.36865234375
M_duration_F,random,256,train_instance_accuracy,43997,603,-0.3564453125
M_duration_F,random,256,train_instance_accuracy,46219,601,-0.35009765625
M_duration_F,random,256,train_instance_accuracy,46219,602,-0.365234375
M_duration_F,random,256,train_instance_accuracy,46219,603,-0.34033203125
M_duration_F,random,256,clipping,41843,601,0.0
M_duration_F,random,256,clipping,41843,602,0.0
M_duration_F,random,256,clipping,41843,603,-0.004166666666666652
M_duration_F,random,256,clipping,43997,601,0.0
M_duration_F,random,256,clipping,43997,602,0.0
M_duration_F,random,256,clipping,43997,603,-0.008333333333333304
M_duration_F,random,256,clipping,46219,601,0.0
M_duration_F,random,256,clipping,46219,602,0.0
M_duration_F,random,256,clipping,46219,603,-0.004166666666666652
M_duration_F,random,256,total_gain,41843,601,-262.131081700325
M_duration_F,random,256,total_gain,41843,602,-240.2510508298874
M_duration_F,random,256,total_gain,41843,603,-236.85814571380615
M_duration_F,random,256,total_gain,43997,601,-199.0373262166977
M_duration_F,random,256,total_gain,43997,602,-312.418653011322
M_duration_F,random,256,total_gain,43997,603,-230.60755920410156
M_duration_F,random,256,total_gain,46219,601,-238.4750953912735
M_duration_F,random,256,total_gain,46219,602,-289.47804975509644
M_duration_F,random,256,total_gain,46219,603,-194.6662564277649
M_duration_F,random,256,negative_gain_fraction,41843,601,0.0
M_duration_F,random,256,negative_gain_fraction,41843,602,0.0
M_duration_F,random,256,negative_gain_fraction,41843,603,0.0
M_duration_F,random,256,negative_gain_fraction,43997,601,0.0
M_duration_F,random,256,negative_gain_fraction,43997,602,0.0
M_duration_F,random,256,negative_gain_fraction,43997,603,0.0
M_duration_F,random,256,negative_gain_fraction,46219,601,0.0
M_duration_F,random,256,negative_gain_fraction,46219,602,0.0
M_duration_F,random,256,negative_gain_fraction,46219,603,0.0
M_duration_F,uniform,64,p,41843,601,
M_duration_F,uniform,64,p,41843,602,
M_duration_F,uniform,64,p,41843,603,
M_duration_F,uniform,64,p,43997,601,
M_duration_F,uniform,64,p,43997,602,
M_duration_F,uniform,64,p,43997,603,
M_duration_F,uniform,64,p,46219,601,
M_duration_F,uniform,64,p,46219,602,
M_duration_F,uniform,64,p,46219,603,
M_duration_F,uniform,64,objective,41843,601,
M_duration_F,uniform,64,objective,41843,602,
M_duration_F,uniform,64,objective,41843,603,
M_duration_F,uniform,64,objective,43997,601,
M_duration_F,uniform,64,objective,43997,602,
M_duration_F,uniform,64,objective,43997,603,
M_duration_F,uniform,64,objective,46219,601,
M_duration_F,uniform,64,objective,46219,602,
M_duration_F,uniform,64,objective,46219,603,
M_duration_F,uniform,64,train_nll,41843,601,0.0
M_duration_F,uniform,64,train_nll,41843,602,0.0
M_duration_F,uniform,64,train_nll,41843,603,0.0
M_duration_F,uniform,64,train_nll,43997,601,0.0
M_duration_F,uniform,64,train_nll,43997,602,0.0
M_duration_F,uniform,64,train_nll,43997,603,0.0
M_duration_F,uniform,64,train_nll,46219,601,0.0
M_duration_F,uniform,64,train_nll,46219,602,0.0
M_duration_F,uniform,64,train_nll,46219,603,0.0
M_duration_F,uniform,64,validation_nll,41843,601,0.0
M_duration_F,uniform,64,validation_nll,41843,602,0.0
M_duration_F,uniform,64,validation_nll,41843,603,0.0
M_duration_F,uniform,64,validation_nll,43997,601,0.0
M_duration_F,uniform,64,validation_nll,43997,602,0.0
M_duration_F,uniform,64,validation_nll,43997,603,0.0
M_duration_F,uniform,64,validation_nll,46219,601,0.0
M_duration_F,uniform,64,validation_nll,46219,602,0.0
M_duration_F,uniform,64,validation_nll,46219,603,0.0
M_duration_F,uniform,64,test_nll,41843,601,0.0
M_duration_F,uniform,64,test_nll,41843,602,0.0
M_duration_F,uniform,64,test_nll,41843,603,0.0
M_duration_F,uniform,64,test_nll,43997,601,0.0
M_duration_F,uniform,64,test_nll,43997,602,0.0
M_duration_F,uniform,64,test_nll,43997,603,0.0
M_duration_F,uniform,64,test_nll,46219,601,0.0
M_duration_F,uniform,64,test_nll,46219,602,0.0
M_duration_F,uniform,64,test_nll,46219,603,0.0
M_duration_F,uniform,64,train_instance_accuracy,41843,601,0.0
M_duration_F,uniform,64,train_instance_accuracy,41843,602,0.0
M_duration_F,uniform,64,train_instance_accuracy,41843,603,0.0
M_duration_F,uniform,64,train_instance_accuracy,43997,601,0.0
M_duration_F,uniform,64,train_instance_accuracy,43997,602,0.0
M_duration_F,uniform,64,train_instance_accuracy,43997,603,0.0
M_duration_F,uniform,64,train_instance_accuracy,46219,601,0.0
M_duration_F,uniform,64,train_instance_accuracy,46219,602,0.0
M_duration_F,uniform,64,train_instance_accuracy,46219,603,0.0
M_duration_F,uniform,64,clipping,41843,601,0.0
M_duration_F,uniform,64,clipping,41843,602,0.0
M_duration_F,uniform,64,clipping,41843,603,0.0
M_duration_F,uniform,64,clipping,43997,601,0.0
M_duration_F,uniform,64,clipping,43997,602,0.0
M_duration_F,uniform,64,clipping,43997,603,0.0
M_duration_F,uniform,64,clipping,46219,601,0.0
M_duration_F,uniform,64,clipping,46219,602,0.0
M_duration_F,uniform,64,clipping,46219,603,0.0
M_duration_F,uniform,64,total_gain,41843,601,0.0
M_duration_F,uniform,64,total_gain,41843,602,0.0
M_duration_F,uniform,64,total_gain,41843,603,0.0
M_duration_F,uniform,64,total_gain,43997,601,0.0
M_duration_F,uniform,64,total_gain,43997,602,0.0
M_duration_F,uniform,64,total_gain,43997,603,0.0
M_duration_F,uniform,64,total_gain,46219,601,0.0
M_duration_F,uniform,64,total_gain,46219,602,0.0
M_duration_F,uniform,64,total_gain,46219,603,0.0
M_duration_F,uniform,64,negative_gain_fraction,41843,601,0.0
M_duration_F,uniform,64,negative_gain_fraction,41843,602,0.0
M_duration_F,uniform,64,negative_gain_fraction,41843,603,0.0
M_duration_F,uniform,64,negative_gain_fraction,43997,601,0.0
M_duration_F,uniform,64,negative_gain_fraction,43997,602,0.0
M_duration_F,uniform,64,negative_gain_fraction,43997,603,0.0
M_duration_F,uniform,64,negative_gain_fraction,46219,601,0.0
M_duration_F,uniform,64,negative_gain_fraction,46219,602,0.0
M_duration_F,uniform,64,negative_gain_fraction,46219,603,0.0
M_duration_F,uniform,128,p,41843,601,
M_duration_F,uniform,128,p,41843,602,
M_duration_F,uniform,128,p,41843,603,
M_duration_F,uniform,128,p,43997,601,
M_duration_F,uniform,128,p,43997,602,
M_duration_F,uniform,128,p,43997,603,
M_duration_F,uniform,128,p,46219,601,
M_duration_F,uniform,128,p,46219,602,
M_duration_F,uniform,128,p,46219,603,
M_duration_F,uniform,128,objective,41843,601,
M_duration_F,uniform,128,objective,41843,602,
M_duration_F,uniform,128,objective,41843,603,
M_duration_F,uniform,128,objective,43997,601,
M_duration_F,uniform,128,objective,43997,602,
M_duration_F,uniform,128,objective,43997,603,
M_duration_F,uniform,128,objective,46219,601,
M_duration_F,uniform,128,objective,46219,602,
M_duration_F,uniform,128,objective,46219,603,
M_duration_F,uniform,128,train_nll,41843,601,0.363972544670105
M_duration_F,uniform,128,train_nll,41843,602,0.3600996732711792
M_duration_F,uniform,128,train_nll,41843,603,0.3769795894622803
M_duration_F,uniform,128,train_nll,43997,601,0.41211986541748047
M_duration_F,uniform,128,train_nll,43997,602,0.4355813264846802
M_duration_F,uniform,128,train_nll,43997,603,0.44543349742889404
M_duration_F,uniform,128,train_nll,46219,601,0.3865962028503418
M_duration_F,uniform,128,train_nll,46219,602,0.3939777612686157
M_duration_F,uniform,128,train_nll,46219,603,0.4188699722290039
M_duration_F,uniform,128,validation_nll,41843,601,-0.03519487380981445
M_duration_F,uniform,128,validation_nll,41843,602,0.004420757293701172
M_duration_F,uniform,128,validation_nll,41843,603,-0.028016209602355957
M_duration_F,uniform,128,validation_nll,43997,601,0.0620877742767334
M_duration_F,uniform,128,validation_nll,43997,602,0.03755021095275879
M_duration_F,uniform,128,validation_nll,43997,603,0.0691148042678833
M_duration_F,uniform,128,validation_nll,46219,601,0.04532968997955322
M_duration_F,uniform,128,validation_nll,46219,602,0.0500948429107666
M_duration_F,uniform,128,validation_nll,46219,603,0.08525943756103516
M_duration_F,uniform,128,test_nll,41843,601,-0.024103164672851562
M_duration_F,uniform,128,test_nll,41843,602,0.025023937225341797
M_duration_F,uniform,128,test_nll,41843,603,0.010760784149169922
M_duration_F,uniform,128,test_nll,43997,601,0.05758500099182129
M_duration_F,uniform,128,test_nll,43997,602,0.044141173362731934
M_duration_F,uniform,128,test_nll,43997,603,0.0664825439453125
M_duration_F,uniform,128,test_nll,46219,601,0.04990041255950928
M_duration_F,uniform,128,test_nll,46219,602,0.04990684986114502
M_duration_F,uniform,128,test_nll,46219,603,0.07296514511108398
M_duration_F,uniform,128,train_instance_accuracy,41843,601,-0.07568359375
M_duration_F,uniform,128,train_instance_accuracy,41843,602,-0.0732421875
M_duration_F,uniform,128,train_instance_accuracy,41843,603,-0.078125
M_duration_F,uniform,128,train_instance_accuracy,43997,601,-0.07666015625
M_duration_F,uniform,128,train_instance_accuracy,43997,602,-0.09228515625
M_duration_F,uniform,128,train_instance_accuracy,43997,603,-0.0849609375
M_duration_F,uniform,128,train_instance_accuracy,46219,601,-0.06201171875
M_duration_F,uniform,128,train_instance_accuracy,46219,602,-0.0771484375
M_duration_F,uniform,128,train_instance_accuracy,46219,603,-0.0771484375
M_duration_F,uniform,128,clipping,41843,601,0.006249999999999978
M_duration_F,uniform,128,clipping,41843,602,0.014583333333333282
M_duration_F,uniform,128,clipping,41843,603,0.01041666666666663
M_duration_F,uniform,128,clipping,43997,601,0.01041666666666663
M_duration_F,uniform,128,clipping,43997,602,0.004166666666666652
M_duration_F,uniform,128,clipping,43997,603,0.002083333333333326
M_duration_F,uniform,128,clipping,46219,601,0.002083333333333326
M_duration_F,uniform,128,clipping,46219,602,0.004166666666666652
M_duration_F,uniform,128,clipping,46219,603,0.004166666666666652
M_duration_F,uniform,128,total_gain,41843,601,-186.3539628982544
M_duration_F,uniform,128,total_gain,41843,602,-184.37091326713562
M_duration_F,uniform,128,total_gain,41843,603,-193.0135074853897
M_duration_F,uniform,128,total_gain,43997,601,-211.0052833557129
M_duration_F,uniform,128,total_gain,43997,602,-223.0177493095398
M_duration_F,uniform,128,total_gain,43997,603,-228.06199944019318
M_duration_F,uniform,128,total_gain,46219,601,-197.93722915649414
M_duration_F,uniform,128,total_gain,46219,602,-201.7165571451187
M_duration_F,uniform,128,total_gain,46219,603,-214.46139299869537
M_duration_F,uniform,128,negative_gain_fraction,41843,601,0.0
M_duration_F,uniform,128,negative_gain_fraction,41843,602,0.0
M_duration_F,uniform,128,negative_gain_fraction,41843,603,0.0
M_duration_F,uniform,128,negative_gain_fraction,43997,601,0.0
M_duration_F,uniform,128,negative_gain_fraction,43997,602,0.0
M_duration_F,uniform,128,negative_gain_fraction,43997,603,0.0
M_duration_F,uniform,128,negative_gain_fraction,46219,601,0.0
M_duration_F,uniform,128,negative_gain_fraction,46219,602,0.0
M_duration_F,uniform,128,negative_gain_fraction,46219,603,0.0
M_duration_F,uniform,256,p,41843,601,
M_duration_F,uniform,256,p,41843,602,
M_duration_F,uniform,256,p,41843,603,
M_duration_F,uniform,256,p,43997,601,
M_duration_F,uniform,256,p,43997,602,
M_duration_F,uniform,256,p,43997,603,
M_duration_F,uniform,256,p,46219,601,
M_duration_F,uniform,256,p,46219,602,
M_duration_F,uniform,256,p,46219,603,
M_duration_F,uniform,256,objective,41843,601,
M_duration_F,uniform,256,objective,41843,602,
M_duration_F,uniform,256,objective,41843,603,
M_duration_F,uniform,256,objective,43997,601,
M_duration_F,uniform,256,objective,43997,602,
M_duration_F,uniform,256,objective,43997,603,
M_duration_F,uniform,256,objective,46219,601,
M_duration_F,uniform,256,objective,46219,602,
M_duration_F,uniform,256,objective,46219,603,
M_duration_F,uniform,256,train_nll,41843,601,1.2796598076820374
M_duration_F,uniform,256,train_nll,41843,602,1.2442050576210022
M_duration_F,uniform,256,train_nll,41843,603,1.3480572700500488
M_duration_F,uniform,256,train_nll,43997,601,1.246645301580429
M_duration_F,uniform,256,train_nll,43997,602,1.2288372814655304
M_duration_F,uniform,256,train_nll,43997,603,1.30533567070961
M_duration_F,uniform,256,train_nll,46219,601,1.2354486584663391
M_duration_F,uniform,256,train_nll,46219,602,1.2141537070274353
M_duration_F,uniform,256,train_nll,46219,603,1.2429771423339844
M_duration_F,uniform,256,validation_nll,41843,601,-0.3899654150009155
M_duration_F,uniform,256,validation_nll,41843,602,-0.20588552951812744
M_duration_F,uniform,256,validation_nll,41843,603,-0.2809382677078247
M_duration_F,uniform,256,validation_nll,43997,601,-0.2823387384414673
M_duration_F,uniform,256,validation_nll,43997,602,-0.10164892673492432
M_duration_F,uniform,256,validation_nll,43997,603,-0.21377849578857422
M_duration_F,uniform,256,validation_nll,46219,601,-0.19431841373443604
M_duration_F,uniform,256,validation_nll,46219,602,-0.157639741897583
M_duration_F,uniform,256,validation_nll,46219,603,-0.21157872676849365
M_duration_F,uniform,256,test_nll,41843,601,-0.3592175245285034
M_duration_F,uniform,256,test_nll,41843,602,-0.21765339374542236
M_duration_F,uniform,256,test_nll,41843,603,-0.265545129776001
M_duration_F,uniform,256,test_nll,43997,601,-0.2896764278411865
M_duration_F,uniform,256,test_nll,43997,602,-0.061211466789245605
M_duration_F,uniform,256,test_nll,43997,603,-0.20303213596343994
M_duration_F,uniform,256,test_nll,46219,601,-0.2587226629257202
M_duration_F,uniform,256,test_nll,46219,602,-0.1949295997619629
M_duration_F,uniform,256,test_nll,46219,603,-0.22594404220581055
M_duration_F,uniform,256,train_instance_accuracy,41843,601,-0.5986328125
M_duration_F,uniform,256,train_instance_accuracy,41843,602,-0.55859375
M_duration_F,uniform,256,train_instance_accuracy,41843,603,-0.65869140625
M_duration_F,uniform,256,train_instance_accuracy,43997,601,-0.59326171875
M_duration_F,uniform,256,train_instance_accuracy,43997,602,-0.5556640625
M_duration_F,uniform,256,train_instance_accuracy,43997,603,-0.6484375
M_duration_F,uniform,256,train_instance_accuracy,46219,601,-0.58251953125
M_duration_F,uniform,256,train_instance_accuracy,46219,602,-0.57373046875
M_duration_F,uniform,256,train_instance_accuracy,46219,603,-0.5859375
M_duration_F,uniform,256,clipping,41843,601,-0.02083333333333337
M_duration_F,uniform,256,clipping,41843,602,-0.012500000000000067
M_duration_F,uniform,256,clipping,41843,603,-0.01666666666666672
M_duration_F,uniform,256,clipping,43997,601,-0.01666666666666672
M_duration_F,uniform,256,clipping,43997,602,-0.008333333333333304
M_duration_F,uniform,256,clipping,43997,603,-0.004166666666666652
M_duration_F,uniform,256,clipping,46219,601,-0.012500000000000067
M_duration_F,uniform,256,clipping,46219,602,-0.008333333333333304
M_duration_F,uniform,256,clipping,46219,603,-0.004166666666666652
M_duration_F,uniform,256,total_gain,41843,601,-655.185858130455
M_duration_F,uniform,256,total_gain,41843,602,-637.0329031944275
M_duration_F,uniform,256,total_gain,41843,603,-690.2053364515305
M_duration_F,uniform,256,total_gain,43997,601,-638.2823656797409
M_duration_F,uniform,256,total_gain,43997,602,-629.1646790504456
M_duration_F,uniform,256,total_gain,43997,603,-668.3318952322006
M_duration_F,uniform,256,total_gain,46219,601,-632.549712896347
M_duration_F,uniform,256,total_gain,46219,602,-621.6466671228409
M_duration_F,uniform,256,total_gain,46219,603,-636.4043439626694
M_duration_F,uniform,256,negative_gain_fraction,41843,601,0.0
M_duration_F,uniform,256,negative_gain_fraction,41843,602,0.0
M_duration_F,uniform,256,negative_gain_fraction,41843,603,0.0
M_duration_F,uniform,256,negative_gain_fraction,43997,601,0.0
M_duration_F,uniform,256,negative_gain_fraction,43997,602,0.0
M_duration_F,uniform,256,negative_gain_fraction,43997,603,0.0
M_duration_F,uniform,256,negative_gain_fraction,46219,601,0.0
M_duration_F,uniform,256,negative_gain_fraction,46219,602,0.0
M_duration_F,uniform,256,negative_gain_fraction,46219,603,0.0
M_duration_T,random,64,p,41843,601,0.0
M_duration_T,random,64,p,41843,602,0.0
M_duration_T,random,64,p,41843,603,0.0
M_duration_T,random,64,p,43997,601,0.0
M_duration_T,random,64,p,43997,602,0.0
M_duration_T,random,64,p,43997,603,0.0
M_duration_T,random,64,p,46219,601,0.0
M_duration_T,random,64,p,46219,602,0.0
M_duration_T,random,64,p,46219,603,0.0
M_duration_T,random,64,objective,41843,601,0.0
M_duration_T,random,64,objective,41843,602,0.0
M_duration_T,random,64,objective,41843,603,0.0
M_duration_T,random,64,objective,43997,601,0.0
M_duration_T,random,64,objective,43997,602,0.0
M_duration_T,random,64,objective,43997,603,0.0
M_duration_T,random,64,objective,46219,601,0.0
M_duration_T,random,64,objective,46219,602,0.0
M_duration_T,random,64,objective,46219,603,0.0
M_duration_T,random,64,train_nll,41843,601,0.0
M_duration_T,random,64,train_nll,41843,602,0.0
M_duration_T,random,64,train_nll,41843,603,0.0
M_duration_T,random,64,train_nll,43997,601,0.0
M_duration_T,random,64,train_nll,43997,602,0.0
M_duration_T,random,64,train_nll,43997,603,0.0
M_duration_T,random,64,train_nll,46219,601,0.0
M_duration_T,random,64,train_nll,46219,602,0.0
M_duration_T,random,64,train_nll,46219,603,0.0
M_duration_T,random,64,validation_nll,41843,601,0.0
M_duration_T,random,64,validation_nll,41843,602,0.0
M_duration_T,random,64,validation_nll,41843,603,0.0
M_duration_T,random,64,validation_nll,43997,601,0.0
M_duration_T,random,64,validation_nll,43997,602,0.0
M_duration_T,random,64,validation_nll,43997,603,0.0
M_duration_T,random,64,validation_nll,46219,601,0.0
M_duration_T,random,64,validation_nll,46219,602,0.0
M_duration_T,random,64,validation_nll,46219,603,0.0
M_duration_T,random,64,test_nll,41843,601,0.0
M_duration_T,random,64,test_nll,41843,602,0.0
M_duration_T,random,64,test_nll,41843,603,0.0
M_duration_T,random,64,test_nll,43997,601,0.0
M_duration_T,random,64,test_nll,43997,602,0.0
M_duration_T,random,64,test_nll,43997,603,0.0
M_duration_T,random,64,test_nll,46219,601,0.0
M_duration_T,random,64,test_nll,46219,602,0.0
M_duration_T,random,64,test_nll,46219,603,0.0
M_duration_T,random,64,train_instance_accuracy,41843,601,0.0
M_duration_T,random,64,train_instance_accuracy,41843,602,0.0
M_duration_T,random,64,train_instance_accuracy,41843,603,0.0
M_duration_T,random,64,train_instance_accuracy,43997,601,0.0
M_duration_T,random,64,train_instance_accuracy,43997,602,0.0
M_duration_T,random,64,train_instance_accuracy,43997,603,0.0
M_duration_T,random,64,train_instance_accuracy,46219,601,0.0
M_duration_T,random,64,train_instance_accuracy,46219,602,0.0
M_duration_T,random,64,train_instance_accuracy,46219,603,0.0
M_duration_T,random,64,clipping,41843,601,0.0
M_duration_T,random,64,clipping,41843,602,0.0
M_duration_T,random,64,clipping,41843,603,0.0
M_duration_T,random,64,clipping,43997,601,0.0
M_duration_T,random,64,clipping,43997,602,0.0
M_duration_T,random,64,clipping,43997,603,0.0
M_duration_T,random,64,clipping,46219,601,0.0
M_duration_T,random,64,clipping,46219,602,0.0
M_duration_T,random,64,clipping,46219,603,0.0
M_duration_T,random,64,total_gain,41843,601,0.0
M_duration_T,random,64,total_gain,41843,602,0.0
M_duration_T,random,64,total_gain,41843,603,0.0
M_duration_T,random,64,total_gain,43997,601,0.0
M_duration_T,random,64,total_gain,43997,602,0.0
M_duration_T,random,64,total_gain,43997,603,0.0
M_duration_T,random,64,total_gain,46219,601,0.0
M_duration_T,random,64,total_gain,46219,602,0.0
M_duration_T,random,64,total_gain,46219,603,0.0
M_duration_T,random,64,negative_gain_fraction,41843,601,0.0
M_duration_T,random,64,negative_gain_fraction,41843,602,0.0
M_duration_T,random,64,negative_gain_fraction,41843,603,0.0
M_duration_T,random,64,negative_gain_fraction,43997,601,0.0
M_duration_T,random,64,negative_gain_fraction,43997,602,0.0
M_duration_T,random,64,negative_gain_fraction,43997,603,0.0
M_duration_T,random,64,negative_gain_fraction,46219,601,0.0
M_duration_T,random,64,negative_gain_fraction,46219,602,0.0
M_duration_T,random,64,negative_gain_fraction,46219,603,0.0
M_duration_T,random,128,p,41843,601,-0.17460265621400173
M_duration_T,random,128,p,41843,602,-0.18086866514940014
M_duration_T,random,128,p,41843,603,-0.17325093532764768
M_duration_T,random,128,p,43997,601,-0.16506397795445965
M_duration_T,random,128,p,43997,602,-0.16259779935974517
M_duration_T,random,128,p,43997,603,-0.16408918980114762
M_duration_T,random,128,p,46219,601,-0.15869499638225812
M_duration_T,random,128,p,46219,602,-0.162985532933401
M_duration_T,random,128,p,46219,603,-0.15767899527612667
M_duration_T,random,128,objective,41843,601,-3.903360828051214e-05
M_duration_T,random,128,objective,41843,602,-4.730392969258861e-05
M_duration_T,random,128,objective,41843,603,-3.018168567173315e-05
M_duration_T,random,128,objective,43997,601,-4.8929042128581404e-05
M_duration_T,random,128,objective,43997,602,-4.129352445614049e-06
M_duration_T,random,128,objective,43997,603,-3.278935931057266e-05
M_duration_T,random,128,objective,46219,601,-4.889250543619681e-05
M_duration_T,random,128,objective,46219,602,-6.982106907930248e-05
M_duration_T,random,128,objective,46219,603,-6.768286408510006e-05
M_duration_T,random,128,train_nll,41843,601,0.20925140380859375
M_duration_T,random,128,train_nll,41843,602,0.17920804023742676
M_duration_T,random,128,train_nll,41843,603,0.19085073471069336
M_duration_T,random,128,train_nll,43997,601,0.20456862449645996
M_duration_T,random,128,train_nll,43997,602,0.22223412990570068
M_duration_T,random,128,train_nll,43997,603,0.20351839065551758
M_duration_T,random,128,train_nll,46219,601,0.25671613216400146
M_duration_T,random,128,train_nll,46219,602,0.23958933353424072
M_duration_T,random,128,train_nll,46219,603,0.26478278636932373
M_duration_T,random,128,validation_nll,41843,601,-0.6851242780685425
M_duration_T,random,128,validation_nll,41843,602,-0.7106366157531738
M_duration_T,random,128,validation_nll,41843,603,-0.714094877243042
M_duration_T,random,128,validation_nll,43997,601,-0.6489765644073486
M_duration_T,random,128,validation_nll,43997,602,-0.642188549041748
M_duration_T,random,128,validation_nll,43997,603,-0.7206661701202393
M_duration_T,random,128,validation_nll,46219,601,-0.6384744644165039
M_duration_T,random,128,validation_nll,46219,602,-0.6420993804931641
M_duration_T,random,128,validation_nll,46219,603,-0.6766295433044434
M_duration_T,random,128,test_nll,41843,601,-0.6914875507354736
M_duration_T,random,128,test_nll,41843,602,-0.6912236213684082
M_duration_T,random,128,test_nll,41843,603,-0.6915509700775146
M_duration_T,random,128,test_nll,43997,601,-0.6600341796875
M_duration_T,random,128,test_nll,43997,602,-0.6461396217346191
M_duration_T,random,128,test_nll,43997,603,-0.7261537313461304
M_duration_T,random,128,test_nll,46219,601,-0.6447200775146484
M_duration_T,random,128,test_nll,46219,602,-0.6211116313934326
M_duration_T,random,128,test_nll,46219,603,-0.6756651401519775
M_duration_T,random,128,train_instance_accuracy,41843,601,-0.2724609375
M_duration_T,random,128,train_instance_accuracy,41843,602,-0.2470703125
M_duration_T,random,128,train_instance_accuracy,41843,603,-0.2626953125
M_duration_T,random,128,train_instance_accuracy,43997,601,-0.27392578125
M_duration_T,random,128,train_instance_accuracy,43997,602,-0.25390625
M_duration_T,random,128,train_instance_accuracy,43997,603,-0.25146484375
M_duration_T,random,128,train_instance_accuracy,46219,601,-0.267578125
M_duration_T,random,128,train_instance_accuracy,46219,602,-0.25390625
M_duration_T,random,128,train_instance_accuracy,46219,603,-0.2666015625
M_duration_T,random,128,clipping,41843,601,0.0
M_duration_T,random,128,clipping,41843,602,0.0
M_duration_T,random,128,clipping,41843,603,-0.004166666666666652
M_duration_T,random,128,clipping,43997,601,0.0
M_duration_T,random,128,clipping,43997,602,0.0
M_duration_T,random,128,clipping,43997,603,-0.004166666666666652
M_duration_T,random,128,clipping,46219,601,0.0
M_duration_T,random,128,clipping,46219,602,0.0
M_duration_T,random,128,clipping,46219,603,-0.004166666666666652
M_duration_T,random,128,total_gain,41843,601,-107.13669049739838
M_duration_T,random,128,total_gain,41843,602,-91.75449407100677
M_duration_T,random,128,total_gain,41843,603,-97.71562623977661
M_duration_T,random,128,total_gain,43997,601,-104.73919749259949
M_duration_T,random,128,total_gain,43997,602,-113.78379774093628
M_duration_T,random,128,total_gain,43997,603,-104.20141959190369
M_duration_T,random,128,total_gain,46219,601,-131.43856942653656
M_duration_T,random,128,total_gain,46219,602,-122.66967058181763
M_duration_T,random,128,total_gain,46219,603,-135.56872129440308
M_duration_T,random,128,negative_gain_fraction,41843,601,-0.009765625
M_duration_T,random,128,negative_gain_fraction,41843,602,-0.005859375
M_duration_T,random,128,negative_gain_fraction,41843,603,-0.005859375
M_duration_T,random,128,negative_gain_fraction,43997,601,0.0
M_duration_T,random,128,negative_gain_fraction,43997,602,-0.001953125
M_duration_T,random,128,negative_gain_fraction,43997,603,-0.00390625
M_duration_T,random,128,negative_gain_fraction,46219,601,-0.001953125
M_duration_T,random,128,negative_gain_fraction,46219,602,-0.00390625
M_duration_T,random,128,negative_gain_fraction,46219,603,-0.009765625
M_duration_T,random,256,p,41843,601,-0.0738412120534813
M_duration_T,random,256,p,41843,602,-0.06529391578882368
M_duration_T,random,256,p,41843,603,-0.07168554916818731
M_duration_T,random,256,p,43997,601,-0.07787947189474578
M_duration_T,random,256,p,43997,602,-0.051088389357651864
M_duration_T,random,256,p,43997,603,-0.07898927787365666
M_duration_T,random,256,p,46219,601,-0.07259995575817636
M_duration_T,random,256,p,46219,602,-0.07575152313847043
M_duration_T,random,256,p,46219,603,-0.07120066227668431
M_duration_T,random,256,objective,41843,601,2.7382629176987884e-06
M_duration_T,random,256,objective,41843,602,-5.273623776282382e-05
M_duration_T,random,256,objective,41843,603,3.888227870846699e-05
M_duration_T,random,256,objective,43997,601,-2.2920311179252305e-05
M_duration_T,random,256,objective,43997,602,3.1233575820428005e-05
M_duration_T,random,256,objective,43997,603,-1.0876411164404745e-05
M_duration_T,random,256,objective,46219,601,6.317303582688191e-07
M_duration_T,random,256,objective,46219,602,-3.220865490950319e-05
M_duration_T,random,256,objective,46219,603,-1.6017690667297272e-05
M_duration_T,random,256,train_nll,41843,601,0.5131525993347168
M_duration_T,random,256,train_nll,41843,602,0.5266413688659668
M_duration_T,random,256,train_nll,41843,603,0.49256467819213867
M_duration_T,random,256,train_nll,43997,601,0.454217791557312
M_duration_T,random,256,train_nll,43997,602,0.6190481185913086
M_duration_T,random,256,train_nll,43997,603,0.4062056541442871
M_duration_T,random,256,train_nll,46219,601,0.4620821475982666
M_duration_T,random,256,train_nll,46219,602,0.4723590612411499
M_duration_T,random,256,train_nll,46219,603,0.4835505485534668
M_duration_T,random,256,validation_nll,41843,601,-0.5636425018310547
M_duration_T,random,256,validation_nll,41843,602,-0.5188019275665283
M_duration_T,random,256,validation_nll,41843,603,-0.5207581520080566
M_duration_T,random,256,validation_nll,43997,601,-0.5497534275054932
M_duration_T,random,256,validation_nll,43997,602,-0.43267154693603516
M_duration_T,random,256,validation_nll,43997,603,-0.6190352439880371
M_duration_T,random,256,validation_nll,46219,601,-0.506702184677124
M_duration_T,random,256,validation_nll,46219,602,-0.6791529655456543
M_duration_T,random,256,validation_nll,46219,603,-0.5560107231140137
M_duration_T,random,256,test_nll,41843,601,-0.5937831401824951
M_duration_T,random,256,test_nll,41843,602,-0.5002269744873047
M_duration_T,random,256,test_nll,41843,603,-0.5879967212677002
M_duration_T,random,256,test_nll,43997,601,-0.5652859210968018
M_duration_T,random,256,test_nll,43997,602,-0.3612861633300781
M_duration_T,random,256,test_nll,43997,603,-0.6301450729370117
M_duration_T,random,256,test_nll,46219,601,-0.5666472911834717
M_duration_T,random,256,test_nll,46219,602,-0.6877613067626953
M_duration_T,random,256,test_nll,46219,603,-0.5723626613616943
M_duration_T,random,256,train_instance_accuracy,41843,601,-0.30029296875
M_duration_T,random,256,train_instance_accuracy,41843,602,-0.2626953125
M_duration_T,random,256,train_instance_accuracy,41843,603,-0.30419921875
M_duration_T,random,256,train_instance_accuracy,43997,601,-0.314453125
M_duration_T,random,256,train_instance_accuracy,43997,602,-0.31396484375
M_duration_T,random,256,train_instance_accuracy,43997,603,-0.3017578125
M_duration_T,random,256,train_instance_accuracy,46219,601,-0.30859375
M_duration_T,random,256,train_instance_accuracy,46219,602,-0.3173828125
M_duration_T,random,256,train_instance_accuracy,46219,603,-0.3046875
M_duration_T,random,256,clipping,41843,601,0.0
M_duration_T,random,256,clipping,41843,602,0.0
M_duration_T,random,256,clipping,41843,603,-0.008333333333333304
M_duration_T,random,256,clipping,43997,601,0.0
M_duration_T,random,256,clipping,43997,602,0.0
M_duration_T,random,256,clipping,43997,603,-0.004166666666666652
M_duration_T,random,256,clipping,46219,601,0.0
M_duration_T,random,256,clipping,46219,602,0.0
M_duration_T,random,256,clipping,46219,603,-0.008333333333333304
M_duration_T,random,256,total_gain,41843,601,-262.7341738939285
M_duration_T,random,256,total_gain,41843,602,-269.6403076648712
M_duration_T,random,256,total_gain,41843,603,-252.1931186914444
M_duration_T,random,256,total_gain,43997,601,-232.5595088005066
M_duration_T,random,256,total_gain,43997,602,-316.95257329940796
M_duration_T,random,256,total_gain,43997,603,-207.97721076011658
M_duration_T,random,256,total_gain,46219,601,-236.5860766172409
M_duration_T,random,256,total_gain,46219,602,-241.84776973724365
M_duration_T,random,256,total_gain,46219,603,-247.57783269882202
M_duration_T,random,256,negative_gain_fraction,41843,601,0.0
M_duration_T,random,256,negative_gain_fraction,41843,602,0.0
M_duration_T,random,256,negative_gain_fraction,41843,603,0.0
M_duration_T,random,256,negative_gain_fraction,43997,601,0.0
M_duration_T,random,256,negative_gain_fraction,43997,602,0.0
M_duration_T,random,256,negative_gain_fraction,43997,603,0.0
M_duration_T,random,256,negative_gain_fraction,46219,601,0.0
M_duration_T,random,256,negative_gain_fraction,46219,602,0.0
M_duration_T,random,256,negative_gain_fraction,46219,603,0.0
M_duration_T,uniform,64,p,41843,601,
M_duration_T,uniform,64,p,41843,602,
M_duration_T,uniform,64,p,41843,603,
M_duration_T,uniform,64,p,43997,601,
M_duration_T,uniform,64,p,43997,602,
M_duration_T,uniform,64,p,43997,603,
M_duration_T,uniform,64,p,46219,601,
M_duration_T,uniform,64,p,46219,602,
M_duration_T,uniform,64,p,46219,603,
M_duration_T,uniform,64,objective,41843,601,
M_duration_T,uniform,64,objective,41843,602,
M_duration_T,uniform,64,objective,41843,603,
M_duration_T,uniform,64,objective,43997,601,
M_duration_T,uniform,64,objective,43997,602,
M_duration_T,uniform,64,objective,43997,603,
M_duration_T,uniform,64,objective,46219,601,
M_duration_T,uniform,64,objective,46219,602,
M_duration_T,uniform,64,objective,46219,603,
M_duration_T,uniform,64,train_nll,41843,601,0.0
M_duration_T,uniform,64,train_nll,41843,602,0.0
M_duration_T,uniform,64,train_nll,41843,603,0.0
M_duration_T,uniform,64,train_nll,43997,601,0.0
M_duration_T,uniform,64,train_nll,43997,602,0.0
M_duration_T,uniform,64,train_nll,43997,603,0.0
M_duration_T,uniform,64,train_nll,46219,601,0.0
M_duration_T,uniform,64,train_nll,46219,602,0.0
M_duration_T,uniform,64,train_nll,46219,603,0.0
M_duration_T,uniform,64,validation_nll,41843,601,0.0
M_duration_T,uniform,64,validation_nll,41843,602,0.0
M_duration_T,uniform,64,validation_nll,41843,603,0.0
M_duration_T,uniform,64,validation_nll,43997,601,0.0
M_duration_T,uniform,64,validation_nll,43997,602,0.0
M_duration_T,uniform,64,validation_nll,43997,603,0.0
M_duration_T,uniform,64,validation_nll,46219,601,0.0
M_duration_T,uniform,64,validation_nll,46219,602,0.0
M_duration_T,uniform,64,validation_nll,46219,603,0.0
M_duration_T,uniform,64,test_nll,41843,601,0.0
M_duration_T,uniform,64,test_nll,41843,602,0.0
M_duration_T,uniform,64,test_nll,41843,603,0.0
M_duration_T,uniform,64,test_nll,43997,601,0.0
M_duration_T,uniform,64,test_nll,43997,602,0.0
M_duration_T,uniform,64,test_nll,43997,603,0.0
M_duration_T,uniform,64,test_nll,46219,601,0.0
M_duration_T,uniform,64,test_nll,46219,602,0.0
M_duration_T,uniform,64,test_nll,46219,603,0.0
M_duration_T,uniform,64,train_instance_accuracy,41843,601,0.0
M_duration_T,uniform,64,train_instance_accuracy,41843,602,0.0
M_duration_T,uniform,64,train_instance_accuracy,41843,603,0.0
M_duration_T,uniform,64,train_instance_accuracy,43997,601,0.0
M_duration_T,uniform,64,train_instance_accuracy,43997,602,0.0
M_duration_T,uniform,64,train_instance_accuracy,43997,603,0.0
M_duration_T,uniform,64,train_instance_accuracy,46219,601,0.0
M_duration_T,uniform,64,train_instance_accuracy,46219,602,0.0
M_duration_T,uniform,64,train_instance_accuracy,46219,603,0.0
M_duration_T,uniform,64,clipping,41843,601,0.0
M_duration_T,uniform,64,clipping,41843,602,0.0
M_duration_T,uniform,64,clipping,41843,603,0.0
M_duration_T,uniform,64,clipping,43997,601,0.0
M_duration_T,uniform,64,clipping,43997,602,0.0
M_duration_T,uniform,64,clipping,43997,603,0.0
M_duration_T,uniform,64,clipping,46219,601,0.0
M_duration_T,uniform,64,clipping,46219,602,0.0
M_duration_T,uniform,64,clipping,46219,603,0.0
M_duration_T,uniform,64,total_gain,41843,601,0.0
M_duration_T,uniform,64,total_gain,41843,602,0.0
M_duration_T,uniform,64,total_gain,41843,603,0.0
M_duration_T,uniform,64,total_gain,43997,601,0.0
M_duration_T,uniform,64,total_gain,43997,602,0.0
M_duration_T,uniform,64,total_gain,43997,603,0.0
M_duration_T,uniform,64,total_gain,46219,601,0.0
M_duration_T,uniform,64,total_gain,46219,602,0.0
M_duration_T,uniform,64,total_gain,46219,603,0.0
M_duration_T,uniform,64,negative_gain_fraction,41843,601,0.0
M_duration_T,uniform,64,negative_gain_fraction,41843,602,0.0
M_duration_T,uniform,64,negative_gain_fraction,41843,603,0.0
M_duration_T,uniform,64,negative_gain_fraction,43997,601,0.0
M_duration_T,uniform,64,negative_gain_fraction,43997,602,0.0
M_duration_T,uniform,64,negative_gain_fraction,43997,603,0.0
M_duration_T,uniform,64,negative_gain_fraction,46219,601,0.0
M_duration_T,uniform,64,negative_gain_fraction,46219,602,0.0
M_duration_T,uniform,64,negative_gain_fraction,46219,603,0.0
M_duration_T,uniform,128,p,41843,601,
M_duration_T,uniform,128,p,41843,602,
M_duration_T,uniform,128,p,41843,603,
M_duration_T,uniform,128,p,43997,601,
M_duration_T,uniform,128,p,43997,602,
M_duration_T,uniform,128,p,43997,603,
M_duration_T,uniform,128,p,46219,601,
M_duration_T,uniform,128,p,46219,602,
M_duration_T,uniform,128,p,46219,603,
M_duration_T,uniform,128,objective,41843,601,
M_duration_T,uniform,128,objective,41843,602,
M_duration_T,uniform,128,objective,41843,603,
M_duration_T,uniform,128,objective,43997,601,
M_duration_T,uniform,128,objective,43997,602,
M_duration_T,uniform,128,objective,43997,603,
M_duration_T,uniform,128,objective,46219,601,
M_duration_T,uniform,128,objective,46219,602,
M_duration_T,uniform,128,objective,46219,603,
M_duration_T,uniform,128,train_nll,41843,601,0.9101279377937317
M_duration_T,uniform,128,train_nll,41843,602,0.9520990252494812
M_duration_T,uniform,128,train_nll,41843,603,0.9992012977600098
M_duration_T,uniform,128,train_nll,43997,601,0.9332079291343689
M_duration_T,uniform,128,train_nll,43997,602,1.0623257160186768
M_duration_T,uniform,128,train_nll,43997,603,1.0450223684310913
M_duration_T,uniform,128,train_nll,46219,601,0.9711724519729614
M_duration_T,uniform,128,train_nll,46219,602,0.9680454134941101
M_duration_T,uniform,128,train_nll,46219,603,1.025279939174652
M_duration_T,uniform,128,validation_nll,41843,601,-0.2251952886581421
M_duration_T,uniform,128,validation_nll,41843,602,-0.20829570293426514
M_duration_T,uniform,128,validation_nll,41843,603,-0.24726378917694092
M_duration_T,uniform,128,validation_nll,43997,601,-0.07378995418548584
M_duration_T,uniform,128,validation_nll,43997,602,-0.07053768634796143
M_duration_T,uniform,128,validation_nll,43997,603,-0.046059250831604004
M_duration_T,uniform,128,validation_nll,46219,601,-0.12942087650299072
M_duration_T,uniform,128,validation_nll,46219,602,-0.05036056041717529
M_duration_T,uniform,128,validation_nll,46219,603,-0.2093064785003662
M_duration_T,uniform,128,test_nll,41843,601,-0.23755431175231934
M_duration_T,uniform,128,test_nll,41843,602,-0.17349755764007568
M_duration_T,uniform,128,test_nll,41843,603,-0.22333192825317383
M_duration_T,uniform,128,test_nll,43997,601,-0.0858989953994751
M_duration_T,uniform,128,test_nll,43997,602,-0.07171130180358887
M_duration_T,uniform,128,test_nll,43997,603,-0.05695164203643799
M_duration_T,uniform,128,test_nll,46219,601,-0.1766434907913208
M_duration_T,uniform,128,test_nll,46219,602,-0.06722784042358398
M_duration_T,uniform,128,test_nll,46219,603,-0.21169769763946533
M_duration_T,uniform,128,train_instance_accuracy,41843,601,-0.310546875
M_duration_T,uniform,128,train_instance_accuracy,41843,602,-0.32958984375
M_duration_T,uniform,128,train_instance_accuracy,41843,603,-0.3857421875
M_duration_T,uniform,128,train_instance_accuracy,43997,601,-0.3115234375
M_duration_T,uniform,128,train_instance_accuracy,43997,602,-0.44140625
M_duration_T,uniform,128,train_instance_accuracy,43997,603,-0.42333984375
M_duration_T,uniform,128,train_instance_accuracy,46219,601,-0.361328125
M_duration_T,uniform,128,train_instance_accuracy,46219,602,-0.3369140625
M_duration_T,uniform,128,train_instance_accuracy,46219,603,-0.431640625
M_duration_T,uniform,128,clipping,41843,601,-0.04583333333333328
M_duration_T,uniform,128,clipping,41843,602,-0.012500000000000067
M_duration_T,uniform,128,clipping,41843,603,-0.03749999999999998
M_duration_T,uniform,128,clipping,43997,601,-0.029166666666666674
M_duration_T,uniform,128,clipping,43997,602,-0.033333333333333326
M_duration_T,uniform,128,clipping,43997,603,-0.04999999999999993
M_duration_T,uniform,128,clipping,46219,601,-0.03749999999999998
M_duration_T,uniform,128,clipping,46219,602,-0.03749999999999998
M_duration_T,uniform,128,clipping,46219,603,-0.04166666666666663
M_duration_T,uniform,128,total_gain,41843,601,-465.98553371429443
M_duration_T,uniform,128,total_gain,41843,602,-487.4746880531311
M_duration_T,uniform,128,total_gain,41843,603,-511.59105026721954
M_duration_T,uniform,128,total_gain,43997,601,-477.80240511894226
M_duration_T,uniform,128,total_gain,43997,602,-543.9107286930084
M_duration_T,uniform,128,total_gain,43997,603,-535.0514262914658
M_duration_T,uniform,128,total_gain,46219,601,-497.2402353286743
M_duration_T,uniform,128,total_gain,46219,602,-495.6392079591751
M_duration_T,uniform,128,total_gain,46219,603,-524.9433131217957
M_duration_T,uniform,128,negative_gain_fraction,41843,601,0.0
M_duration_T,uniform,128,negative_gain_fraction,41843,602,0.0
M_duration_T,uniform,128,negative_gain_fraction,41843,603,0.0
M_duration_T,uniform,128,negative_gain_fraction,43997,601,0.0
M_duration_T,uniform,128,negative_gain_fraction,43997,602,0.0
M_duration_T,uniform,128,negative_gain_fraction,43997,603,0.0
M_duration_T,uniform,128,negative_gain_fraction,46219,601,0.0
M_duration_T,uniform,128,negative_gain_fraction,46219,602,0.0
M_duration_T,uniform,128,negative_gain_fraction,46219,603,0.0
M_duration_T,uniform,256,p,41843,601,
M_duration_T,uniform,256,p,41843,602,
M_duration_T,uniform,256,p,41843,603,
M_duration_T,uniform,256,p,43997,601,
M_duration_T,uniform,256,p,43997,602,
M_duration_T,uniform,256,p,43997,603,
M_duration_T,uniform,256,p,46219,601,
M_duration_T,uniform,256,p,46219,602,
M_duration_T,uniform,256,p,46219,603,
M_duration_T,uniform,256,objective,41843,601,
M_duration_T,uniform,256,objective,41843,602,
M_duration_T,uniform,256,objective,41843,603,
M_duration_T,uniform,256,objective,43997,601,
M_duration_T,uniform,256,objective,43997,602,
M_duration_T,uniform,256,objective,43997,603,
M_duration_T,uniform,256,objective,46219,601,
M_duration_T,uniform,256,objective,46219,602,
M_duration_T,uniform,256,objective,46219,603,
M_duration_T,uniform,256,train_nll,41843,601,1.2201417088508606
M_duration_T,uniform,256,train_nll,41843,602,1.1898261308670044
M_duration_T,uniform,256,train_nll,41843,603,1.1663342714309692
M_duration_T,uniform,256,train_nll,43997,601,1.223042443394661
M_duration_T,uniform,256,train_nll,43997,602,1.0303157269954681
M_duration_T,uniform,256,train_nll,43997,603,1.0390175729990005
M_duration_T,uniform,256,train_nll,46219,601,1.1125288158655167
M_duration_T,uniform,256,train_nll,46219,602,1.1177588105201721
M_duration_T,uniform,256,train_nll,46219,603,1.1350131183862686
M_duration_T,uniform,256,validation_nll,41843,601,-0.471829891204834
M_duration_T,uniform,256,validation_nll,41843,602,-0.5851395130157471
M_duration_T,uniform,256,validation_nll,41843,603,-0.5882453918457031
M_duration_T,uniform,256,validation_nll,43997,601,-0.5052895545959473
M_duration_T,uniform,256,validation_nll,43997,602,-0.6135063171386719
M_duration_T,uniform,256,validation_nll,43997,603,-0.5392107963562012
M_duration_T,uniform,256,validation_nll,46219,601,-0.5905355215072632
M_duration_T,uniform,256,validation_nll,46219,602,-0.6025655269622803
M_duration_T,uniform,256,validation_nll,46219,603,-0.472001314163208
M_duration_T,uniform,256,test_nll,41843,601,-0.5149846076965332
M_duration_T,uniform,256,test_nll,41843,602,-0.5977044105529785
M_duration_T,uniform,256,test_nll,41843,603,-0.5434681177139282
M_duration_T,uniform,256,test_nll,43997,601,-0.4796609878540039
M_duration_T,uniform,256,test_nll,43997,602,-0.6084946393966675
M_duration_T,uniform,256,test_nll,43997,603,-0.5733671188354492
M_duration_T,uniform,256,test_nll,46219,601,-0.6209166049957275
M_duration_T,uniform,256,test_nll,46219,602,-0.629906177520752
M_duration_T,uniform,256,test_nll,46219,603,-0.49354982376098633
M_duration_T,uniform,256,train_instance_accuracy,41843,601,-0.77783203125
M_duration_T,uniform,256,train_instance_accuracy,41843,602,-0.76123046875
M_duration_T,uniform,256,train_instance_accuracy,41843,603,-0.75244140625
M_duration_T,uniform,256,train_instance_accuracy,43997,601,-0.79345703125
M_duration_T,uniform,256,train_instance_accuracy,43997,602,-0.76025390625
M_duration_T,uniform,256,train_instance_accuracy,43997,603,-0.7314453125
M_duration_T,uniform,256,train_instance_accuracy,46219,601,-0.751953125
M_duration_T,uniform,256,train_instance_accuracy,46219,602,-0.7841796875
M_duration_T,uniform,256,train_instance_accuracy,46219,603,-0.73486328125
M_duration_T,uniform,256,clipping,41843,601,-0.025000000000000022
M_duration_T,uniform,256,clipping,41843,602,-0.033333333333333326
M_duration_T,uniform,256,clipping,41843,603,-0.03749999999999998
M_duration_T,uniform,256,clipping,43997,601,-0.04166666666666663
M_duration_T,uniform,256,clipping,43997,602,-0.02083333333333337
M_duration_T,uniform,256,clipping,43997,603,-0.012500000000000067
M_duration_T,uniform,256,clipping,46219,601,-0.033333333333333326
M_duration_T,uniform,256,clipping,46219,602,-0.02083333333333337
M_duration_T,uniform,256,clipping,46219,603,-0.012500000000000067
M_duration_T,uniform,256,total_gain,41843,601,-624.7125529050827
M_duration_T,uniform,256,total_gain,41843,602,-609.1909327507019
M_duration_T,uniform,256,total_gain,41843,603,-597.1631945371628
M_duration_T,uniform,256,total_gain,43997,601,-626.1977136135101
M_duration_T,uniform,256,total_gain,43997,602,-527.5216035842896
M_duration_T,uniform,256,total_gain,43997,603,-531.9769926071167
M_duration_T,uniform,256,total_gain,46219,601,-569.6147783994675
M_duration_T,uniform,256,total_gain,46219,602,-572.2924566268921
M_duration_T,uniform,256,total_gain,46219,603,-581.1266803741455
M_duration_T,uniform,256,negative_gain_fraction,41843,601,0.0
M_duration_T,uniform,256,negative_gain_fraction,41843,602,0.0
M_duration_T,uniform,256,negative_gain_fraction,41843,603,0.0
M_duration_T,uniform,256,negative_gain_fraction,43997,601,0.0
M_duration_T,uniform,256,negative_gain_fraction,43997,602,0.0
M_duration_T,uniform,256,negative_gain_fraction,43997,603,0.0
M_duration_T,uniform,256,negative_gain_fraction,46219,601,0.0
M_duration_T,uniform,256,negative_gain_fraction,46219,602,0.0
M_duration_T,uniform,256,negative_gain_fraction,46219,603,0.0
M_interaction,random,64,p,41843,601,0.0
M_interaction,random,64,p,41843,602,0.0
M_interaction,random,64,p,41843,603,0.0
M_interaction,random,64,p,43997,601,0.0
M_interaction,random,64,p,43997,602,0.0
M_interaction,random,64,p,43997,603,0.0
M_interaction,random,64,p,46219,601,0.0
M_interaction,random,64,p,46219,602,0.0
M_interaction,random,64,p,46219,603,0.0
M_interaction,random,64,objective,41843,601,0.0
M_interaction,random,64,objective,41843,602,0.0
M_interaction,random,64,objective,41843,603,0.0
M_interaction,random,64,objective,43997,601,0.0
M_interaction,random,64,objective,43997,602,0.0
M_interaction,random,64,objective,43997,603,0.0
M_interaction,random,64,objective,46219,601,0.0
M_interaction,random,64,objective,46219,602,0.0
M_interaction,random,64,objective,46219,603,0.0
M_interaction,random,64,train_nll,41843,601,0.0
M_interaction,random,64,train_nll,41843,602,0.0
M_interaction,random,64,train_nll,41843,603,0.0
M_interaction,random,64,train_nll,43997,601,0.0
M_interaction,random,64,train_nll,43997,602,0.0
M_interaction,random,64,train_nll,43997,603,0.0
M_interaction,random,64,train_nll,46219,601,0.0
M_interaction,random,64,train_nll,46219,602,0.0
M_interaction,random,64,train_nll,46219,603,0.0
M_interaction,random,64,validation_nll,41843,601,0.0
M_interaction,random,64,validation_nll,41843,602,0.0
M_interaction,random,64,validation_nll,41843,603,0.0
M_interaction,random,64,validation_nll,43997,601,0.0
M_interaction,random,64,validation_nll,43997,602,0.0
M_interaction,random,64,validation_nll,43997,603,0.0
M_interaction,random,64,validation_nll,46219,601,0.0
M_interaction,random,64,validation_nll,46219,602,0.0
M_interaction,random,64,validation_nll,46219,603,0.0
M_interaction,random,64,test_nll,41843,601,0.0
M_interaction,random,64,test_nll,41843,602,0.0
M_interaction,random,64,test_nll,41843,603,0.0
M_interaction,random,64,test_nll,43997,601,0.0
M_interaction,random,64,test_nll,43997,602,0.0
M_interaction,random,64,test_nll,43997,603,0.0
M_interaction,random,64,test_nll,46219,601,0.0
M_interaction,random,64,test_nll,46219,602,0.0
M_interaction,random,64,test_nll,46219,603,0.0
M_interaction,random,64,train_instance_accuracy,41843,601,0.0
M_interaction,random,64,train_instance_accuracy,41843,602,0.0
M_interaction,random,64,train_instance_accuracy,41843,603,0.0
M_interaction,random,64,train_instance_accuracy,43997,601,0.0
M_interaction,random,64,train_instance_accuracy,43997,602,0.0
M_interaction,random,64,train_instance_accuracy,43997,603,0.0
M_interaction,random,64,train_instance_accuracy,46219,601,0.0
M_interaction,random,64,train_instance_accuracy,46219,602,0.0
M_interaction,random,64,train_instance_accuracy,46219,603,0.0
M_interaction,random,64,clipping,41843,601,0.0
M_interaction,random,64,clipping,41843,602,0.0
M_interaction,random,64,clipping,41843,603,0.0
M_interaction,random,64,clipping,43997,601,0.0
M_interaction,random,64,clipping,43997,602,0.0
M_interaction,random,64,clipping,43997,603,0.0
M_interaction,random,64,clipping,46219,601,0.0
M_interaction,random,64,clipping,46219,602,0.0
M_interaction,random,64,clipping,46219,603,0.0
M_interaction,random,64,total_gain,41843,601,0.0
M_interaction,random,64,total_gain,41843,602,0.0
M_interaction,random,64,total_gain,41843,603,0.0
M_interaction,random,64,total_gain,43997,601,0.0
M_interaction,random,64,total_gain,43997,602,0.0
M_interaction,random,64,total_gain,43997,603,0.0
M_interaction,random,64,total_gain,46219,601,0.0
M_interaction,random,64,total_gain,46219,602,0.0
M_interaction,random,64,total_gain,46219,603,0.0
M_interaction,random,64,negative_gain_fraction,41843,601,0.0
M_interaction,random,64,negative_gain_fraction,41843,602,0.0
M_interaction,random,64,negative_gain_fraction,41843,603,0.0
M_interaction,random,64,negative_gain_fraction,43997,601,0.0
M_interaction,random,64,negative_gain_fraction,43997,602,0.0
M_interaction,random,64,negative_gain_fraction,43997,603,0.0
M_interaction,random,64,negative_gain_fraction,46219,601,0.0
M_interaction,random,64,negative_gain_fraction,46219,602,0.0
M_interaction,random,64,negative_gain_fraction,46219,603,0.0
M_interaction,random,128,p,41843,601,-0.09909152159657736
M_interaction,random,128,p,41843,602,-0.10628914740746981
M_interaction,random,128,p,41843,603,-0.09329439872798329
M_interaction,random,128,p,43997,601,-0.09052249765578027
M_interaction,random,128,p,43997,602,-0.09282236638034749
M_interaction,random,128,p,43997,603,-0.09643010863538187
M_interaction,random,128,p,46219,601,-0.08156512123683464
M_interaction,random,128,p,46219,602,-0.0951100500448615
M_interaction,random,128,p,46219,603,-0.083322417618799
M_interaction,random,128,objective,41843,601,0.0001329079704882785
M_interaction,random,128,objective,41843,602,3.9646457166043784e-05
M_interaction,random,128,objective,41843,603,0.00020720382028872517
M_interaction,random,128,objective,43997,601,8.68917386059446e-05
M_interaction,random,128,objective,43997,602,0.00017782230236182468
M_interaction,random,128,objective,43997,603,0.00012014486273597381
M_interaction,random,128,objective,46219,601,7.562675664585144e-05
M_interaction,random,128,objective,46219,602,8.247673603091124e-05
M_interaction,random,128,objective,46219,603,0.00011430030451419271
M_interaction,random,128,train_nll,41843,601,-0.026737213134765625
M_interaction,random,128,train_nll,41843,602,-0.03643929958343506
M_interaction,random,128,train_nll,41843,603,-0.0033762454986572266
M_interaction,random,128,train_nll,43997,601,-0.056109070777893066
M_interaction,random,128,train_nll,43997,602,-0.04868960380554199
M_interaction,random,128,train_nll,43997,603,-0.010077953338623047
M_interaction,random,128,train_nll,46219,601,0.034604430198669434
M_interaction,random,128,train_nll,46219,602,-0.01619088649749756
M_interaction,random,128,train_nll,46219,603,0.04320335388183594
M_interaction,random,128,validation_nll,41843,601,-0.6026748418807983
M_interaction,random,128,validation_nll,41843,602,-0.5888059139251709
M_interaction,random,128,validation_nll,41843,603,-0.5748045444488525
M_interaction,random,128,validation_nll,43997,601,-0.571685791015625
M_interaction,random,128,validation_nll,43997,602,-0.612628698348999
M_interaction,random,128,validation_nll,43997,603,-0.6360926628112793
M_interaction,random,128,validation_nll,46219,601,-0.5380699634552002
M_interaction,random,128,validation_nll,46219,602,-0.5893838405609131
M_interaction,random,128,validation_nll,46219,603,-0.577702522277832
M_interaction,random,128,test_nll,41843,601,-0.634397029876709
M_interaction,random,128,test_nll,41843,602,-0.592017650604248
M_interaction,random,128,test_nll,41843,603,-0.5852560997009277
M_interaction,random,128,test_nll,43997,601,-0.5899233818054199
M_interaction,random,128,test_nll,43997,602,-0.6004292964935303
M_interaction,random,128,test_nll,43997,603,-0.6340936422348022
M_interaction,random,128,test_nll,46219,601,-0.5401360988616943
M_interaction,random,128,test_nll,46219,602,-0.5846514701843262
M_interaction,random,128,test_nll,46219,603,-0.5834741592407227
M_interaction,random,128,train_instance_accuracy,41843,601,-0.16357421875
M_interaction,random,128,train_instance_accuracy,41843,602,-0.150390625
M_interaction,random,128,train_instance_accuracy,41843,603,-0.1455078125
M_interaction,random,128,train_instance_accuracy,43997,601,-0.150390625
M_interaction,random,128,train_instance_accuracy,43997,602,-0.142578125
M_interaction,random,128,train_instance_accuracy,43997,603,-0.1513671875
M_interaction,random,128,train_instance_accuracy,46219,601,-0.146484375
M_interaction,random,128,train_instance_accuracy,46219,602,-0.14208984375
M_interaction,random,128,train_instance_accuracy,46219,603,-0.1474609375
M_interaction,random,128,clipping,41843,601,0.0
M_interaction,random,128,clipping,41843,602,0.0
M_interaction,random,128,clipping,41843,603,0.0
M_interaction,random,128,clipping,43997,601,0.0
M_interaction,random,128,clipping,43997,602,0.0
M_interaction,random,128,clipping,43997,603,0.004166666666666652
M_interaction,random,128,clipping,46219,601,0.0
M_interaction,random,128,clipping,46219,602,0.0
M_interaction,random,128,clipping,46219,603,0.0
M_interaction,random,128,total_gain,41843,601,13.68945598602295
M_interaction,random,128,total_gain,41843,602,18.656869411468506
M_interaction,random,128,total_gain,41843,603,1.7284988164901733
M_interaction,random,128,total_gain,43997,601,28.727770447731018
M_interaction,random,128,total_gain,43997,602,24.92911410331726
M_interaction,random,128,total_gain,43997,603,5.159838914871216
M_interaction,random,128,total_gain,46219,601,-17.717461705207825
M_interaction,random,128,total_gain,46219,602,8.28979218006134
M_interaction,random,128,total_gain,46219,603,-22.11997938156128
M_interaction,random,128,negative_gain_fraction,41843,601,-0.009765625
M_interaction,random,128,negative_gain_fraction,41843,602,-0.005859375
M_interaction,random,128,negative_gain_fraction,41843,603,-0.005859375
M_interaction,random,128,negative_gain_fraction,43997,601,0.0
M_interaction,random,128,negative_gain_fraction,43997,602,-0.001953125
M_interaction,random,128,negative_gain_fraction,43997,603,-0.00390625
M_interaction,random,128,negative_gain_fraction,46219,601,-0.001953125
M_interaction,random,128,negative_gain_fraction,46219,602,-0.00390625
M_interaction,random,128,negative_gain_fraction,46219,603,-0.009765625
M_interaction,random,256,p,41843,601,0.035399304666103255
M_interaction,random,256,p,41843,602,0.03786739591121836
M_interaction,random,256,p,41843,603,0.035380496104511674
M_interaction,random,256,p,43997,601,0.03547339877749321
M_interaction,random,256,p,43997,602,0.04231261473865688
M_interaction,random,256,p,43997,603,0.024264413545909053
M_interaction,random,256,p,46219,601,0.039431515573913355
M_interaction,random,256,p,46219,602,0.024730345496960647
M_interaction,random,256,p,46219,603,0.040068336969600396
M_interaction,random,256,objective,41843,601,2.4343364335115853e-05
M_interaction,random,256,objective,41843,602,-2.3010634267551693e-05
M_interaction,random,256,objective,41843,603,3.290488896038179e-05
M_interaction,random,256,objective,43997,601,1.1064055745164216e-05
M_interaction,random,256,objective,43997,602,2.9340493518921232e-05
M_interaction,random,256,objective,43997,603,1.5758726593445706e-05
M_interaction,random,256,objective,46219,601,3.8233643902437715e-05
M_interaction,random,256,objective,46219,602,5.2180164466232955e-06
M_interaction,random,256,objective,46219,603,1.2097872187762568e-05
M_interaction,random,256,train_nll,41843,601,0.001177668571472168
M_interaction,random,256,train_nll,41843,602,0.057401061058044434
M_interaction,random,256,train_nll,41843,603,0.029951095581054688
M_interaction,random,256,train_nll,43997,601,0.06547319889068604
M_interaction,random,256,train_nll,43997,602,0.008855581283569336
M_interaction,random,256,train_nll,43997,603,-0.04419970512390137
M_interaction,random,256,train_nll,46219,601,-0.003689408302307129
M_interaction,random,256,train_nll,46219,602,-0.09302759170532227
M_interaction,random,256,train_nll,46219,603,0.10334312915802002
M_interaction,random,256,validation_nll,41843,601,0.08956742286682129
M_interaction,random,256,validation_nll,41843,602,0.06533265113830566
M_interaction,random,256,validation_nll,41843,603,0.14145183563232422
M_interaction,random,256,validation_nll,43997,601,0.1672224998474121
M_interaction,random,256,validation_nll,43997,602,0.10710597038269043
M_interaction,random,256,validation_nll,43997,603,0.110748291015625
M_interaction,random,256,validation_nll,46219,601,0.17763924598693848
M_interaction,random,256,validation_nll,46219,602,-0.09883546829223633
M_interaction,random,256,validation_nll,46219,603,0.13508987426757812
M_interaction,random,256,test_nll,41843,601,0.10129976272583008
M_interaction,random,256,test_nll,41843,602,0.07587957382202148
M_interaction,random,256,test_nll,41843,603,0.1226034164428711
M_interaction,random,256,test_nll,43997,601,0.19770359992980957
M_interaction,random,256,test_nll,43997,602,0.17265820503234863
M_interaction,random,256,test_nll,43997,603,0.12345743179321289
M_interaction,random,256,test_nll,46219,601,0.19267749786376953
M_interaction,random,256,test_nll,46219,602,-0.05456280708312988
M_interaction,random,256,test_nll,46219,603,0.15181612968444824
M_interaction,random,256,train_instance_accuracy,41843,601,0.06005859375
M_interaction,random,256,train_instance_accuracy,41843,602,0.06396484375
M_interaction,random,256,train_instance_accuracy,41843,603,0.03662109375
M_interaction,random,256,train_instance_accuracy,43997,601,0.02392578125
M_interaction,random,256,train_instance_accuracy,43997,602,0.0546875
M_interaction,random,256,train_instance_accuracy,43997,603,0.0546875
M_interaction,random,256,train_instance_accuracy,46219,601,0.04150390625
M_interaction,random,256,train_instance_accuracy,46219,602,0.0478515625
M_interaction,random,256,train_instance_accuracy,46219,603,0.03564453125
M_interaction,random,256,clipping,41843,601,0.0
M_interaction,random,256,clipping,41843,602,0.0
M_interaction,random,256,clipping,41843,603,-0.004166666666666652
M_interaction,random,256,clipping,43997,601,0.0
M_interaction,random,256,clipping,43997,602,0.0
M_interaction,random,256,clipping,43997,603,0.004166666666666652
M_interaction,random,256,clipping,46219,601,0.0
M_interaction,random,256,clipping,46219,602,0.0
M_interaction,random,256,clipping,46219,603,-0.004166666666666652
M_interaction,random,256,total_gain,41843,601,-0.6030921936035156
M_interaction,random,256,total_gain,41843,602,-29.389256834983826
M_interaction,random,256,total_gain,41843,603,-15.334972977638245
M_interaction,random,256,total_gain,43997,601,-33.5221825838089
M_interaction,random,256,total_gain,43997,602,-4.5339202880859375
M_interaction,random,256,total_gain,43997,603,22.630348443984985
M_interaction,random,256,total_gain,46219,601,1.8890187740325928
M_interaction,random,256,total_gain,46219,602,47.63028001785278
M_interaction,random,256,total_gain,46219,603,-52.91157627105713
M_interaction,random,256,negative_gain_fraction,41843,601,0.0
M_interaction,random,256,negative_gain_fraction,41843,602,0.0
M_interaction,random,256,negative_gain_fraction,41843,603,0.0
M_interaction,random,256,negative_gain_fraction,43997,601,0.0
M_interaction,random,256,negative_gain_fraction,43997,602,0.0
M_interaction,random,256,negative_gain_fraction,43997,603,0.0
M_interaction,random,256,negative_gain_fraction,46219,601,0.0
M_interaction,random,256,negative_gain_fraction,46219,602,0.0
M_interaction,random,256,negative_gain_fraction,46219,603,0.0
M_interaction,uniform,64,p,41843,601,
M_interaction,uniform,64,p,41843,602,
M_interaction,uniform,64,p,41843,603,
M_interaction,uniform,64,p,43997,601,
M_interaction,uniform,64,p,43997,602,
M_interaction,uniform,64,p,43997,603,
M_interaction,uniform,64,p,46219,601,
M_interaction,uniform,64,p,46219,602,
M_interaction,uniform,64,p,46219,603,
M_interaction,uniform,64,objective,41843,601,
M_interaction,uniform,64,objective,41843,602,
M_interaction,uniform,64,objective,41843,603,
M_interaction,uniform,64,objective,43997,601,
M_interaction,uniform,64,objective,43997,602,
M_interaction,uniform,64,objective,43997,603,
M_interaction,uniform,64,objective,46219,601,
M_interaction,uniform,64,objective,46219,602,
M_interaction,uniform,64,objective,46219,603,
M_interaction,uniform,64,train_nll,41843,601,0.0
M_interaction,uniform,64,train_nll,41843,602,0.0
M_interaction,uniform,64,train_nll,41843,603,0.0
M_interaction,uniform,64,train_nll,43997,601,0.0
M_interaction,uniform,64,train_nll,43997,602,0.0
M_interaction,uniform,64,train_nll,43997,603,0.0
M_interaction,uniform,64,train_nll,46219,601,0.0
M_interaction,uniform,64,train_nll,46219,602,0.0
M_interaction,uniform,64,train_nll,46219,603,0.0
M_interaction,uniform,64,validation_nll,41843,601,0.0
M_interaction,uniform,64,validation_nll,41843,602,0.0
M_interaction,uniform,64,validation_nll,41843,603,0.0
M_interaction,uniform,64,validation_nll,43997,601,0.0
M_interaction,uniform,64,validation_nll,43997,602,0.0
M_interaction,uniform,64,validation_nll,43997,603,0.0
M_interaction,uniform,64,validation_nll,46219,601,0.0
M_interaction,uniform,64,validation_nll,46219,602,0.0
M_interaction,uniform,64,validation_nll,46219,603,0.0
M_interaction,uniform,64,test_nll,41843,601,0.0
M_interaction,uniform,64,test_nll,41843,602,0.0
M_interaction,uniform,64,test_nll,41843,603,0.0
M_interaction,uniform,64,test_nll,43997,601,0.0
M_interaction,uniform,64,test_nll,43997,602,0.0
M_interaction,uniform,64,test_nll,43997,603,0.0
M_interaction,uniform,64,test_nll,46219,601,0.0
M_interaction,uniform,64,test_nll,46219,602,0.0
M_interaction,uniform,64,test_nll,46219,603,0.0
M_interaction,uniform,64,train_instance_accuracy,41843,601,0.0
M_interaction,uniform,64,train_instance_accuracy,41843,602,0.0
M_interaction,uniform,64,train_instance_accuracy,41843,603,0.0
M_interaction,uniform,64,train_instance_accuracy,43997,601,0.0
M_interaction,uniform,64,train_instance_accuracy,43997,602,0.0
M_interaction,uniform,64,train_instance_accuracy,43997,603,0.0
M_interaction,uniform,64,train_instance_accuracy,46219,601,0.0
M_interaction,uniform,64,train_instance_accuracy,46219,602,0.0
M_interaction,uniform,64,train_instance_accuracy,46219,603,0.0
M_interaction,uniform,64,clipping,41843,601,0.0
M_interaction,uniform,64,clipping,41843,602,0.0
M_interaction,uniform,64,clipping,41843,603,0.0
M_interaction,uniform,64,clipping,43997,601,0.0
M_interaction,uniform,64,clipping,43997,602,0.0
M_interaction,uniform,64,clipping,43997,603,0.0
M_interaction,uniform,64,clipping,46219,601,0.0
M_interaction,uniform,64,clipping,46219,602,0.0
M_interaction,uniform,64,clipping,46219,603,0.0
M_interaction,uniform,64,total_gain,41843,601,0.0
M_interaction,uniform,64,total_gain,41843,602,0.0
M_interaction,uniform,64,total_gain,41843,603,0.0
M_interaction,uniform,64,total_gain,43997,601,0.0
M_interaction,uniform,64,total_gain,43997,602,0.0
M_interaction,uniform,64,total_gain,43997,603,0.0
M_interaction,uniform,64,total_gain,46219,601,0.0
M_interaction,uniform,64,total_gain,46219,602,0.0
M_interaction,uniform,64,total_gain,46219,603,0.0
M_interaction,uniform,64,negative_gain_fraction,41843,601,0.0
M_interaction,uniform,64,negative_gain_fraction,41843,602,0.0
M_interaction,uniform,64,negative_gain_fraction,41843,603,0.0
M_interaction,uniform,64,negative_gain_fraction,43997,601,0.0
M_interaction,uniform,64,negative_gain_fraction,43997,602,0.0
M_interaction,uniform,64,negative_gain_fraction,43997,603,0.0
M_interaction,uniform,64,negative_gain_fraction,46219,601,0.0
M_interaction,uniform,64,negative_gain_fraction,46219,602,0.0
M_interaction,uniform,64,negative_gain_fraction,46219,603,0.0
M_interaction,uniform,128,p,41843,601,
M_interaction,uniform,128,p,41843,602,
M_interaction,uniform,128,p,41843,603,
M_interaction,uniform,128,p,43997,601,
M_interaction,uniform,128,p,43997,602,
M_interaction,uniform,128,p,43997,603,
M_interaction,uniform,128,p,46219,601,
M_interaction,uniform,128,p,46219,602,
M_interaction,uniform,128,p,46219,603,
M_interaction,uniform,128,objective,41843,601,
M_interaction,uniform,128,objective,41843,602,
M_interaction,uniform,128,objective,41843,603,
M_interaction,uniform,128,objective,43997,601,
M_interaction,uniform,128,objective,43997,602,
M_interaction,uniform,128,objective,43997,603,
M_interaction,uniform,128,objective,46219,601,
M_interaction,uniform,128,objective,46219,602,
M_interaction,uniform,128,objective,46219,603,
M_interaction,uniform,128,train_nll,41843,601,0.5461553931236267
M_interaction,uniform,128,train_nll,41843,602,0.591999351978302
M_interaction,uniform,128,train_nll,41843,603,0.6222217082977295
M_interaction,uniform,128,train_nll,43997,601,0.5210880637168884
M_interaction,uniform,128,train_nll,43997,602,0.6267443895339966
M_interaction,uniform,128,train_nll,43997,603,0.5995888710021973
M_interaction,uniform,128,train_nll,46219,601,0.5845762491226196
M_interaction,uniform,128,train_nll,46219,602,0.5740676522254944
M_interaction,uniform,128,train_nll,46219,603,0.6064099669456482
M_interaction,uniform,128,validation_nll,41843,601,-0.19000041484832764
M_interaction,uniform,128,validation_nll,41843,602,-0.2127164602279663
M_interaction,uniform,128,validation_nll,41843,603,-0.21924757957458496
M_interaction,uniform,128,validation_nll,43997,601,-0.13587772846221924
M_interaction,uniform,128,validation_nll,43997,602,-0.10808789730072021
M_interaction,uniform,128,validation_nll,43997,603,-0.1151740550994873
M_interaction,uniform,128,validation_nll,46219,601,-0.17475056648254395
M_interaction,uniform,128,validation_nll,46219,602,-0.1004554033279419
M_interaction,uniform,128,validation_nll,46219,603,-0.29456591606140137
M_interaction,uniform,128,test_nll,41843,601,-0.21345114707946777
M_interaction,uniform,128,test_nll,41843,602,-0.19852149486541748
M_interaction,uniform,128,test_nll,41843,603,-0.23409271240234375
M_interaction,uniform,128,test_nll,43997,601,-0.1434839963912964
M_interaction,uniform,128,test_nll,43997,602,-0.1158524751663208
M_interaction,uniform,128,test_nll,43997,603,-0.12343418598175049
M_interaction,uniform,128,test_nll,46219,601,-0.22654390335083008
M_interaction,uniform,128,test_nll,46219,602,-0.117134690284729
M_interaction,uniform,128,test_nll,46219,603,-0.2846628427505493
M_interaction,uniform,128,train_instance_accuracy,41843,601,-0.23486328125
M_interaction,uniform,128,train_instance_accuracy,41843,602,-0.25634765625
M_interaction,uniform,128,train_instance_accuracy,41843,603,-0.3076171875
M_interaction,uniform,128,train_instance_accuracy,43997,601,-0.23486328125
M_interaction,uniform,128,train_instance_accuracy,43997,602,-0.34912109375
M_interaction,uniform,128,train_instance_accuracy,43997,603,-0.33837890625
M_interaction,uniform,128,train_instance_accuracy,46219,601,-0.29931640625
M_interaction,uniform,128,train_instance_accuracy,46219,602,-0.259765625
M_interaction,uniform,128,train_instance_accuracy,46219,603,-0.3544921875
M_interaction,uniform,128,clipping,41843,601,-0.05208333333333326
M_interaction,uniform,128,clipping,41843,602,-0.027083333333333348
M_interaction,uniform,128,clipping,41843,603,-0.04791666666666661
M_interaction,uniform,128,clipping,43997,601,-0.039583333333333304
M_interaction,uniform,128,clipping,43997,602,-0.03749999999999998
M_interaction,uniform,128,clipping,43997,603,-0.05208333333333326
M_interaction,uniform,128,clipping,46219,601,-0.039583333333333304
M_interaction,uniform,128,clipping,46219,602,-0.04166666666666663
M_interaction,uniform,128,clipping,46219,603,-0.04583333333333328
M_interaction,uniform,128,total_gain,41843,601,-279.63157081604004
M_interaction,uniform,128,total_gain,41843,602,-303.1037747859955
M_interaction,uniform,128,total_gain,41843,603,-318.57754278182983
M_interaction,uniform,128,total_gain,43997,601,-266.79712176322937
M_interaction,uniform,128,total_gain,43997,602,-320.8929793834686
M_interaction,uniform,128,total_gain,43997,603,-306.9894268512726
M_interaction,uniform,128,total_gain,46219,601,-299.3030061721802
M_interaction,uniform,128,total_gain,46219,602,-293.9226508140564
M_interaction,uniform,128,total_gain,46219,603,-310.4819201231003
M_interaction,uniform,128,negative_gain_fraction,41843,601,0.0
M_interaction,uniform,128,negative_gain_fraction,41843,602,0.0
M_interaction,uniform,128,negative_gain_fraction,41843,603,0.0
M_interaction,uniform,128,negative_gain_fraction,43997,601,0.0
M_interaction,uniform,128,negative_gain_fraction,43997,602,0.0
M_interaction,uniform,128,negative_gain_fraction,43997,603,0.0
M_interaction,uniform,128,negative_gain_fraction,46219,601,0.0
M_interaction,uniform,128,negative_gain_fraction,46219,602,0.0
M_interaction,uniform,128,negative_gain_fraction,46219,603,0.0
M_interaction,uniform,256,p,41843,601,
M_interaction,uniform,256,p,41843,602,
M_interaction,uniform,256,p,41843,603,
M_interaction,uniform,256,p,43997,601,
M_interaction,uniform,256,p,43997,602,
M_interaction,uniform,256,p,43997,603,
M_interaction,uniform,256,p,46219,601,
M_interaction,uniform,256,p,46219,602,
M_interaction,uniform,256,p,46219,603,
M_interaction,uniform,256,objective,41843,601,
M_interaction,uniform,256,objective,41843,602,
M_interaction,uniform,256,objective,41843,603,
M_interaction,uniform,256,objective,43997,601,
M_interaction,uniform,256,objective,43997,602,
M_interaction,uniform,256,objective,43997,603,
M_interaction,uniform,256,objective,46219,601,
M_interaction,uniform,256,objective,46219,602,
M_interaction,uniform,256,objective,46219,603,
M_interaction,uniform,256,train_nll,41843,601,-0.05951809883117676
M_interaction,uniform,256,train_nll,41843,602,-0.0543789267539978
M_interaction,uniform,256,train_nll,41843,603,-0.1817229986190796
M_interaction,uniform,256,train_nll,43997,601,-0.023602858185768127
M_interaction,uniform,256,train_nll,43997,602,-0.19852155447006226
M_interaction,uniform,256,train_nll,43997,603,-0.26631809771060944
M_interaction,uniform,256,train_nll,46219,601,-0.12291984260082245
M_interaction,uniform,256,train_nll,46219,602,-0.09639489650726318
M_interaction,uniform,256,train_nll,46219,603,-0.10796402394771576
M_interaction,uniform,256,validation_nll,41843,601,-0.08186447620391846
M_interaction,uniform,256,validation_nll,41843,602,-0.37925398349761963
M_interaction,uniform,256,validation_nll,41843,603,-0.3073071241378784
M_interaction,uniform,256,validation_nll,43997,601,-0.22295081615447998
M_interaction,uniform,256,validation_nll,43997,602,-0.5118573904037476
M_interaction,uniform,256,validation_nll,43997,603,-0.32543230056762695
M_interaction,uniform,256,validation_nll,46219,601,-0.39621710777282715
M_interaction,uniform,256,validation_nll,46219,602,-0.44492578506469727
M_interaction,uniform,256,validation_nll,46219,603,-0.26042258739471436
M_interaction,uniform,256,test_nll,41843,601,-0.15576708316802979
M_interaction,uniform,256,test_nll,41843,602,-0.38005101680755615
M_interaction,uniform,256,test_nll,41843,603,-0.27792298793792725
M_interaction,uniform,256,test_nll,43997,601,-0.18998456001281738
M_interaction,uniform,256,test_nll,43997,602,-0.5472831726074219
M_interaction,uniform,256,test_nll,43997,603,-0.3703349828720093
M_interaction,uniform,256,test_nll,46219,601,-0.3621939420700073
M_interaction,uniform,256,test_nll,46219,602,-0.43497657775878906
M_interaction,uniform,256,test_nll,46219,603,-0.2676057815551758
M_interaction,uniform,256,train_instance_accuracy,41843,601,-0.17919921875
M_interaction,uniform,256,train_instance_accuracy,41843,602,-0.20263671875
M_interaction,uniform,256,train_instance_accuracy,41843,603,-0.09375
M_interaction,uniform,256,train_instance_accuracy,43997,601,-0.2001953125
M_interaction,uniform,256,train_instance_accuracy,43997,602,-0.20458984375
M_interaction,uniform,256,train_instance_accuracy,43997,603,-0.0830078125
M_interaction,uniform,256,train_instance_accuracy,46219,601,-0.16943359375
M_interaction,uniform,256,train_instance_accuracy,46219,602,-0.21044921875
M_interaction,uniform,256,train_instance_accuracy,46219,603,-0.14892578125
M_interaction,uniform,256,clipping,41843,601,-0.004166666666666652
M_interaction,uniform,256,clipping,41843,602,-0.02083333333333326
M_interaction,uniform,256,clipping,41843,603,-0.02083333333333326
M_interaction,uniform,256,clipping,43997,601,-0.02499999999999991
M_interaction,uniform,256,clipping,43997,602,-0.012500000000000067
M_interaction,uniform,256,clipping,43997,603,-0.008333333333333415
M_interaction,uniform,256,clipping,46219,601,-0.02083333333333326
M_interaction,uniform,256,clipping,46219,602,-0.012500000000000067
M_interaction,uniform,256,clipping,46219,603,-0.008333333333333415
M_interaction,uniform,256,total_gain,41843,601,30.473305225372314
M_interaction,uniform,256,total_gain,41843,602,27.841970443725586
M_interaction,uniform,256,total_gain,41843,603,93.04214191436768
M_interaction,uniform,256,total_gain,43997,601,12.084652066230774
M_interaction,uniform,256,total_gain,43997,602,101.643075466156
M_interaction,uniform,256,total_gain,43997,603,136.35490262508392
M_interaction,uniform,256,total_gain,46219,601,62.93493449687958
M_interaction,uniform,256,total_gain,46219,602,49.35421049594879
M_interaction,uniform,256,total_gain,46219,603,55.277663588523865
M_interaction,uniform,256,negative_gain_fraction,41843,601,0.0
M_interaction,uniform,256,negative_gain_fraction,41843,602,0.0
M_interaction,uniform,256,negative_gain_fraction,41843,603,0.0
M_interaction,uniform,256,negative_gain_fraction,43997,601,0.0
M_interaction,uniform,256,negative_gain_fraction,43997,602,0.0
M_interaction,uniform,256,negative_gain_fraction,43997,603,0.0
M_interaction,uniform,256,negative_gain_fraction,46219,601,0.0
M_interaction,uniform,256,negative_gain_fraction,46219,602,0.0
M_interaction,uniform,256,negative_gain_fraction,46219,603,0.0
U_optimizer_C30,random,64,p,41843,601,1.1817571486384213
U_optimizer_C30,random,64,p,41843,602,2.0185220023959136
U_optimizer_C30,random,64,p,41843,603,1.6695470099055219
U_optimizer_C30,random,64,p,43997,601,1.4327940249159645
U_optimizer_C30,random,64,p,43997,602,1.4283190795011549
U_optimizer_C30,random,64,p,43997,603,0.9944016097059829
U_optimizer_C30,random,64,p,46219,601,1.0041935232252148
U_optimizer_C30,random,64,p,46219,602,1.3492032915343213
U_optimizer_C30,random,64,p,46219,603,1.441892884038732
U_optimizer_C30,random,64,objective,41843,601,0.10572068853646488
U_optimizer_C30,random,64,objective,41843,602,0.14580299923167428
U_optimizer_C30,random,64,objective,41843,603,0.19498392345195126
U_optimizer_C30,random,64,objective,43997,601,0.07793834837916666
U_optimizer_C30,random,64,objective,43997,602,0.07688195924029076
U_optimizer_C30,random,64,objective,43997,603,0.10061576082783301
U_optimizer_C30,random,64,objective,46219,601,0.056678033059642
U_optimizer_C30,random,64,objective,46219,602,0.12649130476389922
U_optimizer_C30,random,64,objective,46219,603,0.08639073164903834
U_optimizer_C30,random,64,train_nll,41843,601,-0.06936526298522949
U_optimizer_C30,random,64,train_nll,41843,602,-0.03565108776092529
U_optimizer_C30,random,64,train_nll,41843,603,-0.049656033515930176
U_optimizer_C30,random,64,train_nll,43997,601,-0.06916487216949463
U_optimizer_C30,random,64,train_nll,43997,602,-0.06290829181671143
U_optimizer_C30,random,64,train_nll,43997,603,-0.07715165615081787
U_optimizer_C30,random,64,train_nll,46219,601,-0.0802532434463501
U_optimizer_C30,random,64,train_nll,46219,602,-0.07251787185668945
U_optimizer_C30,random,64,train_nll,46219,603,-0.08216726779937744
U_optimizer_C30,random,64,validation_nll,41843,601,0.20293974876403809
U_optimizer_C30,random,64,validation_nll,41843,602,0.23692870140075684
U_optimizer_C30,random,64,validation_nll,41843,603,0.21488428115844727
U_optimizer_C30,random,64,validation_nll,43997,601,0.21776580810546875
U_optimizer_C30,random,64,validation_nll,43997,602,0.17357826232910156
U_optimizer_C30,random,64,validation_nll,43997,603,0.20940303802490234
U_optimizer_C30,random,64,validation_nll,46219,601,0.20083856582641602
U_optimizer_C30,random,64,validation_nll,46219,602,0.2043743133544922
U_optimizer_C30,random,64,validation_nll,46219,603,0.2560967206954956
U_optimizer_C30,random,64,test_nll,41843,601,0.16327524185180664
U_optimizer_C30,random,64,test_nll,41843,602,0.23560583591461182
U_optimizer_C30,random,64,test_nll,41843,603,0.2307116985321045
U_optimizer_C30,random,64,test_nll,43997,601,0.20143532752990723
U_optimizer_C30,random,64,test_nll,43997,602,0.1905379295349121
U_optimizer_C30,random,64,test_nll,43997,603,0.17318940162658691
U_optimizer_C30,random,64,test_nll,46219,601,0.1740577220916748
U_optimizer_C30,random,64,test_nll,46219,602,0.1764223575592041
U_optimizer_C30,random,64,test_nll,46219,603,0.25234007835388184
U_optimizer_C30,random,64,train_instance_accuracy,41843,601,0.08935546875
U_optimizer_C30,random,64,train_instance_accuracy,41843,602,0.09033203125
U_optimizer_C30,random,64,train_instance_accuracy,41843,603,0.07666015625
U_optimizer_C30,random,64,train_instance_accuracy,43997,601,0.08740234375
U_optimizer_C30,random,64,train_instance_accuracy,43997,602,0.08203125
U_optimizer_C30,random,64,train_instance_accuracy,43997,603,0.08642578125
U_optimizer_C30,random,64,train_instance_accuracy,46219,601,0.08203125
U_optimizer_C30,random,64,train_instance_accuracy,46219,602,0.09375
U_optimizer_C30,random,64,train_instance_accuracy,46219,603,0.10595703125
U_optimizer_C30,random,64,clipping,41843,601,0.04166666666666674
U_optimizer_C30,random,64,clipping,41843,602,0.002083333333333326
U_optimizer_C30,random,64,clipping,41843,603,0.033333333333333326
U_optimizer_C30,random,64,clipping,43997,601,0.02083333333333337
U_optimizer_C30,random,64,clipping,43997,602,0.03541666666666665
U_optimizer_C30,random,64,clipping,43997,603,0.04375000000000007
U_optimizer_C30,random,64,clipping,46219,601,0.018750000000000044
U_optimizer_C30,random,64,clipping,46219,602,0.008333333333333415
U_optimizer_C30,random,64,clipping,46219,603,0.018749999999999933
U_optimizer_C30,random,64,total_gain,41843,601,35.5149165391922
U_optimizer_C30,random,64,total_gain,41843,602,18.253321290016174
U_optimizer_C30,random,64,total_gain,41843,603,25.423929035663605
U_optimizer_C30,random,64,total_gain,43997,601,35.41239947080612
U_optimizer_C30,random,64,total_gain,43997,602,32.209009647369385
U_optimizer_C30,random,64,total_gain,43997,603,39.50166583061218
U_optimizer_C30,random,64,total_gain,46219,601,41.089599668979645
U_optimizer_C30,random,64,total_gain,46219,602,37.129186391830444
U_optimizer_C30,random,64,total_gain,46219,603,42.069698452949524
U_optimizer_C30,random,64,negative_gain_fraction,41843,601,0.12109375
U_optimizer_C30,random,64,negative_gain_fraction,41843,602,0.197265625
U_optimizer_C30,random,64,negative_gain_fraction,41843,603,0.125
U_optimizer_C30,random,64,negative_gain_fraction,43997,601,0.166015625
U_optimizer_C30,random,64,negative_gain_fraction,43997,602,0.171875
U_optimizer_C30,random,64,negative_gain_fraction,43997,603,0.09375
U_optimizer_C30,random,64,negative_gain_fraction,46219,601,0.11328125
U_optimizer_C30,random,64,negative_gain_fraction,46219,602,0.154296875
U_optimizer_C30,random,64,negative_gain_fraction,46219,603,0.15625
U_optimizer_C30,random,128,p,41843,601,0.0
U_optimizer_C30,random,128,p,41843,602,0.0
U_optimizer_C30,random,128,p,41843,603,0.0
U_optimizer_C30,random,128,p,43997,601,0.0
U_optimizer_C30,random,128,p,43997,602,0.0
U_optimizer_C30,random,128,p,43997,603,0.0
U_optimizer_C30,random,128,p,46219,601,0.0
U_optimizer_C30,random,128,p,46219,602,0.0
U_optimizer_C30,random,128,p,46219,603,0.0
U_optimizer_C30,random,128,objective,41843,601,0.0
U_optimizer_C30,random,128,objective,41843,602,0.0
U_optimizer_C30,random,128,objective,41843,603,0.0
U_optimizer_C30,random,128,objective,43997,601,0.0
U_optimizer_C30,random,128,objective,43997,602,0.0
U_optimizer_C30,random,128,objective,43997,603,0.0
U_optimizer_C30,random,128,objective,46219,601,0.0
U_optimizer_C30,random,128,objective,46219,602,0.0
U_optimizer_C30,random,128,objective,46219,603,0.0
U_optimizer_C30,random,128,train_nll,41843,601,0.0
U_optimizer_C30,random,128,train_nll,41843,602,0.0
U_optimizer_C30,random,128,train_nll,41843,603,0.0
U_optimizer_C30,random,128,train_nll,43997,601,0.0
U_optimizer_C30,random,128,train_nll,43997,602,0.0
U_optimizer_C30,random,128,train_nll,43997,603,0.0
U_optimizer_C30,random,128,train_nll,46219,601,0.0
U_optimizer_C30,random,128,train_nll,46219,602,0.0
U_optimizer_C30,random,128,train_nll,46219,603,0.0
U_optimizer_C30,random,128,validation_nll,41843,601,0.0
U_optimizer_C30,random,128,validation_nll,41843,602,0.0
U_optimizer_C30,random,128,validation_nll,41843,603,0.0
U_optimizer_C30,random,128,validation_nll,43997,601,0.0
U_optimizer_C30,random,128,validation_nll,43997,602,0.0
U_optimizer_C30,random,128,validation_nll,43997,603,0.0
U_optimizer_C30,random,128,validation_nll,46219,601,0.0
U_optimizer_C30,random,128,validation_nll,46219,602,0.0
U_optimizer_C30,random,128,validation_nll,46219,603,0.0
U_optimizer_C30,random,128,test_nll,41843,601,0.0
U_optimizer_C30,random,128,test_nll,41843,602,0.0
U_optimizer_C30,random,128,test_nll,41843,603,0.0
U_optimizer_C30,random,128,test_nll,43997,601,0.0
U_optimizer_C30,random,128,test_nll,43997,602,0.0
U_optimizer_C30,random,128,test_nll,43997,603,0.0
U_optimizer_C30,random,128,test_nll,46219,601,0.0
U_optimizer_C30,random,128,test_nll,46219,602,0.0
U_optimizer_C30,random,128,test_nll,46219,603,0.0
U_optimizer_C30,random,128,train_instance_accuracy,41843,601,0.0
U_optimizer_C30,random,128,train_instance_accuracy,41843,602,0.0
U_optimizer_C30,random,128,train_instance_accuracy,41843,603,0.0
U_optimizer_C30,random,128,train_instance_accuracy,43997,601,0.0
U_optimizer_C30,random,128,train_instance_accuracy,43997,602,0.0
U_optimizer_C30,random,128,train_instance_accuracy,43997,603,0.0
U_optimizer_C30,random,128,train_instance_accuracy,46219,601,0.0
U_optimizer_C30,random,128,train_instance_accuracy,46219,602,0.0
U_optimizer_C30,random,128,train_instance_accuracy,46219,603,0.0
U_optimizer_C30,random,128,clipping,41843,601,0.0
U_optimizer_C30,random,128,clipping,41843,602,0.0
U_optimizer_C30,random,128,clipping,41843,603,0.0
U_optimizer_C30,random,128,clipping,43997,601,0.0
U_optimizer_C30,random,128,clipping,43997,602,0.0
U_optimizer_C30,random,128,clipping,43997,603,0.0
U_optimizer_C30,random,128,clipping,46219,601,0.0
U_optimizer_C30,random,128,clipping,46219,602,0.0
U_optimizer_C30,random,128,clipping,46219,603,0.0
U_optimizer_C30,random,128,total_gain,41843,601,0.0
U_optimizer_C30,random,128,total_gain,41843,602,0.0
U_optimizer_C30,random,128,total_gain,41843,603,0.0
U_optimizer_C30,random,128,total_gain,43997,601,0.0
U_optimizer_C30,random,128,total_gain,43997,602,0.0
U_optimizer_C30,random,128,total_gain,43997,603,0.0
U_optimizer_C30,random,128,total_gain,46219,601,0.0
U_optimizer_C30,random,128,total_gain,46219,602,0.0
U_optimizer_C30,random,128,total_gain,46219,603,0.0
U_optimizer_C30,random,128,negative_gain_fraction,41843,601,0.0
U_optimizer_C30,random,128,negative_gain_fraction,41843,602,0.0
U_optimizer_C30,random,128,negative_gain_fraction,41843,603,0.0
U_optimizer_C30,random,128,negative_gain_fraction,43997,601,0.0
U_optimizer_C30,random,128,negative_gain_fraction,43997,602,0.0
U_optimizer_C30,random,128,negative_gain_fraction,43997,603,0.0
U_optimizer_C30,random,128,negative_gain_fraction,46219,601,0.0
U_optimizer_C30,random,128,negative_gain_fraction,46219,602,0.0
U_optimizer_C30,random,128,negative_gain_fraction,46219,603,0.0
U_optimizer_C30,random,256,p,41843,601,-0.28553204773217633
U_optimizer_C30,random,256,p,41843,602,-0.519878863591174
U_optimizer_C30,random,256,p,41843,603,-0.193041262723344
U_optimizer_C30,random,256,p,43997,601,-0.37290821203890845
U_optimizer_C30,random,256,p,43997,602,-0.4478912015709078
U_optimizer_C30,random,256,p,43997,603,-0.8434249196315213
U_optimizer_C30,random,256,p,46219,601,-0.529051933689904
U_optimizer_C30,random,256,p,46219,602,-0.4145217453075607
U_optimizer_C30,random,256,p,46219,603,-0.6967685517640603
U_optimizer_C30,random,256,objective,41843,601,-0.05951137864365441
U_optimizer_C30,random,256,objective,41843,602,-0.14439193553011648
U_optimizer_C30,random,256,objective,41843,603,-0.004725333488059341
U_optimizer_C30,random,256,objective,43997,601,-0.0885339365536911
U_optimizer_C30,random,256,objective,43997,602,-0.05795756947815156
U_optimizer_C30,random,256,objective,43997,603,-0.24579978982962836
U_optimizer_C30,random,256,objective,46219,601,-0.09162638468828004
U_optimizer_C30,random,256,objective,46219,602,-0.0659694691832511
U_optimizer_C30,random,256,objective,46219,603,-0.22691691463899982
U_optimizer_C30,random,256,train_nll,41843,601,-0.09757101535797119
U_optimizer_C30,random,256,train_nll,41843,602,-0.15458989143371582
U_optimizer_C30,random,256,train_nll,41843,603,-0.05091249942779541
U_optimizer_C30,random,256,train_nll,43997,601,-0.09386873245239258
U_optimizer_C30,random,256,train_nll,43997,602,-0.22008323669433594
U_optimizer_C30,random,256,train_nll,43997,603,-0.20137667655944824
U_optimizer_C30,random,256,train_nll,46219,601,-0.18291306495666504
U_optimizer_C30,random,256,train_nll,46219,602,-0.18189513683319092
U_optimizer_C30,random,256,train_nll,46219,603,-0.13562464714050293
U_optimizer_C30,random,256,validation_nll,41843,601,0.2595491409301758
U_optimizer_C30,random,256,validation_nll,41843,602,0.21085357666015625
U_optimizer_C30,random,256,validation_nll,41843,603,0.20923233032226562
U_optimizer_C30,random,256,validation_nll,43997,601,0.14886116981506348
U_optimizer_C30,random,256,validation_nll,43997,602,0.07519745826721191
U_optimizer_C30,random,256,validation_nll,43997,603,0.14405179023742676
U_optimizer_C30,random,256,validation_nll,46219,601,0.1752471923828125
U_optimizer_C30,random,256,validation_nll,46219,602,0.21095800399780273
U_optimizer_C30,random,256,validation_nll,46219,603,0.19648003578186035
U_optimizer_C30,random,256,test_nll,41843,601,0.18813419342041016
U_optimizer_C30,random,256,test_nll,41843,602,0.176483154296875
U_optimizer_C30,random,256,test_nll,41843,603,0.24732542037963867
U_optimizer_C30,random,256,test_nll,43997,601,0.09380650520324707
U_optimizer_C30,random,256,test_nll,43997,602,0.07095050811767578
U_optimizer_C30,random,256,test_nll,43997,603,0.10969066619873047
U_optimizer_C30,random,256,test_nll,46219,601,0.14732909202575684
U_optimizer_C30,random,256,test_nll,46219,602,0.24407029151916504
U_optimizer_C30,random,256,test_nll,46219,603,0.16246891021728516
U_optimizer_C30,random,256,train_instance_accuracy,41843,601,0.033203125
U_optimizer_C30,random,256,train_instance_accuracy,41843,602,0.06103515625
U_optimizer_C30,random,256,train_instance_accuracy,41843,603,0.0283203125
U_optimizer_C30,random,256,train_instance_accuracy,43997,601,0.009765625
U_optimizer_C30,random,256,train_instance_accuracy,43997,602,0.08154296875
U_optimizer_C30,random,256,train_instance_accuracy,43997,603,0.07421875
U_optimizer_C30,random,256,train_instance_accuracy,46219,601,0.08642578125
U_optimizer_C30,random,256,train_instance_accuracy,46219,602,0.09228515625
U_optimizer_C30,random,256,train_instance_accuracy,46219,603,0.056640625
U_optimizer_C30,random,256,clipping,41843,601,0.016666666666666607
U_optimizer_C30,random,256,clipping,41843,602,0.014583333333333393
U_optimizer_C30,random,256,clipping,41843,603,0.014583333333333282
U_optimizer_C30,random,256,clipping,43997,601,0.01041666666666674
U_optimizer_C30,random,256,clipping,43997,602,0.01041666666666674
U_optimizer_C30,random,256,clipping,43997,603,0.014583333333333282
U_optimizer_C30,random,256,clipping,46219,601,0.006249999999999978
U_optimizer_C30,random,256,clipping,46219,602,0.018750000000000044
U_optimizer_C30,random,256,clipping,46219,603,0.008333333333333415
U_optimizer_C30,random,256,total_gain,41843,601,49.95637285709381
U_optimizer_C30,random,256,total_gain,41843,602,79.14996010065079
U_optimizer_C30,random,256,total_gain,41843,603,26.067200303077698
U_optimizer_C30,random,256,total_gain,43997,601,48.06081980466843
U_optimizer_C30,random,256,total_gain,43997,602,112.68258917331696
U_optimizer_C30,random,256,total_gain,43997,603,103.10483765602112
U_optimizer_C30,random,256,total_gain,46219,601,93.65148001909256
U_optimizer_C30,random,256,total_gain,46219,602,93.13030862808228
U_optimizer_C30,random,256,total_gain,46219,603,69.43986928462982
U_optimizer_C30,random,256,negative_gain_fraction,41843,601,-0.033203125
U_optimizer_C30,random,256,negative_gain_fraction,41843,602,-0.044921875
U_optimizer_C30,random,256,negative_gain_fraction,41843,603,-0.029296875
U_optimizer_C30,random,256,negative_gain_fraction,43997,601,-0.041015625
U_optimizer_C30,random,256,negative_gain_fraction,43997,602,-0.08984375
U_optimizer_C30,random,256,negative_gain_fraction,43997,603,-0.064453125
U_optimizer_C30,random,256,negative_gain_fraction,46219,601,-0.09765625
U_optimizer_C30,random,256,negative_gain_fraction,46219,602,-0.056640625
U_optimizer_C30,random,256,negative_gain_fraction,46219,603,-0.0703125
U_optimizer_C30,uniform,64,p,41843,601,
U_optimizer_C30,uniform,64,p,41843,602,
U_optimizer_C30,uniform,64,p,41843,603,
U_optimizer_C30,uniform,64,p,43997,601,
U_optimizer_C30,uniform,64,p,43997,602,
U_optimizer_C30,uniform,64,p,43997,603,
U_optimizer_C30,uniform,64,p,46219,601,
U_optimizer_C30,uniform,64,p,46219,602,
U_optimizer_C30,uniform,64,p,46219,603,
U_optimizer_C30,uniform,64,objective,41843,601,
U_optimizer_C30,uniform,64,objective,41843,602,
U_optimizer_C30,uniform,64,objective,41843,603,
U_optimizer_C30,uniform,64,objective,43997,601,
U_optimizer_C30,uniform,64,objective,43997,602,
U_optimizer_C30,uniform,64,objective,43997,603,
U_optimizer_C30,uniform,64,objective,46219,601,
U_optimizer_C30,uniform,64,objective,46219,602,
U_optimizer_C30,uniform,64,objective,46219,603,
U_optimizer_C30,uniform,64,train_nll,41843,601,-0.2903587818145752
U_optimizer_C30,uniform,64,train_nll,41843,602,-0.2527899742126465
U_optimizer_C30,uniform,64,train_nll,41843,603,-0.3145921230316162
U_optimizer_C30,uniform,64,train_nll,43997,601,-0.3017798662185669
U_optimizer_C30,uniform,64,train_nll,43997,602,-0.2792013883590698
U_optimizer_C30,uniform,64,train_nll,43997,603,-0.37827277183532715
U_optimizer_C30,uniform,64,train_nll,46219,601,-0.29833269119262695
U_optimizer_C30,uniform,64,train_nll,46219,602,-0.2733135223388672
U_optimizer_C30,uniform,64,train_nll,46219,603,-0.3576841354370117
U_optimizer_C30,uniform,64,validation_nll,41843,601,0.10969436168670654
U_optimizer_C30,uniform,64,validation_nll,41843,602,0.06768572330474854
U_optimizer_C30,uniform,64,validation_nll,41843,603,0.12112545967102051
U_optimizer_C30,uniform,64,validation_nll,43997,601,0.04986238479614258
U_optimizer_C30,uniform,64,validation_nll,43997,602,0.049169063568115234
U_optimizer_C30,uniform,64,validation_nll,43997,603,0.03827393054962158
U_optimizer_C30,uniform,64,validation_nll,46219,601,0.07523977756500244
U_optimizer_C30,uniform,64,validation_nll,46219,602,-0.004044651985168457
U_optimizer_C30,uniform,64,validation_nll,46219,603,0.018867135047912598
U_optimizer_C30,uniform,64,test_nll,41843,601,0.1031498908996582
U_optimizer_C30,uniform,64,test_nll,41843,602,0.06036341190338135
U_optimizer_C30,uniform,64,test_nll,41843,603,0.09143602848052979
U_optimizer_C30,uniform,64,test_nll,43997,601,0.06490719318389893
U_optimizer_C30,uniform,64,test_nll,43997,602,0.04215681552886963
U_optimizer_C30,uniform,64,test_nll,43997,603,0.006996273994445801
U_optimizer_C30,uniform,64,test_nll,46219,601,0.08984780311584473
U_optimizer_C30,uniform,64,test_nll,46219,602,0.007771730422973633
U_optimizer_C30,uniform,64,test_nll,46219,603,0.032392024993896484
U_optimizer_C30,uniform,64,train_instance_accuracy,41843,601,0.07763671875
U_optimizer_C30,uniform,64,train_instance_accuracy,41843,602,0.05859375
U_optimizer_C30,uniform,64,train_instance_accuracy,41843,603,0.0859375
U_optimizer_C30,uniform,64,train_instance_accuracy,43997,601,0.0771484375
U_optimizer_C30,uniform,64,train_instance_accuracy,43997,602,0.06396484375
U_optimizer_C30,uniform,64,train_instance_accuracy,43997,603,0.10546875
U_optimizer_C30,uniform,64,train_instance_accuracy,46219,601,0.07373046875
U_optimizer_C30,uniform,64,train_instance_accuracy,46219,602,0.0517578125
U_optimizer_C30,uniform,64,train_instance_accuracy,46219,603,0.0771484375
U_optimizer_C30,uniform,64,clipping,41843,601,0.17083333333333328
U_optimizer_C30,uniform,64,clipping,41843,602,0.14166666666666672
U_optimizer_C30,uniform,64,clipping,41843,603,0.10833333333333339
U_optimizer_C30,uniform,64,clipping,43997,601,0.2333333333333334
U_optimizer_C30,uniform,64,clipping,43997,602,0.18958333333333333
U_optimizer_C30,uniform,64,clipping,43997,603,0.13750000000000007
U_optimizer_C30,uniform,64,clipping,46219,601,0.22499999999999998
U_optimizer_C30,uniform,64,clipping,46219,602,0.1416666666666666
U_optimizer_C30,uniform,64,clipping,46219,603,0.10208333333333341
U_optimizer_C30,uniform,64,total_gain,41843,601,148.66368728876114
U_optimizer_C30,uniform,64,total_gain,41843,602,129.4283891916275
U_optimizer_C30,uniform,64,total_gain,41843,603,161.07115000486374
U_optimizer_C30,uniform,64,total_gain,43997,601,154.5113466978073
U_optimizer_C30,uniform,64,total_gain,43997,602,142.95110154151917
U_optimizer_C30,uniform,64,total_gain,43997,603,193.67561519145966
U_optimizer_C30,uniform,64,total_gain,46219,601,152.74644082784653
U_optimizer_C30,uniform,64,total_gain,46219,602,139.93642926216125
U_optimizer_C30,uniform,64,total_gain,46219,603,183.13416254520416
U_optimizer_C30,uniform,64,negative_gain_fraction,41843,601,0.001953125
U_optimizer_C30,uniform,64,negative_gain_fraction,41843,602,-0.001953125
U_optimizer_C30,uniform,64,negative_gain_fraction,41843,603,-0.001953125
U_optimizer_C30,uniform,64,negative_gain_fraction,43997,601,-0.001953125
U_optimizer_C30,uniform,64,negative_gain_fraction,43997,602,-0.013671875
U_optimizer_C30,uniform,64,negative_gain_fraction,43997,603,-0.005859375
U_optimizer_C30,uniform,64,negative_gain_fraction,46219,601,-0.005859375
U_optimizer_C30,uniform,64,negative_gain_fraction,46219,602,-0.009765625
U_optimizer_C30,uniform,64,negative_gain_fraction,46219,603,0.0
U_optimizer_C30,uniform,128,p,41843,601,
U_optimizer_C30,uniform,128,p,41843,602,
U_optimizer_C30,uniform,128,p,41843,603,
U_optimizer_C30,uniform,128,p,43997,601,
U_optimizer_C30,uniform,128,p,43997,602,
U_optimizer_C30,uniform,128,p,43997,603,
U_optimizer_C30,uniform,128,p,46219,601,
U_optimizer_C30,uniform,128,p,46219,602,
U_optimizer_C30,uniform,128,p,46219,603,
U_optimizer_C30,uniform,128,objective,41843,601,
U_optimizer_C30,uniform,128,objective,41843,602,
U_optimizer_C30,uniform,128,objective,41843,603,
U_optimizer_C30,uniform,128,objective,43997,601,
U_optimizer_C30,uniform,128,objective,43997,602,
U_optimizer_C30,uniform,128,objective,43997,603,
U_optimizer_C30,uniform,128,objective,46219,601,
U_optimizer_C30,uniform,128,objective,46219,602,
U_optimizer_C30,uniform,128,objective,46219,603,
U_optimizer_C30,uniform,128,train_nll,41843,601,0.0
U_optimizer_C30,uniform,128,train_nll,41843,602,0.0
U_optimizer_C30,uniform,128,train_nll,41843,603,0.0
U_optimizer_C30,uniform,128,train_nll,43997,601,0.0
U_optimizer_C30,uniform,128,train_nll,43997,602,0.0
U_optimizer_C30,uniform,128,train_nll,43997,603,0.0
U_optimizer_C30,uniform,128,train_nll,46219,601,0.0
U_optimizer_C30,uniform,128,train_nll,46219,602,0.0
U_optimizer_C30,uniform,128,train_nll,46219,603,0.0
U_optimizer_C30,uniform,128,validation_nll,41843,601,0.0
U_optimizer_C30,uniform,128,validation_nll,41843,602,0.0
U_optimizer_C30,uniform,128,validation_nll,41843,603,0.0
U_optimizer_C30,uniform,128,validation_nll,43997,601,0.0
U_optimizer_C30,uniform,128,validation_nll,43997,602,0.0
U_optimizer_C30,uniform,128,validation_nll,43997,603,0.0
U_optimizer_C30,uniform,128,validation_nll,46219,601,0.0
U_optimizer_C30,uniform,128,validation_nll,46219,602,0.0
U_optimizer_C30,uniform,128,validation_nll,46219,603,0.0
U_optimizer_C30,uniform,128,test_nll,41843,601,0.0
U_optimizer_C30,uniform,128,test_nll,41843,602,0.0
U_optimizer_C30,uniform,128,test_nll,41843,603,0.0
U_optimizer_C30,uniform,128,test_nll,43997,601,0.0
U_optimizer_C30,uniform,128,test_nll,43997,602,0.0
U_optimizer_C30,uniform,128,test_nll,43997,603,0.0
U_optimizer_C30,uniform,128,test_nll,46219,601,0.0
U_optimizer_C30,uniform,128,test_nll,46219,602,0.0
U_optimizer_C30,uniform,128,test_nll,46219,603,0.0
U_optimizer_C30,uniform,128,train_instance_accuracy,41843,601,0.0
U_optimizer_C30,uniform,128,train_instance_accuracy,41843,602,0.0
U_optimizer_C30,uniform,128,train_instance_accuracy,41843,603,0.0
U_optimizer_C30,uniform,128,train_instance_accuracy,43997,601,0.0
U_optimizer_C30,uniform,128,train_instance_accuracy,43997,602,0.0
U_optimizer_C30,uniform,128,train_instance_accuracy,43997,603,0.0
U_optimizer_C30,uniform,128,train_instance_accuracy,46219,601,0.0
U_optimizer_C30,uniform,128,train_instance_accuracy,46219,602,0.0
U_optimizer_C30,uniform,128,train_instance_accuracy,46219,603,0.0
U_optimizer_C30,uniform,128,clipping,41843,601,0.0
U_optimizer_C30,uniform,128,clipping,41843,602,0.0
U_optimizer_C30,uniform,128,clipping,41843,603,0.0
U_optimizer_C30,uniform,128,clipping,43997,601,0.0
U_optimizer_C30,uniform,128,clipping,43997,602,0.0
U_optimizer_C30,uniform,128,clipping,43997,603,0.0
U_optimizer_C30,uniform,128,clipping,46219,601,0.0
U_optimizer_C30,uniform,128,clipping,46219,602,0.0
U_optimizer_C30,uniform,128,clipping,46219,603,0.0
U_optimizer_C30,uniform,128,total_gain,41843,601,0.0
U_optimizer_C30,uniform,128,total_gain,41843,602,0.0
U_optimizer_C30,uniform,128,total_gain,41843,603,0.0
U_optimizer_C30,uniform,128,total_gain,43997,601,0.0
U_optimizer_C30,uniform,128,total_gain,43997,602,0.0
U_optimizer_C30,uniform,128,total_gain,43997,603,0.0
U_optimizer_C30,uniform,128,total_gain,46219,601,0.0
U_optimizer_C30,uniform,128,total_gain,46219,602,0.0
U_optimizer_C30,uniform,128,total_gain,46219,603,0.0
U_optimizer_C30,uniform,128,negative_gain_fraction,41843,601,0.0
U_optimizer_C30,uniform,128,negative_gain_fraction,41843,602,0.0
U_optimizer_C30,uniform,128,negative_gain_fraction,41843,603,0.0
U_optimizer_C30,uniform,128,negative_gain_fraction,43997,601,0.0
U_optimizer_C30,uniform,128,negative_gain_fraction,43997,602,0.0
U_optimizer_C30,uniform,128,negative_gain_fraction,43997,603,0.0
U_optimizer_C30,uniform,128,negative_gain_fraction,46219,601,0.0
U_optimizer_C30,uniform,128,negative_gain_fraction,46219,602,0.0
U_optimizer_C30,uniform,128,negative_gain_fraction,46219,603,0.0
U_optimizer_C30,uniform,256,p,41843,601,
U_optimizer_C30,uniform,256,p,41843,602,
U_optimizer_C30,uniform,256,p,41843,603,
U_optimizer_C30,uniform,256,p,43997,601,
U_optimizer_C30,uniform,256,p,43997,602,
U_optimizer_C30,uniform,256,p,43997,603,
U_optimizer_C30,uniform,256,p,46219,601,
U_optimizer_C30,uniform,256,p,46219,602,
U_optimizer_C30,uniform,256,p,46219,603,
U_optimizer_C30,uniform,256,objective,41843,601,
U_optimizer_C30,uniform,256,objective,41843,602,
U_optimizer_C30,uniform,256,objective,41843,603,
U_optimizer_C30,uniform,256,objective,43997,601,
U_optimizer_C30,uniform,256,objective,43997,602,
U_optimizer_C30,uniform,256,objective,43997,603,
U_optimizer_C30,uniform,256,objective,46219,601,
U_optimizer_C30,uniform,256,objective,46219,602,
U_optimizer_C30,uniform,256,objective,46219,603,
U_optimizer_C30,uniform,256,train_nll,41843,601,-0.10722742229700089
U_optimizer_C30,uniform,256,train_nll,41843,602,-0.10941705852746964
U_optimizer_C30,uniform,256,train_nll,41843,603,-0.16756070405244827
U_optimizer_C30,uniform,256,train_nll,43997,601,-0.12800592184066772
U_optimizer_C30,uniform,256,train_nll,43997,602,-0.10393962264060974
U_optimizer_C30,uniform,256,train_nll,43997,603,-0.13964646309614182
U_optimizer_C30,uniform,256,train_nll,46219,601,-0.10482249408960342
U_optimizer_C30,uniform,256,train_nll,46219,602,-0.09571565687656403
U_optimizer_C30,uniform,256,train_nll,46219,603,-0.15985629707574844
U_optimizer_C30,uniform,256,validation_nll,41843,601,0.15345096588134766
U_optimizer_C30,uniform,256,validation_nll,41843,602,0.20336365699768066
U_optimizer_C30,uniform,256,validation_nll,41843,603,0.20491552352905273
U_optimizer_C30,uniform,256,validation_nll,43997,601,-0.29657602310180664
U_optimizer_C30,uniform,256,validation_nll,43997,602,0.08680319786071777
U_optimizer_C30,uniform,256,validation_nll,43997,603,-0.0878455638885498
U_optimizer_C30,uniform,256,validation_nll,46219,601,0.03447604179382324
U_optimizer_C30,uniform,256,validation_nll,46219,602,-0.04035782814025879
U_optimizer_C30,uniform,256,validation_nll,46219,603,0.05887341499328613
U_optimizer_C30,uniform,256,test_nll,41843,601,0.13228940963745117
U_optimizer_C30,uniform,256,test_nll,41843,602,0.22249126434326172
U_optimizer_C30,uniform,256,test_nll,41843,603,0.14866924285888672
U_optimizer_C30,uniform,256,test_nll,43997,601,-0.2207789421081543
U_optimizer_C30,uniform,256,test_nll,43997,602,0.07369780540466309
U_optimizer_C30,uniform,256,test_nll,43997,603,-0.06673121452331543
U_optimizer_C30,uniform,256,test_nll,46219,601,0.08406877517700195
U_optimizer_C30,uniform,256,test_nll,46219,602,0.01708507537841797
U_optimizer_C30,uniform,256,test_nll,46219,603,0.05848288536071777
U_optimizer_C30,uniform,256,train_instance_accuracy,41843,601,0.05615234375
U_optimizer_C30,uniform,256,train_instance_accuracy,41843,602,0.05908203125
U_optimizer_C30,uniform,256,train_instance_accuracy,41843,603,0.12109375
U_optimizer_C30,uniform,256,train_instance_accuracy,43997,601,0.0634765625
U_optimizer_C30,uniform,256,train_instance_accuracy,43997,602,0.05712890625
U_optimizer_C30,uniform,256,train_instance_accuracy,43997,603,0.09912109375
U_optimizer_C30,uniform,256,train_instance_accuracy,46219,601,0.048828125
U_optimizer_C30,uniform,256,train_instance_accuracy,46219,602,0.03564453125
U_optimizer_C30,uniform,256,train_instance_accuracy,46219,603,0.11474609375
U_optimizer_C30,uniform,256,clipping,41843,601,0.0625
U_optimizer_C30,uniform,256,clipping,41843,602,0.060416666666666674
U_optimizer_C30,uniform,256,clipping,41843,603,0.0625
U_optimizer_C30,uniform,256,clipping,43997,601,0.08124999999999993
U_optimizer_C30,uniform,256,clipping,43997,602,0.0708333333333333
U_optimizer_C30,uniform,256,clipping,43997,603,0.05833333333333335
U_optimizer_C30,uniform,256,clipping,46219,601,0.06458333333333333
U_optimizer_C30,uniform,256,clipping,46219,602,0.0708333333333333
U_optimizer_C30,uniform,256,clipping,46219,603,0.08333333333333337
U_optimizer_C30,uniform,256,total_gain,41843,601,54.90043556690216
U_optimizer_C30,uniform,256,total_gain,41843,602,56.021525621414185
U_optimizer_C30,uniform,256,total_gain,41843,603,85.79107785224915
U_optimizer_C30,uniform,256,total_gain,43997,601,65.53903371095657
U_optimizer_C30,uniform,256,total_gain,43997,602,53.21708631515503
U_optimizer_C30,uniform,256,total_gain,43997,603,71.49899649620056
U_optimizer_C30,uniform,256,total_gain,46219,601,53.66912245750427
U_optimizer_C30,uniform,256,total_gain,46219,602,49.006407618522644
U_optimizer_C30,uniform,256,total_gain,46219,603,81.84643411636353
U_optimizer_C30,uniform,256,negative_gain_fraction,41843,601,0.0
U_optimizer_C30,uniform,256,negative_gain_fraction,41843,602,0.0
U_optimizer_C30,uniform,256,negative_gain_fraction,41843,603,0.0
U_optimizer_C30,uniform,256,negative_gain_fraction,43997,601,0.0
U_optimizer_C30,uniform,256,negative_gain_fraction,43997,602,0.0
U_optimizer_C30,uniform,256,negative_gain_fraction,43997,603,0.0
U_optimizer_C30,uniform,256,negative_gain_fraction,46219,601,0.0
U_optimizer_C30,uniform,256,negative_gain_fraction,46219,602,0.0
U_optimizer_C30,uniform,256,negative_gain_fraction,46219,603,0.0
U_duration_F,random,64,p,41843,601,-0.9656080948402441
U_duration_F,random,64,p,41843,602,-0.1700192714808445
U_duration_F,random,64,p,41843,603,-0.9388488126588531
U_duration_F,random,64,p,43997,601,-0.638392715218292
U_duration_F,random,64,p,43997,602,-0.5212147417956728
U_duration_F,random,64,p,43997,603,-1.0740863586203662
U_duration_F,random,64,p,46219,601,-0.7771531739300805
U_duration_F,random,64,p,46219,602,-0.7284088851955473
U_duration_F,random,64,p,46219,603,-0.4187385911134853
U_duration_F,random,64,objective,41843,601,-0.003881667837602429
U_duration_F,random,64,objective,41843,602,0.0005452275899512036
U_duration_F,random,64,objective,41843,603,-0.0033602131598987686
U_duration_F,random,64,objective,43997,601,0.0005478689291885959
U_duration_F,random,64,objective,43997,602,0.0004907541000735059
U_duration_F,random,64,objective,43997,603,-0.004900799359764795
U_duration_F,random,64,objective,46219,601,0.0005054859019836585
U_duration_F,random,64,objective,46219,602,-0.0008465619046005734
U_duration_F,random,64,objective,46219,603,0.0011201988094844048
U_duration_F,random,64,train_nll,41843,601,0.04117929935455322
U_duration_F,random,64,train_nll,41843,602,0.05790114402770996
U_duration_F,random,64,train_nll,41843,603,0.0604020357131958
U_duration_F,random,64,train_nll,43997,601,0.05388987064361572
U_duration_F,random,64,train_nll,43997,602,0.04209625720977783
U_duration_F,random,64,train_nll,43997,603,0.053517699241638184
U_duration_F,random,64,train_nll,46219,601,0.05405914783477783
U_duration_F,random,64,train_nll,46219,602,0.03217744827270508
U_duration_F,random,64,train_nll,46219,603,0.07116830348968506
U_duration_F,random,64,validation_nll,41843,601,-0.06134653091430664
U_duration_F,random,64,validation_nll,41843,602,0.005883455276489258
U_duration_F,random,64,validation_nll,41843,603,-0.0729067325592041
U_duration_F,random,64,validation_nll,43997,601,-0.05248737335205078
U_duration_F,random,64,validation_nll,43997,602,-0.03839004039764404
U_duration_F,random,64,validation_nll,43997,603,-0.05761754512786865
U_duration_F,random,64,validation_nll,46219,601,-0.06307196617126465
U_duration_F,random,64,validation_nll,46219,602,-0.040284156799316406
U_duration_F,random,64,validation_nll,46219,603,-0.02750575542449951
U_duration_F,random,64,test_nll,41843,601,-0.06871187686920166
U_duration_F,random,64,test_nll,41843,602,0.0038704872131347656
U_duration_F,random,64,test_nll,41843,603,-0.05992233753204346
U_duration_F,random,64,test_nll,43997,601,-0.03808283805847168
U_duration_F,random,64,test_nll,43997,602,-0.034812331199645996
U_duration_F,random,64,test_nll,43997,603,-0.0665961503982544
U_duration_F,random,64,test_nll,46219,601,-0.06236231327056885
U_duration_F,random,64,test_nll,46219,602,-0.04173266887664795
U_duration_F,random,64,test_nll,46219,603,-0.02926623821258545
U_duration_F,random,64,train_instance_accuracy,41843,601,-0.041015625
U_duration_F,random,64,train_instance_accuracy,41843,602,-0.0185546875
U_duration_F,random,64,train_instance_accuracy,41843,603,-0.05029296875
U_duration_F,random,64,train_instance_accuracy,43997,601,-0.03857421875
U_duration_F,random,64,train_instance_accuracy,43997,602,-0.03466796875
U_duration_F,random,64,train_instance_accuracy,43997,603,-0.04833984375
U_duration_F,random,64,train_instance_accuracy,46219,601,-0.04345703125
U_duration_F,random,64,train_instance_accuracy,46219,602,-0.0234375
U_duration_F,random,64,train_instance_accuracy,46219,603,-0.0458984375
U_duration_F,random,64,clipping,41843,601,-0.08333333333333326
U_duration_F,random,64,clipping,41843,602,-0.012500000000000067
U_duration_F,random,64,clipping,41843,603,-0.12083333333333335
U_duration_F,random,64,clipping,43997,601,-0.060416666666666674
U_duration_F,random,64,clipping,43997,602,-0.10624999999999996
U_duration_F,random,64,clipping,43997,603,-0.17083333333333328
U_duration_F,random,64,clipping,46219,601,-0.054166666666666696
U_duration_F,random,64,clipping,46219,602,-0.027083333333333348
U_duration_F,random,64,clipping,46219,603,-0.0708333333333333
U_duration_F,random,64,total_gain,41843,601,-21.083876490592957
U_duration_F,random,64,total_gain,41843,602,-29.645294308662415
U_duration_F,random,64,total_gain,41843,603,-30.925779938697815
U_duration_F,random,64,total_gain,43997,601,-27.59158205986023
U_duration_F,random,64,total_gain,43997,602,-21.553346514701843
U_duration_F,random,64,total_gain,43997,603,-27.401055693626404
U_duration_F,random,64,total_gain,46219,601,-27.67834907770157
U_duration_F,random,64,total_gain,46219,602,-16.47481679916382
U_duration_F,random,64,total_gain,46219,603,-36.43807101249695
U_duration_F,random,64,negative_gain_fraction,41843,601,-0.203125
U_duration_F,random,64,negative_gain_fraction,41843,602,-0.01953125
U_duration_F,random,64,negative_gain_fraction,41843,603,-0.138671875
U_duration_F,random,64,negative_gain_fraction,43997,601,-0.228515625
U_duration_F,random,64,negative_gain_fraction,43997,602,-0.2109375
U_duration_F,random,64,negative_gain_fraction,43997,603,-0.185546875
U_duration_F,random,64,negative_gain_fraction,46219,601,-0.279296875
U_duration_F,random,64,negative_gain_fraction,46219,602,-0.150390625
U_duration_F,random,64,negative_gain_fraction,46219,603,-0.0703125
U_duration_F,random,128,p,41843,601,-2.749586705844732
U_duration_F,random,128,p,41843,602,-2.471207817235638
U_duration_F,random,128,p,41843,603,-4.491578653960426
U_duration_F,random,128,p,43997,601,0.11488624033910977
U_duration_F,random,128,p,43997,602,-0.39799581648763027
U_duration_F,random,128,p,43997,603,-3.773016497279458
U_duration_F,random,128,p,46219,601,3.340637542797909
U_duration_F,random,128,p,46219,602,-2.8525751817514298
U_duration_F,random,128,p,46219,603,-1.2817644981612437
U_duration_F,random,128,objective,41843,601,-3.9571448210086
U_duration_F,random,128,objective,41843,602,-5.597318090917801
U_duration_F,random,128,objective,41843,603,-2.7992794014100157
U_duration_F,random,128,objective,43997,601,-0.7566517006440465
U_duration_F,random,128,objective,43997,602,-1.1449809308091257
U_duration_F,random,128,objective,43997,603,-2.5320272874554437
U_duration_F,random,128,objective,46219,601,1.1478399942324338
U_duration_F,random,128,objective,46219,602,-1.5818705463119784
U_duration_F,random,128,objective,46219,603,-1.063784882194642
U_duration_F,random,128,train_nll,41843,601,0.04105865955352783
U_duration_F,random,128,train_nll,41843,602,0.028925061225891113
U_duration_F,random,128,train_nll,41843,603,0.05232083797454834
U_duration_F,random,128,train_nll,43997,601,0.09229159355163574
U_duration_F,random,128,train_nll,43997,602,0.07896983623504639
U_duration_F,random,128,train_nll,43997,603,0.05231118202209473
U_duration_F,random,128,train_nll,46219,601,0.10732853412628174
U_duration_F,random,128,train_nll,46219,602,0.06694316864013672
U_duration_F,random,128,train_nll,46219,603,0.07995772361755371
U_duration_F,random,128,validation_nll,41843,601,-0.38884472846984863
U_duration_F,random,128,validation_nll,41843,602,-0.34264063835144043
U_duration_F,random,128,validation_nll,41843,603,-0.4796919822692871
U_duration_F,random,128,validation_nll,43997,601,-0.4093616008758545
U_duration_F,random,128,validation_nll,43997,602,-0.377410888671875
U_duration_F,random,128,validation_nll,43997,603,-0.42227089405059814
U_duration_F,random,128,validation_nll,46219,601,-0.3502277135848999
U_duration_F,random,128,validation_nll,46219,602,-0.4084972143173218
U_duration_F,random,128,validation_nll,46219,603,-0.40071535110473633
U_duration_F,random,128,test_nll,41843,601,-0.39061474800109863
U_duration_F,random,128,test_nll,41843,602,-0.36379873752593994
U_duration_F,random,128,test_nll,41843,603,-0.4678875207901001
U_duration_F,random,128,test_nll,43997,601,-0.3932605981826782
U_duration_F,random,128,test_nll,43997,602,-0.420055627822876
U_duration_F,random,128,test_nll,43997,603,-0.44442152976989746
U_duration_F,random,128,test_nll,46219,601,-0.36316144466400146
U_duration_F,random,128,test_nll,46219,602,-0.4290095567703247
U_duration_F,random,128,test_nll,46219,603,-0.4106942415237427
U_duration_F,random,128,train_instance_accuracy,41843,601,-0.125
U_duration_F,random,128,train_instance_accuracy,41843,602,-0.1220703125
U_duration_F,random,128,train_instance_accuracy,41843,603,-0.15869140625
U_duration_F,random,128,train_instance_accuracy,43997,601,-0.1796875
U_duration_F,random,128,train_instance_accuracy,43997,602,-0.16162109375
U_duration_F,random,128,train_instance_accuracy,43997,603,-0.15869140625
U_duration_F,random,128,train_instance_accuracy,46219,601,-0.16015625
U_duration_F,random,128,train_instance_accuracy,46219,602,-0.169921875
U_duration_F,random,128,train_instance_accuracy,46219,603,-0.16064453125
U_duration_F,random,128,clipping,41843,601,-0.15416666666666667
U_duration_F,random,128,clipping,41843,602,-0.1166666666666667
U_duration_F,random,128,clipping,41843,603,-0.1333333333333333
U_duration_F,random,128,clipping,43997,601,-0.17083333333333328
U_duration_F,random,128,clipping,43997,602,-0.17499999999999993
U_duration_F,random,128,clipping,43997,603,-0.13750000000000007
U_duration_F,random,128,clipping,46219,601,-0.12916666666666665
U_duration_F,random,128,clipping,46219,602,-0.14583333333333337
U_duration_F,random,128,clipping,46219,603,-0.14166666666666672
U_duration_F,random,128,total_gain,41843,601,-21.0220587849617
U_duration_F,random,128,total_gain,41843,602,-14.809627950191498
U_duration_F,random,128,total_gain,41843,603,-26.788230776786804
U_duration_F,random,128,total_gain,43997,601,-47.25329524278641
U_duration_F,random,128,total_gain,43997,602,-40.432472229003906
U_duration_F,random,128,total_gain,43997,603,-26.7833434343338
U_duration_F,random,128,total_gain,46219,601,-54.95221596956253
U_duration_F,random,128,total_gain,46219,602,-34.27497309446335
U_duration_F,random,128,total_gain,46219,603,-40.93827813863754
U_duration_F,random,128,negative_gain_fraction,41843,601,-0.060546875
U_duration_F,random,128,negative_gain_fraction,41843,602,-0.087890625
U_duration_F,random,128,negative_gain_fraction,41843,603,-0.111328125
U_duration_F,random,128,negative_gain_fraction,43997,601,-0.05859375
U_duration_F,random,128,negative_gain_fraction,43997,602,-0.0625
U_duration_F,random,128,negative_gain_fraction,43997,603,-0.1171875
U_duration_F,random,128,negative_gain_fraction,46219,601,-0.05859375
U_duration_F,random,128,negative_gain_fraction,46219,602,-0.1328125
U_duration_F,random,128,negative_gain_fraction,46219,603,-0.083984375
U_duration_F,random,256,p,41843,601,-0.40267980564384587
U_duration_F,random,256,p,41843,602,6.3399017465615835
U_duration_F,random,256,p,41843,603,-0.7345719863344633
U_duration_F,random,256,p,43997,601,-0.555624995587582
U_duration_F,random,256,p,43997,602,0.6134975468217059
U_duration_F,random,256,p,43997,603,-0.44508334321067
U_duration_F,random,256,p,46219,601,-0.12904282888416185
U_duration_F,random,256,p,46219,602,2.2759203895299747
U_duration_F,random,256,p,46219,603,1.2174421724187403
U_duration_F,random,256,objective,41843,601,-0.15819819695932857
U_duration_F,random,256,objective,41843,602,7.6332544019359005
U_duration_F,random,256,objective,41843,603,-0.22465567262043792
U_duration_F,random,256,objective,43997,601,-0.21415980572032184
U_duration_F,random,256,objective,43997,602,-0.06332996151932127
U_duration_F,random,256,objective,43997,603,-0.31899957861184136
U_duration_F,random,256,objective,46219,601,-0.15697099803014197
U_duration_F,random,256,objective,46219,602,0.20782437718372065
U_duration_F,random,256,objective,46219,603,-0.278443724969224
U_duration_F,random,256,train_nll,41843,601,0.4504828453063965
U_duration_F,random,256,train_nll,41843,602,0.38363540172576904
U_duration_F,random,256,train_nll,41843,603,0.3751552104949951
U_duration_F,random,256,train_nll,43997,601,0.4029802083969116
U_duration_F,random,256,train_nll,43997,602,0.4851064682006836
U_duration_F,random,256,train_nll,43997,603,0.33686399459838867
U_duration_F,random,256,train_nll,46219,601,0.4198068380355835
U_duration_F,random,256,train_nll,46219,602,0.45301032066345215
U_duration_F,random,256,train_nll,46219,603,0.32199060916900635
U_duration_F,random,256,validation_nll,41843,601,-0.9257192611694336
U_duration_F,random,256,validation_nll,41843,602,-0.9260294437408447
U_duration_F,random,256,validation_nll,41843,603,-0.9632581472396851
U_duration_F,random,256,validation_nll,43997,601,-0.8829958438873291
U_duration_F,random,256,validation_nll,43997,602,-0.856891393661499
U_duration_F,random,256,validation_nll,43997,603,-0.9175372123718262
U_duration_F,random,256,validation_nll,46219,601,-0.8676455020904541
U_duration_F,random,256,validation_nll,46219,602,-0.8616940975189209
U_duration_F,random,256,validation_nll,46219,603,-0.8935662508010864
U_duration_F,random,256,test_nll,41843,601,-0.9528800249099731
U_duration_F,random,256,test_nll,41843,602,-0.9188811779022217
U_duration_F,random,256,test_nll,41843,603,-0.8881345987319946
U_duration_F,random,256,test_nll,43997,601,-0.9352294206619263
U_duration_F,random,256,test_nll,43997,602,-0.8583735227584839
U_duration_F,random,256,test_nll,43997,603,-0.9368034601211548
U_duration_F,random,256,test_nll,46219,601,-0.9219403266906738
U_duration_F,random,256,test_nll,46219,602,-0.8504742383956909
U_duration_F,random,256,test_nll,46219,603,-0.9530996084213257
U_duration_F,random,256,train_instance_accuracy,41843,601,-0.3896484375
U_duration_F,random,256,train_instance_accuracy,41843,602,-0.35986328125
U_duration_F,random,256,train_instance_accuracy,41843,603,-0.35888671875
U_duration_F,random,256,train_instance_accuracy,43997,601,-0.3828125
U_duration_F,random,256,train_instance_accuracy,43997,602,-0.37548828125
U_duration_F,random,256,train_instance_accuracy,43997,603,-0.3447265625
U_duration_F,random,256,train_instance_accuracy,46219,601,-0.3623046875
U_duration_F,random,256,train_instance_accuracy,46219,602,-0.36328125
U_duration_F,random,256,train_instance_accuracy,46219,603,-0.34619140625
U_duration_F,random,256,clipping,41843,601,-0.1958333333333333
U_duration_F,random,256,clipping,41843,602,-0.125
U_duration_F,random,256,clipping,41843,603,-0.17708333333333337
U_duration_F,random,256,clipping,43997,601,-0.1645833333333333
U_duration_F,random,256,clipping,43997,602,-0.10416666666666663
U_duration_F,random,256,clipping,43997,603,-0.19791666666666663
U_duration_F,random,256,clipping,46219,601,-0.18333333333333335
U_duration_F,random,256,clipping,46219,602,-0.16041666666666665
U_duration_F,random,256,clipping,46219,603,-0.14374999999999993
U_duration_F,random,256,total_gain,41843,601,-230.6472002863884
U_duration_F,random,256,total_gain,41843,602,-196.4214181303978
U_duration_F,random,256,total_gain,41843,603,-192.07940953969955
U_duration_F,random,256,total_gain,43997,601,-206.32586032152176
U_duration_F,random,256,total_gain,43997,602,-248.3746114373207
U_duration_F,random,256,total_gain,43997,603,-172.4744108915329
U_duration_F,random,256,total_gain,46219,601,-214.94111740589142
U_duration_F,random,256,total_gain,46219,602,-231.94121026992798
U_duration_F,random,256,total_gain,46219,603,-164.85915046930313
U_duration_F,random,256,negative_gain_fraction,41843,601,0.0
U_duration_F,random,256,negative_gain_fraction,41843,602,0.03515625
U_duration_F,random,256,negative_gain_fraction,41843,603,-0.05859375
U_duration_F,random,256,negative_gain_fraction,43997,601,0.005859375
U_duration_F,random,256,negative_gain_fraction,43997,602,0.03125
U_duration_F,random,256,negative_gain_fraction,43997,603,-0.03125
U_duration_F,random,256,negative_gain_fraction,46219,601,-0.025390625
U_duration_F,random,256,negative_gain_fraction,46219,602,0.060546875
U_duration_F,random,256,negative_gain_fraction,46219,603,0.01171875
U_duration_F,uniform,64,p,41843,601,
U_duration_F,uniform,64,p,41843,602,
U_duration_F,uniform,64,p,41843,603,
U_duration_F,uniform,64,p,43997,601,
U_duration_F,uniform,64,p,43997,602,
U_duration_F,uniform,64,p,43997,603,
U_duration_F,uniform,64,p,46219,601,
U_duration_F,uniform,64,p,46219,602,
U_duration_F,uniform,64,p,46219,603,
U_duration_F,uniform,64,objective,41843,601,
U_duration_F,uniform,64,objective,41843,602,
U_duration_F,uniform,64,objective,41843,603,
U_duration_F,uniform,64,objective,43997,601,
U_duration_F,uniform,64,objective,43997,602,
U_duration_F,uniform,64,objective,43997,603,
U_duration_F,uniform,64,objective,46219,601,
U_duration_F,uniform,64,objective,46219,602,
U_duration_F,uniform,64,objective,46219,603,
U_duration_F,uniform,64,train_nll,41843,601,0.17456650733947754
U_duration_F,uniform,64,train_nll,41843,602,0.1428697109222412
U_duration_F,uniform,64,train_nll,41843,603,0.1912224292755127
U_duration_F,uniform,64,train_nll,43997,601,0.20935320854187012
U_duration_F,uniform,64,train_nll,43997,602,0.16715574264526367
U_duration_F,uniform,64,train_nll,43997,603,0.23141038417816162
U_duration_F,uniform,64,train_nll,46219,601,0.206742525100708
U_duration_F,uniform,64,train_nll,46219,602,0.15572500228881836
U_duration_F,uniform,64,train_nll,46219,603,0.1923999786376953
U_duration_F,uniform,64,validation_nll,41843,601,0.03360188007354736
U_duration_F,uniform,64,validation_nll,41843,602,0.03832805156707764
U_duration_F,uniform,64,validation_nll,41843,603,0.014677047729492188
U_duration_F,uniform,64,validation_nll,43997,601,0.058606505393981934
U_duration_F,uniform,64,validation_nll,43997,602,0.05377805233001709
U_duration_F,uniform,64,validation_nll,43997,603,0.05193591117858887
U_duration_F,uniform,64,validation_nll,46219,601,0.07094788551330566
U_duration_F,uniform,64,validation_nll,46219,602,0.07169806957244873
U_duration_F,uniform,64,validation_nll,46219,603,0.07620131969451904
U_duration_F,uniform,64,test_nll,41843,601,0.03784775733947754
U_duration_F,uniform,64,test_nll,41843,602,0.04698324203491211
U_duration_F,uniform,64,test_nll,41843,603,0.029127001762390137
U_duration_F,uniform,64,test_nll,43997,601,0.06516599655151367
U_duration_F,uniform,64,test_nll,43997,602,0.05863046646118164
U_duration_F,uniform,64,test_nll,43997,603,0.05472755432128906
U_duration_F,uniform,64,test_nll,46219,601,0.06228494644165039
U_duration_F,uniform,64,test_nll,46219,602,0.06771016120910645
U_duration_F,uniform,64,test_nll,46219,603,0.07058930397033691
U_duration_F,uniform,64,train_instance_accuracy,41843,601,-0.03857421875
U_duration_F,uniform,64,train_instance_accuracy,41843,602,-0.0322265625
U_duration_F,uniform,64,train_instance_accuracy,41843,603,-0.04736328125
U_duration_F,uniform,64,train_instance_accuracy,43997,601,-0.0390625
U_duration_F,uniform,64,train_instance_accuracy,43997,602,-0.044921875
U_duration_F,uniform,64,train_instance_accuracy,43997,603,-0.04052734375
U_duration_F,uniform,64,train_instance_accuracy,46219,601,-0.0400390625
U_duration_F,uniform,64,train_instance_accuracy,46219,602,-0.02978515625
U_duration_F,uniform,64,train_instance_accuracy,46219,603,-0.0322265625
U_duration_F,uniform,64,clipping,41843,601,-0.4708333333333333
U_duration_F,uniform,64,clipping,41843,602,-0.33124999999999993
U_duration_F,uniform,64,clipping,41843,603,-0.43333333333333335
U_duration_F,uniform,64,clipping,43997,601,-0.5229166666666667
U_duration_F,uniform,64,clipping,43997,602,-0.5208333333333333
U_duration_F,uniform,64,clipping,43997,603,-0.6104166666666666
U_duration_F,uniform,64,clipping,46219,601,-0.5270833333333333
U_duration_F,uniform,64,clipping,46219,602,-0.4541666666666667
U_duration_F,uniform,64,clipping,46219,603,-0.475
U_duration_F,uniform,64,total_gain,41843,601,-89.3780323266983
U_duration_F,uniform,64,total_gain,41843,602,-73.14928770065308
U_duration_F,uniform,64,total_gain,41843,603,-97.90595662593842
U_duration_F,uniform,64,total_gain,43997,601,-107.18882918357849
U_duration_F,uniform,64,total_gain,43997,602,-85.58369970321655
U_duration_F,uniform,64,total_gain,43997,603,-118.48210120201111
U_duration_F,uniform,64,total_gain,46219,601,-105.85197186470032
U_duration_F,uniform,64,total_gain,46219,602,-79.73126649856567
U_duration_F,uniform,64,total_gain,46219,603,-98.50881326198578
U_duration_F,uniform,64,negative_gain_fraction,41843,601,-0.001953125
U_duration_F,uniform,64,negative_gain_fraction,41843,602,0.01953125
U_duration_F,uniform,64,negative_gain_fraction,41843,603,0.013671875
U_duration_F,uniform,64,negative_gain_fraction,43997,601,-0.00390625
U_duration_F,uniform,64,negative_gain_fraction,43997,602,-0.013671875
U_duration_F,uniform,64,negative_gain_fraction,43997,603,-0.00390625
U_duration_F,uniform,64,negative_gain_fraction,46219,601,-0.005859375
U_duration_F,uniform,64,negative_gain_fraction,46219,602,-0.01171875
U_duration_F,uniform,64,negative_gain_fraction,46219,603,0.005859375
U_duration_F,uniform,128,p,41843,601,
U_duration_F,uniform,128,p,41843,602,
U_duration_F,uniform,128,p,41843,603,
U_duration_F,uniform,128,p,43997,601,
U_duration_F,uniform,128,p,43997,602,
U_duration_F,uniform,128,p,43997,603,
U_duration_F,uniform,128,p,46219,601,
U_duration_F,uniform,128,p,46219,602,
U_duration_F,uniform,128,p,46219,603,
U_duration_F,uniform,128,objective,41843,601,
U_duration_F,uniform,128,objective,41843,602,
U_duration_F,uniform,128,objective,41843,603,
U_duration_F,uniform,128,objective,43997,601,
U_duration_F,uniform,128,objective,43997,602,
U_duration_F,uniform,128,objective,43997,603,
U_duration_F,uniform,128,objective,46219,601,
U_duration_F,uniform,128,objective,46219,602,
U_duration_F,uniform,128,objective,46219,603,
U_duration_F,uniform,128,train_nll,41843,601,0.49332118034362793
U_duration_F,uniform,128,train_nll,41843,602,0.4499831199645996
U_duration_F,uniform,128,train_nll,41843,603,0.5153841972351074
U_duration_F,uniform,128,train_nll,43997,601,0.497875452041626
U_duration_F,uniform,128,train_nll,43997,602,0.5172121524810791
U_duration_F,uniform,128,train_nll,43997,603,0.5386644601821899
U_duration_F,uniform,128,train_nll,46219,601,0.478582501411438
U_duration_F,uniform,128,train_nll,46219,602,0.4190016984939575
U_duration_F,uniform,128,train_nll,46219,603,0.5050843954086304
U_duration_F,uniform,128,validation_nll,41843,601,-0.2532212734222412
U_duration_F,uniform,128,validation_nll,41843,602,-0.19283568859100342
U_duration_F,uniform,128,validation_nll,41843,603,-0.23232614994049072
U_duration_F,uniform,128,validation_nll,43997,601,-0.1820276975631714
U_duration_F,uniform,128,validation_nll,43997,602,-0.20241856575012207
U_duration_F,uniform,128,validation_nll,43997,603,-0.23599326610565186
U_duration_F,uniform,128,validation_nll,46219,601,-0.22851228713989258
U_duration_F,uniform,128,validation_nll,46219,602,-0.15805721282958984
U_duration_F,uniform,128,validation_nll,46219,603,-0.22220993041992188
U_duration_F,uniform,128,test_nll,41843,601,-0.2637763023376465
U_duration_F,uniform,128,test_nll,41843,602,-0.18255889415740967
U_duration_F,uniform,128,test_nll,41843,603,-0.23081767559051514
U_duration_F,uniform,128,test_nll,43997,601,-0.2099895477294922
U_duration_F,uniform,128,test_nll,43997,602,-0.20445168018341064
U_duration_F,uniform,128,test_nll,43997,603,-0.25343477725982666
U_duration_F,uniform,128,test_nll,46219,601,-0.2279679775238037
U_duration_F,uniform,128,test_nll,46219,602,-0.15802252292633057
U_duration_F,uniform,128,test_nll,46219,603,-0.2206897735595703
U_duration_F,uniform,128,train_instance_accuracy,41843,601,-0.19140625
U_duration_F,uniform,128,train_instance_accuracy,41843,602,-0.1259765625
U_duration_F,uniform,128,train_instance_accuracy,41843,603,-0.14990234375
U_duration_F,uniform,128,train_instance_accuracy,43997,601,-0.1513671875
U_duration_F,uniform,128,train_instance_accuracy,43997,602,-0.15087890625
U_duration_F,uniform,128,train_instance_accuracy,43997,603,-0.17626953125
U_duration_F,uniform,128,train_instance_accuracy,46219,601,-0.1455078125
U_duration_F,uniform,128,train_instance_accuracy,46219,602,-0.0771484375
U_duration_F,uniform,128,train_instance_accuracy,46219,603,-0.173828125
U_duration_F,uniform,128,clipping,41843,601,-0.3583333333333333
U_duration_F,uniform,128,clipping,41843,602,-0.34583333333333327
U_duration_F,uniform,128,clipping,41843,603,-0.36666666666666664
U_duration_F,uniform,128,clipping,43997,601,-0.41666666666666663
U_duration_F,uniform,128,clipping,43997,602,-0.4541666666666667
U_duration_F,uniform,128,clipping,43997,603,-0.41666666666666663
U_duration_F,uniform,128,clipping,46219,601,-0.4
U_duration_F,uniform,128,clipping,46219,602,-0.375
U_duration_F,uniform,128,clipping,46219,603,-0.3291666666666667
U_duration_F,uniform,128,total_gain,41843,601,-252.5803598165512
U_duration_F,uniform,128,total_gain,41843,602,-230.391379237175
U_duration_F,uniform,128,total_gain,41843,603,-263.8766635656357
U_duration_F,uniform,128,total_gain,43997,601,-254.912273645401
U_duration_F,uniform,128,total_gain,43997,602,-264.8126022219658
U_duration_F,uniform,128,total_gain,43997,603,-275.79614120721817
U_duration_F,uniform,128,total_gain,46219,601,-245.034195125103
U_duration_F,uniform,128,total_gain,46219,602,-214.52891540527344
U_duration_F,uniform,128,total_gain,46219,603,-258.6032220721245
U_duration_F,uniform,128,negative_gain_fraction,41843,601,0.056640625
U_duration_F,uniform,128,negative_gain_fraction,41843,602,0.056640625
U_duration_F,uniform,128,negative_gain_fraction,41843,603,0.05078125
U_duration_F,uniform,128,negative_gain_fraction,43997,601,0.052734375
U_duration_F,uniform,128,negative_gain_fraction,43997,602,0.05078125
U_duration_F,uniform,128,negative_gain_fraction,43997,603,0.05078125
U_duration_F,uniform,128,negative_gain_fraction,46219,601,0.05859375
U_duration_F,uniform,128,negative_gain_fraction,46219,602,0.05078125
U_duration_F,uniform,128,negative_gain_fraction,46219,603,0.04296875
U_duration_F,uniform,256,p,41843,601,
U_duration_F,uniform,256,p,41843,602,
U_duration_F,uniform,256,p,41843,603,
U_duration_F,uniform,256,p,43997,601,
U_duration_F,uniform,256,p,43997,602,
U_duration_F,uniform,256,p,43997,603,
U_duration_F,uniform,256,p,46219,601,
U_duration_F,uniform,256,p,46219,602,
U_duration_F,uniform,256,p,46219,603,
U_duration_F,uniform,256,objective,41843,601,
U_duration_F,uniform,256,objective,41843,602,
U_duration_F,uniform,256,objective,41843,603,
U_duration_F,uniform,256,objective,43997,601,
U_duration_F,uniform,256,objective,43997,602,
U_duration_F,uniform,256,objective,43997,603,
U_duration_F,uniform,256,objective,46219,601,
U_duration_F,uniform,256,objective,46219,602,
U_duration_F,uniform,256,objective,46219,603,
U_duration_F,uniform,256,train_nll,41843,601,1.6519179046154022
U_duration_F,uniform,256,train_nll,41843,602,1.6378008127212524
U_duration_F,uniform,256,train_nll,41843,603,1.5302703380584717
U_duration_F,uniform,256,train_nll,43997,601,1.614256590604782
U_duration_F,uniform,256,train_nll,43997,602,1.6436773836612701
U_duration_F,uniform,256,train_nll,43997,603,1.606470763683319
U_duration_F,uniform,256,train_nll,46219,601,1.6170599460601807
U_duration_F,uniform,256,train_nll,46219,602,1.633203387260437
U_duration_F,uniform,256,train_nll,46219,603,1.5604435801506042
U_duration_F,uniform,256,validation_nll,41843,601,-0.6329647302627563
U_duration_F,uniform,256,validation_nll,41843,602,-0.5321887731552124
U_duration_F,uniform,256,validation_nll,41843,603,-0.41820764541625977
U_duration_F,uniform,256,validation_nll,43997,601,-0.7505755424499512
U_duration_F,uniform,256,validation_nll,43997,602,-0.4509521722793579
U_duration_F,uniform,256,validation_nll,43997,603,-0.5725775957107544
U_duration_F,uniform,256,validation_nll,46219,601,-0.5085759162902832
U_duration_F,uniform,256,validation_nll,46219,602,-0.5562000274658203
U_duration_F,uniform,256,validation_nll,46219,603,-0.5222716331481934
U_duration_F,uniform,256,test_nll,41843,601,-0.5708954334259033
U_duration_F,uniform,256,test_nll,41843,602,-0.47652626037597656
U_duration_F,uniform,256,test_nll,41843,603,-0.4238929748535156
U_duration_F,uniform,256,test_nll,43997,601,-0.7379747629165649
U_duration_F,uniform,256,test_nll,43997,602,-0.4586930274963379
U_duration_F,uniform,256,test_nll,43997,603,-0.635453462600708
U_duration_F,uniform,256,test_nll,46219,601,-0.5000661611557007
U_duration_F,uniform,256,test_nll,46219,602,-0.5832639932632446
U_duration_F,uniform,256,test_nll,46219,603,-0.5558309555053711
U_duration_F,uniform,256,train_instance_accuracy,41843,601,-0.83349609375
U_duration_F,uniform,256,train_instance_accuracy,41843,602,-0.81884765625
U_duration_F,uniform,256,train_instance_accuracy,41843,603,-0.70166015625
U_duration_F,uniform,256,train_instance_accuracy,43997,601,-0.79443359375
U_duration_F,uniform,256,train_instance_accuracy,43997,602,-0.81201171875
U_duration_F,uniform,256,train_instance_accuracy,43997,603,-0.7734375
U_duration_F,uniform,256,train_instance_accuracy,46219,601,-0.796875
U_duration_F,uniform,256,train_instance_accuracy,46219,602,-0.80419921875
U_duration_F,uniform,256,train_instance_accuracy,46219,603,-0.73876953125
U_duration_F,uniform,256,clipping,41843,601,-0.75625
U_duration_F,uniform,256,clipping,41843,602,-0.7604166666666666
U_duration_F,uniform,256,clipping,41843,603,-0.7041666666666667
U_duration_F,uniform,256,clipping,43997,601,-0.7354166666666667
U_duration_F,uniform,256,clipping,43997,602,-0.7708333333333334
U_duration_F,uniform,256,clipping,43997,603,-0.7604166666666666
U_duration_F,uniform,256,clipping,46219,601,-0.8208333333333333
U_duration_F,uniform,256,clipping,46219,602,-0.7729166666666667
U_duration_F,uniform,256,clipping,46219,603,-0.7708333333333334
U_duration_F,uniform,256,total_gain,41843,601,-845.7819751501083
U_duration_F,uniform,256,total_gain,41843,602,-838.5540375709534
U_duration_F,uniform,256,total_gain,41843,603,-783.4984117746353
U_duration_F,uniform,256,total_gain,43997,601,-826.4993841052055
U_duration_F,uniform,256,total_gain,43997,602,-841.5627689361572
U_duration_F,uniform,256,total_gain,43997,603,-822.5130643844604
U_duration_F,uniform,256,total_gain,46219,601,-827.9347006082535
U_duration_F,uniform,256,total_gain,46219,602,-836.2002210617065
U_duration_F,uniform,256,total_gain,46219,603,-798.9471182823181
U_duration_F,uniform,256,negative_gain_fraction,41843,601,0.287109375
U_duration_F,uniform,256,negative_gain_fraction,41843,602,0.265625
U_duration_F,uniform,256,negative_gain_fraction,41843,603,0.341796875
U_duration_F,uniform,256,negative_gain_fraction,43997,601,0.265625
U_duration_F,uniform,256,negative_gain_fraction,43997,602,0.22265625
U_duration_F,uniform,256,negative_gain_fraction,43997,603,0.263671875
U_duration_F,uniform,256,negative_gain_fraction,46219,601,0.216796875
U_duration_F,uniform,256,negative_gain_fraction,46219,602,0.24609375
U_duration_F,uniform,256,negative_gain_fraction,46219,603,0.26953125
U_duration_T,random,64,p,41843,601,-1.9952450934447103
U_duration_T,random,64,p,41843,602,-2.238721261667414
U_duration_T,random,64,p,41843,603,-2.1254932496798853
U_duration_T,random,64,p,43997,601,-1.863661471394035
U_duration_T,random,64,p,43997,602,-1.7649033221914314
U_duration_T,random,64,p,43997,603,-1.933932017334691
U_duration_T,random,64,p,46219,601,-1.4860182293365702
U_duration_T,random,64,p,46219,602,-1.9291378134235653
U_duration_T,random,64,p,46219,603,-1.5015864077873695
U_duration_T,random,64,objective,41843,601,-0.10968162962847824
U_duration_T,random,64,objective,41843,602,-0.1454098342162871
U_duration_T,random,64,objective,41843,603,-0.19931387572417245
U_duration_T,random,64,objective,43997,601,-0.07701704151503014
U_duration_T,random,64,objective,43997,602,-0.0761392566106247
U_duration_T,random,64,objective,43997,603,-0.10557631924633253
U_duration_T,random,64,objective,46219,601,-0.05565907967129232
U_duration_T,random,64,objective,46219,602,-0.1271873311889228
U_duration_T,random,64,objective,46219,603,-0.08607363952359882
U_duration_T,random,64,train_nll,41843,601,0.05532729625701904
U_duration_T,random,64,train_nll,41843,602,0.03887808322906494
U_duration_T,random,64,train_nll,41843,603,0.06910502910614014
U_duration_T,random,64,train_nll,43997,601,0.0720210075378418
U_duration_T,random,64,train_nll,43997,602,0.06649899482727051
U_duration_T,random,64,train_nll,43997,603,0.07088029384613037
U_duration_T,random,64,train_nll,46219,601,0.078360915184021
U_duration_T,random,64,train_nll,46219,602,0.06145679950714111
U_duration_T,random,64,train_nll,46219,603,0.10822510719299316
U_duration_T,random,64,validation_nll,41843,601,-0.2757081985473633
U_duration_T,random,64,validation_nll,41843,602,-0.2711927890777588
U_duration_T,random,64,validation_nll,41843,603,-0.2607841491699219
U_duration_T,random,64,validation_nll,43997,601,-0.27195918560028076
U_duration_T,random,64,validation_nll,43997,602,-0.21877729892730713
U_duration_T,random,64,validation_nll,43997,603,-0.27869248390197754
U_duration_T,random,64,validation_nll,46219,601,-0.2627379894256592
U_duration_T,random,64,validation_nll,46219,602,-0.254855751991272
U_duration_T,random,64,validation_nll,46219,603,-0.26502323150634766
U_duration_T,random,64,test_nll,41843,601,-0.2468932867050171
U_duration_T,random,64,test_nll,41843,602,-0.2681286334991455
U_duration_T,random,64,test_nll,41843,603,-0.27019476890563965
U_duration_T,random,64,test_nll,43997,601,-0.24687540531158447
U_duration_T,random,64,test_nll,43997,602,-0.2325044870376587
U_duration_T,random,64,test_nll,43997,603,-0.25624847412109375
U_duration_T,random,64,test_nll,46219,601,-0.22399067878723145
U_duration_T,random,64,test_nll,46219,602,-0.22929632663726807
U_duration_T,random,64,test_nll,46219,603,-0.272216796875
U_duration_T,random,64,train_instance_accuracy,41843,601,-0.11328125
U_duration_T,random,64,train_instance_accuracy,41843,602,-0.1064453125
U_duration_T,random,64,train_instance_accuracy,41843,603,-0.10302734375
U_duration_T,random,64,train_instance_accuracy,43997,601,-0.10546875
U_duration_T,random,64,train_instance_accuracy,43997,602,-0.1005859375
U_duration_T,random,64,train_instance_accuracy,43997,603,-0.10546875
U_duration_T,random,64,train_instance_accuracy,46219,601,-0.1044921875
U_duration_T,random,64,train_instance_accuracy,46219,602,-0.11328125
U_duration_T,random,64,train_instance_accuracy,46219,603,-0.1376953125
U_duration_T,random,64,clipping,41843,601,-0.012500000000000067
U_duration_T,random,64,clipping,41843,602,-0.008333333333333304
U_duration_T,random,64,clipping,41843,603,-0.054166666666666696
U_duration_T,random,64,clipping,43997,601,-0.025000000000000022
U_duration_T,random,64,clipping,43997,602,-0.04166666666666663
U_duration_T,random,64,clipping,43997,603,-0.08333333333333337
U_duration_T,random,64,clipping,46219,601,-0.01666666666666672
U_duration_T,random,64,clipping,46219,602,-0.029166666666666674
U_duration_T,random,64,clipping,46219,603,-0.033333333333333326
U_duration_T,random,64,total_gain,41843,601,-28.32750630378723
U_duration_T,random,64,total_gain,41843,602,-19.905611038208008
U_duration_T,random,64,total_gain,41843,603,-35.381766855716705
U_duration_T,random,64,total_gain,43997,601,-36.87475973367691
U_duration_T,random,64,total_gain,43997,602,-34.04746055603027
U_duration_T,random,64,total_gain,43997,603,-36.29062020778656
U_duration_T,random,64,total_gain,46219,601,-40.12077522277832
U_duration_T,random,64,total_gain,46219,602,-31.46589946746826
U_duration_T,random,64,total_gain,46219,603,-55.411295652389526
U_duration_T,random,64,negative_gain_fraction,41843,601,-0.279296875
U_duration_T,random,64,negative_gain_fraction,41843,602,-0.28125
U_duration_T,random,64,negative_gain_fraction,41843,603,-0.1640625
U_duration_T,random,64,negative_gain_fraction,43997,601,-0.255859375
U_duration_T,random,64,negative_gain_fraction,43997,602,-0.25390625
U_duration_T,random,64,negative_gain_fraction,43997,603,-0.23046875
U_duration_T,random,64,negative_gain_fraction,46219,601,-0.19921875
U_duration_T,random,64,negative_gain_fraction,46219,602,-0.23828125
U_duration_T,random,64,negative_gain_fraction,46219,603,-0.12890625
U_duration_T,random,128,p,41843,601,-2.749586705844732
U_duration_T,random,128,p,41843,602,-2.471207817235638
U_duration_T,random,128,p,41843,603,-4.491578653960426
U_duration_T,random,128,p,43997,601,0.11488624033910977
U_duration_T,random,128,p,43997,602,-0.39799581648763027
U_duration_T,random,128,p,43997,603,-3.773016497279458
U_duration_T,random,128,p,46219,601,3.340637542797909
U_duration_T,random,128,p,46219,602,-2.8525751817514298
U_duration_T,random,128,p,46219,603,-1.2817644981612437
U_duration_T,random,128,objective,41843,601,-3.9571448210086
U_duration_T,random,128,objective,41843,602,-5.597318090917801
U_duration_T,random,128,objective,41843,603,-2.7992794014100157
U_duration_T,random,128,objective,43997,601,-0.7566517006440465
U_duration_T,random,128,objective,43997,602,-1.1449809308091257
U_duration_T,random,128,objective,43997,603,-2.5320272874554437
U_duration_T,random,128,objective,46219,601,1.1478399942324338
U_duration_T,random,128,objective,46219,602,-1.5818705463119784
U_duration_T,random,128,objective,46219,603,-1.063784882194642
U_duration_T,random,128,train_nll,41843,601,0.04105865955352783
U_duration_T,random,128,train_nll,41843,602,0.028925061225891113
U_duration_T,random,128,train_nll,41843,603,0.05232083797454834
U_duration_T,random,128,train_nll,43997,601,0.09229159355163574
U_duration_T,random,128,train_nll,43997,602,0.07896983623504639
U_duration_T,random,128,train_nll,43997,603,0.05231118202209473
U_duration_T,random,128,train_nll,46219,601,0.10732853412628174
U_duration_T,random,128,train_nll,46219,602,0.06694316864013672
U_duration_T,random,128,train_nll,46219,603,0.07995772361755371
U_duration_T,random,128,validation_nll,41843,601,-0.38884472846984863
U_duration_T,random,128,validation_nll,41843,602,-0.34264063835144043
U_duration_T,random,128,validation_nll,41843,603,-0.4796919822692871
U_duration_T,random,128,validation_nll,43997,601,-0.4093616008758545
U_duration_T,random,128,validation_nll,43997,602,-0.377410888671875
U_duration_T,random,128,validation_nll,43997,603,-0.42227089405059814
U_duration_T,random,128,validation_nll,46219,601,-0.3502277135848999
U_duration_T,random,128,validation_nll,46219,602,-0.4084972143173218
U_duration_T,random,128,validation_nll,46219,603,-0.40071535110473633
U_duration_T,random,128,test_nll,41843,601,-0.39061474800109863
U_duration_T,random,128,test_nll,41843,602,-0.36379873752593994
U_duration_T,random,128,test_nll,41843,603,-0.4678875207901001
U_duration_T,random,128,test_nll,43997,601,-0.3932605981826782
U_duration_T,random,128,test_nll,43997,602,-0.420055627822876
U_duration_T,random,128,test_nll,43997,603,-0.44442152976989746
U_duration_T,random,128,test_nll,46219,601,-0.36316144466400146
U_duration_T,random,128,test_nll,46219,602,-0.4290095567703247
U_duration_T,random,128,test_nll,46219,603,-0.4106942415237427
U_duration_T,random,128,train_instance_accuracy,41843,601,-0.125
U_duration_T,random,128,train_instance_accuracy,41843,602,-0.1220703125
U_duration_T,random,128,train_instance_accuracy,41843,603,-0.15869140625
U_duration_T,random,128,train_instance_accuracy,43997,601,-0.1796875
U_duration_T,random,128,train_instance_accuracy,43997,602,-0.16162109375
U_duration_T,random,128,train_instance_accuracy,43997,603,-0.15869140625
U_duration_T,random,128,train_instance_accuracy,46219,601,-0.16015625
U_duration_T,random,128,train_instance_accuracy,46219,602,-0.169921875
U_duration_T,random,128,train_instance_accuracy,46219,603,-0.16064453125
U_duration_T,random,128,clipping,41843,601,-0.15416666666666667
U_duration_T,random,128,clipping,41843,602,-0.1166666666666667
U_duration_T,random,128,clipping,41843,603,-0.1333333333333333
U_duration_T,random,128,clipping,43997,601,-0.17083333333333328
U_duration_T,random,128,clipping,43997,602,-0.17499999999999993
U_duration_T,random,128,clipping,43997,603,-0.13750000000000007
U_duration_T,random,128,clipping,46219,601,-0.12916666666666665
U_duration_T,random,128,clipping,46219,602,-0.14583333333333337
U_duration_T,random,128,clipping,46219,603,-0.14166666666666672
U_duration_T,random,128,total_gain,41843,601,-21.0220587849617
U_duration_T,random,128,total_gain,41843,602,-14.809627950191498
U_duration_T,random,128,total_gain,41843,603,-26.788230776786804
U_duration_T,random,128,total_gain,43997,601,-47.25329524278641
U_duration_T,random,128,total_gain,43997,602,-40.432472229003906
U_duration_T,random,128,total_gain,43997,603,-26.7833434343338
U_duration_T,random,128,total_gain,46219,601,-54.95221596956253
U_duration_T,random,128,total_gain,46219,602,-34.27497309446335
U_duration_T,random,128,total_gain,46219,603,-40.93827813863754
U_duration_T,random,128,negative_gain_fraction,41843,601,-0.060546875
U_duration_T,random,128,negative_gain_fraction,41843,602,-0.087890625
U_duration_T,random,128,negative_gain_fraction,41843,603,-0.111328125
U_duration_T,random,128,negative_gain_fraction,43997,601,-0.05859375
U_duration_T,random,128,negative_gain_fraction,43997,602,-0.0625
U_duration_T,random,128,negative_gain_fraction,43997,603,-0.1171875
U_duration_T,random,128,negative_gain_fraction,46219,601,-0.05859375
U_duration_T,random,128,negative_gain_fraction,46219,602,-0.1328125
U_duration_T,random,128,negative_gain_fraction,46219,603,-0.083984375
U_duration_T,random,256,p,41843,601,6.8341242563287175
U_duration_T,random,256,p,41843,602,
U_duration_T,random,256,p,41843,603,4.940468394507453
U_duration_T,random,256,p,43997,601,0.9280954528203793
U_duration_T,random,256,p,43997,602,1.5792865505153917
U_duration_T,random,256,p,43997,603,6.863134214271321
U_duration_T,random,256,p,46219,601,4.754042735471072
U_duration_T,random,256,p,46219,602,7.069788456769299
U_duration_T,random,256,p,46219,603,6.584080710185292
U_duration_T,random,256,objective,41843,601,18.30637578836667
U_duration_T,random,256,objective,41843,602,
U_duration_T,random,256,objective,41843,603,0.1116298960278112
U_duration_T,random,256,objective,43997,601,-0.10278825170392804
U_duration_T,random,256,objective,43997,602,0.0007687768787095553
U_duration_T,random,256,objective,43997,603,17.69429049460724
U_duration_T,random,256,objective,46219,601,0.7297958544635146
U_duration_T,random,256,objective,46219,602,1.939073080543151
U_duration_T,random,256,objective,46219,603,36183.03528657842
U_duration_T,random,256,train_nll,41843,601,0.553295373916626
U_duration_T,random,256,train_nll,41843,602,0.54222571849823
U_duration_T,random,256,train_nll,41843,603,0.42347264289855957
U_duration_T,random,256,train_nll,43997,601,0.48790502548217773
U_duration_T,random,256,train_nll,43997,602,0.699738621711731
U_duration_T,random,256,train_nll,43997,603,0.5431168079376221
U_duration_T,random,256,train_nll,46219,601,0.604583740234375
U_duration_T,random,256,train_nll,46219,602,0.634231448173523
U_duration_T,random,256,train_nll,46219,603,0.4639577865600586
U_duration_T,random,256,validation_nll,41843,601,-1.1574820280075073
U_duration_T,random,256,validation_nll,41843,602,-1.1008319854736328
U_duration_T,random,256,validation_nll,41843,603,-1.1500523090362549
U_duration_T,random,256,validation_nll,43997,601,-1.0206298828125
U_duration_T,random,256,validation_nll,43997,602,-0.9267936944961548
U_duration_T,random,256,validation_nll,43997,603,-1.029787540435791
U_duration_T,random,256,validation_nll,46219,601,-1.034054160118103
U_duration_T,random,256,validation_nll,46219,602,-1.063796877861023
U_duration_T,random,256,validation_nll,46219,603,-1.077744722366333
U_duration_T,random,256,test_nll,41843,601,-1.1246082782745361
U_duration_T,random,256,test_nll,41843,602,-1.0663355588912964
U_duration_T,random,256,test_nll,41843,603,-1.1216418743133545
U_duration_T,random,256,test_nll,43997,601,-1.021248459815979
U_duration_T,random,256,test_nll,43997,602,-0.9230184555053711
U_duration_T,random,256,test_nll,43997,603,-1.01968514919281
U_duration_T,random,256,test_nll,46219,601,-1.0522856712341309
U_duration_T,random,256,test_nll,46219,602,-1.0778050422668457
U_duration_T,random,256,test_nll,46219,603,-1.097571611404419
U_duration_T,random,256,train_instance_accuracy,41843,601,-0.43603515625
U_duration_T,random,256,train_instance_accuracy,41843,602,-0.400390625
U_duration_T,random,256,train_instance_accuracy,41843,603,-0.37255859375
U_duration_T,random,256,train_instance_accuracy,43997,601,-0.3994140625
U_duration_T,random,256,train_instance_accuracy,43997,602,-0.4609375
U_duration_T,random,256,train_instance_accuracy,43997,603,-0.4189453125
U_duration_T,random,256,train_instance_accuracy,46219,601,-0.44091796875
U_duration_T,random,256,train_instance_accuracy,46219,602,-0.4580078125
U_duration_T,random,256,train_instance_accuracy,46219,603,-0.39404296875
U_duration_T,random,256,clipping,41843,601,-0.1499999999999999
U_duration_T,random,256,clipping,41843,602,-0.05625000000000002
U_duration_T,random,256,clipping,41843,603,-0.10833333333333328
U_duration_T,random,256,clipping,43997,601,-0.11250000000000004
U_duration_T,random,256,clipping,43997,602,-0.07291666666666674
U_duration_T,random,256,clipping,43997,603,-0.12916666666666665
U_duration_T,random,256,clipping,46219,601,-0.16874999999999996
U_duration_T,random,256,clipping,46219,602,-0.054166666666666696
U_duration_T,random,256,clipping,46219,603,-0.11041666666666672
U_duration_T,random,256,total_gain,41843,601,-283.2871933579445
U_duration_T,random,256,total_gain,41843,602,-277.6195492744446
U_duration_T,random,256,total_gain,41843,603,-216.81791466474533
U_duration_T,random,256,total_gain,43997,601,-249.80735635757446
U_duration_T,random,256,total_gain,43997,602,-358.26615875959396
U_duration_T,random,256,total_gain,43997,603,-278.0757825374603
U_duration_T,random,256,total_gain,46219,601,-309.5468392968178
U_duration_T,random,256,total_gain,46219,602,-324.72643423080444
U_duration_T,random,256,total_gain,46219,603,-237.54643946886063
U_duration_T,random,256,negative_gain_fraction,41843,601,0.109375
U_duration_T,random,256,negative_gain_fraction,41843,602,0.146484375
U_duration_T,random,256,negative_gain_fraction,41843,603,0.05078125
U_duration_T,random,256,negative_gain_fraction,43997,601,0.04296875
U_duration_T,random,256,negative_gain_fraction,43997,602,0.146484375
U_duration_T,random,256,negative_gain_fraction,43997,603,0.138671875
U_duration_T,random,256,negative_gain_fraction,46219,601,0.142578125
U_duration_T,random,256,negative_gain_fraction,46219,602,0.166015625
U_duration_T,random,256,negative_gain_fraction,46219,603,0.14453125
U_duration_T,uniform,64,p,41843,601,
U_duration_T,uniform,64,p,41843,602,
U_duration_T,uniform,64,p,41843,603,
U_duration_T,uniform,64,p,43997,601,
U_duration_T,uniform,64,p,43997,602,
U_duration_T,uniform,64,p,43997,603,
U_duration_T,uniform,64,p,46219,601,
U_duration_T,uniform,64,p,46219,602,
U_duration_T,uniform,64,p,46219,603,
U_duration_T,uniform,64,objective,41843,601,
U_duration_T,uniform,64,objective,41843,602,
U_duration_T,uniform,64,objective,41843,603,
U_duration_T,uniform,64,objective,43997,601,
U_duration_T,uniform,64,objective,43997,602,
U_duration_T,uniform,64,objective,43997,603,
U_duration_T,uniform,64,objective,46219,601,
U_duration_T,uniform,64,objective,46219,602,
U_duration_T,uniform,64,objective,46219,603,
U_duration_T,uniform,64,train_nll,41843,601,0.34491467475891113
U_duration_T,uniform,64,train_nll,41843,602,0.293712854385376
U_duration_T,uniform,64,train_nll,41843,603,0.36742937564849854
U_duration_T,uniform,64,train_nll,43997,601,0.3659456968307495
U_duration_T,uniform,64,train_nll,43997,602,0.3466634750366211
U_duration_T,uniform,64,train_nll,43997,603,0.4390827417373657
U_duration_T,uniform,64,train_nll,46219,601,0.34330618381500244
U_duration_T,uniform,64,train_nll,46219,602,0.32080674171447754
U_duration_T,uniform,64,train_nll,46219,603,0.3995097875595093
U_duration_T,uniform,64,validation_nll,41843,601,-0.10923421382904053
U_duration_T,uniform,64,validation_nll,41843,602,-0.08523416519165039
U_duration_T,uniform,64,validation_nll,41843,603,-0.14372026920318604
U_duration_T,uniform,64,validation_nll,43997,601,-0.06302773952484131
U_duration_T,uniform,64,validation_nll,43997,602,-0.050145506858825684
U_duration_T,uniform,64,validation_nll,43997,603,-0.061393022537231445
U_duration_T,uniform,64,validation_nll,46219,601,-0.08505117893218994
U_duration_T,uniform,64,validation_nll,46219,602,-0.004552245140075684
U_duration_T,uniform,64,validation_nll,46219,603,-0.022735953330993652
U_duration_T,uniform,64,test_nll,41843,601,-0.1122816801071167
U_duration_T,uniform,64,test_nll,41843,602,-0.07414519786834717
U_duration_T,uniform,64,test_nll,41843,603,-0.11331462860107422
U_duration_T,uniform,64,test_nll,43997,601,-0.0652627944946289
U_duration_T,uniform,64,test_nll,43997,602,-0.040650367736816406
U_duration_T,uniform,64,test_nll,43997,603,-0.03874611854553223
U_duration_T,uniform,64,test_nll,46219,601,-0.1042490005493164
U_duration_T,uniform,64,test_nll,46219,602,-0.018990755081176758
U_duration_T,uniform,64,test_nll,46219,603,-0.039858222007751465
U_duration_T,uniform,64,train_instance_accuracy,41843,601,-0.09326171875
U_duration_T,uniform,64,train_instance_accuracy,41843,602,-0.07763671875
U_duration_T,uniform,64,train_instance_accuracy,41843,603,-0.10498046875
U_duration_T,uniform,64,train_instance_accuracy,43997,601,-0.08837890625
U_duration_T,uniform,64,train_instance_accuracy,43997,602,-0.0859375
U_duration_T,uniform,64,train_instance_accuracy,43997,603,-0.10986328125
U_duration_T,uniform,64,train_instance_accuracy,46219,601,-0.0888671875
U_duration_T,uniform,64,train_instance_accuracy,46219,602,-0.06689453125
U_duration_T,uniform,64,train_instance_accuracy,46219,603,-0.08251953125
U_duration_T,uniform,64,clipping,41843,601,-0.16666666666666663
U_duration_T,uniform,64,clipping,41843,602,-0.06666666666666665
U_duration_T,uniform,64,clipping,41843,603,-0.21666666666666667
U_duration_T,uniform,64,clipping,43997,601,-0.21250000000000002
U_duration_T,uniform,64,clipping,43997,602,-0.2416666666666667
U_duration_T,uniform,64,clipping,43997,603,-0.34166666666666673
U_duration_T,uniform,64,clipping,46219,601,-0.17083333333333328
U_duration_T,uniform,64,clipping,46219,602,-0.23333333333333328
U_duration_T,uniform,64,clipping,46219,603,-0.27083333333333337
U_duration_T,uniform,64,total_gain,41843,601,-176.59626811742783
U_duration_T,uniform,64,total_gain,41843,602,-150.38084375858307
U_duration_T,uniform,64,total_gain,41843,603,-188.12379425764084
U_duration_T,uniform,64,total_gain,43997,601,-187.36421918869019
U_duration_T,uniform,64,total_gain,43997,602,-177.4916934967041
U_duration_T,uniform,64,total_gain,43997,603,-224.81033849716187
U_duration_T,uniform,64,total_gain,46219,601,-175.7727591395378
U_duration_T,uniform,64,total_gain,46219,602,-164.2530266046524
U_duration_T,uniform,64,total_gain,46219,603,-204.54894316196442
U_duration_T,uniform,64,negative_gain_fraction,41843,601,0.0078125
U_duration_T,uniform,64,negative_gain_fraction,41843,602,0.005859375
U_duration_T,uniform,64,negative_gain_fraction,41843,603,0.0078125
U_duration_T,uniform,64,negative_gain_fraction,43997,601,0.009765625
U_duration_T,uniform,64,negative_gain_fraction,43997,602,0.005859375
U_duration_T,uniform,64,negative_gain_fraction,43997,603,0.009765625
U_duration_T,uniform,64,negative_gain_fraction,46219,601,0.00390625
U_duration_T,uniform,64,negative_gain_fraction,46219,602,0.001953125
U_duration_T,uniform,64,negative_gain_fraction,46219,603,0.0078125
U_duration_T,uniform,128,p,41843,601,
U_duration_T,uniform,128,p,41843,602,
U_duration_T,uniform,128,p,41843,603,
U_duration_T,uniform,128,p,43997,601,
U_duration_T,uniform,128,p,43997,602,
U_duration_T,uniform,128,p,43997,603,
U_duration_T,uniform,128,p,46219,601,
U_duration_T,uniform,128,p,46219,602,
U_duration_T,uniform,128,p,46219,603,
U_duration_T,uniform,128,objective,41843,601,
U_duration_T,uniform,128,objective,41843,602,
U_duration_T,uniform,128,objective,41843,603,
U_duration_T,uniform,128,objective,43997,601,
U_duration_T,uniform,128,objective,43997,602,
U_duration_T,uniform,128,objective,43997,603,
U_duration_T,uniform,128,objective,46219,601,
U_duration_T,uniform,128,objective,46219,602,
U_duration_T,uniform,128,objective,46219,603,
U_duration_T,uniform,128,train_nll,41843,601,0.49332118034362793
U_duration_T,uniform,128,train_nll,41843,602,0.4499831199645996
U_duration_T,uniform,128,train_nll,41843,603,0.5153841972351074
U_duration_T,uniform,128,train_nll,43997,601,0.497875452041626
U_duration_T,uniform,128,train_nll,43997,602,0.5172121524810791
U_duration_T,uniform,128,train_nll,43997,603,0.5386644601821899
U_duration_T,uniform,128,train_nll,46219,601,0.478582501411438
U_duration_T,uniform,128,train_nll,46219,602,0.4190016984939575
U_duration_T,uniform,128,train_nll,46219,603,0.5050843954086304
U_duration_T,uniform,128,validation_nll,41843,601,-0.2532212734222412
U_duration_T,uniform,128,validation_nll,41843,602,-0.19283568859100342
U_duration_T,uniform,128,validation_nll,41843,603,-0.23232614994049072
U_duration_T,uniform,128,validation_nll,43997,601,-0.1820276975631714
U_duration_T,uniform,128,validation_nll,43997,602,-0.20241856575012207
U_duration_T,uniform,128,validation_nll,43997,603,-0.23599326610565186
U_duration_T,uniform,128,validation_nll,46219,601,-0.22851228713989258
U_duration_T,uniform,128,validation_nll,46219,602,-0.15805721282958984
U_duration_T,uniform,128,validation_nll,46219,603,-0.22220993041992188
U_duration_T,uniform,128,test_nll,41843,601,-0.2637763023376465
U_duration_T,uniform,128,test_nll,41843,602,-0.18255889415740967
U_duration_T,uniform,128,test_nll,41843,603,-0.23081767559051514
U_duration_T,uniform,128,test_nll,43997,601,-0.2099895477294922
U_duration_T,uniform,128,test_nll,43997,602,-0.20445168018341064
U_duration_T,uniform,128,test_nll,43997,603,-0.25343477725982666
U_duration_T,uniform,128,test_nll,46219,601,-0.2279679775238037
U_duration_T,uniform,128,test_nll,46219,602,-0.15802252292633057
U_duration_T,uniform,128,test_nll,46219,603,-0.2206897735595703
U_duration_T,uniform,128,train_instance_accuracy,41843,601,-0.19140625
U_duration_T,uniform,128,train_instance_accuracy,41843,602,-0.1259765625
U_duration_T,uniform,128,train_instance_accuracy,41843,603,-0.14990234375
U_duration_T,uniform,128,train_instance_accuracy,43997,601,-0.1513671875
U_duration_T,uniform,128,train_instance_accuracy,43997,602,-0.15087890625
U_duration_T,uniform,128,train_instance_accuracy,43997,603,-0.17626953125
U_duration_T,uniform,128,train_instance_accuracy,46219,601,-0.1455078125
U_duration_T,uniform,128,train_instance_accuracy,46219,602,-0.0771484375
U_duration_T,uniform,128,train_instance_accuracy,46219,603,-0.173828125
U_duration_T,uniform,128,clipping,41843,601,-0.3583333333333333
U_duration_T,uniform,128,clipping,41843,602,-0.34583333333333327
U_duration_T,uniform,128,clipping,41843,603,-0.36666666666666664
U_duration_T,uniform,128,clipping,43997,601,-0.41666666666666663
U_duration_T,uniform,128,clipping,43997,602,-0.4541666666666667
U_duration_T,uniform,128,clipping,43997,603,-0.41666666666666663
U_duration_T,uniform,128,clipping,46219,601,-0.4
U_duration_T,uniform,128,clipping,46219,602,-0.375
U_duration_T,uniform,128,clipping,46219,603,-0.3291666666666667
U_duration_T,uniform,128,total_gain,41843,601,-252.5803598165512
U_duration_T,uniform,128,total_gain,41843,602,-230.391379237175
U_duration_T,uniform,128,total_gain,41843,603,-263.8766635656357
U_duration_T,uniform,128,total_gain,43997,601,-254.912273645401
U_duration_T,uniform,128,total_gain,43997,602,-264.8126022219658
U_duration_T,uniform,128,total_gain,43997,603,-275.79614120721817
U_duration_T,uniform,128,total_gain,46219,601,-245.034195125103
U_duration_T,uniform,128,total_gain,46219,602,-214.52891540527344
U_duration_T,uniform,128,total_gain,46219,603,-258.6032220721245
U_duration_T,uniform,128,negative_gain_fraction,41843,601,0.056640625
U_duration_T,uniform,128,negative_gain_fraction,41843,602,0.056640625
U_duration_T,uniform,128,negative_gain_fraction,41843,603,0.05078125
U_duration_T,uniform,128,negative_gain_fraction,43997,601,0.052734375
U_duration_T,uniform,128,negative_gain_fraction,43997,602,0.05078125
U_duration_T,uniform,128,negative_gain_fraction,43997,603,0.05078125
U_duration_T,uniform,128,negative_gain_fraction,46219,601,0.05859375
U_duration_T,uniform,128,negative_gain_fraction,46219,602,0.05078125
U_duration_T,uniform,128,negative_gain_fraction,46219,603,0.04296875
U_duration_T,uniform,256,p,41843,601,
U_duration_T,uniform,256,p,41843,602,
U_duration_T,uniform,256,p,41843,603,
U_duration_T,uniform,256,p,43997,601,
U_duration_T,uniform,256,p,43997,602,
U_duration_T,uniform,256,p,43997,603,
U_duration_T,uniform,256,p,46219,601,
U_duration_T,uniform,256,p,46219,602,
U_duration_T,uniform,256,p,46219,603,
U_duration_T,uniform,256,objective,41843,601,
U_duration_T,uniform,256,objective,41843,602,
U_duration_T,uniform,256,objective,41843,603,
U_duration_T,uniform,256,objective,43997,601,
U_duration_T,uniform,256,objective,43997,602,
U_duration_T,uniform,256,objective,43997,603,
U_duration_T,uniform,256,objective,46219,601,
U_duration_T,uniform,256,objective,46219,602,
U_duration_T,uniform,256,objective,46219,603,
U_duration_T,uniform,256,train_nll,41843,601,1.7073797658085823
U_duration_T,uniform,256,train_nll,41843,602,1.6878841891884804
U_duration_T,uniform,256,train_nll,41843,603,1.65802813321352
U_duration_T,uniform,256,train_nll,43997,601,1.694945603609085
U_duration_T,uniform,256,train_nll,43997,602,1.6998517513275146
U_duration_T,uniform,256,train_nll,43997,603,1.6768535301089287
U_duration_T,uniform,256,train_nll,46219,601,1.6651985421776772
U_duration_T,uniform,256,train_nll,46219,602,1.6720405966043472
U_duration_T,uniform,256,train_nll,46219,603,1.6473876610398293
U_duration_T,uniform,256,validation_nll,41843,601,-0.8029525279998779
U_duration_T,uniform,256,validation_nll,41843,602,-0.7498819828033447
U_duration_T,uniform,256,validation_nll,41843,603,-0.6346476078033447
U_duration_T,uniform,256,validation_nll,43997,601,-0.4633585214614868
U_duration_T,uniform,256,validation_nll,43997,602,-0.5566122531890869
U_duration_T,uniform,256,validation_nll,43997,603,-0.522309422492981
U_duration_T,uniform,256,validation_nll,46219,601,-0.5701917409896851
U_duration_T,uniform,256,validation_nll,46219,602,-0.5465207099914551
U_duration_T,uniform,256,validation_nll,46219,603,-0.626740574836731
U_duration_T,uniform,256,test_nll,41843,601,-0.7246190309524536
U_duration_T,uniform,256,test_nll,41843,602,-0.7233134508132935
U_duration_T,uniform,256,test_nll,41843,603,-0.586283802986145
U_duration_T,uniform,256,test_nll,43997,601,-0.5322403907775879
U_duration_T,uniform,256,test_nll,43997,602,-0.5610147714614868
U_duration_T,uniform,256,test_nll,43997,603,-0.6045012474060059
U_duration_T,uniform,256,test_nll,46219,601,-0.6098051071166992
U_duration_T,uniform,256,test_nll,46219,602,-0.6363451480865479
U_duration_T,uniform,256,test_nll,46219,603,-0.6541489362716675
U_duration_T,uniform,256,train_instance_accuracy,41843,601,-0.87744140625
U_duration_T,uniform,256,train_instance_accuracy,41843,602,-0.8681640625
U_duration_T,uniform,256,train_instance_accuracy,41843,603,-0.814453125
U_duration_T,uniform,256,train_instance_accuracy,43997,601,-0.85595703125
U_duration_T,uniform,256,train_instance_accuracy,43997,602,-0.86474609375
U_duration_T,uniform,256,train_instance_accuracy,43997,603,-0.865234375
U_duration_T,uniform,256,train_instance_accuracy,46219,601,-0.84375
U_duration_T,uniform,256,train_instance_accuracy,46219,602,-0.85498046875
U_duration_T,uniform,256,train_instance_accuracy,46219,603,-0.8447265625
U_duration_T,uniform,256,clipping,41843,601,-0.44375
U_duration_T,uniform,256,clipping,41843,602,-0.4666666666666666
U_duration_T,uniform,256,clipping,41843,603,-0.37083333333333335
U_duration_T,uniform,256,clipping,43997,601,-0.5041666666666667
U_duration_T,uniform,256,clipping,43997,602,-0.42499999999999993
U_duration_T,uniform,256,clipping,43997,603,-0.50625
U_duration_T,uniform,256,clipping,46219,601,-0.46874999999999994
U_duration_T,uniform,256,clipping,46219,602,-0.42708333333333326
U_duration_T,uniform,256,clipping,46219,603,-0.375
U_duration_T,uniform,256,total_gain,41843,601,-874.1784501075745
U_duration_T,uniform,256,total_gain,41843,602,-864.1967469453812
U_duration_T,uniform,256,total_gain,41843,603,-848.9103591442108
U_duration_T,uniform,256,total_gain,43997,601,-867.8122029304504
U_duration_T,uniform,256,total_gain,43997,602,-870.3241013288498
U_duration_T,uniform,256,total_gain,43997,603,-858.5490268468857
U_duration_T,uniform,256,total_gain,46219,601,-852.5816258192062
U_duration_T,uniform,256,total_gain,46219,602,-856.0847502946854
U_duration_T,uniform,256,total_gain,46219,603,-843.4625039100647
U_duration_T,uniform,256,negative_gain_fraction,41843,601,0.1796875
U_duration_T,uniform,256,negative_gain_fraction,41843,602,0.171875
U_duration_T,uniform,256,negative_gain_fraction,41843,603,0.173828125
U_duration_T,uniform,256,negative_gain_fraction,43997,601,0.25
U_duration_T,uniform,256,negative_gain_fraction,43997,602,0.220703125
U_duration_T,uniform,256,negative_gain_fraction,43997,603,0.138671875
U_duration_T,uniform,256,negative_gain_fraction,46219,601,0.1484375
U_duration_T,uniform,256,negative_gain_fraction,46219,602,0.1328125
U_duration_T,uniform,256,negative_gain_fraction,46219,603,0.146484375
U_interaction,random,64,p,41843,601,-1.0296369986044662
U_interaction,random,64,p,41843,602,-2.0687019901865695
U_interaction,random,64,p,41843,603,-1.186644437021032
U_interaction,random,64,p,43997,601,-1.2252687561757432
U_interaction,random,64,p,43997,602,-1.2436885803957587
U_interaction,random,64,p,43997,603,-0.8598456587143248
U_interaction,random,64,p,46219,601,-0.7088650554064897
U_interaction,random,64,p,46219,602,-1.2007289282280178
U_interaction,random,64,p,46219,603,-1.0828478166738842
U_interaction,random,64,objective,41843,601,-0.10579996179087582
U_interaction,random,64,objective,41843,602,-0.1459550618062383
U_interaction,random,64,objective,41843,603,-0.19595366256427368
U_interaction,random,64,objective,43997,601,-0.07756491044421873
U_interaction,random,64,objective,43997,602,-0.07663001071069821
U_interaction,random,64,objective,43997,603,-0.10067551988656773
U_interaction,random,64,objective,46219,601,-0.05616456557327598
U_interaction,random,64,objective,46219,602,-0.12634076928432222
U_interaction,random,64,objective,46219,603,-0.08719383833308322
U_interaction,random,64,train_nll,41843,601,0.01414799690246582
U_interaction,random,64,train_nll,41843,602,-0.01902306079864502
U_interaction,random,64,train_nll,41843,603,0.008702993392944336
U_interaction,random,64,train_nll,43997,601,0.018131136894226074
U_interaction,random,64,train_nll,43997,602,0.024402737617492676
U_interaction,random,64,train_nll,43997,603,0.017362594604492188
U_interaction,random,64,train_nll,46219,601,0.024301767349243164
U_interaction,random,64,train_nll,46219,602,0.029279351234436035
U_interaction,random,64,train_nll,46219,603,0.037056803703308105
U_interaction,random,64,validation_nll,41843,601,-0.21436166763305664
U_interaction,random,64,validation_nll,41843,602,-0.27707624435424805
U_interaction,random,64,validation_nll,41843,603,-0.18787741661071777
U_interaction,random,64,validation_nll,43997,601,-0.21947181224822998
U_interaction,random,64,validation_nll,43997,602,-0.18038725852966309
U_interaction,random,64,validation_nll,43997,603,-0.2210749387741089
U_interaction,random,64,validation_nll,46219,601,-0.19966602325439453
U_interaction,random,64,validation_nll,46219,602,-0.21457159519195557
U_interaction,random,64,validation_nll,46219,603,-0.23751747608184814
U_interaction,random,64,test_nll,41843,601,-0.17818140983581543
U_interaction,random,64,test_nll,41843,602,-0.2719991207122803
U_interaction,random,64,test_nll,41843,603,-0.2102724313735962
U_interaction,random,64,test_nll,43997,601,-0.2087925672531128
U_interaction,random,64,test_nll,43997,602,-0.1976921558380127
U_interaction,random,64,test_nll,43997,603,-0.18965232372283936
U_interaction,random,64,test_nll,46219,601,-0.1616283655166626
U_interaction,random,64,test_nll,46219,602,-0.18756365776062012
U_interaction,random,64,test_nll,46219,603,-0.24295055866241455
U_interaction,random,64,train_instance_accuracy,41843,601,-0.072265625
U_interaction,random,64,train_instance_accuracy,41843,602,-0.087890625
U_interaction,random,64,train_instance_accuracy,41843,603,-0.052734375
U_interaction,random,64,train_instance_accuracy,43997,601,-0.06689453125
U_interaction,random,64,train_instance_accuracy,43997,602,-0.06591796875
U_interaction,random,64,train_instance_accuracy,43997,603,-0.05712890625
U_interaction,random,64,train_instance_accuracy,46219,601,-0.06103515625
U_interaction,random,64,train_instance_accuracy,46219,602,-0.08984375
U_interaction,random,64,train_instance_accuracy,46219,603,-0.091796875
U_interaction,random,64,clipping,41843,601,0.07083333333333319
U_interaction,random,64,clipping,41843,602,0.004166666666666763
U_interaction,random,64,clipping,41843,603,0.06666666666666665
U_interaction,random,64,clipping,43997,601,0.03541666666666665
U_interaction,random,64,clipping,43997,602,0.06458333333333333
U_interaction,random,64,clipping,43997,603,0.08749999999999991
U_interaction,random,64,clipping,46219,601,0.03749999999999998
U_interaction,random,64,clipping,46219,602,-0.002083333333333326
U_interaction,random,64,clipping,46219,603,0.03749999999999998
U_interaction,random,64,total_gain,41843,601,-7.243629813194275
U_interaction,random,64,total_gain,41843,602,9.739683270454407
U_interaction,random,64,total_gain,41843,603,-4.45598691701889
U_interaction,random,64,total_gain,43997,601,-9.283177673816681
U_interaction,random,64,total_gain,43997,602,-12.49411404132843
U_interaction,random,64,total_gain,43997,603,-8.889564514160156
U_interaction,random,64,total_gain,46219,601,-12.442426145076752
U_interaction,random,64,total_gain,46219,602,-14.991082668304443
U_interaction,random,64,total_gain,46219,603,-18.973224639892578
U_interaction,random,64,negative_gain_fraction,41843,601,-0.076171875
U_interaction,random,64,negative_gain_fraction,41843,602,-0.26171875
U_interaction,random,64,negative_gain_fraction,41843,603,-0.025390625
U_interaction,random,64,negative_gain_fraction,43997,601,-0.02734375
U_interaction,random,64,negative_gain_fraction,43997,602,-0.04296875
U_interaction,random,64,negative_gain_fraction,43997,603,-0.044921875
U_interaction,random,64,negative_gain_fraction,46219,601,0.080078125
U_interaction,random,64,negative_gain_fraction,46219,602,-0.087890625
U_interaction,random,64,negative_gain_fraction,46219,603,-0.05859375
U_interaction,random,128,p,41843,601,0.0
U_interaction,random,128,p,41843,602,0.0
U_interaction,random,128,p,41843,603,0.0
U_interaction,random,128,p,43997,601,0.0
U_interaction,random,128,p,43997,602,0.0
U_interaction,random,128,p,43997,603,0.0
U_interaction,random,128,p,46219,601,0.0
U_interaction,random,128,p,46219,602,0.0
U_interaction,random,128,p,46219,603,0.0
U_interaction,random,128,objective,41843,601,0.0
U_interaction,random,128,objective,41843,602,0.0
U_interaction,random,128,objective,41843,603,0.0
U_interaction,random,128,objective,43997,601,0.0
U_interaction,random,128,objective,43997,602,0.0
U_interaction,random,128,objective,43997,603,0.0
U_interaction,random,128,objective,46219,601,0.0
U_interaction,random,128,objective,46219,602,0.0
U_interaction,random,128,objective,46219,603,0.0
U_interaction,random,128,train_nll,41843,601,0.0
U_interaction,random,128,train_nll,41843,602,0.0
U_interaction,random,128,train_nll,41843,603,0.0
U_interaction,random,128,train_nll,43997,601,0.0
U_interaction,random,128,train_nll,43997,602,0.0
U_interaction,random,128,train_nll,43997,603,0.0
U_interaction,random,128,train_nll,46219,601,0.0
U_interaction,random,128,train_nll,46219,602,0.0
U_interaction,random,128,train_nll,46219,603,0.0
U_interaction,random,128,validation_nll,41843,601,0.0
U_interaction,random,128,validation_nll,41843,602,0.0
U_interaction,random,128,validation_nll,41843,603,0.0
U_interaction,random,128,validation_nll,43997,601,0.0
U_interaction,random,128,validation_nll,43997,602,0.0
U_interaction,random,128,validation_nll,43997,603,0.0
U_interaction,random,128,validation_nll,46219,601,0.0
U_interaction,random,128,validation_nll,46219,602,0.0
U_interaction,random,128,validation_nll,46219,603,0.0
U_interaction,random,128,test_nll,41843,601,0.0
U_interaction,random,128,test_nll,41843,602,0.0
U_interaction,random,128,test_nll,41843,603,0.0
U_interaction,random,128,test_nll,43997,601,0.0
U_interaction,random,128,test_nll,43997,602,0.0
U_interaction,random,128,test_nll,43997,603,0.0
U_interaction,random,128,test_nll,46219,601,0.0
U_interaction,random,128,test_nll,46219,602,0.0
U_interaction,random,128,test_nll,46219,603,0.0
U_interaction,random,128,train_instance_accuracy,41843,601,0.0
U_interaction,random,128,train_instance_accuracy,41843,602,0.0
U_interaction,random,128,train_instance_accuracy,41843,603,0.0
U_interaction,random,128,train_instance_accuracy,43997,601,0.0
U_interaction,random,128,train_instance_accuracy,43997,602,0.0
U_interaction,random,128,train_instance_accuracy,43997,603,0.0
U_interaction,random,128,train_instance_accuracy,46219,601,0.0
U_interaction,random,128,train_instance_accuracy,46219,602,0.0
U_interaction,random,128,train_instance_accuracy,46219,603,0.0
U_interaction,random,128,clipping,41843,601,0.0
U_interaction,random,128,clipping,41843,602,0.0
U_interaction,random,128,clipping,41843,603,0.0
U_interaction,random,128,clipping,43997,601,0.0
U_interaction,random,128,clipping,43997,602,0.0
U_interaction,random,128,clipping,43997,603,0.0
U_interaction,random,128,clipping,46219,601,0.0
U_interaction,random,128,clipping,46219,602,0.0
U_interaction,random,128,clipping,46219,603,0.0
U_interaction,random,128,total_gain,41843,601,0.0
U_interaction,random,128,total_gain,41843,602,0.0
U_interaction,random,128,total_gain,41843,603,0.0
U_interaction,random,128,total_gain,43997,601,0.0
U_interaction,random,128,total_gain,43997,602,0.0
U_interaction,random,128,total_gain,43997,603,0.0
U_interaction,random,128,total_gain,46219,601,0.0
U_interaction,random,128,total_gain,46219,602,0.0
U_interaction,random,128,total_gain,46219,603,0.0
U_interaction,random,128,negative_gain_fraction,41843,601,0.0
U_interaction,random,128,negative_gain_fraction,41843,602,0.0
U_interaction,random,128,negative_gain_fraction,41843,603,0.0
U_interaction,random,128,negative_gain_fraction,43997,601,0.0
U_interaction,random,128,negative_gain_fraction,43997,602,0.0
U_interaction,random,128,negative_gain_fraction,43997,603,0.0
U_interaction,random,128,negative_gain_fraction,46219,601,0.0
U_interaction,random,128,negative_gain_fraction,46219,602,0.0
U_interaction,random,128,negative_gain_fraction,46219,603,0.0
U_interaction,random,256,p,41843,601,7.236804061972563
U_interaction,random,256,p,41843,602,
U_interaction,random,256,p,41843,603,5.675040380841915
U_interaction,random,256,p,43997,601,1.4837204484079614
U_interaction,random,256,p,43997,602,0.9657890036936858
U_interaction,random,256,p,43997,603,7.308217557481992
U_interaction,random,256,p,46219,601,4.883085564355234
U_interaction,random,256,p,46219,602,4.793868067239324
U_interaction,random,256,p,46219,603,5.366638537766551
U_interaction,random,256,objective,41843,601,18.464573985325995
U_interaction,random,256,objective,41843,602,
U_interaction,random,256,objective,41843,603,0.33628556864824916
U_interaction,random,256,objective,43997,601,0.11137155401639381
U_interaction,random,256,objective,43997,602,0.06409873839803082
U_interaction,random,256,objective,43997,603,18.013290073219082
U_interaction,random,256,objective,46219,601,0.8867668524936566
U_interaction,random,256,objective,46219,602,1.7312487033594304
U_interaction,random,256,objective,46219,603,36183.313730303395
U_interaction,random,256,train_nll,41843,601,0.10281252861022949
U_interaction,random,256,train_nll,41843,602,0.15859031677246094
U_interaction,random,256,train_nll,41843,603,0.04831743240356445
U_interaction,random,256,train_nll,43997,601,0.08492481708526611
U_interaction,random,256,train_nll,43997,602,0.21463215351104736
U_interaction,random,256,train_nll,43997,603,0.2062528133392334
U_interaction,random,256,train_nll,46219,601,0.1847769021987915
U_interaction,random,256,train_nll,46219,602,0.1812211275100708
U_interaction,random,256,train_nll,46219,603,0.14196717739105225
U_interaction,random,256,validation_nll,41843,601,-0.23176276683807373
U_interaction,random,256,validation_nll,41843,602,-0.17480254173278809
U_interaction,random,256,validation_nll,41843,603,-0.18679416179656982
U_interaction,random,256,validation_nll,43997,601,-0.1376340389251709
U_interaction,random,256,validation_nll,43997,602,-0.06990230083465576
U_interaction,random,256,validation_nll,43997,603,-0.11225032806396484
U_interaction,random,256,validation_nll,46219,601,-0.16640865802764893
U_interaction,random,256,validation_nll,46219,602,-0.20210278034210205
U_interaction,random,256,validation_nll,46219,603,-0.18417847156524658
U_interaction,random,256,test_nll,41843,601,-0.171728253364563
U_interaction,random,256,test_nll,41843,602,-0.1474543809890747
U_interaction,random,256,test_nll,41843,603,-0.23350727558135986
U_interaction,random,256,test_nll,43997,601,-0.08601903915405273
U_interaction,random,256,test_nll,43997,602,-0.06464493274688721
U_interaction,random,256,test_nll,43997,603,-0.08288168907165527
U_interaction,random,256,test_nll,46219,601,-0.13034534454345703
U_interaction,random,256,test_nll,46219,602,-0.22733080387115479
U_interaction,random,256,test_nll,46219,603,-0.14447200298309326
U_interaction,random,256,train_instance_accuracy,41843,601,-0.04638671875
U_interaction,random,256,train_instance_accuracy,41843,602,-0.04052734375
U_interaction,random,256,train_instance_accuracy,41843,603,-0.013671875
U_interaction,random,256,train_instance_accuracy,43997,601,-0.0166015625
U_interaction,random,256,train_instance_accuracy,43997,602,-0.08544921875
U_interaction,random,256,train_instance_accuracy,43997,603,-0.07421875
U_interaction,random,256,train_instance_accuracy,46219,601,-0.07861328125
U_interaction,random,256,train_instance_accuracy,46219,602,-0.0947265625
U_interaction,random,256,train_instance_accuracy,46219,603,-0.0478515625
U_interaction,random,256,clipping,41843,601,0.04583333333333339
U_interaction,random,256,clipping,41843,602,0.06874999999999998
U_interaction,random,256,clipping,41843,603,0.06875000000000009
U_interaction,random,256,clipping,43997,601,0.05208333333333326
U_interaction,random,256,clipping,43997,602,0.03124999999999989
U_interaction,random,256,clipping,43997,603,0.06874999999999998
U_interaction,random,256,clipping,46219,601,0.014583333333333393
U_interaction,random,256,clipping,46219,602,0.10624999999999996
U_interaction,random,256,clipping,46219,603,0.033333333333333215
U_interaction,random,256,total_gain,41843,601,-52.63999307155609
U_interaction,random,256,total_gain,41843,602,-81.19813114404678
U_interaction,random,256,total_gain,41843,603,-24.738505125045776
U_interaction,random,256,total_gain,43997,601,-43.481496036052704
U_interaction,random,256,total_gain,43997,602,-109.89154732227325
U_interaction,random,256,total_gain,43997,603,-105.60137164592743
U_interaction,random,256,total_gain,46219,601,-94.60572189092636
U_interaction,random,256,total_gain,46219,602,-92.78522396087646
U_interaction,random,256,total_gain,46219,603,-72.6872889995575
U_interaction,random,256,negative_gain_fraction,41843,601,0.109375
U_interaction,random,256,negative_gain_fraction,41843,602,0.111328125
U_interaction,random,256,negative_gain_fraction,41843,603,0.109375
U_interaction,random,256,negative_gain_fraction,43997,601,0.037109375
U_interaction,random,256,negative_gain_fraction,43997,602,0.115234375
U_interaction,random,256,negative_gain_fraction,43997,603,0.169921875
U_interaction,random,256,negative_gain_fraction,46219,601,0.16796875
U_interaction,random,256,negative_gain_fraction,46219,602,0.10546875
U_interaction,random,256,negative_gain_fraction,46219,603,0.1328125
U_interaction,uniform,64,p,41843,601,
U_interaction,uniform,64,p,41843,602,
U_interaction,uniform,64,p,41843,603,
U_interaction,uniform,64,p,43997,601,
U_interaction,uniform,64,p,43997,602,
U_interaction,uniform,64,p,43997,603,
U_interaction,uniform,64,p,46219,601,
U_interaction,uniform,64,p,46219,602,
U_interaction,uniform,64,p,46219,603,
U_interaction,uniform,64,objective,41843,601,
U_interaction,uniform,64,objective,41843,602,
U_interaction,uniform,64,objective,41843,603,
U_interaction,uniform,64,objective,43997,601,
U_interaction,uniform,64,objective,43997,602,
U_interaction,uniform,64,objective,43997,603,
U_interaction,uniform,64,objective,46219,601,
U_interaction,uniform,64,objective,46219,602,
U_interaction,uniform,64,objective,46219,603,
U_interaction,uniform,64,train_nll,41843,601,0.1703481674194336
U_interaction,uniform,64,train_nll,41843,602,0.15084314346313477
U_interaction,uniform,64,train_nll,41843,603,0.17620694637298584
U_interaction,uniform,64,train_nll,43997,601,0.1565924882888794
U_interaction,uniform,64,train_nll,43997,602,0.17950773239135742
U_interaction,uniform,64,train_nll,43997,603,0.2076723575592041
U_interaction,uniform,64,train_nll,46219,601,0.13656365871429443
U_interaction,uniform,64,train_nll,46219,602,0.16508173942565918
U_interaction,uniform,64,train_nll,46219,603,0.20710980892181396
U_interaction,uniform,64,validation_nll,41843,601,-0.1428360939025879
U_interaction,uniform,64,validation_nll,41843,602,-0.12356221675872803
U_interaction,uniform,64,validation_nll,41843,603,-0.15839731693267822
U_interaction,uniform,64,validation_nll,43997,601,-0.12163424491882324
U_interaction,uniform,64,validation_nll,43997,602,-0.10392355918884277
U_interaction,uniform,64,validation_nll,43997,603,-0.11332893371582031
U_interaction,uniform,64,validation_nll,46219,601,-0.1559990644454956
U_interaction,uniform,64,validation_nll,46219,602,-0.07625031471252441
U_interaction,uniform,64,validation_nll,46219,603,-0.0989372730255127
U_interaction,uniform,64,test_nll,41843,601,-0.15012943744659424
U_interaction,uniform,64,test_nll,41843,602,-0.12112843990325928
U_interaction,uniform,64,test_nll,41843,603,-0.14244163036346436
U_interaction,uniform,64,test_nll,43997,601,-0.13042879104614258
U_interaction,uniform,64,test_nll,43997,602,-0.09928083419799805
U_interaction,uniform,64,test_nll,43997,603,-0.09347367286682129
U_interaction,uniform,64,test_nll,46219,601,-0.1665339469909668
U_interaction,uniform,64,test_nll,46219,602,-0.0867009162902832
U_interaction,uniform,64,test_nll,46219,603,-0.11044752597808838
U_interaction,uniform,64,train_instance_accuracy,41843,601,-0.0546875
U_interaction,uniform,64,train_instance_accuracy,41843,602,-0.04541015625
U_interaction,uniform,64,train_instance_accuracy,41843,603,-0.0576171875
U_interaction,uniform,64,train_instance_accuracy,43997,601,-0.04931640625
U_interaction,uniform,64,train_instance_accuracy,43997,602,-0.041015625
U_interaction,uniform,64,train_instance_accuracy,43997,603,-0.0693359375
U_interaction,uniform,64,train_instance_accuracy,46219,601,-0.048828125
U_interaction,uniform,64,train_instance_accuracy,46219,602,-0.037109375
U_interaction,uniform,64,train_instance_accuracy,46219,603,-0.05029296875
U_interaction,uniform,64,clipping,41843,601,0.3041666666666667
U_interaction,uniform,64,clipping,41843,602,0.2645833333333333
U_interaction,uniform,64,clipping,41843,603,0.21666666666666667
U_interaction,uniform,64,clipping,43997,601,0.3104166666666666
U_interaction,uniform,64,clipping,43997,602,0.2791666666666666
U_interaction,uniform,64,clipping,43997,603,0.26874999999999993
U_interaction,uniform,64,clipping,46219,601,0.35625000000000007
U_interaction,uniform,64,clipping,46219,602,0.22083333333333344
U_interaction,uniform,64,clipping,46219,603,0.2041666666666666
U_interaction,uniform,64,total_gain,41843,601,-87.21823579072952
U_interaction,uniform,64,total_gain,41843,602,-77.23155605792999
U_interaction,uniform,64,total_gain,41843,603,-90.21783763170242
U_interaction,uniform,64,total_gain,43997,601,-80.1753900051117
U_interaction,uniform,64,total_gain,43997,602,-91.90799379348755
U_interaction,uniform,64,total_gain,43997,603,-106.32823729515076
U_interaction,uniform,64,total_gain,46219,601,-69.9207872748375
U_interaction,uniform,64,total_gain,46219,602,-84.52176010608673
U_interaction,uniform,64,total_gain,46219,603,-106.04012989997864
U_interaction,uniform,64,negative_gain_fraction,41843,601,0.009765625
U_interaction,uniform,64,negative_gain_fraction,41843,602,-0.013671875
U_interaction,uniform,64,negative_gain_fraction,41843,603,-0.005859375
U_interaction,uniform,64,negative_gain_fraction,43997,601,0.013671875
U_interaction,uniform,64,negative_gain_fraction,43997,602,0.01953125
U_interaction,uniform,64,negative_gain_fraction,43997,603,0.013671875
U_interaction,uniform,64,negative_gain_fraction,46219,601,0.009765625
U_interaction,uniform,64,negative_gain_fraction,46219,602,0.013671875
U_interaction,uniform,64,negative_gain_fraction,46219,603,0.001953125
U_interaction,uniform,128,p,41843,601,
U_interaction,uniform,128,p,41843,602,
U_interaction,uniform,128,p,41843,603,
U_interaction,uniform,128,p,43997,601,
U_interaction,uniform,128,p,43997,602,
U_interaction,uniform,128,p,43997,603,
U_interaction,uniform,128,p,46219,601,
U_interaction,uniform,128,p,46219,602,
U_interaction,uniform,128,p,46219,603,
U_interaction,uniform,128,objective,41843,601,
U_interaction,uniform,128,objective,41843,602,
U_interaction,uniform,128,objective,41843,603,
U_interaction,uniform,128,objective,43997,601,
U_interaction,uniform,128,objective,43997,602,
U_interaction,uniform,128,objective,43997,603,
U_interaction,uniform,128,objective,46219,601,
U_interaction,uniform,128,objective,46219,602,
U_interaction,uniform,128,objective,46219,603,
U_interaction,uniform,128,train_nll,41843,601,0.0
U_interaction,uniform,128,train_nll,41843,602,0.0
U_interaction,uniform,128,train_nll,41843,603,0.0
U_interaction,uniform,128,train_nll,43997,601,0.0
U_interaction,uniform,128,train_nll,43997,602,0.0
U_interaction,uniform,128,train_nll,43997,603,0.0
U_interaction,uniform,128,train_nll,46219,601,0.0
U_interaction,uniform,128,train_nll,46219,602,0.0
U_interaction,uniform,128,train_nll,46219,603,0.0
U_interaction,uniform,128,validation_nll,41843,601,0.0
U_interaction,uniform,128,validation_nll,41843,602,0.0
U_interaction,uniform,128,validation_nll,41843,603,0.0
U_interaction,uniform,128,validation_nll,43997,601,0.0
U_interaction,uniform,128,validation_nll,43997,602,0.0
U_interaction,uniform,128,validation_nll,43997,603,0.0
U_interaction,uniform,128,validation_nll,46219,601,0.0
U_interaction,uniform,128,validation_nll,46219,602,0.0
U_interaction,uniform,128,validation_nll,46219,603,0.0
U_interaction,uniform,128,test_nll,41843,601,0.0
U_interaction,uniform,128,test_nll,41843,602,0.0
U_interaction,uniform,128,test_nll,41843,603,0.0
U_interaction,uniform,128,test_nll,43997,601,0.0
U_interaction,uniform,128,test_nll,43997,602,0.0
U_interaction,uniform,128,test_nll,43997,603,0.0
U_interaction,uniform,128,test_nll,46219,601,0.0
U_interaction,uniform,128,test_nll,46219,602,0.0
U_interaction,uniform,128,test_nll,46219,603,0.0
U_interaction,uniform,128,train_instance_accuracy,41843,601,0.0
U_interaction,uniform,128,train_instance_accuracy,41843,602,0.0
U_interaction,uniform,128,train_instance_accuracy,41843,603,0.0
U_interaction,uniform,128,train_instance_accuracy,43997,601,0.0
U_interaction,uniform,128,train_instance_accuracy,43997,602,0.0
U_interaction,uniform,128,train_instance_accuracy,43997,603,0.0
U_interaction,uniform,128,train_instance_accuracy,46219,601,0.0
U_interaction,uniform,128,train_instance_accuracy,46219,602,0.0
U_interaction,uniform,128,train_instance_accuracy,46219,603,0.0
U_interaction,uniform,128,clipping,41843,601,0.0
U_interaction,uniform,128,clipping,41843,602,0.0
U_interaction,uniform,128,clipping,41843,603,0.0
U_interaction,uniform,128,clipping,43997,601,0.0
U_interaction,uniform,128,clipping,43997,602,0.0
U_interaction,uniform,128,clipping,43997,603,0.0
U_interaction,uniform,128,clipping,46219,601,0.0
U_interaction,uniform,128,clipping,46219,602,0.0
U_interaction,uniform,128,clipping,46219,603,0.0
U_interaction,uniform,128,total_gain,41843,601,0.0
U_interaction,uniform,128,total_gain,41843,602,0.0
U_interaction,uniform,128,total_gain,41843,603,0.0
U_interaction,uniform,128,total_gain,43997,601,0.0
U_interaction,uniform,128,total_gain,43997,602,0.0
U_interaction,uniform,128,total_gain,43997,603,0.0
U_interaction,uniform,128,total_gain,46219,601,0.0
U_interaction,uniform,128,total_gain,46219,602,0.0
U_interaction,uniform,128,total_gain,46219,603,0.0
U_interaction,uniform,128,negative_gain_fraction,41843,601,0.0
U_interaction,uniform,128,negative_gain_fraction,41843,602,0.0
U_interaction,uniform,128,negative_gain_fraction,41843,603,0.0
U_interaction,uniform,128,negative_gain_fraction,43997,601,0.0
U_interaction,uniform,128,negative_gain_fraction,43997,602,0.0
U_interaction,uniform,128,negative_gain_fraction,43997,603,0.0
U_interaction,uniform,128,negative_gain_fraction,46219,601,0.0
U_interaction,uniform,128,negative_gain_fraction,46219,602,0.0
U_interaction,uniform,128,negative_gain_fraction,46219,603,0.0
U_interaction,uniform,256,p,41843,601,
U_interaction,uniform,256,p,41843,602,
U_interaction,uniform,256,p,41843,603,
U_interaction,uniform,256,p,43997,601,
U_interaction,uniform,256,p,43997,602,
U_interaction,uniform,256,p,43997,603,
U_interaction,uniform,256,p,46219,601,
U_interaction,uniform,256,p,46219,602,
U_interaction,uniform,256,p,46219,603,
U_interaction,uniform,256,objective,41843,601,
U_interaction,uniform,256,objective,41843,602,
U_interaction,uniform,256,objective,41843,603,
U_interaction,uniform,256,objective,43997,601,
U_interaction,uniform,256,objective,43997,602,
U_interaction,uniform,256,objective,43997,603,
U_interaction,uniform,256,objective,46219,601,
U_interaction,uniform,256,objective,46219,602,
U_interaction,uniform,256,objective,46219,603,
U_interaction,uniform,256,train_nll,41843,601,0.055461861193180084
U_interaction,uniform,256,train_nll,41843,602,0.050083376467227936
U_interaction,uniform,256,train_nll,41843,603,0.12775779515504837
U_interaction,uniform,256,train_nll,43997,601,0.08068901300430298
U_interaction,uniform,256,train_nll,43997,602,0.05617436766624451
U_interaction,uniform,256,train_nll,43997,603,0.07038276642560959
U_interaction,uniform,256,train_nll,46219,601,0.04813859611749649
U_interaction,uniform,256,train_nll,46219,602,0.03883720934391022
U_interaction,uniform,256,train_nll,46219,603,0.086944080889225
U_interaction,uniform,256,validation_nll,41843,601,-0.16998779773712158
U_interaction,uniform,256,validation_nll,41843,602,-0.21769320964813232
U_interaction,uniform,256,validation_nll,41843,603,-0.21643996238708496
U_interaction,uniform,256,validation_nll,43997,601,0.28721702098846436
U_interaction,uniform,256,validation_nll,43997,602,-0.105660080909729
U_interaction,uniform,256,validation_nll,43997,603,0.05026817321777344
U_interaction,uniform,256,validation_nll,46219,601,-0.061615824699401855
U_interaction,uniform,256,validation_nll,46219,602,0.009679317474365234
U_interaction,uniform,256,validation_nll,46219,603,-0.1044689416885376
U_interaction,uniform,256,test_nll,41843,601,-0.1537235975265503
U_interaction,uniform,256,test_nll,41843,602,-0.2467871904373169
U_interaction,uniform,256,test_nll,41843,603,-0.1623908281326294
U_interaction,uniform,256,test_nll,43997,601,0.20573437213897705
U_interaction,uniform,256,test_nll,43997,602,-0.10232174396514893
U_interaction,uniform,256,test_nll,43997,603,0.03095221519470215
U_interaction,uniform,256,test_nll,46219,601,-0.10973894596099854
U_interaction,uniform,256,test_nll,46219,602,-0.05308115482330322
U_interaction,uniform,256,test_nll,46219,603,-0.09831798076629639
U_interaction,uniform,256,train_instance_accuracy,41843,601,-0.0439453125
U_interaction,uniform,256,train_instance_accuracy,41843,602,-0.04931640625
U_interaction,uniform,256,train_instance_accuracy,41843,603,-0.11279296875
U_interaction,uniform,256,train_instance_accuracy,43997,601,-0.0615234375
U_interaction,uniform,256,train_instance_accuracy,43997,602,-0.052734375
U_interaction,uniform,256,train_instance_accuracy,43997,603,-0.091796875
U_interaction,uniform,256,train_instance_accuracy,46219,601,-0.046875
U_interaction,uniform,256,train_instance_accuracy,46219,602,-0.05078125
U_interaction,uniform,256,train_instance_accuracy,46219,603,-0.10595703125
U_interaction,uniform,256,clipping,41843,601,0.3125
U_interaction,uniform,256,clipping,41843,602,0.29375
U_interaction,uniform,256,clipping,41843,603,0.33333333333333337
U_interaction,uniform,256,clipping,43997,601,0.23125000000000007
U_interaction,uniform,256,clipping,43997,602,0.3458333333333334
U_interaction,uniform,256,clipping,43997,603,0.25416666666666665
U_interaction,uniform,256,clipping,46219,601,0.35208333333333336
U_interaction,uniform,256,clipping,46219,602,0.3458333333333334
U_interaction,uniform,256,clipping,46219,603,0.3958333333333333
U_interaction,uniform,256,total_gain,41843,601,-28.396474957466125
U_interaction,uniform,256,total_gain,41843,602,-25.642709374427795
U_interaction,uniform,256,total_gain,41843,603,-65.4119473695755
U_interaction,uniform,256,total_gain,43997,601,-41.312818825244904
U_interaction,uniform,256,total_gain,43997,602,-28.761332392692566
U_interaction,uniform,256,total_gain,43997,603,-36.03596246242523
U_interaction,uniform,256,total_gain,46219,601,-24.64692521095276
U_interaction,uniform,256,total_gain,46219,602,-19.88452923297882
U_interaction,uniform,256,total_gain,46219,603,-44.51538562774658
U_interaction,uniform,256,negative_gain_fraction,41843,601,-0.107421875
U_interaction,uniform,256,negative_gain_fraction,41843,602,-0.09375
U_interaction,uniform,256,negative_gain_fraction,41843,603,-0.16796875
U_interaction,uniform,256,negative_gain_fraction,43997,601,-0.015625
U_interaction,uniform,256,negative_gain_fraction,43997,602,-0.001953125
U_interaction,uniform,256,negative_gain_fraction,43997,603,-0.125
U_interaction,uniform,256,negative_gain_fraction,46219,601,-0.068359375
U_interaction,uniform,256,negative_gain_fraction,46219,602,-0.11328125
U_interaction,uniform,256,negative_gain_fraction,46219,603,-0.123046875
