name,phase,variant,width,data_seed,seed,pretrain_seed,grid_index,arm,lr,wd,parameters,epoch,p,p_reason,objective,total_gain,negative_gain_fraction,clipping,lower_boundary,upper_boundary,initial_validation_nll,initial_test_nll,train_nll,train_shared_loss,train_shared_accuracy,train_group_loss,train_group_accuracy,train_instance_loss,train_instance_accuracy,validation_nll,validation_shared_loss,validation_shared_accuracy,validation_group_loss,validation_group_accuracy,validation_instance_loss,validation_instance_accuracy,test_nll,test_shared_loss,test_shared_accuracy,test_group_loss,test_group_accuracy,test_instance_loss,test_instance_accuracy
confirm-M-w128-d52919-s801-g04-random,confirm,M,128,52919,801,96201,4,random,0.0001,0.1,621696,0,,no_adaptation,,0.0,0.0,,False,False,4.047523021697998,4.033823013305664,4.016269683837891,0.0503573939204216,1.0,6.057529449462891,0.052734375,5.940921783447266,0.07470703125,4.047523021697998,0.05024128407239914,1.0,6.0311360359191895,0.0595703125,6.061191558837891,0.0576171875,4.033823013305664,0.05022050812840462,1.0,6.027803421020508,0.05712890625,6.0234456062316895,0.0615234375
confirm-M-w128-d52919-s801-g04-random,confirm,M,128,52919,801,96201,4,random,0.0001,0.1,621696,1,0.011794379276046079,,1.910699047402217e-06,833.6131343841553,0.0,1.0,False,False,4.047523021697998,4.033823013305664,2.3881187438964844,1.3503493070602417,1.0,2.8977560997009277,0.052734375,2.9162514209747314,0.07470703125,2.402423143386841,1.3548126220703125,1.0,2.899399757385254,0.0595703125,2.953056812286377,0.0576171875,2.397282361984253,1.34805428981781,1.0,2.8985023498535156,0.05712890625,2.9452905654907227,0.0615234375
confirm-M-w128-d52919-s801-g04-random,confirm,M,128,52919,801,96201,4,random,0.0001,0.1,621696,3,0.01822776942484943,,7.445555051984612e-06,886.907662153244,0.0,1.0,False,False,4.047523021697998,4.033823013305664,2.2840280532836914,0.9238641262054443,1.0,2.8699519634246826,0.052734375,3.0582680702209473,0.07470703125,2.324770927429199,0.9411407709121704,1.0,2.897672176361084,0.0595703125,3.1354994773864746,0.0576171875,2.3142261505126953,0.931726336479187,1.0,2.880194664001465,0.05712890625,3.1307578086853027,0.0615234375
confirm-M-w128-d52919-s801-g04-random,confirm,M,128,52919,801,96201,4,random,0.0001,0.1,621696,5,0.0243879277132013,,1.4578078514861464e-05,911.8931223154068,0.0,1.0,False,False,4.047523021697998,4.033823013305664,2.2352283000946045,0.8021277785301208,1.0,2.8079586029052734,0.052734375,3.0955984592437744,0.07470703125,2.2970032691955566,0.826469361782074,1.0,2.8664581775665283,0.0595703125,3.1980819702148438,0.0576171875,2.2875475883483887,0.8168354630470276,1.0,2.8434343338012695,0.05712890625,3.2023720741271973,0.0615234375
confirm-M-w128-d52919-s801-g04-random,confirm,M,128,52919,801,96201,4,random,0.0001,0.1,621696,10,0.027069327309378166,,1.6526225720057287e-05,998.0242427587509,0.0,1.0,False,False,4.047523021697998,4.033823013305664,2.0670034885406494,0.5047687292098999,1.0,2.72090482711792,0.0546875,2.975336790084839,0.07666015625,2.1499316692352295,0.5451990962028503,0.9990234375,2.8114500045776367,0.0595703125,3.093146324157715,0.0595703125,2.1342885494232178,0.530627965927124,0.99951171875,2.784219741821289,0.056640625,3.0880179405212402,0.06201171875
confirm-M-w128-d52919-s801-g04-random,confirm,M,128,52919,801,96201,4,random,0.0001,0.1,621696,20,0.047294569723752136,,3.452307584805441e-05,1098.3752071857452,0.0,1.0,False,False,4.047523021697998,4.033823013305664,1.8710055351257324,0.22811263799667358,0.99365234375,2.515171527862549,0.150390625,2.869732141494751,0.1005859375,2.0489139556884766,0.26818984746932983,0.9921875,2.815892219543457,0.0947265625,3.0626604557037354,0.064453125,2.0239646434783936,0.2615259289741516,0.9921875,2.7355377674102783,0.10302734375,3.0748302936553955,0.0595703125
confirm-M-w128-d52919-s801-g04-random,confirm,M,128,52919,801,96201,4,random,0.0001,0.1,621696,30,0.09739167871243982,,0.00012326709365311379,1129.4558861255646,0.0,1.0,False,False,4.047523021697998,4.033823013305664,1.8103011846542358,0.10966727137565613,0.998046875,2.374030113220215,0.2841796875,2.9472060203552246,0.16552734375,2.1849617958068848,0.13044962286949158,0.9990234375,3.010256052017212,0.13671875,3.414179801940918,0.068359375,2.1676623821258545,0.1374611258506775,0.9970703125,2.9187183380126953,0.1318359375,3.446807622909546,0.056640625
confirm-M-w128-d52919-s801-g04-uniform,confirm,M,128,52919,801,96201,4,uniform,0.0001,0.1,621696,0,,no_adaptation,,0.0,0.0,,False,False,4.047523021697998,4.033823013305664,4.016269683837891,0.0503573939204216,1.0,6.057529449462891,0.052734375,5.940921783447266,0.07470703125,4.047523021697998,0.05024128407239914,1.0,6.0311360359191895,0.0595703125,6.061191558837891,0.0576171875,4.033823013305664,0.05022050812840462,1.0,6.027803421020508,0.05712890625,6.0234456062316895,0.0615234375
confirm-M-w128-d52919-s801-g04-uniform,confirm,M,128,52919,801,96201,4,uniform,0.0001,0.1,621696,1,,constant_weights,,839.878744840622,0.0,1.0,False,False,4.047523021697998,4.033823013305664,2.3758811950683594,1.310813069343567,1.0,2.8920347690582275,0.052734375,2.9247963428497314,0.07470703125,2.3952014446258545,1.3217878341674805,1.0,2.8950393199920654,0.0595703125,2.9687771797180176,0.0576171875,2.3899543285369873,1.3161073923110962,1.0,2.895252227783203,0.05712890625,2.958503246307373,0.0615234375
confirm-M-w128-d52919-s801-g04-uniform,confirm,M,128,52919,801,96201,4,uniform,0.0001,0.1,621696,3,,constant_weights,,913.2790262699127,0.0,1.0,False,False,4.047523021697998,4.033823013305664,2.2325212955474854,0.8320895433425903,1.0,2.798557758331299,0.052734375,3.0669169425964355,0.07470703125,2.2854342460632324,0.8545470237731934,1.0,2.844813108444214,0.0595703125,3.156942367553711,0.0576171875,2.281675100326538,0.8510241508483887,1.0,2.8344647884368896,0.05712890625,3.159536361694336,0.0615234375
confirm-M-w128-d52919-s801-g04-uniform,confirm,M,128,52919,801,96201,4,uniform,0.0001,0.1,621696,5,,constant_weights,,976.6735616922379,0.0,1.0,False,False,4.047523021697998,4.033823013305664,2.108704090118408,0.5957450270652771,1.0,2.735041379928589,0.052734375,2.9953255653381348,0.07470703125,2.1786956787109375,0.6266999840736389,1.0,2.799848794937134,0.0595703125,3.1095383167266846,0.0576171875,2.1770055294036865,0.6207703351974487,1.0,2.794234037399292,0.05712890625,3.1160125732421875,0.0615234375
confirm-M-w128-d52919-s801-g04-uniform,confirm,M,128,52919,801,96201,4,uniform,0.0001,0.1,621696,10,,constant_weights,,1097.3362686634064,0.0,1.0,False,False,4.047523021697998,4.033823013305664,1.8730345964431763,0.19885098934173584,1.0,2.6314783096313477,0.05419921875,2.7887749671936035,0.07470703125,1.931589961051941,0.23818932473659515,1.0,2.6914360523223877,0.0595703125,2.8651442527770996,0.0576171875,1.9324558973312378,0.22950081527233124,1.0,2.6990044116973877,0.05712890625,2.8688621520996094,0.0615234375
confirm-M-w128-d52919-s801-g04-uniform,confirm,M,128,52919,801,96201,4,uniform,0.0001,0.1,621696,20,,constant_weights,,1225.4973920583725,0.0,1.0,False,False,4.047523021697998,4.033823013305664,1.6227200031280518,0.06834325194358826,1.0,2.0716772079467773,0.30859375,2.7281394004821777,0.10205078125,1.806378960609436,0.07808448374271393,1.0,2.4756076335906982,0.17578125,2.8654446601867676,0.0615234375,1.8074005842208862,0.07605443894863129,1.0,2.474088668823242,0.166015625,2.872058629989624,0.0693359375
confirm-M-w128-d52919-s801-g04-uniform,confirm,M,128,52919,801,96201,4,uniform,0.0001,0.1,621696,30,,constant_weights,,1330.3237932920456,0.0,1.0,False,False,4.047523021697998,4.033823013305664,1.4179809093475342,0.048500966280698776,1.0,1.571441650390625,0.5009765625,2.634000062942505,0.13916015625,1.8511794805526733,0.052696309983730316,1.0,2.5918993949890137,0.19921875,2.908942937850952,0.0693359375,1.8537894487380981,0.052807196974754333,1.0,2.589820623397827,0.1806640625,2.9187400341033936,0.06640625
confirm-M-w128-d52919-s801-g05-random,confirm,M,128,52919,801,96201,5,random,0.0001,1.0,621696,0,,no_adaptation,,0.0,0.0,,False,False,4.047523021697998,4.033823013305664,4.016269683837891,0.0503573939204216,1.0,6.057529449462891,0.052734375,5.940921783447266,0.07470703125,4.047523021697998,0.05024128407239914,1.0,6.0311360359191895,0.0595703125,6.061191558837891,0.0576171875,4.033823013305664,0.05022050812840462,1.0,6.027803421020508,0.05712890625,6.0234456062316895,0.0615234375
confirm-M-w128-d52919-s801-g05-random,confirm,M,128,52919,801,96201,5,random,0.0001,1.0,621696,1,0.011800078576716014,,1.912992331719215e-06,833.3929876089096,0.0,1.0,False,False,4.047523021697998,4.033823013305664,2.3885488510131836,1.3516684770584106,1.0,2.8977274894714355,0.052734375,2.916250467300415,0.07470703125,2.4028573036193848,1.356115460395813,1.0,2.899393320083618,0.0595703125,2.953063488006592,0.0576171875,2.3977155685424805,1.3493626117706299,1.0,2.898482322692871,0.05712890625,2.945301055908203,0.0615234375
confirm-M-w128-d52919-s801-g05-random,confirm,M,128,52919,801,96201,5,random,0.0001,1.0,621696,3,0.018235128302731753,,7.463970589124271e-06,886.5126490592957,0.0,1.0,False,False,4.047523021697998,4.033823013305664,2.284799814224243,0.9254218339920044,1.0,2.8700172901153564,0.052734375,3.058959484100342,0.07470703125,2.325495958328247,0.9425854682922363,1.0,2.8977041244506836,0.0595703125,3.1361987590789795,0.0576171875,2.3149826526641846,0.933252215385437,1.0,2.880251884460449,0.05712890625,3.131443738937378,0.0615234375
confirm-M-w128-d52919-s801-g05-random,confirm,M,128,52919,801,96201,5,random,0.0001,1.0,621696,5,0.024360184846626304,,1.4540991055079973e-05,911.0980011224747,0.0,1.0,False,False,4.047523021697998,4.033823013305664,2.236781358718872,0.807242751121521,1.0,2.807844638824463,0.052734375,3.0952563285827637,0.07470703125,2.2983553409576416,0.83136385679245,1.0,2.866147756576538,0.0595703125,3.197554349899292,0.0576171875,2.2889182567596436,0.8218735456466675,1.0,2.843142509460449,0.05712890625,3.2017383575439453,0.0615234375
confirm-M-w128-d52919-s801-g05-random,confirm,M,128,52919,801,96201,5,random,0.0001,1.0,621696,10,0.026784509046647538,,1.602803352317234e-05,995.1620502471924,0.0,1.0,False,False,4.047523021697998,4.033823013305664,2.0725936889648438,0.5183219909667969,1.0,2.724996328353882,0.05322265625,2.9744627475738525,0.07666015625,2.1537740230560303,0.5577653646469116,0.9990234375,2.8133649826049805,0.0595703125,3.0901918411254883,0.05859375,2.1383583545684814,0.5438387393951416,0.99951171875,2.7862067222595215,0.056640625,3.0850298404693604,0.06201171875
confirm-M-w128-d52919-s801-g05-random,confirm,M,128,52919,801,96201,5,random,0.0001,1.0,621696,20,0.04391271436037314,,2.9965091565647627e-05,1092.7557862997055,0.0,1.0,False,False,4.047523021697998,4.033823013305664,1.8819807767868042,0.2524702250957489,0.994140625,2.5346879959106445,0.13671875,2.8587844371795654,0.095703125,2.0438528060913086,0.29274874925613403,0.994140625,2.7994747161865234,0.0869140625,3.0393340587615967,0.060546875,2.0210821628570557,0.28423500061035156,0.99462890625,2.729383945465088,0.0947265625,3.0496277809143066,0.0615234375
confirm-M-w128-d52919-s801-g05-random,confirm,M,128,52919,801,96201,5,random,0.0001,1.0,621696,30,0.08943837736940993,,0.00010954492567010553,1123.9289735555649,0.0,1.0,False,False,4.047523021697998,4.033823013305664,1.8210958242416382,0.14230382442474365,0.99853515625,2.3866207599639893,0.26416015625,2.9343626499176025,0.15869140625,2.1593055725097656,0.16832663118839264,1.0,2.951873779296875,0.12890625,3.3577163219451904,0.0693359375,2.14205002784729,0.17309194803237915,0.99658203125,2.86575984954834,0.1318359375,3.387298822402954,0.05517578125
confirm-M-w128-d52919-s801-g05-uniform,confirm,M,128,52919,801,96201,5,uniform,0.0001,1.0,621696,0,,no_adaptation,,0.0,0.0,,False,False,4.047523021697998,4.033823013305664,4.016269683837891,0.0503573939204216,1.0,6.057529449462891,0.052734375,5.940921783447266,0.07470703125,4.047523021697998,0.05024128407239914,1.0,6.0311360359191895,0.0595703125,6.061191558837891,0.0576171875,4.033823013305664,0.05022050812840462,1.0,6.027803421020508,0.05712890625,6.0234456062316895,0.0615234375
confirm-M-w128-d52919-s801-g05-uniform,confirm,M,128,52919,801,96201,5,uniform,0.0001,1.0,621696,1,,constant_weights,,839.6960879564285,0.0,1.0,False,False,4.047523021697998,4.033823013305664,2.3762383460998535,1.3115848302841187,1.0,2.892136335372925,0.052734375,2.9249930381774902,0.07470703125,2.395564079284668,1.322558879852295,1.0,2.895158052444458,0.0595703125,2.9689745903015137,0.0576171875,2.39032244682312,1.3168959617614746,1.0,2.8953542709350586,0.05712890625,2.95871639251709,0.0615234375
confirm-M-w128-d52919-s801-g05-uniform,confirm,M,128,52919,801,96201,5,uniform,0.0001,1.0,621696,3,,constant_weights,,912.8397604227066,0.0,1.0,False,False,4.047523021697998,4.033823013305664,2.233379364013672,0.8345694541931152,1.0,2.798461675643921,0.052734375,3.0671069622039795,0.07470703125,2.2862532138824463,0.8569800853729248,1.0,2.8446590900421143,0.0595703125,3.157120704650879,0.0576171875,2.2825064659118652,0.8534508943557739,1.0,2.8343045711517334,0.05712890625,3.159764051437378,0.0615234375
confirm-M-w128-d52919-s801-g05-uniform,confirm,M,128,52919,801,96201,5,uniform,0.0001,1.0,621696,5,,constant_weights,,975.9520999193192,0.0,1.0,False,False,4.047523021697998,4.033823013305664,2.1101131439208984,0.5999106168746948,1.0,2.736133098602295,0.052734375,2.994295597076416,0.07470703125,2.179713487625122,0.6308450102806091,1.0,2.8004884719848633,0.0595703125,3.107806921005249,0.0576171875,2.177934169769287,0.6248229742050171,1.0,2.7946994304656982,0.05712890625,3.114279270172119,0.0615234375
confirm-M-w128-d52919-s801-g05-uniform,confirm,M,128,52919,801,96201,5,uniform,0.0001,1.0,621696,10,,constant_weights,,1093.0193433761597,0.0,1.0,False,False,4.047523021697998,4.033823013305664,1.8814661502838135,0.21344204246997833,1.0,2.639369249343872,0.05322265625,2.7915868759155273,0.07470703125,1.9391088485717773,0.2530583143234253,1.0,2.6972672939300537,0.0595703125,2.8670005798339844,0.0576171875,1.9399465322494507,0.24468587338924408,1.0,2.7046220302581787,0.05712890625,2.8705317974090576,0.0615234375
confirm-M-w128-d52919-s801-g05-uniform,confirm,M,128,52919,801,96201,5,uniform,0.0001,1.0,621696,20,,constant_weights,,1214.5901905298233,0.0,0.99375,False,False,4.047523021697998,4.033823013305664,1.644023060798645,0.08261043578386307,1.0,2.1172571182250977,0.29248046875,2.7322018146514893,0.103515625,1.812758207321167,0.09404855966567993,1.0,2.476008415222168,0.177734375,2.868217706680298,0.0576171875,1.8136818408966064,0.09163770824670792,1.0,2.4751007556915283,0.1630859375,2.8743069171905518,0.06884765625
confirm-M-w128-d52919-s801-g05-uniform,confirm,M,128,52919,801,96201,5,uniform,0.0001,1.0,621696,30,,constant_weights,,1309.0390095710754,0.0,0.9958333333333333,False,False,4.047523021697998,4.033823013305664,1.4595527648925781,0.06528961658477783,1.0,1.665621042251587,0.474609375,2.64774751663208,0.13623046875,1.8450959920883179,0.06996554136276245,1.0,2.559445381164551,0.19140625,2.905877113342285,0.064453125,1.848384976387024,0.07028520107269287,1.0,2.5620453357696533,0.1796875,2.9128241539001465,0.0673828125
confirm-M-w128-d52919-s802-g04-random,confirm,M,128,52919,802,96201,4,random,0.0001,0.1,621696,0,,no_adaptation,,0.0,0.0,,False,False,4.065481185913086,4.056282043457031,4.043617248535156,0.049461450427770615,1.0,6.114136695861816,0.052734375,5.967254638671875,0.07470703125,4.065481185913086,0.049554791301488876,1.0,6.076177597045898,0.0595703125,6.070711612701416,0.0576171875,4.056282043457031,0.049456216394901276,1.0,6.0707783699035645,0.05712890625,6.048611640930176,0.0615234375
confirm-M-w128-d52919-s802-g04-random,confirm,M,128,52919,802,96201,4,random,0.0001,0.1,621696,1,0.005032839609169561,,3.7475258898853725e-06,835.2561891078949,0.0,1.0,False,False,4.065481185913086,4.056282043457031,2.412257671356201,1.4109876155853271,1.0,2.907052993774414,0.052734375,2.9187328815460205,0.07470703125,2.4266302585601807,1.4158008098602295,1.0,2.914928913116455,0.0595703125,2.9491610527038574,0.0576171875,2.4261975288391113,1.417763113975525,1.0,2.914583444595337,0.05712890625,2.94624662399292,0.0615234375
confirm-M-w128-d52919-s802-g04-random,confirm,M,128,52919,802,96201,4,random,0.0001,0.1,621696,3,0.012828970688677006,,1.0250281296974173e-05,901.4915143251419,0.0,1.0,False,False,4.065481185913086,4.056282043457031,2.2828917503356934,0.8751224279403687,1.0,2.8960793018341064,0.052734375,3.0774736404418945,0.07470703125,2.322068452835083,0.8917705416679382,1.0,2.9155449867248535,0.0595703125,3.1588892936706543,0.0576171875,2.3188228607177734,0.8890525698661804,1.0,2.9108357429504395,0.05712890625,3.1565797328948975,0.0615234375
confirm-M-w128-d52919-s802-g04-random,confirm,M,128,52919,802,96201,4,random,0.0001,0.1,621696,5,0.01652686492760143,,1.8648001346964398e-05,937.2418998479843,0.0,1.0,False,False,4.065481185913086,4.056282043457031,2.213066816329956,0.7355245351791382,1.0,2.8119750022888184,0.052734375,3.091701030731201,0.07470703125,2.2690269947052,0.7591447830200195,1.0,2.844942569732666,0.0595703125,3.202993392944336,0.0576171875,2.2640128135681152,0.7570101022720337,1.0,2.8408994674682617,0.05712890625,3.19412899017334,0.0615234375
confirm-M-w128-d52919-s802-g04-random,confirm,M,128,52919,802,96201,4,random,0.0001,0.1,621696,10,0.021058535271038528,,2.0133317074533633e-05,1018.9940960407257,0.0,1.0,False,False,4.065481185913086,4.056282043457031,2.0533945560455322,0.4636763036251068,0.99951171875,2.7546606063842773,0.05322265625,2.941847324371338,0.0751953125,2.128812789916992,0.5090623497962952,0.9990234375,2.815643787384033,0.0595703125,3.0617330074310303,0.05859375,2.1266117095947266,0.5029207468032837,0.99951171875,2.81839656829834,0.0576171875,3.0585174560546875,0.06103515625
confirm-M-w128-d52919-s802-g04-random,confirm,M,128,52919,802,96201,4,random,0.0001,0.1,621696,20,0.049170569157969246,,6.91515071695487e-05,1111.1979142427444,0.0,1.0,False,False,4.065481185913086,4.056282043457031,1.8733090162277222,0.19071343541145325,0.99658203125,2.548971652984619,0.1689453125,2.880241870880127,0.11328125,2.0558931827545166,0.23123838007450104,0.9921875,2.7991037368774414,0.1181640625,3.1373369693756104,0.05859375,2.0658769607543945,0.22827665507793427,0.99267578125,2.815385580062866,0.10595703125,3.1539688110351562,0.06884765625
confirm-M-w128-d52919-s802-g04-random,confirm,M,128,52919,802,96201,4,random,0.0001,0.1,621696,30,0.10827589667657116,,0.00019609452619393086,1137.9051043987274,0.0,1.0,False,False,4.065481185913086,4.056282043457031,1.8211463689804077,0.11928286403417587,0.99853515625,2.4841675758361816,0.28369140625,2.8599894046783447,0.203125,2.226486921310425,0.14479196071624756,0.99609375,3.0468266010284424,0.1318359375,3.487842082977295,0.0634765625,2.2505013942718506,0.14480924606323242,0.99609375,3.0780084133148193,0.12353515625,3.528686046600342,0.0673828125
confirm-M-w128-d52919-s802-g04-uniform,confirm,M,128,52919,802,96201,4,uniform,0.0001,0.1,621696,0,,no_adaptation,,0.0,0.0,,False,False,4.065481185913086,4.056282043457031,4.043617248535156,0.049461450427770615,1.0,6.114136695861816,0.052734375,5.967254638671875,0.07470703125,4.065481185913086,0.049554791301488876,1.0,6.076177597045898,0.0595703125,6.070711612701416,0.0576171875,4.056282043457031,0.049456216394901276,1.0,6.0707783699035645,0.05712890625,6.048611640930176,0.0615234375
confirm-M-w128-d52919-s802-g04-uniform,confirm,M,128,52919,802,96201,4,uniform,0.0001,0.1,621696,1,,constant_weights,,848.2604929208755,0.0,1.0,False,False,4.065481185913086,4.056282043457031,2.3868584632873535,1.3325830698013306,1.0,2.903944969177246,0.052734375,2.9240479469299316,0.07470703125,2.4005348682403564,1.335468053817749,1.0,2.9030776023864746,0.0595703125,2.9630579948425293,0.0576171875,2.4004833698272705,1.3376796245574951,1.0,2.906745433807373,0.05712890625,2.9570250511169434,0.0615234375
confirm-M-w128-d52919-s802-g04-uniform,confirm,M,128,52919,802,96201,4,uniform,0.0001,0.1,621696,3,,constant_weights,,931.9223794937134,0.0,1.0,False,False,4.065481185913086,4.056282043457031,2.223456621170044,0.8016918897628784,1.0,2.81339430809021,0.052734375,3.055283546447754,0.07470703125,2.273739814758301,0.8199278116226196,1.0,2.836918830871582,0.0595703125,3.164372444152832,0.0576171875,2.269699811935425,0.8113665580749512,1.0,2.842986583709717,0.05712890625,3.1547470092773438,0.0615234375
confirm-M-w128-d52919-s802-g04-uniform,confirm,M,128,52919,802,96201,4,uniform,0.0001,0.1,621696,5,,constant_weights,,998.6335173845291,0.0,1.0,False,False,4.065481185913086,4.056282043457031,2.0931613445281982,0.6196426749229431,1.0,2.715167760848999,0.052734375,2.944673538208008,0.07470703125,2.155632257461548,0.6500475406646729,1.0,2.7598562240600586,0.0595703125,3.056993007659912,0.0576171875,2.150437116622925,0.6427281498908997,1.0,2.7611067295074463,0.05712890625,3.0474770069122314,0.0615234375
confirm-M-w128-d52919-s802-g04-uniform,confirm,M,128,52919,802,96201,4,uniform,0.0001,0.1,621696,10,,constant_weights,,1116.2797080278397,0.0,1.0,False,False,4.065481185913086,4.056282043457031,1.8633836507797241,0.1695372462272644,1.0,2.63887357711792,0.052734375,2.781740188598633,0.07470703125,1.9204814434051514,0.19707754254341125,1.0,2.692904472351074,0.0595703125,2.871462345123291,0.0576171875,1.9214574098587036,0.19781041145324707,1.0,2.7003581523895264,0.05712890625,2.866203784942627,0.0615234375
confirm-M-w128-d52919-s802-g04-uniform,confirm,M,128,52919,802,96201,4,uniform,0.0001,0.1,621696,20,,constant_weights,,1236.7956795692444,0.0,0.996875,False,False,4.065481185913086,4.056282043457031,1.6280009746551514,0.06313837319612503,1.0,2.098310708999634,0.30712890625,2.7225537300109863,0.095703125,1.8215354681015015,0.07730259001255035,1.0,2.5026488304138184,0.17578125,2.884654998779297,0.0673828125,1.8170255422592163,0.07617652416229248,0.9990234375,2.487257719039917,0.17431640625,2.8876426219940186,0.0595703125
confirm-M-w128-d52919-s802-g04-uniform,confirm,M,128,52919,802,96201,4,uniform,0.0001,0.1,621696,30,,constant_weights,,1335.6942428350449,0.0,0.9979166666666667,False,False,4.065481185913086,4.056282043457031,1.4348397254943848,0.047001540660858154,1.0,1.6333694458007812,0.48876953125,2.624147891998291,0.14990234375,1.867577075958252,0.05358201265335083,1.0,2.6365087032318115,0.177734375,2.912640333175659,0.068359375,1.8596693277359009,0.05357172340154648,1.0,2.5987210273742676,0.189453125,2.926715135574341,0.06298828125
confirm-M-w128-d52919-s802-g05-random,confirm,M,128,52919,802,96201,5,random,0.0001,1.0,621696,0,,no_adaptation,,0.0,0.0,,False,False,4.065481185913086,4.056282043457031,4.043617248535156,0.049461450427770615,1.0,6.114136695861816,0.052734375,5.967254638671875,0.07470703125,4.065481185913086,0.049554791301488876,1.0,6.076177597045898,0.0595703125,6.070711612701416,0.0576171875,4.056282043457031,0.049456216394901276,1.0,6.0707783699035645,0.05712890625,6.048611640930176,0.0615234375
confirm-M-w128-d52919-s802-g05-random,confirm,M,128,52919,802,96201,5,random,0.0001,1.0,621696,1,0.005031359234659119,,3.7510369251911827e-06,835.074610710144,0.0,1.0,False,False,4.065481185913086,4.056282043457031,2.4126124382019043,1.411893367767334,1.0,2.9071059226989746,0.052734375,2.9188382625579834,0.07470703125,2.4269680976867676,1.4166897535324097,1.0,2.914959192276001,0.0595703125,2.9492557048797607,0.0576171875,2.426542282104492,1.4186656475067139,1.0,2.9146108627319336,0.05712890625,2.94635009765625,0.0615234375
confirm-M-w128-d52919-s802-g05-random,confirm,M,128,52919,802,96201,5,random,0.0001,1.0,621696,3,0.012832930075599377,,1.0265209877124708e-05,901.1032379865646,0.0,1.0,False,False,4.065481185913086,4.056282043457031,2.2836501598358154,0.8769229650497437,1.0,2.896028518676758,0.052734375,3.0779988765716553,0.07470703125,2.3228189945220947,0.893538773059845,1.0,2.9155354499816895,0.0595703125,3.1593828201293945,0.0576171875,2.3195629119873047,0.8908652067184448,1.0,2.910724401473999,0.05712890625,3.1570992469787598,0.0615234375
confirm-M-w128-d52919-s802-g05-random,confirm,M,128,52919,802,96201,5,random,0.0001,1.0,621696,5,0.0164696006437905,,1.856713941292756e-05,936.4980249404907,0.0,1.0,False,False,4.065481185913086,4.056282043457031,2.21451997756958,0.7406308650970459,1.0,2.8118813037872314,0.052734375,3.0910468101501465,0.07470703125,2.2703194618225098,0.7640840411186218,1.0,2.8449344635009766,0.0595703125,3.2019400596618652,0.0576171875,2.265260934829712,0.7620270848274231,1.0,2.840683698654175,0.05712890625,3.193072557449341,0.0615234375
confirm-M-w128-d52919-s802-g05-random,confirm,M,128,52919,802,96201,5,random,0.0001,1.0,621696,10,0.020708651105876955,,1.96410235134933e-05,1015.8981702327728,0.0,1.0,False,False,4.065481185913086,4.056282043457031,2.059441328048706,0.4799988865852356,1.0,2.757413864135742,0.05322265625,2.940911293029785,0.0751953125,2.133364200592041,0.5248204469680786,0.9990234375,2.8165435791015625,0.0595703125,3.0587291717529297,0.0576171875,2.131291151046753,0.5187913179397583,0.99951171875,2.8195340633392334,0.05712890625,3.0555477142333984,0.06103515625
confirm-M-w128-d52919-s802-g05-random,confirm,M,128,52919,802,96201,5,random,0.0001,1.0,621696,20,0.044829617910494016,,5.976355841694764e-05,1107.232303261757,0.0,1.0,False,False,4.065481185913086,4.056282043457031,1.881054401397705,0.21868984401226044,0.9970703125,2.5587356090545654,0.1572265625,2.8657376766204834,0.11083984375,2.048004150390625,0.26082757115364075,0.9951171875,2.78157377243042,0.1142578125,3.1016108989715576,0.0576171875,2.0554864406585693,0.25752073526382446,0.99365234375,2.7935631275177,0.099609375,3.115375518798828,0.06884765625
confirm-M-w128-d52919-s802-g05-random,confirm,M,128,52919,802,96201,5,random,0.0001,1.0,621696,30,0.09704114053644639,,0.00017465513287295774,1135.973483324051,0.0,1.0,False,False,4.065481185913086,4.056282043457031,1.8249192237854004,0.15399976074695587,0.99853515625,2.482900619506836,0.26708984375,2.837857246398926,0.19287109375,2.1847124099731445,0.1812448799610138,0.9970703125,2.9711012840270996,0.1357421875,3.4017910957336426,0.0703125,2.2084712982177734,0.1839568167924881,0.99609375,3.004746437072754,0.11865234375,3.4367101192474365,0.0673828125
confirm-M-w128-d52919-s802-g05-uniform,confirm,M,128,52919,802,96201,5,uniform,0.0001,1.0,621696,0,,no_adaptation,,0.0,0.0,,False,False,4.065481185913086,4.056282043457031,4.043617248535156,0.049461450427770615,1.0,6.114136695861816,0.052734375,5.967254638671875,0.07470703125,4.065481185913086,0.049554791301488876,1.0,6.076177597045898,0.0595703125,6.070711612701416,0.0576171875,4.056282043457031,0.049456216394901276,1.0,6.0707783699035645,0.05712890625,6.048611640930176,0.0615234375
confirm-M-w128-d52919-s802-g05-uniform,confirm,M,128,52919,802,96201,5,uniform,0.0001,1.0,621696,1,,constant_weights,,848.0989729166031,0.0,1.0,False,False,4.065481185913086,4.056282043457031,2.387174129486084,1.3330695629119873,1.0,2.904125452041626,0.052734375,2.9243273735046387,0.07470703125,2.400848627090454,1.3359458446502686,1.0,2.9032535552978516,0.0595703125,2.9633469581604004,0.0576171875,2.4007935523986816,1.3381614685058594,1.0,2.906904935836792,0.05712890625,2.9573137760162354,0.0615234375
confirm-M-w128-d52919-s802-g05-uniform,confirm,M,128,52919,802,96201,5,uniform,0.0001,1.0,621696,3,,constant_weights,,931.46968126297,0.0,1.0,False,False,4.065481185913086,4.056282043457031,2.2243406772613525,0.8042150735855103,1.0,2.813276767730713,0.052734375,3.0555307865142822,0.07470703125,2.2745699882507324,0.8223435282707214,1.0,2.8368735313415527,0.0595703125,3.1644935607910156,0.0576171875,2.270538330078125,0.8138151168823242,1.0,2.8428311347961426,0.05712890625,3.15496826171875,0.0615234375
confirm-M-w128-d52919-s802-g05-uniform,confirm,M,128,52919,802,96201,5,uniform,0.0001,1.0,621696,5,,constant_weights,,997.4938566684723,0.0,1.0,False,False,4.065481185913086,4.056282043457031,2.0953874588012695,0.6264223456382751,1.0,2.7163259983062744,0.052734375,2.943413257598877,0.07470703125,2.1573047637939453,0.6564372181892395,1.0,2.7607786655426025,0.0595703125,3.0546977519989014,0.0576171875,2.152182102203369,0.6495161056518555,1.0,2.7617220878601074,0.05712890625,3.0453081130981445,0.0615234375
confirm-M-w128-d52919-s802-g05-uniform,confirm,M,128,52919,802,96201,5,uniform,0.0001,1.0,621696,10,,constant_weights,,1111.91659116745,0.0,1.0,False,False,4.065481185913086,4.056282043457031,1.8719054460525513,0.18452250957489014,1.0,2.6470704078674316,0.052734375,2.784123420715332,0.07470703125,1.9284082651138306,0.21358217298984528,1.0,2.699183225631714,0.0595703125,2.8724594116210938,0.0576171875,1.928990364074707,0.21297742426395416,1.0,2.7066311836242676,0.05712890625,2.8673629760742188,0.0615234375
confirm-M-w128-d52919-s802-g05-uniform,confirm,M,128,52919,802,96201,5,uniform,0.0001,1.0,621696,20,,constant_weights,,1226.7525659799576,0.0,0.996875,False,False,4.065481185913086,4.056282043457031,1.6476162672042847,0.07674742490053177,1.0,2.1395039558410645,0.2900390625,2.726597547531128,0.0927734375,1.8268766403198242,0.09197758883237839,1.0,2.5030832290649414,0.177734375,2.885568618774414,0.0615234375,1.8229421377182007,0.09095858782529831,0.9990234375,2.4902286529541016,0.17333984375,2.8876395225524902,0.0625
confirm-M-w128-d52919-s802-g05-uniform,confirm,M,128,52919,802,96201,5,uniform,0.0001,1.0,621696,30,,constant_weights,,1314.6268409490585,0.0,0.9979166666666667,False,False,4.065481185913086,4.056282043457031,1.4759869575500488,0.06498176604509354,1.0,1.7274682521820068,0.4638671875,2.6355109214782715,0.14404296875,1.8585569858551025,0.07272796332836151,1.0,2.5964722633361816,0.1796875,2.906470775604248,0.06640625,1.8523354530334473,0.07278671860694885,1.0,2.564256429672241,0.18505859375,2.9199631214141846,0.0634765625
confirm-M-w128-d52919-s803-g04-random,confirm,M,128,52919,803,96201,4,random,0.0001,0.1,621696,0,,no_adaptation,,0.0,0.0,,False,False,4.064981460571289,4.061599254608154,4.045236587524414,0.048933230340480804,1.0,6.112320899963379,0.052734375,5.974456310272217,0.07470703125,4.064981460571289,0.04900871217250824,1.0,6.066708087921143,0.0595703125,6.079226970672607,0.0576171875,4.061599254608154,0.049061957746744156,1.0,6.0841875076293945,0.05712890625,6.051548957824707,0.0615234375
confirm-M-w128-d52919-s803-g04-random,confirm,M,128,52919,803,96201,4,random,0.0001,0.1,621696,1,0.0,,3.118107239029502e-06,845.2200922966003,0.0,1.0,True,False,4.064981460571289,4.061599254608154,2.394416332244873,1.3708738088607788,1.0,2.8936033248901367,0.052734375,2.918771743774414,0.07470703125,2.412118434906006,1.373164176940918,1.0,2.910736083984375,0.0595703125,2.952455759048462,0.0576171875,2.4100358486175537,1.3774267435073853,1.0,2.9024715423583984,0.05712890625,2.950209856033325,0.0615234375
confirm-M-w128-d52919-s803-g04-random,confirm,M,128,52919,803,96201,4,random,0.0001,0.1,621696,3,0.008544833271349493,,5.3448545056099144e-06,901.6926121711731,0.0,1.0,False,False,4.064981460571289,4.061599254608154,2.284118413925171,0.8629603385925293,1.0,2.9117531776428223,0.052734375,3.0776419639587402,0.07470703125,2.3324360847473145,0.8760391473770142,1.0,2.9559993743896484,0.0595703125,3.165269374847412,0.0576171875,2.321859121322632,0.8771082758903503,1.0,2.936713933944702,0.05712890625,3.1517558097839355,0.0615234375
confirm-M-w128-d52919-s803-g04-random,confirm,M,128,52919,803,96201,4,random,0.0001,0.1,621696,5,0.01387589233865471,,9.986119593266123e-06,934.8939620256424,0.0,1.0,False,False,4.064981460571289,4.061599254608154,2.2192718982696533,0.7597095370292664,1.0,2.8225409984588623,0.05322265625,3.0755653381347656,0.07470703125,2.2789483070373535,0.7758864164352417,1.0,2.880064010620117,0.0595703125,3.180894613265991,0.0576171875,2.268580675125122,0.7733287811279297,1.0,2.860447406768799,0.05712890625,3.171966075897217,0.0615234375
confirm-M-w128-d52919-s803-g04-random,confirm,M,128,52919,803,96201,4,random,0.0001,0.1,621696,10,0.020860719635020952,,1.510327730555004e-05,1009.069174528122,0.0,0.99375,False,False,4.064981460571289,4.061599254608154,2.0743985176086426,0.4953387975692749,0.99951171875,2.7647299766540527,0.0556640625,2.9631266593933105,0.076171875,2.1552422046661377,0.5332713723182678,1.0,2.8604416847229004,0.060546875,3.0720129013061523,0.05859375,2.1497347354888916,0.5273069143295288,0.9990234375,2.841501235961914,0.05859375,3.0803964138031006,0.0615234375
confirm-M-w128-d52919-s803-g04-random,confirm,M,128,52919,803,96201,4,random,0.0001,0.1,621696,20,0.04785334189353585,,6.514790040796748e-05,1093.9147362709045,0.0,0.996875,False,False,4.064981460571289,4.061599254608154,1.9086846113204956,0.2507305145263672,0.99267578125,2.5755984783172607,0.16552734375,2.8997249603271484,0.103515625,2.0959978103637695,0.29210367798805237,0.9814453125,2.876065731048584,0.1015625,3.119824171066284,0.0615234375,2.0880768299102783,0.2813683748245239,0.98681640625,2.849811553955078,0.1044921875,3.133049964904785,0.05712890625
confirm-M-w128-d52919-s803-g04-random,confirm,M,128,52919,803,96201,4,random,0.0001,0.1,621696,30,0.10306843112002093,,0.00017433722620839885,1123.5407257080078,0.0,0.9979166666666667,False,False,4.064981460571289,4.061599254608154,1.8508214950561523,0.12120464444160461,0.99658203125,2.4858057498931885,0.28466796875,2.945453643798828,0.17529296875,2.2503018379211426,0.15057432651519775,0.9931640625,3.1334943771362305,0.1328125,3.4668362140655518,0.064453125,2.255223274230957,0.14276182651519775,0.994140625,3.1195967197418213,0.130859375,3.5033111572265625,0.07373046875
confirm-M-w128-d52919-s803-g04-uniform,confirm,M,128,52919,803,96201,4,uniform,0.0001,0.1,621696,0,,no_adaptation,,0.0,0.0,,False,False,4.064981460571289,4.061599254608154,4.045236587524414,0.048933230340480804,1.0,6.112320899963379,0.052734375,5.974456310272217,0.07470703125,4.064981460571289,0.04900871217250824,1.0,6.066708087921143,0.0595703125,6.079226970672607,0.0576171875,4.061599254608154,0.049061957746744156,1.0,6.0841875076293945,0.05712890625,6.051548957824707,0.0615234375
confirm-M-w128-d52919-s803-g04-uniform,confirm,M,128,52919,803,96201,4,uniform,0.0001,0.1,621696,1,,constant_weights,,852.2807511091232,0.0,1.0,False,False,4.064981460571289,4.061599254608154,2.3806259632110596,1.3344125747680664,1.0,2.883937120437622,0.052734375,2.923527956008911,0.07470703125,2.3981990814208984,1.340612530708313,1.0,2.891833782196045,0.0595703125,2.962151050567627,0.0576171875,2.3956565856933594,1.3438047170639038,1.0,2.886056423187256,0.05712890625,2.95710825920105,0.0615234375
confirm-M-w128-d52919-s803-g04-uniform,confirm,M,128,52919,803,96201,4,uniform,0.0001,0.1,621696,3,,constant_weights,,938.0019701719284,0.0,1.0,False,False,4.064981460571289,4.061599254608154,2.2132017612457275,0.7785211801528931,1.0,2.8109803199768066,0.052734375,3.0501036643981934,0.07470703125,2.2658376693725586,0.7953667640686035,1.0,2.849207878112793,0.0595703125,3.1529383659362793,0.0576171875,2.262782335281372,0.7932699918746948,1.0,2.844630241394043,0.05712890625,3.150447368621826,0.0615234375
confirm-M-w128-d52919-s803-g04-uniform,confirm,M,128,52919,803,96201,4,uniform,0.0001,0.1,621696,5,,constant_weights,,1002.6012653112411,0.0,1.0,False,False,4.064981460571289,4.061599254608154,2.087031364440918,0.6249995827674866,1.0,2.7010111808776855,0.052734375,2.9350829124450684,0.07470703125,2.149364948272705,0.6528769731521606,1.0,2.759295701980591,0.0595703125,3.035921335220337,0.0576171875,2.1486568450927734,0.6495775580406189,1.0,2.7600016593933105,0.05712890625,3.036390781402588,0.0615234375
confirm-M-w128-d52919-s803-g04-uniform,confirm,M,128,52919,803,96201,4,uniform,0.0001,0.1,621696,10,,constant_weights,,1118.5921370983124,0.0,1.0,False,False,4.064981460571289,4.061599254608154,1.860486626625061,0.15332967042922974,1.0,2.637814521789551,0.05419921875,2.790315628051758,0.07421875,1.920851230621338,0.17141862213611603,1.0,2.7078347206115723,0.060546875,2.883300542831421,0.056640625,1.9213733673095703,0.17050227522850037,1.0,2.7067670822143555,0.05810546875,2.886850595474243,0.0615234375
confirm-M-w128-d52919-s803-g04-uniform,confirm,M,128,52919,803,96201,4,uniform,0.0001,0.1,621696,20,,constant_weights,,1248.2382407188416,0.0,0.990625,False,False,4.064981460571289,4.061599254608154,1.6072715520858765,0.05812883749604225,1.0,2.035700798034668,0.32080078125,2.727984666824341,0.0966796875,1.8023515939712524,0.06497364491224289,1.0,2.484647750854492,0.1796875,2.857433319091797,0.0654296875,1.8039557933807373,0.06395746022462845,1.0,2.475513458251953,0.171875,2.872396945953369,0.0693359375
confirm-M-w128-d52919-s803-g04-uniform,confirm,M,128,52919,803,96201,4,uniform,0.0001,0.1,621696,30,,constant_weights,,1334.7508589029312,0.0,0.99375,False,False,4.064981460571289,4.061599254608154,1.4383015632629395,0.0475538969039917,1.0,1.6081106662750244,0.5,2.6592400074005127,0.1279296875,1.8523224592208862,0.053028564900159836,1.0,2.626152515411377,0.1708984375,2.877786159515381,0.068359375,1.84296715259552,0.05108341574668884,1.0,2.5719282627105713,0.17919921875,2.9058895111083984,0.064453125
confirm-M-w128-d52919-s803-g05-random,confirm,M,128,52919,803,96201,5,random,0.0001,1.0,621696,0,,no_adaptation,,0.0,0.0,,False,False,4.064981460571289,4.061599254608154,4.045236587524414,0.048933230340480804,1.0,6.112320899963379,0.052734375,5.974456310272217,0.07470703125,4.064981460571289,0.04900871217250824,1.0,6.066708087921143,0.0595703125,6.079226970672607,0.0576171875,4.061599254608154,0.049061957746744156,1.0,6.0841875076293945,0.05712890625,6.051548957824707,0.0615234375
confirm-M-w128-d52919-s803-g05-random,confirm,M,128,52919,803,96201,5,random,0.0001,1.0,621696,1,0.0,,3.1220745145330567e-06,844.9954223632812,0.0,1.0,True,False,4.064981460571289,4.061599254608154,2.394855260848999,1.3721840381622314,1.0,2.8935892581939697,0.052734375,2.918792247772217,0.07470703125,2.4125444889068604,1.3744938373565674,1.0,2.9106924533843994,0.0595703125,2.9524478912353516,0.0576171875,2.4104578495025635,1.3787479400634766,1.0,2.9024243354797363,0.05712890625,2.9502005577087402,0.0615234375
confirm-M-w128-d52919-s803-g05-random,confirm,M,128,52919,803,96201,5,random,0.0001,1.0,621696,3,0.0085468996566824,,5.360361106698992e-06,901.2621124982834,0.0,1.0,False,False,4.064981460571289,4.061599254608154,2.284959316253662,0.8648138046264648,1.0,2.9118075370788574,0.052734375,3.078256368637085,0.07470703125,2.3332183361053467,0.8778265714645386,1.0,2.9560506343841553,0.0595703125,3.1657772064208984,0.0576171875,2.322667121887207,0.8789687752723694,1.0,2.9367575645446777,0.05712890625,3.1522748470306396,0.0615234375
confirm-M-w128-d52919-s803-g05-random,confirm,M,128,52919,803,96201,5,random,0.0001,1.0,621696,5,0.013842915687779372,,9.984264639563415e-06,934.0384442806244,0.0,1.0,False,False,4.064981460571289,4.061599254608154,2.220942974090576,0.7636566758155823,1.0,2.822941780090332,0.05322265625,3.076230525970459,0.07470703125,2.2804250717163086,0.7797514200210571,1.0,2.880126953125,0.0595703125,3.1813974380493164,0.0576171875,2.270131826400757,0.7772185206413269,1.0,2.8607325553894043,0.05712890625,3.1724445819854736,0.0615234375
confirm-M-w128-d52919-s803-g05-random,confirm,M,128,52919,803,96201,5,random,0.0001,1.0,621696,10,0.020559872075549955,,1.477713267881871e-05,1005.6784493923187,0.0,0.99375,False,False,4.064981460571289,4.061599254608154,2.0810210704803467,0.5107691287994385,0.99951171875,2.7686705589294434,0.05615234375,2.963623523712158,0.07568359375,2.1603591442108154,0.5479459762573242,1.0,2.862089157104492,0.060546875,3.071042776107788,0.05859375,2.154874086380005,0.5426387786865234,0.9990234375,2.843177318572998,0.05810546875,3.078805685043335,0.06103515625
confirm-M-w128-d52919-s803-g05-random,confirm,M,128,52919,803,96201,5,random,0.0001,1.0,621696,20,0.04369148328272496,,5.605730402324758e-05,1088.7895743846893,0.0,0.996875,False,False,4.064981460571289,4.061599254608154,1.9186946153640747,0.28275781869888306,0.99267578125,2.58828067779541,0.1533203125,2.8850455284118652,0.09765625,2.0902953147888184,0.3258924186229706,0.982421875,2.8554370403289795,0.0927734375,3.0895566940307617,0.060546875,2.082188606262207,0.315164715051651,0.98876953125,2.832745313644409,0.099609375,3.098655939102173,0.0556640625
confirm-M-w128-d52919-s803-g05-random,confirm,M,128,52919,803,96201,5,random,0.0001,1.0,621696,30,0.0951599752350328,,0.00016431256582483407,1116.4576779603958,0.0,0.9979166666666667,False,False,4.064981460571289,4.061599254608154,1.8646553754806519,0.16010944545269012,0.99609375,2.4967663288116455,0.27587890625,2.9370903968811035,0.16748046875,2.22861647605896,0.19322624802589417,0.9912109375,3.0845253467559814,0.1357421875,3.408097743988037,0.0576171875,2.231734275817871,0.18585404753684998,0.99169921875,3.070436954498291,0.13232421875,3.4389119148254395,0.06982421875
confirm-M-w128-d52919-s803-g05-uniform,confirm,M,128,52919,803,96201,5,uniform,0.0001,1.0,621696,0,,no_adaptation,,0.0,0.0,,False,False,4.064981460571289,4.061599254608154,4.045236587524414,0.048933230340480804,1.0,6.112320899963379,0.052734375,5.974456310272217,0.07470703125,4.064981460571289,0.04900871217250824,1.0,6.066708087921143,0.0595703125,6.079226970672607,0.0576171875,4.061599254608154,0.049061957746744156,1.0,6.0841875076293945,0.05712890625,6.051548957824707,0.0615234375
confirm-M-w128-d52919-s803-g05-uniform,confirm,M,128,52919,803,96201,5,uniform,0.0001,1.0,621696,1,,constant_weights,,852.0942116975784,0.0,1.0,False,False,4.064981460571289,4.061599254608154,2.380990505218506,1.3351666927337646,1.0,2.8840651512145996,0.052734375,2.923739194869995,0.07470703125,2.3985564708709717,1.3413641452789307,1.0,2.8919599056243896,0.0595703125,2.962345600128174,0.0576171875,2.396019697189331,1.3445574045181274,1.0,2.8861899375915527,0.05712890625,2.9573113918304443,0.0615234375
confirm-M-w128-d52919-s803-g05-uniform,confirm,M,128,52919,803,96201,5,uniform,0.0001,1.0,621696,3,,constant_weights,,937.4911240339279,0.0,1.0,False,False,4.064981460571289,4.061599254608154,2.2141995429992676,0.7810986042022705,1.0,2.8109889030456543,0.052734375,3.050510883331299,0.07470703125,2.2668139934539795,0.7978901267051697,1.0,2.8492114543914795,0.0595703125,3.1533403396606445,0.0576171875,2.263741970062256,0.7957941293716431,1.0,2.844588279724121,0.05712890625,3.1508431434631348,0.0615234375
confirm-M-w128-d52919-s803-g05-uniform,confirm,M,128,52919,803,96201,5,uniform,0.0001,1.0,621696,5,,constant_weights,,1001.5008573532104,0.0,1.0,False,False,4.064981460571289,4.061599254608154,2.0891804695129395,0.6312518119812012,1.0,2.7022643089294434,0.052734375,2.934025287628174,0.07470703125,2.1512017250061035,0.6593334674835205,1.0,2.760207176208496,0.0595703125,3.034064531326294,0.0576171875,2.1504616737365723,0.6560589075088501,1.0,2.7608165740966797,0.05712890625,3.0345094203948975,0.0615234375
confirm-M-w128-d52919-s803-g05-uniform,confirm,M,128,52919,803,96201,5,uniform,0.0001,1.0,621696,10,,constant_weights,,1114.1889814138412,0.0,1.0,False,False,4.064981460571289,4.061599254608154,1.8690863847732544,0.1694411337375641,1.0,2.645556926727295,0.0537109375,2.7922611236572266,0.07470703125,1.92803955078125,0.1883966028690338,1.0,2.712136745452881,0.060546875,2.88358473777771,0.0576171875,1.928900957107544,0.18764309585094452,1.0,2.711991786956787,0.05810546875,2.887068510055542,0.0615234375
confirm-M-w128-d52919-s803-g05-uniform,confirm,M,128,52919,803,96201,5,uniform,0.0001,1.0,621696,20,,constant_weights,,1239.8437416553497,0.0,0.99375,False,False,4.064981460571289,4.061599254608154,1.6236671209335327,0.07192395627498627,1.0,2.0680274963378906,0.3134765625,2.7310495376586914,0.09423828125,1.8067901134490967,0.080356165766716,1.0,2.4811201095581055,0.1796875,2.858893871307373,0.06640625,1.8084439039230347,0.07868052273988724,1.0,2.4727938175201416,0.17529296875,2.8738574981689453,0.06787109375
confirm-M-w128-d52919-s803-g05-uniform,confirm,M,128,52919,803,96201,5,uniform,0.0001,1.0,621696,30,,constant_weights,,1318.3125371932983,0.0,0.9958333333333333,False,False,4.064981460571289,4.061599254608154,1.4704077243804932,0.06304342299699783,1.0,1.6836212873458862,0.48095703125,2.664557933807373,0.125,1.8456677198410034,0.06964011490345001,1.0,2.5944254398345947,0.1669921875,2.8729376792907715,0.064453125,1.8348267078399658,0.06766698509454727,1.0,2.536803722381592,0.18017578125,2.9000093936920166,0.06494140625
confirm-M-w128-d55049-s801-g04-random,confirm,M,128,55049,801,96202,4,random,0.0001,0.1,621696,0,,no_adaptation,,0.0,0.0,,False,False,4.010738849639893,4.003748893737793,3.9992361068725586,0.050453655421733856,1.0,5.897344589233398,0.0771484375,6.049910068511963,0.05859375,4.010738849639893,0.050359196960926056,1.0,5.91115665435791,0.0751953125,6.070702075958252,0.0556640625,4.003748893737793,0.050323259085416794,1.0,5.955224990844727,0.06884765625,6.005699157714844,0.06298828125
confirm-M-w128-d55049-s801-g04-random,confirm,M,128,55049,801,96202,4,random,0.0001,0.1,621696,1,0.007672177150176974,,4.761575715351892e-06,825.2876169681549,0.0,1.0,False,False,4.010738849639893,4.003748893737793,2.3873462677001953,1.352256417274475,1.0,2.8605282306671143,0.0771484375,2.949254035949707,0.05859375,2.39890718460083,1.3584959506988525,1.0,2.877955436706543,0.0751953125,2.9602696895599365,0.0556640625,2.3969433307647705,1.3555243015289307,1.0,2.885249614715576,0.06884765625,2.9500558376312256,0.06298828125
confirm-M-w128-d55049-s801-g04-random,confirm,M,128,55049,801,96202,4,random,0.0001,0.1,621696,3,0.014394295811737283,,1.1670832204318712e-05,871.6137635707855,0.0,1.0,False,False,4.010738849639893,4.003748893737793,2.296865463256836,0.9189707636833191,1.0,2.861595630645752,0.0771484375,3.110030174255371,0.05859375,2.3266396522521973,0.9285197854042053,1.0,2.9055898189544678,0.0751953125,3.1458091735839844,0.0556640625,2.331864833831787,0.9281812906265259,1.0,2.922452926635742,0.06884765625,3.144960403442383,0.06298828125
confirm-M-w128-d55049-s801-g04-random,confirm,M,128,55049,801,96202,4,random,0.0001,0.1,621696,5,0.01992480065961047,,1.9794088550985518e-05,898.5955166816711,0.0,1.0,False,False,4.010738849639893,4.003748893737793,2.244166851043701,0.7839670777320862,1.0,2.817598819732666,0.0771484375,3.130934238433838,0.05859375,2.289672613143921,0.7955502867698669,1.0,2.8920650482177734,0.0751953125,3.1814026832580566,0.0556640625,2.3005564212799072,0.8004027605056763,1.0,2.9020113945007324,0.06884765625,3.19925594329834,0.06298828125
confirm-M-w128-d55049-s801-g04-random,confirm,M,128,55049,801,96202,4,random,0.0001,0.1,621696,10,0.02299998698300324,,2.6326784187452585e-05,987.9352991580963,0.0,1.0,False,False,4.010738849639893,4.003748893737793,2.0696749687194824,0.480973482131958,0.998046875,2.744453191757202,0.0810546875,2.983598470687866,0.064453125,2.139616012573242,0.5259621143341064,0.99609375,2.8339338302612305,0.0791015625,3.0589518547058105,0.0537109375,2.136704444885254,0.5019558668136597,0.99755859375,2.839812755584717,0.07275390625,3.0683445930480957,0.0654296875
confirm-M-w128-d55049-s801-g04-random,confirm,M,128,55049,801,96202,4,random,0.0001,0.1,621696,20,0.041023727851087224,,6.369771723913357e-05,1088.7078346014023,0.0,1.0,False,False,4.010738849639893,4.003748893737793,1.8728536367416382,0.20836716890335083,0.99365234375,2.5629665851593018,0.16357421875,2.847226619720459,0.10302734375,2.0201289653778076,0.2449893057346344,0.9873046875,2.7909374237060547,0.1181640625,3.0244603157043457,0.05859375,2.0299720764160156,0.2389030158519745,0.98828125,2.8058412075042725,0.1103515625,3.0451722145080566,0.06396484375
confirm-M-w128-d55049-s801-g04-random,confirm,M,128,55049,801,96202,4,random,0.0001,0.1,621696,30,0.10029181796288214,,0.00019001925145838632,1114.5767612457275,0.0,1.0,False,False,4.010738849639893,4.003748893737793,1.8223283290863037,0.13006988167762756,0.99609375,2.4545607566833496,0.2802734375,2.882354259490967,0.1689453125,2.2057180404663086,0.15431523323059082,0.9951171875,3.0553395748138428,0.119140625,3.4074995517730713,0.0478515625,2.210221529006958,0.15331248939037323,0.99560546875,3.0407798290252686,0.1240234375,3.436572551727295,0.060546875
confirm-M-w128-d55049-s801-g04-uniform,confirm,M,128,55049,801,96202,4,uniform,0.0001,0.1,621696,0,,no_adaptation,,0.0,0.0,,False,False,4.010738849639893,4.003748893737793,3.9992361068725586,0.050453655421733856,1.0,5.897344589233398,0.0771484375,6.049910068511963,0.05859375,4.010738849639893,0.050359196960926056,1.0,5.91115665435791,0.0751953125,6.070702075958252,0.0556640625,4.003748893737793,0.050323259085416794,1.0,5.955224990844727,0.06884765625,6.005699157714844,0.06298828125
confirm-M-w128-d55049-s801-g04-uniform,confirm,M,128,55049,801,96202,4,uniform,0.0001,0.1,621696,1,,constant_weights,,828.154040813446,0.0,1.0,False,False,4.010738849639893,4.003748893737793,2.3817479610443115,1.3227459192276,1.0,2.8616485595703125,0.0771484375,2.960848808288574,0.05859375,2.3954195976257324,1.3260360956192017,1.0,2.890523910522461,0.0751953125,2.9696991443634033,0.0556640625,2.3938772678375244,1.332727074623108,1.0,2.8868141174316406,0.06884765625,2.962090492248535,0.06298828125
confirm-M-w128-d55049-s801-g04-uniform,confirm,M,128,55049,801,96202,4,uniform,0.0001,0.1,621696,3,,constant_weights,,899.7541193962097,0.0,1.0,False,False,4.010738849639893,4.003748893737793,2.241903781890869,0.8252273201942444,1.0,2.810020685195923,0.0771484375,3.090463399887085,0.05859375,2.288874387741089,0.8376330137252808,1.0,2.876086950302124,0.0751953125,3.1529030799865723,0.0556640625,2.291186809539795,0.8477717638015747,1.0,2.88196063041687,0.06884765625,3.143828868865967,0.06298828125
confirm-M-w128-d55049-s801-g04-uniform,confirm,M,128,55049,801,96202,4,uniform,0.0001,0.1,621696,5,,constant_weights,,961.6379095315933,0.0,1.0,False,False,4.010738849639893,4.003748893737793,2.121037006378174,0.6138085722923279,1.0,2.734100103378296,0.0771484375,3.0152029991149902,0.05859375,2.1747093200683594,0.6379633545875549,1.0,2.806401252746582,0.0751953125,3.079763889312744,0.0556640625,2.1776418685913086,0.6282499432563782,1.0,2.821519136428833,0.06884765625,3.083155870437622,0.06298828125
confirm-M-w128-d55049-s801-g04-uniform,confirm,M,128,55049,801,96202,4,uniform,0.0001,0.1,621696,10,,constant_weights,,1090.3567572832108,0.0,1.0,False,False,4.010738849639893,4.003748893737793,1.8696330785751343,0.15798591077327728,1.0,2.641482353210449,0.07958984375,2.8094305992126465,0.05859375,1.9185607433319092,0.17688244581222534,1.0,2.715935707092285,0.076171875,2.8628642559051514,0.0537109375,1.9194040298461914,0.1792600154876709,1.0,2.715243101119995,0.06884765625,2.86370849609375,0.0634765625
confirm-M-w128-d55049-s801-g04-uniform,confirm,M,128,55049,801,96202,4,uniform,0.0001,0.1,621696,20,,constant_weights,,1192.7608680725098,0.0,0.990625,False,False,4.010738849639893,4.003748893737793,1.6696250438690186,0.0639275312423706,1.0,2.2064521312713623,0.25048828125,2.738495349884033,0.1015625,1.8471615314483643,0.07052931189537048,1.0,2.6114349365234375,0.1416015625,2.8595199584960938,0.068359375,1.8469947576522827,0.06981048732995987,1.0,2.596752166748047,0.1484375,2.8744215965270996,0.06201171875
confirm-M-w128-d55049-s801-g04-uniform,confirm,M,128,55049,801,96202,4,uniform,0.0001,0.1,621696,30,,constant_weights,,1296.7276109457016,0.0,0.99375,False,False,4.010738849639893,4.003748893737793,1.4665650129318237,0.048053186386823654,1.0,1.7026766538619995,0.45068359375,2.6489648818969727,0.13525390625,1.8926115036010742,0.05111083760857582,1.0,2.73390793800354,0.140625,2.8928160667419434,0.0654296875,1.880469560623169,0.05326803773641586,0.9990234375,2.657700777053833,0.17431640625,2.9304394721984863,0.07421875
confirm-M-w128-d55049-s801-g05-random,confirm,M,128,55049,801,96202,5,random,0.0001,1.0,621696,0,,no_adaptation,,0.0,0.0,,False,False,4.010738849639893,4.003748893737793,3.9992361068725586,0.050453655421733856,1.0,5.897344589233398,0.0771484375,6.049910068511963,0.05859375,4.010738849639893,0.050359196960926056,1.0,5.91115665435791,0.0751953125,6.070702075958252,0.0556640625,4.003748893737793,0.050323259085416794,1.0,5.955224990844727,0.06884765625,6.005699157714844,0.06298828125
confirm-M-w128-d55049-s801-g05-random,confirm,M,128,55049,801,96202,5,random,0.0001,1.0,621696,1,0.0076727300089359084,,4.761611192259759e-06,825.0785675048828,0.0,1.0,False,False,4.010738849639893,4.003748893737793,2.387754440307617,1.353502869606018,1.0,2.8605234622955322,0.0771484375,2.94923734664917,0.05859375,2.3993256092071533,1.3597326278686523,1.0,2.877987861633301,0.0751953125,2.9602560997009277,0.0556640625,2.397371292114258,1.3567981719970703,1.0,2.885241985321045,0.06884765625,2.950073480606079,0.06298828125
confirm-M-w128-d55049-s801-g05-random,confirm,M,128,55049,801,96202,5,random,0.0001,1.0,621696,3,0.014394683319390273,,1.1669839861253956e-05,871.2712044715881,0.0,1.0,False,False,4.010738849639893,4.003748893737793,2.297534704208374,0.9206451773643494,1.0,2.8615036010742188,0.0771484375,3.110454797744751,0.05859375,2.3272483348846436,0.930151641368866,1.0,2.905534267425537,0.0751953125,3.146059274673462,0.0556640625,2.3325388431549072,0.9298524856567383,1.0,2.922431230545044,0.06884765625,3.1453332901000977,0.06298828125
confirm-M-w128-d55049-s801-g05-random,confirm,M,128,55049,801,96202,5,random,0.0001,1.0,621696,5,0.01990572628592832,,1.9775074899076836e-05,897.8196437358856,0.0,1.0,False,False,4.010738849639893,4.003748893737793,2.2456820011138916,0.7887074947357178,1.0,2.8174641132354736,0.0771484375,3.1308743953704834,0.05859375,2.2910540103912354,0.8003324270248413,1.0,2.891636371612549,0.0751953125,3.181192398071289,0.0556640625,2.301943302154541,0.8051061630249023,1.0,2.9018049240112305,0.06884765625,3.1989188194274902,0.06298828125
confirm-M-w128-d55049-s801-g05-random,confirm,M,128,55049,801,96202,5,random,0.0001,1.0,621696,10,0.0227077636408368,,2.5843000551462647e-05,985.2004424333572,0.0,1.0,False,False,4.010738849639893,4.003748893737793,2.075016498565674,0.49590522050857544,0.998046875,2.7464728355407715,0.080078125,2.9826712608337402,0.064453125,2.1438279151916504,0.5406007766723633,0.99609375,2.83402419090271,0.080078125,3.0568583011627197,0.0537109375,2.140665292739868,0.516289234161377,0.99853515625,2.8401846885681152,0.07275390625,3.065521717071533,0.06494140625
confirm-M-w128-d55049-s801-g05-random,confirm,M,128,55049,801,96202,5,random,0.0001,1.0,621696,20,0.03818205753416082,,5.782422105175038e-05,1082.4224351644516,0.0,1.0,False,False,4.010738849639893,4.003748893737793,1.8851298093795776,0.23511925339698792,0.994140625,2.5753843784332275,0.15478515625,2.84488582611084,0.09814453125,2.0211410522460938,0.27291813492774963,0.990234375,2.7827539443969727,0.1162109375,3.007751226425171,0.056640625,2.0295846462249756,0.2669779062271118,0.9892578125,2.7967653274536133,0.103515625,3.025010585784912,0.0634765625
confirm-M-w128-d55049-s801-g05-random,confirm,M,128,55049,801,96202,5,random,0.0001,1.0,621696,30,0.09205843900658484,,0.00017970231833153359,1106.8200209140778,0.0,1.0,False,False,4.010738849639893,4.003748893737793,1.8374782800674438,0.16060301661491394,0.99560546875,2.469879627227783,0.25830078125,2.8819520473480225,0.16455078125,2.1851577758789062,0.18912044167518616,0.99609375,3.0105886459350586,0.11328125,3.355764150619507,0.052734375,2.1902899742126465,0.18727311491966248,0.994140625,2.99945068359375,0.12353515625,3.3841466903686523,0.0615234375
confirm-M-w128-d55049-s801-g05-uniform,confirm,M,128,55049,801,96202,5,uniform,0.0001,1.0,621696,0,,no_adaptation,,0.0,0.0,,False,False,4.010738849639893,4.003748893737793,3.9992361068725586,0.050453655421733856,1.0,5.897344589233398,0.0771484375,6.049910068511963,0.05859375,4.010738849639893,0.050359196960926056,1.0,5.91115665435791,0.0751953125,6.070702075958252,0.0556640625,4.003748893737793,0.050323259085416794,1.0,5.955224990844727,0.06884765625,6.005699157714844,0.06298828125
confirm-M-w128-d55049-s801-g05-uniform,confirm,M,128,55049,801,96202,5,uniform,0.0001,1.0,621696,1,,constant_weights,,827.9405769109726,0.0,1.0,False,False,4.010738849639893,4.003748893737793,2.382164478302002,1.3236645460128784,1.0,2.8617935180664062,0.0771484375,2.96103572845459,0.05859375,2.395848274230957,1.3269555568695068,1.0,2.8906869888305664,0.0751953125,2.969902515411377,0.0556640625,2.3943088054656982,1.333652377128601,1.0,2.8869733810424805,0.06884765625,2.962301254272461,0.06298828125
confirm-M-w128-d55049-s801-g05-uniform,confirm,M,128,55049,801,96202,5,uniform,0.0001,1.0,621696,3,,constant_weights,,899.3511961698532,0.0,1.0,False,False,4.010738849639893,4.003748893737793,2.2426905632019043,0.8274896144866943,1.0,2.809868097305298,0.0771484375,3.090714454650879,0.05859375,2.289591073989868,0.8398699760437012,1.0,2.875843048095703,0.0751953125,3.153059959411621,0.0556640625,2.291945457458496,0.8499590158462524,1.0,2.881842613220215,0.06884765625,3.1440343856811523,0.06298828125
confirm-M-w128-d55049-s801-g05-uniform,confirm,M,128,55049,801,96202,5,uniform,0.0001,1.0,621696,5,,constant_weights,,961.0509994029999,0.0,1.0,False,False,4.010738849639893,4.003748893737793,2.122183322906494,0.6173402070999146,1.0,2.7348947525024414,0.0771484375,3.014315128326416,0.05859375,2.175407648086548,0.6415883302688599,1.0,2.8063485622406006,0.0751953125,3.078286647796631,0.0556640625,2.178224563598633,0.6313180923461914,1.0,2.8216984272003174,0.06884765625,3.0816566944122314,0.06298828125
confirm-M-w128-d55049-s801-g05-uniform,confirm,M,128,55049,801,96202,5,uniform,0.0001,1.0,621696,10,,constant_weights,,1086.1146111488342,0.0,1.0,False,False,4.010738849639893,4.003748893737793,1.8779184818267822,0.17519770562648773,1.0,2.647541046142578,0.07861328125,2.8110170364379883,0.05859375,1.9261888265609741,0.1960436999797821,1.0,2.719672679901123,0.0751953125,2.8628501892089844,0.0546875,1.9267172813415527,0.1973855346441269,1.0,2.7189722061157227,0.06884765625,2.8637940883636475,0.06298828125
confirm-M-w128-d55049-s801-g05-uniform,confirm,M,128,55049,801,96202,5,uniform,0.0001,1.0,621696,20,,constant_weights,,1183.1141468286514,0.0,0.990625,False,False,4.010738849639893,4.003748893737793,1.6884663105010986,0.0772014781832695,1.0,2.2441091537475586,0.236328125,2.7440879344940186,0.10302734375,1.852393388748169,0.08453162759542465,1.0,2.6132915019989014,0.134765625,2.859356641769409,0.064453125,1.8523610830307007,0.08368170261383057,1.0,2.599968433380127,0.1416015625,2.8734331130981445,0.06494140625
confirm-M-w128-d55049-s801-g05-uniform,confirm,M,128,55049,801,96202,5,uniform,0.0001,1.0,621696,30,,constant_weights,,1276.7827978134155,0.0,0.99375,False,False,4.010738849639893,4.003748893737793,1.5055196285247803,0.06577787548303604,1.0,1.790273666381836,0.41552734375,2.6605072021484375,0.13427734375,1.8815228939056396,0.06938903778791428,1.0,2.690450668334961,0.1533203125,2.8847293853759766,0.0693359375,1.872934103012085,0.07189470529556274,0.9990234375,2.624560594558716,0.17041015625,2.922347068786621,0.0693359375
confirm-M-w128-d55049-s802-g04-random,confirm,M,128,55049,802,96202,4,random,0.0001,0.1,621696,0,,no_adaptation,,0.0,0.0,,False,False,4.042781829833984,4.037180423736572,4.030330181121826,0.049586065113544464,1.0,5.973715782165527,0.0771484375,6.06768798828125,0.05859375,4.042781829833984,0.04961549863219261,1.0,5.990396499633789,0.0751953125,6.088334083557129,0.0556640625,4.037180423736572,0.04968094825744629,1.0,6.024587631225586,0.06884765625,6.037271976470947,0.06298828125
confirm-M-w128-d55049-s802-g04-random,confirm,M,128,55049,802,96202,4,random,0.0001,0.1,621696,1,0.004086641993887448,,2.8665790331737047e-06,834.3758481740952,0.0,1.0,False,False,4.042781829833984,4.037180423736572,2.4006896018981934,1.406970500946045,1.0,2.863100528717041,0.0771484375,2.931997776031494,0.05859375,2.408841609954834,1.4020441770553589,1.0,2.8718533515930176,0.0751953125,2.952627420425415,0.0556640625,2.408389091491699,1.4060766696929932,1.0,2.883058547973633,0.06884765625,2.9360318183898926,0.06298828125
confirm-M-w128-d55049-s802-g04-random,confirm,M,128,55049,802,96202,4,random,0.0001,0.1,621696,3,0.013027170162161136,,1.0179447147274833e-05,892.8441457748413,0.0,1.0,False,False,4.042781829833984,4.037180423736572,2.2864937782287598,0.8336455821990967,1.0,2.880490303039551,0.0771484375,3.145345687866211,0.05859375,2.3192152976989746,0.8451834917068481,1.0,2.9328386783599854,0.0751953125,3.17962384223938,0.0556640625,2.314220905303955,0.8436932563781738,1.0,2.9417219161987305,0.06884765625,3.1572470664978027,0.06298828125
confirm-M-w128-d55049-s802-g04-random,confirm,M,128,55049,802,96202,4,random,0.0001,0.1,621696,5,0.01975881479029694,,1.8141683725580908e-05,922.1389244794846,0.0,1.0,False,False,4.042781829833984,4.037180423736572,2.2292773723602295,0.7626047134399414,1.0,2.7928974628448486,0.0771484375,3.1323297023773193,0.05859375,2.2797000408172607,0.7806128263473511,1.0,2.8699846267700195,0.0751953125,3.1885030269622803,0.0556640625,2.2781810760498047,0.7801673412322998,1.0,2.8720293045043945,0.06884765625,3.182347059249878,0.06298828125
confirm-M-w128-d55049-s802-g04-random,confirm,M,128,55049,802,96202,4,random,0.0001,0.1,621696,10,0.02520291689869833,,2.635871668364996e-05,1001.2274796962738,0.0,1.0,False,False,4.042781829833984,4.037180423736572,2.0748071670532227,0.4948292076587677,0.99755859375,2.736499786376953,0.0810546875,2.993093967437744,0.06201171875,2.151038646697998,0.5501484870910645,0.994140625,2.8303983211517334,0.076171875,3.072568655014038,0.0556640625,2.144443988800049,0.5257893204689026,0.9970703125,2.8340303897857666,0.072265625,3.073512077331543,0.0634765625
confirm-M-w128-d55049-s802-g04-random,confirm,M,128,55049,802,96202,4,random,0.0001,0.1,621696,20,0.05029281221759843,,8.821519785843659e-05,1092.4528861045837,0.0,1.0,False,False,4.042781829833984,4.037180423736572,1.8966329097747803,0.20820730924606323,0.99267578125,2.5509750843048096,0.1884765625,2.9307165145874023,0.10302734375,2.0793685913085938,0.24968993663787842,0.986328125,2.850879669189453,0.1328125,3.13753604888916,0.056640625,2.092991352081299,0.24019698798656464,0.99365234375,2.8697540760040283,0.12109375,3.169023036956787,0.05908203125
confirm-M-w128-d55049-s802-g04-random,confirm,M,128,55049,802,96202,4,random,0.0001,0.1,621696,30,0.1037589530570426,,0.0001938781060753436,1125.5479671955109,0.0,1.0,False,False,4.042781829833984,4.037180423736572,1.8319941759109497,0.12227106094360352,0.9970703125,2.4530062675476074,0.2802734375,2.9207053184509277,0.17431640625,2.224445104598999,0.14722749590873718,0.99609375,3.1097030639648438,0.1279296875,3.4164044857025146,0.068359375,2.2429215908050537,0.14489136636257172,0.99560546875,3.104104995727539,0.1259765625,3.4797682762145996,0.05712890625
confirm-M-w128-d55049-s802-g04-uniform,confirm,M,128,55049,802,96202,4,uniform,0.0001,0.1,621696,0,,no_adaptation,,0.0,0.0,,False,False,4.042781829833984,4.037180423736572,4.030330181121826,0.049586065113544464,1.0,5.973715782165527,0.0771484375,6.06768798828125,0.05859375,4.042781829833984,0.04961549863219261,1.0,5.990396499633789,0.0751953125,6.088334083557129,0.0556640625,4.037180423736572,0.04968094825744629,1.0,6.024587631225586,0.06884765625,6.037271976470947,0.06298828125
confirm-M-w128-d55049-s802-g04-uniform,confirm,M,128,55049,802,96202,4,uniform,0.0001,0.1,621696,1,,constant_weights,,844.7561177015305,0.0,1.0,False,False,4.042781829833984,4.037180423736572,2.380415678024292,1.2930001020431519,1.0,2.877504348754883,0.0771484375,2.970742702484131,0.05859375,2.3870654106140137,1.289573073387146,1.0,2.8927125930786133,0.0751953125,2.9789106845855713,0.0556640625,2.3908069133758545,1.2897695302963257,1.0,2.9089722633361816,0.06884765625,2.9736790657043457,0.06298828125
confirm-M-w128-d55049-s802-g04-uniform,confirm,M,128,55049,802,96202,4,uniform,0.0001,0.1,621696,3,,constant_weights,,920.0401639938354,0.0,1.0,False,False,4.042781829833984,4.037180423736572,2.2333767414093018,0.8218228816986084,1.0,2.7930004596710205,0.0771484375,3.085306167602539,0.05859375,2.276170492172241,0.8405318856239319,1.0,2.8643789291381836,0.0751953125,3.1235997676849365,0.0556640625,2.27740216255188,0.8389054536819458,1.0,2.866596221923828,0.06884765625,3.1267049312591553,0.06298828125
confirm-M-w128-d55049-s802-g04-uniform,confirm,M,128,55049,802,96202,4,uniform,0.0001,0.1,621696,5,,constant_weights,,984.7875901460648,0.0,1.0,False,False,4.042781829833984,4.037180423736572,2.106916666030884,0.6073409914970398,1.0,2.7292346954345703,0.0771484375,2.9841742515563965,0.05859375,2.1540565490722656,0.6293052434921265,1.0,2.7977898120880127,0.0751953125,3.035074234008789,0.0556640625,2.156020402908325,0.6123733520507812,1.0,2.8055920600891113,0.06884765625,3.050095319747925,0.06298828125
confirm-M-w128-d55049-s802-g04-uniform,confirm,M,128,55049,802,96202,4,uniform,0.0001,0.1,621696,10,,constant_weights,,1102.1536192893982,0.0,1.0,False,False,4.042781829833984,4.037180423736572,1.8776861429214478,0.17471818625926971,1.0,2.6476845741271973,0.0771484375,2.8106555938720703,0.05859375,1.9331181049346924,0.21188540756702423,1.0,2.7190492153167725,0.0751953125,2.868419647216797,0.056640625,1.9304500818252563,0.19805563986301422,1.0,2.7206737995147705,0.06884765625,2.8726210594177246,0.06298828125
confirm-M-w128-d55049-s802-g04-uniform,confirm,M,128,55049,802,96202,4,uniform,0.0001,0.1,621696,20,,constant_weights,,1208.9992779493332,0.0,0.990625,False,False,4.042781829833984,4.037180423736572,1.6690033674240112,0.06720269471406937,1.0,2.2014732360839844,0.27392578125,2.7383344173431396,0.10302734375,1.8287323713302612,0.07794840633869171,0.9990234375,2.5718414783477783,0.1416015625,2.8364076614379883,0.0673828125,1.8381242752075195,0.07777484506368637,0.99951171875,2.5666871070861816,0.150390625,2.869910955429077,0.06396484375
confirm-M-w128-d55049-s802-g04-uniform,confirm,M,128,55049,802,96202,4,uniform,0.0001,0.1,621696,30,,constant_weights,,1313.2246261835098,0.0,0.99375,False,False,4.042781829833984,4.037180423736572,1.4654382467269897,0.04906826838850975,1.0,1.696566104888916,0.4677734375,2.6506803035736084,0.13818359375,1.8955447673797607,0.054329968988895416,1.0,2.7650294303894043,0.1552734375,2.867274761199951,0.0771484375,1.8929896354675293,0.05511206015944481,0.9990234375,2.7036640644073486,0.169921875,2.9201929569244385,0.0693359375
confirm-M-w128-d55049-s802-g05-random,confirm,M,128,55049,802,96202,5,random,0.0001,1.0,621696,0,,no_adaptation,,0.0,0.0,,False,False,4.042781829833984,4.037180423736572,4.030330181121826,0.049586065113544464,1.0,5.973715782165527,0.0771484375,6.06768798828125,0.05859375,4.042781829833984,0.04961549863219261,1.0,5.990396499633789,0.0751953125,6.088334083557129,0.0556640625,4.037180423736572,0.04968094825744629,1.0,6.024587631225586,0.06884765625,6.037271976470947,0.06298828125
confirm-M-w128-d55049-s802-g05-random,confirm,M,128,55049,802,96202,5,random,0.0001,1.0,621696,1,0.004089657506777904,,2.870029597836758e-06,834.1761161088943,0.0,1.0,False,False,4.042781829833984,4.037180423736572,2.4010798931121826,1.40791654586792,1.0,2.8631784915924072,0.0771484375,2.9321444034576416,0.05859375,2.4092226028442383,1.402998924255371,1.0,2.8719637393951416,0.0751953125,2.9527053833007812,0.0556640625,2.408778667449951,1.4070239067077637,1.0,2.883152961730957,0.06884765625,2.936159133911133,0.06298828125
confirm-M-w128-d55049-s802-g05-random,confirm,M,128,55049,802,96202,5,random,0.0001,1.0,621696,3,0.01303508976004222,,1.0202035533850349e-05,892.4237540960312,0.0,1.0,False,False,4.042781829833984,4.037180423736572,2.2873148918151855,0.8354647755622864,1.0,2.880582809448242,0.0771484375,3.1458969116210938,0.05859375,2.320059299468994,0.8469982147216797,1.0,2.9329915046691895,0.0751953125,3.180187702178955,0.0556640625,2.315086841583252,0.8455286622047424,1.0,2.941882371902466,0.06884765625,3.157849073410034,0.06298828125
confirm-M-w128-d55049-s802-g05-random,confirm,M,128,55049,802,96202,5,random,0.0001,1.0,621696,5,0.019718988138874842,,1.810538028857137e-05,921.3199471235275,0.0,1.0,False,False,4.042781829833984,4.037180423736572,2.230876922607422,0.7674057483673096,1.0,2.793241500854492,0.0771484375,3.131983757019043,0.05859375,2.2811176776885986,0.785382866859436,1.0,2.8699607849121094,0.0751953125,3.188009023666382,0.0556640625,2.2795605659484863,0.7847886681556702,1.0,2.8721203804016113,0.06884765625,3.1817731857299805,0.06298828125
confirm-M-w128-d55049-s802-g05-random,confirm,M,128,55049,802,96202,5,random,0.0001,1.0,621696,10,0.02485051558802273,,2.56022026187534e-05,998.3325825929642,0.0,1.0,False,False,4.042781829833984,4.037180423736572,2.0804617404937744,0.5089336037635803,0.99755859375,2.7399282455444336,0.08154296875,2.992523193359375,0.06103515625,2.155418634414673,0.5633478164672852,0.994140625,2.832390785217285,0.0751953125,3.070517063140869,0.0556640625,2.148871421813965,0.5393152236938477,0.99755859375,2.835981845855713,0.0712890625,3.071316957473755,0.0634765625
confirm-M-w128-d55049-s802-g05-random,confirm,M,128,55049,802,96202,5,random,0.0001,1.0,621696,20,0.04628752199214929,,7.774177823888669e-05,1087.9465787410736,0.0,1.0,False,False,4.042781829833984,4.037180423736572,1.9054343700408936,0.24242976307868958,0.9921875,2.558736562728882,0.18359375,2.9151365756988525,0.1005859375,2.071627378463745,0.2870989739894867,0.9873046875,2.8265929222106934,0.1240234375,3.1011900901794434,0.0576171875,2.0834484100341797,0.27631255984306335,0.99267578125,2.8457822799682617,0.1142578125,3.1282496452331543,0.05859375
confirm-M-w128-d55049-s802-g05-random,confirm,M,128,55049,802,96202,5,random,0.0001,1.0,621696,30,0.09368396567409266,,0.0001800095836062433,1121.1685103178024,0.0,1.0,False,False,4.042781829833984,4.037180423736572,1.840547800064087,0.157436341047287,0.9970703125,2.458120584487915,0.2763671875,2.9060864448547363,0.162109375,2.1880478858947754,0.18579727411270142,0.9951171875,3.040576696395874,0.126953125,3.3377697467803955,0.0625,2.2060294151306152,0.18225648999214172,0.99560546875,3.035165309906006,0.125,3.4006662368774414,0.05517578125
confirm-M-w128-d55049-s802-g05-uniform,confirm,M,128,55049,802,96202,5,uniform,0.0001,1.0,621696,0,,no_adaptation,,0.0,0.0,,False,False,4.042781829833984,4.037180423736572,4.030330181121826,0.049586065113544464,1.0,5.973715782165527,0.0771484375,6.06768798828125,0.05859375,4.042781829833984,0.04961549863219261,1.0,5.990396499633789,0.0751953125,6.088334083557129,0.0556640625,4.037180423736572,0.04968094825744629,1.0,6.024587631225586,0.06884765625,6.037271976470947,0.06298828125
confirm-M-w128-d55049-s802-g05-uniform,confirm,M,128,55049,802,96202,5,uniform,0.0001,1.0,621696,1,,constant_weights,,844.5989565849304,0.0,1.0,False,False,4.042781829833984,4.037180423736572,2.3807225227355957,1.2935051918029785,1.0,2.8776707649230957,0.0771484375,2.970991611480713,0.05859375,2.3873934745788574,1.2901027202606201,1.0,2.8929238319396973,0.0751953125,2.9791533946990967,0.0556640625,2.391130208969116,1.2902956008911133,1.0,2.9091529846191406,0.06884765625,2.973942518234253,0.06298828125
confirm-M-w128-d55049-s802-g05-uniform,confirm,M,128,55049,802,96202,5,uniform,0.0001,1.0,621696,3,,constant_weights,,919.588486790657,0.0,1.0,False,False,4.042781829833984,4.037180423736572,2.2342588901519775,0.8242534399032593,1.0,2.793001413345337,0.0771484375,3.0855207443237305,0.05859375,2.277071714401245,0.8429890871047974,1.0,2.864398956298828,0.0751953125,3.123826742172241,0.0556640625,2.2782740592956543,0.8413093090057373,1.0,2.866600751876831,0.06884765625,3.1269123554229736,0.06298828125
confirm-M-w128-d55049-s802-g05-uniform,confirm,M,128,55049,802,96202,5,uniform,0.0001,1.0,621696,5,,constant_weights,,983.8129906654358,0.0,1.0,False,False,4.042781829833984,4.037180423736572,2.1088204383850098,0.6129276156425476,1.0,2.730478286743164,0.0771484375,2.9830548763275146,0.05859375,2.1556663513183594,0.6350509524345398,1.0,2.798290967941284,0.0751953125,3.0336575508117676,0.0556640625,2.157534122467041,0.6177631616592407,1.0,2.806307554244995,0.06884765625,3.048532009124756,0.06298828125
confirm-M-w128-d55049-s802-g05-uniform,confirm,M,128,55049,802,96202,5,uniform,0.0001,1.0,621696,10,,constant_weights,,1097.7470086812973,0.0,1.0,False,False,4.042781829833984,4.037180423736572,1.8862929344177246,0.1894313097000122,1.0,2.6551642417907715,0.0771484375,2.8142831325531006,0.05859375,1.9418747425079346,0.22893887758255005,1.0,2.725220203399658,0.0751953125,2.8714654445648193,0.056640625,1.9386001825332642,0.21496236324310303,1.0,2.726597309112549,0.06884765625,2.8742406368255615,0.06298828125
confirm-M-w128-d55049-s802-g05-uniform,confirm,M,128,55049,802,96202,5,uniform,0.0001,1.0,621696,20,,constant_weights,,1199.6615335941315,0.0,0.99375,False,False,4.042781829833984,4.037180423736572,1.6872410774230957,0.08150667697191238,1.0,2.237426280975342,0.263671875,2.7427897453308105,0.0986328125,1.8326632976531982,0.0939709022641182,0.9990234375,2.5678586959838867,0.1416015625,2.836160182952881,0.0634765625,1.842706322669983,0.09258130192756653,0.99951171875,2.565999746322632,0.14892578125,2.8695383071899414,0.064453125
confirm-M-w128-d55049-s802-g05-uniform,confirm,M,128,55049,802,96202,5,uniform,0.0001,1.0,621696,30,,constant_weights,,1294.7413684129715,0.0,0.9958333333333333,False,False,4.042781829833984,4.037180423736572,1.5015381574630737,0.06732591986656189,1.0,1.7772877216339111,0.44677734375,2.660001277923584,0.1357421875,1.8836594820022583,0.07304832339286804,1.0,2.712177038192749,0.154296875,2.865752935409546,0.076171875,1.886120080947876,0.07465001940727234,0.99951171875,2.667325496673584,0.171875,2.916384696960449,0.068359375
confirm-M-w128-d55049-s803-g04-random,confirm,M,128,55049,803,96202,4,random,0.0001,0.1,621696,0,,no_adaptation,,0.0,0.0,,False,False,4.01936674118042,4.029530048370361,4.0186848640441895,0.04917868971824646,1.0,5.922995090484619,0.0771484375,6.0838823318481445,0.05859375,4.01936674118042,0.04923270642757416,1.0,5.944312572479248,0.0751953125,6.064554214477539,0.0556640625,4.029530048370361,0.049141064286231995,1.0,5.996974945068359,0.06884765625,6.042471885681152,0.06298828125
confirm-M-w128-d55049-s803-g04-random,confirm,M,128,55049,803,96202,4,random,0.0001,0.1,621696,1,0.003246264241876226,,1.3097776230923798e-05,824.2737317085266,0.0,1.0,False,False,4.01936674118042,4.029530048370361,2.408776044845581,1.4584401845932007,1.0,2.8390111923217773,0.0771484375,2.9288759231567383,0.05859375,2.412794589996338,1.4633009433746338,1.0,2.849608898162842,0.0751953125,2.925473928451538,0.0556640625,2.41229248046875,1.453003168106079,1.0,2.862311363220215,0.06884765625,2.921563148498535,0.06298828125
confirm-M-w128-d55049-s803-g04-random,confirm,M,128,55049,803,96202,4,random,0.0001,0.1,621696,3,0.010714610840378874,,2.054102959782511e-05,888.9491325616837,0.0,1.0,False,False,4.01936674118042,4.029530048370361,2.282456636428833,0.9367825984954834,1.0,2.8281466960906982,0.0771484375,3.0824403762817383,0.05859375,2.305602550506592,0.9457699656486511,1.0,2.87009334564209,0.0751953125,3.1009442806243896,0.0556640625,2.310425281524658,0.942113995552063,1.0,2.89284086227417,0.06884765625,3.0963213443756104,0.06298828125
confirm-M-w128-d55049-s803-g04-random,confirm,M,128,55049,803,96202,4,random,0.0001,0.1,621696,5,0.016726124375059548,,2.7407917774444865e-05,918.2311487197876,0.0,1.0,False,False,4.01936674118042,4.029530048370361,2.2252652645111084,0.804445743560791,1.0,2.782315254211426,0.07763671875,3.0890345573425293,0.05859375,2.260957717895508,0.8150618076324463,1.0,2.8441720008850098,0.0751953125,3.1236393451690674,0.0556640625,2.268958330154419,0.816063642501831,1.0,2.8633334636688232,0.06884765625,3.1274781227111816,0.06298828125
confirm-M-w128-d55049-s803-g04-random,confirm,M,128,55049,803,96202,4,random,0.0001,0.1,621696,10,0.024299154706893436,,3.7930367247559794e-05,993.8882077932358,0.0,1.0,False,False,4.01936674118042,4.029530048370361,2.0774974822998047,0.4859012961387634,0.99951171875,2.7636008262634277,0.0791015625,2.982990264892578,0.05810546875,2.142235279083252,0.5512650012969971,0.9970703125,2.830723285675049,0.0732421875,3.044718027114868,0.0556640625,2.1490538120269775,0.5238065123558044,0.998046875,2.871967315673828,0.06884765625,3.0513875484466553,0.06201171875
confirm-M-w128-d55049-s803-g04-random,confirm,M,128,55049,803,96202,4,random,0.0001,0.1,621696,20,0.05006989624075733,,9.301392896958374e-05,1082.896467089653,0.0,1.0,False,False,4.01936674118042,4.029530048370361,1.9036532640457153,0.22630101442337036,0.99169921875,2.578279972076416,0.18603515625,2.906378746032715,0.087890625,2.0703375339508057,0.28475672006607056,0.984375,2.845470428466797,0.12109375,3.080785036087036,0.056640625,2.076447010040283,0.254569947719574,0.990234375,2.8833770751953125,0.11328125,3.0913939476013184,0.06787109375
confirm-M-w128-d55049-s803-g04-random,confirm,M,128,55049,803,96202,4,random,0.0001,0.1,621696,30,0.10416448583573085,,0.0002170629077385854,1115.106899857521,0.0,1.0,False,False,4.01936674118042,4.029530048370361,1.8407421112060547,0.11864221096038818,0.99853515625,2.479640245437622,0.3017578125,2.9239439964294434,0.16796875,2.2153966426849365,0.14113421738147736,0.9970703125,3.0768890380859375,0.15234375,3.428166627883911,0.060546875,2.228919506072998,0.13450999557971954,0.99853515625,3.119964838027954,0.125,3.432283878326416,0.06396484375
confirm-M-w128-d55049-s803-g04-uniform,confirm,M,128,55049,803,96202,4,uniform,0.0001,0.1,621696,0,,no_adaptation,,0.0,0.0,,False,False,4.01936674118042,4.029530048370361,4.0186848640441895,0.04917868971824646,1.0,5.922995090484619,0.0771484375,6.0838823318481445,0.05859375,4.01936674118042,0.04923270642757416,1.0,5.944312572479248,0.0751953125,6.064554214477539,0.0556640625,4.029530048370361,0.049141064286231995,1.0,5.996974945068359,0.06884765625,6.042471885681152,0.06298828125
confirm-M-w128-d55049-s803-g04-uniform,confirm,M,128,55049,803,96202,4,uniform,0.0001,0.1,621696,1,,constant_weights,,836.806366443634,0.0,1.0,False,False,4.01936674118042,4.029530048370361,2.384298086166382,1.361416220664978,1.0,2.849025249481201,0.0771484375,2.9424524307250977,0.05859375,2.399376630783081,1.364391565322876,1.0,2.871885061264038,0.0751953125,2.9618537425994873,0.0556640625,2.400319814682007,1.368923306465149,1.0,2.8769419193267822,0.06884765625,2.9550940990448,0.06298828125
confirm-M-w128-d55049-s803-g04-uniform,confirm,M,128,55049,803,96202,4,uniform,0.0001,0.1,621696,3,,constant_weights,,919.2226377725601,0.0,1.0,False,False,4.01936674118042,4.029530048370361,2.2233285903930664,0.7846200466156006,1.0,2.7883825302124023,0.0771484375,3.0969834327697754,0.05859375,2.2674477100372314,0.7950553894042969,1.0,2.866770029067993,0.0751953125,3.1405177116394043,0.0556640625,2.2734014987945557,0.8055132627487183,1.0,2.8704113960266113,0.06884765625,3.144279956817627,0.06298828125
confirm-M-w128-d55049-s803-g04-uniform,confirm,M,128,55049,803,96202,4,uniform,0.0001,0.1,621696,5,,constant_weights,,981.7453503608704,0.0,1.0,False,False,4.01936674118042,4.029530048370361,2.1012139320373535,0.5892257690429688,1.0,2.7279810905456543,0.0771484375,2.9864349365234375,0.05859375,2.1498637199401855,0.6167054176330566,1.0,2.799014091491699,0.0751953125,3.03387188911438,0.0556640625,2.148737668991089,0.591716468334198,1.0,2.8098504543304443,0.06884765625,3.0446462631225586,0.06298828125
confirm-M-w128-d55049-s803-g04-uniform,confirm,M,128,55049,803,96202,4,uniform,0.0001,0.1,621696,10,,constant_weights,,1102.4386502504349,0.0,1.0,False,False,4.01936674118042,4.029530048370361,1.8654848337173462,0.15023334324359894,1.0,2.6308963298797607,0.07861328125,2.8153252601623535,0.0595703125,1.9168224334716797,0.17235657572746277,1.0,2.7117974758148193,0.0771484375,2.8663132190704346,0.0556640625,1.9169148206710815,0.16326621174812317,1.0,2.716968297958374,0.0693359375,2.8705098628997803,0.0634765625
confirm-M-w128-d55049-s803-g04-uniform,confirm,M,128,55049,803,96202,4,uniform,0.0001,0.1,621696,20,,constant_weights,,1207.032134771347,0.0,0.990625,False,False,4.01936674118042,4.029530048370361,1.6612006425857544,0.059741005301475525,1.0,2.184208393096924,0.2607421875,2.7396528720855713,0.0830078125,1.8205068111419678,0.06394893676042557,1.0,2.5636649131774902,0.1455078125,2.833906650543213,0.0595703125,1.822644591331482,0.06554629653692245,1.0,2.555421829223633,0.1748046875,2.8469653129577637,0.06591796875
confirm-M-w128-d55049-s803-g04-uniform,confirm,M,128,55049,803,96202,4,uniform,0.0001,0.1,621696,30,,constant_weights,,1314.5817903280258,0.0,0.99375,False,False,4.01936674118042,4.029530048370361,1.4511429071426392,0.04641607031226158,1.0,1.6508710384368896,0.48583984375,2.656141519546509,0.12890625,1.8663222789764404,0.05054991692304611,1.0,2.6705188751220703,0.173828125,2.8778984546661377,0.0537109375,1.8758207559585571,0.049824200570583344,1.0,2.6806845664978027,0.158203125,2.8969533443450928,0.06689453125
confirm-M-w128-d55049-s803-g05-random,confirm,M,128,55049,803,96202,5,random,0.0001,1.0,621696,0,,no_adaptation,,0.0,0.0,,False,False,4.01936674118042,4.029530048370361,4.0186848640441895,0.04917868971824646,1.0,5.922995090484619,0.0771484375,6.0838823318481445,0.05859375,4.01936674118042,0.04923270642757416,1.0,5.944312572479248,0.0751953125,6.064554214477539,0.0556640625,4.029530048370361,0.049141064286231995,1.0,5.996974945068359,0.06884765625,6.042471885681152,0.06298828125
confirm-M-w128-d55049-s803-g05-random,confirm,M,128,55049,803,96202,5,random,0.0001,1.0,621696,1,0.0032441894707946365,,1.3114454544142131e-05,824.0457735061646,0.0,1.0,False,False,4.01936674118042,4.029530048370361,2.4092209339141846,1.4597114324569702,1.0,2.8390798568725586,0.0771484375,2.9288716316223145,0.05859375,2.4132602214813232,1.4645832777023315,1.0,2.8496737480163574,0.0751953125,2.9255239963531494,0.0556640625,2.412755012512207,1.4542707204818726,1.0,2.862347364425659,0.06884765625,2.921647071838379,0.06298828125
confirm-M-w128-d55049-s803-g05-random,confirm,M,128,55049,803,96202,5,random,0.0001,1.0,621696,3,0.01073369240004795,,2.055749328226437e-05,888.4666955471039,0.0,1.0,False,False,4.01936674118042,4.029530048370361,2.2833988666534424,0.9390043020248413,1.0,2.8283023834228516,0.0771484375,3.0828895568847656,0.05859375,2.3065223693847656,0.9480009078979492,1.0,2.8701908588409424,0.0751953125,3.101374864578247,0.0556640625,2.3113486766815186,0.9442344307899475,1.0,2.8929688930511475,0.06884765625,3.0968432426452637,0.06298828125
confirm-M-w128-d55049-s803-g05-random,confirm,M,128,55049,803,96202,5,random,0.0001,1.0,621696,5,0.01672159509388666,,2.7377708598006242e-05,917.4003690481186,0.0,1.0,False,False,4.01936674118042,4.029530048370361,2.2268877029418945,0.8083372116088867,1.0,2.7828667163848877,0.0771484375,3.089459180831909,0.05859375,2.262422561645508,0.8190116882324219,1.0,2.8443961143493652,0.0751953125,3.1238598823547363,0.0556640625,2.2704572677612305,0.8198082447052002,1.0,2.863680362701416,0.06884765625,3.127883195877075,0.06298828125
confirm-M-w128-d55049-s803-g05-random,confirm,M,128,55049,803,96202,5,random,0.0001,1.0,621696,10,0.023997689724200216,,3.733075980057796e-05,990.791600227356,0.0,1.0,False,False,4.01936674118042,4.029530048370361,2.083545684814453,0.5023634433746338,1.0,2.765876054763794,0.07861328125,2.9823973178863525,0.05810546875,2.147324562072754,0.5676285624504089,0.998046875,2.8315305709838867,0.07421875,3.0428152084350586,0.056640625,2.153998613357544,0.5403680801391602,0.99853515625,2.8722660541534424,0.06884765625,3.0493617057800293,0.06201171875
confirm-M-w128-d55049-s803-g05-random,confirm,M,128,55049,803,96202,5,random,0.0001,1.0,621696,20,0.04622600537453721,,8.419151774312113e-05,1078.4251013994217,0.0,1.0,False,False,4.01936674118042,4.029530048370361,1.9123862981796265,0.2599666118621826,0.99169921875,2.582425117492676,0.17578125,2.8947672843933105,0.08642578125,2.0647785663604736,0.32082486152648926,0.9853515625,2.8221986293792725,0.1171875,3.051312208175659,0.056640625,2.0717546939849854,0.29076796770095825,0.99072265625,2.8618292808532715,0.10888671875,3.062666893005371,0.0703125
confirm-M-w128-d55049-s803-g05-random,confirm,M,128,55049,803,96202,5,random,0.0001,1.0,621696,30,0.09443965951326173,,0.00019859993205050068,1113.6455075740814,0.0,1.0,False,False,4.01936674118042,4.029530048370361,1.8435965776443481,0.15316283702850342,0.99658203125,2.477719783782959,0.29345703125,2.899907112121582,0.1630859375,2.177368402481079,0.17817065119743347,0.99609375,3.009549379348755,0.1484375,3.3443853855133057,0.0625,2.1907236576080322,0.1695818454027176,0.9990234375,3.0479462146759033,0.12060546875,3.354642391204834,0.06396484375
confirm-M-w128-d55049-s803-g05-uniform,confirm,M,128,55049,803,96202,5,uniform,0.0001,1.0,621696,0,,no_adaptation,,0.0,0.0,,False,False,4.01936674118042,4.029530048370361,4.0186848640441895,0.04917868971824646,1.0,5.922995090484619,0.0771484375,6.0838823318481445,0.05859375,4.01936674118042,0.04923270642757416,1.0,5.944312572479248,0.0751953125,6.064554214477539,0.0556640625,4.029530048370361,0.049141064286231995,1.0,5.996974945068359,0.06884765625,6.042471885681152,0.06298828125
confirm-M-w128-d55049-s803-g05-uniform,confirm,M,128,55049,803,96202,5,uniform,0.0001,1.0,621696,1,,constant_weights,,836.6348561048508,0.0,1.0,False,False,4.01936674118042,4.029530048370361,2.3846330642700195,1.3620028495788574,1.0,2.8491928577423096,0.0771484375,2.9427027702331543,0.05859375,2.3997151851654053,1.3649930953979492,1.0,2.8720598220825195,0.0751953125,2.962092876434326,0.0556640625,2.400653600692749,1.3694959878921509,1.0,2.8771142959594727,0.06884765625,2.955350399017334,0.06298828125
confirm-M-w128-d55049-s803-g05-uniform,confirm,M,128,55049,803,96202,5,uniform,0.0001,1.0,621696,3,,constant_weights,,918.7077902555466,0.0,1.0,False,False,4.01936674118042,4.029530048370361,2.224334239959717,0.7867255210876465,1.0,2.7886533737182617,0.0771484375,3.097623825073242,0.05859375,2.2684171199798584,0.7971832752227783,1.0,2.866943359375,0.0751953125,3.141124725341797,0.0556640625,2.2743799686431885,0.8075305223464966,1.0,2.8706483840942383,0.06884765625,3.144960641860962,0.06298828125
confirm-M-w128-d55049-s803-g05-uniform,confirm,M,128,55049,803,96202,5,uniform,0.0001,1.0,621696,5,,constant_weights,,980.9610060453415,0.0,1.0,False,False,4.01936674118042,4.029530048370361,2.10274600982666,0.5931732058525085,1.0,2.7293314933776855,0.0771484375,2.9857330322265625,0.05859375,2.1510260105133057,0.6212000846862793,1.0,2.799419403076172,0.0751953125,3.0324583053588867,0.0556640625,2.1497108936309814,0.595343291759491,1.0,2.810516834259033,0.06884765625,3.0432724952697754,0.06298828125
confirm-M-w128-d55049-s803-g05-uniform,confirm,M,128,55049,803,96202,5,uniform,0.0001,1.0,621696,10,,constant_weights,,1097.5569825172424,0.0,1.0,False,False,4.01936674118042,4.029530048370361,1.8750194311141968,0.16712713241577148,1.0,2.638573408126831,0.078125,2.819357395172119,0.05908203125,1.926584243774414,0.19108301401138306,1.0,2.7181148529052734,0.076171875,2.8705554008483887,0.0576171875,1.9260190725326538,0.18083064258098602,1.0,2.7230944633483887,0.0693359375,2.874131679534912,0.0634765625
confirm-M-w128-d55049-s803-g05-uniform,confirm,M,128,55049,803,96202,5,uniform,0.0001,1.0,621696,20,,constant_weights,,1199.5891882181168,0.0,0.990625,False,False,4.01936674118042,4.029530048370361,1.6757376194000244,0.07323794811964035,1.0,2.2118728160858154,0.25634765625,2.7421023845672607,0.08203125,1.8241558074951172,0.07820045948028564,1.0,2.5606882572174072,0.154296875,2.8335790634155273,0.0615234375,1.826313853263855,0.07990046590566635,1.0,2.5519399642944336,0.17333984375,2.8471014499664307,0.06494140625
confirm-M-w128-d55049-s803-g05-uniform,confirm,M,128,55049,803,96202,5,uniform,0.0001,1.0,621696,30,,constant_weights,,1295.536144375801,0.0,0.99375,False,False,4.01936674118042,4.029530048370361,1.4883413314819336,0.06447400152683258,1.0,1.7358218431472778,0.45654296875,2.6647281646728516,0.12939453125,1.8608072996139526,0.06902045011520386,1.0,2.641336441040039,0.1689453125,2.8720645904541016,0.0556640625,1.869032382965088,0.06842458248138428,1.0,2.6496188640594482,0.1591796875,2.889054298400879,0.0673828125
confirm-M-w128-d57163-s801-g04-random,confirm,M,128,57163,801,96203,4,random,0.0001,0.1,621696,0,,no_adaptation,,0.0,0.0,,False,False,4.009182929992676,3.97849178314209,4.041644096374512,0.04981957748532295,1.0,5.992993354797363,0.07080078125,6.082119941711426,0.0546875,4.009182929992676,0.04979570209980011,1.0,5.943045139312744,0.080078125,6.0347089767456055,0.05859375,3.97849178314209,0.04991176724433899,1.0,5.886079788208008,0.0859375,5.999484062194824,0.06640625
confirm-M-w128-d57163-s801-g04-random,confirm,M,128,57163,801,96203,4,random,0.0001,0.1,621696,1,0.001295031728742234,,9.683278972115897e-06,837.8955332040787,0.0,1.0,False,False,4.009182929992676,3.97849178314209,2.4051294326782227,1.420287847518921,1.0,2.8613128662109375,0.07080078125,2.9337873458862305,0.0546875,2.401649236679077,1.4223040342330933,1.0,2.854646921157837,0.080078125,2.92799711227417,0.05859375,2.395519733428955,1.423335313796997,1.0,2.843715190887451,0.0859375,2.919508695602417,0.06640625
confirm-M-w128-d57163-s801-g04-random,confirm,M,128,57163,801,96203,4,random,0.0001,0.1,621696,3,0.009602319271190422,,1.7294839513828518e-05,895.6547756195068,0.0,1.0,False,False,4.009182929992676,3.97849178314209,2.292318344116211,0.8955292701721191,1.0,2.8675520420074463,0.07080078125,3.1138739585876465,0.0546875,2.3153252601623535,0.9106004238128662,1.0,2.894217014312744,0.080078125,3.1411590576171875,0.05859375,2.298426389694214,0.8934940099716187,1.0,2.8710269927978516,0.0859375,3.130758285522461,0.06640625
confirm-M-w128-d57163-s801-g04-random,confirm,M,128,57163,801,96203,4,random,0.0001,0.1,621696,5,0.015191761127789947,,2.7878497636611453e-05,923.1610009670258,0.0,1.0,False,False,4.009182929992676,3.97849178314209,2.2385952472686768,0.8190702199935913,1.0,2.779571056365967,0.07080078125,3.1171445846557617,0.0546875,2.278383731842041,0.8455995321273804,1.0,2.8318023681640625,0.080078125,3.157749891281128,0.05859375,2.267429828643799,0.8156417608261108,1.0,2.8165483474731445,0.0859375,3.1700994968414307,0.06640625
confirm-M-w128-d57163-s801-g04-random,confirm,M,128,57163,801,96203,4,random,0.0001,0.1,621696,10,0.021212029898286418,,4.03453900049248e-05,1002.1219590902328,0.0,1.0,False,False,4.009182929992676,3.97849178314209,2.0843746662139893,0.501177966594696,0.99853515625,2.7428956031799316,0.07421875,3.0090503692626953,0.05712890625,2.137511968612671,0.5325039625167847,0.9990234375,2.825193405151367,0.08203125,3.0548386573791504,0.0595703125,2.1414241790771484,0.5250481963157654,1.0,2.8336286544799805,0.08544921875,3.065595865249634,0.0654296875
confirm-M-w128-d57163-s801-g04-random,confirm,M,128,57163,801,96203,4,random,0.0001,0.1,621696,20,0.037791826575355625,,7.60834863747345e-05,1103.8286678791046,0.0,1.0,False,False,4.009182929992676,3.97849178314209,1.8857287168502808,0.26585841178894043,0.9931640625,2.535475730895996,0.17724609375,2.8558523654937744,0.0986328125,2.02138614654541,0.3135316073894501,0.9912109375,2.7307686805725098,0.1162109375,3.0198588371276855,0.05859375,2.0265731811523438,0.306365042924881,0.99267578125,2.7599711418151855,0.1123046875,3.013382911682129,0.064453125
confirm-M-w128-d57163-s801-g04-random,confirm,M,128,57163,801,96203,4,random,0.0001,0.1,621696,30,0.081446174004167,,0.00019907627977526837,1144.4135588407516,0.0,1.0,False,False,4.009182929992676,3.97849178314209,1.806461215019226,0.12758083641529083,0.99609375,2.4158151149749756,0.283203125,2.875988245010376,0.15966796875,2.1362154483795166,0.15167199075222015,0.9951171875,2.933870792388916,0.140625,3.323103427886963,0.06640625,2.1484503746032715,0.14722593128681183,0.99853515625,2.9916040897369385,0.12939453125,3.306520462036133,0.064453125
confirm-M-w128-d57163-s801-g04-uniform,confirm,M,128,57163,801,96203,4,uniform,0.0001,0.1,621696,0,,no_adaptation,,0.0,0.0,,False,False,4.009182929992676,3.97849178314209,4.041644096374512,0.04981957748532295,1.0,5.992993354797363,0.07080078125,6.082119941711426,0.0546875,4.009182929992676,0.04979570209980011,1.0,5.943045139312744,0.080078125,6.0347089767456055,0.05859375,3.97849178314209,0.04991176724433899,1.0,5.886079788208008,0.0859375,5.999484062194824,0.06640625
confirm-M-w128-d57163-s801-g04-uniform,confirm,M,128,57163,801,96203,4,uniform,0.0001,0.1,621696,1,,constant_weights,,843.5598106384277,0.0,1.0,False,False,4.009182929992676,3.97849178314209,2.394066333770752,1.3673797845840454,1.0,2.859797954559326,0.07080078125,2.955021619796753,0.0546875,2.3959290981292725,1.3762471675872803,1.0,2.8546769618988037,0.080078125,2.956862211227417,0.05859375,2.388554573059082,1.3715507984161377,1.0,2.846999168395996,0.0859375,2.9471147060394287,0.06640625
confirm-M-w128-d57163-s801-g04-uniform,confirm,M,128,57163,801,96203,4,uniform,0.0001,0.1,621696,3,,constant_weights,,921.8194736242294,0.0,1.0,False,False,4.009182929992676,3.97849178314209,2.241215467453003,0.8661059141159058,1.0,2.769170045852661,0.07080078125,3.0883703231811523,0.0546875,2.286957263946533,0.9000723361968994,1.0,2.818455457687378,0.080078125,3.1423444747924805,0.05859375,2.2613255977630615,0.8681696653366089,1.0,2.7893903255462646,0.0859375,3.1264169216156006,0.06640625
confirm-M-w128-d57163-s801-g04-uniform,confirm,M,128,57163,801,96203,4,uniform,0.0001,0.1,621696,5,,constant_weights,,986.4700565338135,0.0,1.0,False,False,4.009182929992676,3.97849178314209,2.1149449348449707,0.6108149290084839,1.0,2.7090604305267334,0.07080078125,3.024959087371826,0.0546875,2.164954423904419,0.6437115669250488,1.0,2.7740840911865234,0.080078125,3.0770673751831055,0.05859375,2.1556999683380127,0.6168733239173889,1.0,2.7568955421447754,0.0859375,3.0933308601379395,0.06640625
confirm-M-w128-d57163-s801-g04-uniform,confirm,M,128,57163,801,96203,4,uniform,0.0001,0.1,621696,10,,constant_weights,,1114.1658277511597,0.0,1.0,False,False,4.009182929992676,3.97849178314209,1.8655389547348022,0.16213881969451904,1.0,2.62288236618042,0.0712890625,2.811596155166626,0.0546875,1.913436770439148,0.18420448899269104,1.0,2.685528516769409,0.080078125,2.870577812194824,0.0576171875,1.9113298654556274,0.17972642183303833,1.0,2.6862409114837646,0.0859375,2.8680219650268555,0.06640625
confirm-M-w128-d57163-s801-g04-uniform,confirm,M,128,57163,801,96203,4,uniform,0.0001,0.1,621696,20,,constant_weights,,1225.6324982643127,0.0,1.0,False,False,4.009182929992676,3.97849178314209,1.6478307247161865,0.0661107748746872,1.0,2.136709213256836,0.29443359375,2.7406721115112305,0.10595703125,1.820270299911499,0.07746199518442154,1.0,2.497466564178467,0.1650390625,2.885882616043091,0.0693359375,1.8213183879852295,0.07638346403837204,1.0,2.506201982498169,0.17529296875,2.8813703060150146,0.06298828125
confirm-M-w128-d57163-s801-g04-uniform,confirm,M,128,57163,801,96203,4,uniform,0.0001,0.1,621696,30,,constant_weights,,1318.9118235111237,0.0,1.0,False,False,4.009182929992676,3.97849178314209,1.4656444787979126,0.047846246510744095,1.0,1.6913642883300781,0.45068359375,2.6577229499816895,0.12939453125,1.8520649671554565,0.05659763142466545,0.9990234375,2.593862295150757,0.1865234375,2.9057352542877197,0.064453125,1.8576653003692627,0.054853782057762146,1.0,2.613476037979126,0.18701171875,2.904665946960449,0.0693359375
confirm-M-w128-d57163-s801-g05-random,confirm,M,128,57163,801,96203,5,random,0.0001,1.0,621696,0,,no_adaptation,,0.0,0.0,,False,False,4.009182929992676,3.97849178314209,4.041644096374512,0.04981957748532295,1.0,5.992993354797363,0.07080078125,6.082119941711426,0.0546875,4.009182929992676,0.04979570209980011,1.0,5.943045139312744,0.080078125,6.0347089767456055,0.05859375,3.97849178314209,0.04991176724433899,1.0,5.886079788208008,0.0859375,5.999484062194824,0.06640625
confirm-M-w128-d57163-s801-g05-random,confirm,M,128,57163,801,96203,5,random,0.0001,1.0,621696,1,0.0012975534185763011,,9.687853814835355e-06,837.6592086553574,0.0,1.0,False,False,4.009182929992676,3.97849178314209,2.4055910110473633,1.4215339422225952,1.0,2.861372232437134,0.07080078125,2.9338669776916504,0.0546875,2.402141571044922,1.4235544204711914,1.0,2.854736566543579,0.080078125,2.928133249282837,0.05859375,2.3960087299346924,1.424581527709961,1.0,2.8438143730163574,0.0859375,2.9196300506591797,0.06640625
confirm-M-w128-d57163-s801-g05-random,confirm,M,128,57163,801,96203,5,random,0.0001,1.0,621696,3,0.009612653494673797,,1.730293715019536e-05,895.2822259664536,0.0,1.0,False,False,4.009182929992676,3.97849178314209,2.293046236038208,0.8971234560012817,1.0,2.867663860321045,0.07080078125,3.1143507957458496,0.0546875,2.3159923553466797,0.9120900630950928,1.0,2.8942337036132812,0.080078125,3.141653537750244,0.05859375,2.299182891845703,0.8950709700584412,1.0,2.871126413345337,0.0859375,3.1313509941101074,0.06640625
confirm-M-w128-d57163-s801-g05-random,confirm,M,128,57163,801,96203,5,random,0.0001,1.0,621696,5,0.015160514849955512,,2.7888109354409003e-05,922.357582449913,0.0,1.0,False,False,4.009182929992676,3.97849178314209,2.2401645183563232,0.8236444592475891,1.0,2.779755115509033,0.07080078125,3.117094039916992,0.0546875,2.279709815979004,0.849815845489502,1.0,2.831603765487671,0.080078125,3.157710313796997,0.05859375,2.268909215927124,0.820283055305481,1.0,2.8165273666381836,0.0859375,3.169916868209839,0.06640625
confirm-M-w128-d57163-s801-g05-random,confirm,M,128,57163,801,96203,5,random,0.0001,1.0,621696,10,0.020843575753147818,,3.963919207688415e-05,999.3575314283371,0.0,1.0,False,False,4.009182929992676,3.97849178314209,2.0897738933563232,0.5152175426483154,0.99853515625,2.7457923889160156,0.07421875,3.0083117485046387,0.056640625,2.1418232917785645,0.5462380647659302,0.9990234375,2.825875759124756,0.08203125,3.0533559322357178,0.0595703125,2.145416259765625,0.5392481088638306,1.0,2.8339180946350098,0.08544921875,3.063082456588745,0.06591796875
confirm-M-w128-d57163-s801-g05-random,confirm,M,128,57163,801,96203,5,random,0.0001,1.0,621696,20,0.034988123047735034,,6.854402802021789e-05,1096.6114628314972,0.0,1.0,False,False,4.009182929992676,3.97849178314209,1.899824857711792,0.29923924803733826,0.99365234375,2.548415422439575,0.162109375,2.8518199920654297,0.0927734375,2.0234196186065674,0.34663936495780945,0.994140625,2.7219479084014893,0.1103515625,3.001671552658081,0.0595703125,2.028153896331787,0.33961859345436096,0.99365234375,2.748730182647705,0.11328125,2.9961130619049072,0.06396484375
confirm-M-w128-d57163-s801-g05-random,confirm,M,128,57163,801,96203,5,random,0.0001,1.0,621696,30,0.07448615535890181,,0.00018286007797516348,1136.7559967041016,0.0,1.0,False,False,4.009182929992676,3.97849178314209,1.8214175701141357,0.16252367198467255,0.99658203125,2.4285759925842285,0.279296875,2.8731529712677,0.154296875,2.116941213607788,0.18852752447128296,0.9951171875,2.88645601272583,0.13671875,3.2758398056030273,0.0693359375,2.1310009956359863,0.18432380259037018,0.99755859375,2.944308280944824,0.13037109375,3.2643702030181885,0.06396484375
confirm-M-w128-d57163-s801-g05-uniform,confirm,M,128,57163,801,96203,5,uniform,0.0001,1.0,621696,0,,no_adaptation,,0.0,0.0,,False,False,4.009182929992676,3.97849178314209,4.041644096374512,0.04981957748532295,1.0,5.992993354797363,0.07080078125,6.082119941711426,0.0546875,4.009182929992676,0.04979570209980011,1.0,5.943045139312744,0.080078125,6.0347089767456055,0.05859375,3.97849178314209,0.04991176724433899,1.0,5.886079788208008,0.0859375,5.999484062194824,0.06640625
confirm-M-w128-d57163-s801-g05-uniform,confirm,M,128,57163,801,96203,5,uniform,0.0001,1.0,621696,1,,constant_weights,,843.3857947587967,0.0,1.0,False,False,4.009182929992676,3.97849178314209,2.394406318664551,1.3680205345153809,1.0,2.859952926635742,0.07080078125,2.95524525642395,0.0546875,2.3962910175323486,1.376899242401123,1.0,2.8548624515533447,0.080078125,2.95711088180542,0.05859375,2.388909101486206,1.3721979856491089,1.0,2.8471662998199463,0.0859375,2.9473624229431152,0.06640625
confirm-M-w128-d57163-s801-g05-uniform,confirm,M,128,57163,801,96203,5,uniform,0.0001,1.0,621696,3,,constant_weights,,921.3804695606232,0.0,1.0,False,False,4.009182929992676,3.97849178314209,2.2420730590820312,0.8684180378913879,1.0,2.7691359519958496,0.07080078125,3.0886647701263428,0.0546875,2.287736177444458,0.9022544622421265,1.0,2.8183400630950928,0.080078125,3.1426138877868652,0.05859375,2.262176036834717,0.8704732656478882,1.0,2.789307117462158,0.0859375,3.1267478466033936,0.06640625
confirm-M-w128-d57163-s801-g05-uniform,confirm,M,128,57163,801,96203,5,uniform,0.0001,1.0,621696,5,,constant_weights,,985.7676231861115,0.0,1.0,False,False,4.009182929992676,3.97849178314209,2.116316795349121,0.6138799786567688,1.0,2.7106428146362305,0.07080078125,3.024427652359009,0.0546875,2.165945291519165,0.6463102102279663,1.0,2.7752633094787598,0.080078125,3.0762624740600586,0.05859375,2.1568410396575928,0.6201781630516052,1.0,2.7581684589385986,0.0859375,3.092176914215088,0.06640625
confirm-M-w128-d57163-s801-g05-uniform,confirm,M,128,57163,801,96203,5,uniform,0.0001,1.0,621696,10,,constant_weights,,1109.9106973409653,0.0,1.0,False,False,4.009182929992676,3.97849178314209,1.8738499879837036,0.17614471912384033,1.0,2.6310577392578125,0.07080078125,2.8143467903137207,0.05419921875,1.9200704097747803,0.19832849502563477,1.0,2.691586494445801,0.080078125,2.8702964782714844,0.05859375,1.9183580875396729,0.19470515847206116,1.0,2.691455602645874,0.0859375,2.868913173675537,0.06640625
confirm-M-w128-d57163-s801-g05-uniform,confirm,M,128,57163,801,96203,5,uniform,0.0001,1.0,621696,20,,constant_weights,,1216.6168512105942,0.0,0.99375,False,False,4.009182929992676,3.97849178314209,1.665439248085022,0.0799315944314003,1.0,2.1715142726898193,0.2841796875,2.7448723316192627,0.10595703125,1.8262560367584229,0.09121732413768768,1.0,2.497434139251709,0.1669921875,2.8901171684265137,0.06640625,1.8255083560943604,0.09051436185836792,1.0,2.5032873153686523,0.1748046875,2.882723331451416,0.06298828125
confirm-M-w128-d57163-s801-g05-uniform,confirm,M,128,57163,801,96203,5,uniform,0.0001,1.0,621696,30,,constant_weights,,1301.2174108028412,0.0,0.9958333333333333,False,False,4.009182929992676,3.97849178314209,1.5002038478851318,0.06557586044073105,1.0,1.7700169086456299,0.43359375,2.6650187969207764,0.1318359375,1.850015640258789,0.07585513591766357,0.9990234375,2.570038318634033,0.1845703125,2.904153823852539,0.05859375,1.8550941944122314,0.07359515130519867,1.0,2.5868890285491943,0.1884765625,2.904798746109009,0.07177734375
confirm-M-w128-d57163-s802-g04-random,confirm,M,128,57163,802,96203,4,random,0.0001,0.1,621696,0,,no_adaptation,,0.0,0.0,,False,False,4.0206074714660645,3.9921376705169678,4.045289516448975,0.04937821254134178,1.0,5.994604110717773,0.07080078125,6.091886520385742,0.0546875,4.0206074714660645,0.049200087785720825,1.0,5.946070671081543,0.080078125,6.06655216217041,0.05859375,3.9921376705169678,0.049300044775009155,1.0,5.88596248626709,0.0859375,6.041150093078613,0.06640625
confirm-M-w128-d57163-s802-g04-random,confirm,M,128,57163,802,96203,4,random,0.0001,0.1,621696,1,0.0032425748453119843,,5.329988297692174e-06,841.1482377052307,0.0,1.0,False,False,4.0206074714660645,3.9921376705169678,2.4024219512939453,1.4279954433441162,1.0,2.8492021560668945,0.07080078125,2.930068254470825,0.0546875,2.4043030738830566,1.4224567413330078,1.0,2.849895477294922,0.080078125,2.9405570030212402,0.05859375,2.4004435539245605,1.4275975227355957,1.0,2.8394832611083984,0.0859375,2.9342498779296875,0.06640625
confirm-M-w128-d57163-s802-g04-random,confirm,M,128,57163,802,96203,4,random,0.0001,0.1,621696,3,0.01186784708821385,,7.022290211300737e-06,906.4686131477356,0.0,1.0,False,False,4.0206074714660645,3.9921376705169678,2.274843215942383,0.8819150328636169,1.0,2.82965087890625,0.07080078125,3.1129631996154785,0.0546875,2.3021934032440186,0.9048453569412231,1.0,2.8496437072753906,0.080078125,3.1520910263061523,0.05859375,2.291980266571045,0.8836451768875122,1.0,2.8398923873901367,0.0859375,3.152402877807617,0.06640625
confirm-M-w128-d57163-s802-g04-random,confirm,M,128,57163,802,96203,4,random,0.0001,0.1,621696,5,0.01701904146085565,,1.3761836821587931e-05,943.5171908140182,0.0,1.0,False,False,4.0206074714660645,3.9921376705169678,2.2024827003479004,0.7314157485961914,1.0,2.765667676925659,0.0712890625,3.1103639602661133,0.0546875,2.255011558532715,0.7701699733734131,1.0,2.8191335201263428,0.08203125,3.1757304668426514,0.05859375,2.2402255535125732,0.7350119948387146,1.0,2.8120462894439697,0.0869140625,3.1736178398132324,0.0654296875
confirm-M-w128-d57163-s802-g04-random,confirm,M,128,57163,802,96203,4,random,0.0001,0.1,621696,10,0.021074100093765785,,1.8483290202280252e-05,1019.2707186937332,0.0,1.0,False,False,4.0206074714660645,3.9921376705169678,2.0545263290405273,0.4355323314666748,1.0,2.7326319217681885,0.07177734375,2.9954147338867188,0.0576171875,2.120924949645996,0.46276864409446716,1.0,2.8268990516662598,0.078125,3.0731072425842285,0.0595703125,2.115161418914795,0.4701787829399109,0.99755859375,2.8023605346679688,0.0859375,3.0729451179504395,0.06591796875
confirm-M-w128-d57163-s802-g04-random,confirm,M,128,57163,802,96203,4,random,0.0001,0.1,621696,20,0.04569070850412377,,7.026745572943796e-05,1110.3508033752441,0.0,1.0,False,False,4.0206074714660645,3.9921376705169678,1.8766355514526367,0.19534189999103546,0.9951171875,2.5253043174743652,0.18310546875,2.9092605113983154,0.10986328125,2.0753157138824463,0.21769943833351135,0.99609375,2.8421480655670166,0.126953125,3.1660990715026855,0.0595703125,2.0642948150634766,0.22811105847358704,0.99169921875,2.8148930072784424,0.1259765625,3.1498804092407227,0.0615234375
confirm-M-w128-d57163-s802-g04-random,confirm,M,128,57163,802,96203,4,random,0.0001,0.1,621696,30,0.09235737068021602,,0.0001784144233684117,1146.4437594413757,0.0,1.0,False,False,4.0206074714660645,3.9921376705169678,1.8061416149139404,0.11639343202114105,0.99853515625,2.4402313232421875,0.29052734375,2.861799955368042,0.1767578125,2.19844913482666,0.13253477215766907,0.99609375,3.0620346069335938,0.1455078125,3.400777578353882,0.0634765625,2.190565586090088,0.13750983774662018,0.9931640625,3.0494883060455322,0.13134765625,3.3846988677978516,0.06396484375
confirm-M-w128-d57163-s802-g04-uniform,confirm,M,128,57163,802,96203,4,uniform,0.0001,0.1,621696,0,,no_adaptation,,0.0,0.0,,False,False,4.0206074714660645,3.9921376705169678,4.045289516448975,0.04937821254134178,1.0,5.994604110717773,0.07080078125,6.091886520385742,0.0546875,4.0206074714660645,0.049200087785720825,1.0,5.946070671081543,0.080078125,6.06655216217041,0.05859375,3.9921376705169678,0.049300044775009155,1.0,5.88596248626709,0.0859375,6.041150093078613,0.06640625
confirm-M-w128-d57163-s802-g04-uniform,confirm,M,128,57163,802,96203,4,uniform,0.0001,0.1,621696,1,,constant_weights,,854.2965852022171,0.0,1.0,False,False,4.0206074714660645,3.9921376705169678,2.376741647720337,1.3043221235275269,1.0,2.8552045822143555,0.07080078125,2.9706978797912598,0.0546875,2.379937171936035,1.3086791038513184,1.0,2.855825901031494,0.080078125,2.9753060340881348,0.05859375,2.3729448318481445,1.3038444519042969,1.0,2.843153476715088,0.0859375,2.971836566925049,0.06640625
confirm-M-w128-d57163-s802-g04-uniform,confirm,M,128,57163,802,96203,4,uniform,0.0001,0.1,621696,3,,constant_weights,,932.9392001628876,0.0,1.0,False,False,4.0206074714660645,3.9921376705169678,2.223142623901367,0.8241758942604065,1.0,2.757411003112793,0.07080078125,3.0878405570983887,0.0546875,2.258296012878418,0.8580987453460693,1.0,2.7868409156799316,0.080078125,3.129948377609253,0.05859375,2.2472875118255615,0.8198831081390381,1.0,2.7796971797943115,0.0859375,3.142282724380493,0.06640625
confirm-M-w128-d57163-s802-g04-uniform,confirm,M,128,57163,802,96203,4,uniform,0.0001,0.1,621696,5,,constant_weights,,998.4988502264023,0.0,1.0,False,False,4.0206074714660645,3.9921376705169678,2.0950963497161865,0.6376932859420776,1.0,2.692636728286743,0.07080078125,2.9549593925476074,0.05517578125,2.143383026123047,0.6700215339660645,1.0,2.7519352436065674,0.080078125,3.0081920623779297,0.05859375,2.136245012283325,0.6553067564964294,1.0,2.7406668663024902,0.0859375,3.012761354446411,0.06689453125
confirm-M-w128-d57163-s802-g04-uniform,confirm,M,128,57163,802,96203,4,uniform,0.0001,0.1,621696,10,,constant_weights,,1119.6204730272293,0.0,1.0,False,False,4.0206074714660645,3.9921376705169678,1.858530879020691,0.1452784538269043,1.0,2.621184825897217,0.07666015625,2.809129238128662,0.05517578125,1.9060778617858887,0.16806960105895996,1.0,2.68583345413208,0.0830078125,2.864330768585205,0.0595703125,1.9039956331253052,0.16379857063293457,1.0,2.680680990219116,0.08740234375,2.867507219314575,0.06591796875
confirm-M-w128-d57163-s802-g04-uniform,confirm,M,128,57163,802,96203,4,uniform,0.0001,0.1,621696,20,,constant_weights,,1226.7623578310013,0.0,0.996875,False,False,4.0206074714660645,3.9921376705169678,1.6492693424224854,0.06536439806222916,1.0,2.1369433403015137,0.28515625,2.7455005645751953,0.1123046875,1.8515582084655762,0.08129875361919403,0.9990234375,2.5566916465759277,0.16796875,2.916684150695801,0.0615234375,1.848994255065918,0.08438980579376221,0.9990234375,2.567789316177368,0.15771484375,2.894803524017334,0.05029296875
confirm-M-w128-d57163-s802-g04-uniform,confirm,M,128,57163,802,96203,4,uniform,0.0001,0.1,621696,30,,constant_weights,,1335.5294501781464,0.0,0.9979166666666667,False,False,4.0206074714660645,3.9921376705169678,1.4368335008621216,0.04784879833459854,1.0,1.6190742254257202,0.49267578125,2.6435775756835938,0.15087890625,1.9069126844406128,0.054030805826187134,1.0,2.700371742248535,0.1669921875,2.9663352966308594,0.0673828125,1.9068328142166138,0.05828004330396652,0.9990234375,2.7244949340820312,0.1640625,2.937723159790039,0.05908203125
confirm-M-w128-d57163-s802-g05-random,confirm,M,128,57163,802,96203,5,random,0.0001,1.0,621696,0,,no_adaptation,,0.0,0.0,,False,False,4.0206074714660645,3.9921376705169678,4.045289516448975,0.04937821254134178,1.0,5.994604110717773,0.07080078125,6.091886520385742,0.0546875,4.0206074714660645,0.049200087785720825,1.0,5.946070671081543,0.080078125,6.06655216217041,0.05859375,3.9921376705169678,0.049300044775009155,1.0,5.88596248626709,0.0859375,6.041150093078613,0.06640625
confirm-M-w128-d57163-s802-g05-random,confirm,M,128,57163,802,96203,5,random,0.0001,1.0,621696,1,0.003247286602894705,,5.3309858731985904e-06,840.9354510307312,0.0,1.0,False,False,4.0206074714660645,3.9921376705169678,2.4028375148773193,1.4289531707763672,1.0,2.849324941635132,0.07080078125,2.930234432220459,0.0546875,2.4047203063964844,1.4234256744384766,1.0,2.8500144481658936,0.080078125,2.940721273422241,0.05859375,2.400857925415039,1.4285590648651123,1.0,2.8396072387695312,0.0859375,2.9344077110290527,0.06640625
confirm-M-w128-d57163-s802-g05-random,confirm,M,128,57163,802,96203,5,random,0.0001,1.0,621696,3,0.011869293056566869,,7.0284664317724394e-06,906.0454521179199,0.0,1.0,False,False,4.0206074714660645,3.9921376705169678,2.275669574737549,0.8836100101470947,1.0,2.8298001289367676,0.07080078125,3.113598108291626,0.0546875,2.303067922592163,0.9064969420433044,1.0,2.8499155044555664,0.080078125,3.1527905464172363,0.05859375,2.292802095413208,0.8853405714035034,1.0,2.840061664581299,0.0859375,3.153003692626953,0.06640625
confirm-M-w128-d57163-s802-g05-random,confirm,M,128,57163,802,96203,5,random,0.0001,1.0,621696,5,0.01696040790246315,,1.3692475574092755e-05,942.8934444189072,0.0,1.0,False,False,4.0206074714660645,3.9921376705169678,2.2037010192871094,0.7354313731193542,1.0,2.765995740890503,0.0712890625,3.109675407409668,0.0546875,2.2560172080993652,0.7736452221870422,1.0,2.819460868835449,0.0810546875,3.174945831298828,0.05859375,2.2411601543426514,0.7391085028648376,1.0,2.811923027038574,0.0869140625,3.1724491119384766,0.0654296875
confirm-M-w128-d57163-s802-g05-random,confirm,M,128,57163,802,96203,5,random,0.0001,1.0,621696,10,0.020756122503541613,,1.8058968239678303e-05,1016.0120927095413,0.0,1.0,False,False,4.0206074714660645,3.9921376705169678,2.0608909130096436,0.4494472146034241,1.0,2.736994504928589,0.07177734375,2.9962306022644043,0.0576171875,2.125701904296875,0.4757707118988037,1.0,2.828554391860962,0.078125,3.0727808475494385,0.0595703125,2.1200623512268066,0.4835647642612457,0.99755859375,2.804708957672119,0.0859375,3.071913003921509,0.06591796875
confirm-M-w128-d57163-s802-g05-random,confirm,M,128,57163,802,96203,5,random,0.0001,1.0,621696,20,0.04210940870577014,,6.192993252441111e-05,1106.9006650447845,0.0,1.0,False,False,4.0206074714660645,3.9921376705169678,1.8833742141723633,0.22154444456100464,0.99462890625,2.530792713165283,0.17626953125,2.897785186767578,0.10693359375,2.065718650817871,0.2462562620639801,0.9951171875,2.816131830215454,0.119140625,3.134768009185791,0.060546875,2.054999589920044,0.2566671371459961,0.9921875,2.7900002002716064,0.125,3.118330955505371,0.06103515625
confirm-M-w128-d57163-s802-g05-random,confirm,M,128,57163,802,96203,5,random,0.0001,1.0,621696,30,0.08389727149873075,,0.00016086798124908568,1142.981351017952,0.0,1.0,False,False,4.0206074714660645,3.9921376705169678,1.8129040002822876,0.1502581238746643,0.99853515625,2.435516595840454,0.279296875,2.852937698364258,0.17529296875,2.1688292026519775,0.1693878322839737,0.9931640625,2.9889814853668213,0.140625,3.348118782043457,0.0615234375,2.160935163497925,0.1763163059949875,0.9912109375,2.9769093990325928,0.12890625,3.3295798301696777,0.0634765625
confirm-M-w128-d57163-s802-g05-uniform,confirm,M,128,57163,802,96203,5,uniform,0.0001,1.0,621696,0,,no_adaptation,,0.0,0.0,,False,False,4.0206074714660645,3.9921376705169678,4.045289516448975,0.04937821254134178,1.0,5.994604110717773,0.07080078125,6.091886520385742,0.0546875,4.0206074714660645,0.049200087785720825,1.0,5.946070671081543,0.080078125,6.06655216217041,0.05859375,3.9921376705169678,0.049300044775009155,1.0,5.88596248626709,0.0859375,6.041150093078613,0.06640625
confirm-M-w128-d57163-s802-g05-uniform,confirm,M,128,57163,802,96203,5,uniform,0.0001,1.0,621696,1,,constant_weights,,854.1430761814117,0.0,1.0,False,False,4.0206074714660645,3.9921376705169678,2.3770413398742676,1.3047282695770264,1.0,2.8554017543792725,0.07080078125,2.970993757247925,0.0546875,2.3802573680877686,1.3090946674346924,1.0,2.8560476303100586,0.080078125,2.9756298065185547,0.05859375,2.3732552528381348,1.304260492324829,1.0,2.843350887298584,0.0859375,2.972154140472412,0.06640625
confirm-M-w128-d57163-s802-g05-uniform,confirm,M,128,57163,802,96203,5,uniform,0.0001,1.0,621696,3,,constant_weights,,932.505737900734,0.0,1.0,False,False,4.0206074714660645,3.9921376705169678,2.2239890098571777,0.8264027833938599,1.0,2.75748872756958,0.07080078125,3.08807635307312,0.0546875,2.259213447570801,0.8602079749107361,1.0,2.787109613418579,0.080078125,3.1303229331970215,0.05859375,2.248135805130005,0.8221697211265564,1.0,2.7797117233276367,0.0859375,3.142526149749756,0.06640625
confirm-M-w128-d57163-s802-g05-uniform,confirm,M,128,57163,802,96203,5,uniform,0.0001,1.0,621696,5,,constant_weights,,997.3100991249084,0.0,1.0,False,False,4.0206074714660645,3.9921376705169678,2.0974183082580566,0.6440191268920898,1.0,2.6942291259765625,0.07080078125,2.9540061950683594,0.05517578125,2.1452157497406006,0.6757746934890747,1.0,2.752851724624634,0.080078125,3.007020950317383,0.05859375,2.1380839347839355,0.6614029407501221,1.0,2.741600275039673,0.0859375,3.0112485885620117,0.06689453125
confirm-M-w128-d57163-s802-g05-uniform,confirm,M,128,57163,802,96203,5,uniform,0.0001,1.0,621696,10,,constant_weights,,1115.1419781446457,0.0,1.0,False,False,4.0206074714660645,3.9921376705169678,1.86727774143219,0.15934965014457703,1.0,2.6296586990356445,0.07568359375,2.8128249645233154,0.0546875,1.9144994020462036,0.18337541818618774,1.0,2.6929819583892822,0.0830078125,2.8671412467956543,0.0595703125,1.912015438079834,0.1792019009590149,1.0,2.686466693878174,0.08740234375,2.870377779006958,0.0654296875
confirm-M-w128-d57163-s802-g05-uniform,confirm,M,128,57163,802,96203,5,uniform,0.0001,1.0,621696,20,,constant_weights,,1219.1568282842636,0.0,1.0,False,False,4.0206074714660645,3.9921376705169678,1.664123773574829,0.07912123203277588,1.0,2.165876626968384,0.275390625,2.7473740577697754,0.115234375,1.8535475730895996,0.09706336259841919,0.9990234375,2.549339771270752,0.1708984375,2.9142394065856934,0.0654296875,1.8491008281707764,0.09901769459247589,0.9990234375,2.555525064468384,0.154296875,2.892759323120117,0.05126953125
confirm-M-w128-d57163-s802-g05-uniform,confirm,M,128,57163,802,96203,5,uniform,0.0001,1.0,621696,30,,constant_weights,,1317.3549538850784,0.0,1.0,False,False,4.0206074714660645,3.9921376705169678,1.4723308086395264,0.06480702757835388,1.0,1.699709177017212,0.47021484375,2.6524758338928223,0.1416015625,1.9020001888275146,0.07289469242095947,0.9990234375,2.664464235305786,0.1640625,2.968641757965088,0.0693359375,1.895979881286621,0.07661159336566925,0.99853515625,2.6740078926086426,0.1650390625,2.9373199939727783,0.0595703125
confirm-M-w128-d57163-s803-g04-random,confirm,M,128,57163,803,96203,4,random,0.0001,0.1,621696,0,,no_adaptation,,0.0,0.0,,False,False,4.008716583251953,3.9757723808288574,4.039190769195557,0.049075618386268616,1.0,5.962889671325684,0.07080078125,6.1056060791015625,0.0546875,4.008716583251953,0.04900624603033066,1.0,5.905733108520508,0.080078125,6.071409702301025,0.05859375,3.9757723808288574,0.04905378073453903,1.0,5.861963272094727,0.0859375,6.016300678253174,0.06640625
confirm-M-w128-d57163-s803-g04-random,confirm,M,128,57163,803,96203,4,random,0.0001,0.1,621696,1,0.0,,2.103785754458334e-06,839.0875285863876,0.0,1.0,True,False,4.008716583251953,3.9757723808288574,2.4003477096557617,1.4039593935012817,1.0,2.8557026386260986,0.07080078125,2.9413812160491943,0.0546875,2.3972856998443604,1.4060255289077759,1.0,2.8448984622955322,0.080078125,2.9409327507019043,0.05859375,2.388141632080078,1.405225396156311,1.0,2.834305763244629,0.0859375,2.9248931407928467,0.06640625
confirm-M-w128-d57163-s803-g04-random,confirm,M,128,57163,803,96203,4,random,0.0001,0.1,621696,3,0.009968528420427433,,7.266755537641118e-06,895.8713899850845,0.0,1.0,False,False,4.008716583251953,3.9757723808288574,2.2894415855407715,0.8726388812065125,1.0,2.86582088470459,0.07080078125,3.1298656463623047,0.0546875,2.308234691619873,0.8932101726531982,1.0,2.8792479038238525,0.080078125,3.1522459983825684,0.05859375,2.296694278717041,0.8643554449081421,1.0,2.876985788345337,0.0859375,3.148742198944092,0.06640625
confirm-M-w128-d57163-s803-g04-random,confirm,M,128,57163,803,96203,4,random,0.0001,0.1,621696,5,0.015088963578204554,,1.3898988998462806e-05,925.8771357536316,0.0,1.0,False,False,4.008716583251953,3.9757723808288574,2.230836868286133,0.7943627834320068,1.0,2.7922232151031494,0.07080078125,3.105924367904663,0.0546875,2.2667598724365234,0.8252778053283691,1.0,2.8286943435668945,0.080078125,3.1463069915771484,0.05859375,2.2564167976379395,0.7832660675048828,1.0,2.8339250087738037,0.0859375,3.1520590782165527,0.06640625
confirm-M-w128-d57163-s803-g04-random,confirm,M,128,57163,803,96203,4,random,0.0001,0.1,621696,10,0.019179716429931284,,1.59070643724042e-05,1005.7732148170471,0.0,1.0,False,False,4.008716583251953,3.9757723808288574,2.0747900009155273,0.4780495762825012,1.0,2.741131544113159,0.0712890625,3.00518798828125,0.0556640625,2.1324827671051025,0.518199622631073,1.0,2.826427459716797,0.0810546875,3.052821636199951,0.05859375,2.1235060691833496,0.5003530979156494,1.0,2.8159713745117188,0.08642578125,3.054194450378418,0.06640625
confirm-M-w128-d57163-s803-g04-random,confirm,M,128,57163,803,96203,4,random,0.0001,0.1,621696,20,0.04556748315630324,,5.906745657347007e-05,1096.1574919223785,0.0,1.0,False,False,4.008716583251953,3.9757723808288574,1.8982579708099365,0.19262062013149261,0.99462890625,2.563488245010376,0.18017578125,2.9386649131774902,0.0947265625,2.0599045753479004,0.22739462554454803,0.9921875,2.821995735168457,0.1259765625,3.1303234100341797,0.060546875,2.062274217605591,0.22490017116069794,0.99462890625,2.8362979888916016,0.1240234375,3.125624656677246,0.06396484375
confirm-M-w128-d57163-s803-g04-random,confirm,M,128,57163,803,96203,4,random,0.0001,0.1,621696,30,0.09008550834928461,,0.00016248510810225027,1136.3818796873093,0.0,1.0,False,False,4.008716583251953,3.9757723808288574,1.8196946382522583,0.1052270457148552,0.9990234375,2.4295339584350586,0.2919921875,2.924323081970215,0.16162109375,2.1676294803619385,0.1241120994091034,0.998046875,3.001072883605957,0.13671875,3.3777031898498535,0.05859375,2.1761984825134277,0.12358918786048889,0.998046875,2.99692964553833,0.1396484375,3.408076047897339,0.06298828125
confirm-M-w128-d57163-s803-g04-uniform,confirm,M,128,57163,803,96203,4,uniform,0.0001,0.1,621696,0,,no_adaptation,,0.0,0.0,,False,False,4.008716583251953,3.9757723808288574,4.039190769195557,0.049075618386268616,1.0,5.962889671325684,0.07080078125,6.1056060791015625,0.0546875,4.008716583251953,0.04900624603033066,1.0,5.905733108520508,0.080078125,6.071409702301025,0.05859375,3.9757723808288574,0.04905378073453903,1.0,5.861963272094727,0.0859375,6.016300678253174,0.06640625
confirm-M-w128-d57163-s803-g04-uniform,confirm,M,128,57163,803,96203,4,uniform,0.0001,0.1,621696,1,,constant_weights,,844.5617130994797,0.0,1.0,False,False,4.008716583251953,3.9757723808288574,2.389655828475952,1.399259090423584,1.0,2.8313724994659424,0.07080078125,2.9383363723754883,0.0546875,2.4030280113220215,1.4116936922073364,1.0,2.848559856414795,0.080078125,2.9488303661346436,0.05859375,2.386291742324829,1.405653476715088,1.0,2.823441505432129,0.0859375,2.9297800064086914,0.06640625
confirm-M-w128-d57163-s803-g04-uniform,confirm,M,128,57163,803,96203,4,uniform,0.0001,0.1,621696,3,,constant_weights,,930.7441093921661,0.0,1.0,False,False,4.008716583251953,3.9757723808288574,2.2213311195373535,0.8344055414199829,1.0,2.7531700134277344,0.07080078125,3.0764172077178955,0.0546875,2.268007278442383,0.8728429675102234,1.0,2.8058695793151855,0.080078125,3.1253089904785156,0.05859375,2.243800401687622,0.8330643177032471,1.0,2.7794108390808105,0.0859375,3.1189262866973877,0.06640625
confirm-M-w128-d57163-s803-g04-uniform,confirm,M,128,57163,803,96203,4,uniform,0.0001,0.1,621696,5,,constant_weights,,995.5258394479752,0.0,1.0,False,False,4.008716583251953,3.9757723808288574,2.094804048538208,0.5368626117706299,1.0,2.730412006378174,0.07080078125,3.0171375274658203,0.0556640625,2.151491403579712,0.573444128036499,1.0,2.799024820327759,0.080078125,3.082005262374878,0.05859375,2.141960859298706,0.5508992075920105,1.0,2.792952299118042,0.0859375,3.082031011581421,0.06689453125
confirm-M-w128-d57163-s803-g04-uniform,confirm,M,128,57163,803,96203,4,uniform,0.0001,0.1,621696,10,,constant_weights,,1118.0306762456894,0.0,1.0,False,False,4.008716583251953,3.9757723808288574,1.855536937713623,0.1472509205341339,1.0,2.6192214488983154,0.0712890625,2.800138473510742,0.0537109375,1.899902582168579,0.17427986860275269,1.0,2.6767609119415283,0.080078125,2.8486666679382324,0.056640625,1.8998982906341553,0.16918474435806274,1.0,2.6824193000793457,0.08642578125,2.848090171813965,0.06494140625
confirm-M-w128-d57163-s803-g04-uniform,confirm,M,128,57163,803,96203,4,uniform,0.0001,0.1,621696,20,,constant_weights,,1234.6673245429993,0.0,0.99375,False,False,4.008716583251953,3.9757723808288574,1.6277309656143188,0.06399115920066833,1.0,2.0840749740600586,0.3125,2.7351267337799072,0.111328125,1.822238564491272,0.0772283524274826,1.0,2.5069503784179688,0.1669921875,2.8825371265411377,0.068359375,1.8238134384155273,0.0721147283911705,1.0,2.5224266052246094,0.16845703125,2.876899242401123,0.0634765625
confirm-M-w128-d57163-s803-g04-uniform,confirm,M,128,57163,803,96203,4,uniform,0.0001,0.1,621696,30,,constant_weights,,1329.8709290027618,0.0,0.9958333333333333,False,False,4.008716583251953,3.9757723808288574,1.441786289215088,0.04673207551240921,1.0,1.6235759258270264,0.49560546875,2.6550512313842773,0.13671875,1.840921401977539,0.053338970988988876,0.9990234375,2.580406665802002,0.18359375,2.889019012451172,0.0712890625,1.8601511716842651,0.05106488615274429,0.99951171875,2.63429856300354,0.1689453125,2.895089864730835,0.060546875
confirm-M-w128-d57163-s803-g05-random,confirm,M,128,57163,803,96203,5,random,0.0001,1.0,621696,0,,no_adaptation,,0.0,0.0,,False,False,4.008716583251953,3.9757723808288574,4.039190769195557,0.049075618386268616,1.0,5.962889671325684,0.07080078125,6.1056060791015625,0.0546875,4.008716583251953,0.04900624603033066,1.0,5.905733108520508,0.080078125,6.071409702301025,0.05859375,3.9757723808288574,0.04905378073453903,1.0,5.861963272094727,0.0859375,6.016300678253174,0.06640625
confirm-M-w128-d57163-s803-g05-random,confirm,M,128,57163,803,96203,5,random,0.0001,1.0,621696,1,0.0,,2.1092201559240304e-06,838.8687576055527,0.0,1.0,True,False,4.008716583251953,3.9757723808288574,2.400775194168091,1.4052009582519531,1.0,2.8557209968566895,0.07080078125,2.941403388977051,0.0546875,2.397772789001465,1.4072961807250977,1.0,2.845006227493286,0.080078125,2.9410157203674316,0.05859375,2.388603448867798,1.4064854383468628,1.0,2.8343558311462402,0.0859375,2.92496919631958,0.06640625
confirm-M-w128-d57163-s803-g05-random,confirm,M,128,57163,803,96203,5,random,0.0001,1.0,621696,3,0.009978805024967997,,7.274906918155291e-06,895.4418272972107,0.0,1.0,False,False,4.008716583251953,3.9757723808288574,2.29028058052063,0.8743610382080078,1.0,2.8659775257110596,0.07080078125,3.1305038928985596,0.0546875,2.3090624809265137,0.8948274850845337,1.0,2.8794164657592773,0.080078125,3.1529433727264404,0.05859375,2.297543525695801,0.8660935163497925,1.0,2.8770790100097656,0.0859375,3.1494574546813965,0.06640625
confirm-M-w128-d57163-s803-g05-random,confirm,M,128,57163,803,96203,5,random,0.0001,1.0,621696,5,0.015032973487295938,,1.3832536247786446e-05,925.1645247936249,0.0,1.0,False,False,4.008716583251953,3.9757723808288574,2.2322285175323486,0.7982736825942993,1.0,2.792518377304077,0.07080078125,3.10589337348938,0.0546875,2.2680585384368896,0.828970193862915,1.0,2.828885078430176,0.080078125,3.1463208198547363,0.05859375,2.2577452659606934,0.7873818278312683,1.0,2.8339359760284424,0.0859375,3.151918411254883,0.06640625
confirm-M-w128-d57163-s803-g05-random,confirm,M,128,57163,803,96203,5,random,0.0001,1.0,621696,10,0.018780391925408514,,1.5405096752733127e-05,1003.0591177940369,0.0,1.0,False,False,4.008716583251953,3.9757723808288574,2.0800905227661133,0.4933692514896393,1.0,2.7435576915740967,0.07080078125,3.003345251083374,0.0546875,2.1364760398864746,0.5329359173774719,1.0,2.826406478881836,0.0810546875,3.0500855445861816,0.05859375,2.1273553371429443,0.5155977606773376,1.0,2.8158926963806152,0.0859375,3.050575017929077,0.06689453125
confirm-M-w128-d57163-s803-g05-random,confirm,M,128,57163,803,96203,5,random,0.0001,1.0,621696,20,0.041927280118164406,,5.217814239787414e-05,1092.833977818489,0.0,1.0,False,False,4.008716583251953,3.9757723808288574,1.9047491550445557,0.22346505522727966,0.9951171875,2.5647671222686768,0.17138671875,2.9260153770446777,0.08740234375,2.0534443855285645,0.26040494441986084,0.994140625,2.798872709274292,0.126953125,3.101055145263672,0.05859375,2.052955150604248,0.2560710310935974,0.99365234375,2.8089399337768555,0.12109375,3.0938546657562256,0.06591796875
confirm-M-w128-d57163-s803-g05-random,confirm,M,128,57163,803,96203,5,random,0.0001,1.0,621696,30,0.08212919342161976,,0.0001461674820528245,1132.9987317323685,0.0,1.0,False,False,4.008716583251953,3.9757723808288574,1.8263022899627686,0.13548502326011658,0.99853515625,2.4330949783325195,0.27978515625,2.910327196121216,0.1533203125,2.1403563022613525,0.15812599658966064,0.9970703125,2.9442007541656494,0.140625,3.318742513656616,0.064453125,2.1508584022521973,0.15510427951812744,0.99853515625,2.948685884475708,0.13916015625,3.348785400390625,0.06005859375
confirm-M-w128-d57163-s803-g05-uniform,confirm,M,128,57163,803,96203,5,uniform,0.0001,1.0,621696,0,,no_adaptation,,0.0,0.0,,False,False,4.008716583251953,3.9757723808288574,4.039190769195557,0.049075618386268616,1.0,5.962889671325684,0.07080078125,6.1056060791015625,0.0546875,4.008716583251953,0.04900624603033066,1.0,5.905733108520508,0.080078125,6.071409702301025,0.05859375,3.9757723808288574,0.04905378073453903,1.0,5.861963272094727,0.0859375,6.016300678253174,0.06640625
confirm-M-w128-d57163-s803-g05-uniform,confirm,M,128,57163,803,96203,5,uniform,0.0001,1.0,621696,1,,constant_weights,,844.3731362819672,0.0,1.0,False,False,4.008716583251953,3.9757723808288574,2.390024423599243,1.3999061584472656,1.0,2.831573963165283,0.07080078125,2.9385929107666016,0.0546875,2.4033989906311035,1.41233491897583,1.0,2.848749876022339,0.080078125,2.9491114616394043,0.05859375,2.3866658210754395,1.4062955379486084,1.0,2.8236398696899414,0.0859375,2.9300613403320312,0.06640625
confirm-M-w128-d57163-s803-g05-uniform,confirm,M,128,57163,803,96203,5,uniform,0.0001,1.0,621696,3,,constant_weights,,930.25312936306,0.0,1.0,False,False,4.008716583251953,3.9757723808288574,2.222289800643921,0.8364911079406738,1.0,2.7533931732177734,0.07080078125,3.0769851207733154,0.0546875,2.2689247131347656,0.874774158000946,1.0,2.806058168411255,0.080078125,3.1259427070617676,0.05859375,2.244778633117676,0.8351613283157349,1.0,2.7796106338500977,0.0859375,3.1195642948150635,0.06640625
confirm-M-w128-d57163-s803-g05-uniform,confirm,M,128,57163,803,96203,5,uniform,0.0001,1.0,621696,5,,constant_weights,,994.2727707624435,0.0,1.0,False,False,4.008716583251953,3.9757723808288574,2.0972516536712646,0.5418598055839539,1.0,2.7327239513397217,0.07080078125,3.0171706676483154,0.05517578125,2.1539151668548584,0.5782299637794495,1.0,2.8013617992401123,0.080078125,3.0821533203125,0.05859375,2.144552230834961,0.557029128074646,1.0,2.795034408569336,0.0859375,3.0815927982330322,0.06689453125
confirm-M-w128-d57163-s803-g05-uniform,confirm,M,128,57163,803,96203,5,uniform,0.0001,1.0,621696,10,,constant_weights,,1113.3667458295822,0.0,1.0,False,False,4.008716583251953,3.9757723808288574,1.8646461963653564,0.16154298186302185,1.0,2.6274185180664062,0.0712890625,2.8049774169921875,0.05419921875,1.9091730117797852,0.1897922307252884,1.0,2.6847245693206787,0.080078125,2.8530020713806152,0.0576171875,1.9085252285003662,0.18383681774139404,1.0,2.689300537109375,0.0859375,2.852438449859619,0.0654296875
confirm-M-w128-d57163-s803-g05-uniform,confirm,M,128,57163,803,96203,5,uniform,0.0001,1.0,621696,20,,constant_weights,,1225.631772518158,0.0,0.99375,False,False,4.008716583251953,3.9757723808288574,1.645378589630127,0.07696771621704102,1.0,2.120927572250366,0.3056640625,2.7382402420043945,0.10986328125,1.8274821043014526,0.09097090363502502,1.0,2.506135940551758,0.171875,2.8853397369384766,0.06640625,1.82755708694458,0.0857556164264679,1.0,2.519688606262207,0.1669921875,2.877227306365967,0.06005859375
confirm-M-w128-d57163-s803-g05-uniform,confirm,M,128,57163,803,96203,5,uniform,0.0001,1.0,621696,30,,constant_weights,,1311.8616995811462,0.0,0.9958333333333333,False,False,4.008716583251953,3.9757723808288574,1.4769606590270996,0.06554354727268219,1.0,1.7031909227371216,0.466796875,2.6621475219726562,0.13671875,1.842241644859314,0.073452889919281,0.9990234375,2.562833070755005,0.1796875,2.8904387950897217,0.0693359375,1.8601958751678467,0.07087136805057526,0.99951171875,2.614222764968872,0.16552734375,2.895493984222412,0.06201171875
confirm-M-w256-d52919-s801-g04-random,confirm,M,256,52919,801,96201,4,random,0.0001,0.1,3212800,0,,no_adaptation,,0.0,0.0,,False,False,5.319379806518555,5.306591987609863,5.289731025695801,0.008324924856424332,1.0,8.026731491088867,0.052734375,7.834137439727783,0.07470703125,5.319379806518555,0.008320724591612816,1.0,7.962878227233887,0.0595703125,7.986940860748291,0.0576171875,5.306591987609863,0.008305052295327187,1.0,7.974238395690918,0.05712890625,7.937233924865723,0.0615234375
confirm-M-w256-d52919-s801-g04-random,confirm,M,256,52919,801,96201,4,random,0.0001,0.1,3212800,1,0.011878014861782357,,1.2341091760252187e-06,1456.5703587532043,0.0,1.0,False,False,5.319379806518555,5.306591987609863,2.4448673725128174,1.50509512424469,0.96044921875,2.9010186195373535,0.0595703125,2.928488254547119,0.076171875,2.452423334121704,1.4911606311798096,0.9638671875,2.89772891998291,0.068359375,2.96838116645813,0.05859375,2.4480719566345215,1.4805185794830322,0.96923828125,2.9103567600250244,0.06982421875,2.953340530395508,0.05908203125
confirm-M-w256-d52919-s801-g04-random,confirm,M,256,52919,801,96201,4,random,0.0001,0.1,3212800,3,0.01729256564107142,,4.892380968130396e-06,1560.9896211624146,0.0,1.0,False,False,5.319379806518555,5.306591987609863,2.2409234046936035,0.8897757530212402,1.0,2.7991719245910645,0.0546875,3.033822536468506,0.07421875,2.2933342456817627,0.9149147868156433,1.0,2.8443045616149902,0.060546875,3.120783805847168,0.0576171875,2.279681444168091,0.8950384855270386,1.0,2.8322811126708984,0.05615234375,3.111724376678467,0.0615234375
confirm-M-w256-d52919-s801-g04-random,confirm,M,256,52919,801,96201,4,random,0.0001,0.1,3212800,5,0.021936609922924045,,8.709946292806447e-06,1620.4380042552948,0.0,1.0,False,False,5.319379806518555,5.306591987609863,2.1248133182525635,0.5456827282905579,0.99951171875,2.762108564376831,0.0556640625,3.066648483276367,0.07421875,2.206700086593628,0.5673513412475586,1.0,2.853278160095215,0.0595703125,3.1994712352752686,0.060546875,2.18947696685791,0.5570607781410217,0.99951171875,2.8267502784729004,0.05908203125,3.184619665145874,0.0634765625
confirm-M-w256-d52919-s801-g04-random,confirm,M,256,52919,801,96201,4,random,0.0001,0.1,3212800,10,0.03448170284816432,,2.0947229584304328e-05,1756.4961738586426,0.0,1.0,False,False,5.319379806518555,5.306591987609863,1.8590747117996216,0.12818953394889832,0.99560546875,2.536705493927002,0.16845703125,2.9123291969299316,0.09423828125,2.0300040245056152,0.14635181427001953,0.9951171875,2.821485996246338,0.1064453125,3.1221742630004883,0.06640625,2.007519006729126,0.13982398808002472,0.994140625,2.7670185565948486,0.11181640625,3.1157150268554688,0.05810546875
confirm-M-w256-d52919-s801-g04-random,confirm,M,256,52919,801,96201,4,random,0.0001,0.1,3212800,20,0.1036514356554885,,7.286031304922913e-05,1830.0255399942398,0.0,1.0,False,False,5.319379806518555,5.306591987609863,1.7154626846313477,0.06020912528038025,0.9970703125,2.1519672870635986,0.4169921875,2.934211492538452,0.24169921875,2.408311605453491,0.08115930110216141,0.994140625,3.2462711334228516,0.1787109375,3.8975038528442383,0.0625,2.4180612564086914,0.07075519859790802,0.9970703125,3.232106924057007,0.16845703125,3.9513213634490967,0.0556640625
confirm-M-w256-d52919-s801-g04-random,confirm,M,256,52919,801,96201,4,random,0.0001,0.1,3212800,30,0.14113662579714392,,6.598001541712424e-05,2011.7049374580383,0.0,1.0,False,False,5.319379806518555,5.306591987609863,1.360620141029358,0.02855329029262066,0.998046875,1.5764405727386475,0.61376953125,2.4768664836883545,0.44921875,2.7029130458831787,0.045899152755737305,0.9921875,3.4284486770629883,0.2158203125,4.634390830993652,0.0791015625,2.723419427871704,0.03559832274913788,0.998046875,3.349466562271118,0.2197265625,4.785193920135498,0.05908203125
confirm-M-w256-d52919-s801-g04-uniform,confirm,M,256,52919,801,96201,4,uniform,0.0001,0.1,3212800,0,,no_adaptation,,0.0,0.0,,False,False,5.319379806518555,5.306591987609863,5.289731025695801,0.008324924856424332,1.0,8.026731491088867,0.052734375,7.834137439727783,0.07470703125,5.319379806518555,0.008320724591612816,1.0,7.962878227233887,0.0595703125,7.986940860748291,0.0576171875,5.306591987609863,0.008305052295327187,1.0,7.974238395690918,0.05712890625,7.937233924865723,0.0615234375
confirm-M-w256-d52919-s801-g04-uniform,confirm,M,256,52919,801,96201,4,uniform,0.0001,0.1,3212800,1,,constant_weights,,1481.6917585134506,0.0,1.0,False,False,5.319379806518555,5.306591987609863,2.3958020210266113,1.3537274599075317,1.0,2.8865628242492676,0.052734375,2.947115659713745,0.07470703125,2.4158549308776855,1.3668100833892822,1.0,2.885134220123291,0.0595703125,2.9956204891204834,0.0576171875,2.4094491004943848,1.365309238433838,1.0,2.89151668548584,0.05712890625,2.9715213775634766,0.0615234375
confirm-M-w256-d52919-s801-g04-uniform,confirm,M,256,52919,801,96201,4,uniform,0.0001,0.1,3212800,3,,constant_weights,,1615.8687771558762,0.0,1.0,False,False,5.319379806518555,5.306591987609863,2.133737802505493,0.6773585677146912,1.0,2.7248220443725586,0.052734375,2.9990320205688477,0.07568359375,2.200547695159912,0.705487847328186,1.0,2.781862258911133,0.0595703125,3.114292621612549,0.0576171875,2.1978821754455566,0.7004898190498352,1.0,2.784628391265869,0.05712890625,3.1085281372070312,0.0615234375
confirm-M-w256-d52919-s801-g04-uniform,confirm,M,256,52919,801,96201,4,uniform,0.0001,0.1,3212800,5,,constant_weights,,1745.764636039734,0.0,1.0,False,False,5.319379806518555,5.306591987609863,1.8800346851348877,0.1939879208803177,1.0,2.6294145584106445,0.052734375,2.8167014122009277,0.0751953125,1.951729655265808,0.2299027144908905,1.0,2.7107841968536377,0.0595703125,2.914501667022705,0.0576171875,1.9524192810058594,0.22548332810401917,1.0,2.7120561599731445,0.05712890625,2.9197182655334473,0.06103515625
confirm-M-w256-d52919-s801-g04-uniform,confirm,M,256,52919,801,96201,4,uniform,0.0001,0.1,3212800,10,,constant_weights,,1882.4061008691788,0.0,0.9875,False,False,5.319379806518555,5.306591987609863,1.613157033920288,0.039401888847351074,1.0,2.0603461265563965,0.314453125,2.739722728729248,0.09033203125,1.7796273231506348,0.04470372200012207,1.0,2.4523165225982666,0.1923828125,2.8418617248535156,0.05859375,1.785124659538269,0.043739404529333115,1.0,2.4682796001434326,0.1845703125,2.8433549404144287,0.06298828125
confirm-M-w256-d52919-s801-g04-uniform,confirm,M,256,52919,801,96201,4,uniform,0.0001,0.1,3212800,20,,constant_weights,,2179.141553878784,0.0,0.99375,False,False,5.319379806518555,5.306591987609863,1.0335954427719116,0.020426906645298004,1.0,0.5419511198997498,0.876953125,2.5384082794189453,0.17724609375,1.6313265562057495,0.023723600432276726,1.0,1.935939073562622,0.4404296875,2.9343175888061523,0.072265625,1.6818110942840576,0.024825319647789,1.0,2.0158019065856934,0.40771484375,3.004805564880371,0.05810546875
confirm-M-w256-d52919-s801-g04-uniform,confirm,M,256,52919,801,96201,4,uniform,0.0001,0.1,3212800,30,,constant_weights,,2501.299184322357,0.0,0.9958333333333333,False,False,5.319379806518555,5.306591987609863,0.40438130497932434,0.014816406182944775,1.0,0.088650643825531,0.99560546875,1.1096768379211426,0.67431640625,1.9495794773101807,0.020170394331216812,0.9990234375,1.7258350849151611,0.5244140625,4.102733135223389,0.0634765625,2.000441789627075,0.01959749311208725,0.99951171875,1.7548009157180786,0.52880859375,4.226926803588867,0.06103515625
confirm-M-w256-d52919-s801-g05-random,confirm,M,256,52919,801,96201,5,random,0.0001,1.0,3212800,0,,no_adaptation,,0.0,0.0,,False,False,5.319379806518555,5.306591987609863,5.289731025695801,0.008324924856424332,1.0,8.026731491088867,0.052734375,7.834137439727783,0.07470703125,5.319379806518555,0.008320724591612816,1.0,7.962878227233887,0.0595703125,7.986940860748291,0.0576171875,5.306591987609863,0.008305052295327187,1.0,7.974238395690918,0.05712890625,7.937233924865723,0.0615234375
confirm-M-w256-d52919-s801-g05-random,confirm,M,256,52919,801,96201,5,random,0.0001,1.0,3212800,1,0.011875729649780842,,1.2349436792956064e-06,1456.4226078987122,0.0,1.0,False,False,5.319379806518555,5.306591987609863,2.4451558589935303,1.5057543516159058,0.9609375,2.9010989665985107,0.05908203125,2.9286141395568848,0.07568359375,2.452709913253784,1.491832971572876,0.9638671875,2.897810220718384,0.068359375,2.9684863090515137,0.05859375,2.448357582092285,1.4812147617340088,0.96923828125,2.9104104042053223,0.06982421875,2.9534478187561035,0.05908203125
confirm-M-w256-d52919-s801-g05-random,confirm,M,256,52919,801,96201,5,random,0.0001,1.0,3212800,3,0.017296691681206254,,4.899361419435611e-06,1560.6801270246506,0.0,1.0,False,False,5.319379806518555,5.306591987609863,2.241527795791626,0.8900915384292603,1.0,2.7997028827667236,0.0546875,3.0347890853881836,0.07421875,2.293898105621338,0.9150930643081665,1.0,2.844791889190674,0.060546875,3.1218109130859375,0.0576171875,2.280271053314209,0.8952974081039429,1.0,2.8327159881591797,0.05615234375,3.112799644470215,0.0615234375
confirm-M-w256-d52919-s801-g05-random,confirm,M,256,52919,801,96201,5,random,0.0001,1.0,3212800,5,0.02183992530330575,,8.65976561267311e-06,1619.87120449543,0.0,1.0,False,False,5.319379806518555,5.306591987609863,2.125920295715332,0.5490963459014893,0.99951171875,2.7625603675842285,0.05517578125,3.066103935241699,0.07421875,2.2074081897735596,0.5705710053443909,1.0,2.8531384468078613,0.0595703125,3.1985154151916504,0.060546875,2.190126657485962,0.5605018138885498,0.99951171875,2.8265116214752197,0.05908203125,3.183366537094116,0.0634765625
confirm-M-w256-d52919-s801-g05-random,confirm,M,256,52919,801,96201,5,random,0.0001,1.0,3212800,10,0.033369797641767646,,1.955143050494393e-05,1755.1449522972107,0.0,1.0,False,False,5.319379806518555,5.306591987609863,1.8617137670516968,0.13656845688819885,0.99560546875,2.5421690940856934,0.1640625,2.9064035415649414,0.09228515625,2.026358127593994,0.1557830423116684,0.9951171875,2.812100648880005,0.107421875,3.1111907958984375,0.064453125,2.004261016845703,0.1487693041563034,0.9951171875,2.759713649749756,0.10791015625,3.104300022125244,0.05712890625
confirm-M-w256-d52919-s801-g05-random,confirm,M,256,52919,801,96201,5,random,0.0001,1.0,3212800,20,0.09783976982260084,,7.435761898085356e-05,1827.2262606620789,0.0,1.0,False,False,5.319379806518555,5.306591987609863,1.7209299802780151,0.06930738687515259,0.9970703125,2.176949977874756,0.39794921875,2.916532516479492,0.23681640625,2.361018419265747,0.09022758901119232,0.9951171875,3.194765090942383,0.1728515625,3.798062562942505,0.0595703125,2.3694310188293457,0.08176509290933609,0.9970703125,3.1768746376037598,0.16064453125,3.8496525287628174,0.0576171875
confirm-M-w256-d52919-s801-g05-random,confirm,M,256,52919,801,96201,5,random,0.0001,1.0,3212800,30,0.1353105395741866,,4.390075915824249e-05,2000.150139093399,0.0,1.0,False,False,5.319379806518555,5.306591987609863,1.383188009262085,0.03841133415699005,0.998046875,1.6341121196746826,0.58349609375,2.4770407676696777,0.42529296875,2.6044609546661377,0.05675096809864044,0.9931640625,3.3450241088867188,0.22265625,4.4116082191467285,0.076171875,2.61254620552063,0.047803036868572235,0.9970703125,3.2686681747436523,0.20947265625,4.521167278289795,0.0634765625
confirm-M-w256-d52919-s801-g05-uniform,confirm,M,256,52919,801,96201,5,uniform,0.0001,1.0,3212800,0,,no_adaptation,,0.0,0.0,,False,False,5.319379806518555,5.306591987609863,5.289731025695801,0.008324924856424332,1.0,8.026731491088867,0.052734375,7.834137439727783,0.07470703125,5.319379806518555,0.008320724591612816,1.0,7.962878227233887,0.0595703125,7.986940860748291,0.0576171875,5.306591987609863,0.008305052295327187,1.0,7.974238395690918,0.05712890625,7.937233924865723,0.0615234375
confirm-M-w256-d52919-s801-g05-uniform,confirm,M,256,52919,801,96201,5,uniform,0.0001,1.0,3212800,1,,constant_weights,,1481.651932835579,0.0,1.0,False,False,5.319379806518555,5.306591987609863,2.3958797454833984,1.3535268306732178,1.0,2.886725902557373,0.052734375,2.9473869800567627,0.07470703125,2.4159352779388428,1.3665927648544312,1.0,2.8853096961975098,0.0595703125,2.995903491973877,0.0576171875,2.4095406532287598,1.3651149272918701,1.0,2.8916831016540527,0.05712890625,2.9718236923217773,0.0615234375
confirm-M-w256-d52919-s801-g05-uniform,confirm,M,256,52919,801,96201,5,uniform,0.0001,1.0,3212800,3,,constant_weights,,1615.5367900133133,0.0,1.0,False,False,5.319379806518555,5.306591987609863,2.1343860626220703,0.6783558130264282,1.0,2.7252182960510254,0.052734375,2.9995837211608887,0.0751953125,2.201144218444824,0.7065541744232178,1.0,2.7821645736694336,0.0595703125,3.1147141456604004,0.0576171875,2.198456287384033,0.7016631960868835,1.0,2.7848029136657715,0.05712890625,3.1089024543762207,0.0615234375
confirm-M-w256-d52919-s801-g05-uniform,confirm,M,256,52919,801,96201,5,uniform,0.0001,1.0,3212800,5,,constant_weights,,1743.547129869461,0.0,1.0,False,False,5.319379806518555,5.306591987609863,1.8843656778335571,0.20046725869178772,1.0,2.633258819580078,0.052734375,2.819371223449707,0.0751953125,1.9562519788742065,0.23702341318130493,1.0,2.714073657989502,0.0595703125,2.917659044265747,0.0576171875,1.9568560123443604,0.23251831531524658,1.0,2.7155966758728027,0.05712890625,2.9224534034729004,0.06103515625
confirm-M-w256-d52919-s801-g05-uniform,confirm,M,256,52919,801,96201,5,uniform,0.0001,1.0,3212800,10,,constant_weights,,1878.0435147285461,0.0,0.9875,False,False,5.319379806518555,5.306591987609863,1.6216776371002197,0.043101467192173004,1.0,2.079861879348755,0.30908203125,2.7420692443847656,0.08984375,1.7822574377059937,0.04891243577003479,1.0,2.4544360637664795,0.1943359375,2.843423843383789,0.056640625,1.7872642278671265,0.04784070700407028,1.0,2.4693994522094727,0.1845703125,2.844552755355835,0.06298828125
confirm-M-w256-d52919-s801-g05-uniform,confirm,M,256,52919,801,96201,5,uniform,0.0001,1.0,3212800,20,,constant_weights,,2156.8416056632996,0.0,0.99375,False,False,5.319379806518555,5.306591987609863,1.0771499872207642,0.026077313348650932,1.0,0.6478996276855469,0.841796875,2.5574731826782227,0.17236328125,1.656263828277588,0.02948176860809326,1.0,2.0186450481414795,0.4091796875,2.9206650257110596,0.0732421875,1.7057225704193115,0.030582699924707413,1.0,2.0997745990753174,0.37255859375,2.9868104457855225,0.060546875
confirm-M-w256-d52919-s801-g05-uniform,confirm,M,256,52919,801,96201,5,uniform,0.0001,1.0,3212800,30,,constant_weights,,2456.6310338974,0.0,0.9958333333333333,False,False,5.319379806518555,5.306591987609863,0.49162378907203674,0.019472822546958923,1.0,0.1230914443731308,0.9921875,1.3323071002960205,0.59912109375,1.8629529476165771,0.022654786705970764,1.0,1.7350393533706665,0.5263671875,3.831165075302124,0.064453125,1.9187421798706055,0.0239279642701149,1.0,1.7704010009765625,0.51953125,3.961897611618042,0.06005859375
confirm-M-w256-d52919-s802-g04-random,confirm,M,256,52919,802,96201,4,random,0.0001,0.1,3212800,0,,no_adaptation,,0.0,0.0,,False,False,5.343927383422852,5.335238456726074,5.315860271453857,0.007873451337218285,1.0,8.062202453613281,0.052734375,7.877504348754883,0.07470703125,5.343927383422852,0.00789471436291933,1.0,7.993788719177246,0.0595703125,8.030097961425781,0.0576171875,5.335238456726074,0.007890651002526283,1.0,8.00894832611084,0.05712890625,7.98887825012207,0.0615234375
confirm-M-w256-d52919-s802-g04-random,confirm,M,256,52919,802,96201,4,random,0.0001,0.1,3212800,1,0.0028233382809150914,,3.8119071777656496e-06,1468.306830048561,0.0,1.0,False,False,5.343927383422852,5.335238456726074,2.448073148727417,1.5360324382781982,0.943359375,2.884761333465576,0.0703125,2.9234251976013184,0.07177734375,2.4676015377044678,1.5474034547805786,0.9384765625,2.884817600250244,0.08203125,2.97058367729187,0.0556640625,2.4691927433013916,1.5613794326782227,0.93310546875,2.891930103302002,0.06884765625,2.9542689323425293,0.064453125
confirm-M-w256-d52919-s802-g04-random,confirm,M,256,52919,802,96201,4,random,0.0001,0.1,3212800,3,0.009166682348669672,,1.0369953019695737e-05,1574.776941537857,0.0,1.0,False,False,5.343927383422852,5.335238456726074,2.240123748779297,0.7513285875320435,1.0,2.8563830852508545,0.052734375,3.112659454345703,0.07470703125,2.3031394481658936,0.7739167213439941,1.0,2.8975367546081543,0.0595703125,3.237964630126953,0.0576171875,2.3005762100219727,0.7755014896392822,1.0,2.8987443447113037,0.05712890625,3.227482557296753,0.0615234375
confirm-M-w256-d52919-s802-g04-random,confirm,M,256,52919,802,96201,4,random,0.0001,0.1,3212800,5,0.011569607362299589,,1.3363425655625356e-05,1655.9802173376083,0.0,1.0,False,False,5.343927383422852,5.335238456726074,2.0815234184265137,0.5074503421783447,1.0,2.739621639251709,0.05419921875,2.9974987506866455,0.07568359375,2.163170337677002,0.5513193607330322,1.0,2.80765438079834,0.0615234375,3.130537509918213,0.0615234375,2.156027317047119,0.5354839563369751,1.0,2.8001937866210938,0.05810546875,3.132404327392578,0.060546875
confirm-M-w256-d52919-s802-g04-random,confirm,M,256,52919,802,96201,4,random,0.0001,0.1,3212800,10,0.02651119736867675,,2.814029711212156e-05,1788.0944001674652,0.0,1.0,False,False,5.343927383422852,5.335238456726074,1.8234878778457642,0.09440955519676208,0.99853515625,2.51521635055542,0.1943359375,2.860837936401367,0.11376953125,1.9923205375671387,0.1068112701177597,0.9970703125,2.793227195739746,0.1376953125,3.0769224166870117,0.046875,1.9988658428192139,0.10994841158390045,0.9970703125,2.796299695968628,0.119140625,3.0903496742248535,0.0634765625
confirm-M-w256-d52919-s802-g04-random,confirm,M,256,52919,802,96201,4,random,0.0001,0.1,3212800,20,0.1032391422313997,,0.00011587443116806652,1841.7687182426453,0.0,1.0,False,False,5.343927383422852,5.335238456726074,1.7186553478240967,0.0577002577483654,0.99658203125,2.2407915592193604,0.40478515625,2.8574743270874023,0.27197265625,2.492377758026123,0.07701033353805542,0.9951171875,3.5054376125335693,0.13671875,3.8946852684020996,0.0615234375,2.5106425285339355,0.07491435110569,0.99267578125,3.4578847885131836,0.142578125,3.9991297721862793,0.05908203125
confirm-M-w256-d52919-s802-g04-random,confirm,M,256,52919,802,96201,4,random,0.0001,0.1,3212800,30,0.13680467087177162,,5.301426624484002e-05,2018.580803155899,0.0,1.0,False,False,5.343927383422852,5.335238456726074,1.373319149017334,0.018900997936725616,0.99951171875,1.6718357801437378,0.60693359375,2.4292211532592773,0.46923828125,2.8292007446289062,0.027377158403396606,0.998046875,3.729609966278076,0.18359375,4.73061466217041,0.0576171875,2.8245441913604736,0.0277045089751482,0.99755859375,3.70072603225708,0.18701171875,4.745203018188477,0.05810546875
confirm-M-w256-d52919-s802-g04-uniform,confirm,M,256,52919,802,96201,4,uniform,0.0001,0.1,3212800,0,,no_adaptation,,0.0,0.0,,False,False,5.343927383422852,5.335238456726074,5.315860271453857,0.007873451337218285,1.0,8.062202453613281,0.052734375,7.877504348754883,0.07470703125,5.343927383422852,0.00789471436291933,1.0,7.993788719177246,0.0595703125,8.030097961425781,0.0576171875,5.335238456726074,0.007890651002526283,1.0,8.00894832611084,0.05712890625,7.98887825012207,0.0615234375
confirm-M-w256-d52919-s802-g04-uniform,confirm,M,256,52919,802,96201,4,uniform,0.0001,0.1,3212800,1,,constant_weights,,1487.277988910675,0.0,1.0,False,False,5.343927383422852,5.335238456726074,2.411020040512085,1.3607368469238281,0.98681640625,2.9048640727996826,0.05810546875,2.9674594402313232,0.072265625,2.437629461288452,1.3760366439819336,0.9853515625,2.905806303024292,0.064453125,3.0310449600219727,0.0556640625,2.4356274604797363,1.3886052370071411,0.9794921875,2.9127752780914307,0.05908203125,3.0055017471313477,0.0634765625
confirm-M-w256-d52919-s802-g04-uniform,confirm,M,256,52919,802,96201,4,uniform,0.0001,0.1,3212800,3,,constant_weights,,1632.0845954418182,0.0,1.0,False,False,5.343927383422852,5.335238456726074,2.128194570541382,0.5940130949020386,1.0,2.753920078277588,0.05517578125,3.036651611328125,0.0751953125,2.2014641761779785,0.6194064617156982,1.0,2.8212037086486816,0.060546875,3.1637821197509766,0.056640625,2.1988003253936768,0.6167420744895935,1.0,2.820676326751709,0.0595703125,3.1589832305908203,0.06201171875
confirm-M-w256-d52919-s802-g04-uniform,confirm,M,256,52919,802,96201,4,uniform,0.0001,0.1,3212800,5,,constant_weights,,1760.094538807869,0.0,1.0,False,False,5.343927383422852,5.335238456726074,1.8781753778457642,0.2099403738975525,1.0,2.6212503910064697,0.05517578125,2.803334951400757,0.07470703125,1.941292405128479,0.24077053368091583,1.0,2.6896615028381348,0.0615234375,2.8934450149536133,0.0576171875,1.9436880350112915,0.23367074131965637,1.0,2.695773124694824,0.05908203125,2.901620388031006,0.06103515625
confirm-M-w256-d52919-s802-g04-uniform,confirm,M,256,52919,802,96201,4,uniform,0.0001,0.1,3212800,10,,constant_weights,,1899.722956418991,0.0,1.0,False,False,5.343927383422852,5.335238456726074,1.6054635047912598,0.03328853100538254,1.0,2.0463855266571045,0.31640625,2.7367167472839355,0.09814453125,1.7871512174606323,0.036058563739061356,1.0,2.4944725036621094,0.17578125,2.8309223651885986,0.0654296875,1.78351628780365,0.03685172274708748,1.0,2.474897861480713,0.16845703125,2.838799238204956,0.0625
confirm-M-w256-d52919-s802-g04-uniform,confirm,M,256,52919,802,96201,4,uniform,0.0001,0.1,3212800,20,,constant_weights,,2176.5777019262314,0.0,1.0,False,False,5.343927383422852,5.335238456726074,1.064731478691101,0.020156927406787872,1.0,0.63410884141922,0.841796875,2.539929151535034,0.17431640625,1.739815354347229,0.023839512839913368,0.9990234375,2.204000949859619,0.337890625,2.991605281829834,0.0634765625,1.7112759351730347,0.023232154548168182,1.0,2.1544392108917236,0.36328125,2.956156015396118,0.05712890625
confirm-M-w256-d52919-s802-g04-uniform,confirm,M,256,52919,802,96201,4,uniform,0.0001,0.1,3212800,30,,constant_weights,,2495.1621124744415,0.0,1.0,False,False,5.343927383422852,5.335238456726074,0.4424964487552643,0.014340833760797977,1.0,0.0840446874499321,0.99658203125,1.2291038036346436,0.63232421875,1.9312171936035156,0.020831357687711716,0.9990234375,1.7259020805358887,0.5263671875,4.0469183921813965,0.0595703125,1.94792902469635,0.021120009943842888,0.9990234375,1.7630773782730103,0.51904296875,4.059589385986328,0.0576171875
confirm-M-w256-d52919-s802-g05-random,confirm,M,256,52919,802,96201,5,random,0.0001,1.0,3212800,0,,no_adaptation,,0.0,0.0,,False,False,5.343927383422852,5.335238456726074,5.315860271453857,0.007873451337218285,1.0,8.062202453613281,0.052734375,7.877504348754883,0.07470703125,5.343927383422852,0.00789471436291933,1.0,7.993788719177246,0.0595703125,8.030097961425781,0.0576171875,5.335238456726074,0.007890651002526283,1.0,8.00894832611084,0.05712890625,7.98887825012207,0.0615234375
confirm-M-w256-d52919-s802-g05-random,confirm,M,256,52919,802,96201,5,random,0.0001,1.0,3212800,1,0.0028220906507406386,,3.812288014301651e-06,1468.142224907875,0.0,1.0,False,False,5.343927383422852,5.335238456726074,2.448394536972046,1.5365257263183594,0.943359375,2.8849716186523438,0.0703125,2.9236865043640137,0.07177734375,2.467921733856201,1.5479178428649902,0.9384765625,2.885026454925537,0.08203125,2.9708199501037598,0.0556640625,2.4695096015930176,1.5618818998336792,0.93310546875,2.8921308517456055,0.06884765625,2.954516887664795,0.064453125
confirm-M-w256-d52919-s802-g05-random,confirm,M,256,52919,802,96201,5,random,0.0001,1.0,3212800,3,0.009161575427083509,,1.0369935274376231e-05,1574.468205332756,0.0,1.0,False,False,5.343927383422852,5.335238456726074,2.2407267093658447,0.7514610290527344,1.0,2.8569822311401367,0.052734375,3.113737106323242,0.07470703125,2.303739547729492,0.7740291953086853,1.0,2.898081064224243,0.0595703125,3.2391090393066406,0.0576171875,2.3011600971221924,0.7755845785140991,1.0,2.899258613586426,0.05712890625,3.228637218475342,0.0615234375
confirm-M-w256-d52919-s802-g05-random,confirm,M,256,52919,802,96201,5,random,0.0001,1.0,3212800,5,0.01149399934311287,,1.3281779734475551e-05,1655.0670090913773,0.0,1.0,False,False,5.343927383422852,5.335238456726074,2.0833072662353516,0.5121582746505737,1.0,2.740574359893799,0.05419921875,2.9971888065338135,0.07568359375,2.1643741130828857,0.556039035320282,1.0,2.8078606128692627,0.0615234375,3.1292219161987305,0.0615234375,2.1572954654693604,0.5400015115737915,1.0,2.800563335418701,0.05810546875,3.1313209533691406,0.060546875
confirm-M-w256-d52919-s802-g05-random,confirm,M,256,52919,802,96201,5,random,0.0001,1.0,3212800,10,0.025693464266178356,,2.7060125228008785e-05,1786.3478232622147,0.0,1.0,False,False,5.343927383422852,5.335238456726074,1.8268992900848389,0.10248956084251404,0.99853515625,2.5187149047851562,0.18701171875,2.8594934940338135,0.11376953125,1.9904364347457886,0.11562521755695343,0.9970703125,2.7857391834259033,0.1376953125,3.0699448585510254,0.0478515625,1.9965600967407227,0.11872338503599167,0.99755859375,2.788454294204712,0.11767578125,3.082502841949463,0.06298828125
confirm-M-w256-d52919-s802-g05-random,confirm,M,256,52919,802,96201,5,random,0.0001,1.0,3212800,20,0.09708582693048652,,0.00011861472975212994,1841.173177599907,0.0,1.0,False,False,5.343927383422852,5.335238456726074,1.7198185920715332,0.06725846230983734,0.99658203125,2.252656936645508,0.39306640625,2.8395402431488037,0.2685546875,2.4391257762908936,0.08819036930799484,0.99609375,3.4230213165283203,0.1416015625,3.8061656951904297,0.0576171875,2.4549918174743652,0.08539088815450668,0.99365234375,3.3844821453094482,0.134765625,3.8951029777526855,0.05908203125
confirm-M-w256-d52919-s802-g05-random,confirm,M,256,52919,802,96201,5,random,0.0001,1.0,3212800,30,0.13300953359458084,,3.8679795910277965e-05,2000.4241660833359,0.0,1.0,False,False,5.343927383422852,5.335238456726074,1.4087814092636108,0.0271429643034935,0.9990234375,1.7391130924224854,0.57421875,2.4600882530212402,0.44775390625,2.713009834289551,0.03581836074590683,0.998046875,3.590327262878418,0.189453125,4.512884616851807,0.056640625,2.728567600250244,0.03902546688914299,0.9970703125,3.5947821140289307,0.17529296875,4.5518951416015625,0.05712890625
confirm-M-w256-d52919-s802-g05-uniform,confirm,M,256,52919,802,96201,5,uniform,0.0001,1.0,3212800,0,,no_adaptation,,0.0,0.0,,False,False,5.343927383422852,5.335238456726074,5.315860271453857,0.007873451337218285,1.0,8.062202453613281,0.052734375,7.877504348754883,0.07470703125,5.343927383422852,0.00789471436291933,1.0,7.993788719177246,0.0595703125,8.030097961425781,0.0576171875,5.335238456726074,0.007890651002526283,1.0,8.00894832611084,0.05712890625,7.98887825012207,0.0615234375
confirm-M-w256-d52919-s802-g05-uniform,confirm,M,256,52919,802,96201,5,uniform,0.0001,1.0,3212800,1,,constant_weights,,1487.2007133960724,0.0,1.0,False,False,5.343927383422852,5.335238456726074,2.4111711978912354,1.3607585430145264,0.98681640625,2.905029296875,0.05810546875,2.9677252769470215,0.07275390625,2.4377708435058594,1.3760685920715332,0.9853515625,2.905961513519287,0.0634765625,3.031282424926758,0.0556640625,2.4357714653015137,1.388620376586914,0.98095703125,2.9129300117492676,0.05908203125,3.0057644844055176,0.06298828125
confirm-M-w256-d52919-s802-g05-uniform,confirm,M,256,52919,802,96201,5,uniform,0.0001,1.0,3212800,3,,constant_weights,,1631.5993856191635,0.0,1.0,False,False,5.343927383422852,5.335238456726074,2.1291422843933105,0.5950173735618591,1.0,2.754687547683716,0.05517578125,3.037722110748291,0.0751953125,2.202406644821167,0.6204017996788025,1.0,2.8219428062438965,0.060546875,3.1648755073547363,0.056640625,2.199741840362549,0.6176881790161133,1.0,2.8214221000671387,0.0595703125,3.1601152420043945,0.0615234375
confirm-M-w256-d52919-s802-g05-uniform,confirm,M,256,52919,802,96201,5,uniform,0.0001,1.0,3212800,5,,constant_weights,,1757.797042965889,0.0,1.0,False,False,5.343927383422852,5.335238456726074,1.8826625347137451,0.21906226873397827,1.0,2.623997211456299,0.05517578125,2.8049283027648926,0.0751953125,1.9457898139953613,0.2507626712322235,1.0,2.6919162273406982,0.0615234375,2.89469051361084,0.0576171875,1.9479944705963135,0.2431776225566864,1.0,2.6978538036346436,0.05908203125,2.902952194213867,0.06103515625
confirm-M-w256-d52919-s802-g05-uniform,confirm,M,256,52919,802,96201,5,uniform,0.0001,1.0,3212800,10,,constant_weights,,1895.8835690021515,0.0,1.0,False,False,5.343927383422852,5.335238456726074,1.6129623651504517,0.037546105682849884,1.0,2.063257932662964,0.310546875,2.7380824089050293,0.09765625,1.7888545989990234,0.04059923440217972,1.0,2.494879961013794,0.177734375,2.831084728240967,0.0654296875,1.7855257987976074,0.04148449748754501,1.0,2.476097583770752,0.1669921875,2.8389954566955566,0.06103515625
confirm-M-w256-d52919-s802-g05-uniform,confirm,M,256,52919,802,96201,5,uniform,0.0001,1.0,3212800,20,,constant_weights,,2154.237175822258,0.0,1.0,False,False,5.343927383422852,5.335238456726074,1.1083654165267944,0.025268850848078728,1.0,0.7429879903793335,0.80712890625,2.5568394660949707,0.16455078125,1.7507407665252686,0.028475800529122353,0.9990234375,2.2490649223327637,0.3173828125,2.974681854248047,0.0634765625,1.724389672279358,0.028261369094252586,1.0,2.2029547691345215,0.33984375,2.94195294380188,0.0576171875
confirm-M-w256-d52919-s802-g05-uniform,confirm,M,256,52919,802,96201,5,uniform,0.0001,1.0,3212800,30,,constant_weights,,2472.909271478653,0.0,1.0,False,False,5.343927383422852,5.335238456726074,0.485958993434906,0.019257014617323875,1.0,0.10650981962680817,0.99755859375,1.3321101665496826,0.60791015625,1.8501559495925903,0.024380911141633987,1.0,1.6664491891860962,0.529296875,3.859637975692749,0.0615234375,1.8744791746139526,0.023932961747050285,1.0,1.7113823890686035,0.5263671875,3.888122081756592,0.05712890625
confirm-M-w256-d52919-s803-g04-random,confirm,M,256,52919,803,96201,4,random,0.0001,0.1,3212800,0,,no_adaptation,,0.0,0.0,,False,False,5.376338005065918,5.368532657623291,5.342282772064209,0.007918238639831543,1.0,8.127817153930664,0.052734375,7.89111328125,0.07470703125,5.376338005065918,0.007920943200588226,1.0,8.079602241516113,0.0595703125,8.041491508483887,0.0576171875,5.368532657623291,0.007950473576784134,1.0,8.097000122070312,0.05712890625,8.000648498535156,0.0615234375
confirm-M-w256-d52919-s803-g04-random,confirm,M,256,52919,803,96201,4,random,0.0001,0.1,3212800,1,0.0,,8.14746173639148e-06,1482.2241575717926,0.0,1.0,True,False,5.376338005065918,5.368532657623291,2.4473137855529785,1.5305852890014648,0.99267578125,2.8846611976623535,0.05126953125,2.926694631576538,0.07373046875,2.4548563957214355,1.5252641439437866,0.9931640625,2.8890562057495117,0.05859375,2.9502482414245605,0.056640625,2.457263708114624,1.5368151664733887,0.990234375,2.888829231262207,0.05615234375,2.9461469650268555,0.0615234375
confirm-M-w256-d52919-s803-g04-random,confirm,M,256,52919,803,96201,4,random,0.0001,0.1,3212800,3,0.006185001993491196,,3.022918807365103e-06,1566.9715000391006,0.0,1.0,False,False,5.376338005065918,5.368532657623291,2.2817914485931396,0.7330588102340698,1.0,2.940380096435547,0.052734375,3.17193603515625,0.07470703125,2.3478786945343018,0.7407097816467285,1.0,3.012410879135132,0.0595703125,3.290515661239624,0.0576171875,2.340951919555664,0.7466034293174744,1.0,2.991176128387451,0.05712890625,3.2850759029388428,0.0615234375
confirm-M-w256-d52919-s803-g04-random,confirm,M,256,52919,803,96201,4,random,0.0001,0.1,3212800,5,0.01027822941946652,,5.9508045157655935e-06,1633.278105378151,0.0,1.0,False,False,5.376338005065918,5.368532657623291,2.1522862911224365,0.6508771181106567,1.0,2.762479782104492,0.0576171875,3.0435028076171875,0.07470703125,2.2296483516693115,0.6734520792961121,0.9990234375,2.8549976348876953,0.0615234375,3.1604957580566406,0.0576171875,2.2257132530212402,0.6758628487586975,0.9990234375,2.8306164741516113,0.05859375,3.1706602573394775,0.0615234375
confirm-M-w256-d52919-s803-g04-random,confirm,M,256,52919,803,96201,4,random,0.0001,0.1,3212800,10,0.020846308454572304,,1.7150343566730028e-05,1790.643588066101,0.0,1.0,False,False,5.376338005065918,5.368532657623291,1.844931960105896,0.11014272272586823,0.99462890625,2.5634665489196777,0.16162109375,2.8611865043640137,0.0986328125,2.005098581314087,0.1232655867934227,0.990234375,2.855837345123291,0.1240234375,3.0361924171447754,0.068359375,2.0100901126861572,0.11982833594083786,0.99560546875,2.8435959815979004,0.10498046875,3.066845655441284,0.06640625
confirm-M-w256-d52919-s803-g04-random,confirm,M,256,52919,803,96201,4,random,0.0001,0.1,3212800,20,0.08822020237295845,,8.269058468629243e-05,1860.5098935365677,0.0,1.0,False,False,5.376338005065918,5.368532657623291,1.7084745168685913,0.06716382503509521,0.99169921875,2.178452968597412,0.4189453125,2.8798062801361084,0.23876953125,2.356238842010498,0.07518786191940308,0.9912109375,3.243586540222168,0.1650390625,3.7499425411224365,0.0595703125,2.4087700843811035,0.08562615513801575,0.9873046875,3.2627055644989014,0.17724609375,3.877978563308716,0.064453125
confirm-M-w256-d52919-s803-g04-random,confirm,M,256,52919,803,96201,4,random,0.0001,0.1,3212800,30,0.11716498072312292,,2.716136843429243e-05,2052.690978527069,0.0,1.0,False,False,5.376338005065918,5.368532657623291,1.333120584487915,0.026437290012836456,0.99755859375,1.5695571899414062,0.60302734375,2.403367757797241,0.4326171875,2.646397352218628,0.03451292961835861,0.9970703125,3.3973441123962402,0.20703125,4.507334232330322,0.056640625,2.638788938522339,0.04246988147497177,0.99560546875,3.3467373847961426,0.2255859375,4.527158737182617,0.0673828125
confirm-M-w256-d52919-s803-g04-uniform,confirm,M,256,52919,803,96201,4,uniform,0.0001,0.1,3212800,0,,no_adaptation,,0.0,0.0,,False,False,5.376338005065918,5.368532657623291,5.342282772064209,0.007918238639831543,1.0,8.127817153930664,0.052734375,7.89111328125,0.07470703125,5.376338005065918,0.007920943200588226,1.0,8.079602241516113,0.0595703125,8.041491508483887,0.0576171875,5.368532657623291,0.007950473576784134,1.0,8.097000122070312,0.05712890625,8.000648498535156,0.0615234375
confirm-M-w256-d52919-s803-g04-uniform,confirm,M,256,52919,803,96201,4,uniform,0.0001,0.1,3212800,1,,constant_weights,,1522.5276230573654,0.0,1.0,False,False,5.376338005065918,5.368532657623291,2.368596076965332,1.2776615619659424,1.0,2.8807380199432373,0.052734375,2.9473886489868164,0.07470703125,2.3820042610168457,1.2755160331726074,1.0,2.8768837451934814,0.0595703125,2.9936130046844482,0.0576171875,2.38629150390625,1.2841176986694336,1.0,2.895956039428711,0.05712890625,2.9788010120391846,0.0615234375
confirm-M-w256-d52919-s803-g04-uniform,confirm,M,256,52919,803,96201,4,uniform,0.0001,0.1,3212800,3,,constant_weights,,1633.6738271713257,0.0,1.0,False,False,5.376338005065918,5.368532657623291,2.1515135765075684,0.705182671546936,1.0,2.7381622791290283,0.052734375,3.0111961364746094,0.07470703125,2.2256247997283936,0.730426549911499,1.0,2.8104047775268555,0.0595703125,3.136043071746826,0.0576171875,2.226370334625244,0.7287600040435791,1.0,2.805386543273926,0.05712890625,3.1449646949768066,0.0615234375
confirm-M-w256-d52919-s803-g04-uniform,confirm,M,256,52919,803,96201,4,uniform,0.0001,0.1,3212800,5,,constant_weights,,1760.0258734226227,0.0,1.0,False,False,5.376338005065918,5.368532657623291,1.9047322273254395,0.23893065750598907,1.0,2.638896942138672,0.0615234375,2.836369037628174,0.07470703125,1.9759140014648438,0.2732027471065521,1.0,2.716791868209839,0.0673828125,2.937747001647949,0.056640625,1.9788165092468262,0.27453702688217163,1.0,2.723214864730835,0.06201171875,2.9386980533599854,0.06005859375
confirm-M-w256-d52919-s803-g04-uniform,confirm,M,256,52919,803,96201,4,uniform,0.0001,0.1,3212800,10,,constant_weights,,1911.241233587265,0.0,0.96875,False,False,5.376338005065918,5.368532657623291,1.6093897819519043,0.037087149918079376,1.0,2.059751033782959,0.30224609375,2.7313308715820312,0.09716796875,1.8003365993499756,0.040726423263549805,1.0,2.5090320110321045,0.1767578125,2.8512516021728516,0.0556640625,1.8040080070495605,0.041397493332624435,1.0,2.5148115158081055,0.16259765625,2.8558151721954346,0.06298828125
confirm-M-w256-d52919-s803-g04-uniform,confirm,M,256,52919,803,96201,4,uniform,0.0001,0.1,3212800,20,,constant_weights,,2222.7258970737457,0.0,0.984375,False,False,5.376338005065918,5.368532657623291,1.001021146774292,0.024541474878787994,1.0,0.49934184551239014,0.89892578125,2.479180335998535,0.2099609375,1.656643033027649,0.03168090060353279,0.9990234375,1.9238979816436768,0.43359375,3.014350414276123,0.0537109375,1.647626280784607,0.03351637348532677,0.998046875,1.8745448589324951,0.45068359375,3.0348174571990967,0.0537109375
confirm-M-w256-d52919-s803-g04-uniform,confirm,M,256,52919,803,96201,4,uniform,0.0001,0.1,3212800,30,,constant_weights,,2548.1772286891937,0.0,0.9895833333333334,False,False,5.376338005065918,5.368532657623291,0.3653740882873535,0.013824786990880966,1.0,0.09098919481039047,0.9921875,0.9913083910942078,0.7109375,2.0414230823516846,0.016075707972049713,1.0,1.6759411096572876,0.5126953125,4.432251930236816,0.0615234375,2.028728485107422,0.017140844836831093,0.99951171875,1.6340513229370117,0.556640625,4.434993743896484,0.05810546875
confirm-M-w256-d52919-s803-g05-random,confirm,M,256,52919,803,96201,5,random,0.0001,1.0,3212800,0,,no_adaptation,,0.0,0.0,,False,False,5.376338005065918,5.368532657623291,5.342282772064209,0.007918238639831543,1.0,8.127817153930664,0.052734375,7.89111328125,0.07470703125,5.376338005065918,0.007920943200588226,1.0,8.079602241516113,0.0595703125,8.041491508483887,0.0576171875,5.368532657623291,0.007950473576784134,1.0,8.097000122070312,0.05712890625,8.000648498535156,0.0615234375
confirm-M-w256-d52919-s803-g05-random,confirm,M,256,52919,803,96201,5,random,0.0001,1.0,3212800,1,0.0,,8.142250360363098e-06,1482.086041688919,0.0,1.0,True,False,5.376338005065918,5.368532657623291,2.4475834369659424,1.5309852361679077,0.99267578125,2.884845733642578,0.05126953125,2.9269189834594727,0.07373046875,2.455138921737671,1.5256829261779785,0.994140625,2.889247179031372,0.05859375,2.950486660003662,0.056640625,2.4575343132019043,1.5372064113616943,0.990234375,2.88901424407959,0.05615234375,2.9463820457458496,0.0615234375
confirm-M-w256-d52919-s803-g05-random,confirm,M,256,52919,803,96201,5,random,0.0001,1.0,3212800,3,0.0061849908909349695,,3.023175749963446e-06,1566.6321932077408,0.0,1.0,False,False,5.376338005065918,5.368532657623291,2.282454252243042,0.7338705658912659,1.0,2.9405808448791504,0.052734375,3.1729111671447754,0.07470703125,2.348578691482544,0.7414823174476624,1.0,3.0127062797546387,0.0595703125,3.291548252105713,0.0576171875,2.3415868282318115,0.7473210692405701,1.0,2.991347312927246,0.05712890625,3.286092519760132,0.0615234375
confirm-M-w256-d52919-s803-g05-random,confirm,M,256,52919,803,96201,5,random,0.0001,1.0,3212800,5,0.010231704838929316,,5.92409975492229e-06,1632.3034400939941,0.0,1.0,False,False,5.376338005065918,5.368532657623291,2.1541900634765625,0.6550750732421875,1.0,2.763288974761963,0.0576171875,3.044206142425537,0.07470703125,2.2312443256378174,0.6776131391525269,0.9990234375,2.855102062225342,0.060546875,3.161017894744873,0.0576171875,2.227353572845459,0.680034875869751,0.9990234375,2.8309340476989746,0.05859375,3.1710922718048096,0.0615234375
confirm-M-w256-d52919-s803-g05-random,confirm,M,256,52919,803,96201,5,random,0.0001,1.0,3212800,10,0.0199596585614448,,1.6121689900188237e-05,1788.6464153528214,0.0,1.0,False,False,5.376338005065918,5.368532657623291,1.8488327264785767,0.12030072510242462,0.9951171875,2.5701842308044434,0.1552734375,2.856013298034668,0.0986328125,2.003762722015381,0.13426101207733154,0.990234375,2.8495171070098877,0.1220703125,3.027510404586792,0.06640625,2.0073909759521484,0.13027137517929077,0.99609375,2.8372907638549805,0.10546875,3.0546109676361084,0.0615234375
confirm-M-w256-d52919-s803-g05-random,confirm,M,256,52919,803,96201,5,random,0.0001,1.0,3212800,20,0.08376169626465013,,8.300894655081246e-05,1854.2161164283752,0.0,1.0,False,False,5.376338005065918,5.368532657623291,1.7207667827606201,0.07510839402675629,0.99169921875,2.209815740585327,0.4033203125,2.8773765563964844,0.23095703125,2.3241662979125977,0.08239307999610901,0.9921875,3.2109055519104004,0.1630859375,3.679199695587158,0.0625,2.3748316764831543,0.09217149019241333,0.9892578125,3.2304346561431885,0.1689453125,3.801888942718506,0.0634765625
confirm-M-w256-d52919-s803-g05-random,confirm,M,256,52919,803,96201,5,random,0.0001,1.0,3212800,30,0.11889130375335599,,2.312941017725662e-05,2021.9499430656433,0.0,1.0,False,False,5.376338005065918,5.368532657623291,1.3931618928909302,0.028638016432523727,0.99951171875,1.6837975978851318,0.578125,2.4670495986938477,0.408203125,2.617424964904785,0.036924101412296295,0.9970703125,3.4133548736572266,0.193359375,4.401996612548828,0.0546875,2.6301307678222656,0.04090623930096626,0.99658203125,3.398292064666748,0.2021484375,4.4511942863464355,0.0556640625
confirm-M-w256-d52919-s803-g05-uniform,confirm,M,256,52919,803,96201,5,uniform,0.0001,1.0,3212800,0,,no_adaptation,,0.0,0.0,,False,False,5.376338005065918,5.368532657623291,5.342282772064209,0.007918238639831543,1.0,8.127817153930664,0.052734375,7.89111328125,0.07470703125,5.376338005065918,0.007920943200588226,1.0,8.079602241516113,0.0595703125,8.041491508483887,0.0576171875,5.368532657623291,0.007950473576784134,1.0,8.097000122070312,0.05712890625,8.000648498535156,0.0615234375
confirm-M-w256-d52919-s803-g05-uniform,confirm,M,256,52919,803,96201,5,uniform,0.0001,1.0,3212800,1,,constant_weights,,1522.4282091856003,0.0,1.0,False,False,5.376338005065918,5.368532657623291,2.3687903881073,1.2774543762207031,1.0,2.881070375442505,0.052734375,2.947845935821533,0.07470703125,2.382219076156616,1.275322437286377,1.0,2.877242088317871,0.0595703125,2.9940927028656006,0.0576171875,2.386495590209961,1.2839065790176392,1.0,2.896280527114868,0.05712890625,2.9793004989624023,0.0615234375
confirm-M-w256-d52919-s803-g05-uniform,confirm,M,256,52919,803,96201,5,uniform,0.0001,1.0,3212800,3,,constant_weights,,1633.139265537262,0.0,1.0,False,False,5.376338005065918,5.368532657623291,2.152557849884033,0.707828938961029,1.0,2.7383155822753906,0.052734375,3.011528253555298,0.07470703125,2.226532459259033,0.733017086982727,1.0,2.810410737991333,0.0595703125,3.136169910430908,0.0576171875,2.227264881134033,0.7313249111175537,1.0,2.805346727371216,0.05712890625,3.145122528076172,0.0615234375
confirm-M-w256-d52919-s803-g05-uniform,confirm,M,256,52919,803,96201,5,uniform,0.0001,1.0,3212800,5,,constant_weights,,1758.0306634902954,0.0,1.0,False,False,5.376338005065918,5.368532657623291,1.908629059791565,0.2457510232925415,1.0,2.641533613204956,0.06103515625,2.8386030197143555,0.076171875,1.9799318313598633,0.28016164898872375,1.0,2.7194602489471436,0.06640625,2.940173625946045,0.05859375,1.9829697608947754,0.28203535079956055,1.0,2.7257893085479736,0.06298828125,2.941084623336792,0.060546875
confirm-M-w256-d52919-s803-g05-uniform,confirm,M,256,52919,803,96201,5,uniform,0.0001,1.0,3212800,10,,constant_weights,,1907.6539797782898,0.0,0.96875,False,False,5.376338005065918,5.368532657623291,1.6163959503173828,0.04068005084991455,1.0,2.075221061706543,0.296875,2.7332870960235596,0.09765625,1.8020431995391846,0.044557977467775345,1.0,2.5089404582977295,0.177734375,2.852631092071533,0.0546875,1.805452823638916,0.045099642127752304,1.0,2.514289140701294,0.16015625,2.8569698333740234,0.0625
confirm-M-w256-d52919-s803-g05-uniform,confirm,M,256,52919,803,96201,5,uniform,0.0001,1.0,3212800,20,,constant_weights,,2200.546156644821,0.0,0.984375,False,False,5.376338005065918,5.368532657623291,1.0443410873413086,0.02904244139790535,1.0,0.6086872816085815,0.85595703125,2.495293617248535,0.2060546875,1.6835764646530151,0.03631297126412392,0.9990234375,2.0188729763031006,0.3935546875,2.9955432415008545,0.0576171875,1.671740174293518,0.03710249811410904,0.99755859375,1.9597351551055908,0.416015625,3.018383026123047,0.05322265625
confirm-M-w256-d52919-s803-g05-uniform,confirm,M,256,52919,803,96201,5,uniform,0.0001,1.0,3212800,30,,constant_weights,,2520.87203001976,0.0,0.9895833333333334,False,False,5.376338005065918,5.368532657623291,0.4187045693397522,0.019305700436234474,1.0,0.11191829293966293,0.99462890625,1.1248897314071655,0.67333984375,1.9301111698150635,0.021725371479988098,1.0,1.6366339921951294,0.5166015625,4.131974220275879,0.0634765625,1.9370818138122559,0.02319476753473282,1.0,1.6155123710632324,0.541015625,4.1725382804870605,0.06298828125
confirm-M-w256-d55049-s801-g04-random,confirm,M,256,55049,801,96202,4,random,0.0001,0.1,3212800,0,,no_adaptation,,0.0,0.0,,False,False,5.2781195640563965,5.270501136779785,5.259178638458252,0.008370771072804928,1.0,7.814320087432861,0.0771484375,7.954843521118164,0.05859375,5.2781195640563965,0.008392494171857834,1.0,7.825948238372803,0.0751953125,8.000018119812012,0.0556640625,5.270501136779785,0.00836004689335823,1.0,7.894309997558594,0.06884765625,7.908832550048828,0.06298828125
confirm-M-w256-d55049-s801-g04-random,confirm,M,256,55049,801,96202,4,random,0.0001,0.1,3212800,1,0.008317952352112856,,3.6585654753559125e-06,1433.5246648788452,0.0,1.0,False,False,5.2781195640563965,5.270501136779785,2.4593255519866943,1.6036036014556885,0.97216796875,2.8531365394592285,0.07421875,2.921236515045166,0.060546875,2.4777936935424805,1.6188035011291504,0.9697265625,2.8750104904174805,0.072265625,2.9395670890808105,0.060546875,2.4772448539733887,1.612452745437622,0.97314453125,2.8763861656188965,0.06591796875,2.9428956508636475,0.06396484375
confirm-M-w256-d55049-s801-g04-random,confirm,M,256,55049,801,96202,4,random,0.0001,0.1,3212800,3,0.013579681738203262,,1.1888507270165225e-05,1531.6554136276245,0.0,1.0,False,False,5.2781195640563965,5.270501136779785,2.2676637172698975,0.8152902126312256,0.99853515625,2.851289987564087,0.07861328125,3.136411190032959,0.06005859375,2.3192873001098633,0.8275220990180969,0.9990234375,2.922177791595459,0.076171875,3.208162307739258,0.0546875,2.320692539215088,0.8284716010093689,0.9970703125,2.9394335746765137,0.0712890625,3.1941728591918945,0.0625
confirm-M-w256-d55049-s801-g04-random,confirm,M,256,55049,801,96202,4,random,0.0001,0.1,3212800,5,0.016554184299403148,,1.5142370955304506e-05,1604.035451412201,0.0,1.0,False,False,5.2781195640563965,5.270501136779785,2.1262965202331543,0.5862998962402344,0.99755859375,2.747462511062622,0.0810546875,3.0451269149780273,0.064453125,2.1944420337677,0.6170485615730286,0.998046875,2.8509204387664795,0.0751953125,3.1153573989868164,0.0556640625,2.197735071182251,0.603692889213562,0.9970703125,2.8617026805877686,0.07373046875,3.12781023979187,0.06396484375
confirm-M-w256-d55049-s801-g04-random,confirm,M,256,55049,801,96202,4,random,0.0001,0.1,3212800,10,0.028509649816945155,,3.252332067227977e-05,1736.7894456386566,0.0,1.0,False,False,5.2781195640563965,5.270501136779785,1.8670114278793335,0.1370881050825119,0.994140625,2.5820555686950684,0.16455078125,2.8818907737731934,0.0927734375,2.0033957958221436,0.15822720527648926,0.9912109375,2.8180065155029297,0.115234375,3.0339531898498535,0.0537109375,2.014315605163574,0.15984123945236206,0.98779296875,2.829179048538208,0.10888671875,3.053927421569824,0.06298828125
confirm-M-w256-d55049-s801-g04-random,confirm,M,256,55049,801,96202,4,random,0.0001,0.1,3212800,20,0.10308896767005565,,0.0001270352162752699,1773.0974180698395,0.0,1.0,False,False,5.2781195640563965,5.270501136779785,1.7960973978042603,0.05037110671401024,0.998046875,2.3551669120788574,0.376953125,2.9827542304992676,0.22265625,2.46258544921875,0.06398508697748184,0.998046875,3.3956899642944336,0.1435546875,3.928081512451172,0.0625,2.4526665210723877,0.06513646245002747,0.99609375,3.375750780105591,0.13623046875,3.917111873626709,0.052734375
confirm-M-w256-d55049-s801-g04-random,confirm,M,256,55049,801,96202,4,random,0.0001,0.1,3212800,30,0.14487407340658487,,5.4483748367163256e-05,1953.455630660057,0.0,1.0,False,False,5.2781195640563965,5.270501136779785,1.4438352584838867,0.02713935449719429,0.99755859375,1.8199859857559204,0.56103515625,2.4843804836273193,0.4208984375,2.775808334350586,0.03649682551622391,0.9970703125,3.6516225337982178,0.15234375,4.639305114746094,0.060546875,2.7541749477386475,0.037611767649650574,0.99658203125,3.5872719287872314,0.17578125,4.637641906738281,0.05712890625
confirm-M-w256-d55049-s801-g04-uniform,confirm,M,256,55049,801,96202,4,uniform,0.0001,0.1,3212800,0,,no_adaptation,,0.0,0.0,,False,False,5.2781195640563965,5.270501136779785,5.259178638458252,0.008370771072804928,1.0,7.814320087432861,0.0771484375,7.954843521118164,0.05859375,5.2781195640563965,0.008392494171857834,1.0,7.825948238372803,0.0751953125,8.000018119812012,0.0556640625,5.270501136779785,0.00836004689335823,1.0,7.894309997558594,0.06884765625,7.908832550048828,0.06298828125
confirm-M-w256-d55049-s801-g04-uniform,confirm,M,256,55049,801,96202,4,uniform,0.0001,0.1,3212800,1,,constant_weights,,1464.9904973506927,0.0,1.0,False,False,5.2781195640563965,5.270501136779785,2.3978686332702637,1.4224700927734375,1.0,2.8357279300689697,0.0771484375,2.935408115386963,0.05859375,2.4162113666534424,1.436182975769043,1.0,2.8630123138427734,0.0751953125,2.9494380950927734,0.0556640625,2.4129762649536133,1.4278924465179443,1.0,2.8644235134124756,0.06884765625,2.94661283493042,0.06298828125
confirm-M-w256-d55049-s801-g04-uniform,confirm,M,256,55049,801,96202,4,uniform,0.0001,0.1,3212800,3,,constant_weights,,1590.022668004036,0.0,1.0,False,False,5.2781195640563965,5.270501136779785,2.153665065765381,0.6933011412620544,1.0,2.739225149154663,0.0771484375,3.0284695625305176,0.05859375,2.211670398712158,0.7174545526504517,1.0,2.822429656982422,0.0751953125,3.0951266288757324,0.0556640625,2.2111361026763916,0.7195667624473572,1.0,2.826735496520996,0.06884765625,3.087106227874756,0.06298828125
confirm-M-w256-d55049-s801-g04-uniform,confirm,M,256,55049,801,96202,4,uniform,0.0001,0.1,3212800,5,,constant_weights,,1725.9391629695892,0.0,1.0,False,False,5.2781195640563965,5.270501136779785,1.8882033824920654,0.18036606907844543,1.0,2.6382153034210205,0.08251953125,2.8460283279418945,0.0595703125,1.9443315267562866,0.21557770669460297,1.0,2.715928316116333,0.0791015625,2.9014885425567627,0.052734375,1.9432477951049805,0.1912630796432495,1.0,2.7328054904937744,0.0712890625,2.9056742191314697,0.0634765625
confirm-M-w256-d55049-s801-g04-uniform,confirm,M,256,55049,801,96202,4,uniform,0.0001,0.1,3212800,10,,constant_weights,,1836.707687139511,0.0,0.975,False,False,5.2781195640563965,5.270501136779785,1.6718584299087524,0.033269766718149185,1.0,2.2412824630737305,0.25927734375,2.741023302078247,0.09619140625,1.8050764799118042,0.03669515624642372,1.0,2.5539708137512207,0.1416015625,2.824563980102539,0.06640625,1.8080960512161255,0.03751165419816971,1.0,2.550330638885498,0.14501953125,2.8364458084106445,0.06298828125
confirm-M-w256-d55049-s801-g04-uniform,confirm,M,256,55049,801,96202,4,uniform,0.0001,0.1,3212800,20,,constant_weights,,2101.7700564861298,0.0,0.9875,False,False,5.2781195640563965,5.270501136779785,1.154158592224121,0.02623191475868225,0.99951171875,0.8677710890769958,0.765625,2.5684726238250732,0.18310546875,1.7911460399627686,0.033185478299856186,0.9990234375,2.4066038131713867,0.28125,2.9336490631103516,0.0576171875,1.7955288887023926,0.03168012946844101,0.99951171875,2.3813414573669434,0.28466796875,2.9735655784606934,0.0537109375
confirm-M-w256-d55049-s801-g04-uniform,confirm,M,256,55049,801,96202,4,uniform,0.0001,0.1,3212800,30,,constant_weights,,2457.728796005249,0.0,0.9916666666666667,False,False,5.2781195640563965,5.270501136779785,0.4589267075061798,0.015689613297581673,1.0,0.11039535701274872,0.994140625,1.2506952285766602,0.61962890625,1.9509941339492798,0.022891608998179436,0.998046875,1.8253837823867798,0.50390625,4.004707336425781,0.0556640625,1.9909403324127197,0.021051224321126938,0.9990234375,1.874595284461975,0.48583984375,4.077174663543701,0.06005859375
confirm-M-w256-d55049-s801-g05-random,confirm,M,256,55049,801,96202,5,random,0.0001,1.0,3212800,0,,no_adaptation,,0.0,0.0,,False,False,5.2781195640563965,5.270501136779785,5.259178638458252,0.008370771072804928,1.0,7.814320087432861,0.0771484375,7.954843521118164,0.05859375,5.2781195640563965,0.008392494171857834,1.0,7.825948238372803,0.0751953125,8.000018119812012,0.0556640625,5.270501136779785,0.00836004689335823,1.0,7.894309997558594,0.06884765625,7.908832550048828,0.06298828125
confirm-M-w256-d55049-s801-g05-random,confirm,M,256,55049,801,96202,5,random,0.0001,1.0,3212800,1,0.008316129052298615,,3.660571238010038e-06,1433.3758645057678,0.0,1.0,False,False,5.2781195640563965,5.270501136779785,2.459616184234619,1.6040058135986328,0.97265625,2.8533473014831543,0.07421875,2.921494960784912,0.060546875,2.4780757427215576,1.6191959381103516,0.9697265625,2.875215530395508,0.072265625,2.9398157596588135,0.060546875,2.4775187969207764,1.6128400564193726,0.97412109375,2.876593828201294,0.06640625,2.943122386932373,0.0634765625
confirm-M-w256-d55049-s801-g05-random,confirm,M,256,55049,801,96202,5,random,0.0001,1.0,3212800,3,0.01357905184742873,,1.188337006178857e-05,1531.3208237886429,0.0,1.0,False,False,5.2781195640563965,5.270501136779785,2.268317222595215,0.8155949115753174,0.99853515625,2.85182523727417,0.07861328125,3.1375319957733154,0.06005859375,2.3198471069335938,0.8277406692504883,0.9990234375,2.922703742980957,0.076171875,3.2090964317321777,0.0546875,2.3213114738464355,0.8287432193756104,0.9970703125,2.939953327178955,0.0712890625,3.1952381134033203,0.0625
confirm-M-w256-d55049-s801-g05-random,confirm,M,256,55049,801,96202,5,random,0.0001,1.0,3212800,5,0.016498570264180494,,1.509074870169178e-05,1603.3683701753616,0.0,1.0,False,False,5.2781195640563965,5.270501136779785,2.1275994777679443,0.5887178778648376,0.998046875,2.7486941814422607,0.08056640625,3.0453860759735107,0.06396484375,2.1953606605529785,0.6195448637008667,0.998046875,2.8512725830078125,0.0751953125,3.115264654159546,0.056640625,2.1985085010528564,0.6055143475532532,0.99658203125,2.8621950149536133,0.07421875,3.1278157234191895,0.0634765625
confirm-M-w256-d55049-s801-g05-random,confirm,M,256,55049,801,96202,5,random,0.0001,1.0,3212800,10,0.027897954051351884,,3.1119172557848616e-05,1734.267527103424,0.0,1.0,False,False,5.2781195640563965,5.270501136779785,1.8719370365142822,0.1433151364326477,0.994140625,2.589308023452759,0.1611328125,2.883188009262085,0.09228515625,2.004457950592041,0.16477563977241516,0.9921875,2.8155124187469482,0.111328125,3.033085584640503,0.0546875,2.014341115951538,0.16573727130889893,0.98876953125,2.8272368907928467,0.10693359375,3.050048828125,0.06494140625
confirm-M-w256-d55049-s801-g05-random,confirm,M,256,55049,801,96202,5,random,0.0001,1.0,3212800,20,0.09500291063011647,,0.00012204148368256745,1779.4903544187546,0.0,1.0,False,False,5.2781195640563965,5.270501136779785,1.7836111783981323,0.05862977355718613,0.998046875,2.3546454906463623,0.36474609375,2.9375579357147217,0.21337890625,2.398555278778076,0.07339787483215332,0.9990234375,3.3188414573669434,0.1357421875,3.803426742553711,0.0625,2.382821798324585,0.07305246591567993,0.99658203125,3.2903382778167725,0.13232421875,3.7850747108459473,0.0517578125
confirm-M-w256-d55049-s801-g05-random,confirm,M,256,55049,801,96202,5,random,0.0001,1.0,3212800,30,0.14142463606099748,,4.814799847251485e-05,1937.0669844150543,0.0,1.0,False,False,5.2781195640563965,5.270501136779785,1.475844383239746,0.031325891613960266,0.99951171875,1.9123905897140503,0.53515625,2.483816385269165,0.4140625,2.7021431922912598,0.04089077562093735,0.998046875,3.620234966278076,0.15625,4.445303916931152,0.05859375,2.675945281982422,0.04180946946144104,0.9970703125,3.5411734580993652,0.173828125,4.44485330581665,0.05810546875
confirm-M-w256-d55049-s801-g05-uniform,confirm,M,256,55049,801,96202,5,uniform,0.0001,1.0,3212800,0,,no_adaptation,,0.0,0.0,,False,False,5.2781195640563965,5.270501136779785,5.259178638458252,0.008370771072804928,1.0,7.814320087432861,0.0771484375,7.954843521118164,0.05859375,5.2781195640563965,0.008392494171857834,1.0,7.825948238372803,0.0751953125,8.000018119812012,0.0556640625,5.270501136779785,0.00836004689335823,1.0,7.894309997558594,0.06884765625,7.908832550048828,0.06298828125
confirm-M-w256-d55049-s801-g05-uniform,confirm,M,256,55049,801,96202,5,uniform,0.0001,1.0,3212800,1,,constant_weights,,1464.9151141643524,0.0,1.0,False,False,5.2781195640563965,5.270501136779785,2.3980159759521484,1.4223068952560425,1.0,2.8359668254852295,0.0771484375,2.9357738494873047,0.05859375,2.416353464126587,1.4360053539276123,1.0,2.863251209259033,0.0751953125,2.949803590774536,0.0556640625,2.413120746612549,1.4277220964431763,1.0,2.864684581756592,0.06884765625,2.946955680847168,0.06298828125
confirm-M-w256-d55049-s801-g05-uniform,confirm,M,256,55049,801,96202,5,uniform,0.0001,1.0,3212800,3,,constant_weights,,1589.6540923118591,0.0,1.0,False,False,5.2781195640563965,5.270501136779785,2.1543853282928467,0.6956073045730591,1.0,2.7392005920410156,0.0771484375,3.0283474922180176,0.05859375,2.2122349739074707,0.719601571559906,1.0,2.822269916534424,0.0751953125,3.0948328971862793,0.0556640625,2.2116947174072266,0.7217345237731934,1.0,2.8264689445495605,0.06884765625,3.086880683898926,0.06298828125
confirm-M-w256-d55049-s801-g05-uniform,confirm,M,256,55049,801,96202,5,uniform,0.0001,1.0,3212800,5,,constant_weights,,1724.1682819128036,0.0,1.0,False,False,5.2781195640563965,5.270501136779785,1.8916621208190918,0.1882248967885971,1.0,2.6400370597839355,0.08251953125,2.846724033355713,0.0595703125,1.9475351572036743,0.2236938774585724,1.0,2.717257499694824,0.078125,2.9016542434692383,0.052734375,1.946340560913086,0.19964352250099182,1.0,2.73356556892395,0.0712890625,2.9058125019073486,0.06298828125
confirm-M-w256-d55049-s801-g05-uniform,confirm,M,256,55049,801,96202,5,uniform,0.0001,1.0,3212800,10,,constant_weights,,1833.7856330871582,0.0,0.975,False,False,5.2781195640563965,5.270501136779785,1.6775658130645752,0.03581380471587181,1.0,2.254157543182373,0.25537109375,2.7427256107330322,0.0947265625,1.8067569732666016,0.03931340575218201,1.0,2.555614948272705,0.140625,2.8253424167633057,0.06640625,1.8095425367355347,0.040159158408641815,1.0,2.551565170288086,0.14453125,2.8369030952453613,0.06103515625
confirm-M-w256-d55049-s801-g05-uniform,confirm,M,256,55049,801,96202,5,uniform,0.0001,1.0,3212800,20,,constant_weights,,2076.960102081299,0.0,0.9875,False,False,5.2781195640563965,5.270501136779785,1.2026156187057495,0.032095424830913544,1.0,0.9918774366378784,0.732421875,2.583873748779297,0.17724609375,1.810819387435913,0.039168644696474075,0.9990234375,2.462022304534912,0.259765625,2.931267499923706,0.0537109375,1.8133045434951782,0.03784559667110443,0.99951171875,2.4381351470947266,0.26708984375,2.9639320373535156,0.0537109375
confirm-M-w256-d55049-s801-g05-uniform,confirm,M,256,55049,801,96202,5,uniform,0.0001,1.0,3212800,30,,constant_weights,,2432.230139017105,0.0,0.9916666666666667,False,False,5.2781195640563965,5.270501136779785,0.5087287425994873,0.023802902549505234,1.0,0.14070847630500793,0.99267578125,1.3616750240325928,0.591796875,1.9111453294754028,0.030806927010416985,0.9990234375,1.860349416732788,0.4931640625,3.8422794342041016,0.0595703125,1.9439176321029663,0.02999464049935341,0.99951171875,1.871347188949585,0.47998046875,3.9304113388061523,0.06103515625
confirm-M-w256-d55049-s802-g04-random,confirm,M,256,55049,802,96202,4,random,0.0001,0.1,3212800,0,,no_adaptation,,0.0,0.0,,False,False,5.314704895019531,5.307860374450684,5.302535057067871,0.007804063614457846,1.0,7.853424072265625,0.0771484375,8.046378135681152,0.05859375,5.314704895019531,0.0078287273645401,1.0,7.87590217590332,0.0751953125,8.060382843017578,0.0556640625,5.307860374450684,0.007802772801369429,1.0,7.930208683013916,0.06884765625,7.985569000244141,0.06298828125
confirm-M-w256-d55049-s802-g04-random,confirm,M,256,55049,802,96202,4,random,0.0001,0.1,3212800,1,0.0045131331261148416,,1.59312072398003e-06,1455.461933374405,0.0,1.0,False,False,5.314704895019531,5.307860374450684,2.45983624458313,1.6012030839920044,0.98291015625,2.8432254791259766,0.07763671875,2.9350805282592773,0.05859375,2.469247579574585,1.602604627609253,0.984375,2.855182647705078,0.07421875,2.949955463409424,0.0556640625,2.4658043384552,1.6046150922775269,0.982421875,2.8615877628326416,0.068359375,2.931210517883301,0.0654296875
confirm-M-w256-d55049-s802-g04-random,confirm,M,256,55049,802,96202,4,random,0.0001,0.1,3212800,3,0.012717620053796022,,4.5886706837321264e-06,1558.8050907850266,0.0,1.0,False,False,5.314704895019531,5.307860374450684,2.2579941749572754,0.7604990005493164,0.99951171875,2.8414173126220703,0.0771484375,3.1720659732818604,0.05859375,2.300013542175293,0.7727458477020264,1.0,2.9207258224487305,0.0751953125,3.206568717956543,0.0556640625,2.294313669204712,0.7760448455810547,0.99951171875,2.9215002059936523,0.06884765625,3.1853959560394287,0.06298828125
confirm-M-w256-d55049-s802-g04-random,confirm,M,256,55049,802,96202,4,random,0.0001,0.1,3212800,5,0.014909466492496793,,7.141241660577544e-06,1644.9946318864822,0.0,1.0,False,False,5.314704895019531,5.307860374450684,2.0896553993225098,0.49261677265167236,1.0,2.732701301574707,0.0859375,3.043647289276123,0.060546875,2.159449577331543,0.5262506604194641,0.998046875,2.8330018520355225,0.0791015625,3.119096279144287,0.0537109375,2.1528353691101074,0.5165461301803589,0.99853515625,2.8261325359344482,0.0732421875,3.1158273220062256,0.0625
confirm-M-w256-d55049-s802-g04-random,confirm,M,256,55049,802,96202,4,random,0.0001,0.1,3212800,10,0.029676083903237026,,2.8789885618091017e-05,1754.4778431653976,0.0,1.0,False,False,5.314704895019531,5.307860374450684,1.8758208751678467,0.09006182849407196,0.99755859375,2.59991192817688,0.16650390625,2.9374887943267822,0.08935546875,2.0534708499908447,0.1127225011587143,0.9951171875,2.905951738357544,0.1044921875,3.141737937927246,0.048828125,2.0317656993865967,0.10367918759584427,0.9951171875,2.8634724617004395,0.10693359375,3.128145217895508,0.06787109375
confirm-M-w256-d55049-s802-g04-random,confirm,M,256,55049,802,96202,4,random,0.0001,0.1,3212800,20,0.10265179460999627,,0.00010854257754240755,1807.955720424652,0.0,1.0,False,False,5.314704895019531,5.307860374450684,1.771371841430664,0.05147986486554146,0.998046875,2.297910690307617,0.38330078125,2.9647250175476074,0.240234375,2.441693067550659,0.06412897258996964,0.9951171875,3.4233760833740234,0.13671875,3.837573528289795,0.0751953125,2.478799343109131,0.06652911752462387,0.99560546875,3.420067310333252,0.14306640625,3.9498019218444824,0.056640625
confirm-M-w256-d55049-s802-g04-random,confirm,M,256,55049,802,96202,4,random,0.0001,0.1,3212800,30,0.13706499905603675,,5.0042202764904543e-05,2008.2594250440598,0.0,1.0,False,False,5.314704895019531,5.307860374450684,1.3801536560058594,0.03196875751018524,0.998046875,1.6781961917877197,0.57958984375,2.430295944213867,0.45263671875,2.6238393783569336,0.046765100210905075,0.9912109375,3.4550414085388184,0.1875,4.369710922241211,0.060546875,2.7329325675964355,0.04219391196966171,0.99462890625,3.549428701400757,0.1787109375,4.607174873352051,0.0556640625
confirm-M-w256-d55049-s802-g04-uniform,confirm,M,256,55049,802,96202,4,uniform,0.0001,0.1,3212800,0,,no_adaptation,,0.0,0.0,,False,False,5.314704895019531,5.307860374450684,5.302535057067871,0.007804063614457846,1.0,7.853424072265625,0.0771484375,8.046378135681152,0.05859375,5.314704895019531,0.0078287273645401,1.0,7.87590217590332,0.0751953125,8.060382843017578,0.0556640625,5.307860374450684,0.007802772801369429,1.0,7.930208683013916,0.06884765625,7.985569000244141,0.06298828125
confirm-M-w256-d55049-s802-g04-uniform,confirm,M,256,55049,802,96202,4,uniform,0.0001,0.1,3212800,1,,constant_weights,,1498.064653635025,0.0,1.0,False,False,5.314704895019531,5.307860374450684,2.3766279220581055,1.354449987411499,1.0,2.832653522491455,0.0771484375,2.942780017852783,0.05859375,2.390221357345581,1.3554580211639404,1.0,2.851166248321533,0.0751953125,2.9640400409698486,0.0556640625,2.3936328887939453,1.359734296798706,1.0,2.863132953643799,0.06884765625,2.958031177520752,0.06298828125
confirm-M-w256-d55049-s802-g04-uniform,confirm,M,256,55049,802,96202,4,uniform,0.0001,0.1,3212800,3,,constant_weights,,1623.4360460042953,0.0,1.0,False,False,5.314704895019531,5.307860374450684,2.1317617893218994,0.6496766805648804,1.0,2.725615978240967,0.07763671875,3.0199930667877197,0.0595703125,2.1920299530029297,0.6731303930282593,1.0,2.816554546356201,0.0751953125,3.086405038833618,0.0556640625,2.1910476684570312,0.6787045001983643,1.0,2.811614513397217,0.06982421875,3.0828237533569336,0.06201171875
confirm-M-w256-d55049-s802-g04-uniform,confirm,M,256,55049,802,96202,4,uniform,0.0001,0.1,3212800,5,,constant_weights,,1755.5918213129044,0.0,1.0,False,False,5.314704895019531,5.307860374450684,1.8736449480056763,0.14783911406993866,1.0,2.637531042098999,0.0908203125,2.8355653285980225,0.06494140625,1.9313101768493652,0.16192711889743805,1.0,2.728026866912842,0.0849609375,2.9039764404296875,0.0517578125,1.9320629835128784,0.1660163551568985,1.0,2.726341962814331,0.07763671875,2.9038305282592773,0.06494140625
confirm-M-w256-d55049-s802-g04-uniform,confirm,M,256,55049,802,96202,4,uniform,0.0001,0.1,3212800,10,,constant_weights,,1865.114504814148,0.0,0.98125,False,False,5.314704895019531,5.307860374450684,1.659733772277832,0.031992994248867035,1.0,2.1969399452209473,0.27294921875,2.75026798248291,0.08447265625,1.8133260011672974,0.03536674380302429,1.0,2.564441204071045,0.15625,2.84017014503479,0.0556640625,1.8068382740020752,0.03545423597097397,1.0,2.5360493659973145,0.158203125,2.849011182785034,0.06103515625
confirm-M-w256-d55049-s802-g04-uniform,confirm,M,256,55049,802,96202,4,uniform,0.0001,0.1,3212800,20,,constant_weights,,2183.0815200805664,0.0,0.990625,False,False,5.314704895019531,5.307860374450684,1.0387042760849,0.024681665003299713,1.0,0.5567536354064941,0.86279296875,2.534677505493164,0.1748046875,1.631746768951416,0.033410608768463135,1.0,1.909116268157959,0.4296875,2.95271372795105,0.0458984375,1.651342511177063,0.031440287828445435,0.99951171875,1.9320085048675537,0.4296875,2.9905784130096436,0.06103515625
confirm-M-w256-d55049-s802-g04-uniform,confirm,M,256,55049,802,96202,4,uniform,0.0001,0.1,3212800,30,,constant_weights,,2524.2368636131287,0.0,0.99375,False,False,5.314704895019531,5.307860374450684,0.37238529324531555,0.015028602443635464,1.0,0.0750286728143692,0.99853515625,1.027098536491394,0.6962890625,1.9412988424301147,0.024146538227796555,0.99609375,1.49178147315979,0.5810546875,4.3079681396484375,0.0537109375,1.9505491256713867,0.022359348833560944,0.99755859375,1.567023754119873,0.57568359375,4.262264728546143,0.0634765625
confirm-M-w256-d55049-s802-g05-random,confirm,M,256,55049,802,96202,5,random,0.0001,1.0,3212800,0,,no_adaptation,,0.0,0.0,,False,False,5.314704895019531,5.307860374450684,5.302535057067871,0.007804063614457846,1.0,7.853424072265625,0.0771484375,8.046378135681152,0.05859375,5.314704895019531,0.0078287273645401,1.0,7.87590217590332,0.0751953125,8.060382843017578,0.0556640625,5.307860374450684,0.007802772801369429,1.0,7.930208683013916,0.06884765625,7.985569000244141,0.06298828125
confirm-M-w256-d55049-s802-g05-random,confirm,M,256,55049,802,96202,5,random,0.0001,1.0,3212800,1,0.004513590497848519,,1.5929847561548736e-06,1455.2859048843384,0.0,1.0,False,False,5.314704895019531,5.307860374450684,2.4601800441741943,1.6017613410949707,0.98291015625,2.84344744682312,0.07763671875,2.9353318214416504,0.05859375,2.4695820808410645,1.6031442880630493,0.984375,2.855410575866699,0.07421875,2.950190544128418,0.056640625,2.4661545753479004,1.605173945426941,0.982421875,2.8618314266204834,0.068359375,2.9314584732055664,0.0654296875
confirm-M-w256-d55049-s802-g05-random,confirm,M,256,55049,802,96202,5,random,0.0001,1.0,3212800,3,0.012714496547771771,,4.5959702750989855e-06,1558.4181710481644,0.0,1.0,False,False,5.314704895019531,5.307860374450684,2.2587499618530273,0.7608563303947449,0.99951171875,2.8420591354370117,0.0771484375,3.1733343601226807,0.05859375,2.300722599029541,0.7730369567871094,1.0,2.921332597732544,0.0751953125,3.207799196243286,0.0556640625,2.295097589492798,0.7763720750808716,0.99951171875,2.922234058380127,0.06884765625,3.1866865158081055,0.06298828125
confirm-M-w256-d55049-s802-g05-random,confirm,M,256,55049,802,96202,5,random,0.0001,1.0,3212800,5,0.014885632647498256,,7.069730941290439e-06,1644.0864012241364,0.0,1.0,False,False,5.314704895019531,5.307860374450684,2.0914292335510254,0.49685776233673096,1.0,2.7337183952331543,0.0849609375,3.0437111854553223,0.060546875,2.1606051921844482,0.5302062034606934,0.998046875,2.8330483436584473,0.0791015625,3.118561029434204,0.0537109375,2.1541266441345215,0.5205352902412415,0.99853515625,2.8268351554870605,0.07275390625,3.1150097846984863,0.0625
confirm-M-w256-d55049-s802-g05-random,confirm,M,256,55049,802,96202,5,random,0.0001,1.0,3212800,10,0.02870783068205368,,2.6874772160170406e-05,1754.3942180871964,0.0,1.0,False,False,5.314704895019531,5.307860374450684,1.8759841918945312,0.09848597645759583,0.99755859375,2.598172903060913,0.15771484375,2.931293487548828,0.0888671875,2.0470707416534424,0.12233015149831772,0.9951171875,2.8895881175994873,0.1025390625,3.129293918609619,0.046875,2.025714874267578,0.11255604028701782,0.9951171875,2.849499464035034,0.10546875,3.115088701248169,0.06787109375
confirm-M-w256-d55049-s802-g05-random,confirm,M,256,55049,802,96202,5,random,0.0001,1.0,3212800,20,0.09683269183732622,,0.0001149163340530518,1802.659372806549,0.0,1.0,False,False,5.314704895019531,5.307860374450684,1.7817164659500122,0.05786661058664322,0.99853515625,2.3224925994873047,0.37109375,2.964789867401123,0.22265625,2.4103145599365234,0.07167830318212509,0.9951171875,3.381403684616089,0.13671875,3.7778615951538086,0.07421875,2.4426658153533936,0.072484090924263,0.99609375,3.3806443214416504,0.13525390625,3.8748693466186523,0.05615234375
confirm-M-w256-d55049-s802-g05-random,confirm,M,256,55049,802,96202,5,random,0.0001,1.0,3212800,30,0.1347124351560251,,3.1757302355700096e-05,1968.6030850410461,0.0,1.0,False,False,5.314704895019531,5.307860374450684,1.457607388496399,0.036007754504680634,0.99853515625,1.8224116563796997,0.53564453125,2.5144033432006836,0.41162109375,2.5685360431671143,0.04974158853292465,0.9951171875,3.433772087097168,0.1748046875,4.222094535827637,0.06640625,2.661302089691162,0.04666171967983246,0.994140625,3.5363078117370605,0.162109375,4.400936603546143,0.056640625
confirm-M-w256-d55049-s802-g05-uniform,confirm,M,256,55049,802,96202,5,uniform,0.0001,1.0,3212800,0,,no_adaptation,,0.0,0.0,,False,False,5.314704895019531,5.307860374450684,5.302535057067871,0.007804063614457846,1.0,7.853424072265625,0.0771484375,8.046378135681152,0.05859375,5.314704895019531,0.0078287273645401,1.0,7.87590217590332,0.0751953125,8.060382843017578,0.0556640625,5.307860374450684,0.007802772801369429,1.0,7.930208683013916,0.06884765625,7.985569000244141,0.06298828125
confirm-M-w256-d55049-s802-g05-uniform,confirm,M,256,55049,802,96202,5,uniform,0.0001,1.0,3212800,1,,constant_weights,,1497.9483909606934,0.0,1.0,False,False,5.314704895019531,5.307860374450684,2.37685489654541,1.3544286489486694,1.0,2.832935094833374,0.0771484375,2.9432010650634766,0.05859375,2.390462636947632,1.3554565906524658,1.0,2.8514835834503174,0.0751953125,2.9644477367401123,0.0556640625,2.3938653469085693,1.359725832939148,1.0,2.8634512424468994,0.06884765625,2.958418607711792,0.06298828125
confirm-M-w256-d55049-s802-g05-uniform,confirm,M,256,55049,802,96202,5,uniform,0.0001,1.0,3212800,3,,constant_weights,,1622.8761065006256,0.0,1.0,False,False,5.314704895019531,5.307860374450684,2.1328556537628174,0.6521784067153931,1.0,2.725893974304199,0.07763671875,3.020494222640991,0.0595703125,2.1929712295532227,0.6755086183547974,1.0,2.8167166709899902,0.0751953125,3.086688995361328,0.0556640625,2.192034959793091,0.6810795068740845,1.0,2.8118598461151123,0.06982421875,3.083165168762207,0.06201171875
confirm-M-w256-d55049-s802-g05-uniform,confirm,M,256,55049,802,96202,5,uniform,0.0001,1.0,3212800,5,,constant_weights,,1753.74238884449,0.0,1.0,False,False,5.314704895019531,5.307860374450684,1.8772573471069336,0.1542978137731552,1.0,2.6400983333587646,0.08984375,2.8373756408691406,0.0654296875,1.9348913431167603,0.16914911568164825,1.0,2.73002028465271,0.0830078125,2.9055047035217285,0.0517578125,1.935430645942688,0.17253361642360687,1.0,2.7284743785858154,0.0771484375,2.9052841663360596,0.06494140625
confirm-M-w256-d55049-s802-g05-uniform,confirm,M,256,55049,802,96202,5,uniform,0.0001,1.0,3212800,10,,constant_weights,,1861.626543521881,0.0,0.98125,False,False,5.314704895019531,5.307860374450684,1.666546106338501,0.03527640923857689,1.0,2.2127492427825928,0.263671875,2.751612663269043,0.08544921875,1.8150911331176758,0.03887060657143593,1.0,2.5665316581726074,0.15625,2.839871406555176,0.0556640625,1.8092396259307861,0.0389087051153183,1.0,2.539731502532959,0.154296875,2.84907865524292,0.060546875
confirm-M-w256-d55049-s802-g05-uniform,confirm,M,256,55049,802,96202,5,uniform,0.0001,1.0,3212800,20,,constant_weights,,2158.910239458084,0.0,0.990625,False,False,5.314704895019531,5.307860374450684,1.085913896560669,0.029808808118104935,1.0,0.6707322597503662,0.828125,2.5572004318237305,0.16845703125,1.6509346961975098,0.03811531141400337,1.0,1.9800593852996826,0.40234375,2.934628963470459,0.046875,1.665779948234558,0.03656061738729477,0.99951171875,1.9941205978393555,0.4013671875,2.966658592224121,0.06201171875
confirm-M-w256-d55049-s802-g05-uniform,confirm,M,256,55049,802,96202,5,uniform,0.0001,1.0,3212800,30,,constant_weights,,2493.151356935501,0.0,0.99375,False,False,5.314704895019531,5.307860374450684,0.4330991804599762,0.020701725035905838,1.0,0.09440868347883224,0.9951171875,1.1841871738433838,0.65576171875,1.821311354637146,0.030778393149375916,0.9970703125,1.4173779487609863,0.5966796875,4.015777587890625,0.0556640625,1.8492779731750488,0.029062408953905106,0.9970703125,1.5067402124404907,0.5810546875,4.012030601501465,0.0634765625
confirm-M-w256-d55049-s803-g04-random,confirm,M,256,55049,803,96202,4,random,0.0001,0.1,3212800,0,,no_adaptation,,0.0,0.0,,False,False,5.330467224121094,5.318886756896973,5.3077521324157715,0.007888592779636383,1.0,7.875329494476318,0.0771484375,8.040040016174316,0.05859375,5.330467224121094,0.00785719696432352,1.0,7.903733253479004,0.0751953125,8.079812049865723,0.0556640625,5.318886756896973,0.007846256718039513,1.0,7.95377254486084,0.06884765625,7.995041847229004,0.06298828125
confirm-M-w256-d55049-s803-g04-random,confirm,M,256,55049,803,96202,4,random,0.0001,0.1,3212800,1,0.004253761348822523,,5.78026607831456e-06,1447.798756122589,0.0,1.0,False,False,5.330467224121094,5.318886756896973,2.480020761489868,1.6329712867736816,0.95068359375,2.860334634780884,0.07763671875,2.946755886077881,0.06005859375,2.4890294075012207,1.6420824527740479,0.9541015625,2.8662924766540527,0.0771484375,2.958712577819824,0.05859375,2.480586051940918,1.6139508485794067,0.95751953125,2.8792810440063477,0.07177734375,2.948526382446289,0.064453125
confirm-M-w256-d55049-s803-g04-random,confirm,M,256,55049,803,96202,4,random,0.0001,0.1,3212800,3,0.009585304203915481,,1.1848550486399763e-05,1550.8377606868744,0.0,1.0,False,False,5.330467224121094,5.318886756896973,2.2787725925445557,0.9420223236083984,1.0,2.8116936683654785,0.07763671875,3.08260178565979,0.05908203125,2.31864070892334,0.9580394625663757,0.9990234375,2.8551809787750244,0.076171875,3.1427009105682373,0.0556640625,2.3220901489257812,0.9572182893753052,0.99951171875,2.88871431350708,0.0693359375,3.12033748626709,0.0625
confirm-M-w256-d55049-s803-g04-random,confirm,M,256,55049,803,96202,4,random,0.0001,0.1,3212800,5,0.016068164093585163,,1.6489657746154306e-05,1603.9324824810028,0.0,1.0,False,False,5.330467224121094,5.318886756896973,2.175071954727173,0.7100586295127869,0.99560546875,2.7537841796875,0.08154296875,3.061372756958008,0.0556640625,2.227199077606201,0.7368105053901672,0.9921875,2.826019763946533,0.0732421875,3.118767261505127,0.0546875,2.2411270141601562,0.7283672094345093,0.99609375,2.8678812980651855,0.068359375,3.1271331310272217,0.0615234375
confirm-M-w256-d55049-s803-g04-random,confirm,M,256,55049,803,96202,4,random,0.0001,0.1,3212800,10,0.02764402120028865,,3.5461359071310755e-05,1755.1755318641663,0.0,1.0,False,False,5.330467224121094,5.318886756896973,1.879675269126892,0.1186852976679802,0.99658203125,2.602818489074707,0.169921875,2.9175221920013428,0.07861328125,2.0080783367156982,0.14038434624671936,0.990234375,2.8287782669067383,0.115234375,3.05507230758667,0.0546875,2.024951219558716,0.13948723673820496,0.99365234375,2.864142894744873,0.107421875,3.071223258972168,0.0654296875
confirm-M-w256-d55049-s803-g04-random,confirm,M,256,55049,803,96202,4,random,0.0001,0.1,3212800,20,0.10976836539725013,,0.00012928770367314673,1802.0546381473541,0.0,1.0,False,False,5.330467224121094,5.318886756896973,1.7881145477294922,0.05854261666536331,0.99755859375,2.302034378051758,0.419921875,3.0037667751312256,0.24853515625,2.5031673908233643,0.07351407408714294,0.99609375,3.3513102531433105,0.185546875,4.084678649902344,0.0576171875,2.53035831451416,0.07028119266033173,0.99658203125,3.459695816040039,0.15673828125,4.061097621917725,0.06689453125
confirm-M-w256-d55049-s803-g04-random,confirm,M,256,55049,803,96202,4,random,0.0001,0.1,3212800,30,0.13063827983029702,,3.803533948084423e-05,2038.7139279842377,0.0,1.0,False,False,5.330467224121094,5.318886756896973,1.3258893489837646,0.02849351428449154,0.99755859375,1.5742278099060059,0.615234375,2.3749465942382812,0.4658203125,2.674086570739746,0.038629043847322464,0.9970703125,3.2368345260620117,0.2333984375,4.746796607971191,0.056640625,2.6942360401153564,0.042768217623233795,0.99560546875,3.37318754196167,0.2314453125,4.666752338409424,0.06298828125
confirm-M-w256-d55049-s803-g04-uniform,confirm,M,256,55049,803,96202,4,uniform,0.0001,0.1,3212800,0,,no_adaptation,,0.0,0.0,,False,False,5.330467224121094,5.318886756896973,5.3077521324157715,0.007888592779636383,1.0,7.875329494476318,0.0771484375,8.040040016174316,0.05859375,5.330467224121094,0.00785719696432352,1.0,7.903733253479004,0.0751953125,8.079812049865723,0.0556640625,5.318886756896973,0.007846256718039513,1.0,7.95377254486084,0.06884765625,7.995041847229004,0.06298828125
confirm-M-w256-d55049-s803-g04-uniform,confirm,M,256,55049,803,96202,4,uniform,0.0001,0.1,3212800,1,,constant_weights,,1494.3974565267563,0.0,1.0,False,False,5.330467224121094,5.318886756896973,2.389007329940796,1.3501007556915283,1.0,2.846701145172119,0.0771484375,2.9702208042144775,0.05859375,2.4066708087921143,1.356860637664795,1.0,2.8670690059661865,0.0751953125,2.9960827827453613,0.0556640625,2.401315212249756,1.348398208618164,1.0,2.87882137298584,0.06884765625,2.9767258167266846,0.06298828125
confirm-M-w256-d55049-s803-g04-uniform,confirm,M,256,55049,803,96202,4,uniform,0.0001,0.1,3212800,3,,constant_weights,,1605.8045544624329,0.0,1.0,False,False,5.330467224121094,5.318886756896973,2.171415328979492,0.7182983160018921,1.0,2.7429471015930176,0.0791015625,3.0530009269714355,0.05908203125,2.2311179637908936,0.7375952005386353,1.0,2.8332138061523438,0.0771484375,3.122544288635254,0.0556640625,2.2410356998443604,0.7497563362121582,0.99951171875,2.8459877967834473,0.0712890625,3.1273627281188965,0.0634765625
confirm-M-w256-d55049-s803-g04-uniform,confirm,M,256,55049,803,96202,4,uniform,0.0001,0.1,3212800,5,,constant_weights,,1742.5612691640854,0.0,1.0,False,False,5.330467224121094,5.318886756896973,1.9043124914169312,0.20157501101493835,1.0,2.6502082347869873,0.0791015625,2.861154556274414,0.05859375,1.9652125835418701,0.2177545130252838,1.0,2.7492592334747314,0.0791015625,2.928624153137207,0.05859375,1.975407361984253,0.22504360973834991,1.0,2.7535276412963867,0.0712890625,2.947650909423828,0.06591796875
confirm-M-w256-d55049-s803-g04-uniform,confirm,M,256,55049,803,96202,4,uniform,0.0001,0.1,3212800,10,,constant_weights,,1874.0816733837128,0.0,0.9625,False,False,5.330467224121094,5.318886756896973,1.6474367380142212,0.036214590072631836,1.0,2.1572823524475098,0.28759765625,2.7488131523132324,0.09130859375,1.8001863956451416,0.041407763957977295,1.0,2.540452003479004,0.16015625,2.818699359893799,0.068359375,1.8079955577850342,0.04049614816904068,1.0,2.5471315383911133,0.1572265625,2.8363587856292725,0.068359375
confirm-M-w256-d55049-s803-g04-uniform,confirm,M,256,55049,803,96202,4,uniform,0.0001,0.1,3212800,20,,constant_weights,,2212.9669947624207,0.0,0.98125,False,False,5.330467224121094,5.318886756896973,0.9855512380599976,0.026995955035090446,1.0,0.4009726643562317,0.9130859375,2.5286853313446045,0.18359375,1.5244145393371582,0.03335033357143402,1.0,1.5717459917068481,0.541015625,2.9681472778320312,0.064453125,1.517775535583496,0.031836915761232376,1.0,1.511443018913269,0.54736328125,3.0100467205047607,0.05810546875
confirm-M-w256-d55049-s803-g04-uniform,confirm,M,256,55049,803,96202,4,uniform,0.0001,0.1,3212800,30,,constant_weights,,2535.74565577507,0.0,0.9875,False,False,5.330467224121094,5.318886756896973,0.35512426495552063,0.013168500736355782,1.0,0.0620599128305912,0.99951171875,0.9901444315910339,0.734375,1.9022568464279175,0.01695626974105835,1.0,1.3211705684661865,0.625,4.368643760681152,0.0556640625,1.8860671520233154,0.01924547180533409,0.99853515625,1.2653939723968506,0.63623046875,4.373561859130859,0.0595703125
confirm-M-w256-d55049-s803-g05-random,confirm,M,256,55049,803,96202,5,random,0.0001,1.0,3212800,0,,no_adaptation,,0.0,0.0,,False,False,5.330467224121094,5.318886756896973,5.3077521324157715,0.007888592779636383,1.0,7.875329494476318,0.0771484375,8.040040016174316,0.05859375,5.330467224121094,0.00785719696432352,1.0,7.903733253479004,0.0751953125,8.079812049865723,0.0556640625,5.318886756896973,0.007846256718039513,1.0,7.95377254486084,0.06884765625,7.995041847229004,0.06298828125
confirm-M-w256-d55049-s803-g05-random,confirm,M,256,55049,803,96202,5,random,0.0001,1.0,3212800,1,0.0042541723436133536,,5.7832102169107795e-06,1447.643352508545,0.0,1.0,False,False,5.330467224121094,5.318886756896973,2.4803242683410645,1.633400559425354,0.95068359375,2.86055326461792,0.07763671875,2.9470181465148926,0.06005859375,2.489332675933838,1.642513632774353,0.95703125,2.8665077686309814,0.0771484375,2.958976984024048,0.05859375,2.480888605117798,1.614389419555664,0.95751953125,2.879497766494751,0.0712890625,2.9487783908843994,0.064453125
confirm-M-w256-d55049-s803-g05-random,confirm,M,256,55049,803,96202,5,random,0.0001,1.0,3212800,3,0.00958409056223336,,1.1840219288549818e-05,1550.5367332696915,0.0,1.0,False,False,5.330467224121094,5.318886756896973,2.27936053276062,0.9425916075706482,1.0,2.8120999336242676,0.0771484375,3.0833899974823,0.05908203125,2.3191580772399902,0.9585475921630859,0.9990234375,2.855477809906006,0.076171875,3.1434485912323,0.0556640625,2.322615146636963,0.9577102661132812,0.99951171875,2.888967514038086,0.0693359375,3.1211676597595215,0.0625
confirm-M-w256-d55049-s803-g05-random,confirm,M,256,55049,803,96202,5,random,0.0001,1.0,3212800,5,0.01599014848211288,,1.6414448225478288e-05,1603.2201793193817,0.0,1.0,False,False,5.330467224121094,5.318886756896973,2.1764631271362305,0.714827835559845,0.99560546875,2.753916025161743,0.08154296875,3.06064510345459,0.0556640625,2.228356122970581,0.7414717674255371,0.9921875,2.8253960609436035,0.0732421875,3.1182000637054443,0.0537109375,2.242051839828491,0.732822835445404,0.99658203125,2.86710262298584,0.068359375,3.126229763031006,0.0615234375
confirm-M-w256-d55049-s803-g05-random,confirm,M,256,55049,803,96202,5,random,0.0001,1.0,3212800,10,0.026684529599136975,,3.390174347510933e-05,1753.931813120842,0.0,1.0,False,False,5.330467224121094,5.318886756896973,1.882104516029358,0.12558823823928833,0.99658203125,2.6068177223205566,0.16650390625,2.913907527923584,0.0791015625,2.00584077835083,0.1471947729587555,0.990234375,2.8220977783203125,0.115234375,3.048229694366455,0.0537109375,2.021843433380127,0.1464228332042694,0.9951171875,2.857149124145508,0.10498046875,3.061957836151123,0.0673828125
confirm-M-w256-d55049-s803-g05-random,confirm,M,256,55049,803,96202,5,random,0.0001,1.0,3212800,20,0.10334006427433874,,0.000132465784420455,1798.9541161060333,0.0,1.0,False,False,5.330467224121094,5.318886756896973,1.7941701412200928,0.06849320232868195,0.99755859375,2.321441650390625,0.4013671875,2.9925758838653564,0.2373046875,2.454582929611206,0.0853525921702385,0.9931640625,3.304858684539795,0.1796875,3.9735379219055176,0.05078125,2.47930645942688,0.08046092838048935,0.9970703125,3.3989758491516113,0.15673828125,3.9584827423095703,0.06640625
confirm-M-w256-d55049-s803-g05-random,confirm,M,256,55049,803,96202,5,random,0.0001,1.0,3212800,30,0.1278764500409868,,2.6485065739844068e-05,2019.4120246171951,0.0,1.0,False,False,5.330467224121094,5.318886756896973,1.3635883331298828,0.03311379998922348,1.0,1.6340718269348145,0.59130859375,2.423579692840576,0.43798828125,2.585857391357422,0.04542502760887146,0.9970703125,3.1705527305603027,0.224609375,4.5415940284729,0.06640625,2.622124195098877,0.04435455799102783,0.9990234375,3.3025283813476562,0.2177734375,4.5194902420043945,0.06298828125
confirm-M-w256-d55049-s803-g05-uniform,confirm,M,256,55049,803,96202,5,uniform,0.0001,1.0,3212800,0,,no_adaptation,,0.0,0.0,,False,False,5.330467224121094,5.318886756896973,5.3077521324157715,0.007888592779636383,1.0,7.875329494476318,0.0771484375,8.040040016174316,0.05859375,5.330467224121094,0.00785719696432352,1.0,7.903733253479004,0.0751953125,8.079812049865723,0.0556640625,5.318886756896973,0.007846256718039513,1.0,7.95377254486084,0.06884765625,7.995041847229004,0.06298828125
confirm-M-w256-d55049-s803-g05-uniform,confirm,M,256,55049,803,96202,5,uniform,0.0001,1.0,3212800,1,,constant_weights,,1494.323617696762,0.0,1.0,False,False,5.330467224121094,5.318886756896973,2.3891515731811523,1.3498473167419434,1.0,2.846987009048462,0.0771484375,2.970620632171631,0.05859375,2.406827449798584,1.3566174507141113,1.0,2.8673715591430664,0.0751953125,2.996493101119995,0.0556640625,2.401477336883545,1.348160982131958,1.0,2.8791165351867676,0.06884765625,2.97715425491333,0.06298828125
confirm-M-w256-d55049-s803-g05-uniform,confirm,M,256,55049,803,96202,5,uniform,0.0001,1.0,3212800,3,,constant_weights,,1605.3856873512268,0.0,1.0,False,False,5.330467224121094,5.318886756896973,2.1722335815429688,0.7215210199356079,1.0,2.7426352500915527,0.0791015625,3.052544116973877,0.05859375,2.23174786567688,0.7406973242759705,1.0,2.8325653076171875,0.0771484375,3.121980667114258,0.0556640625,2.241629123687744,0.7528166770935059,0.99951171875,2.8453426361083984,0.0712890625,3.1267282962799072,0.0634765625
confirm-M-w256-d55049-s803-g05-uniform,confirm,M,256,55049,803,96202,5,uniform,0.0001,1.0,3212800,5,,constant_weights,,1740.2991853952408,0.0,1.0,False,False,5.330467224121094,5.318886756896973,1.9087305068969727,0.20989884436130524,1.0,2.653017520904541,0.07861328125,2.8632760047912598,0.05908203125,1.9695968627929688,0.22699066996574402,1.0,2.751293420791626,0.078125,2.9305062294006348,0.05859375,1.979530930519104,0.23362129926681519,1.0,2.7556707859039307,0.0712890625,2.94930100440979,0.06591796875
confirm-M-w256-d55049-s803-g05-uniform,confirm,M,256,55049,803,96202,5,uniform,0.0001,1.0,3212800,10,,constant_weights,,1870.4957892894745,0.0,0.95,False,False,5.330467224121094,5.318886756896973,1.6544404029846191,0.0399581715464592,1.0,2.1726248264312744,0.28173828125,2.7507383823394775,0.091796875,1.8022042512893677,0.04519302397966385,1.0,2.5418200492858887,0.166015625,2.819599151611328,0.0693359375,1.8102319240570068,0.04440475255250931,1.0,2.5486369132995605,0.15380859375,2.8376541137695312,0.06787109375
confirm-M-w256-d55049-s803-g05-uniform,confirm,M,256,55049,803,96202,5,uniform,0.0001,1.0,3212800,20,,constant_weights,,2193.327136993408,0.0,0.975,False,False,5.330467224121094,5.318886756896973,1.0239105224609375,0.03078540600836277,1.0,0.49398961663246155,0.88818359375,2.5469565391540527,0.17724609375,1.5516589879989624,0.03686996549367905,1.0,1.6599249839782715,0.5048828125,2.9581820964813232,0.0625,1.5466485023498535,0.0356866680085659,1.0,1.6033343076705933,0.51513671875,3.000924825668335,0.05810546875
confirm-M-w256-d55049-s803-g05-uniform,confirm,M,256,55049,803,96202,5,uniform,0.0001,1.0,3212800,30,,constant_weights,,2502.8265855312347,0.0,0.9833333333333333,False,False,5.330467224121094,5.318886756896973,0.4194193482398987,0.018150143325328827,1.0,0.08400082588195801,0.99853515625,1.156106948852539,0.66357421875,1.811955451965332,0.022858189418911934,0.9990234375,1.3034181594848633,0.625,4.10959005355835,0.0498046875,1.7920246124267578,0.024583036080002785,0.998046875,1.2333498001098633,0.6435546875,4.118141174316406,0.056640625
confirm-M-w256-d57163-s801-g04-random,confirm,M,256,57163,801,96203,4,random,0.0001,0.1,3212800,0,,no_adaptation,,0.0,0.0,,False,False,5.243755340576172,5.2122931480407715,5.2926130294799805,0.008373725228011608,1.0,7.857547283172607,0.07080078125,8.011919021606445,0.0546875,5.243755340576172,0.008359091356396675,1.0,7.750330924987793,0.080078125,7.9725751876831055,0.05859375,5.2122931480407715,0.008353333920240402,1.0,7.726960182189941,0.0859375,7.901566505432129,0.06640625
confirm-M-w256-d57163-s801-g04-random,confirm,M,256,57163,801,96203,4,random,0.0001,0.1,3212800,1,0.0,,7.241212919172557e-06,1458.2310388088226,0.0,1.0,True,False,5.243755340576172,5.2122931480407715,2.4445059299468994,1.527272343635559,0.990234375,2.852956771850586,0.0751953125,2.9532887935638428,0.056640625,2.4512877464294434,1.5347126722335815,0.9921875,2.864826202392578,0.083984375,2.9543237686157227,0.0595703125,2.43894100189209,1.5200636386871338,0.9912109375,2.8544116020202637,0.08935546875,2.9423482418060303,0.06591796875
confirm-M-w256-d57163-s801-g04-random,confirm,M,256,57163,801,96203,4,random,0.0001,0.1,3212800,3,0.007310616787399317,,1.2016243158026507e-05,1562.4949268102646,0.0,1.0,False,False,5.243755340576172,5.2122931480407715,2.240865468978882,0.7616369724273682,0.9990234375,2.8300368785858154,0.07177734375,3.130922555923462,0.0556640625,2.2881882190704346,0.8003960251808167,1.0,2.8777079582214355,0.080078125,3.1864612102508545,0.0595703125,2.271918535232544,0.7573267817497253,1.0,2.8792881965637207,0.08642578125,3.1791415214538574,0.06591796875
confirm-M-w256-d57163-s801-g04-random,confirm,M,256,57163,801,96203,4,random,0.0001,0.1,3212800,5,0.011340316794053076,,2.0502704773383795e-05,1626.5394243001938,0.0,1.0,False,False,5.243755340576172,5.2122931480407715,2.1157784461975098,0.49813753366470337,0.99755859375,2.7683043479919434,0.0771484375,3.0808939933776855,0.0615234375,2.179677724838257,0.550354540348053,1.0,2.843672752380371,0.083984375,3.1450064182281494,0.0576171875,2.174778699874878,0.5148882865905762,0.9990234375,2.851968765258789,0.09033203125,3.1574792861938477,0.064453125
confirm-M-w256-d57163-s801-g04-random,confirm,M,256,57163,801,96203,4,random,0.0001,0.1,3212800,10,0.02203697408224002,,3.475432864379173e-05,1762.5890538692474,0.0,1.0,False,False,5.243755340576172,5.2122931480407715,1.8500566482543945,0.13420245051383972,0.99365234375,2.5421833992004395,0.1796875,2.873784065246582,0.091796875,1.9909379482269287,0.15639106929302216,0.9921875,2.7580108642578125,0.1328125,3.058412551879883,0.0556640625,1.9974303245544434,0.1549205482006073,0.98779296875,2.79606556892395,0.12939453125,3.041304349899292,0.0595703125
confirm-M-w256-d57163-s801-g04-random,confirm,M,256,57163,801,96203,4,random,0.0001,0.1,3212800,20,0.08346051350314346,,0.000102633823269466,1841.890055179596,0.0,1.0,False,False,5.243755340576172,5.2122931480407715,1.6951719522476196,0.06242699176073074,0.99658203125,2.1845695972442627,0.4052734375,2.8385190963745117,0.2138671875,2.301023244857788,0.08428922295570374,0.9912109375,3.1831436157226562,0.1533203125,3.635636806488037,0.056640625,2.293699026107788,0.08603852987289429,0.9931640625,3.1968202590942383,0.166015625,3.598238468170166,0.06591796875
confirm-M-w256-d57163-s801-g04-random,confirm,M,256,57163,801,96203,4,random,0.0001,0.1,3212800,30,0.1310245851300556,,3.273130706111569e-05,1987.1164491176605,0.0,1.0,False,False,5.243755340576172,5.2122931480407715,1.4115265607833862,0.031166158616542816,0.99853515625,1.6448577642440796,0.58984375,2.558555841445923,0.41455078125,2.6029791831970215,0.04964301735162735,0.9931640625,3.302577018737793,0.2158203125,4.456717491149902,0.068359375,2.64520001411438,0.0474599152803421,0.99462890625,3.4078476428985596,0.22119140625,4.480293273925781,0.064453125
confirm-M-w256-d57163-s801-g04-uniform,confirm,M,256,57163,801,96203,4,uniform,0.0001,0.1,3212800,0,,no_adaptation,,0.0,0.0,,False,False,5.243755340576172,5.2122931480407715,5.2926130294799805,0.008373725228011608,1.0,7.857547283172607,0.07080078125,8.011919021606445,0.0546875,5.243755340576172,0.008359091356396675,1.0,7.750330924987793,0.080078125,7.9725751876831055,0.05859375,5.2122931480407715,0.008353333920240402,1.0,7.726960182189941,0.0859375,7.901566505432129,0.06640625
confirm-M-w256-d57163-s801-g04-uniform,confirm,M,256,57163,801,96203,4,uniform,0.0001,0.1,3212800,1,,constant_weights,,1479.9648191928864,0.0,1.0,False,False,5.243755340576172,5.2122931480407715,2.40205717086792,1.3670755624771118,0.99951171875,2.848377227783203,0.07080078125,2.9907186031341553,0.05517578125,2.410677433013916,1.3899132013320923,1.0,2.8611648082733154,0.080078125,2.980955123901367,0.05859375,2.398313522338867,1.3639501333236694,1.0,2.8503384590148926,0.08544921875,2.98065185546875,0.06591796875
confirm-M-w256-d57163-s801-g04-uniform,confirm,M,256,57163,801,96203,4,uniform,0.0001,0.1,3212800,3,,constant_weights,,1620.0102579593658,0.0,1.0,False,False,5.243755340576172,5.2122931480407715,2.128530979156494,0.6503381133079529,1.0,2.7118325233459473,0.0712890625,3.0234222412109375,0.0556640625,2.1879677772521973,0.7007901072502136,1.0,2.7678167819976807,0.080078125,3.0952959060668945,0.0595703125,2.1722402572631836,0.6519726514816284,1.0,2.7618534564971924,0.0859375,3.1028945446014404,0.0673828125
confirm-M-w256-d57163-s801-g04-uniform,confirm,M,256,57163,801,96203,4,uniform,0.0001,0.1,3212800,5,,constant_weights,,1748.6632651090622,0.0,1.0,False,False,5.243755340576172,5.2122931480407715,1.8772555589675903,0.18141132593154907,1.0,2.616520404815674,0.0771484375,2.833834648132324,0.056640625,1.9284248352050781,0.21205765008926392,1.0,2.6874163150787354,0.0810546875,2.885801315307617,0.05859375,1.9279570579528809,0.1956394910812378,1.0,2.6857640743255615,0.0908203125,2.9024672508239746,0.06640625
confirm-M-w256-d57163-s801-g04-uniform,confirm,M,256,57163,801,96203,4,uniform,0.0001,0.1,3212800,10,,constant_weights,,1876.0237492322922,0.0,0.99375,False,False,5.243755340576172,5.2122931480407715,1.6285045146942139,0.03517535328865051,1.0,2.1058030128479004,0.2998046875,2.744534969329834,0.1064453125,1.7990283966064453,0.03942149877548218,1.0,2.48549222946167,0.185546875,2.872170925140381,0.0576171875,1.7884256839752197,0.038824692368507385,1.0,2.4782674312591553,0.1767578125,2.848184585571289,0.06298828125
confirm-M-w256-d57163-s801-g04-uniform,confirm,M,256,57163,801,96203,4,uniform,0.0001,0.1,3212800,20,,constant_weights,,2172.4395592212677,0.0,0.996875,False,False,5.243755340576172,5.2122931480407715,1.049567461013794,0.027456197887659073,1.0,0.5220057964324951,0.88134765625,2.5992400646209717,0.154296875,1.5987348556518555,0.03370426595211029,1.0,1.8307781219482422,0.44140625,2.9317221641540527,0.06640625,1.5980727672576904,0.03228379413485527,0.99951171875,1.8456299304962158,0.4560546875,2.916304349899292,0.06494140625
confirm-M-w256-d57163-s801-g04-uniform,confirm,M,256,57163,801,96203,4,uniform,0.0001,0.1,3212800,30,,constant_weights,,2445.0907888412476,0.0,0.9979166666666667,False,False,5.243755340576172,5.2122931480407715,0.5170454382896423,0.014584963209927082,1.0,0.07777978479862213,0.99658203125,1.4587717056274414,0.5517578125,1.809998631477356,0.018827244639396667,1.0,1.504575252532959,0.5732421875,3.9065935611724854,0.0595703125,1.7804741859436035,0.018552424386143684,0.99951171875,1.4400995969772339,0.60693359375,3.8827710151672363,0.0673828125
confirm-M-w256-d57163-s801-g05-random,confirm,M,256,57163,801,96203,5,random,0.0001,1.0,3212800,0,,no_adaptation,,0.0,0.0,,False,False,5.243755340576172,5.2122931480407715,5.2926130294799805,0.008373725228011608,1.0,7.857547283172607,0.07080078125,8.011919021606445,0.0546875,5.243755340576172,0.008359091356396675,1.0,7.750330924987793,0.080078125,7.9725751876831055,0.05859375,5.2122931480407715,0.008353333920240402,1.0,7.726960182189941,0.0859375,7.901566505432129,0.06640625
confirm-M-w256-d57163-s801-g05-random,confirm,M,256,57163,801,96203,5,random,0.0001,1.0,3212800,1,0.0,,7.24263521493987e-06,1458.0764256715775,0.0,1.0,True,False,5.243755340576172,5.2122931480407715,2.444807767868042,1.5276169776916504,0.990234375,2.85322904586792,0.0751953125,2.9535775184631348,0.056640625,2.4515957832336426,1.5350499153137207,0.9921875,2.8650941848754883,0.083984375,2.9546432495117188,0.0595703125,2.4392433166503906,1.5204023122787476,0.9912109375,2.854663133621216,0.08935546875,2.942664384841919,0.06591796875
confirm-M-w256-d57163-s801-g05-random,confirm,M,256,57163,801,96203,5,random,0.0001,1.0,3212800,3,0.007306465283841858,,1.2019649762199877e-05,1562.1422411203384,0.0,1.0,False,False,5.243755340576172,5.2122931480407715,2.2415544986724854,0.7624217867851257,0.9990234375,2.8304824829101562,0.07177734375,3.1317591667175293,0.0556640625,2.2887964248657227,0.801043689250946,1.0,2.8780651092529297,0.080078125,3.1872804164886475,0.0595703125,2.2725400924682617,0.758068859577179,1.0,2.879603385925293,0.08642578125,3.179948329925537,0.06591796875
confirm-M-w256-d57163-s801-g05-random,confirm,M,256,57163,801,96203,5,random,0.0001,1.0,3212800,5,0.011229986920997467,,2.0277635992887853e-05,1626.2530094385147,0.0,1.0,False,False,5.243755340576172,5.2122931480407715,2.116338014602661,0.503221869468689,0.99755859375,2.7674803733825684,0.0771484375,3.0783116817474365,0.06201171875,2.180223226547241,0.5552117824554443,1.0,2.842825174331665,0.083984375,3.142632246017456,0.0576171875,2.175217390060425,0.5209530591964722,0.9990234375,2.850534439086914,0.09033203125,3.1541647911071777,0.06396484375
confirm-M-w256-d57163-s801-g05-random,confirm,M,256,57163,801,96203,5,random,0.0001,1.0,3212800,10,0.0211548904937702,,3.345805197775884e-05,1760.7130715847015,0.0,1.0,False,False,5.243755340576172,5.2122931480407715,1.853720784187317,0.14855839312076569,0.99267578125,2.5414772033691406,0.1787109375,2.871126651763916,0.0908203125,1.9893627166748047,0.17291447520256042,0.990234375,2.7458620071411133,0.126953125,3.049311876296997,0.056640625,1.994816541671753,0.1699196696281433,0.98828125,2.783172845840454,0.12841796875,3.0313570499420166,0.05908203125
confirm-M-w256-d57163-s801-g05-random,confirm,M,256,57163,801,96203,5,random,0.0001,1.0,3212800,20,0.07799781491304077,,0.00010594120639741482,1838.376115679741,0.0,1.0,False,False,5.243755340576172,5.2122931480407715,1.7020349502563477,0.0709371268749237,0.99609375,2.207149028778076,0.38818359375,2.8280189037323,0.20458984375,2.2650325298309326,0.09335542470216751,0.9912109375,3.1316497325897217,0.1513671875,3.5700926780700684,0.056640625,2.255776882171631,0.09351522475481033,0.9931640625,3.1476707458496094,0.158203125,3.5261447429656982,0.0673828125
confirm-M-w256-d57163-s801-g05-random,confirm,M,256,57163,801,96203,5,random,0.0001,1.0,3212800,30,0.1245803684252319,,3.625542967680521e-05,1967.8806660175323,0.0,1.0,False,False,5.243755340576172,5.2122931480407715,1.4490965604782104,0.044397853314876556,0.99853515625,1.73715078830719,0.5625,2.5657408237457275,0.38916015625,2.53336501121521,0.06642510741949081,0.994140625,3.277095079421997,0.2001953125,4.256575584411621,0.0556640625,2.5568907260894775,0.06212016940116882,0.9931640625,3.3539328575134277,0.20361328125,4.254619121551514,0.0634765625
confirm-M-w256-d57163-s801-g05-uniform,confirm,M,256,57163,801,96203,5,uniform,0.0001,1.0,3212800,0,,no_adaptation,,0.0,0.0,,False,False,5.243755340576172,5.2122931480407715,5.2926130294799805,0.008373725228011608,1.0,7.857547283172607,0.07080078125,8.011919021606445,0.0546875,5.243755340576172,0.008359091356396675,1.0,7.750330924987793,0.080078125,7.9725751876831055,0.05859375,5.2122931480407715,0.008353333920240402,1.0,7.726960182189941,0.0859375,7.901566505432129,0.06640625
confirm-M-w256-d57163-s801-g05-uniform,confirm,M,256,57163,801,96203,5,uniform,0.0001,1.0,3212800,1,,constant_weights,,1479.8974814414978,0.0,1.0,False,False,5.243755340576172,5.2122931480407715,2.402188777923584,1.3669681549072266,1.0,2.848602771759033,0.07080078125,2.990995407104492,0.05517578125,2.4108240604400635,1.3897969722747803,1.0,2.8613812923431396,0.080078125,2.9812941551208496,0.05859375,2.3984487056732178,1.3638442754745483,1.0,2.850532293319702,0.08544921875,2.9809694290161133,0.06591796875
confirm-M-w256-d57163-s801-g05-uniform,confirm,M,256,57163,801,96203,5,uniform,0.0001,1.0,3212800,3,,constant_weights,,1619.6548837423325,0.0,1.0,False,False,5.243755340576172,5.2122931480407715,2.1292247772216797,0.6504517793655396,1.0,2.7126214504241943,0.0712890625,3.024601459503174,0.0556640625,2.1886250972747803,0.7007803320884705,1.0,2.768693447113037,0.080078125,3.0964014530181885,0.0595703125,2.172861337661743,0.6521192193031311,1.0,2.762606382369995,0.0859375,3.103858470916748,0.0673828125
confirm-M-w256-d57163-s801-g05-uniform,confirm,M,256,57163,801,96203,5,uniform,0.0001,1.0,3212800,5,,constant_weights,,1746.602284193039,0.0,1.0,False,False,5.243755340576172,5.2122931480407715,1.8812810182571411,0.18828916549682617,1.0,2.619503974914551,0.076171875,2.8360495567321777,0.056640625,1.9322870969772339,0.21911019086837769,1.0,2.6898844242095947,0.0810546875,2.887866735458374,0.05859375,1.9317480325698853,0.20264706015586853,1.0,2.6881449222564697,0.08935546875,2.904451608657837,0.06640625
confirm-M-w256-d57163-s801-g05-uniform,confirm,M,256,57163,801,96203,5,uniform,0.0001,1.0,3212800,10,,constant_weights,,1872.5420070886612,0.0,0.98125,False,False,5.243755340576172,5.2122931480407715,1.6353046894073486,0.03877681866288185,1.0,2.1206233501434326,0.298828125,2.746514320373535,0.10546875,1.8020994663238525,0.04341305047273636,1.0,2.488675355911255,0.185546875,2.8742098808288574,0.0576171875,1.7910853624343872,0.04267045855522156,1.0,2.4807536602020264,0.17236328125,2.8498318195343018,0.06005859375
confirm-M-w256-d57163-s801-g05-uniform,confirm,M,256,57163,801,96203,5,uniform,0.0001,1.0,3212800,20,,constant_weights,,2146.6644117832184,0.0,0.990625,False,False,5.243755340576172,5.2122931480407715,1.0999095439910889,0.031254842877388,1.0,0.657529354095459,0.841796875,2.6109442710876465,0.1513671875,1.6461974382400513,0.03852580115199089,1.0,1.9762548208236694,0.392578125,2.923811912536621,0.060546875,1.6460912227630615,0.03601998835802078,0.99951171875,1.9920010566711426,0.40673828125,2.910252332687378,0.0634765625
confirm-M-w256-d57163-s801-g05-uniform,confirm,M,256,57163,801,96203,5,uniform,0.0001,1.0,3212800,30,,constant_weights,,2406.533786535263,0.0,0.99375,False,False,5.243755340576172,5.2122931480407715,0.5923521518707275,0.020530633628368378,1.0,0.09677942097187042,0.99560546875,1.6597461700439453,0.4765625,1.7478312253952026,0.024639474228024483,1.0,1.4732022285461426,0.5732421875,3.745652198791504,0.0556640625,1.702359914779663,0.02373659610748291,1.0,1.3956642150878906,0.60693359375,3.6876792907714844,0.06591796875
confirm-M-w256-d57163-s802-g04-random,confirm,M,256,57163,802,96203,4,random,0.0001,0.1,3212800,0,,no_adaptation,,0.0,0.0,,False,False,5.3019561767578125,5.264763355255127,5.338173866271973,0.007810958195477724,1.0,7.934268951416016,0.07080078125,8.072441101074219,0.0546875,5.3019561767578125,0.00778321735560894,1.0,7.852894306182861,0.080078125,8.045190811157227,0.05859375,5.264763355255127,0.0077993134036660194,1.0,7.817875862121582,0.0859375,7.968615531921387,0.06640625
confirm-M-w256-d57163-s802-g04-random,confirm,M,256,57163,802,96203,4,random,0.0001,0.1,3212800,1,0.002067802397966393,,4.811261532652809e-06,1473.6294462680817,0.0,1.0,False,False,5.3019561767578125,5.264763355255127,2.459990978240967,1.5882868766784668,0.998046875,2.86149525642395,0.0712890625,2.9301912784576416,0.0556640625,2.45393443107605,1.5783147811889648,0.9990234375,2.8465867042541504,0.0810546875,2.936901807785034,0.05859375,2.456195116043091,1.5876011848449707,0.9990234375,2.8469276428222656,0.0859375,2.934056282043457,0.0654296875
confirm-M-w256-d57163-s802-g04-random,confirm,M,256,57163,802,96203,4,random,0.0001,0.1,3212800,3,0.008794709970147752,,3.1599276784781415e-06,1587.1911268234253,0.0,1.0,False,False,5.3019561767578125,5.264763355255127,2.2381908893585205,0.8116484880447388,1.0,2.7994842529296875,0.07275390625,3.103440284729004,0.0546875,2.2766919136047363,0.8417611718177795,1.0,2.8268299102783203,0.080078125,3.161485433578491,0.0595703125,2.2695138454437256,0.8071705102920532,0.99951171875,2.8285722732543945,0.0869140625,3.1727986335754395,0.0654296875
confirm-M-w256-d57163-s802-g04-random,confirm,M,256,57163,802,96203,4,random,0.0001,0.1,3212800,5,0.011640718768750776,,5.424741061339352e-06,1662.427459359169,0.0,1.0,False,False,5.3019561767578125,5.264763355255127,2.091244697570801,0.5147807598114014,0.99462890625,2.73114275932312,0.08251953125,3.0278115272521973,0.056640625,2.1604042053222656,0.5765067934989929,0.990234375,2.804189443588257,0.0869140625,3.100515842437744,0.0595703125,2.1481032371520996,0.5294786095619202,0.9892578125,2.804037570953369,0.0966796875,3.1107938289642334,0.0673828125
confirm-M-w256-d57163-s802-g04-random,confirm,M,256,57163,802,96203,4,random,0.0001,0.1,3212800,10,0.026444023904947926,,1.7791837226553943e-05,1796.4240280389786,0.0,1.0,False,False,5.3019561767578125,5.264763355255127,1.8295328617095947,0.09347128123044968,0.998046875,2.52146053314209,0.193359375,2.873666763305664,0.10009765625,2.0018749237060547,0.10592851042747498,1.0,2.8045315742492676,0.14453125,3.095165252685547,0.05859375,2.0074524879455566,0.11383187025785446,0.998046875,2.8090217113494873,0.13720703125,3.099503517150879,0.06640625
confirm-M-w256-d57163-s802-g04-random,confirm,M,256,57163,802,96203,4,random,0.0001,0.1,3212800,20,0.09075046382723193,,7.975486612756113e-05,1852.4753198623657,0.0,1.0,False,False,5.3019561767578125,5.264763355255127,1.7200578451156616,0.06218162178993225,0.99560546875,2.248913288116455,0.384765625,2.8490781784057617,0.23974609375,2.3442790508270264,0.08235154300928116,0.994140625,3.2058157920837402,0.177734375,3.7446694374084473,0.05859375,2.369910478591919,0.08383321017026901,0.99072265625,3.2545504570007324,0.16259765625,3.7713472843170166,0.068359375
confirm-M-w256-d57163-s802-g04-random,confirm,M,256,57163,802,96203,4,random,0.0001,0.1,3212800,30,0.1312503393633045,,4.359117753909593e-05,2029.9310204982758,0.0,1.0,False,False,5.3019561767578125,5.264763355255127,1.373464584350586,0.030578074976801872,0.9970703125,1.6094671487808228,0.59716796875,2.480348825454712,0.44140625,2.663386344909668,0.04977748543024063,0.9931640625,3.3038408756256104,0.2314453125,4.636540412902832,0.0673828125,2.7089178562164307,0.04968292638659477,0.99169921875,3.377549409866333,0.22705078125,4.699521064758301,0.05859375
confirm-M-w256-d57163-s802-g04-uniform,confirm,M,256,57163,802,96203,4,uniform,0.0001,0.1,3212800,0,,no_adaptation,,0.0,0.0,,False,False,5.3019561767578125,5.264763355255127,5.338173866271973,0.007810958195477724,1.0,7.934268951416016,0.07080078125,8.072441101074219,0.0546875,5.3019561767578125,0.00778321735560894,1.0,7.852894306182861,0.080078125,8.045190811157227,0.05859375,5.264763355255127,0.0077993134036660194,1.0,7.817875862121582,0.0859375,7.968615531921387,0.06640625
confirm-M-w256-d57163-s802-g04-uniform,confirm,M,256,57163,802,96203,4,uniform,0.0001,0.1,3212800,1,,constant_weights,,1510.607290506363,0.0,1.0,False,False,5.3019561767578125,5.264763355255127,2.3877687454223633,1.3151899576187134,1.0,2.864786148071289,0.07080078125,2.983330488204956,0.0546875,2.3865983486175537,1.3215773105621338,1.0,2.849411725997925,0.080078125,2.9888055324554443,0.05859375,2.384495496749878,1.3160779476165771,1.0,2.849865198135376,0.0859375,2.9875433444976807,0.06640625
confirm-M-w256-d57163-s802-g04-uniform,confirm,M,256,57163,802,96203,4,uniform,0.0001,0.1,3212800,3,,constant_weights,,1641.041470527649,0.0,1.0,False,False,5.3019561767578125,5.264763355255127,2.133014440536499,0.6538006067276001,1.0,2.706512689590454,0.07177734375,3.0387301445007324,0.0546875,2.1850621700286865,0.7056732773780823,1.0,2.7538070678710938,0.080078125,3.0957064628601074,0.0595703125,2.175633668899536,0.6499435901641846,1.0,2.7595348358154297,0.08642578125,3.1174228191375732,0.06640625
confirm-M-w256-d57163-s802-g04-uniform,confirm,M,256,57163,802,96203,4,uniform,0.0001,0.1,3212800,5,,constant_weights,,1770.9242535829544,0.0,1.0,False,False,5.3019561767578125,5.264763355255127,1.8793370723724365,0.15312692523002625,1.0,2.628269672393799,0.07177734375,2.8566150665283203,0.0576171875,1.9269452095031738,0.18235741555690765,1.0,2.7008180618286133,0.0810546875,2.8976593017578125,0.0595703125,1.9344578981399536,0.16621428728103638,1.0,2.7122061252593994,0.0859375,2.9249532222747803,0.06396484375
confirm-M-w256-d57163-s802-g04-uniform,confirm,M,256,57163,802,96203,4,uniform,0.0001,0.1,3212800,10,,constant_weights,,1904.8556249141693,0.0,0.99375,False,False,5.3019561767578125,5.264763355255127,1.6177525520324707,0.03115692548453808,1.0,2.075639486312866,0.296875,2.7464611530303955,0.10302734375,1.7903153896331787,0.03473110869526863,1.0,2.474876880645752,0.1767578125,2.8613381385803223,0.0615234375,1.7913202047348022,0.03498080372810364,1.0,2.490576982498169,0.16796875,2.848402738571167,0.05908203125
confirm-M-w256-d57163-s802-g04-uniform,confirm,M,256,57163,802,96203,4,uniform,0.0001,0.1,3212800,20,,constant_weights,,2195.753396511078,0.0,0.996875,False,False,5.3019561767578125,5.264763355255127,1.0495928525924683,0.020672660320997238,1.0,0.5513942241668701,0.8701171875,2.5767111778259277,0.1669921875,1.695482850074768,0.026617281138896942,0.9990234375,2.0854859352111816,0.4052734375,2.9743454456329346,0.068359375,1.6685380935668945,0.023482464253902435,1.0,2.0259172916412354,0.40625,2.9562149047851562,0.06103515625
confirm-M-w256-d57163-s802-g04-uniform,confirm,M,256,57163,802,96203,4,uniform,0.0001,0.1,3212800,30,,constant_weights,,2491.80624628067,0.0,0.9979166666666667,False,False,5.3019561767578125,5.264763355255127,0.47136449813842773,0.01428283378481865,1.0,0.07113126665353775,0.99853515625,1.3286793231964111,0.59521484375,1.8094145059585571,0.020832786336541176,0.998046875,1.5089292526245117,0.580078125,3.8984811305999756,0.064453125,1.8022962808609009,0.019680451601743698,1.0,1.4717376232147217,0.58349609375,3.915470600128174,0.06640625
confirm-M-w256-d57163-s802-g05-random,confirm,M,256,57163,802,96203,5,random,0.0001,1.0,3212800,0,,no_adaptation,,0.0,0.0,,False,False,5.3019561767578125,5.264763355255127,5.338173866271973,0.007810958195477724,1.0,7.934268951416016,0.07080078125,8.072441101074219,0.0546875,5.3019561767578125,0.00778321735560894,1.0,7.852894306182861,0.080078125,8.045190811157227,0.05859375,5.264763355255127,0.0077993134036660194,1.0,7.817875862121582,0.0859375,7.968615531921387,0.06640625
confirm-M-w256-d57163-s802-g05-random,confirm,M,256,57163,802,96203,5,random,0.0001,1.0,3212800,1,0.00206806293897292,,4.8120017761027395e-06,1473.4524822235107,0.0,1.0,False,False,5.3019561767578125,5.264763355255127,2.460336685180664,1.5888183116912842,0.998046875,2.861720085144043,0.0712890625,2.9304721355438232,0.0556640625,2.454292058944702,1.5788565874099731,0.9990234375,2.8468315601348877,0.0810546875,2.9371883869171143,0.05859375,2.456544876098633,1.5881507396697998,0.9990234375,2.8471567630767822,0.0859375,2.9343268871307373,0.0654296875
confirm-M-w256-d57163-s802-g05-random,confirm,M,256,57163,802,96203,5,random,0.0001,1.0,3212800,3,0.008794429345687537,,3.1609502334622645e-06,1586.798412322998,0.0,1.0,False,False,5.3019561767578125,5.264763355255127,2.2389581203460693,0.812258243560791,1.0,2.8000729084014893,0.07275390625,3.1045424938201904,0.0546875,2.2775282859802246,0.8422871828079224,1.0,2.827483892440796,0.080078125,3.162813663482666,0.0595703125,2.2702736854553223,0.8077477812767029,0.99951171875,2.8291149139404297,0.0869140625,3.1739585399627686,0.0654296875
confirm-M-w256-d57163-s802-g05-random,confirm,M,256,57163,802,96203,5,random,0.0001,1.0,3212800,5,0.011624090063095064,,5.398143893320144e-06,1661.4256321191788,0.0,1.0,False,False,5.3019561767578125,5.264763355255127,2.0932016372680664,0.5166138410568237,0.99462890625,2.7334017753601074,0.08251953125,3.0295896530151367,0.056640625,2.162039279937744,0.5775277614593506,0.990234375,2.806630849838257,0.0859375,3.101959228515625,0.05859375,2.1497738361358643,0.5315024852752686,0.98876953125,2.806023120880127,0.0966796875,3.111795425415039,0.0673828125
confirm-M-w256-d57163-s802-g05-random,confirm,M,256,57163,802,96203,5,random,0.0001,1.0,3212800,10,0.025413928258974344,,1.6764952402989326e-05,1795.209523677826,0.0,1.0,False,False,5.3019561767578125,5.264763355255127,1.8319050073623657,0.1010771244764328,0.998046875,2.523635149002075,0.1904296875,2.871002674102783,0.09716796875,1.9982942342758179,0.11391417682170868,1.0,2.7945661544799805,0.1416015625,3.08640193939209,0.056640625,2.002548933029175,0.12156406790018082,0.998046875,2.7975168228149414,0.13330078125,3.088566541671753,0.06689453125
confirm-M-w256-d57163-s802-g05-random,confirm,M,256,57163,802,96203,5,random,0.0001,1.0,3212800,20,0.08608898545033901,,8.523774765509336e-05,1844.858982682228,0.0,1.0,False,False,5.3019561767578125,5.264763355255127,1.7349333763122559,0.07077042758464813,0.99560546875,2.27813982963562,0.37255859375,2.8558897972106934,0.232421875,2.3182127475738525,0.09102575480937958,0.99609375,3.1742334365844727,0.1689453125,3.6893787384033203,0.05859375,2.3424618244171143,0.0932236984372139,0.990234375,3.2206544876098633,0.15673828125,3.7135071754455566,0.06884765625
confirm-M-w256-d57163-s802-g05-random,confirm,M,256,57163,802,96203,5,random,0.0001,1.0,3212800,30,0.1258773534544836,,2.650309037888574e-05,2010.6430406570435,0.0,1.0,False,False,5.3019561767578125,5.264763355255127,1.411136507987976,0.04026138782501221,0.99853515625,1.7017570734024048,0.56640625,2.4913907051086426,0.42431640625,2.5655624866485596,0.059318430721759796,0.990234375,3.246975898742676,0.2138671875,4.390392780303955,0.0595703125,2.6112329959869385,0.06137946620583534,0.990234375,3.3173489570617676,0.2138671875,4.454969882965088,0.064453125
confirm-M-w256-d57163-s802-g05-uniform,confirm,M,256,57163,802,96203,5,uniform,0.0001,1.0,3212800,0,,no_adaptation,,0.0,0.0,,False,False,5.3019561767578125,5.264763355255127,5.338173866271973,0.007810958195477724,1.0,7.934268951416016,0.07080078125,8.072441101074219,0.0546875,5.3019561767578125,0.00778321735560894,1.0,7.852894306182861,0.080078125,8.045190811157227,0.05859375,5.264763355255127,0.0077993134036660194,1.0,7.817875862121582,0.0859375,7.968615531921387,0.06640625
confirm-M-w256-d57163-s802-g05-uniform,confirm,M,256,57163,802,96203,5,uniform,0.0001,1.0,3212800,1,,constant_weights,,1510.5516620874405,0.0,1.0,False,False,5.3019561767578125,5.264763355255127,2.3878774642944336,1.3149583339691162,1.0,2.8649837970733643,0.07080078125,2.983689785003662,0.0546875,2.3867383003234863,1.3213602304458618,1.0,2.8496620655059814,0.080078125,2.9891929626464844,0.05859375,2.384615421295166,1.3158694505691528,1.0,2.850076198577881,0.0859375,2.9879002571105957,0.06640625
confirm-M-w256-d57163-s802-g05-uniform,confirm,M,256,57163,802,96203,5,uniform,0.0001,1.0,3212800,3,,constant_weights,,1640.440927028656,0.0,1.0,False,False,5.3019561767578125,5.264763355255127,2.1341874599456787,0.6553748250007629,1.0,2.7072806358337402,0.07177734375,3.0399065017700195,0.0546875,2.186070680618286,0.7069951891899109,1.0,2.7544586658477783,0.080078125,3.0967578887939453,0.0595703125,2.176711082458496,0.6515530347824097,1.0,2.7601332664489746,0.08642578125,3.1184463500976562,0.06640625
confirm-M-w256-d57163-s802-g05-uniform,confirm,M,256,57163,802,96203,5,uniform,0.0001,1.0,3212800,5,,constant_weights,,1768.5277663469315,0.0,1.0,False,False,5.3019561767578125,5.264763355255127,1.8840177059173584,0.16024161875247955,1.0,2.6324517726898193,0.0712890625,2.8593602180480957,0.0576171875,1.931847095489502,0.18959307670593262,1.0,2.7052958011627197,0.0810546875,2.9006524085998535,0.0595703125,1.9390653371810913,0.1736094355583191,1.0,2.7160439491271973,0.08544921875,2.9275424480438232,0.06396484375
confirm-M-w256-d57163-s802-g05-uniform,confirm,M,256,57163,802,96203,5,uniform,0.0001,1.0,3212800,10,,constant_weights,,1901.1456010341644,0.0,0.99375,False,False,5.3019561767578125,5.264763355255127,1.624998688697815,0.03486407548189163,1.0,2.091796875,0.2919921875,2.7483348846435547,0.1015625,1.7926976680755615,0.038847990334033966,1.0,2.4769434928894043,0.1748046875,2.8623013496398926,0.060546875,1.7930028438568115,0.03901008889079094,1.0,2.4907784461975098,0.16357421875,2.849219799041748,0.05859375
confirm-M-w256-d57163-s802-g05-uniform,confirm,M,256,57163,802,96203,5,uniform,0.0001,1.0,3212800,20,,constant_weights,,2173.0153336524963,0.0,0.996875,False,False,5.3019561767578125,5.264763355255127,1.0940029621124268,0.026188164949417114,1.0,0.6658773422241211,0.84033203125,2.5899434089660645,0.16357421875,1.7194247245788574,0.03228716552257538,0.9990234375,2.168658494949341,0.3642578125,2.9573287963867188,0.068359375,1.6932013034820557,0.029104722663760185,1.0,2.1136550903320312,0.373046875,2.93684458732605,0.06103515625
confirm-M-w256-d57163-s802-g05-uniform,confirm,M,256,57163,802,96203,5,uniform,0.0001,1.0,3212800,30,,constant_weights,,2449.639259815216,0.0,0.9979166666666667,False,False,5.3019561767578125,5.264763355255127,0.5537219047546387,0.020673636347055435,1.0,0.09617173671722412,0.99853515625,1.5443203449249268,0.53125,1.741500735282898,0.025444218888878822,0.998046875,1.5120210647583008,0.572265625,3.687037229537964,0.060546875,1.7368171215057373,0.026505958288908005,0.99951171875,1.4834975004196167,0.58056640625,3.7004482746124268,0.0703125
confirm-M-w256-d57163-s803-g04-random,confirm,M,256,57163,803,96203,4,random,0.0001,0.1,3212800,0,,no_adaptation,,0.0,0.0,,False,False,5.299076080322266,5.254268646240234,5.336270809173584,0.007799720391631126,1.0,7.911894798278809,0.07080078125,8.089118003845215,0.0546875,5.299076080322266,0.007811789866536856,1.0,7.830646991729736,0.080078125,8.058769226074219,0.05859375,5.254268646240234,0.007821828126907349,1.0,7.7772417068481445,0.0859375,7.977742671966553,0.06640625
confirm-M-w256-d57163-s803-g04-random,confirm,M,256,57163,803,96203,4,random,0.0001,0.1,3212800,1,0.0,,1.982557703558898e-06,1465.4478642940521,0.0,1.0,True,False,5.299076080322266,5.254268646240234,2.4740684032440186,1.5977022647857666,0.9833984375,2.8730385303497314,0.07275390625,2.9514641761779785,0.05517578125,2.49121356010437,1.6141695976257324,0.9755859375,2.874171495437622,0.0771484375,2.985299587249756,0.0615234375,2.462949752807617,1.6004246473312378,0.9814453125,2.848841428756714,0.08642578125,2.9395833015441895,0.06591796875
confirm-M-w256-d57163-s803-g04-random,confirm,M,256,57163,803,96203,4,random,0.0001,0.1,3212800,3,0.008844179360579896,,4.608549283856833e-06,1566.8408889770508,0.0,1.0,False,False,5.299076080322266,5.254268646240234,2.2760348320007324,0.9001826643943787,0.9912109375,2.8228960037231445,0.07470703125,3.1050262451171875,0.0546875,2.320007801055908,0.9360942840576172,0.9833984375,2.8559651374816895,0.0830078125,3.1679635047912598,0.0595703125,2.2977452278137207,0.8959120512008667,0.98828125,2.850858449935913,0.08837890625,3.146465539932251,0.06591796875
confirm-M-w256-d57163-s803-g04-random,confirm,M,256,57163,803,96203,4,random,0.0001,0.1,3212800,5,0.013605829488639434,,8.99248304568107e-06,1619.37329351902,0.0,1.0,False,False,5.299076080322266,5.254268646240234,2.1734328269958496,0.7577721476554871,0.9990234375,2.732187509536743,0.0791015625,3.0303378105163574,0.06005859375,2.2361207008361816,0.8055686950683594,0.99609375,2.796278715133667,0.080078125,3.1065151691436768,0.0595703125,2.2188427448272705,0.7519688606262207,0.99658203125,2.7963647842407227,0.0869140625,3.1081953048706055,0.06591796875
confirm-M-w256-d57163-s803-g04-random,confirm,M,256,57163,803,96203,4,random,0.0001,0.1,3212800,10,0.02620055838306854,,2.179258502799399e-05,1760.3134980201721,0.0,1.0,False,False,5.299076080322266,5.254268646240234,1.8981587886810303,0.13444824516773224,0.99462890625,2.6438450813293457,0.17236328125,2.9161832332611084,0.08642578125,2.048344612121582,0.1590498685836792,0.984375,2.8819847106933594,0.1083984375,3.103999614715576,0.0517578125,2.0407087802886963,0.14962464570999146,0.990234375,2.877627372741699,0.10791015625,3.094874382019043,0.06640625
confirm-M-w256-d57163-s803-g04-random,confirm,M,256,57163,803,96203,4,random,0.0001,0.1,3212800,20,0.09095509591688979,,8.340358527011909e-05,1851.685335278511,0.0,1.0,False,False,5.299076080322266,5.254268646240234,1.7196983098983765,0.05466827005147934,0.998046875,2.2122724056243896,0.40380859375,2.8921539783477783,0.24267578125,2.3476250171661377,0.06752149760723114,0.9951171875,3.214219331741333,0.17578125,3.7611336708068848,0.05859375,2.3609485626220703,0.07552622258663177,0.990234375,3.197030544281006,0.17041015625,3.810288429260254,0.056640625
confirm-M-w256-d57163-s803-g04-random,confirm,M,256,57163,803,96203,4,random,0.0001,0.1,3212800,30,0.11905941925241126,,2.491818541007218e-05,2047.8551406860352,0.0,1.0,False,False,5.299076080322266,5.254268646240234,1.3365540504455566,0.029347337782382965,0.9970703125,1.5559598207473755,0.6005859375,2.4243550300598145,0.4326171875,2.565659284591675,0.040690064430236816,0.9951171875,3.228318214416504,0.2314453125,4.427968978881836,0.076171875,2.594114303588867,0.04789058491587639,0.9912109375,3.226065158843994,0.236328125,4.508387565612793,0.05029296875
confirm-M-w256-d57163-s803-g04-uniform,confirm,M,256,57163,803,96203,4,uniform,0.0001,0.1,3212800,0,,no_adaptation,,0.0,0.0,,False,False,5.299076080322266,5.254268646240234,5.336270809173584,0.007799720391631126,1.0,7.911894798278809,0.07080078125,8.089118003845215,0.0546875,5.299076080322266,0.007811789866536856,1.0,7.830646991729736,0.080078125,8.058769226074219,0.05859375,5.254268646240234,0.007821828126907349,1.0,7.7772417068481445,0.0859375,7.977742671966553,0.06640625
confirm-M-w256-d57163-s803-g04-uniform,confirm,M,256,57163,803,96203,4,uniform,0.0001,0.1,3212800,1,,constant_weights,,1505.5460376739502,0.0,1.0,False,False,5.299076080322266,5.254268646240234,2.395751476287842,1.3761712312698364,1.0,2.843653917312622,0.07080078125,2.9674293994903564,0.0546875,2.4068446159362793,1.3943506479263306,1.0,2.8362178802490234,0.080078125,2.9899654388427734,0.05859375,2.3882994651794434,1.372730016708374,1.0,2.8357157707214355,0.0859375,2.9564526081085205,0.06640625
confirm-M-w256-d57163-s803-g04-uniform,confirm,M,256,57163,803,96203,4,uniform,0.0001,0.1,3212800,3,,constant_weights,,1622.0823057889938,0.0,1.0,False,False,5.299076080322266,5.254268646240234,2.1681416034698486,0.7975620031356812,1.0,2.6908693313598633,0.07080078125,3.015993356704712,0.05517578125,2.23049259185791,0.8502492904663086,1.0,2.7617509365081787,0.080078125,3.0794782638549805,0.0595703125,2.2141268253326416,0.7989172339439392,1.0,2.74643611907959,0.0859375,3.097026824951172,0.06591796875
confirm-M-w256-d57163-s803-g04-uniform,confirm,M,256,57163,803,96203,4,uniform,0.0001,0.1,3212800,5,,constant_weights,,1754.3145699501038,0.0,1.0,False,False,5.299076080322266,5.254268646240234,1.909875512123108,0.20620903372764587,1.0,2.6502561569213867,0.07666015625,2.8731613159179688,0.060546875,1.9674184322357178,0.23421496152877808,1.0,2.7409934997558594,0.08203125,2.9270472526550293,0.05859375,1.971743106842041,0.2179257571697235,1.0,2.7454490661621094,0.0859375,2.951854705810547,0.06396484375
confirm-M-w256-d57163-s803-g04-uniform,confirm,M,256,57163,803,96203,4,uniform,0.0001,0.1,3212800,10,,constant_weights,,1895.3609957695007,0.0,1.0,False,False,5.299076080322266,5.254268646240234,1.6343942880630493,0.03455990552902222,1.0,2.1263511180877686,0.27392578125,2.7422714233398438,0.0986328125,1.7827706336975098,0.03954235091805458,1.0,2.4669647216796875,0.18359375,2.8418047428131104,0.0654296875,1.7784770727157593,0.03859810531139374,1.0,2.453218698501587,0.173828125,2.8436145782470703,0.0556640625
confirm-M-w256-d57163-s803-g04-uniform,confirm,M,256,57163,803,96203,4,uniform,0.0001,0.1,3212800,20,,constant_weights,,2173.5830948352814,0.0,1.0,False,False,5.299076080322266,5.254268646240234,1.090991735458374,0.024708092212677002,1.0,0.6573197841644287,0.8251953125,2.590947151184082,0.14892578125,1.6797869205474854,0.02677939459681511,1.0,2.069345474243164,0.373046875,2.9432358741760254,0.0673828125,1.7145779132843018,0.031853873282670975,0.9990234375,2.1502983570098877,0.35400390625,2.9615819454193115,0.05810546875
confirm-M-w256-d57163-s803-g04-uniform,confirm,M,256,57163,803,96203,4,uniform,0.0001,0.1,3212800,30,,constant_weights,,2510.002640724182,0.0,1.0,False,False,5.299076080322266,5.254268646240234,0.4339221715927124,0.01544693298637867,1.0,0.06012243777513504,0.99951171875,1.2261972427368164,0.63134765625,1.8263379335403442,0.02136518619954586,0.9990234375,1.5126729011535645,0.5888671875,3.9449753761291504,0.068359375,1.8423266410827637,0.022303620353341103,0.998046875,1.4883562326431274,0.572265625,4.01632022857666,0.0654296875
confirm-M-w256-d57163-s803-g05-random,confirm,M,256,57163,803,96203,5,random,0.0001,1.0,3212800,0,,no_adaptation,,0.0,0.0,,False,False,5.299076080322266,5.254268646240234,5.336270809173584,0.007799720391631126,1.0,7.911894798278809,0.07080078125,8.089118003845215,0.0546875,5.299076080322266,0.007811789866536856,1.0,7.830646991729736,0.080078125,8.058769226074219,0.05859375,5.254268646240234,0.007821828126907349,1.0,7.7772417068481445,0.0859375,7.977742671966553,0.06640625
confirm-M-w256-d57163-s803-g05-random,confirm,M,256,57163,803,96203,5,random,0.0001,1.0,3212800,1,0.0,,1.982316549714424e-06,1465.2996654510498,0.0,1.0,True,False,5.299076080322266,5.254268646240234,2.4743576049804688,1.5981348752975464,0.9833984375,2.873229503631592,0.072265625,2.9517087936401367,0.05517578125,2.4914822578430176,1.6145979166030884,0.9765625,2.874352216720581,0.0791015625,2.9854965209960938,0.0615234375,2.4632508754730225,1.600852370262146,0.9814453125,2.849055290222168,0.08642578125,2.939845085144043,0.06591796875
confirm-M-w256-d57163-s803-g05-random,confirm,M,256,57163,803,96203,5,random,0.0001,1.0,3212800,3,0.00884906665868328,,4.616653006320395e-06,1566.4871553182602,0.0,1.0,False,False,5.299076080322266,5.254268646240234,2.276726007461548,0.9012396931648254,0.9912109375,2.8230860233306885,0.07470703125,3.1058523654937744,0.0546875,2.320685386657715,0.9370924234390259,0.9833984375,2.8562512397766113,0.0830078125,3.1687121391296387,0.0595703125,2.298427104949951,0.8969441652297974,0.98828125,2.8510379791259766,0.08837890625,3.147298812866211,0.06591796875
confirm-M-w256-d57163-s803-g05-random,confirm,M,256,57163,803,96203,5,random,0.0001,1.0,3212800,5,0.01353380316228624,,8.938670527895735e-06,1618.5341057777405,0.0,1.0,False,False,5.299076080322266,5.254268646240234,2.1750717163085938,0.7612359523773193,0.9990234375,2.7330245971679688,0.07861328125,3.030954599380493,0.0595703125,2.2374370098114014,0.8087751269340515,0.99609375,2.796873092651367,0.080078125,3.1066627502441406,0.05859375,2.220064401626587,0.7554876804351807,0.99658203125,2.7966365814208984,0.08740234375,3.10806941986084,0.06591796875
confirm-M-w256-d57163-s803-g05-random,confirm,M,256,57163,803,96203,5,random,0.0001,1.0,3212800,10,0.025269458875104504,,2.0732626877570386e-05,1758.116136431694,0.0,1.0,False,False,5.299076080322266,5.254268646240234,1.9024505615234375,0.1448708325624466,0.99462890625,2.6477622985839844,0.16796875,2.9147183895111084,0.08349609375,2.046792507171631,0.1703510582447052,0.9833984375,2.8754024505615234,0.1064453125,3.0946240425109863,0.0498046875,2.039189338684082,0.16079068183898926,0.99072265625,2.8708689212799072,0.1064453125,3.0859086513519287,0.06591796875
confirm-M-w256-d57163-s803-g05-random,confirm,M,256,57163,803,96203,5,random,0.0001,1.0,3212800,20,0.08644781846024693,,8.700215367307766e-05,1846.0139479637146,0.0,1.0,False,False,5.299076080322266,5.254268646240234,1.730774998664856,0.062087394297122955,0.99853515625,2.2419378757476807,0.39453125,2.8883001804351807,0.23291015625,2.319537401199341,0.0760614201426506,0.9970703125,3.188816547393799,0.1767578125,3.6937341690063477,0.05859375,2.3293027877807617,0.08173394203186035,0.9912109375,3.1703848838806152,0.16845703125,3.7357888221740723,0.0576171875
confirm-M-w256-d57163-s803-g05-random,confirm,M,256,57163,803,96203,5,random,0.0001,1.0,3212800,30,0.11566586259624627,,1.971650542464212e-05,2030.1660307645798,0.0,1.0,False,False,5.299076080322266,5.254268646240234,1.371103048324585,0.03577781468629837,0.99755859375,1.6399157047271729,0.57470703125,2.4376158714294434,0.4091796875,2.4940476417541504,0.044477030634880066,0.99609375,3.189838409423828,0.2421875,4.247827529907227,0.0703125,2.5184078216552734,0.05463940650224686,0.9921875,3.1721343994140625,0.22216796875,4.328449249267578,0.056640625
confirm-M-w256-d57163-s803-g05-uniform,confirm,M,256,57163,803,96203,5,uniform,0.0001,1.0,3212800,0,,no_adaptation,,0.0,0.0,,False,False,5.299076080322266,5.254268646240234,5.336270809173584,0.007799720391631126,1.0,7.911894798278809,0.07080078125,8.089118003845215,0.0546875,5.299076080322266,0.007811789866536856,1.0,7.830646991729736,0.080078125,8.058769226074219,0.05859375,5.254268646240234,0.007821828126907349,1.0,7.7772417068481445,0.0859375,7.977742671966553,0.06640625
confirm-M-w256-d57163-s803-g05-uniform,confirm,M,256,57163,803,96203,5,uniform,0.0001,1.0,3212800,1,,constant_weights,,1505.4675937891006,0.0,1.0,False,False,5.299076080322266,5.254268646240234,2.395904779434204,1.3759171962738037,1.0,2.8439369201660156,0.07080078125,2.967859983444214,0.0546875,2.407003164291382,1.3940942287445068,1.0,2.8365297317504883,0.080078125,2.9903855323791504,0.05859375,2.38846755027771,1.3724839687347412,1.0,2.836003065109253,0.0859375,2.956916093826294,0.06640625
confirm-M-w256-d57163-s803-g05-uniform,confirm,M,256,57163,803,96203,5,uniform,0.0001,1.0,3212800,3,,constant_weights,,1621.6193680763245,0.0,1.0,False,False,5.299076080322266,5.254268646240234,2.1690456867218018,0.8001290559768677,1.0,2.6909048557281494,0.07080078125,3.0161032676696777,0.05517578125,2.2312252521514893,0.8526901006698608,1.0,2.761519432067871,0.080078125,3.0794663429260254,0.0595703125,2.214855909347534,0.8014808297157288,1.0,2.746182680130005,0.0859375,3.0969045162200928,0.06591796875
confirm-M-w256-d57163-s803-g05-uniform,confirm,M,256,57163,803,96203,5,uniform,0.0001,1.0,3212800,5,,constant_weights,,1751.9733268022537,0.0,1.0,False,False,5.299076080322266,5.254268646240234,1.9144481420516968,0.2133798897266388,1.0,2.6539604663848877,0.076171875,2.876004219055176,0.06103515625,1.9720100164413452,0.2414058893918991,1.0,2.7445309162139893,0.08203125,2.9300930500030518,0.05859375,1.9762519598007202,0.225551038980484,1.0,2.748622417449951,0.0859375,2.9545822143554688,0.06396484375
confirm-M-w256-d57163-s803-g05-uniform,confirm,M,256,57163,803,96203,5,uniform,0.0001,1.0,3212800,10,,constant_weights,,1892.1171008348465,0.0,1.0,False,False,5.299076080322266,5.254268646240234,1.6407299041748047,0.03774871304631233,1.0,2.1405725479125977,0.271484375,2.743868589401245,0.099609375,1.7846401929855347,0.042997099459171295,1.0,2.46822452545166,0.1826171875,2.8426990509033203,0.064453125,1.7801638841629028,0.04194421321153641,1.0,2.454335927963257,0.17724609375,2.8442118167877197,0.05517578125
confirm-M-w256-d57163-s803-g05-uniform,confirm,M,256,57163,803,96203,5,uniform,0.0001,1.0,3212800,20,,constant_weights,,2149.812127828598,0.0,1.0,False,False,5.299076080322266,5.254268646240234,1.1374192237854004,0.029849397018551826,1.0,0.7787002325057983,0.794921875,2.603708267211914,0.14794921875,1.716958999633789,0.03135604411363602,1.0,2.189457893371582,0.3369140625,2.930063486099243,0.068359375,1.7506747245788574,0.03579908236861229,0.99951171875,2.26645827293396,0.3203125,2.9497673511505127,0.05615234375
confirm-M-w256-d57163-s803-g05-uniform,confirm,M,256,57163,803,96203,5,uniform,0.0001,1.0,3212800,30,,constant_weights,,2468.7160835266113,0.0,1.0,False,False,5.299076080322266,5.254268646240234,0.5145599842071533,0.021559501066803932,1.0,0.08095236122608185,0.99951171875,1.4411680698394775,0.56396484375,1.790439248085022,0.026681017130613327,0.9990234375,1.4842419624328613,0.5830078125,3.8603949546813965,0.0712890625,1.81187903881073,0.027836967259645462,0.99951171875,1.4664638042449951,0.580078125,3.9413366317749023,0.05712890625
confirm-M-w64-d52919-s801-g04-random,confirm,M,64,52919,801,96201,4,random,0.0001,0.1,113408,0,,no_adaptation,,0.0,0.0,,False,False,3.134394407272339,3.131875514984131,3.10967755317688,0.2578403353691101,1.0,4.579640865325928,0.052734375,4.491552352905273,0.07470703125,3.134394407272339,0.2572159767150879,1.0,4.561534881591797,0.0595703125,4.584432601928711,0.0576171875,3.131875514984131,0.25593212246894836,1.0,4.576835632324219,0.05712890625,4.5628581047058105,0.0615234375
confirm-M-w64-d52919-s801-g04-random,confirm,M,64,52919,801,96201,4,random,0.0001,0.1,113408,1,0.02190970282601898,,1.0704831647600374e-05,364.7964414358139,0.001953125,1.0,False,False,3.134394407272339,3.131875514984131,2.3971846103668213,1.1156426668167114,1.0,3.0382511615753174,0.052734375,3.037660837173462,0.07470703125,2.416572093963623,1.1196016073226929,1.0,3.037160634994507,0.0595703125,3.092953681945801,0.0576171875,2.414001226425171,1.1175925731658936,1.0,3.042071580886841,0.05712890625,3.0823397636413574,0.0615234375
confirm-M-w64-d52919-s801-g04-random,confirm,M,64,52919,801,96201,4,random,0.0001,0.1,113408,3,0.029988157546409794,,2.4066723193690964e-05,394.19552409648895,0.0,1.0,False,False,3.134394407272339,3.131875514984131,2.3397648334503174,0.9454203844070435,1.0,2.9803740978240967,0.052734375,3.0934996604919434,0.07470703125,2.369730234146118,0.9504732489585876,1.0,2.989985466003418,0.0595703125,3.168732166290283,0.0576171875,2.3632071018218994,0.9477850198745728,1.0,2.9832308292388916,0.05712890625,3.1586055755615234,0.0615234375
confirm-M-w64-d52919-s801-g04-random,confirm,M,64,52919,801,96201,4,random,0.0001,0.1,113408,5,0.037364653953678856,,3.851487354012454e-05,410.31341898441315,0.0,1.0,False,False,3.134394407272339,3.131875514984131,2.3082847595214844,0.9427297711372375,1.0,2.893813371658325,0.052734375,3.0883102416992188,0.07470703125,2.352100372314453,0.9536097049713135,1.0,2.923382520675659,0.0595703125,3.1793088912963867,0.0576171875,2.3415703773498535,0.9486827850341797,1.0,2.907081127166748,0.05712890625,3.168947219848633,0.0615234375
confirm-M-w64-d52919-s801-g04-random,confirm,M,64,52919,801,96201,4,random,0.0001,0.1,113408,10,0.04457541853452436,,5.543623267450917e-05,451.39981269836426,0.0,1.0,False,False,3.134394407272339,3.131875514984131,2.2280378341674805,0.8191207051277161,1.0,2.811734437942505,0.052734375,3.053257942199707,0.07470703125,2.2880568504333496,0.8355762958526611,1.0,2.862844944000244,0.0595703125,3.165750026702881,0.0576171875,2.2732667922973633,0.826010525226593,1.0,2.83940052986145,0.05712890625,3.1543891429901123,0.0615234375
confirm-M-w64-d52919-s801-g04-random,confirm,M,64,52919,801,96201,4,random,0.0001,0.1,113408,20,0.04590353314998162,,5.052333602880989e-05,506.2112729549408,0.0,1.0,False,False,3.134394407272339,3.131875514984131,2.1209840774536133,0.685165286064148,1.0,2.744813919067383,0.0537109375,2.9329729080200195,0.07421875,2.192446708679199,0.7186955809593201,1.0,2.8148810863494873,0.0595703125,3.0437633991241455,0.05859375,2.1783626079559326,0.7128785848617554,1.0,2.793433904647827,0.05712890625,3.028775453567505,0.06201171875
confirm-M-w64-d52919-s801-g04-random,confirm,M,64,52919,801,96201,4,random,0.0001,0.1,113408,30,0.05666092523973827,,5.1631306407507874e-05,549.3843084573746,0.0,1.0,False,False,3.134394407272339,3.131875514984131,2.0366618633270264,0.5053712129592896,0.99951171875,2.709704875946045,0.0595703125,2.894908905029297,0.076171875,2.1303861141204834,0.5491487979888916,0.9990234375,2.819634437561035,0.0595703125,3.0223753452301025,0.0576171875,2.116018533706665,0.5432671904563904,0.99951171875,2.786518096923828,0.05712890625,3.0182700157165527,0.0634765625
confirm-M-w64-d52919-s801-g04-uniform,confirm,M,64,52919,801,96201,4,uniform,0.0001,0.1,113408,0,,no_adaptation,,0.0,0.0,,False,False,3.134394407272339,3.131875514984131,3.10967755317688,0.2578403353691101,1.0,4.579640865325928,0.052734375,4.491552352905273,0.07470703125,3.134394407272339,0.2572159767150879,1.0,4.561534881591797,0.0595703125,4.584432601928711,0.0576171875,3.131875514984131,0.25593212246894836,1.0,4.576835632324219,0.05712890625,4.5628581047058105,0.0615234375
confirm-M-w64-d52919-s801-g04-uniform,confirm,M,64,52919,801,96201,4,uniform,0.0001,0.1,113408,1,,constant_weights,,369.11853563785553,0.001953125,1.0,False,False,3.134394407272339,3.131875514984131,2.3887431621551514,1.2136554718017578,1.0,2.9694666862487793,0.052734375,2.983107566833496,0.07470703125,2.4095520973205566,1.2181167602539062,1.0,2.9723150730133057,0.0595703125,3.038224697113037,0.0576171875,2.4061901569366455,1.2172776460647583,1.0,2.977565050125122,0.05712890625,3.023728132247925,0.0615234375
confirm-M-w64-d52919-s801-g04-uniform,confirm,M,64,52919,801,96201,4,uniform,0.0001,0.1,113408,3,,constant_weights,,413.8062114715576,0.0,1.0,False,False,3.134394407272339,3.131875514984131,2.3014628887176514,0.9894443154335022,1.0,2.8765664100646973,0.052734375,3.038377285003662,0.07470703125,2.3405535221099854,1.001500129699707,1.0,2.8992464542388916,0.0595703125,3.1209139823913574,0.0576171875,2.3373022079467773,1.000467300415039,1.0,2.8980560302734375,0.05712890625,3.1133828163146973,0.0615234375
confirm-M-w64-d52919-s801-g04-uniform,confirm,M,64,52919,801,96201,4,uniform,0.0001,0.1,113408,5,,constant_weights,,441.7341012954712,0.0,1.0,False,False,3.134394407272339,3.131875514984131,2.2469160556793213,0.8979125618934631,1.0,2.804551124572754,0.052734375,3.0382843017578125,0.07470703125,2.299964427947998,0.9173439145088196,1.0,2.84053373336792,0.0595703125,3.142014980316162,0.0576171875,2.297508716583252,0.9135255813598633,1.0,2.841071128845215,0.05712890625,3.1379289627075195,0.0615234375
confirm-M-w64-d52919-s801-g04-uniform,confirm,M,64,52919,801,96201,4,uniform,0.0001,0.1,113408,10,,constant_weights,,509.00163328647614,0.0,1.0,False,False,3.134394407272339,3.131875514984131,2.1155340671539307,0.6574554443359375,1.0,2.7633423805236816,0.052734375,2.925804376602173,0.07470703125,2.17195987701416,0.6897367238998413,1.0,2.8071064949035645,0.0595703125,3.0190372467041016,0.0576171875,2.1713969707489014,0.6933935880661011,1.0,2.8039450645446777,0.05712890625,3.0168521404266357,0.0615234375
confirm-M-w64-d52919-s801-g04-uniform,confirm,M,64,52919,801,96201,4,uniform,0.0001,0.1,113408,20,,constant_weights,,598.5450055599213,0.0,1.0,False,False,3.134394407272339,3.131875514984131,1.9406447410583496,0.313678503036499,1.0,2.694892406463623,0.052734375,2.8133633136749268,0.07470703125,1.9916141033172607,0.3545804023742676,1.0,2.733736991882324,0.0595703125,2.8865249156951904,0.0576171875,1.9903925657272339,0.35164594650268555,1.0,2.736767053604126,0.05712890625,2.8827643394470215,0.0615234375
confirm-M-w64-d52919-s801-g04-uniform,confirm,M,64,52919,801,96201,4,uniform,0.0001,0.1,113408,30,,constant_weights,,662.9517406225204,0.0,0.9979166666666667,False,False,3.134394407272339,3.131875514984131,1.8148503303527832,0.13965590298175812,1.0,2.541400909423828,0.0751953125,2.7634942531585693,0.083984375,1.8761975765228271,0.14642494916915894,1.0,2.6307592391967773,0.076171875,2.8514087200164795,0.0517578125,1.8710018396377563,0.1445697396993637,1.0,2.6232640743255615,0.07275390625,2.845172166824341,0.06103515625
confirm-M-w64-d52919-s802-g04-random,confirm,M,64,52919,802,96201,4,random,0.0001,0.1,113408,0,,no_adaptation,,0.0,0.0,,False,False,3.1240479946136475,3.1245720386505127,3.1205902099609375,0.2557939291000366,1.0,4.599018096923828,0.052734375,4.506957530975342,0.07470703125,3.1240479946136475,0.25579744577407837,1.0,4.559806823730469,0.0595703125,4.556539058685303,0.0576171875,3.1245720386505127,0.2553766071796417,1.0,4.57551383972168,0.05712890625,4.542825698852539,0.0615234375
confirm-M-w64-d52919-s802-g04-random,confirm,M,64,52919,802,96201,4,random,0.0001,0.1,113408,1,0.0015779837859969705,,1.1220026280791106e-05,366.3714770078659,0.001953125,1.0,False,False,3.1240479946136475,3.1245720386505127,2.4050204753875732,1.1242369413375854,1.0,3.041757583618164,0.052734375,3.049067497253418,0.07470703125,2.4079489707946777,1.1217849254608154,1.0,3.036044120788574,0.0595703125,3.0660181045532227,0.0576171875,2.4077203273773193,1.1230580806732178,1.0,3.0342774391174316,0.05712890625,3.0658254623413086,0.0615234375
confirm-M-w64-d52919-s802-g04-random,confirm,M,64,52919,802,96201,4,random,0.0001,0.1,113408,3,0.01566472380423435,,2.4455699254758367e-05,402.1944752931595,0.0,1.0,False,False,3.1240479946136475,3.1245720386505127,2.3350536823272705,0.9345667362213135,1.0,2.971660614013672,0.052734375,3.0989341735839844,0.07470703125,2.3571348190307617,0.9417346715927124,1.0,2.977858066558838,0.0595703125,3.1518118381500244,0.0576171875,2.359706401824951,0.9446622133255005,1.0,2.985837936401367,0.05712890625,3.148618698120117,0.0615234375
confirm-M-w64-d52919-s802-g04-random,confirm,M,64,52919,802,96201,4,random,0.0001,0.1,113408,5,0.022564545758648788,,4.440069338289107e-05,419.52894389629364,0.0,1.0,False,False,3.1240479946136475,3.1245720386505127,2.3011975288391113,0.9218236804008484,1.0,2.884195566177368,0.052734375,3.0975728034973145,0.07470703125,2.333258628845215,0.933291494846344,1.0,2.902315616607666,0.0595703125,3.1641697883605957,0.0576171875,2.334559440612793,0.935598611831665,1.0,2.906466484069824,0.05712890625,3.1616127490997314,0.0615234375
confirm-M-w64-d52919-s802-g04-random,confirm,M,64,52919,802,96201,4,random,0.0001,0.1,113408,10,0.02784890356859064,,5.557451683396574e-05,463.38714051246643,0.0,1.0,False,False,3.1240479946136475,3.1245720386505127,2.215536594390869,0.7936015725135803,1.0,2.8108184337615967,0.052734375,3.0421905517578125,0.07470703125,2.262664318084717,0.810769259929657,1.0,2.84606671333313,0.0595703125,3.131157159805298,0.0576171875,2.265197992324829,0.8088101148605347,1.0,2.854945421218872,0.05712890625,3.131838321685791,0.0615234375
confirm-M-w64-d52919-s802-g04-random,confirm,M,64,52919,802,96201,4,random,0.0001,0.1,113408,20,0.031896605313186444,,5.5905226494764846e-05,516.154735326767,0.0,0.996875,False,False,3.1240479946136475,3.1245720386505127,2.1124751567840576,0.6562490463256836,1.0,2.755693197250366,0.052734375,2.925483226776123,0.07470703125,2.169217586517334,0.6984981298446655,1.0,2.8111000061035156,0.0595703125,2.9980552196502686,0.0576171875,2.16972279548645,0.6907881498336792,1.0,2.81154465675354,0.05712890625,3.006835460662842,0.0615234375
confirm-M-w64-d52919-s802-g04-random,confirm,M,64,52919,802,96201,4,random,0.0001,0.1,113408,30,0.03596173952123287,,6.270622770102881e-05,574.1404142379761,0.0,0.9979166666666667,False,False,3.1240479946136475,3.1245720386505127,1.9992218017578125,0.43975791335105896,1.0,2.705580711364746,0.0546875,2.8523268699645996,0.07470703125,2.0672154426574707,0.49145299196243286,0.9990234375,2.771674871444702,0.060546875,2.93851900100708,0.056640625,2.075070381164551,0.49850746989250183,1.0,2.782097816467285,0.0595703125,2.944605588912964,0.0634765625
confirm-M-w64-d52919-s802-g04-uniform,confirm,M,64,52919,802,96201,4,uniform,0.0001,0.1,113408,0,,no_adaptation,,0.0,0.0,,False,False,3.1240479946136475,3.1245720386505127,3.1205902099609375,0.2557939291000366,1.0,4.599018096923828,0.052734375,4.506957530975342,0.07470703125,3.1240479946136475,0.25579744577407837,1.0,4.559806823730469,0.0595703125,4.556539058685303,0.0576171875,3.1245720386505127,0.2553766071796417,1.0,4.57551383972168,0.05712890625,4.542825698852539,0.0615234375
confirm-M-w64-d52919-s802-g04-uniform,confirm,M,64,52919,802,96201,4,uniform,0.0001,0.1,113408,1,,constant_weights,,367.877947807312,0.001953125,1.0,False,False,3.1240479946136475,3.1245720386505127,2.40207839012146,1.2196502685546875,1.0,2.9853646755218506,0.052734375,3.0012199878692627,0.07470703125,2.4070746898651123,1.2192323207855225,1.0,2.9803080558776855,0.0595703125,3.021683692932129,0.0576171875,2.4065890312194824,1.2215653657913208,1.0,2.979191303253174,0.05712890625,3.019010543823242,0.0615234375
confirm-M-w64-d52919-s802-g04-uniform,confirm,M,64,52919,802,96201,4,uniform,0.0001,0.1,113408,3,,constant_weights,,418.4165805578232,0.0,1.0,False,False,3.1240479946136475,3.1245720386505127,2.3033699989318848,0.9958783388137817,1.0,2.8726110458374023,0.052734375,3.0416204929351807,0.07470703125,2.33223819732666,1.0015449523925781,1.0,2.8883814811706543,0.0595703125,3.106787919998169,0.0576171875,2.3322882652282715,1.0051251649856567,1.0,2.894540786743164,0.05712890625,3.097198963165283,0.0615234375
confirm-M-w64-d52919-s802-g04-uniform,confirm,M,64,52919,802,96201,4,uniform,0.0001,0.1,113408,5,,constant_weights,,448.09148597717285,0.0,1.0,False,False,3.1240479946136475,3.1245720386505127,2.2454113960266113,0.8997402191162109,1.0,2.795701026916504,0.052734375,3.040792465209961,0.07470703125,2.289128303527832,0.9117810130119324,1.0,2.8275015354156494,0.0595703125,3.1281023025512695,0.0576171875,2.288574457168579,0.9119926691055298,1.0,2.8338782787323,0.05712890625,3.119852066040039,0.0615234375
confirm-M-w64-d52919-s802-g04-uniform,confirm,M,64,52919,802,96201,4,uniform,0.0001,0.1,113408,10,,constant_weights,,511.70638632774353,0.0,1.0,False,False,3.1240479946136475,3.1245720386505127,2.1211633682250977,0.6697419881820679,1.0,2.7633419036865234,0.052734375,2.930406093597412,0.07470703125,2.173121690750122,0.7025774717330933,1.0,2.8095970153808594,0.0595703125,3.007190465927124,0.0576171875,2.1720893383026123,0.7004738450050354,1.0,2.810023307800293,0.05712890625,3.005770206451416,0.0615234375
confirm-M-w64-d52919-s802-g04-uniform,confirm,M,64,52919,802,96201,4,uniform,0.0001,0.1,113408,20,,constant_weights,,604.7756044864655,0.0,1.0,False,False,3.1240479946136475,3.1245720386505127,1.939387559890747,0.29992222785949707,1.0,2.708684206008911,0.052734375,2.809556722640991,0.07470703125,1.9857470989227295,0.3490348160266876,1.0,2.738590955734253,0.0595703125,2.8696155548095703,0.0576171875,1.9877701997756958,0.35102617740631104,0.9990234375,2.7431511878967285,0.05712890625,2.8691329956054688,0.0615234375
confirm-M-w64-d52919-s802-g04-uniform,confirm,M,64,52919,802,96201,4,uniform,0.0001,0.1,113408,30,,constant_weights,,646.0831708908081,0.0,1.0,False,False,3.1240479946136475,3.1245720386505127,1.8587086200714111,0.16372567415237427,1.0,2.644719123840332,0.05322265625,2.767681360244751,0.07470703125,1.907747745513916,0.19295769929885864,1.0,2.688180446624756,0.060546875,2.842104911804199,0.0576171875,1.909115195274353,0.1935838907957077,1.0,2.6937496662139893,0.05712890625,2.840012311935425,0.0615234375
confirm-M-w64-d52919-s803-g04-random,confirm,M,64,52919,803,96201,4,random,0.0001,0.1,113408,0,,no_adaptation,,0.0,0.0,,False,False,3.1520698070526123,3.1462011337280273,3.1324000358581543,0.25264912843704224,1.0,4.62626314163208,0.052734375,4.518287658691406,0.07470703125,3.1520698070526123,0.2527015805244446,1.0,4.617499828338623,0.0595703125,4.586007118225098,0.0576171875,3.1462011337280273,0.2523252069950104,1.0,4.620046138763428,0.05712890625,4.566232204437256,0.0615234375
confirm-M-w64-d52919-s803-g04-random,confirm,M,64,52919,803,96201,4,random,0.0001,0.1,113408,1,0.0036986865906161095,,4.153608317983736e-06,370.2963664531708,0.001953125,1.0,False,False,3.1520698070526123,3.1462011337280273,2.4091649055480957,1.1481292247772217,1.0,3.0393033027648926,0.052734375,3.040062665939331,0.07470703125,2.425516366958618,1.1406669616699219,1.0,3.0578784942626953,0.0595703125,3.0780043601989746,0.0576171875,2.4232945442199707,1.141493558883667,1.0,3.048044204711914,0.05712890625,3.08034610748291,0.0615234375
confirm-M-w64-d52919-s803-g04-random,confirm,M,64,52919,803,96201,4,random,0.0001,0.1,113408,3,0.01641228525007285,,1.4154433022864169e-05,404.7505933046341,0.0,1.0,False,False,3.1520698070526123,3.1462011337280273,2.341871738433838,0.9268022179603577,1.0,2.9918932914733887,0.052734375,3.106919050216675,0.07470703125,2.37441349029541,0.9325972199440002,1.0,3.0203442573547363,0.0595703125,3.1702990531921387,0.0576171875,2.3698933124542236,0.9371506571769714,1.0,3.0074667930603027,0.05712890625,3.1650619506835938,0.0615234375
confirm-M-w64-d52919-s803-g04-random,confirm,M,64,52919,803,96201,4,random,0.0001,0.1,113408,5,0.023650812644260832,,2.6487909483981767e-05,420.105819106102,0.0,1.0,False,False,3.1520698070526123,3.1462011337280273,2.3118808269500732,0.9507112503051758,1.0,2.8919780254364014,0.052734375,3.0929532051086426,0.07470703125,2.355879306793213,0.960180938243866,1.0,2.931581497192383,0.0595703125,3.1758759021759033,0.0576171875,2.3508617877960205,0.9642436504364014,1.0,2.917250633239746,0.05712890625,3.171091079711914,0.0615234375
confirm-M-w64-d52919-s803-g04-random,confirm,M,64,52919,803,96201,4,random,0.0001,0.1,113408,10,0.033179483646836885,,3.610008244972124e-05,451.0158373117447,0.0,1.0,False,False,3.1520698070526123,3.1462011337280273,2.251509666442871,0.916893720626831,1.0,2.7954211235046387,0.05419921875,3.0422143936157227,0.07470703125,2.3070902824401855,0.9323070049285889,1.0,2.849867105484009,0.0595703125,3.139096975326538,0.0576171875,2.304412364959717,0.93410325050354,1.0,2.833566665649414,0.0576171875,3.1455671787261963,0.06201171875
confirm-M-w64-d52919-s803-g04-random,confirm,M,64,52919,803,96201,4,random,0.0001,0.1,113408,20,0.04188327124601471,,4.546898318316611e-05,506.02621614933014,0.0,1.0,False,False,3.1520698070526123,3.1462011337280273,2.1440675258636475,0.6757079362869263,1.0,2.7917287349700928,0.0537109375,2.964766025543213,0.07470703125,2.214158296585083,0.7049422860145569,1.0,2.8689727783203125,0.0595703125,3.0685601234436035,0.0576171875,2.218829870223999,0.7209512591362,0.99853515625,2.8557357788085938,0.05712890625,3.079803228378296,0.0615234375
confirm-M-w64-d52919-s803-g04-random,confirm,M,64,52919,803,96201,4,random,0.0001,0.1,113408,30,0.0518658202571346,,6.687637395709012e-05,542.7447693347931,0.0,1.0,False,False,3.1520698070526123,3.1462011337280273,2.0723516941070557,0.5678764581680298,0.9970703125,2.740396499633789,0.060546875,2.9087820053100586,0.076171875,2.1690833568573,0.6105471253395081,0.9931640625,2.8584537506103516,0.060546875,3.0382494926452637,0.0537109375,2.170624256134033,0.6229648590087891,0.99658203125,2.8398494720458984,0.0595703125,3.049058198928833,0.06201171875
confirm-M-w64-d52919-s803-g04-uniform,confirm,M,64,52919,803,96201,4,uniform,0.0001,0.1,113408,0,,no_adaptation,,0.0,0.0,,False,False,3.1520698070526123,3.1462011337280273,3.1324000358581543,0.25264912843704224,1.0,4.62626314163208,0.052734375,4.518287658691406,0.07470703125,3.1520698070526123,0.2527015805244446,1.0,4.617499828338623,0.0595703125,4.586007118225098,0.0576171875,3.1462011337280273,0.2523252069950104,1.0,4.620046138763428,0.05712890625,4.566232204437256,0.0615234375
confirm-M-w64-d52919-s803-g04-uniform,confirm,M,64,52919,803,96201,4,uniform,0.0001,0.1,113408,1,,constant_weights,,376.17366671562195,0.001953125,1.0,False,False,3.1520698070526123,3.1462011337280273,2.3976857662200928,1.241942048072815,1.0,2.9681239128112793,0.052734375,2.9829916954040527,0.07470703125,2.4120397567749023,1.2378917932510376,1.0,2.976365804672241,0.0595703125,3.0218610763549805,0.0576171875,2.4101974964141846,1.2395784854888916,1.0,2.97127103805542,0.05712890625,3.0197434425354004,0.0615234375
confirm-M-w64-d52919-s803-g04-uniform,confirm,M,64,52919,803,96201,4,uniform,0.0001,0.1,113408,3,,constant_weights,,425.22927832603455,0.0,1.0,False,False,3.1520698070526123,3.1462011337280273,2.3018741607666016,0.9966498613357544,1.0,2.868267059326172,0.052734375,3.040705442428589,0.07470703125,2.3392598628997803,1.006878137588501,1.0,2.891123056411743,0.0595703125,3.1197781562805176,0.0576171875,2.336510181427002,1.0096678733825684,1.0,2.8832690715789795,0.05712890625,3.1165928840637207,0.0615234375
confirm-M-w64-d52919-s803-g04-uniform,confirm,M,64,52919,803,96201,4,uniform,0.0001,0.1,113408,5,,constant_weights,,449.49234640598297,0.0,1.0,False,False,3.1520698070526123,3.1462011337280273,2.2544853687286377,0.9500631093978882,1.0,2.7777366638183594,0.052734375,3.035656452178955,0.07470703125,2.3054451942443848,0.9678407907485962,1.0,2.812636613845825,0.0595703125,3.1358582973480225,0.0576171875,2.3047983646392822,0.9671142101287842,1.0,2.809587001800537,0.05712890625,3.137693166732788,0.0615234375
confirm-M-w64-d52919-s803-g04-uniform,confirm,M,64,52919,803,96201,4,uniform,0.0001,0.1,113408,10,,constant_weights,,520.0489914417267,0.0,1.0,False,False,3.1520698070526123,3.1462011337280273,2.1166794300079346,0.646369218826294,1.0,2.7699742317199707,0.052734375,2.93369460105896,0.07470703125,2.1718361377716064,0.6751286387443542,1.0,2.819509506225586,0.0595703125,3.0208704471588135,0.0576171875,2.172480344772339,0.6770632266998291,1.0,2.8163578510284424,0.05712890625,3.0240204334259033,0.0615234375
confirm-M-w64-d52919-s803-g04-uniform,confirm,M,64,52919,803,96201,4,uniform,0.0001,0.1,113408,20,,constant_weights,,623.2325669527054,0.0,1.0,False,False,3.1520698070526123,3.1462011337280273,1.9151489734649658,0.25136303901672363,1.0,2.7049152851104736,0.052734375,2.7891685962677,0.07470703125,1.9551236629486084,0.2733873724937439,1.0,2.7439987659454346,0.0595703125,2.847985029220581,0.0576171875,1.954776406288147,0.27482226490974426,0.99951171875,2.7408294677734375,0.05712890625,2.848677158355713,0.0615234375
confirm-M-w64-d52919-s803-g04-uniform,confirm,M,64,52919,803,96201,4,uniform,0.0001,0.1,113408,30,,constant_weights,,660.103444814682,0.0,1.0,False,False,3.1520698070526123,3.1462011337280273,1.8431353569030762,0.13790708780288696,1.0,2.634554386138916,0.05419921875,2.7569451332092285,0.07470703125,1.8884286880493164,0.14636072516441345,1.0,2.6921417713165283,0.060546875,2.8267836570739746,0.056640625,1.8864363431930542,0.1460902988910675,1.0,2.684753656387329,0.05712890625,2.828465223312378,0.06103515625
confirm-M-w64-d55049-s801-g04-random,confirm,M,64,55049,801,96202,4,random,0.0001,0.1,113408,0,,no_adaptation,,0.0,0.0,,False,False,3.0877583026885986,3.1007578372955322,3.092123031616211,0.2559927999973297,1.0,4.440578460693359,0.0771484375,4.579798221588135,0.05859375,3.0877583026885986,0.2551168203353882,1.0,4.447842597961426,0.0751953125,4.560315132141113,0.0556640625,3.1007578372955322,0.25531458854675293,1.0,4.499693870544434,0.06884765625,4.54726505279541,0.06298828125
confirm-M-w64-d55049-s801-g04-random,confirm,M,64,55049,801,96202,4,random,0.0001,0.1,113408,1,0.0072793104107251,,1.5384187283248307e-05,357.928973197937,0.0,1.0,False,False,3.0877583026885986,3.1007578372955322,2.393043041229248,1.1148524284362793,1.0,2.9774460792541504,0.0771484375,3.0868310928344727,0.05859375,2.3954081535339355,1.1169942617416382,1.0,2.986412286758423,0.0751953125,3.082817316055298,0.0556640625,2.4007277488708496,1.1119236946105957,1.0,3.0123143196105957,0.06884765625,3.077944755554199,0.06298828125
confirm-M-w64-d55049-s801-g04-random,confirm,M,64,55049,801,96202,4,random,0.0001,0.1,113408,3,0.018272691732488945,,2.1127441476842872e-05,386.99146568775177,0.0,1.0,False,False,3.0877583026885986,3.1007578372955322,2.336280345916748,0.9236207008361816,1.0,2.938629627227783,0.0771484375,3.1465909481048584,0.05859375,2.351802349090576,0.928269624710083,1.0,2.9704816341400146,0.0751953125,3.1566553115844727,0.0556640625,2.3633596897125244,0.9285781383514404,1.0,2.9951367378234863,0.06884765625,3.1663637161254883,0.06298828125
confirm-M-w64-d55049-s801-g04-random,confirm,M,64,55049,801,96202,4,random,0.0001,0.1,113408,5,0.024972813187587303,,4.547203726052401e-05,400.3016586303711,0.0,1.0,False,False,3.0877583026885986,3.1007578372955322,2.310283899307251,0.9128012657165527,1.0,2.87325119972229,0.0771484375,3.1447997093200684,0.05859375,2.3366000652313232,0.9213407039642334,1.0,2.918403148651123,0.0751953125,3.1700563430786133,0.0556640625,2.3508496284484863,0.9229133129119873,1.0,2.9453744888305664,0.06884765625,3.184260368347168,0.06298828125
confirm-M-w64-d55049-s801-g04-random,confirm,M,64,55049,801,96202,4,random,0.0001,0.1,113408,10,0.03389359726029631,,6.224826574423649e-05,441.2494821548462,0.0,1.0,False,False,3.0877583026885986,3.1007578372955322,2.2303078174591064,0.8056182861328125,1.0,2.809785842895508,0.0771484375,3.07551908493042,0.05859375,2.2708899974823,0.822386622428894,1.0,2.8744475841522217,0.0771484375,3.115835666656494,0.0546875,2.2798383235931396,0.8163735270500183,0.99951171875,2.8880608081817627,0.06884765625,3.135080575942993,0.06298828125
confirm-M-w64-d55049-s801-g04-random,confirm,M,64,55049,801,96202,4,random,0.0001,0.1,113408,20,0.03730458370250504,,7.841149323455147e-05,497.59082078933716,0.0,1.0,False,False,3.0877583026885986,3.1007578372955322,2.1202661991119385,0.6247740387916565,0.99951171875,2.7537286281585693,0.08154296875,2.982295274734497,0.05908203125,2.1814568042755127,0.669725239276886,0.9990234375,2.8366754055023193,0.0771484375,3.0379703044891357,0.0537109375,2.1866707801818848,0.6578184366226196,0.99853515625,2.855103015899658,0.06884765625,3.047091007232666,0.0625
confirm-M-w64-d55049-s801-g04-random,confirm,M,64,55049,801,96202,4,random,0.0001,0.1,113408,30,0.04153209599363614,,7.486505333858323e-05,548.0348747968674,0.0,1.0,False,False,3.0877583026885986,3.1007578372955322,2.021742343902588,0.4770333170890808,0.99951171875,2.688961982727051,0.0849609375,2.8992321491241455,0.06201171875,2.097944736480713,0.541551947593689,1.0,2.786165714263916,0.0791015625,2.9661166667938232,0.0556640625,2.106435775756836,0.5372793078422546,0.99755859375,2.8097221851348877,0.07080078125,2.9723060131073,0.064453125
confirm-M-w64-d55049-s801-g04-uniform,confirm,M,64,55049,801,96202,4,uniform,0.0001,0.1,113408,0,,no_adaptation,,0.0,0.0,,False,False,3.0877583026885986,3.1007578372955322,3.092123031616211,0.2559927999973297,1.0,4.440578460693359,0.0771484375,4.579798221588135,0.05859375,3.0877583026885986,0.2551168203353882,1.0,4.447842597961426,0.0751953125,4.560315132141113,0.0556640625,3.1007578372955322,0.25531458854675293,1.0,4.499693870544434,0.06884765625,4.54726505279541,0.06298828125
confirm-M-w64-d55049-s801-g04-uniform,confirm,M,64,55049,801,96202,4,uniform,0.0001,0.1,113408,1,,constant_weights,,360.6999604701996,0.0,1.0,False,False,3.0877583026885986,3.1007578372955322,2.3876309394836426,1.213537335395813,1.0,2.9213953018188477,0.0771484375,3.0279603004455566,0.05859375,2.3917477130889893,1.2168772220611572,1.0,2.9341330528259277,0.0751953125,3.024233341217041,0.0556640625,2.3973445892333984,1.2149354219436646,1.0,2.955965757369995,0.06884765625,3.0211329460144043,0.06298828125
confirm-M-w64-d55049-s801-g04-uniform,confirm,M,64,55049,801,96202,4,uniform,0.0001,0.1,113408,3,,constant_weights,,403.0520271062851,0.0,1.0,False,False,3.0877583026885986,3.1007578372955322,2.3049120903015137,0.9902625679969788,1.0,2.844801902770996,0.0771484375,3.07967209815979,0.05859375,2.330397129058838,0.9987995624542236,1.0,2.8865597248077393,0.0751953125,3.1058316230773926,0.0556640625,2.3378653526306152,0.9991512894630432,1.0,2.9081368446350098,0.06884765625,3.1063079833984375,0.06298828125
confirm-M-w64-d55049-s801-g04-uniform,confirm,M,64,55049,801,96202,4,uniform,0.0001,0.1,113408,5,,constant_weights,,429.5077670812607,0.0,1.0,False,False,3.0877583026885986,3.1007578372955322,2.2532410621643066,0.9016212224960327,1.0,2.784555196762085,0.0771484375,3.0735459327697754,0.05859375,2.2921667098999023,0.91645348072052,1.0,2.8476595878601074,0.0751953125,3.112387180328369,0.0556640625,2.3004331588745117,0.9196358323097229,1.0,2.8618972301483154,0.06884765625,3.1197662353515625,0.06298828125
confirm-M-w64-d55049-s801-g04-uniform,confirm,M,64,55049,801,96202,4,uniform,0.0001,0.1,113408,10,,constant_weights,,496.32855451107025,0.0,1.0,False,False,3.0877583026885986,3.1007578372955322,2.1227314472198486,0.6645728349685669,1.0,2.753253698348999,0.0771484375,2.9503679275512695,0.05859375,2.1660068035125732,0.7045911550521851,1.0,2.810537815093994,0.0751953125,2.982891798019409,0.0556640625,2.1695597171783447,0.6880422830581665,1.0,2.8243319988250732,0.06884765625,2.996304988861084,0.06298828125
confirm-M-w64-d55049-s801-g04-uniform,confirm,M,64,55049,801,96202,4,uniform,0.0001,0.1,113408,20,,constant_weights,,583.9581316709518,0.0,1.0,False,False,3.0877583026885986,3.1007578372955322,1.9515799283981323,0.32243868708610535,1.0,2.689084529876709,0.0771484375,2.8432164192199707,0.05859375,1.9983153343200684,0.36586230993270874,1.0,2.7462291717529297,0.0751953125,2.882854700088501,0.0556640625,2.001112699508667,0.36817365884780884,1.0,2.752375602722168,0.06884765625,2.882788896560669,0.06298828125
confirm-M-w64-d55049-s801-g04-uniform,confirm,M,64,55049,801,96202,4,uniform,0.0001,0.1,113408,30,,constant_weights,,648.371190071106,0.0,1.0,False,False,3.0877583026885986,3.1007578372955322,1.8257732391357422,0.13514459133148193,1.0,2.5634841918945312,0.09619140625,2.7786905765533447,0.064453125,1.874143123626709,0.14077477157115936,1.0,2.6561222076416016,0.0830078125,2.8255324363708496,0.0546875,1.8776298761367798,0.14228330552577972,1.0,2.6600661277770996,0.08056640625,2.830540180206299,0.06103515625
confirm-M-w64-d55049-s802-g04-random,confirm,M,64,55049,802,96202,4,random,0.0001,0.1,113408,0,,no_adaptation,,0.0,0.0,,False,False,3.1325080394744873,3.128460645675659,3.126939296722412,0.2546825408935547,1.0,4.542328357696533,0.0771484375,4.583807945251465,0.05859375,3.1325080394744873,0.2555491030216217,1.0,4.558030128479004,0.0751953125,4.5839457511901855,0.0556640625,3.128460645675659,0.2546224594116211,1.0,4.569486618041992,0.06884765625,4.561273574829102,0.06298828125
confirm-M-w64-d55049-s802-g04-random,confirm,M,64,55049,802,96202,4,random,0.0001,0.1,113408,1,0.00999528428528787,,4.1620426461858475e-06,369.2697569131851,0.0,1.0,False,False,3.1325080394744873,3.128460645675659,2.4057095050811768,1.148090124130249,1.0,3.0094540119171143,0.0771484375,3.0595836639404297,0.05859375,2.4066855907440186,1.1437158584594727,1.0,3.019148826599121,0.0751953125,3.057191848754883,0.0556640625,2.4135608673095703,1.1452908515930176,1.0,3.024843215942383,0.06884765625,3.0705478191375732,0.06298828125
confirm-M-w64-d55049-s802-g04-random,confirm,M,64,55049,802,96202,4,random,0.0001,0.1,113408,3,0.01914882430459025,,1.820287613393497e-05,401.246444940567,0.0,1.0,False,False,3.1325080394744873,3.128460645675659,2.343255043029785,0.9337336421012878,1.0,2.962956190109253,0.0771484375,3.133074998855591,0.05859375,2.362333297729492,0.9364595413208008,1.0,3.0021989345550537,0.0751953125,3.148341655731201,0.0556640625,2.365520477294922,0.9416708946228027,1.0,3.005958318710327,0.06884765625,3.1489317417144775,0.06298828125
confirm-M-w64-d55049-s802-g04-random,confirm,M,64,55049,802,96202,4,random,0.0001,0.1,113408,5,0.028617827526121915,,3.5717390303790695e-05,415.7828484773636,0.0,1.0,False,False,3.1325080394744873,3.128460645675659,2.314863681793213,0.9115618467330933,1.0,2.8874940872192383,0.0771484375,3.1455347537994385,0.05859375,2.341282367706299,0.9148777723312378,1.0,2.942218780517578,0.0751953125,3.166750431060791,0.0556640625,2.345750331878662,0.9193049669265747,1.0,2.943178176879883,0.06884765625,3.1747679710388184,0.06298828125
confirm-M-w64-d55049-s802-g04-random,confirm,M,64,55049,802,96202,4,random,0.0001,0.1,113408,10,0.0357381463105407,,5.889123409601517e-05,456.5303955078125,0.0,1.0,False,False,3.1325080394744873,3.128460645675659,2.235278367996216,0.7896494269371033,1.0,2.816988706588745,0.0771484375,3.0991971492767334,0.05859375,2.278590679168701,0.8055803179740906,1.0,2.8879330158233643,0.0751953125,3.142259359359741,0.0556640625,2.2772483825683594,0.801180362701416,1.0,2.8831698894500732,0.06884765625,3.147394895553589,0.06298828125
confirm-M-w64-d55049-s802-g04-random,confirm,M,64,55049,802,96202,4,random,0.0001,0.1,113408,20,0.04150212801034027,,7.388292610831469e-05,510.39352560043335,0.0,1.0,False,False,3.1325080394744873,3.128460645675659,2.130077362060547,0.6607275009155273,1.0,2.7590513229370117,0.0791015625,2.970452308654785,0.06005859375,2.2018251419067383,0.712531328201294,1.0,2.8459653854370117,0.07421875,3.0469789505004883,0.056640625,2.1962809562683105,0.7006943821907043,1.0,2.8422558307647705,0.06884765625,3.0458929538726807,0.0634765625
confirm-M-w64-d55049-s802-g04-random,confirm,M,64,55049,802,96202,4,random,0.0001,0.1,113408,30,0.04638287128378056,,8.278696044068986e-05,560.1507958173752,0.0,1.0,False,False,3.1325080394744873,3.128460645675659,2.0328948497772217,0.4904811382293701,0.99853515625,2.7076544761657715,0.08349609375,2.9005489349365234,0.060546875,2.13494610786438,0.5693376064300537,0.998046875,2.8285908699035645,0.0751953125,3.006910562515259,0.0556640625,2.1280932426452637,0.5633790493011475,0.99755859375,2.8215017318725586,0.06982421875,2.9993984699249268,0.06396484375
confirm-M-w64-d55049-s802-g04-uniform,confirm,M,64,55049,802,96202,4,uniform,0.0001,0.1,113408,0,,no_adaptation,,0.0,0.0,,False,False,3.1325080394744873,3.128460645675659,3.126939296722412,0.2546825408935547,1.0,4.542328357696533,0.0771484375,4.583807945251465,0.05859375,3.1325080394744873,0.2555491030216217,1.0,4.558030128479004,0.0751953125,4.5839457511901855,0.0556640625,3.128460645675659,0.2546224594116211,1.0,4.569486618041992,0.06884765625,4.561273574829102,0.06298828125
confirm-M-w64-d55049-s802-g04-uniform,confirm,M,64,55049,802,96202,4,uniform,0.0001,0.1,113408,1,,constant_weights,,371.29039788246155,0.0,1.0,False,False,3.1325080394744873,3.128460645675659,2.4017629623413086,1.2352248430252075,1.0,2.9565956592559814,0.0771484375,3.0134682655334473,0.05859375,2.405959129333496,1.2364871501922607,1.0,2.970031261444092,0.0751953125,3.0113587379455566,0.0556640625,2.410231113433838,1.2366881370544434,1.0,2.973925828933716,0.06884765625,3.0200793743133545,0.06298828125
confirm-M-w64-d55049-s802-g04-uniform,confirm,M,64,55049,802,96202,4,uniform,0.0001,0.1,113408,3,,constant_weights,,417.4652746915817,0.0,1.0,False,False,3.1325080394744873,3.128460645675659,2.311577796936035,0.9935605525970459,1.0,2.868839979171753,0.0771484375,3.0723319053649902,0.05859375,2.338327646255493,1.0027209520339966,1.0,2.918367385864258,0.0751953125,3.0938944816589355,0.0556640625,2.3419594764709473,1.0035144090652466,1.0,2.9195213317871094,0.06884765625,3.102842330932617,0.06298828125
confirm-M-w64-d55049-s802-g04-uniform,confirm,M,64,55049,802,96202,4,uniform,0.0001,0.1,113408,5,,constant_weights,,443.92796564102173,0.0,1.0,False,False,3.1325080394744873,3.128460645675659,2.259892463684082,0.8984870314598083,1.0,2.801372528076172,0.0771484375,3.0798182487487793,0.05859375,2.2961621284484863,0.9075234532356262,1.0,2.867892265319824,0.0751953125,3.1130707263946533,0.0556640625,2.3039276599884033,0.9133184552192688,1.0,2.870271921157837,0.06884765625,3.128192901611328,0.06298828125
confirm-M-w64-d55049-s802-g04-uniform,confirm,M,64,55049,802,96202,4,uniform,0.0001,0.1,113408,10,,constant_weights,,509.5913043022156,0.0,1.0,False,False,3.1325080394744873,3.128460645675659,2.1316440105438232,0.6541427373886108,1.0,2.77801513671875,0.0771484375,2.9627740383148193,0.05859375,2.180297374725342,0.6977567076683044,1.0,2.833395481109619,0.0751953125,3.009739637374878,0.0556640625,2.177495241165161,0.679107666015625,1.0,2.8401997089385986,0.06884765625,3.0131781101226807,0.06298828125
confirm-M-w64-d55049-s802-g04-uniform,confirm,M,64,55049,802,96202,4,uniform,0.0001,0.1,113408,20,,constant_weights,,602.2121971845627,0.0,1.0,False,False,3.1325080394744873,3.128460645675659,1.9507436752319336,0.3061416745185852,1.0,2.7109203338623047,0.0771484375,2.8351693153381348,0.05859375,2.002823829650879,0.36941802501678467,1.0,2.763812303543091,0.0751953125,2.8752410411834717,0.0556640625,2.00067400932312,0.3714534342288971,0.99951171875,2.7608704566955566,0.06884765625,2.8696980476379395,0.06298828125
confirm-M-w64-d55049-s802-g04-uniform,confirm,M,64,55049,802,96202,4,uniform,0.0001,0.1,113408,30,,constant_weights,,650.7811306715012,0.0,1.0,False,False,3.1325080394744873,3.128460645675659,1.8558825254440308,0.16496731340885162,1.0,2.6212422847747803,0.0810546875,2.781437873840332,0.06103515625,1.9052070379257202,0.18886739015579224,1.0,2.6980154514312744,0.0791015625,2.8287386894226074,0.0537109375,1.9073734283447266,0.18952973186969757,1.0,2.6960887908935547,0.0703125,2.8365018367767334,0.0625
confirm-M-w64-d55049-s803-g04-random,confirm,M,64,55049,803,96202,4,random,0.0001,0.1,113408,0,,no_adaptation,,0.0,0.0,,False,False,3.1007814407348633,3.1037237644195557,3.089102268218994,0.251997172832489,1.0,4.438815116882324,0.0771484375,4.5764946937561035,0.05859375,3.1007814407348633,0.2518489360809326,1.0,4.449653625488281,0.0751953125,4.600841045379639,0.0556640625,3.1037237644195557,0.2522280216217041,1.0,4.486242294311523,0.06884765625,4.572700500488281,0.06298828125
confirm-M-w64-d55049-s803-g04-random,confirm,M,64,55049,803,96202,4,random,0.0001,0.1,113408,1,0.012227884635317182,,1.1506181435327784e-05,352.1724234819412,0.0,1.0,False,False,3.1007814407348633,3.1037237644195557,2.4012653827667236,1.179198145866394,1.0,2.959397315979004,0.0771484375,3.0652010440826416,0.05859375,2.401294231414795,1.1785194873809814,1.0,2.9609687328338623,0.0751953125,3.064394235610962,0.0556640625,2.4081051349639893,1.172457218170166,1.0,2.9893102645874023,0.06884765625,3.0625476837158203,0.06298828125
confirm-M-w64-d55049-s803-g04-random,confirm,M,64,55049,803,96202,4,random,0.0001,0.1,113408,3,0.022614166848606086,,3.436129160567789e-05,382.46955502033234,0.0,1.0,False,False,3.1007814407348633,3.1037237644195557,2.3420913219451904,0.9457336664199829,1.0,2.934326171875,0.0771484375,3.146214485168457,0.05859375,2.360572338104248,0.953272819519043,1.0,2.9602391719818115,0.0751953125,3.1682052612304688,0.0556640625,2.363725423812866,0.9448249340057373,1.0,2.9912400245666504,0.06884765625,3.155111312866211,0.06298828125
confirm-M-w64-d55049-s803-g04-random,confirm,M,64,55049,803,96202,4,random,0.0001,0.1,113408,5,0.030403538173339684,,4.818187582369478e-05,393.819069981575,0.0,1.0,False,False,3.1007814407348633,3.1037237644195557,2.3199243545532227,0.9391807317733765,1.0,2.875535488128662,0.0771484375,3.14505672454834,0.05859375,2.346217393875122,0.950937032699585,1.0,2.9085981845855713,0.0751953125,3.17911696434021,0.0556640625,2.351745128631592,0.9437121152877808,1.0,2.9426050186157227,0.06884765625,3.1689178943634033,0.06298828125
confirm-M-w64-d55049-s803-g04-random,confirm,M,64,55049,803,96202,4,random,0.0001,0.1,113408,10,0.040879799847357276,,8.281156771621992e-05,424.05126535892487,0.0,1.0,False,False,3.1007814407348633,3.1037237644195557,2.2608771324157715,0.8536818623542786,1.0,2.813286781311035,0.0771484375,3.1156625747680664,0.05859375,2.296766519546509,0.865764319896698,1.0,2.861154556274414,0.0751953125,3.1633806228637695,0.0556640625,2.3110904693603516,0.864830493927002,1.0,2.899937152862549,0.06884765625,3.168503522872925,0.06298828125
confirm-M-w64-d55049-s803-g04-random,confirm,M,64,55049,803,96202,4,random,0.0001,0.1,113408,20,0.04130662935327588,,7.292127606644999e-05,498.1803923845291,0.0,1.0,False,False,3.1007814407348633,3.1037237644195557,2.116093635559082,0.6457431316375732,1.0,2.7603938579559326,0.0771484375,2.9421441555023193,0.05859375,2.1626532077789307,0.6952599287033081,1.0,2.7988440990448,0.0751953125,2.9938554763793945,0.056640625,2.170985221862793,0.6900701522827148,0.9990234375,2.8360867500305176,0.06982421875,2.9867987632751465,0.06298828125
confirm-M-w64-d55049-s803-g04-random,confirm,M,64,55049,803,96202,4,random,0.0001,0.1,113408,30,0.043639492686064416,,8.06194816264743e-05,550.8740587234497,0.0,1.0,False,False,3.1007814407348633,3.1037237644195557,2.013176202774048,0.457088828086853,0.9990234375,2.7059288024902344,0.0791015625,2.876511335372925,0.060546875,2.078625440597534,0.507145881652832,0.998046875,2.7732298374176025,0.076171875,2.9555001258850098,0.0556640625,2.089453935623169,0.5243895053863525,0.99853515625,2.804335117340088,0.0703125,2.9396371841430664,0.0625
confirm-M-w64-d55049-s803-g04-uniform,confirm,M,64,55049,803,96202,4,uniform,0.0001,0.1,113408,0,,no_adaptation,,0.0,0.0,,False,False,3.1007814407348633,3.1037237644195557,3.089102268218994,0.251997172832489,1.0,4.438815116882324,0.0771484375,4.5764946937561035,0.05859375,3.1007814407348633,0.2518489360809326,1.0,4.449653625488281,0.0751953125,4.600841045379639,0.0556640625,3.1037237644195557,0.2522280216217041,1.0,4.486242294311523,0.06884765625,4.572700500488281,0.06298828125
confirm-M-w64-d55049-s803-g04-uniform,confirm,M,64,55049,803,96202,4,uniform,0.0001,0.1,113408,1,,constant_weights,,357.9260183572769,0.0,1.0,False,False,3.1007814407348633,3.1037237644195557,2.3900277614593506,1.2565739154815674,1.0,2.906646251678467,0.0771484375,3.006863832473755,0.05859375,2.39652419090271,1.256842017173767,1.0,2.9131922721862793,0.0751953125,3.0195388793945312,0.0556640625,2.401463031768799,1.2543847560882568,1.0,2.9354872703552246,0.06884765625,3.014517307281494,0.06298828125
confirm-M-w64-d55049-s803-g04-uniform,confirm,M,64,55049,803,96202,4,uniform,0.0001,0.1,113408,3,,constant_weights,,400.5356625318527,0.0,1.0,False,False,3.1007814407348633,3.1037237644195557,2.3068060874938965,1.0042412281036377,1.0,2.84049654006958,0.0771484375,3.0756802558898926,0.05859375,2.33746600151062,1.0124285221099854,1.0,2.8864784240722656,0.0751953125,3.1134910583496094,0.0556640625,2.3405582904815674,1.0112372636795044,1.0,2.9045615196228027,0.06884765625,3.1058757305145264,0.06298828125
confirm-M-w64-d55049-s803-g04-uniform,confirm,M,64,55049,803,96202,4,uniform,0.0001,0.1,113408,5,,constant_weights,,422.1817344427109,0.0,1.0,False,False,3.1007814407348633,3.1037237644195557,2.264528512954712,0.9323245286941528,1.0,2.7868080139160156,0.0771484375,3.0744528770446777,0.05859375,2.3063180446624756,0.9449669122695923,1.0,2.852952003479004,0.0751953125,3.121035099029541,0.0556640625,2.311952590942383,0.9471123814582825,1.0,2.864410638809204,0.06884765625,3.1243345737457275,0.06298828125
confirm-M-w64-d55049-s803-g04-uniform,confirm,M,64,55049,803,96202,4,uniform,0.0001,0.1,113408,10,,constant_weights,,504.1135987043381,0.0,1.0,False,False,3.1007814407348633,3.1037237644195557,2.1045053005218506,0.6129934787750244,1.0,2.7567763328552246,0.0771484375,2.943746566772461,0.05859375,2.1522231101989746,0.6446106433868408,1.0,2.8070735931396484,0.0751953125,3.0049850940704346,0.0556640625,2.147865056991577,0.6285530924797058,1.0,2.822540760040283,0.06884765625,2.9925012588500977,0.06298828125
confirm-M-w64-d55049-s803-g04-uniform,confirm,M,64,55049,803,96202,4,uniform,0.0001,0.1,113408,20,,constant_weights,,600.7354624271393,0.0,1.0,False,False,3.1007814407348633,3.1037237644195557,1.9157907962799072,0.2361779808998108,1.0,2.699989080429077,0.0771484375,2.8112053871154785,0.05859375,1.9541597366333008,0.25791558623313904,1.0,2.744206428527832,0.0751953125,2.8603577613830566,0.0556640625,1.9540777206420898,0.2637826204299927,0.9990234375,2.7501888275146484,0.06884765625,2.848261833190918,0.06298828125
confirm-M-w64-d55049-s803-g04-uniform,confirm,M,64,55049,803,96202,4,uniform,0.0001,0.1,113408,30,,constant_weights,,632.089000582695,0.0,1.0,False,False,3.1007814407348633,3.1037237644195557,1.854553461074829,0.142541766166687,1.0,2.647751808166504,0.0771484375,2.773366928100586,0.05859375,1.8926403522491455,0.1531330943107605,1.0,2.7063326835632324,0.0751953125,2.818455457687378,0.0556640625,1.8941340446472168,0.15514245629310608,1.0,2.7103919982910156,0.06884765625,2.8168680667877197,0.06298828125
confirm-M-w64-d57163-s801-g04-random,confirm,M,64,57163,801,96203,4,random,0.0001,0.1,113408,0,,no_adaptation,,0.0,0.0,,False,False,3.1067423820495605,3.086455821990967,3.1315481662750244,0.2539442181587219,1.0,4.521388053894043,0.07080078125,4.619312286376953,0.0546875,3.1067423820495605,0.25356316566467285,1.0,4.488920211791992,0.080078125,4.5777435302734375,0.05859375,3.086455821990967,0.2539982497692108,1.0,4.4535017013549805,0.0859375,4.551867485046387,0.06640625
confirm-M-w64-d57163-s801-g04-random,confirm,M,64,57163,801,96203,4,random,0.0001,0.1,113408,1,0.0012144749164634556,,1.5051765844348586e-05,369.34844863414764,0.0,1.0,False,False,3.1067423820495605,3.086455821990967,2.4101643562316895,1.1394411325454712,1.0,3.0096871852874756,0.07080078125,3.081364870071411,0.0546875,2.400733232498169,1.133360505104065,1.0,2.9972541332244873,0.080078125,3.0715854167938232,0.05859375,2.4002223014831543,1.1411746740341187,1.0,2.9946985244750977,0.0859375,3.0647940635681152,0.06640625
confirm-M-w64-d57163-s801-g04-random,confirm,M,64,57163,801,96203,4,random,0.0001,0.1,113408,3,0.012429179002214106,,3.026425080549539e-05,404.7841200828552,0.0,1.0,False,False,3.1067423820495605,3.086455821990967,2.340954065322876,0.9320719838142395,1.0,2.9438860416412354,0.07080078125,3.146904230117798,0.0546875,2.351534128189087,0.9412969350814819,1.0,2.9563441276550293,0.080078125,3.156960964202881,0.05859375,2.3391175270080566,0.9306423664093018,1.0,2.9400832653045654,0.0859375,3.1466264724731445,0.06640625
confirm-M-w64-d57163-s801-g04-random,confirm,M,64,57163,801,96203,4,random,0.0001,0.1,113408,5,0.020890849610665674,,5.268929669952585e-05,419.3613157272339,0.0,1.0,False,False,3.1067423820495605,3.086455821990967,2.312483072280884,0.9306959509849548,1.0,2.8632359504699707,0.07080078125,3.14351749420166,0.0546875,2.3325061798095703,0.9436908960342407,1.0,2.888744354248047,0.080078125,3.165083408355713,0.05859375,2.323190689086914,0.9272215366363525,1.0,2.8747456073760986,0.0859375,3.167605400085449,0.06640625
confirm-M-w64-d57163-s801-g04-random,confirm,M,64,57163,801,96203,4,random,0.0001,0.1,113408,10,0.027857173462520854,,7.279253759262638e-05,459.5629286766052,0.0,1.0,False,False,3.1067423820495605,3.086455821990967,2.233964443206787,0.8232898116111755,1.0,2.7854199409484863,0.07080078125,3.0931830406188965,0.0546875,2.2715282440185547,0.8536121249198914,1.0,2.8416056632995605,0.080078125,3.1193666458129883,0.05859375,2.264261245727539,0.8312976956367493,1.0,2.830253839492798,0.0859375,3.1312317848205566,0.06640625
confirm-M-w64-d57163-s801-g04-random,confirm,M,64,57163,801,96203,4,random,0.0001,0.1,113408,20,0.03199196386978022,,7.63503124196148e-05,515.414723277092,0.0,1.0,False,False,3.1067423820495605,3.086455821990967,2.1248788833618164,0.6776854991912842,0.9990234375,2.734144449234009,0.07177734375,2.962806224822998,0.0556640625,2.1754252910614014,0.7218325734138489,1.0,2.806600570678711,0.080078125,2.997842788696289,0.05859375,2.172128200531006,0.7066856622695923,1.0,2.8039729595184326,0.0859375,3.005725860595703,0.06640625
confirm-M-w64-d57163-s801-g04-random,confirm,M,64,57163,801,96203,4,random,0.0001,0.1,113408,30,0.03771749246002591,,7.721073558388665e-05,563.7732764482498,0.0,1.0,False,False,3.1067423820495605,3.086455821990967,2.030428409576416,0.5057846903800964,0.99951171875,2.683403968811035,0.078125,2.902096748352051,0.06103515625,2.1031551361083984,0.5571359992027283,0.998046875,2.783818483352661,0.08203125,2.9685113430023193,0.0576171875,2.0921247005462646,0.5337111949920654,0.99951171875,2.776984930038452,0.0849609375,2.965677261352539,0.06591796875
confirm-M-w64-d57163-s801-g04-uniform,confirm,M,64,57163,801,96203,4,uniform,0.0001,0.1,113408,0,,no_adaptation,,0.0,0.0,,False,False,3.1067423820495605,3.086455821990967,3.1315481662750244,0.2539442181587219,1.0,4.521388053894043,0.07080078125,4.619312286376953,0.0546875,3.1067423820495605,0.25356316566467285,1.0,4.488920211791992,0.080078125,4.5777435302734375,0.05859375,3.086455821990967,0.2539982497692108,1.0,4.4535017013549805,0.0859375,4.551867485046387,0.06640625
confirm-M-w64-d57163-s801-g04-uniform,confirm,M,64,57163,801,96203,4,uniform,0.0001,0.1,113408,1,,constant_weights,,373.39935314655304,0.0,1.0,False,False,3.1067423820495605,3.086455821990967,2.402252435684204,1.237598180770874,1.0,2.945706844329834,0.07080078125,3.0234525203704834,0.0546875,2.3984107971191406,1.235660433769226,1.0,2.9375596046447754,0.080078125,3.022012233734131,0.05859375,2.3947911262512207,1.2401448488235474,1.0,2.9307737350463867,0.0859375,3.0134549140930176,0.06640625
confirm-M-w64-d57163-s801-g04-uniform,confirm,M,64,57163,801,96203,4,uniform,0.0001,0.1,113408,3,,constant_weights,,421.76553606987,0.0,1.0,False,False,3.1067423820495605,3.086455821990967,2.3077871799468994,1.0214430093765259,1.0,2.831864356994629,0.07080078125,3.070054531097412,0.0546875,2.3329765796661377,1.039839267730713,1.0,2.8570895195007324,0.080078125,3.1020007133483887,0.05859375,2.3173437118530273,1.0255488157272339,1.0,2.8366384506225586,0.0859375,3.089843988418579,0.06640625
confirm-M-w64-d57163-s801-g04-uniform,confirm,M,64,57163,801,96203,4,uniform,0.0001,0.1,113408,5,,constant_weights,,448.9992754459381,0.0,1.0,False,False,3.1067423820495605,3.086455821990967,2.254596471786499,0.9362085461616516,1.0,2.7579057216644287,0.07080078125,3.0696749687194824,0.0546875,2.2947821617126465,0.9662337303161621,1.0,2.801197052001953,0.080078125,3.116915702819824,0.05859375,2.278463840484619,0.9399259090423584,1.0,2.7795791625976562,0.0859375,3.1158859729766846,0.06640625
confirm-M-w64-d57163-s801-g04-uniform,confirm,M,64,57163,801,96203,4,uniform,0.0001,0.1,113408,10,,constant_weights,,516.1850864887238,0.0,1.0,False,False,3.1067423820495605,3.086455821990967,2.1233742237091064,0.6740723848342896,1.0,2.7375152111053467,0.07080078125,2.9585347175598145,0.0546875,2.1631886959075928,0.7045485377311707,1.0,2.7975168228149414,0.080078125,2.9875006675720215,0.05859375,2.1543805599212646,0.6905531287193298,1.0,2.7811429500579834,0.0859375,2.991445541381836,0.06640625
confirm-M-w64-d57163-s801-g04-uniform,confirm,M,64,57163,801,96203,4,uniform,0.0001,0.1,113408,20,,constant_weights,,607.3223760128021,0.0,1.0,False,False,3.1067423820495605,3.086455821990967,1.9453716278076172,0.33009758591651917,1.0,2.673816204071045,0.07080078125,2.8322010040283203,0.0546875,1.9884607791900635,0.3775429427623749,1.0,2.7180395126342773,0.080078125,2.869800329208374,0.05859375,1.9819533824920654,0.36239030957221985,1.0,2.7101449966430664,0.0859375,2.8733253479003906,0.06640625
confirm-M-w64-d57163-s801-g04-uniform,confirm,M,64,57163,801,96203,4,uniform,0.0001,0.1,113408,30,,constant_weights,,675.87506711483,0.0,1.0,False,False,3.1067423820495605,3.086455821990967,1.8114796876907349,0.143408864736557,1.0,2.5217385292053223,0.10888671875,2.769291400909424,0.06787109375,1.8732502460479736,0.15476536750793457,1.0,2.622671604156494,0.10546875,2.842313766479492,0.0576171875,1.8687078952789307,0.1492794305086136,1.0,2.613363742828369,0.107421875,2.843480348587036,0.0625
confirm-M-w64-d57163-s802-g04-random,confirm,M,64,57163,802,96203,4,random,0.0001,0.1,113408,0,,no_adaptation,,0.0,0.0,,False,False,3.1071853637695312,3.0828628540039062,3.1175713539123535,0.2542670965194702,1.0,4.514028549194336,0.07080078125,4.584418773651123,0.0546875,3.1071853637695312,0.25477713346481323,1.0,4.4891252517700195,0.080078125,4.577654838562012,0.05859375,3.0828628540039062,0.2542453110218048,1.0,4.459936618804932,0.0859375,4.534406661987305,0.06640625
confirm-M-w64-d57163-s802-g04-random,confirm,M,64,57163,802,96203,4,random,0.0001,0.1,113408,1,0.0029396632438552176,,9.505845983903811e-06,366.49534344673157,0.0,1.0,False,False,3.1071853637695312,3.0828628540039062,2.4017601013183594,1.1337604522705078,1.0,3.000372886657715,0.07080078125,3.0711469650268555,0.0546875,2.4042017459869385,1.1285269260406494,1.0,3.0053799152374268,0.080078125,3.0786986351013184,0.05859375,2.3935039043426514,1.1342378854751587,1.0,2.9868462085723877,0.0859375,3.0594277381896973,0.06640625
confirm-M-w64-d57163-s802-g04-random,confirm,M,64,57163,802,96203,4,random,0.0001,0.1,113408,3,0.013297662343189642,,1.5168401693170688e-05,399.82571935653687,0.0,1.0,False,False,3.1071853637695312,3.0828628540039062,2.3366615772247314,0.9322700500488281,1.0,2.9419589042663574,0.07080078125,3.135756015777588,0.0546875,2.353576183319092,0.9421067833900452,1.0,2.9507055282592773,0.080078125,3.1679155826568604,0.05859375,2.3369240760803223,0.935268759727478,1.0,2.9338765144348145,0.0859375,3.1416263580322266,0.06640625
confirm-M-w64-d57163-s802-g04-random,confirm,M,64,57163,802,96203,4,random,0.0001,0.1,113408,5,0.020163189094871616,,2.6240438657704256e-05,416.96266508102417,0.0,1.0,False,False,3.1071853637695312,3.0828628540039062,2.3031911849975586,0.925898551940918,1.0,2.8594422340393066,0.07080078125,3.124232769012451,0.0546875,2.332371234893799,0.9436764717102051,1.0,2.8812904357910156,0.080078125,3.1721463203430176,0.05859375,2.3154456615448,0.9295322895050049,1.0,2.8650431632995605,0.0859375,3.151762008666992,0.06640625
confirm-M-w64-d57163-s802-g04-random,confirm,M,64,57163,802,96203,4,random,0.0001,0.1,113408,10,0.02829717326179143,,3.537084714742259e-05,462.7552169561386,0.0,1.0,False,False,3.1071853637695312,3.0828628540039062,2.213752508163452,0.7529977560043335,1.0,2.809471845626831,0.07080078125,3.0787880420684814,0.0546875,2.256016254425049,0.7664622664451599,1.0,2.859452486038208,0.080078125,3.142134189605713,0.05859375,2.244948148727417,0.7605136632919312,1.0,2.849970817565918,0.0859375,3.124359130859375,0.06640625
confirm-M-w64-d57163-s802-g04-random,confirm,M,64,57163,802,96203,4,random,0.0001,0.1,113408,20,0.03047816657284362,,4.287651053705001e-05,513.4655441045761,0.0,1.0,False,False,3.1071853637695312,3.0828628540039062,2.11470890045166,0.6530773639678955,1.0,2.745535373687744,0.07080078125,2.9455137252807617,0.0546875,2.171963930130005,0.6857208013534546,1.0,2.8177506923675537,0.080078125,3.012420415878296,0.05859375,2.1567044258117676,0.6784664392471313,0.9990234375,2.8027782440185547,0.0859375,2.9888687133789062,0.06689453125
confirm-M-w64-d57163-s802-g04-random,confirm,M,64,57163,802,96203,4,random,0.0001,0.1,113408,30,0.03194518154721013,,4.913533177085034e-05,568.9030414819717,0.0,1.0,False,False,3.1071853637695312,3.0828628540039062,2.00643253326416,0.45433250069618225,1.0,2.695084810256958,0.07275390625,2.869880199432373,0.05810546875,2.079292058944702,0.48715466260910034,1.0,2.781710624694824,0.080078125,2.969011068344116,0.060546875,2.063681125640869,0.4891962707042694,0.99951171875,2.76859188079834,0.08544921875,2.933255195617676,0.06640625
confirm-M-w64-d57163-s802-g04-uniform,confirm,M,64,57163,802,96203,4,uniform,0.0001,0.1,113408,0,,no_adaptation,,0.0,0.0,,False,False,3.1071853637695312,3.0828628540039062,3.1175713539123535,0.2542670965194702,1.0,4.514028549194336,0.07080078125,4.584418773651123,0.0546875,3.1071853637695312,0.25477713346481323,1.0,4.4891252517700195,0.080078125,4.577654838562012,0.05859375,3.0828628540039062,0.2542453110218048,1.0,4.459936618804932,0.0859375,4.534406661987305,0.06640625
confirm-M-w64-d57163-s802-g04-uniform,confirm,M,64,57163,802,96203,4,uniform,0.0001,0.1,113408,1,,constant_weights,,367.9423117637634,0.0,1.0,False,False,3.1071853637695312,3.0828628540039062,2.3989341259002686,1.2421774864196777,1.0,2.9393696784973145,0.07080078125,3.0152549743652344,0.0546875,2.402811050415039,1.2400425672531128,1.0,2.947206974029541,0.080078125,3.021183729171753,0.05859375,2.3918933868408203,1.2421616315841675,1.0,2.928337574005127,0.0859375,3.005180835723877,0.06640625
confirm-M-w64-d57163-s802-g04-uniform,confirm,M,64,57163,802,96203,4,uniform,0.0001,0.1,113408,3,,constant_weights,,415.4226750135422,0.0,1.0,False,False,3.1071853637695312,3.0828628540039062,2.306199073791504,1.02119779586792,1.0,2.832078695297241,0.07080078125,3.0653200149536133,0.0546875,2.330657958984375,1.0394611358642578,1.0,2.8521318435668945,0.080078125,3.1003804206848145,0.05859375,2.314919948577881,1.022756814956665,1.0,2.836482048034668,0.0859375,3.0855212211608887,0.06640625
confirm-M-w64-d57163-s802-g04-uniform,confirm,M,64,57163,802,96203,4,uniform,0.0001,0.1,113408,5,,constant_weights,,444.2924017906189,0.0,1.0,False,False,3.1071853637695312,3.0828628540039062,2.249812602996826,0.8773635625839233,1.0,2.779907703399658,0.07080078125,3.0921669006347656,0.0546875,2.2898471355438232,0.9071042537689209,1.0,2.8169190883636475,0.080078125,3.1455180644989014,0.05859375,2.2741951942443848,0.8783493638038635,1.0,2.8055529594421387,0.0859375,3.138683319091797,0.06640625
confirm-M-w64-d57163-s802-g04-uniform,confirm,M,64,57163,802,96203,4,uniform,0.0001,0.1,113408,10,,constant_weights,,508.98351979255676,0.0,1.0,False,False,3.1071853637695312,3.0828628540039062,2.1234629154205322,0.645743191242218,1.0,2.7608869075775146,0.07080078125,2.9637584686279297,0.0546875,2.1629481315612793,0.6693592071533203,1.0,2.8093419075012207,0.080078125,3.010143756866455,0.05859375,2.1569738388061523,0.6649082899093628,1.0,2.805734157562256,0.0859375,3.000278949737549,0.06640625
confirm-M-w64-d57163-s802-g04-uniform,confirm,M,64,57163,802,96203,4,uniform,0.0001,0.1,113408,20,,constant_weights,,602.2762387990952,0.0,1.0,False,False,3.1071853637695312,3.0828628540039062,1.9412504434585571,0.2969416677951813,1.0,2.695801258087158,0.07080078125,2.8310086727142334,0.0546875,1.979621410369873,0.337909072637558,0.9990234375,2.7284202575683594,0.080078125,2.87253475189209,0.05859375,1.9734797477722168,0.3315636217594147,0.99951171875,2.724607229232788,0.0859375,2.8642683029174805,0.06640625
confirm-M-w64-d57163-s802-g04-uniform,confirm,M,64,57163,802,96203,4,uniform,0.0001,0.1,113408,30,,constant_weights,,643.0737960338593,0.0,1.0,False,False,3.1071853637695312,3.0828628540039062,1.8615678548812866,0.1681361347436905,1.0,2.6306657791137695,0.0712890625,2.7859013080596924,0.05517578125,1.9051141738891602,0.20667219161987305,1.0,2.675772190093994,0.080078125,2.832897901535034,0.05859375,1.9015402793884277,0.1995878368616104,1.0,2.6752490997314453,0.0859375,2.8297834396362305,0.06689453125
confirm-M-w64-d57163-s803-g04-random,confirm,M,64,57163,803,96203,4,random,0.0001,0.1,113408,0,,no_adaptation,,0.0,0.0,,False,False,3.1028892993927,3.078704357147217,3.131403923034668,0.2540869414806366,1.0,4.5481038093566895,0.07080078125,4.592020034790039,0.0546875,3.1028892993927,0.25435781478881836,1.0,4.497470378875732,0.080078125,4.556839942932129,0.05859375,3.078704357147217,0.25449177622795105,1.0,4.473265647888184,0.0859375,4.508356094360352,0.06640625
confirm-M-w64-d57163-s803-g04-random,confirm,M,64,57163,803,96203,4,random,0.0001,0.1,113408,1,0.0028597092658230643,,3.4738675977685274e-06,368.48588824272156,0.0,1.0,False,False,3.1028892993927,3.078704357147217,2.4117043018341064,1.1610627174377441,1.0,3.0020720958709717,0.07080078125,3.07197904586792,0.0546875,2.3933753967285156,1.1629668474197388,1.0,2.9711825847625732,0.080078125,3.045976161956787,0.05859375,2.3909971714019775,1.160409688949585,1.0,2.968715190887451,0.0859375,3.0438661575317383,0.06640625
confirm-M-w64-d57163-s803-g04-random,confirm,M,64,57163,803,96203,4,random,0.0001,0.1,113408,3,0.016489553375297818,,1.7287916860744908e-05,398.472221493721,0.0,1.0,False,False,3.1028892993927,3.078704357147217,2.353137493133545,0.9448113441467285,1.0,2.9623284339904785,0.07080078125,3.1522727012634277,0.0546875,2.360118865966797,0.9586687088012695,1.0,2.9599788188934326,0.080078125,3.1617090702056885,0.05859375,2.3464813232421875,0.9416669011116028,1.0,2.9508872032165527,0.0859375,3.1468896865844727,0.06640625
confirm-M-w64-d57163-s803-g04-random,confirm,M,64,57163,803,96203,4,random,0.0001,0.1,113408,5,0.025340903950403684,,3.416102449328085e-05,412.627078294754,0.0,1.0,False,False,3.1028892993927,3.078704357147217,2.325491428375244,0.9515330195426941,1.0,2.8807613849639893,0.07080078125,3.144179344177246,0.0546875,2.3483474254608154,0.9717879295349121,1.0,2.8955821990966797,0.080078125,3.177671432495117,0.05859375,2.3320376873016357,0.9465920329093933,1.0,2.8875300884246826,0.0859375,3.1619911193847656,0.06640625
confirm-M-w64-d57163-s803-g04-random,confirm,M,64,57163,803,96203,4,random,0.0001,0.1,113408,10,0.03362760634880048,,4.964393209234109e-05,445.7337728738785,0.0,1.0,False,False,3.1028892993927,3.078704357147217,2.2608296871185303,0.8954725861549377,1.0,2.7985410690307617,0.07080078125,3.0884759426116943,0.0546875,2.301461935043335,0.9310585856437683,1.0,2.841421365737915,0.080078125,3.1319055557250977,0.05859375,2.284897804260254,0.894534707069397,1.0,2.8336894512176514,0.0859375,3.126469373703003,0.06640625
confirm-M-w64-d57163-s803-g04-random,confirm,M,64,57163,803,96203,4,random,0.0001,0.1,113408,20,0.03570910363027681,,4.670471151659499e-05,508.33794605731964,0.0,1.0,False,False,3.1028892993927,3.078704357147217,2.1385560035705566,0.691572904586792,0.99853515625,2.7517213821411133,0.07373046875,2.9723734855651855,0.05615234375,2.1892929077148438,0.7359262704849243,0.9990234375,2.823774576187134,0.0791015625,3.008178472518921,0.0595703125,2.1801655292510986,0.718847393989563,0.998046875,2.814096450805664,0.08740234375,3.0075531005859375,0.06591796875
confirm-M-w64-d57163-s803-g04-random,confirm,M,64,57163,803,96203,4,random,0.0001,0.1,113408,30,0.04728756768405058,,6.433076359158517e-05,543.3001182079315,0.0,1.0,False,False,3.1028892993927,3.078704357147217,2.070270538330078,0.5600571632385254,0.99609375,2.7087512016296387,0.08349609375,2.9420032501220703,0.05712890625,2.148909330368042,0.626883327960968,0.994140625,2.8127899169921875,0.0791015625,3.0070548057556152,0.05859375,2.1443474292755127,0.6126423478126526,0.994140625,2.8150742053985596,0.08837890625,3.005326271057129,0.06640625
confirm-M-w64-d57163-s803-g04-uniform,confirm,M,64,57163,803,96203,4,uniform,0.0001,0.1,113408,0,,no_adaptation,,0.0,0.0,,False,False,3.1028892993927,3.078704357147217,3.131403923034668,0.2540869414806366,1.0,4.5481038093566895,0.07080078125,4.592020034790039,0.0546875,3.1028892993927,0.25435781478881836,1.0,4.497470378875732,0.080078125,4.556839942932129,0.05859375,3.078704357147217,0.25449177622795105,1.0,4.473265647888184,0.0859375,4.508356094360352,0.06640625
confirm-M-w64-d57163-s803-g04-uniform,confirm,M,64,57163,803,96203,4,uniform,0.0001,0.1,113408,1,,constant_weights,,374.3074414730072,0.0,1.0,False,False,3.1028892993927,3.078704357147217,2.400334358215332,1.258286952972412,1.0,2.9366462230682373,0.07080078125,3.0060698986053467,0.0546875,2.392491579055786,1.2608933448791504,1.0,2.9225006103515625,0.080078125,2.9940805435180664,0.05859375,2.385174512863159,1.2582645416259766,1.0,2.911083936691284,0.0859375,2.986175298690796,0.06640625
confirm-M-w64-d57163-s803-g04-uniform,confirm,M,64,57163,803,96203,4,uniform,0.0001,0.1,113408,3,,constant_weights,,420.5138055086136,0.0,1.0,False,False,3.1028892993927,3.078704357147217,2.3100876808166504,1.0199482440948486,1.0,2.836794853210449,0.07080078125,3.073519229888916,0.0546875,2.333671808242798,1.0411465167999268,1.0,2.8592324256896973,0.080078125,3.1006362438201904,0.05859375,2.3165035247802734,1.0233657360076904,1.0,2.838609218597412,0.0859375,3.0875356197357178,0.06640625
confirm-M-w64-d57163-s803-g04-uniform,confirm,M,64,57163,803,96203,4,uniform,0.0001,0.1,113408,5,,constant_weights,,444.5989748239517,0.0,1.0,False,False,3.1028892993927,3.078704357147217,2.2630462646484375,0.9438488483428955,1.0,2.7665176391601562,0.07080078125,3.0787720680236816,0.0546875,2.3008499145507812,0.9728612899780273,1.0,2.8047642707824707,0.080078125,3.1249241828918457,0.05859375,2.2845544815063477,0.9438391923904419,1.0,2.7889485359191895,0.0859375,3.120875120162964,0.06640625
confirm-M-w64-d57163-s803-g04-uniform,confirm,M,64,57163,803,96203,4,uniform,0.0001,0.1,113408,10,,constant_weights,,524.1082787513733,0.0,1.0,False,False,3.1028892993927,3.078704357147217,2.1077544689178467,0.6264061331748962,1.0,2.7485616207122803,0.07080078125,2.9482955932617188,0.0546875,2.147876262664795,0.6558923721313477,1.0,2.798065662384033,0.080078125,2.989670515060425,0.05859375,2.1408681869506836,0.6523669958114624,1.0,2.7891697883605957,0.0859375,2.9810683727264404,0.06640625
confirm-M-w64-d57163-s803-g04-uniform,confirm,M,64,57163,803,96203,4,uniform,0.0001,0.1,113408,20,,constant_weights,,627.7028321027756,0.0,1.0,False,False,3.1028892993927,3.078704357147217,1.9054213762283325,0.22263193130493164,1.0,2.6940035820007324,0.07080078125,2.799628734588623,0.0546875,1.9330940246582031,0.2377450317144394,1.0,2.723998546600342,0.080078125,2.837538480758667,0.05859375,1.9282962083816528,0.2421291470527649,1.0,2.719567060470581,0.0859375,2.8231921195983887,0.06640625
confirm-M-w64-d57163-s803-g04-uniform,confirm,M,64,57163,803,96203,4,uniform,0.0001,0.1,113408,30,,constant_weights,,664.808527469635,0.0,1.0,False,False,3.1028892993927,3.078704357147217,1.8329493999481201,0.13277584314346313,1.0,2.5945889949798584,0.08544921875,2.7714834213256836,0.05810546875,1.8789374828338623,0.14061596989631653,1.0,2.6673855781555176,0.0869140625,2.828810691833496,0.0546875,1.8717950582504272,0.14022351801395416,1.0,2.6624412536621094,0.09423828125,2.812720775604248,0.068359375
confirm-U-w128-d52919-s801-g04-random,confirm,U,128,52919,801,96201,4,random,0.0001,0.1,621696,0,,no_adaptation,,0.0,0.0,,False,False,1.8772478103637695,1.877426266670227,1.8767588138580322,0.061863236129283905,1.0,2.786163330078125,0.052734375,2.78225040435791,0.07470703125,1.8772478103637695,0.06187544763088226,1.0,2.7851076126098633,0.0595703125,2.7847604751586914,0.0576171875,1.877426266670227,0.061938829720020294,1.0,2.787233352661133,0.05712890625,2.7831063270568848,0.0615234375
confirm-U-w128-d52919-s801-g04-random,confirm,U,128,52919,801,96201,4,random,0.0001,0.1,621696,1,,nonpositive_total_gain,,-1.3112776279449463,0.53515625,0.5625,False,False,1.8772478103637695,1.877426266670227,1.8793199062347412,0.06415334343910217,1.0,2.791569709777832,0.06298828125,2.7822365760803223,0.07763671875,1.883094072341919,0.06400112807750702,1.0,2.7959461212158203,0.060546875,2.789335250854492,0.0654296875,1.8866283893585205,0.06422898173332214,1.0,2.79974102973938,0.06005859375,2.7959156036376953,0.05859375
confirm-U-w128-d52919-s801-g04-random,confirm,U,128,52919,801,96201,4,random,0.0001,0.1,621696,3,0.7269836758173138,,0.001260140189194441,4.571081757545471,0.40625,0.5833333333333334,False,False,1.8772478103637695,1.877426266670227,1.8678309917449951,0.05907481163740158,1.0,2.7709310054779053,0.07958984375,2.7734875679016113,0.08056640625,1.8729816675186157,0.059148289263248444,1.0,2.7764439582824707,0.0703125,2.7833526134490967,0.0595703125,1.8751736879348755,0.05922854691743851,1.0,2.7792649269104004,0.07421875,2.78702712059021,0.06640625
confirm-U-w128-d52919-s801-g04-random,confirm,U,128,52919,801,96201,4,random,0.0001,0.1,621696,5,0.6643585732094259,,0.0005026357089899919,10.421905755996704,0.373046875,0.6,False,False,1.8772478103637695,1.877426266670227,1.8564037084579468,0.060699909925460815,1.0,2.7382700443267822,0.08837890625,2.7702410221099854,0.08349609375,1.873075246810913,0.0610174834728241,1.0,2.763155937194824,0.0771484375,2.7950518131256104,0.0576171875,1.8761379718780518,0.06102848798036575,1.0,2.762507915496826,0.07666015625,2.804877281188965,0.06298828125
confirm-U-w128-d52919-s801-g04-random,confirm,U,128,52919,801,96201,4,random,0.0001,0.1,621696,10,1.3238474897001207,,0.0036203943888222442,29.957322359085083,0.373046875,0.7875,False,False,1.8772478103637695,1.877426266670227,1.8182486295700073,0.0900554209947586,1.0,2.5689690113067627,0.1328125,2.7957210540771484,0.09814453125,1.9102466106414795,0.09217339754104614,1.0,2.7043187618255615,0.1171875,2.9342474937438965,0.06640625,1.9019010066986084,0.09130300581455231,1.0,2.6831467151641846,0.111328125,2.9312539100646973,0.07421875
confirm-U-w128-d52919-s801-g04-random,confirm,U,128,52919,801,96201,4,random,0.0001,0.1,621696,20,3.411691401434709,,0.3932725788128928,49.610062420368195,0.46875,0.89375,False,False,1.8772478103637695,1.877426266670227,1.7798641920089722,0.07800403237342834,1.0,2.3816614151000977,0.265625,2.879927158355713,0.15087890625,2.104498863220215,0.07979077100753784,1.0,2.8837757110595703,0.1328125,3.3499300479888916,0.05859375,2.084073305130005,0.07846024632453918,1.0,2.8414244651794434,0.130859375,3.3323357105255127,0.0576171875
confirm-U-w128-d52919-s801-g04-random,confirm,U,128,52919,801,96201,4,random,0.0001,0.1,621696,30,3.0130040924099077,,0.4338646672881557,81.28640252351761,0.498046875,0.9291666666666667,False,False,1.8772478103637695,1.877426266670227,1.7179964780807495,0.07204069197177887,1.0,2.293632745742798,0.3466796875,2.788315773010254,0.232421875,2.300426483154297,0.07301728427410126,1.0,3.1686320304870605,0.1201171875,3.6596298217773438,0.0673828125,2.2794854640960693,0.07332231849431992,0.99951171875,3.1229701042175293,0.12353515625,3.642164468765259,0.06103515625
confirm-U-w128-d52919-s801-g04-uniform,confirm,U,128,52919,801,96201,4,uniform,0.0001,0.1,621696,0,,no_adaptation,,0.0,0.0,,False,False,1.8772478103637695,1.877426266670227,1.8767588138580322,0.061863236129283905,1.0,2.786163330078125,0.052734375,2.78225040435791,0.07470703125,1.8772478103637695,0.06187544763088226,1.0,2.7851076126098633,0.0595703125,2.7847604751586914,0.0576171875,1.877426266670227,0.061938829720020294,1.0,2.787233352661133,0.05712890625,2.7831063270568848,0.0615234375
confirm-U-w128-d52919-s801-g04-uniform,confirm,U,128,52919,801,96201,4,uniform,0.0001,0.1,621696,1,,constant_weights,,3.239603042602539,0.384765625,0.0,False,False,1.8772478103637695,1.877426266670227,1.8704314231872559,0.061766646802425385,1.0,2.77480411529541,0.064453125,2.7747232913970947,0.08544921875,1.874611735343933,0.061741530895233154,1.0,2.779691696166992,0.0625,2.7824020385742188,0.0615234375,1.8757832050323486,0.06186489760875702,1.0,2.7821855545043945,0.05517578125,2.783298969268799,0.0615234375
confirm-U-w128-d52919-s801-g04-uniform,confirm,U,128,52919,801,96201,4,uniform,0.0001,0.1,621696,3,,constant_weights,,13.75944173336029,0.173828125,0.0,False,False,1.8772478103637695,1.877426266670227,1.849885106086731,0.05690258741378784,1.0,2.7307281494140625,0.05810546875,2.76202392578125,0.07666015625,1.8638732433319092,0.056999240070581436,1.0,2.7495765686035156,0.064453125,2.785043954849243,0.052734375,1.8650240898132324,0.05705006793141365,1.0,2.7529313564300537,0.06103515625,2.785090923309326,0.06201171875
confirm-U-w128-d52919-s801-g04-uniform,confirm,U,128,52919,801,96201,4,uniform,0.0001,0.1,621696,5,,constant_weights,,33.25673735141754,0.177734375,0.05,False,False,1.8772478103637695,1.877426266670227,1.8118042945861816,0.06698708236217499,1.0,2.6153953075408936,0.08740234375,2.753030776977539,0.08349609375,1.8535230159759521,0.06786544620990753,1.0,2.683267116546631,0.0791015625,2.809436321258545,0.0615234375,1.8511866331100464,0.06815934181213379,1.0,2.6800451278686523,0.076171875,2.8053555488586426,0.06787109375
confirm-U-w128-d52919-s801-g04-uniform,confirm,U,128,52919,801,96201,4,uniform,0.0001,0.1,621696,10,,constant_weights,,109.76159358024597,0.06640625,0.5,False,False,1.8772478103637695,1.877426266670227,1.6623806953430176,0.06503080576658249,1.0,2.183497428894043,0.27392578125,2.738614082336426,0.0888671875,1.7971142530441284,0.06732940673828125,1.0,2.475836753845215,0.1806640625,2.848176956176758,0.0537109375,1.8051190376281738,0.06696636974811554,1.0,2.493523359298706,0.1787109375,2.854867696762085,0.06005859375
confirm-U-w128-d52919-s801-g04-uniform,confirm,U,128,52919,801,96201,4,uniform,0.0001,0.1,621696,20,,constant_weights,,226.1195229291916,0.005859375,0.75,False,False,1.8772478103637695,1.877426266670227,1.4351192712783813,0.05118045583367348,1.0,1.6101549863815308,0.50537109375,2.6440224647521973,0.13671875,1.8445448875427246,0.05222582444548607,1.0,2.6208746433258057,0.1669921875,2.8605339527130127,0.0595703125,1.8482873439788818,0.05329137295484543,1.0,2.602414131164551,0.173828125,2.8891563415527344,0.0595703125
confirm-U-w128-d52919-s801-g04-uniform,confirm,U,128,52919,801,96201,4,uniform,0.0001,0.1,621696,30,,constant_weights,,337.77388244867325,0.0,0.8333333333333334,False,False,1.8772478103637695,1.877426266670227,1.2170443534851074,0.047660063952207565,1.0,1.1200120449066162,0.6865234375,2.4834606647491455,0.19384765625,1.9969593286514282,0.049621179699897766,1.0,2.9427871704101562,0.1572265625,2.998469829559326,0.0634765625,1.9953805208206177,0.05081702396273613,1.0,2.902749538421631,0.16796875,3.0325748920440674,0.06201171875
confirm-U-w128-d52919-s802-g04-random,confirm,U,128,52919,802,96201,4,random,0.0001,0.1,621696,0,,no_adaptation,,0.0,0.0,,False,False,1.8772222995758057,1.8771723508834839,1.8766758441925049,0.05918332189321518,1.0,2.788419723510742,0.052734375,2.7824244499206543,0.07470703125,1.8772222995758057,0.05927705764770508,1.0,2.7869057655334473,0.0595703125,2.7854843139648438,0.0576171875,1.8771723508834839,0.05923670902848244,1.0,2.7873425483703613,0.05712890625,2.7849373817443848,0.0615234375
confirm-U-w128-d52919-s802-g04-random,confirm,U,128,52919,802,96201,4,random,0.0001,0.1,621696,1,8.0,,0.9352406469246889,0.5248032808303833,0.5,0.5,False,True,1.8772222995758057,1.8771723508834839,1.8756507635116577,0.0608270987868309,1.0,2.7821640968322754,0.06884765625,2.783961296081543,0.06787109375,1.879094123840332,0.061015330255031586,1.0,2.7876663208007812,0.0556640625,2.7886006832122803,0.068359375,1.8803462982177734,0.06111007183790207,1.0,2.7911877632141113,0.0556640625,2.78874135017395,0.06103515625
confirm-U-w128-d52919-s802-g04-random,confirm,U,128,52919,802,96201,4,random,0.0001,0.1,621696,3,0.5389892406776633,,0.0018395976601475947,5.890170693397522,0.3828125,0.5208333333333334,False,False,1.8772222995758057,1.8771723508834839,1.8651715517044067,0.05754653736948967,1.0,2.761800765991211,0.0771484375,2.776167392730713,0.07958984375,1.8746083974838257,0.05794638395309448,1.0,2.775247573852539,0.0654296875,2.79063081741333,0.0634765625,1.8747286796569824,0.05792666971683502,1.0,2.775146007537842,0.06787109375,2.7911133766174316,0.05908203125
confirm-U-w128-d52919-s802-g04-random,confirm,U,128,52919,802,96201,4,random,0.0001,0.1,621696,5,0.8931471415275731,,0.0005040856441639982,13.107822060585022,0.361328125,0.5625,False,False,1.8772222995758057,1.8771723508834839,1.851074457168579,0.06510529667139053,1.0,2.714614152908325,0.07373046875,2.7735044956207275,0.078125,1.8746869564056396,0.0663028284907341,1.0,2.7436766624450684,0.0712890625,2.8140816688537598,0.0537109375,1.8721232414245605,0.06599407643079758,1.0,2.7400293350219727,0.07275390625,2.8103456497192383,0.060546875
confirm-U-w128-d52919-s802-g04-random,confirm,U,128,52919,802,96201,4,random,0.0001,0.1,621696,10,2.901481535852464,,0.11996374650497639,27.87150466442108,0.431640625,0.775,False,False,1.8772222995758057,1.8771723508834839,1.8222392797470093,0.09534397721290588,1.0,2.549478530883789,0.16015625,2.821895122528076,0.09521484375,1.92527174949646,0.10246728360652924,1.0,2.6970739364624023,0.12890625,2.9762744903564453,0.0556640625,1.9313085079193115,0.09958386421203613,1.0,2.712575912475586,0.10693359375,2.9817657470703125,0.06884765625
confirm-U-w128-d52919-s802-g04-random,confirm,U,128,52919,802,96201,4,random,0.0001,0.1,621696,20,5.131866514413284,,0.740196528656163,47.32877731323242,0.50390625,0.8875,False,False,1.8772222995758057,1.8771723508834839,1.7842366695404053,0.07659292221069336,1.0,2.429377555847168,0.267578125,2.8467392921447754,0.1806640625,2.149089813232422,0.08103746920824051,1.0,3.0037059783935547,0.140625,3.362525701522827,0.05859375,2.1271185874938965,0.08014241605997086,1.0,2.9345359802246094,0.12939453125,3.366677761077881,0.06982421875
confirm-U-w128-d52919-s802-g04-random,confirm,U,128,52919,802,96201,4,random,0.0001,0.1,621696,30,4.774900719227615,,1.0096963545153061,70.24139285087585,0.525390625,0.925,False,False,1.8772222995758057,1.8771723508834839,1.739485502243042,0.06690394878387451,1.0,2.374016761779785,0.3544921875,2.777536153793335,0.26318359375,2.358035087585449,0.07281657308340073,0.9990234375,3.271252393722534,0.1171875,3.7300362586975098,0.0576171875,2.333332061767578,0.07195606827735901,0.99853515625,3.220710277557373,0.12841796875,3.7073287963867188,0.0693359375
confirm-U-w128-d52919-s802-g04-uniform,confirm,U,128,52919,802,96201,4,uniform,0.0001,0.1,621696,0,,no_adaptation,,0.0,0.0,,False,False,1.8772222995758057,1.8771723508834839,1.8766758441925049,0.05918332189321518,1.0,2.788419723510742,0.052734375,2.7824244499206543,0.07470703125,1.8772222995758057,0.05927705764770508,1.0,2.7869057655334473,0.0595703125,2.7854843139648438,0.0576171875,1.8771723508834839,0.05923670902848244,1.0,2.7873425483703613,0.05712890625,2.7849373817443848,0.0615234375
confirm-U-w128-d52919-s802-g04-uniform,confirm,U,128,52919,802,96201,4,uniform,0.0001,0.1,621696,1,,constant_weights,,3.2798441648483276,0.359375,0.0,False,False,1.8772222995758057,1.8771723508834839,1.870269775390625,0.059135228395462036,1.0,2.7761988639831543,0.08056640625,2.77547550201416,0.0703125,1.8744510412216187,0.05932219326496124,1.0,2.7788586616516113,0.091796875,2.7851722240448,0.0546875,1.8743890523910522,0.059373728930950165,1.0,2.780663013458252,0.078125,2.783129930496216,0.06591796875
confirm-U-w128-d52919-s802-g04-uniform,confirm,U,128,52919,802,96201,4,uniform,0.0001,0.1,621696,3,,constant_weights,,11.889763355255127,0.1953125,0.0,False,False,1.8772222995758057,1.8771723508834839,1.8534536361694336,0.053688131272792816,1.0,2.7417702674865723,0.0791015625,2.764902114868164,0.07666015625,1.8676973581314087,0.05394258722662926,1.0,2.7627084255218506,0.0693359375,2.78644061088562,0.0537109375,1.8677570819854736,0.053920526057481766,1.0,2.7601418495178223,0.0654296875,2.7892088890075684,0.06396484375
confirm-U-w128-d52919-s802-g04-uniform,confirm,U,128,52919,802,96201,4,uniform,0.0001,0.1,621696,5,,constant_weights,,32.22846782207489,0.169921875,0.0375,False,False,1.8772222995758057,1.8771723508834839,1.8137296438217163,0.06346817314624786,1.0,2.6261515617370605,0.06884765625,2.7515690326690674,0.0830078125,1.8573015928268433,0.06454597413539886,1.0,2.6925013065338135,0.0712890625,2.8148574829101562,0.0556640625,1.8525770902633667,0.06396795809268951,1.0,2.68241810798645,0.06787109375,2.811345100402832,0.05908203125
confirm-U-w128-d52919-s802-g04-uniform,confirm,U,128,52919,802,96201,4,uniform,0.0001,0.1,621696,10,,constant_weights,,106.05449724197388,0.072265625,0.475,False,False,1.8772222995758057,1.8771723508834839,1.6695382595062256,0.06395803391933441,1.0,2.210655689239502,0.267578125,2.7340004444122314,0.08837890625,1.8076651096343994,0.06585262715816498,1.0,2.4972646236419678,0.15625,2.8598785400390625,0.0595703125,1.8038883209228516,0.06549685448408127,1.0,2.4903082847595215,0.16796875,2.8558597564697266,0.06591796875
confirm-U-w128-d52919-s802-g04-uniform,confirm,U,128,52919,802,96201,4,uniform,0.0001,0.1,621696,20,,constant_weights,,230.08212387561798,0.00390625,0.7375,False,False,1.8772222995758057,1.8771723508834839,1.4272966384887695,0.05375032126903534,1.0,1.6379280090332031,0.48583984375,2.590211868286133,0.1533203125,1.8635518550872803,0.05659491941332817,1.0,2.6247658729553223,0.162109375,2.909294605255127,0.0625,1.8588778972625732,0.05602777749300003,1.0,2.5980186462402344,0.16455078125,2.9225873947143555,0.0625
confirm-U-w128-d52919-s802-g04-uniform,confirm,U,128,52919,802,96201,4,uniform,0.0001,0.1,621696,30,,constant_weights,,355.8660951256752,0.0,0.825,False,False,1.8772222995758057,1.8771723508834839,1.1816248893737793,0.04826650768518448,0.99951171875,1.1826565265655518,0.67919921875,2.3139514923095703,0.25537109375,2.029421806335449,0.05388655513525009,0.998046875,2.8952131271362305,0.154296875,3.1391654014587402,0.068359375,2.034712553024292,0.05187075585126877,0.9990234375,2.886068820953369,0.1689453125,3.1661977767944336,0.052734375
confirm-U-w128-d52919-s803-g04-random,confirm,U,128,52919,803,96201,4,random,0.0001,0.1,621696,0,,no_adaptation,,0.0,0.0,,False,False,1.8761411905288696,1.8758947849273682,1.8751767873764038,0.05877172574400902,1.0,2.785086154937744,0.052734375,2.781672954559326,0.07470703125,1.8761411905288696,0.05887320637702942,1.0,2.785156488418579,0.0595703125,2.784393787384033,0.0576171875,1.8758947849273682,0.05899212881922722,1.0,2.7848148345947266,0.05712890625,2.783877372741699,0.0615234375
confirm-U-w128-d52919-s803-g04-random,confirm,U,128,52919,803,96201,4,random,0.0001,0.1,621696,1,,nonpositive_total_gain,,-1.6436790227890015,0.5390625,0.625,False,False,1.8761411905288696,1.8758947849273682,1.8783873319625854,0.06024646759033203,1.0,2.7870302200317383,0.0546875,2.7878847122192383,0.0830078125,1.8830839395523071,0.060284797102212906,1.0,2.800356388092041,0.060546875,2.7886111736297607,0.0693359375,1.8858001232147217,0.06049858406186104,1.0,2.7978477478027344,0.05517578125,2.7990546226501465,0.05615234375
confirm-U-w128-d52919-s803-g04-random,confirm,U,128,52919,803,96201,4,random,0.0001,0.1,621696,3,1.321908807269402,,0.007444050442555536,3.9809088706970215,0.416015625,0.6041666666666666,False,False,1.8761411905288696,1.8758947849273682,1.8674017190933228,0.057892244309186935,1.0,2.765333414077759,0.078125,2.7789793014526367,0.08056640625,1.8755314350128174,0.05802663415670395,1.0,2.781712293624878,0.0673828125,2.7868552207946777,0.0693359375,1.8755933046340942,0.05812739580869675,1.0,2.777204751968384,0.0615234375,2.791447877883911,0.06103515625
confirm-U-w128-d52919-s803-g04-random,confirm,U,128,52919,803,96201,4,random,0.0001,0.1,621696,5,1.7072251065812525,,0.011871400748390843,9.999918341636658,0.40625,0.6625,False,False,1.8761411905288696,1.8758947849273682,1.8556458950042725,0.07174830138683319,1.0,2.722208023071289,0.0703125,2.7729811668395996,0.07763671875,1.8788585662841797,0.0715102031826973,1.0,2.7563650608062744,0.0703125,2.8087005615234375,0.0654296875,1.8790910243988037,0.07218310236930847,1.0,2.7529406547546387,0.0712890625,2.812150001525879,0.06591796875
confirm-U-w128-d52919-s803-g04-random,confirm,U,128,52919,803,96201,4,random,0.0001,0.1,621696,10,3.0904212576548584,,0.13065773109577844,25.54875022172928,0.439453125,0.83125,False,False,1.8761411905288696,1.8758947849273682,1.8252772092819214,0.11566521227359772,0.99951171875,2.550852060317993,0.1533203125,2.809314012527466,0.09130859375,1.9313414096832275,0.11531736701726913,1.0,2.7441534996032715,0.1220703125,2.934553384780884,0.06640625,1.9308300018310547,0.11595341563224792,1.0,2.7372303009033203,0.11962890625,2.9393064975738525,0.06640625
confirm-U-w128-d52919-s803-g04-random,confirm,U,128,52919,803,96201,4,random,0.0001,0.1,621696,20,5.317319941408648,,0.9867314051009476,40.78952670097351,0.521484375,0.915625,False,False,1.8761411905288696,1.8758947849273682,1.795509934425354,0.082908995449543,1.0,2.417135238647461,0.2705078125,2.8864855766296387,0.16796875,2.1179466247558594,0.084492988884449,1.0,2.9630322456359863,0.126953125,3.306314468383789,0.060546875,2.1136534214019775,0.08375164866447449,1.0,2.918468713760376,0.1455078125,3.338740110397339,0.06591796875
confirm-U-w128-d52919-s803-g04-random,confirm,U,128,52919,803,96201,4,random,0.0001,0.1,621696,30,4.062104258401453,,0.7895203174222377,69.55359917879105,0.51171875,0.94375,False,False,1.8761411905288696,1.8758947849273682,1.7393300533294678,0.07464943826198578,0.99951171875,2.31483793258667,0.337890625,2.828502893447876,0.240234375,2.2727670669555664,0.07827184349298477,0.9990234375,3.139892578125,0.146484375,3.6001367568969727,0.0654296875,2.283234119415283,0.07758904993534088,0.99951171875,3.1436452865600586,0.13818359375,3.6284680366516113,0.06640625
confirm-U-w128-d52919-s803-g04-uniform,confirm,U,128,52919,803,96201,4,uniform,0.0001,0.1,621696,0,,no_adaptation,,0.0,0.0,,False,False,1.8761411905288696,1.8758947849273682,1.8751767873764038,0.05877172574400902,1.0,2.785086154937744,0.052734375,2.781672954559326,0.07470703125,1.8761411905288696,0.05887320637702942,1.0,2.785156488418579,0.0595703125,2.784393787384033,0.0576171875,1.8758947849273682,0.05899212881922722,1.0,2.7848148345947266,0.05712890625,2.783877372741699,0.0615234375
confirm-U-w128-d52919-s803-g04-uniform,confirm,U,128,52919,803,96201,4,uniform,0.0001,0.1,621696,1,,constant_weights,,2.6046401262283325,0.390625,0.0,False,False,1.8761411905288696,1.8758947849273682,1.8700897693634033,0.05843086913228035,1.0,2.7743310928344727,0.06298828125,2.7775073051452637,0.07763671875,1.8761433362960815,0.05856795236468315,1.0,2.7834112644195557,0.060546875,2.7864511013031006,0.0517578125,1.8759838342666626,0.058769188821315765,1.0,2.7815871238708496,0.0615234375,2.787594795227051,0.056640625
confirm-U-w128-d52919-s803-g04-uniform,confirm,U,128,52919,803,96201,4,uniform,0.0001,0.1,621696,3,,constant_weights,,11.326224565505981,0.169921875,0.0,False,False,1.8761411905288696,1.8758947849273682,1.853055477142334,0.053109534084796906,1.0,2.743781805038452,0.0791015625,2.762274742126465,0.08056640625,1.8652136325836182,0.053389471024274826,1.0,2.7596426010131836,0.06640625,2.782608985900879,0.0595703125,1.8641235828399658,0.053448133170604706,1.0,2.7558176517486572,0.0703125,2.7831053733825684,0.06591796875
confirm-U-w128-d52919-s803-g04-uniform,confirm,U,128,52919,803,96201,4,uniform,0.0001,0.1,621696,5,,constant_weights,,31.554462432861328,0.13671875,0.0125,False,False,1.8761411905288696,1.8758947849273682,1.813547134399414,0.06697503477334976,1.0,2.628493309020996,0.07470703125,2.745173454284668,0.08935546875,1.8510936498641968,0.06768535822629929,1.0,2.6807661056518555,0.0732421875,2.8048295974731445,0.05078125,1.849996566772461,0.06748747825622559,1.0,2.679924726486206,0.0732421875,2.802577018737793,0.0615234375
confirm-U-w128-d52919-s803-g04-uniform,confirm,U,128,52919,803,96201,4,uniform,0.0001,0.1,621696,10,,constant_weights,,117.74603819847107,0.0625,0.46875,False,False,1.8761411905288696,1.8758947849273682,1.6452041864395142,0.06911700963973999,1.0,2.139378309249878,0.29052734375,2.7271173000335693,0.0888671875,1.801846981048584,0.07131874561309814,1.0,2.4911954402923584,0.1728515625,2.843026876449585,0.06640625,1.8070778846740723,0.07094603776931763,1.0,2.4950733184814453,0.15771484375,2.8552141189575195,0.064453125
confirm-U-w128-d52919-s803-g04-uniform,confirm,U,128,52919,803,96201,4,uniform,0.0001,0.1,621696,20,,constant_weights,,228.82469707727432,0.009765625,0.734375,False,False,1.8761411905288696,1.8758947849273682,1.4282537698745728,0.052588991820812225,1.0,1.6065938472747803,0.5,2.6255784034729004,0.13720703125,1.8506596088409424,0.05443018674850464,1.0,2.6042962074279785,0.18359375,2.8932526111602783,0.0654296875,1.8608700037002563,0.054298900067806244,1.0,2.619565725326538,0.171875,2.908745288848877,0.06103515625
confirm-U-w128-d52919-s803-g04-uniform,confirm,U,128,52919,803,96201,4,uniform,0.0001,0.1,621696,30,,constant_weights,,341.4031611084938,0.0,0.8229166666666666,False,False,1.8761411905288696,1.8758947849273682,1.2083739042282104,0.04628681018948555,1.0,1.141916275024414,0.685546875,2.4369184970855713,0.20458984375,1.9630012512207031,0.04992265999317169,1.0,2.8107259273529053,0.1796875,3.0283544063568115,0.06640625,1.9744901657104492,0.048790499567985535,1.0,2.8242948055267334,0.1748046875,3.050384998321533,0.06005859375
confirm-U-w128-d55049-s801-g04-random,confirm,U,128,55049,801,96202,4,random,0.0001,0.1,621696,0,,no_adaptation,,0.0,0.0,,False,False,1.8760814666748047,1.876298189163208,1.875701665878296,0.062049102038145065,1.0,2.7813949584960938,0.0771484375,2.783660888671875,0.05859375,1.8760814666748047,0.06190250813961029,1.0,2.781033992767334,0.0751953125,2.7853078842163086,0.0556640625,1.876298189163208,0.06183740124106407,1.0,2.7830464839935303,0.06884765625,2.784010648727417,0.06298828125
confirm-U-w128-d55049-s801-g04-random,confirm,U,128,55049,801,96202,4,random,0.0001,0.1,621696,1,,nonpositive_total_gain,,-2.1380645036697388,0.564453125,0.5,False,False,1.8760814666748047,1.876298189163208,1.8798775672912598,0.06439065933227539,1.0,2.788119316101074,0.06640625,2.7871224880218506,0.07666015625,1.8868333101272583,0.06462412327528,1.0,2.794224739074707,0.0615234375,2.8016510009765625,0.0595703125,1.8859984874725342,0.06433570384979248,1.0,2.7922375202178955,0.06103515625,2.801422595977783,0.06494140625
confirm-U-w128-d55049-s801-g04-random,confirm,U,128,55049,801,96202,4,random,0.0001,0.1,621696,3,3.9539951389018815,,0.3032412377472479,2.545273184776306,0.47265625,0.5625,False,False,1.8760814666748047,1.876298189163208,1.8707304000854492,0.06557869166135788,1.0,2.7631051540374756,0.083984375,2.7835075855255127,0.07177734375,1.8784294128417969,0.06565491110086441,1.0,2.7776639461517334,0.0654296875,2.7919695377349854,0.060546875,1.8803133964538574,0.06568238139152527,1.0,2.7739346027374268,0.06591796875,2.801323652267456,0.06494140625
confirm-U-w128-d55049-s801-g04-random,confirm,U,128,55049,801,96202,4,random,0.0001,0.1,621696,5,3.4048652368091283,,0.1430180234343392,6.095620632171631,0.4765625,0.625,False,False,1.8760814666748047,1.876298189163208,1.8637961149215698,0.06836037337779999,1.0,2.72581148147583,0.099609375,2.7972164154052734,0.07568359375,1.8861124515533447,0.06890707463026047,1.0,2.765282154083252,0.0703125,2.824148178100586,0.0595703125,1.8900312185287476,0.0685640275478363,1.0,2.772742509841919,0.078125,2.828786849975586,0.0673828125
confirm-U-w128-d55049-s801-g04-random,confirm,U,128,55049,801,96202,4,random,0.0001,0.1,621696,10,3.329277690117331,,0.1944347834110801,18.64136552810669,0.458984375,0.80625,False,False,1.8760814666748047,1.876298189163208,1.8392927646636963,0.0939854085445404,0.99951171875,2.5982680320739746,0.14453125,2.825624942779541,0.08740234375,1.917978286743164,0.09556731581687927,1.0,2.751133680343628,0.1005859375,2.907233238220215,0.0625,1.9346044063568115,0.09358477592468262,1.0,2.7817718982696533,0.107421875,2.928457021713257,0.0634765625
confirm-U-w128-d55049-s801-g04-random,confirm,U,128,55049,801,96202,4,random,0.0001,0.1,621696,20,4.356801209659308,,0.7336156097079166,40.8946408033371,0.4921875,0.903125,False,False,1.8760814666748047,1.876298189163208,1.795829176902771,0.08965639770030975,1.0,2.445981740951538,0.25439453125,2.8518495559692383,0.14697265625,2.100062131881714,0.09174755960702896,1.0,3.0135200023651123,0.142578125,3.1949191093444824,0.0712890625,2.1119353771209717,0.0941736102104187,0.9990234375,2.9785079956054688,0.13623046875,3.263124704360962,0.064453125
confirm-U-w128-d55049-s801-g04-random,confirm,U,128,55049,801,96202,4,random,0.0001,0.1,621696,30,3.634939158728845,,0.8022384176096343,69.97214978933334,0.51171875,0.9354166666666667,False,False,1.8760814666748047,1.876298189163208,1.739037275314331,0.06972664594650269,1.0,2.3592824935913086,0.35107421875,2.788102626800537,0.22412109375,2.2671077251434326,0.07633718848228455,0.9990234375,3.2432212829589844,0.125,3.481764793395996,0.0693359375,2.2987020015716553,0.07388283312320709,0.99951171875,3.234931707382202,0.126953125,3.587291955947876,0.06201171875
confirm-U-w128-d55049-s801-g04-uniform,confirm,U,128,55049,801,96202,4,uniform,0.0001,0.1,621696,0,,no_adaptation,,0.0,0.0,,False,False,1.8760814666748047,1.876298189163208,1.875701665878296,0.062049102038145065,1.0,2.7813949584960938,0.0771484375,2.783660888671875,0.05859375,1.8760814666748047,0.06190250813961029,1.0,2.781033992767334,0.0751953125,2.7853078842163086,0.0556640625,1.876298189163208,0.06183740124106407,1.0,2.7830464839935303,0.06884765625,2.784010648727417,0.06298828125
confirm-U-w128-d55049-s801-g04-uniform,confirm,U,128,55049,801,96202,4,uniform,0.0001,0.1,621696,1,,constant_weights,,2.238815426826477,0.412109375,0.0,False,False,1.8760814666748047,1.876298189163208,1.8713289499282837,0.06150877848267555,1.0,2.7727279663085938,0.078125,2.779750347137451,0.07666015625,1.8750725984573364,0.06150835379958153,1.0,2.77974796295166,0.0703125,2.783961772918701,0.0546875,1.874295711517334,0.06139763817191124,1.0,2.777216672897339,0.06884765625,2.7842726707458496,0.0634765625
confirm-U-w128-d55049-s801-g04-uniform,confirm,U,128,55049,801,96202,4,uniform,0.0001,0.1,621696,3,,constant_weights,,11.737982273101807,0.150390625,0.0,False,False,1.8760814666748047,1.876298189163208,1.8527759313583374,0.057893238961696625,1.0,2.7320399284362793,0.0859375,2.7683944702148438,0.06396484375,1.8633508682250977,0.05810636654496193,1.0,2.7473716735839844,0.0791015625,2.7845747470855713,0.05859375,1.8654013872146606,0.05790223926305771,1.0,2.754565954208374,0.0732421875,2.783735752105713,0.06005859375
confirm-U-w128-d55049-s801-g04-uniform,confirm,U,128,55049,801,96202,4,uniform,0.0001,0.1,621696,5,,constant_weights,,29.84735631942749,0.1484375,0.025,False,False,1.8760814666748047,1.876298189163208,1.8174059391021729,0.0679633617401123,1.0,2.6182360649108887,0.09765625,2.766018867492676,0.06640625,1.8471628427505493,0.06918153911828995,1.0,2.673783540725708,0.08984375,2.798523426055908,0.060546875,1.853980302810669,0.06898248195648193,1.0,2.6951022148132324,0.083984375,2.797856330871582,0.05859375
confirm-U-w128-d55049-s801-g04-uniform,confirm,U,128,55049,801,96202,4,uniform,0.0001,0.1,621696,10,,constant_weights,,97.051726937294,0.0625,0.4625,False,False,1.8760814666748047,1.876298189163208,1.6861475706100464,0.060230620205402374,1.0,2.2536401748657227,0.25048828125,2.7445716857910156,0.09130859375,1.8175172805786133,0.06064784899353981,1.0,2.5718817710876465,0.1474609375,2.8200221061706543,0.072265625,1.8289598226547241,0.060073141008615494,1.0,2.5936172008514404,0.1533203125,2.8331892490386963,0.060546875
confirm-U-w128-d55049-s801-g04-uniform,confirm,U,128,55049,801,96202,4,uniform,0.0001,0.1,621696,20,,constant_weights,,206.84680539369583,0.0078125,0.73125,False,False,1.8760814666748047,1.876298189163208,1.4717038869857788,0.05244697630405426,1.0,1.7092363834381104,0.4716796875,2.653428554534912,0.12939453125,1.868915319442749,0.05488722771406174,1.0,2.6849093437194824,0.1572265625,2.8669495582580566,0.0703125,1.8789904117584229,0.05254632979631424,1.0,2.674800395965576,0.1787109375,2.9096245765686035,0.0537109375
confirm-U-w128-d55049-s801-g04-uniform,confirm,U,128,55049,801,96202,4,uniform,0.0001,0.1,621696,30,,constant_weights,,318.59025341272354,0.0,0.8208333333333333,False,False,1.8760814666748047,1.876298189163208,1.2534550428390503,0.046639833599328995,1.0,1.2357105016708374,0.654296875,2.4780147075653076,0.2060546875,1.983933448791504,0.04944982752203941,1.0,2.8876748085021973,0.1708984375,3.0146756172180176,0.0673828125,2.011615514755249,0.047226760536432266,1.0,2.920358180999756,0.16845703125,3.0672614574432373,0.05029296875
confirm-U-w128-d55049-s802-g04-random,confirm,U,128,55049,802,96202,4,random,0.0001,0.1,621696,0,,no_adaptation,,0.0,0.0,,False,False,1.8767430782318115,1.8763842582702637,1.8762812614440918,0.05989838391542435,1.0,2.78336238861084,0.0771484375,2.7855827808380127,0.05859375,1.8767430782318115,0.060209356248378754,1.0,2.78371262550354,0.0751953125,2.7863073348999023,0.0556640625,1.8763842582702637,0.06010445952415466,1.0,2.784513235092163,0.06884765625,2.7845349311828613,0.06298828125
confirm-U-w128-d55049-s802-g04-random,confirm,U,128,55049,802,96202,4,random,0.0001,0.1,621696,1,8.0,,722.8751831321623,0.03449666500091553,0.509765625,0.6875,False,True,1.8767430782318115,1.8763842582702637,1.8762139081954956,0.06195428967475891,1.0,2.7845263481140137,0.0703125,2.782160758972168,0.0673828125,1.8832099437713623,0.06245085597038269,1.0,2.7881674766540527,0.0673828125,2.79901123046875,0.064453125,1.8812170028686523,0.06231024116277695,1.0,2.788196086883545,0.0703125,2.7931442260742188,0.05908203125
confirm-U-w128-d55049-s802-g04-random,confirm,U,128,55049,802,96202,4,random,0.0001,0.1,621696,3,0.7705354045287836,,0.003494375246826862,5.022908449172974,0.39453125,0.5833333333333334,False,False,1.8767430782318115,1.8763842582702637,1.8664709329605103,0.05821274220943451,1.0,2.766143321990967,0.08642578125,2.7750563621520996,0.072265625,1.8785146474838257,0.058984920382499695,1.0,2.7781081199645996,0.0615234375,2.7984507083892822,0.0556640625,1.874803066253662,0.05867118760943413,1.0,2.776102066040039,0.07470703125,2.789635419845581,0.06201171875
confirm-U-w128-d55049-s802-g04-random,confirm,U,128,55049,802,96202,4,random,0.0001,0.1,621696,5,1.202337008328727,,0.0017657635638286993,11.142847418785095,0.37890625,0.625,False,False,1.8767430782318115,1.8763842582702637,1.8545176982879639,0.061036016792058945,1.0,2.7247097492218018,0.08740234375,2.7778077125549316,0.06884765625,1.882828950881958,0.06218438595533371,1.0,2.7614569664001465,0.076171875,2.824845790863037,0.0625,1.878978967666626,0.06178557872772217,1.0,2.762004852294922,0.0654296875,2.8131468296051025,0.06298828125
confirm-U-w128-d55049-s802-g04-random,confirm,U,128,55049,802,96202,4,random,0.0001,0.1,621696,10,4.085482791619844,,0.2440015179345575,22.501978278160095,0.44140625,0.80625,False,False,1.8767430782318115,1.8763842582702637,1.8323320150375366,0.08943773806095123,1.0,2.5860204696655273,0.16650390625,2.821537733078003,0.08642578125,1.9533926248550415,0.09186869114637375,1.0,2.788262367248535,0.099609375,2.9800469875335693,0.05859375,1.945185661315918,0.09275161474943161,1.0,2.783968210220337,0.1083984375,2.9588375091552734,0.0576171875
confirm-U-w128-d55049-s802-g04-random,confirm,U,128,55049,802,96202,4,random,0.0001,0.1,621696,20,6.918747168255863,,1.510038973837958,38.04809749126434,0.521484375,0.903125,False,False,1.8767430782318115,1.8763842582702637,1.8019684553146362,0.074776791036129,1.0,2.490280866622925,0.2646484375,2.840847969055176,0.1650390625,2.154400587081909,0.07581353187561035,1.0,3.037449359893799,0.115234375,3.349938154220581,0.0673828125,2.168208599090576,0.07816682010889053,0.99951171875,3.043253183364868,0.11669921875,3.3832056522369385,0.05419921875
confirm-U-w128-d55049-s802-g04-random,confirm,U,128,55049,802,96202,4,random,0.0001,0.1,621696,30,5.868435329737191,,1.5708450084566015,57.08660453557968,0.541015625,0.9354166666666667,False,False,1.8767430782318115,1.8763842582702637,1.7647838592529297,0.06817745417356491,0.99951171875,2.412959098815918,0.328125,2.8132152557373047,0.240234375,2.3278450965881348,0.06733796000480652,1.0,3.264923572540283,0.126953125,3.6512744426727295,0.0576171875,2.338331699371338,0.0724058747291565,0.99951171875,3.2739667892456055,0.10791015625,3.6686222553253174,0.06103515625
confirm-U-w128-d55049-s802-g04-uniform,confirm,U,128,55049,802,96202,4,uniform,0.0001,0.1,621696,0,,no_adaptation,,0.0,0.0,,False,False,1.8767430782318115,1.8763842582702637,1.8762812614440918,0.05989838391542435,1.0,2.78336238861084,0.0771484375,2.7855827808380127,0.05859375,1.8767430782318115,0.060209356248378754,1.0,2.78371262550354,0.0751953125,2.7863073348999023,0.0556640625,1.8763842582702637,0.06010445952415466,1.0,2.784513235092163,0.06884765625,2.7845349311828613,0.06298828125
confirm-U-w128-d55049-s802-g04-uniform,confirm,U,128,55049,802,96202,4,uniform,0.0001,0.1,621696,1,,constant_weights,,2.491137742996216,0.3828125,0.0,False,False,1.8767430782318115,1.8763842582702637,1.871415615081787,0.05988319218158722,1.0,2.774566173553467,0.0830078125,2.7797977924346924,0.0712890625,1.8769594430923462,0.06037784367799759,1.0,2.7819225788116455,0.0830078125,2.7885780334472656,0.0625,1.875328779220581,0.06023985892534256,1.0,2.7809064388275146,0.07470703125,2.784839630126953,0.0634765625
confirm-U-w128-d55049-s802-g04-uniform,confirm,U,128,55049,802,96202,4,uniform,0.0001,0.1,621696,3,,constant_weights,,11.153745889663696,0.197265625,0.0,False,False,1.8767430782318115,1.8763842582702637,1.8544964790344238,0.05391744524240494,1.0,2.7392983436584473,0.1025390625,2.770273447036743,0.0615234375,1.8677377700805664,0.05442485958337784,1.0,2.759561538696289,0.0869140625,2.7892274856567383,0.0556640625,1.8671497106552124,0.054272979497909546,1.0,2.762118339538574,0.0791015625,2.785057544708252,0.064453125
confirm-U-w128-d55049-s802-g04-uniform,confirm,U,128,55049,802,96202,4,uniform,0.0001,0.1,621696,5,,constant_weights,,30.868155598640442,0.15234375,0.0625,False,False,1.8767430782318115,1.8763842582702637,1.8159918785095215,0.06845691800117493,1.0,2.6171717643737793,0.10888671875,2.7623467445373535,0.06884765625,1.8503895998001099,0.0709896832704544,1.0,2.68723726272583,0.083984375,2.7929415702819824,0.0595703125,1.8544635772705078,0.07010269165039062,1.0,2.6973555088043213,0.0791015625,2.7959327697753906,0.0634765625
confirm-U-w128-d55049-s802-g04-uniform,confirm,U,128,55049,802,96202,4,uniform,0.0001,0.1,621696,10,,constant_weights,,100.54927372932434,0.056640625,0.5125,False,False,1.8767430782318115,1.8763842582702637,1.6798958778381348,0.06416226923465729,1.0,2.228529214859009,0.2685546875,2.7469959259033203,0.083984375,1.8192791938781738,0.06510184705257416,1.0,2.567105293273926,0.13671875,2.8256301879882812,0.05859375,1.8350484371185303,0.0656438022851944,1.0,2.5903737545013428,0.15478515625,2.849127769470215,0.06005859375
confirm-U-w128-d55049-s802-g04-uniform,confirm,U,128,55049,802,96202,4,uniform,0.0001,0.1,621696,20,,constant_weights,,220.34567868709564,0.001953125,0.75625,False,False,1.8767430782318115,1.8763842582702637,1.4459184408187866,0.053693875670433044,1.0,1.6459434032440186,0.50390625,2.638118267059326,0.1396484375,1.906354546546936,0.056696437299251556,1.0,2.800440549850464,0.1259765625,2.861927032470703,0.0693359375,1.9096424579620361,0.05616816505789757,1.0,2.7683284282684326,0.1455078125,2.904430866241455,0.05859375
confirm-U-w128-d55049-s802-g04-uniform,confirm,U,128,55049,802,96202,4,uniform,0.0001,0.1,621696,30,,constant_weights,,345.08017760515213,0.0,0.8375,False,False,1.8767430782318115,1.8763842582702637,1.2022963762283325,0.04340704157948494,1.0,1.148515224456787,0.69580078125,2.4149670600891113,0.2109375,2.0618748664855957,0.04560136795043945,1.0,3.1153435707092285,0.140625,3.0246798992156982,0.0615234375,2.0774083137512207,0.046656712889671326,0.99951171875,3.0766594409942627,0.1455078125,3.1089088916778564,0.05322265625
confirm-U-w128-d55049-s803-g04-random,confirm,U,128,55049,803,96202,4,random,0.0001,0.1,621696,0,,no_adaptation,,0.0,0.0,,False,False,1.875331997871399,1.8748595714569092,1.875110387802124,0.0593707412481308,1.0,2.781015396118164,0.0771484375,2.784944772720337,0.05859375,1.875331997871399,0.059138428419828415,1.0,2.782095193862915,0.0751953125,2.784762382507324,0.0556640625,1.8748595714569092,0.059172630310058594,1.0,2.781208038330078,0.06884765625,2.78419828414917,0.06298828125
confirm-U-w128-d55049-s803-g04-random,confirm,U,128,55049,803,96202,4,random,0.0001,0.1,621696,1,2.8289293034528358,,0.2580250236581545,0.7486598491668701,0.458984375,0.4375,False,False,1.875331997871399,1.8748595714569092,1.8736481666564941,0.060139160603284836,1.0,2.777496814727783,0.068359375,2.783308506011963,0.06787109375,1.875248908996582,0.06016136705875397,1.0,2.778104543685913,0.0673828125,2.7874808311462402,0.0576171875,1.8751147985458374,0.0602106899023056,1.0,2.778553009033203,0.0654296875,2.786581039428711,0.06005859375
confirm-U-w128-d55049-s803-g04-random,confirm,U,128,55049,803,96202,4,random,0.0001,0.1,621696,3,0.810491504974604,,0.0015751539567261685,4.675938606262207,0.3515625,0.4791666666666667,False,False,1.875331997871399,1.8748595714569092,1.8659775257110596,0.058249332010746,1.0,2.7571399211883545,0.07177734375,2.782543182373047,0.0693359375,1.8690662384033203,0.05838652700185776,1.0,2.7659218311309814,0.06640625,2.782890558242798,0.0576171875,1.8701369762420654,0.05830853059887886,1.0,2.768219232559204,0.0712890625,2.7838830947875977,0.0576171875
confirm-U-w128-d55049-s803-g04-random,confirm,U,128,55049,803,96202,4,random,0.0001,0.1,621696,5,1.7450992215285077,,0.03408935328741387,8.316421389579773,0.408203125,0.5625,False,False,1.875331997871399,1.8748595714569092,1.8588672876358032,0.06409946829080582,1.0,2.7183680534362793,0.0830078125,2.7941343784332275,0.068359375,1.8738065958023071,0.0650053471326828,1.0,2.7494499683380127,0.078125,2.80696439743042,0.0595703125,1.8751864433288574,0.06435927748680115,1.0,2.757783889770508,0.07373046875,2.8034162521362305,0.0634765625
confirm-U-w128-d55049-s803-g04-random,confirm,U,128,55049,803,96202,4,random,0.0001,0.1,621696,10,1.8091160483296802,,0.040298161426146145,32.82812249660492,0.39453125,0.76875,False,False,1.875331997871399,1.8748595714569092,1.810992956161499,0.0970369353890419,1.0,2.5320467948913574,0.17236328125,2.8038947582244873,0.09423828125,1.8986823558807373,0.098734050989151,1.0,2.711272716522217,0.126953125,2.886040210723877,0.0537109375,1.915073275566101,0.09890881180763245,1.0,2.750190019607544,0.1123046875,2.896121025085449,0.068359375
confirm-U-w128-d55049-s803-g04-random,confirm,U,128,55049,803,96202,4,random,0.0001,0.1,621696,20,5.138832309775252,,1.3387902041590594,40.293569803237915,0.50390625,0.884375,False,False,1.875331997871399,1.8748595714569092,1.7964117527008057,0.0765252485871315,0.99951171875,2.432417869567871,0.3095703125,2.8802926540374756,0.1494140625,2.1343753337860107,0.08073738217353821,1.0,3.018645763397217,0.1357421875,3.3037424087524414,0.0654296875,2.154618978500366,0.07750381529331207,1.0,3.06909441947937,0.126953125,3.317258834838867,0.0673828125
confirm-U-w128-d55049-s803-g04-random,confirm,U,128,55049,803,96202,4,random,0.0001,0.1,621696,30,3.8820451829901557,,0.9906630455670363,72.40399622917175,0.52734375,0.9229166666666667,False,False,1.875331997871399,1.8748595714569092,1.733696460723877,0.07095901668071747,0.99951171875,2.3190555572509766,0.37744140625,2.8110742568969727,0.23388671875,2.3268344402313232,0.07449464499950409,1.0,3.2388527393341064,0.138671875,3.6671559810638428,0.0654296875,2.3590502738952637,0.07331714779138565,0.99951171875,3.2856225967407227,0.119140625,3.7182111740112305,0.06494140625
confirm-U-w128-d55049-s803-g04-uniform,confirm,U,128,55049,803,96202,4,uniform,0.0001,0.1,621696,0,,no_adaptation,,0.0,0.0,,False,False,1.875331997871399,1.8748595714569092,1.875110387802124,0.0593707412481308,1.0,2.781015396118164,0.0771484375,2.784944772720337,0.05859375,1.875331997871399,0.059138428419828415,1.0,2.782095193862915,0.0751953125,2.784762382507324,0.0556640625,1.8748595714569092,0.059172630310058594,1.0,2.781208038330078,0.06884765625,2.78419828414917,0.06298828125
confirm-U-w128-d55049-s803-g04-uniform,confirm,U,128,55049,803,96202,4,uniform,0.0001,0.1,621696,1,,constant_weights,,2.774695873260498,0.37890625,0.0,False,False,1.875331997871399,1.8748595714569092,1.8696908950805664,0.05877210944890976,1.0,2.770918369293213,0.080078125,2.7793822288513184,0.06982421875,1.8729751110076904,0.05869455635547638,1.0,2.773232936859131,0.08203125,2.7869977951049805,0.0625,1.8728803396224976,0.05873055383563042,1.0,2.776137351989746,0.072265625,2.783773422241211,0.06640625
confirm-U-w128-d55049-s803-g04-uniform,confirm,U,128,55049,803,96202,4,uniform,0.0001,0.1,621696,3,,constant_weights,,12.229963302612305,0.140625,0.0,False,False,1.875331997871399,1.8748595714569092,1.8512237071990967,0.05369320511817932,1.0,2.7295889854431152,0.08740234375,2.770388603210449,0.06396484375,1.8619242906570435,0.05394699424505234,1.0,2.746507406234741,0.0810546875,2.785318374633789,0.0556640625,1.8630650043487549,0.05381326377391815,1.0,2.7509913444519043,0.080078125,2.7843899726867676,0.06298828125
confirm-U-w128-d55049-s803-g04-uniform,confirm,U,128,55049,803,96202,4,uniform,0.0001,0.1,621696,5,,constant_weights,,32.614431619644165,0.130859375,0.05,False,False,1.875331997871399,1.8748595714569092,1.8114101886749268,0.06914015114307404,1.0,2.60512375831604,0.10400390625,2.7599666118621826,0.072265625,1.8438684940338135,0.07045511901378632,1.0,2.6667323112487793,0.0888671875,2.7944180965423584,0.060546875,1.8510980606079102,0.07041195034980774,1.0,2.680553913116455,0.08642578125,2.80232834815979,0.05810546875
confirm-U-w128-d55049-s803-g04-uniform,confirm,U,128,55049,803,96202,4,uniform,0.0001,0.1,621696,10,,constant_weights,,107.27154266834259,0.060546875,0.46875,False,False,1.875331997871399,1.8748595714569092,1.665595531463623,0.06598172336816788,1.0,2.1998491287231445,0.27099609375,2.7309560775756836,0.10693359375,1.8166791200637817,0.06685465574264526,1.0,2.562580108642578,0.1455078125,2.8206028938293457,0.0712890625,1.8265000581741333,0.06575914472341537,1.0,2.5803661346435547,0.1484375,2.8333747386932373,0.06494140625
confirm-U-w128-d55049-s803-g04-uniform,confirm,U,128,55049,803,96202,4,uniform,0.0001,0.1,621696,20,,constant_weights,,225.1776670217514,0.009765625,0.734375,False,False,1.875331997871399,1.8748595714569092,1.4353101253509521,0.049369536340236664,1.0,1.641357660293579,0.4912109375,2.615203380584717,0.15478515625,1.8884161710739136,0.05191750079393387,1.0,2.7131190299987793,0.150390625,2.900211811065674,0.05859375,1.9052512645721436,0.05055760592222214,1.0,2.7280044555664062,0.16796875,2.9371912479400635,0.05517578125
confirm-U-w128-d55049-s803-g04-uniform,confirm,U,128,55049,803,96202,4,uniform,0.0001,0.1,621696,30,,constant_weights,,351.01212722063065,0.0,0.8229166666666666,False,False,1.875331997871399,1.8748595714569092,1.1895396709442139,0.04419970512390137,1.0,1.1508994102478027,0.70166015625,2.3735201358795166,0.24267578125,2.015780448913574,0.04858757182955742,0.9990234375,2.9156620502471924,0.154296875,3.083091974258423,0.0634765625,2.044893264770508,0.045759040862321854,1.0,2.9491240978240967,0.15966796875,3.1397972106933594,0.0625
confirm-U-w128-d57163-s801-g04-random,confirm,U,128,57163,801,96203,4,random,0.0001,0.1,621696,0,,no_adaptation,,0.0,0.0,,False,False,1.875319242477417,1.8745160102844238,1.8762227296829224,0.06067676097154617,1.0,2.782728672027588,0.07080078125,2.7852628231048584,0.0546875,1.875319242477417,0.06059402972459793,1.0,2.7808308601379395,0.080078125,2.7845330238342285,0.05859375,1.8745160102844238,0.060821130871772766,1.0,2.7802164554595947,0.0859375,2.7825095653533936,0.06640625
confirm-U-w128-d57163-s801-g04-random,confirm,U,128,57163,801,96203,4,random,0.0001,0.1,621696,1,,nonpositive_total_gain,,-0.19018900394439697,0.509765625,0.625,False,False,1.875319242477417,1.8745160102844238,1.8765943050384521,0.06408188492059708,1.0,2.7787883281707764,0.0625,2.786912441253662,0.06005859375,1.8844842910766602,0.06424243748188019,1.0,2.7846579551696777,0.0615234375,2.804551601409912,0.0498046875,1.8802201747894287,0.06429839134216309,1.0,2.788374662399292,0.06396484375,2.78798770904541,0.06787109375
confirm-U-w128-d57163-s801-g04-random,confirm,U,128,57163,801,96203,4,random,0.0001,0.1,621696,3,0.6087550775255854,,0.002348573114610738,5.662190794944763,0.3828125,0.5625,False,False,1.875319242477417,1.8745160102844238,1.865163803100586,0.05938602238893509,1.0,2.7595906257629395,0.08154296875,2.7765145301818848,0.0673828125,1.8766593933105469,0.05984146520495415,1.0,2.7700753211975098,0.07421875,2.8000612258911133,0.05078125,1.8737337589263916,0.05988441780209541,1.0,2.7760043144226074,0.08056640625,2.7853126525878906,0.06689453125
confirm-U-w128-d57163-s801-g04-random,confirm,U,128,57163,801,96203,4,random,0.0001,0.1,621696,5,0.7669863439149287,,0.0004538874751933271,12.30586850643158,0.380859375,0.6625,False,False,1.875319242477417,1.8745160102844238,1.8521878719329834,0.07245713472366333,1.0,2.7111401557922363,0.09033203125,2.7729663848876953,0.07080078125,1.8743255138397217,0.07235793769359589,1.0,2.740952491760254,0.08984375,2.809666156768799,0.05859375,1.8727329969406128,0.07220225036144257,1.0,2.7483394145965576,0.09423828125,2.7976572513580322,0.0634765625
confirm-U-w128-d57163-s801-g04-random,confirm,U,128,57163,801,96203,4,random,0.0001,0.1,621696,10,2.084274505073961,,0.06648999697224273,29.684748888015747,0.416015625,0.81875,False,False,1.875319242477417,1.8745160102844238,1.8182449340820312,0.10273942351341248,1.0,2.5477895736694336,0.177734375,2.8042054176330566,0.1015625,1.9391385316848755,0.10649847984313965,1.0,2.761988401412964,0.1220703125,2.9489285945892334,0.0634765625,1.9266560077667236,0.10575704276561737,1.0,2.75299072265625,0.12353515625,2.921220541000366,0.06640625
confirm-U-w128-d57163-s801-g04-random,confirm,U,128,57163,801,96203,4,random,0.0001,0.1,621696,20,2.4346614332894005,,0.13734658751237241,62.876275062561035,0.44140625,0.909375,False,False,1.875319242477417,1.8745160102844238,1.753417730331421,0.08228067308664322,1.0,2.3800880908966064,0.27783203125,2.797883987426758,0.14208984375,2.074381113052368,0.08573202043771744,1.0,2.9231228828430176,0.15234375,3.2142884731292725,0.060546875,2.043508291244507,0.08609837293624878,1.0,2.896872043609619,0.146484375,3.147554636001587,0.05859375
confirm-U-w128-d57163-s801-g04-random,confirm,U,128,57163,801,96203,4,random,0.0001,0.1,621696,30,3.1260288536690766,,0.4850043850886015,77.24505198001862,0.50390625,0.9395833333333333,False,False,1.875319242477417,1.8745160102844238,1.725353479385376,0.0638953149318695,1.0,2.2961196899414062,0.35302734375,2.8160457611083984,0.2060546875,2.279216766357422,0.06726960092782974,1.0,3.1814351081848145,0.119140625,3.5889453887939453,0.064453125,2.2521817684173584,0.06716851890087128,1.0,3.1747584342956543,0.1259765625,3.514618396759033,0.0595703125
confirm-U-w128-d57163-s801-g04-uniform,confirm,U,128,57163,801,96203,4,uniform,0.0001,0.1,621696,0,,no_adaptation,,0.0,0.0,,False,False,1.875319242477417,1.8745160102844238,1.8762227296829224,0.06067676097154617,1.0,2.782728672027588,0.07080078125,2.7852628231048584,0.0546875,1.875319242477417,0.06059402972459793,1.0,2.7808308601379395,0.080078125,2.7845330238342285,0.05859375,1.8745160102844238,0.060821130871772766,1.0,2.7802164554595947,0.0859375,2.7825095653533936,0.06640625
confirm-U-w128-d57163-s801-g04-uniform,confirm,U,128,57163,801,96203,4,uniform,0.0001,0.1,621696,1,,constant_weights,,3.1936161518096924,0.3984375,0.0,False,False,1.875319242477417,1.8745160102844238,1.8699853420257568,0.061054401099681854,1.0,2.76840877532959,0.0830078125,2.7804927825927734,0.06640625,1.8754905462265015,0.06132381781935692,1.0,2.773597240447998,0.0771484375,2.791550397872925,0.0517578125,1.8730137348175049,0.061340488493442535,1.0,2.774404525756836,0.08056640625,2.7832958698272705,0.06201171875
confirm-U-w128-d57163-s801-g04-uniform,confirm,U,128,57163,801,96203,4,uniform,0.0001,0.1,621696,3,,constant_weights,,13.140058994293213,0.185546875,0.020833333333333332,False,False,1.875319242477417,1.8745160102844238,1.8505586385726929,0.05805407837033272,1.0,2.727541208267212,0.0791015625,2.766080617904663,0.07080078125,1.867829442024231,0.05963003262877464,1.0,2.7490105628967285,0.0888671875,2.7948474884033203,0.0615234375,1.863437294960022,0.0589558407664299,1.0,2.7479467391967773,0.08935546875,2.783409595489502,0.06494140625
confirm-U-w128-d57163-s801-g04-uniform,confirm,U,128,57163,801,96203,4,uniform,0.0001,0.1,621696,5,,constant_weights,,35.07644283771515,0.150390625,0.05,False,False,1.875319242477417,1.8745160102844238,1.8077141046524048,0.06877575814723969,1.0,2.594616413116455,0.1064453125,2.7597503662109375,0.0849609375,1.8507763147354126,0.06984223425388336,1.0,2.6771950721740723,0.107421875,2.8052921295166016,0.05859375,1.846281886100769,0.0694480836391449,1.0,2.6700592041015625,0.109375,2.7993385791778564,0.0595703125
confirm-U-w128-d57163-s801-g04-uniform,confirm,U,128,57163,801,96203,4,uniform,0.0001,0.1,621696,10,,constant_weights,,110.70111453533173,0.048828125,0.5125,False,False,1.875319242477417,1.8745160102844238,1.660009741783142,0.06399811059236526,1.0,2.170708179473877,0.27978515625,2.7453227043151855,0.107421875,1.7980483770370483,0.06692800670862198,1.0,2.481389045715332,0.18359375,2.845828056335449,0.0693359375,1.7982553243637085,0.06570099294185638,1.0,2.4891738891601562,0.1767578125,2.8398916721343994,0.06787109375
confirm-U-w128-d57163-s801-g04-uniform,confirm,U,128,57163,801,96203,4,uniform,0.0001,0.1,621696,20,,constant_weights,,218.08249753713608,0.001953125,0.75625,False,False,1.875319242477417,1.8745160102844238,1.4502804279327393,0.05110788345336914,1.0,1.629303216934204,0.49462890625,2.6704301834106445,0.13818359375,1.818422794342041,0.05346287041902542,1.0,2.5280938148498535,0.1943359375,2.873711585998535,0.064453125,1.843972086906433,0.053698375821113586,1.0,2.605329990386963,0.17431640625,2.8728880882263184,0.05078125
confirm-U-w128-d57163-s801-g04-uniform,confirm,U,128,57163,801,96203,4,uniform,0.0001,0.1,621696,30,,constant_weights,,335.65689009428024,0.0,0.8375,False,False,1.875319242477417,1.8745160102844238,1.2206429243087769,0.0433775968849659,1.0,1.1027588844299316,0.7099609375,2.5157923698425293,0.1953125,1.9407405853271484,0.04601367563009262,1.0,2.789222240447998,0.18359375,2.986985683441162,0.0654296875,1.9708151817321777,0.04658053070306778,1.0,2.8688745498657227,0.17724609375,2.996990442276001,0.05810546875
confirm-U-w128-d57163-s802-g04-random,confirm,U,128,57163,802,96203,4,random,0.0001,0.1,621696,0,,no_adaptation,,0.0,0.0,,False,False,1.875105857849121,1.8741360902786255,1.8760747909545898,0.059797823429107666,1.0,2.7823619842529297,0.07080078125,2.786064624786377,0.0546875,1.875105857849121,0.060310762375593185,1.0,2.7805042266845703,0.080078125,2.7845025062561035,0.05859375,1.8741360902786255,0.05960074067115784,1.0,2.7786853313446045,0.0859375,2.7841224670410156,0.06640625
confirm-U-w128-d57163-s802-g04-random,confirm,U,128,57163,802,96203,4,random,0.0001,0.1,621696,1,8.0,,0.47712473819603196,0.6609115600585938,0.486328125,0.5,False,True,1.875105857849121,1.8741360902786255,1.874783992767334,0.06214381754398346,1.0,2.781399726867676,0.05615234375,2.780808925628662,0.0693359375,1.8828777074813843,0.06223997101187706,1.0,2.7867767810821533,0.044921875,2.7996160984039307,0.06640625,1.877285122871399,0.06202619522809982,1.0,2.780592441558838,0.052734375,2.7892367839813232,0.056640625
confirm-U-w128-d57163-s802-g04-random,confirm,U,128,57163,802,96203,4,random,0.0001,0.1,621696,3,0.3932873315380515,,0.0030791698142612458,8.570042133331299,0.349609375,0.5625,False,False,1.875105857849121,1.8741360902786255,1.8593363761901855,0.058908093720674515,1.0,2.7466330528259277,0.083984375,2.772467851638794,0.06298828125,1.87336003780365,0.05911549925804138,1.0,2.7627806663513184,0.0859375,2.7981841564178467,0.05859375,1.868890404701233,0.05887555330991745,1.0,2.760402202606201,0.08837890625,2.787393093109131,0.0634765625
confirm-U-w128-d57163-s802-g04-random,confirm,U,128,57163,802,96203,4,random,0.0001,0.1,621696,5,0.6619947853587564,,0.0009699237080312027,15.81387460231781,0.365234375,0.65,False,False,1.875105857849121,1.8741360902786255,1.8451882600784302,0.07171829044818878,1.0,2.6863088607788086,0.1025390625,2.7775380611419678,0.06884765625,1.8755377531051636,0.07329525053501129,1.0,2.729966878890991,0.095703125,2.8233511447906494,0.0625,1.871293306350708,0.07249680906534195,1.0,2.7309110164642334,0.10205078125,2.810471773147583,0.06201171875
confirm-U-w128-d57163-s802-g04-random,confirm,U,128,57163,802,96203,4,random,0.0001,0.1,621696,10,3.6231296483090953,,0.16434864686254128,26.24797546863556,0.44921875,0.8125,False,False,1.875105857849121,1.8741360902786255,1.824809193611145,0.09015925228595734,1.0,2.5316827297210693,0.1796875,2.852585554122925,0.08642578125,1.9421502351760864,0.09283475577831268,1.0,2.759167432785034,0.140625,2.974447727203369,0.05859375,1.9528234004974365,0.09132932126522064,1.0,2.767486572265625,0.140625,2.999654531478882,0.06005859375
confirm-U-w128-d57163-s802-g04-random,confirm,U,128,57163,802,96203,4,random,0.0001,0.1,621696,20,4.132883123839176,,0.3692637665614396,55.95642536878586,0.4765625,0.90625,False,False,1.875105857849121,1.8741360902786255,1.7667850255966187,0.07168358564376831,1.0,2.388395309448242,0.30078125,2.8402762413024902,0.166015625,2.0950772762298584,0.07166919112205505,1.0,2.9773223400115967,0.1416015625,3.2362403869628906,0.0595703125,2.1201400756835938,0.07250016927719116,1.0,3.009838819503784,0.14404296875,3.278080701828003,0.0625
confirm-U-w128-d57163-s802-g04-random,confirm,U,128,57163,802,96203,4,random,0.0001,0.1,621696,30,4.467771285154097,,0.7737299998628362,74.82451409101486,0.505859375,0.9375,False,False,1.875105857849121,1.8741360902786255,1.7299331426620483,0.06264805793762207,0.9990234375,2.314563751220703,0.36865234375,2.8125877380371094,0.236328125,2.301581859588623,0.06538071483373642,1.0,3.2745437622070312,0.126953125,3.564821720123291,0.064453125,2.345315933227539,0.06415785849094391,1.0,3.3222131729125977,0.12353515625,3.649576187133789,0.06640625
confirm-U-w128-d57163-s802-g04-uniform,confirm,U,128,57163,802,96203,4,uniform,0.0001,0.1,621696,0,,no_adaptation,,0.0,0.0,,False,False,1.875105857849121,1.8741360902786255,1.8760747909545898,0.059797823429107666,1.0,2.7823619842529297,0.07080078125,2.786064624786377,0.0546875,1.875105857849121,0.060310762375593185,1.0,2.7805042266845703,0.080078125,2.7845025062561035,0.05859375,1.8741360902786255,0.05960074067115784,1.0,2.7786853313446045,0.0859375,2.7841224670410156,0.06640625
confirm-U-w128-d57163-s802-g04-uniform,confirm,U,128,57163,802,96203,4,uniform,0.0001,0.1,621696,1,,constant_weights,,3.3066102266311646,0.412109375,0.0,False,False,1.875105857849121,1.8741360902786255,1.8696166276931763,0.05964827537536621,1.0,2.7699460983276367,0.06640625,2.7792558670043945,0.06787109375,1.875298261642456,0.059680379927158356,1.0,2.776400327682495,0.0693359375,2.7898144721984863,0.0634765625,1.8720194101333618,0.059627238661050797,1.0,2.7724075317382812,0.0712890625,2.7840240001678467,0.06396484375
confirm-U-w128-d57163-s802-g04-uniform,confirm,U,128,57163,802,96203,4,uniform,0.0001,0.1,621696,3,,constant_weights,,15.236749053001404,0.173828125,0.0,False,False,1.875105857849121,1.8741360902786255,1.8463155031204224,0.05789018049836159,1.0,2.7114295959472656,0.08447265625,2.7696266174316406,0.064453125,1.8613191843032837,0.05835460498929024,1.0,2.737673044204712,0.0908203125,2.7879300117492676,0.0615234375,1.8593922853469849,0.05817922204732895,1.0,2.7331063747406006,0.0947265625,2.7868919372558594,0.0625
confirm-U-w128-d57163-s802-g04-uniform,confirm,U,128,57163,802,96203,4,uniform,0.0001,0.1,621696,5,,constant_weights,,38.99115693569183,0.126953125,0.0625,False,False,1.875105857849121,1.8741360902786255,1.7999200820922852,0.06842787563800812,1.0,2.5680365562438965,0.13525390625,2.763296365737915,0.0771484375,1.840930461883545,0.06956104934215546,1.0,2.647939920425415,0.1201171875,2.8052902221679688,0.0703125,1.839119791984558,0.06897533684968948,1.0,2.6466739177703857,0.123046875,2.801710367202759,0.05712890625
confirm-U-w128-d57163-s802-g04-uniform,confirm,U,128,57163,802,96203,4,uniform,0.0001,0.1,621696,10,,constant_weights,,109.91173028945923,0.044921875,0.53125,False,False,1.875105857849121,1.8741360902786255,1.6614034175872803,0.06052820384502411,1.0,2.1719913482666016,0.265625,2.7516911029815674,0.1025390625,1.7996271848678589,0.062188394367694855,1.0,2.507779598236084,0.1728515625,2.828913688659668,0.072265625,1.7910184860229492,0.0615742951631546,1.0,2.4871902465820312,0.1767578125,2.8242907524108887,0.064453125
confirm-U-w128-d57163-s802-g04-uniform,confirm,U,128,57163,802,96203,4,uniform,0.0001,0.1,621696,20,,constant_weights,,213.56872630119324,0.00390625,0.765625,False,False,1.875105857849121,1.8741360902786255,1.4589483737945557,0.05426449701189995,1.0,1.6442996263504028,0.486328125,2.678280830383301,0.13134765625,1.8606300354003906,0.05760496109724045,1.0,2.6492607593536377,0.173828125,2.8750240802764893,0.0654296875,1.847456455230713,0.057452648878097534,1.0,2.616238594055176,0.18017578125,2.868678331375122,0.0576171875
confirm-U-w128-d57163-s802-g04-uniform,confirm,U,128,57163,802,96203,4,uniform,0.0001,0.1,621696,30,,constant_weights,,336.08959209918976,0.0,0.84375,False,False,1.875105857849121,1.8741360902786255,1.2196497917175293,0.04456086829304695,1.0,1.1248925924301147,0.69287109375,2.4894959926605225,0.201171875,1.9826579093933105,0.048689015209674835,1.0,2.8710248470306396,0.1806640625,3.0282599925994873,0.0703125,1.9656834602355957,0.048032332211732864,1.0,2.832578182220459,0.17333984375,3.016439914703369,0.064453125
confirm-U-w128-d57163-s803-g04-random,confirm,U,128,57163,803,96203,4,random,0.0001,0.1,621696,0,,no_adaptation,,0.0,0.0,,False,False,1.8748297691345215,1.8737543821334839,1.8753162622451782,0.0595589280128479,1.0,2.7818992137908936,0.07080078125,2.7844913005828857,0.0546875,1.8748297691345215,0.05939950793981552,1.0,2.780583381652832,0.080078125,2.784506320953369,0.05859375,1.8737543821334839,0.0595475509762764,1.0,2.7786788940429688,0.0859375,2.783036470413208,0.06640625
confirm-U-w128-d57163-s803-g04-random,confirm,U,128,57163,803,96203,4,random,0.0001,0.1,621696,1,,nonpositive_total_gain,,-1.356188416481018,0.541015625,0.4375,False,False,1.8748297691345215,1.8737543821334839,1.8779650926589966,0.06289765983819962,1.0,2.7816238403320312,0.083984375,2.7893738746643066,0.06298828125,1.8792277574539185,0.06286546587944031,1.0,2.782594680786133,0.08203125,2.7922234535217285,0.04296875,1.8786097764968872,0.06292904913425446,1.0,2.7823550701141357,0.083984375,2.7905449867248535,0.0673828125
confirm-U-w128-d57163-s803-g04-random,confirm,U,128,57163,803,96203,4,random,0.0001,0.1,621696,3,1.0889843708800186,,0.0025296404262359117,5.421807885169983,0.416015625,0.6041666666666666,False,False,1.8748297691345215,1.8737543821334839,1.8647269010543823,0.05812549591064453,1.0,2.752354145050049,0.09326171875,2.7837014198303223,0.07470703125,1.8710875511169434,0.058215364813804626,1.0,2.761016607284546,0.0849609375,2.7940304279327393,0.0458984375,1.8701575994491577,0.05823355168104172,1.0,2.764869213104248,0.091796875,2.787370443344116,0.06103515625
confirm-U-w128-d57163-s803-g04-random,confirm,U,128,57163,803,96203,4,random,0.0001,0.1,621696,5,1.6859012097097166,,0.016579227247785863,11.632787466049194,0.439453125,0.7125,False,False,1.8748297691345215,1.8737543821334839,1.8525961637496948,0.07691314816474915,1.0,2.6889023780822754,0.1005859375,2.7919726371765137,0.0654296875,1.8756731748580933,0.07760687172412872,1.0,2.7296247482299805,0.095703125,2.8197877407073975,0.056640625,1.874448537826538,0.07738213986158371,1.0,2.7341713905334473,0.10205078125,2.81179141998291,0.06640625
confirm-U-w128-d57163-s803-g04-random,confirm,U,128,57163,803,96203,4,random,0.0001,0.1,621696,10,2.484187891404227,,0.11755998874503187,25.407448887825012,0.44140625,0.85625,False,False,1.8748297691345215,1.8737543821334839,1.8256926536560059,0.09823638945817947,1.0,2.543825149536133,0.171875,2.8350157737731934,0.08251953125,1.915593147277832,0.10284079611301422,1.0,2.71351957321167,0.1416015625,2.9304187297821045,0.0634765625,1.9124155044555664,0.10103577375411987,1.0,2.706643581390381,0.12890625,2.929567575454712,0.056640625
confirm-U-w128-d57163-s803-g04-random,confirm,U,128,57163,803,96203,4,random,0.0001,0.1,621696,20,5.450943572122014,,1.4572962409842667,32.390453934669495,0.513671875,0.928125,False,False,1.8748297691345215,1.8737543821334839,1.8120536804199219,0.08265112340450287,1.0,2.449187755584717,0.28271484375,2.9043221473693848,0.13525390625,2.0975260734558105,0.09069827198982239,0.9990234375,2.975316286087036,0.1474609375,3.2265641689300537,0.07421875,2.0989181995391846,0.086339570581913,1.0,2.9503977298736572,0.1376953125,3.2600176334381104,0.0625
confirm-U-w128-d57163-s803-g04-random,confirm,U,128,57163,803,96203,4,random,0.0001,0.1,621696,30,7.5306493605421165,,4.776493124834277,35.415275514125824,0.5625,0.9520833333333333,False,False,1.8748297691345215,1.8737543821334839,1.8061460256576538,0.0788530558347702,1.0,2.4066927433013916,0.33056640625,2.932892084121704,0.21435546875,2.3260138034820557,0.0920848399400711,0.9970703125,3.281808614730835,0.134765625,3.6041479110717773,0.068359375,2.3182711601257324,0.0852711945772171,0.99755859375,3.2056422233581543,0.13720703125,3.6638996601104736,0.05810546875
confirm-U-w128-d57163-s803-g04-uniform,confirm,U,128,57163,803,96203,4,uniform,0.0001,0.1,621696,0,,no_adaptation,,0.0,0.0,,False,False,1.8748297691345215,1.8737543821334839,1.8753162622451782,0.0595589280128479,1.0,2.7818992137908936,0.07080078125,2.7844913005828857,0.0546875,1.8748297691345215,0.05939950793981552,1.0,2.780583381652832,0.080078125,2.784506320953369,0.05859375,1.8737543821334839,0.0595475509762764,1.0,2.7786788940429688,0.0859375,2.783036470413208,0.06640625
confirm-U-w128-d57163-s803-g04-uniform,confirm,U,128,57163,803,96203,4,uniform,0.0001,0.1,621696,1,,constant_weights,,3.2989052534103394,0.34375,0.0,False,False,1.8748297691345215,1.8737543821334839,1.8688732385635376,0.058809712529182434,1.0,2.7689664363861084,0.07861328125,2.778843402862549,0.06201171875,1.8757706880569458,0.058830734342336655,1.0,2.776099681854248,0.0771484375,2.792381525039673,0.0576171875,1.8722954988479614,0.05887773633003235,1.0,2.774803638458252,0.08642578125,2.783205509185791,0.06591796875
confirm-U-w128-d57163-s803-g04-uniform,confirm,U,128,57163,803,96203,4,uniform,0.0001,0.1,621696,3,,constant_weights,,14.081251740455627,0.23046875,0.0,False,False,1.8748297691345215,1.8737543821334839,1.8478139638900757,0.054670460522174835,1.0,2.722324848175049,0.0849609375,2.766446590423584,0.06494140625,1.8663382530212402,0.054762523621320724,1.0,2.7512924671173096,0.0791015625,2.7929604053497314,0.0537109375,1.8638174533843994,0.05478576198220253,1.0,2.747742176055908,0.08544921875,2.788923740386963,0.05859375
confirm-U-w128-d57163-s803-g04-uniform,confirm,U,128,57163,803,96203,4,uniform,0.0001,0.1,621696,5,,constant_weights,,36.00745630264282,0.126953125,0.0375,False,False,1.8748297691345215,1.8737543821334839,1.8049893379211426,0.06530433893203735,1.0,2.592390537261963,0.11376953125,2.7572731971740723,0.07373046875,1.8488796949386597,0.06637091934680939,1.0,2.668210506439209,0.107421875,2.8120579719543457,0.0546875,1.8433483839035034,0.06599736213684082,1.0,2.666254758834839,0.10498046875,2.797793388366699,0.0595703125
confirm-U-w128-d57163-s803-g04-uniform,confirm,U,128,57163,803,96203,4,uniform,0.0001,0.1,621696,10,,constant_weights,,113.42408442497253,0.033203125,0.48125,False,False,1.8748297691345215,1.8737543821334839,1.653784990310669,0.06088100001215935,1.0,2.160992383956909,0.29931640625,2.739481210708618,0.10546875,1.8003523349761963,0.06185799464583397,1.0,2.4898924827575684,0.1708984375,2.849307060241699,0.06640625,1.8004255294799805,0.0618218369781971,1.0,2.5023417472839355,0.19287109375,2.8371129035949707,0.06005859375
confirm-U-w128-d57163-s803-g04-uniform,confirm,U,128,57163,803,96203,4,uniform,0.0001,0.1,621696,20,,constant_weights,,221.8230698108673,0.005859375,0.740625,False,False,1.8748297691345215,1.8737543821334839,1.4420682191848755,0.0500744953751564,1.0,1.6250832080841064,0.4873046875,2.6510467529296875,0.14013671875,1.8602714538574219,0.052340105175971985,1.0,2.6363978385925293,0.173828125,2.892076253890991,0.05859375,1.8608176708221436,0.0531269907951355,1.0,2.6454789638519287,0.17138671875,2.8838467597961426,0.052734375
confirm-U-w128-d57163-s803-g04-uniform,confirm,U,128,57163,803,96203,4,uniform,0.0001,0.1,621696,30,,constant_weights,,330.2971220612526,0.001953125,0.8270833333333333,False,False,1.8748297691345215,1.8737543821334839,1.2302048206329346,0.04284022003412247,1.0,1.145792007446289,0.689453125,2.5019822120666504,0.201171875,1.9709422588348389,0.05135326460003853,0.998046875,2.8593807220458984,0.1640625,3.0020923614501953,0.0576171875,1.9726547002792358,0.048134855926036835,0.9990234375,2.8684334754943848,0.1728515625,3.0013961791992188,0.05322265625
confirm-U-w256-d52919-s801-g04-random,confirm,U,256,52919,801,96201,4,random,0.0001,0.1,3212800,0,,no_adaptation,,0.0,0.0,,False,False,1.8544248342514038,1.8542027473449707,1.853879451751709,0.009882788173854351,1.0,2.776798725128174,0.052734375,2.774956464767456,0.07470703125,1.8544248342514038,0.00985474232584238,1.0,2.7760086059570312,0.0595703125,2.7774112224578857,0.0576171875,1.8542027473449707,0.009821122512221336,1.0,2.7766876220703125,0.05712890625,2.77609920501709,0.0615234375
confirm-U-w256-d52919-s801-g04-random,confirm,U,256,52919,801,96201,4,random,0.0001,0.1,3212800,1,,nonpositive_total_gain,,-8.014244556427002,0.6171875,0.9375,False,False,1.8544248342514038,1.8542027473449707,1.8695321083068848,0.01450730673968792,1.0,2.8072304725646973,0.06201171875,2.786858558654785,0.0712890625,1.87446928024292,0.014539512805640697,1.0,2.8070292472839355,0.0556640625,2.8018391132354736,0.0634765625,1.877380609512329,0.014607997611165047,1.0,2.810120105743408,0.0654296875,2.8074140548706055,0.060546875
confirm-U-w256-d52919-s801-g04-random,confirm,U,256,52919,801,96201,4,random,0.0001,0.1,3212800,3,5.893717617099069,,2.9270725019135777,1.0636272430419922,0.48828125,0.8333333333333334,False,False,1.8544248342514038,1.8542027473449707,1.851801872253418,0.011870494112372398,1.0,2.7707300186157227,0.09814453125,2.7728052139282227,0.0859375,1.8610116243362427,0.01194574311375618,1.0,2.782397985458374,0.0771484375,2.788691520690918,0.0849609375,1.8623721599578857,0.012069975025951862,1.0,2.7824363708496094,0.08642578125,2.792609691619873,0.06201171875
confirm-U-w256-d52919-s801-g04-random,confirm,U,256,52919,801,96201,4,random,0.0001,0.1,3212800,5,1.7876811346448265,,0.02190399210903335,11.658156633377075,0.41015625,0.85,False,False,1.8544248342514038,1.8542027473449707,1.8311095237731934,0.02252751775085926,1.0,2.6940715312957764,0.091796875,2.7767295837402344,0.0888671875,1.8698163032531738,0.022717615589499474,1.0,2.7457523345947266,0.08203125,2.8409786224365234,0.0634765625,1.8639047145843506,0.022524448111653328,1.0,2.726104259490967,0.08447265625,2.843085765838623,0.060546875
confirm-U-w256-d52919-s801-g04-random,confirm,U,256,52919,801,96201,4,random,0.0001,0.1,3212800,10,5.062937723534949,,1.168197320362576,30.831430673599243,0.490234375,0.91875,False,False,1.8544248342514038,1.8542027473449707,1.7936617136001587,0.040888652205467224,1.0,2.4445316791534424,0.24462890625,2.8955650329589844,0.12890625,2.078598737716675,0.04392152279615402,0.998046875,2.9096620082855225,0.146484375,3.282212734222412,0.064453125,2.0562961101531982,0.04446946084499359,0.99951171875,2.8444719314575195,0.1552734375,3.279947280883789,0.05224609375
confirm-U-w256-d52919-s801-g04-random,confirm,U,256,52919,801,96201,4,random,0.0001,0.1,3212800,20,3.366000426037728,,1.147741334430032,90.63798493146896,0.509765625,0.959375,False,False,1.8544248342514038,1.8542027473449707,1.6768519878387451,0.03345566242933273,0.9990234375,2.1449146270751953,0.44580078125,2.8521862030029297,0.296875,2.5868921279907227,0.0411260724067688,0.9970703125,3.5089497566223145,0.13671875,4.210600852966309,0.0634765625,2.5952343940734863,0.036606647074222565,0.998046875,3.4639267921447754,0.1591796875,4.2851691246032715,0.0498046875
confirm-U-w256-d52919-s801-g04-random,confirm,U,256,52919,801,96201,4,random,0.0001,0.1,3212800,30,1.1698467339822654,,0.09386437036226987,267.4567118883133,0.408203125,0.9729166666666667,False,False,1.8544248342514038,1.8542027473449707,1.3315030336380005,0.020951557904481888,0.9990234375,1.668041706085205,0.591796875,2.3055155277252197,0.4736328125,2.7837157249450684,0.027355648577213287,0.9970703125,3.7005887031555176,0.1767578125,4.623202800750732,0.0634765625,2.8279871940612793,0.024823451414704323,0.99853515625,3.7394564151763916,0.166015625,4.719681739807129,0.060546875
confirm-U-w256-d52919-s801-g04-uniform,confirm,U,256,52919,801,96201,4,uniform,0.0001,0.1,3212800,0,,no_adaptation,,0.0,0.0,,False,False,1.8544248342514038,1.8542027473449707,1.853879451751709,0.009882788173854351,1.0,2.776798725128174,0.052734375,2.774956464767456,0.07470703125,1.8544248342514038,0.00985474232584238,1.0,2.7760086059570312,0.0595703125,2.7774112224578857,0.0576171875,1.8542027473449707,0.009821122512221336,1.0,2.7766876220703125,0.05712890625,2.77609920501709,0.0615234375
confirm-U-w256-d52919-s801-g04-uniform,confirm,U,256,52919,801,96201,4,uniform,0.0001,0.1,3212800,1,,constant_weights,,-0.5702570676803589,0.478515625,0.1875,False,False,1.8544248342514038,1.8542027473449707,1.854993224143982,0.011204034090042114,1.0,2.77738618850708,0.07666015625,2.7763893604278564,0.08447265625,1.8592472076416016,0.011201636865735054,1.0,2.7816717624664307,0.060546875,2.784867763519287,0.06640625,1.8590567111968994,0.011181770823895931,1.0,2.7801027297973633,0.07568359375,2.7858855724334717,0.05908203125
confirm-U-w256-d52919-s801-g04-uniform,confirm,U,256,52919,801,96201,4,uniform,0.0001,0.1,3212800,3,,constant_weights,,17.019896745681763,0.29296875,0.125,False,False,1.8544248342514038,1.8542027473449707,1.8206373453140259,0.012652979232370853,1.0,2.6929502487182617,0.0732421875,2.7563090324401855,0.083984375,1.8453028202056885,0.012802118435502052,1.0,2.7211246490478516,0.07421875,2.8019819259643555,0.056640625,1.8458517789840698,0.012765802443027496,1.0,2.723727226257324,0.07080078125,2.8010621070861816,0.05615234375
confirm-U-w256-d52919-s801-g04-uniform,confirm,U,256,52919,801,96201,4,uniform,0.0001,0.1,3212800,5,,constant_weights,,73.14477133750916,0.12109375,0.3125,False,False,1.8544248342514038,1.8542027473449707,1.7110183238983154,0.03261542320251465,1.0,2.361934185028076,0.19189453125,2.7385056018829346,0.0947265625,1.809499979019165,0.03313351422548294,1.0,2.561537504196167,0.1103515625,2.833828926086426,0.0576171875,1.8082815408706665,0.03390469402074814,1.0,2.5545098781585693,0.11279296875,2.836430072784424,0.0576171875
confirm-U-w256-d52919-s801-g04-uniform,confirm,U,256,52919,801,96201,4,uniform,0.0001,0.1,3212800,10,,constant_weights,,198.81680822372437,0.013671875,0.65625,False,False,1.8544248342514038,1.8542027473449707,1.4655653238296509,0.02241615392267704,1.0,1.691359519958496,0.4609375,2.682920455932617,0.1171875,1.7764627933502197,0.02534474991261959,1.0,2.47403883934021,0.1982421875,2.830004930496216,0.068359375,1.787589430809021,0.025680726394057274,0.99951171875,2.4869096279144287,0.18994140625,2.850177526473999,0.06591796875
confirm-U-w256-d52919-s801-g04-uniform,confirm,U,256,52919,801,96201,4,uniform,0.0001,0.1,3212800,20,,constant_weights,,533.7058934569359,0.0,0.828125,False,False,1.8544248342514038,1.8542027473449707,0.8114849925041199,0.021014045923948288,1.0,0.2845712900161743,0.9541015625,2.1288697719573975,0.32177734375,1.9241026639938354,0.028941478580236435,0.998046875,2.3730111122131348,0.345703125,3.3703556060791016,0.07421875,1.923715353012085,0.027867332100868225,0.99951171875,2.3023648262023926,0.37109375,3.440913677215576,0.0546875
confirm-U-w256-d52919-s801-g04-uniform,confirm,U,256,52919,801,96201,4,uniform,0.0001,0.1,3212800,30,,constant_weights,,831.2807309627533,0.0,0.8854166666666666,False,False,1.8544248342514038,1.8542027473449707,0.23028415441513062,0.015161553397774696,1.0,0.07672706991434097,0.998046875,0.5989638566970825,0.85205078125,2.2366838455200195,0.029989711940288544,0.9970703125,2.1774990558624268,0.4306640625,4.502562522888184,0.0751953125,2.2700304985046387,0.026088016107678413,0.9970703125,2.192089557647705,0.43310546875,4.591914176940918,0.064453125
confirm-U-w256-d52919-s802-g04-random,confirm,U,256,52919,802,96201,4,random,0.0001,0.1,3212800,0,,no_adaptation,,0.0,0.0,,False,False,1.8544453382492065,1.854282021522522,1.8538628816604614,0.009347992017865181,1.0,2.7769322395324707,0.052734375,2.775308609008789,0.07470703125,1.8544453382492065,0.009366514161229134,1.0,2.7769064903259277,0.0595703125,2.7770633697509766,0.0576171875,1.854282021522522,0.009389178827404976,1.0,2.7765088081359863,0.05712890625,2.7769479751586914,0.0615234375
confirm-U-w256-d52919-s802-g04-random,confirm,U,256,52919,802,96201,4,random,0.0001,0.1,3212800,1,,nonpositive_total_gain,,-1.8693442344665527,0.513671875,0.875,False,False,1.8544453382492065,1.854282021522522,1.8575137853622437,0.011743142269551754,1.0,2.7770566940307617,0.07470703125,2.7837417125701904,0.0546875,1.8624086380004883,0.01158929243683815,1.0,2.7903473377227783,0.0615234375,2.7852892875671387,0.0634765625,1.8641529083251953,0.011605925858020782,1.0,2.790090322494507,0.068359375,2.790762424468994,0.05810546875
confirm-U-w256-d52919-s802-g04-random,confirm,U,256,52919,802,96201,4,random,0.0001,0.1,3212800,3,1.1897711867432186,,0.0015822367984182632,4.530779838562012,0.443359375,0.7916666666666666,False,False,1.8544453382492065,1.854282021522522,1.8450137376785278,0.011031360365450382,1.0,2.752262592315674,0.10302734375,2.771746873855591,0.0791015625,1.8589880466461182,0.01117412094026804,1.0,2.77559494972229,0.08203125,2.7901954650878906,0.0537109375,1.858476161956787,0.011166691780090332,1.0,2.7741928100585938,0.083984375,2.7900688648223877,0.0634765625
confirm-U-w256-d52919-s802-g04-random,confirm,U,256,52919,802,96201,4,random,0.0001,0.1,3212800,5,1.0521013180401866,,0.0003898758879783891,22.456887364387512,0.365234375,0.8,False,False,1.8544453382492065,1.854282021522522,1.8100016117095947,0.03292299062013626,1.0,2.6373798847198486,0.1005859375,2.759702205657959,0.08837890625,1.8682546615600586,0.03514562547206879,1.0,2.7267861366271973,0.099609375,2.842832326889038,0.052734375,1.8622815608978271,0.03499472513794899,1.0,2.7150075435638428,0.083984375,2.8368420600891113,0.0576171875
confirm-U-w256-d52919-s802-g04-random,confirm,U,256,52919,802,96201,4,random,0.0001,0.1,3212800,10,8.0,,3.0656228497472156,25.26548743247986,0.5078125,0.9,False,True,1.8544453382492065,1.854282021522522,1.804516315460205,0.05431387573480606,0.99853515625,2.487943649291992,0.25537109375,2.871290922164917,0.1357421875,2.0936403274536133,0.06025245785713196,0.998046875,2.969618320465088,0.1513671875,3.2510504722595215,0.0615234375,2.121809959411621,0.062689870595932,0.99853515625,3.023381471633911,0.138671875,3.27935791015625,0.05859375
confirm-U-w256-d52919-s802-g04-random,confirm,U,256,52919,802,96201,4,random,0.0001,0.1,3212800,20,3.406395073113781,,0.739115588844436,109.37543004751205,0.478515625,0.95,False,False,1.8544453382492065,1.854282021522522,1.640238881111145,0.028745653107762337,0.9990234375,2.1643993854522705,0.458984375,2.727571964263916,0.32373046875,2.557527542114258,0.035635173320770264,0.998046875,3.5235800743103027,0.1474609375,4.113367080688477,0.0517578125,2.5956242084503174,0.03960258513689041,0.99609375,3.543036937713623,0.150390625,4.204232692718506,0.0595703125
confirm-U-w256-d52919-s802-g04-random,confirm,U,256,52919,802,96201,4,random,0.0001,0.1,3212800,30,1.1178727414254221,,0.07665060025845752,296.3640651702881,0.365234375,0.9666666666666667,False,False,1.8544453382492065,1.854282021522522,1.275026798248291,0.01881834678351879,0.99853515625,1.6369160413742065,0.609375,2.1693458557128906,0.5234375,2.802873373031616,0.02559882402420044,0.99609375,3.683584213256836,0.16796875,4.699437618255615,0.06640625,2.836967706680298,0.03341742977499962,0.99462890625,3.7486605644226074,0.16748046875,4.728824615478516,0.05810546875
confirm-U-w256-d52919-s802-g04-uniform,confirm,U,256,52919,802,96201,4,uniform,0.0001,0.1,3212800,0,,no_adaptation,,0.0,0.0,,False,False,1.8544453382492065,1.854282021522522,1.8538628816604614,0.009347992017865181,1.0,2.7769322395324707,0.052734375,2.775308609008789,0.07470703125,1.8544453382492065,0.009366514161229134,1.0,2.7769064903259277,0.0595703125,2.7770633697509766,0.0576171875,1.854282021522522,0.009389178827404976,1.0,2.7765088081359863,0.05712890625,2.7769479751586914,0.0615234375
confirm-U-w256-d52919-s802-g04-uniform,confirm,U,256,52919,802,96201,4,uniform,0.0001,0.1,3212800,1,,constant_weights,,-0.6415455341339111,0.544921875,0.25,False,False,1.8544453382492065,1.854282021522522,1.8551158905029297,0.010969465598464012,1.0,2.7754552364349365,0.095703125,2.7789230346679688,0.06787109375,1.8599885702133179,0.010965114459395409,1.0,2.7814204692840576,0.08984375,2.7875800132751465,0.0556640625,1.860190987586975,0.011022943072021008,1.0,2.783107042312622,0.0947265625,2.7864432334899902,0.07275390625
confirm-U-w256-d52919-s802-g04-uniform,confirm,U,256,52919,802,96201,4,uniform,0.0001,0.1,3212800,3,,constant_weights,,10.56873607635498,0.328125,0.14583333333333334,False,False,1.8544453382492065,1.854282021522522,1.8332208395004272,0.01074160821735859,1.0,2.7277231216430664,0.11474609375,2.761197566986084,0.083984375,1.8530579805374146,0.010871395468711853,1.0,2.764404058456421,0.107421875,2.7838988304138184,0.0517578125,1.8532824516296387,0.010849004611372948,1.0,2.7597765922546387,0.09326171875,2.789222240447998,0.06298828125
confirm-U-w256-d52919-s802-g04-uniform,confirm,U,256,52919,802,96201,4,uniform,0.0001,0.1,3212800,5,,constant_weights,,64.9323980808258,0.107421875,0.2875,False,False,1.8544453382492065,1.854282021522522,1.7270418405532837,0.03160719946026802,1.0,2.407656192779541,0.169921875,2.7418620586395264,0.09228515625,1.8128798007965088,0.033907562494277954,1.0,2.5823819637298584,0.1328125,2.82235050201416,0.060546875,1.8105682134628296,0.03333450108766556,1.0,2.575432300567627,0.11279296875,2.8229379653930664,0.064453125
confirm-U-w256-d52919-s802-g04-uniform,confirm,U,256,52919,802,96201,4,uniform,0.0001,0.1,3212800,10,,constant_weights,,199.87754219770432,0.013671875,0.64375,False,False,1.8544453382492065,1.854282021522522,1.4634771347045898,0.0203835591673851,1.0,1.706118106842041,0.4345703125,2.6639292240142822,0.1259765625,1.8275465965270996,0.022282002493739128,1.0,2.6045117378234863,0.18359375,2.8558459281921387,0.06640625,1.8220951557159424,0.02160557545721531,1.0,2.567765712738037,0.1962890625,2.8769145011901855,0.05224609375
confirm-U-w256-d52919-s802-g04-uniform,confirm,U,256,52919,802,96201,4,uniform,0.0001,0.1,3212800,20,,constant_weights,,546.2248648405075,0.0,0.821875,False,False,1.8544453382492065,1.854282021522522,0.7870173454284668,0.017864074558019638,1.0,0.33331456780433655,0.9580078125,2.009873867034912,0.36474609375,1.9864630699157715,0.02427809312939644,0.998046875,2.5759472846984863,0.291015625,3.359163761138916,0.0615234375,1.9916092157363892,0.02312628924846649,0.9990234375,2.5548946857452393,0.30810546875,3.396806478500366,0.0517578125
confirm-U-w256-d52919-s802-g04-uniform,confirm,U,256,52919,802,96201,4,uniform,0.0001,0.1,3212800,30,,constant_weights,,840.0661374330521,0.0,0.88125,False,False,1.8544453382492065,1.854282021522522,0.21310868859291077,0.013260295614600182,1.0,0.0836852639913559,0.9951171875,0.5423804521560669,0.869140625,2.4068491458892822,0.028651172295212746,0.99609375,2.599518299102783,0.34375,4.59237813949585,0.056640625,2.4507906436920166,0.02389451116323471,0.9970703125,2.5990705490112305,0.3564453125,4.729406833648682,0.05419921875
confirm-U-w256-d52919-s803-g04-random,confirm,U,256,52919,803,96201,4,random,0.0001,0.1,3212800,0,,no_adaptation,,0.0,0.0,,False,False,1.8543678522109985,1.8545126914978027,1.8539369106292725,0.009162385016679764,1.0,2.777402877807617,0.052734375,2.775245189666748,0.07470703125,1.8543678522109985,0.00924980454146862,1.0,2.776132822036743,0.0595703125,2.7777209281921387,0.0576171875,1.8545126914978027,0.009229116141796112,1.0,2.7776355743408203,0.05712890625,2.7766733169555664,0.0615234375
confirm-U-w256-d52919-s803-g04-random,confirm,U,256,52919,803,96201,4,random,0.0001,0.1,3212800,1,,nonpositive_total_gain,,-4.1432085037231445,0.587890625,0.75,False,False,1.8543678522109985,1.8545126914978027,1.8620290756225586,0.012931682169437408,1.0,2.7828240394592285,0.07177734375,2.7903316020965576,0.052734375,1.8639856576919556,0.01292240247130394,1.0,2.792463779449463,0.0576171875,2.7865707874298096,0.064453125,1.8665425777435303,0.013025770895183086,1.0,2.7904415130615234,0.064453125,2.7961606979370117,0.05859375
confirm-U-w256-d52919-s803-g04-random,confirm,U,256,52919,803,96201,4,random,0.0001,0.1,3212800,3,4.11388602134129,,0.25242741859410317,2.280874729156494,0.443359375,0.8125,False,False,1.8543678522109985,1.8545126914978027,1.8494819402694702,0.014339867979288101,1.0,2.7570512294769287,0.0810546875,2.777054786682129,0.076171875,1.8592748641967773,0.014305004850029945,1.0,2.778319835662842,0.078125,2.7851996421813965,0.068359375,1.859683871269226,0.014421897009015083,1.0,2.772416114807129,0.06982421875,2.7922141551971436,0.06298828125
confirm-U-w256-d52919-s803-g04-random,confirm,U,256,52919,803,96201,4,random,0.0001,0.1,3212800,5,2.1497094311687674,,0.04045300426232871,17.662944555282593,0.4296875,0.85,False,False,1.8543678522109985,1.8545126914978027,1.8194386959075928,0.04285573214292526,1.0,2.6450796127319336,0.095703125,2.770380973815918,0.09033203125,1.8832049369812012,0.044684991240501404,1.0,2.745483160018921,0.08203125,2.8594470024108887,0.0615234375,1.8744466304779053,0.04444313794374466,1.0,2.7241642475128174,0.0791015625,2.8547325134277344,0.060546875
confirm-U-w256-d52919-s803-g04-random,confirm,U,256,52919,803,96201,4,random,0.0001,0.1,3212800,10,3.7655991509535895,,0.4266229295107225,44.79195421934128,0.482421875,0.925,False,False,1.8543678522109985,1.8545126914978027,1.766452431678772,0.04691015183925629,0.9990234375,2.4181151390075684,0.26025390625,2.834332227706909,0.1357421875,2.025225877761841,0.04678823798894882,1.0,2.8964388370513916,0.1552734375,3.132450819015503,0.068359375,2.0373570919036865,0.05171551555395126,0.99853515625,2.8942625522613525,0.13671875,3.166093587875366,0.064453125
confirm-U-w256-d52919-s803-g04-random,confirm,U,256,52919,803,96201,4,random,0.0001,0.1,3212800,20,2.776873452253783,,0.5541623201034364,117.55043315887451,0.494140625,0.9625,False,False,1.8543678522109985,1.8545126914978027,1.6243460178375244,0.03720244765281677,0.99853515625,2.1232340335845947,0.45263671875,2.712602138519287,0.314453125,2.504563808441162,0.04999233037233353,0.9951171875,3.4629249572753906,0.1396484375,4.000774383544922,0.060546875,2.499157428741455,0.05717704817652702,0.9912109375,3.423600435256958,0.15625,4.016695022583008,0.0810546875
confirm-U-w256-d52919-s803-g04-random,confirm,U,256,52919,803,96201,4,random,0.0001,0.1,3212800,30,1.1235623886205106,,0.07656618623344547,280.2256242632866,0.396484375,0.975,False,False,1.8543678522109985,1.8545126914978027,1.3066211938858032,0.018903184682130814,0.99853515625,1.6430516242980957,0.5966796875,2.257908821105957,0.47607421875,2.799063205718994,0.03127389773726463,0.994140625,3.692352771759033,0.177734375,4.673563003540039,0.0615234375,2.785447835922241,0.03585232421755791,0.9931640625,3.645495891571045,0.18603515625,4.674994468688965,0.06787109375
confirm-U-w256-d52919-s803-g04-uniform,confirm,U,256,52919,803,96201,4,uniform,0.0001,0.1,3212800,0,,no_adaptation,,0.0,0.0,,False,False,1.8543678522109985,1.8545126914978027,1.8539369106292725,0.009162385016679764,1.0,2.777402877807617,0.052734375,2.775245189666748,0.07470703125,1.8543678522109985,0.00924980454146862,1.0,2.776132822036743,0.0595703125,2.7777209281921387,0.0576171875,1.8545126914978027,0.009229116141796112,1.0,2.7776355743408203,0.05712890625,2.7766733169555664,0.0615234375
confirm-U-w256-d52919-s803-g04-uniform,confirm,U,256,52919,803,96201,4,uniform,0.0001,0.1,3212800,1,,constant_weights,,-0.7052755355834961,0.50390625,0.1875,False,False,1.8543678522109985,1.8545126914978027,1.8553143739700317,0.01214967854321003,1.0,2.773958921432495,0.0673828125,2.779834270477295,0.06640625,1.8600125312805176,0.01218329556286335,1.0,2.7795886993408203,0.0693359375,2.7882657051086426,0.05859375,1.8594666719436646,0.012176036834716797,1.0,2.7798194885253906,0.05810546875,2.7864038944244385,0.06201171875
confirm-U-w256-d52919-s803-g04-uniform,confirm,U,256,52919,803,96201,4,uniform,0.0001,0.1,3212800,3,,constant_weights,,15.84800934791565,0.2109375,0.125,False,False,1.8543678522109985,1.8545126914978027,1.8229835033416748,0.012388794682919979,1.0,2.706467866897583,0.06982421875,2.750093936920166,0.0947265625,1.843989610671997,0.01249234564602375,1.0,2.7328314781188965,0.0625,2.78664493560791,0.060546875,1.8431328535079956,0.012544853612780571,1.0,2.7275452613830566,0.0654296875,2.789308547973633,0.0634765625
confirm-U-w256-d52919-s803-g04-uniform,confirm,U,256,52919,803,96201,4,uniform,0.0001,0.1,3212800,5,,constant_weights,,63.98285889625549,0.15234375,0.375,False,False,1.8543678522109985,1.8545126914978027,1.7289704084396362,0.03216538205742836,1.0,2.4100632667541504,0.20458984375,2.7446823120117188,0.0908203125,1.8124984502792358,0.03330858796834946,1.0,2.562310218811035,0.1474609375,2.84187650680542,0.060546875,1.8147755861282349,0.03336280956864357,1.0,2.5749144554138184,0.14111328125,2.8360495567321777,0.064453125
confirm-U-w256-d52919-s803-g04-uniform,confirm,U,256,52919,803,96201,4,uniform,0.0001,0.1,3212800,10,,constant_weights,,201.5722364783287,0.021484375,0.6875,False,False,1.8543678522109985,1.8545126914978027,1.4602410793304443,0.023016639053821564,1.0,1.696937084197998,0.4326171875,2.660769462585449,0.12451171875,1.8459800481796265,0.0246749147772789,1.0,2.6435747146606445,0.1767578125,2.869690418243408,0.0546875,1.843341588973999,0.02506275661289692,1.0,2.621419906616211,0.189453125,2.883542060852051,0.06298828125
confirm-U-w256-d52919-s803-g04-uniform,confirm,U,256,52919,803,96201,4,uniform,0.0001,0.1,3212800,20,,constant_weights,,566.8060128688812,0.0,0.84375,False,False,1.8543678522109985,1.8545126914978027,0.7468938231468201,0.018759436905384064,1.0,0.3002612590789795,0.94921875,1.9216607809066772,0.39892578125,1.9708877801895142,0.022065388038754463,1.0,2.3986563682556152,0.3544921875,3.491941452026367,0.052734375,1.9819397926330566,0.024051135405898094,0.99853515625,2.4310219287872314,0.345703125,3.490746021270752,0.0546875
confirm-U-w256-d52919-s803-g04-uniform,confirm,U,256,52919,803,96201,4,uniform,0.0001,0.1,3212800,30,,constant_weights,,855.9679328203201,0.0,0.8958333333333334,False,False,1.8543678522109985,1.8545126914978027,0.18212445080280304,0.013203982263803482,1.0,0.07634221762418747,0.99853515625,0.45682719349861145,0.89697265625,2.35829496383667,0.01770182140171528,0.9990234375,2.3188250064849854,0.39453125,4.738358497619629,0.0498046875,2.3620476722717285,0.02013017050921917,0.99755859375,2.364264488220215,0.3984375,4.701748371124268,0.060546875
confirm-U-w256-d55049-s801-g04-random,confirm,U,256,55049,801,96202,4,random,0.0001,0.1,3212800,0,,no_adaptation,,0.0,0.0,,False,False,1.8542636632919312,1.8541295528411865,1.8538199663162231,0.009613384492695332,1.0,2.774871587753296,0.0771484375,2.776974678039551,0.05859375,1.8542636632919312,0.009652580134570599,1.0,2.7754461765289307,0.0751953125,2.7776923179626465,0.0556640625,1.8541295528411865,0.009683281183242798,1.0,2.776494264602661,0.06884765625,2.7762105464935303,0.06298828125
confirm-U-w256-d55049-s801-g04-random,confirm,U,256,55049,801,96202,4,random,0.0001,0.1,3212800,1,,nonpositive_total_gain,,-5.426101326942444,0.5859375,0.75,False,False,1.8542636632919312,1.8541295528411865,1.8644176721572876,0.0145439263433218,1.0,2.792346715927124,0.06103515625,2.786362409591675,0.0751953125,1.8729478120803833,0.014784620143473148,1.0,2.803790330886841,0.0673828125,2.8002686500549316,0.0537109375,1.8729921579360962,0.014635959640145302,1.0,2.79695463180542,0.0615234375,2.8073859214782715,0.0546875
confirm-U-w256-d55049-s801-g04-random,confirm,U,256,55049,801,96202,4,random,0.0001,0.1,3212800,3,8.0,,81.92815460795103,0.370724081993103,0.5234375,0.7708333333333334,False,True,1.8542636632919312,1.8541295528411865,1.8530957698822021,0.014077240601181984,1.0,2.75838565826416,0.08251953125,2.7868242263793945,0.06982421875,1.8668338060379028,0.014159421436488628,1.0,2.7823526859283447,0.0732421875,2.8039889335632324,0.064453125,1.8674533367156982,0.014003544114530087,1.0,2.779329299926758,0.0751953125,2.8090271949768066,0.05517578125
confirm-U-w256-d55049-s801-g04-random,confirm,U,256,55049,801,96202,4,random,0.0001,0.1,3212800,5,2.3675155329766637,,0.038805202208099826,14.415906310081482,0.462890625,0.7875,False,False,1.8542636632919312,1.8541295528411865,1.825663685798645,0.03951340541243553,1.0,2.641223669052124,0.138671875,2.7962546348571777,0.07275390625,1.8737956285476685,0.04110109806060791,1.0,2.735921859741211,0.115234375,2.8443641662597656,0.056640625,1.8767030239105225,0.03978407010436058,1.0,2.7512989044189453,0.09912109375,2.8390259742736816,0.0654296875
confirm-U-w256-d55049-s801-g04-random,confirm,U,256,55049,801,96202,4,random,0.0001,0.1,3212800,10,4.298228748003265,,0.5784368828612567,33.564209282398224,0.474609375,0.89375,False,False,1.8542636632919312,1.8541295528411865,1.7882646322250366,0.03947414457798004,0.99951171875,2.4904189109802246,0.23974609375,2.8349010944366455,0.11865234375,2.0142743587493896,0.04169854521751404,0.9990234375,2.9249348640441895,0.1171875,3.07619047164917,0.0576171875,2.0126900672912598,0.04255574941635132,0.99853515625,2.898777723312378,0.13232421875,3.0967366695404053,0.05615234375
confirm-U-w256-d55049-s801-g04-random,confirm,U,256,55049,801,96202,4,random,0.0001,0.1,3212800,20,4.043041745466983,,1.6948044265533186,74.0927364230156,0.5234375,0.946875,False,False,1.8542636632919312,1.8541295528411865,1.7091073989868164,0.027182038873434067,0.99951171875,2.3236727714538574,0.40234375,2.7764675617218018,0.27587890625,2.491726875305176,0.0321829728782177,0.9970703125,3.5443780422210693,0.1484375,3.898620128631592,0.0546875,2.4961087703704834,0.03301098197698593,0.998046875,3.52250075340271,0.11865234375,3.932814598083496,0.05615234375
confirm-U-w256-d55049-s801-g04-random,confirm,U,256,55049,801,96202,4,random,0.0001,0.1,3212800,30,1.305195773763422,,0.14473147749292917,246.3916597366333,0.416015625,0.9645833333333333,False,False,1.8542636632919312,1.8541295528411865,1.3725861310958862,0.019887376576662064,0.9990234375,1.8322234153747559,0.564453125,2.2656478881835938,0.47607421875,2.8084094524383545,0.025258347392082214,0.9970703125,3.8378007411956787,0.150390625,4.562169551849365,0.048828125,2.8167200088500977,0.02435028925538063,0.998046875,3.779715061187744,0.15283203125,4.646094799041748,0.0576171875
confirm-U-w256-d55049-s801-g04-uniform,confirm,U,256,55049,801,96202,4,uniform,0.0001,0.1,3212800,0,,no_adaptation,,0.0,0.0,,False,False,1.8542636632919312,1.8541295528411865,1.8538199663162231,0.009613384492695332,1.0,2.774871587753296,0.0771484375,2.776974678039551,0.05859375,1.8542636632919312,0.009652580134570599,1.0,2.7754461765289307,0.0751953125,2.7776923179626465,0.0556640625,1.8541295528411865,0.009683281183242798,1.0,2.776494264602661,0.06884765625,2.7762105464935303,0.06298828125
confirm-U-w256-d55049-s801-g04-uniform,confirm,U,256,55049,801,96202,4,uniform,0.0001,0.1,3212800,1,,constant_weights,,-0.7702603340148926,0.5234375,0.125,False,False,1.8542636632919312,1.8541295528411865,1.8553242683410645,0.012343227863311768,1.0,2.7725164890289307,0.0771484375,2.781113386154175,0.06640625,1.8577957153320312,0.012502240017056465,1.0,2.7855677604675293,0.0556640625,2.7753171920776367,0.0859375,1.8591811656951904,0.012290170416235924,1.0,2.778442859649658,0.0712890625,2.7868101596832275,0.06689453125
confirm-U-w256-d55049-s801-g04-uniform,confirm,U,256,55049,801,96202,4,uniform,0.0001,0.1,3212800,3,,constant_weights,,16.28437912464142,0.248046875,0.125,False,False,1.8542636632919312,1.8541295528411865,1.822014331817627,0.017200317233800888,1.0,2.686803102493286,0.10498046875,2.7620396614074707,0.07421875,1.8453340530395508,0.017313696444034576,1.0,2.724020481109619,0.087890625,2.794667959213257,0.0693359375,1.84624183177948,0.0174387376755476,1.0,2.7338814735412598,0.08447265625,2.7874059677124023,0.0615234375
confirm-U-w256-d55049-s801-g04-uniform,confirm,U,256,55049,801,96202,4,uniform,0.0001,0.1,3212800,5,,constant_weights,,61.29620933532715,0.142578125,0.275,False,False,1.8542636632919312,1.8541295528411865,1.7341008186340332,0.02672985941171646,1.0,2.423645257949829,0.16748046875,2.751926898956299,0.0810546875,1.809067964553833,0.02786976471543312,1.0,2.5912880897521973,0.1396484375,2.8080461025238037,0.0693359375,1.8207383155822754,0.027594422921538353,1.0,2.622926712036133,0.1181640625,2.8116939067840576,0.0615234375
confirm-U-w256-d55049-s801-g04-uniform,confirm,U,256,55049,801,96202,4,uniform,0.0001,0.1,3212800,10,,constant_weights,,169.59071564674377,0.025390625,0.6375,False,False,1.8542636632919312,1.8541295528411865,1.5225878953933716,0.029305649921298027,1.0,1.8406767845153809,0.37890625,2.697781562805176,0.12109375,1.800223708152771,0.029458986595273018,1.0,2.5436935424804688,0.1806640625,2.827518939971924,0.0703125,1.8150981664657593,0.030741048976778984,1.0,2.577493190765381,0.1865234375,2.83705997467041,0.07080078125
confirm-U-w256-d55049-s801-g04-uniform,confirm,U,256,55049,801,96202,4,uniform,0.0001,0.1,3212800,20,,constant_weights,,518.2895865440369,0.0,0.81875,False,False,1.8542636632919312,1.8541295528411865,0.8415355682373047,0.019788136705756187,1.0,0.3410665988922119,0.9404296875,2.1637518405914307,0.32373046875,1.8393546342849731,0.026412252336740494,0.998046875,2.3189139366149902,0.359375,3.1727378368377686,0.078125,1.888556718826294,0.02534685656428337,0.998046875,2.360607862472534,0.34716796875,3.2797155380249023,0.06298828125
confirm-U-w256-d55049-s801-g04-uniform,confirm,U,256,55049,801,96202,4,uniform,0.0001,0.1,3212800,30,,constant_weights,,828.0330499410629,0.0,0.8791666666666667,False,False,1.8542636632919312,1.8541295528411865,0.23656779527664185,0.015509014017879963,1.0,0.08869993686676025,0.99755859375,0.605494499206543,0.84033203125,2.221360445022583,0.027626559138298035,0.998046875,2.0403151512145996,0.455078125,4.596139907836914,0.0673828125,2.2714972496032715,0.024011006578803062,0.9990234375,2.09079647064209,0.44775390625,4.699684143066406,0.056640625
confirm-U-w256-d55049-s802-g04-random,confirm,U,256,55049,802,96202,4,random,0.0001,0.1,3212800,0,,no_adaptation,,0.0,0.0,,False,False,1.8541618585586548,1.8539103269577026,1.8540419340133667,0.009440352208912373,1.0,2.775233745574951,0.0771484375,2.777451515197754,0.05859375,1.8541618585586548,0.009468775242567062,1.0,2.775287628173828,0.0751953125,2.777729034423828,0.0556640625,1.8539103269577026,0.009443458169698715,1.0,2.775989055633545,0.06884765625,2.7762982845306396,0.06298828125
confirm-U-w256-d55049-s802-g04-random,confirm,U,256,55049,802,96202,4,random,0.0001,0.1,3212800,1,,nonpositive_total_gain,,-4.790724515914917,0.572265625,0.8125,False,False,1.8541618585586548,1.8539103269577026,1.863398790359497,0.014188343659043312,1.0,2.786667823791504,0.05908203125,2.7893404960632324,0.068359375,1.8688862323760986,0.014322222210466862,1.0,2.792651414871216,0.0625,2.79968523979187,0.0673828125,1.8656580448150635,0.014308626763522625,1.0,2.7889516353607178,0.06201171875,2.7937138080596924,0.0625
confirm-U-w256-d55049-s802-g04-random,confirm,U,256,55049,802,96202,4,random,0.0001,0.1,3212800,3,1.8526993191698722,,0.013628303111859927,3.4397809505462646,0.42578125,0.75,False,False,1.8541618585586548,1.8539103269577026,1.8473236560821533,0.011703780852258205,1.0,2.759431838989258,0.09912109375,2.7708349227905273,0.07177734375,1.8594919443130493,0.011861003935337067,1.0,2.7759804725646973,0.0732421875,2.7906346321105957,0.05859375,1.8548976182937622,0.011864786967635155,1.0,2.7687251567840576,0.08544921875,2.7841031551361084,0.06005859375
confirm-U-w256-d55049-s802-g04-random,confirm,U,256,55049,802,96202,4,random,0.0001,0.1,3212800,5,2.1582564786202627,,0.014738975151138131,14.087581276893616,0.42578125,0.7875,False,False,1.8541618585586548,1.8539103269577026,1.8265271186828613,0.029294785112142563,1.0,2.6754989624023438,0.10791015625,2.7747879028320312,0.083984375,1.8726040124893188,0.030654437839984894,1.0,2.736844301223755,0.08203125,2.850313425064087,0.0615234375,1.862742304801941,0.030459079891443253,1.0,2.7265894412994385,0.08544921875,2.831178665161133,0.0595703125
confirm-U-w256-d55049-s802-g04-random,confirm,U,256,55049,802,96202,4,random,0.0001,0.1,3212800,10,8.0,,38.999326513776815,8.035967648029327,0.544921875,0.8875,False,True,1.8541618585586548,1.8539103269577026,1.8383467197418213,0.052294276654720306,0.9990234375,2.562206506729126,0.224609375,2.900538921356201,0.12841796875,2.1283066272735596,0.06228288263082504,0.998046875,3.030608892440796,0.1162109375,3.2920284271240234,0.0615234375,2.1146063804626465,0.06368228793144226,0.99560546875,2.9893722534179688,0.126953125,3.2907638549804688,0.05908203125
confirm-U-w256-d55049-s802-g04-random,confirm,U,256,55049,802,96202,4,random,0.0001,0.1,3212800,20,4.338434149285418,,1.195257611391665,87.50962156057358,0.53515625,0.94375,False,False,1.8541618585586548,1.8539103269577026,1.6831248998641968,0.033027283847332,0.99853515625,2.2298059463500977,0.4052734375,2.786540985107422,0.29638671875,2.551281452178955,0.04104626178741455,0.998046875,3.5515894889831543,0.1259765625,4.061208724975586,0.0673828125,2.5425021648406982,0.0475277379155159,0.99462890625,3.49039888381958,0.1279296875,4.089580059051514,0.056640625
confirm-U-w256-d55049-s802-g04-random,confirm,U,256,55049,802,96202,4,random,0.0001,0.1,3212800,30,1.5749100255112958,,0.16785765102657196,225.66797995567322,0.421875,0.9625,False,False,1.8541618585586548,1.8539103269577026,1.413284182548523,0.02810969203710556,0.99560546875,1.822845220565796,0.5546875,2.388897657394409,0.451171875,2.807277202606201,0.03419944643974304,0.99609375,3.8301515579223633,0.13671875,4.55748176574707,0.0654296875,2.800577163696289,0.046858884394168854,0.9921875,3.7820839881896973,0.1552734375,4.572788715362549,0.05517578125
confirm-U-w256-d55049-s802-g04-uniform,confirm,U,256,55049,802,96202,4,uniform,0.0001,0.1,3212800,0,,no_adaptation,,0.0,0.0,,False,False,1.8541618585586548,1.8539103269577026,1.8540419340133667,0.009440352208912373,1.0,2.775233745574951,0.0771484375,2.777451515197754,0.05859375,1.8541618585586548,0.009468775242567062,1.0,2.775287628173828,0.0751953125,2.777729034423828,0.0556640625,1.8539103269577026,0.009443458169698715,1.0,2.775989055633545,0.06884765625,2.7762982845306396,0.06298828125
confirm-U-w256-d55049-s802-g04-uniform,confirm,U,256,55049,802,96202,4,uniform,0.0001,0.1,3212800,1,,constant_weights,,-0.6435642242431641,0.53125,0.3125,False,False,1.8541618585586548,1.8539103269577026,1.8552988767623901,0.01129620335996151,1.0,2.7726688385009766,0.0791015625,2.7819314002990723,0.07763671875,1.8576496839523315,0.011368668638169765,1.0,2.7812209129333496,0.06640625,2.7803592681884766,0.0771484375,1.8567291498184204,0.011300237849354744,1.0,2.7811288833618164,0.06103515625,2.7777581214904785,0.07470703125
confirm-U-w256-d55049-s802-g04-uniform,confirm,U,256,55049,802,96202,4,uniform,0.0001,0.1,3212800,3,,constant_weights,,11.617547273635864,0.21875,0.14583333333333334,False,False,1.8541618585586548,1.8539103269577026,1.831351399421692,0.010454910807311535,1.0,2.7247848510742188,0.126953125,2.7588143348693848,0.0791015625,1.8487443923950195,0.010631783865392208,1.0,2.751572847366333,0.0908203125,2.7840285301208496,0.052734375,1.848392128944397,0.01054590754210949,1.0,2.7531352043151855,0.09228515625,2.7814948558807373,0.06201171875
confirm-U-w256-d55049-s802-g04-uniform,confirm,U,256,55049,802,96202,4,uniform,0.0001,0.1,3212800,5,,constant_weights,,47.2601637840271,0.15234375,0.275,False,False,1.8541618585586548,1.8539103269577026,1.7617369890213013,0.030312959104776382,1.0,2.514397382736206,0.146484375,2.7405006885528564,0.0947265625,1.8309359550476074,0.030871320515871048,1.0,2.641714096069336,0.1123046875,2.8202223777770996,0.0546875,1.8323161602020264,0.0319940447807312,1.0,2.647099733352661,0.0966796875,2.8178539276123047,0.06005859375
confirm-U-w256-d55049-s802-g04-uniform,confirm,U,256,55049,802,96202,4,uniform,0.0001,0.1,3212800,10,,constant_weights,,172.50109708309174,0.037109375,0.63125,False,False,1.8541618585586548,1.8539103269577026,1.5171256065368652,0.0245964415371418,1.0,1.8594495058059692,0.39306640625,2.6673314571380615,0.12744140625,1.8698440790176392,0.029612701386213303,1.0,2.6967275142669678,0.1591796875,2.8831918239593506,0.0517578125,1.8629199266433716,0.027317119762301445,1.0,2.6545636653900146,0.15625,2.90687894821167,0.06494140625
confirm-U-w256-d55049-s802-g04-uniform,confirm,U,256,55049,802,96202,4,uniform,0.0001,0.1,3212800,20,,constant_weights,,552.2973638772964,0.0,0.815625,False,False,1.8541618585586548,1.8539103269577026,0.7753361463546753,0.020497119054198265,1.0,0.3683362305164337,0.94189453125,1.9371750354766846,0.37158203125,2.050567865371704,0.027807466685771942,0.9990234375,2.654071092605591,0.29296875,3.469825506210327,0.078125,2.082312822341919,0.02784757688641548,0.99853515625,2.6246042251586914,0.3056640625,3.5944862365722656,0.06005859375
confirm-U-w256-d55049-s802-g04-uniform,confirm,U,256,55049,802,96202,4,uniform,0.0001,0.1,3212800,30,,constant_weights,,855.2209764719009,0.0,0.8770833333333333,False,False,1.8541618585586548,1.8539103269577026,0.1836884617805481,0.01413557305932045,1.0,0.08558855205774307,0.99755859375,0.4513412415981293,0.890625,2.4544901847839355,0.024872586131095886,0.99609375,2.59275484085083,0.3603515625,4.745842933654785,0.072265625,2.4711852073669434,0.021131392568349838,0.99951171875,2.5271084308624268,0.376953125,4.8653154373168945,0.05517578125
confirm-U-w256-d55049-s803-g04-random,confirm,U,256,55049,803,96202,4,random,0.0001,0.1,3212800,0,,no_adaptation,,0.0,0.0,,False,False,1.8537139892578125,1.8537225723266602,1.853424072265625,0.009316223673522472,1.0,2.7743091583251953,0.0771484375,2.7766475677490234,0.05859375,1.8537139892578125,0.009278234094381332,1.0,2.7747955322265625,0.0751953125,2.7770681381225586,0.0556640625,1.8537225723266602,0.009285579435527325,1.0,2.7753067016601562,0.06884765625,2.7765755653381348,0.06298828125
confirm-U-w256-d55049-s803-g04-random,confirm,U,256,55049,803,96202,4,random,0.0001,0.1,3212800,1,,nonpositive_total_gain,,-5.583690524101257,0.583984375,0.875,False,False,1.8537139892578125,1.8537225723266602,1.8643298149108887,0.011405326426029205,1.0,2.7888095378875732,0.07470703125,2.7927751541137695,0.06591796875,1.8664209842681885,0.011469671502709389,1.0,2.787325859069824,0.0625,2.8004674911499023,0.0595703125,1.8671910762786865,0.011401797644793987,1.0,2.7928409576416016,0.06982421875,2.7973310947418213,0.06396484375
confirm-U-w256-d55049-s803-g04-random,confirm,U,256,55049,803,96202,4,random,0.0001,0.1,3212800,3,1.3911927894398302,,0.014596243845162562,4.100668907165527,0.3984375,0.8125,False,False,1.8537139892578125,1.8537225723266602,1.8454149961471558,0.013234434649348259,1.0,2.746779680252075,0.10009765625,2.776231288909912,0.0771484375,1.8546711206436157,0.013478361070156097,1.0,2.7594079971313477,0.07421875,2.7911272048950195,0.0615234375,1.8533663749694824,0.013367624022066593,1.0,2.7654733657836914,0.07666015625,2.7812583446502686,0.05859375
confirm-U-w256-d55049-s803-g04-random,confirm,U,256,55049,803,96202,4,random,0.0001,0.1,3212800,5,2.0595878542001858,,0.06873342514590618,13.607577919960022,0.40234375,0.8375,False,False,1.8537139892578125,1.8537225723266602,1.8268468379974365,0.03688843548297882,1.0,2.6431784629821777,0.12060546875,2.800473928451538,0.072265625,1.858203411102295,0.03916207328438759,1.0,2.7099201679229736,0.0927734375,2.8255276679992676,0.0673828125,1.865271806716919,0.03815608099102974,1.0,2.7337393760681152,0.08740234375,2.8239188194274902,0.060546875
confirm-U-w256-d55049-s803-g04-random,confirm,U,256,55049,803,96202,4,random,0.0001,0.1,3212800,10,3.6699588302972135,,0.4406371732343349,37.13947230577469,0.455078125,0.91875,False,False,1.8537139892578125,1.8537225723266602,1.780886173248291,0.05671878159046173,1.0,2.4636762142181396,0.25244140625,2.822263717651367,0.12158203125,1.9905762672424316,0.06744910776615143,0.998046875,2.880894184112549,0.1396484375,3.0233852863311768,0.0576171875,2.009566307067871,0.06276547908782959,0.99951171875,2.931035041809082,0.12451171875,3.034897804260254,0.05615234375
confirm-U-w256-d55049-s803-g04-random,confirm,U,256,55049,803,96202,4,random,0.0001,0.1,3212800,20,3.789659022405707,,1.2309881229867705,86.34243857860565,0.5234375,0.959375,False,False,1.8537139892578125,1.8537225723266602,1.6847865581512451,0.031063156202435493,0.99951171875,2.235370397567749,0.439453125,2.787926435470581,0.28662109375,2.488950729370117,0.03859631344676018,0.9990234375,3.4509494304656982,0.171875,3.9773073196411133,0.0693359375,2.5230727195739746,0.039459727704524994,0.998046875,3.507270574569702,0.15771484375,4.022487640380859,0.0615234375
confirm-U-w256-d55049-s803-g04-random,confirm,U,256,55049,803,96202,4,random,0.0001,0.1,3212800,30,1.4227401462569387,,0.15156467895672168,229.43744385242462,0.416015625,0.9729166666666667,False,False,1.8537139892578125,1.8537225723266602,1.4053043127059937,0.021002333611249924,0.99951171875,1.7531933784484863,0.57861328125,2.4417169094085693,0.4375,2.7218282222747803,0.030599866062402725,0.9970703125,3.527951717376709,0.208984375,4.606933116912842,0.0576171875,2.804131507873535,0.03398977220058441,0.9970703125,3.6755166053771973,0.17333984375,4.702887535095215,0.05322265625
confirm-U-w256-d55049-s803-g04-uniform,confirm,U,256,55049,803,96202,4,uniform,0.0001,0.1,3212800,0,,no_adaptation,,0.0,0.0,,False,False,1.8537139892578125,1.8537225723266602,1.853424072265625,0.009316223673522472,1.0,2.7743091583251953,0.0771484375,2.7766475677490234,0.05859375,1.8537139892578125,0.009278234094381332,1.0,2.7747955322265625,0.0751953125,2.7770681381225586,0.0556640625,1.8537225723266602,0.009285579435527325,1.0,2.7753067016601562,0.06884765625,2.7765755653381348,0.06298828125
confirm-U-w256-d55049-s803-g04-uniform,confirm,U,256,55049,803,96202,4,uniform,0.0001,0.1,3212800,1,,constant_weights,,0.8336039781570435,0.462890625,0.25,False,False,1.8537139892578125,1.8537225723266602,1.8517961502075195,0.011716941371560097,1.0,2.7700424194335938,0.06982421875,2.7736287117004395,0.06982421875,1.859095573425293,0.011566664092242718,1.0,2.7721900939941406,0.0625,2.793529987335205,0.052734375,1.8567274808883667,0.011640957556664944,1.0,2.777524471282959,0.06396484375,2.781017303466797,0.068359375
confirm-U-w256-d55049-s803-g04-uniform,confirm,U,256,55049,803,96202,4,uniform,0.0001,0.1,3212800,3,,constant_weights,,19.7300124168396,0.236328125,0.14583333333333334,False,False,1.8537139892578125,1.8537225723266602,1.8148890733718872,0.015104745514690876,1.0,2.6665306091308594,0.0966796875,2.763031482696533,0.07080078125,1.8392096757888794,0.01563548855483532,1.0,2.708730697631836,0.08203125,2.793262481689453,0.05078125,1.8445229530334473,0.015332391485571861,1.0,2.728419303894043,0.08154296875,2.7898178100585938,0.05322265625
confirm-U-w256-d55049-s803-g04-uniform,confirm,U,256,55049,803,96202,4,uniform,0.0001,0.1,3212800,5,,constant_weights,,65.12187111377716,0.1015625,0.3625,False,False,1.8537139892578125,1.8537225723266602,1.7262330055236816,0.028498444706201553,1.0,2.397779941558838,0.1982421875,2.752420663833618,0.09375,1.79841947555542,0.03039086051285267,1.0,2.5666403770446777,0.1376953125,2.7982265949249268,0.0654296875,1.8090155124664307,0.030465412884950638,1.0,2.5840516090393066,0.12353515625,2.8125295639038086,0.06787109375
confirm-U-w256-d55049-s803-g04-uniform,confirm,U,256,55049,803,96202,4,uniform,0.0001,0.1,3212800,10,,constant_weights,,201.87805461883545,0.015625,0.68125,False,False,1.8537139892578125,1.8537225723266602,1.4591312408447266,0.02422880381345749,1.0,1.6557245254516602,0.45068359375,2.6974399089813232,0.11328125,1.7731951475143433,0.02610163949429989,1.0,2.4680886268615723,0.2158203125,2.8253955841064453,0.078125,1.7867088317871094,0.02596675418317318,1.0,2.487199306488037,0.2099609375,2.8469600677490234,0.0625
confirm-U-w256-d55049-s803-g04-uniform,confirm,U,256,55049,803,96202,4,uniform,0.0001,0.1,3212800,20,,constant_weights,,550.3071897625923,0.0,0.840625,False,False,1.8537139892578125,1.8537225723266602,0.7786055207252502,0.017315037548542023,1.0,0.2208516001701355,0.9716796875,2.0976498126983643,0.33740234375,1.7165149450302124,0.0211652722209692,1.0,1.8300105333328247,0.4658203125,3.2983691692352295,0.076171875,1.7314410209655762,0.02263934165239334,1.0,1.8174569606781006,0.4755859375,3.354227066040039,0.05908203125
confirm-U-w256-d55049-s803-g04-uniform,confirm,U,256,55049,803,96202,4,uniform,0.0001,0.1,3212800,30,,constant_weights,,840.1844125986099,0.0,0.89375,False,False,1.8537139892578125,1.8537225723266602,0.21243903040885925,0.012213938869535923,1.0,0.07013215124607086,0.99609375,0.5549709796905518,0.87255859375,2.0964770317077637,0.019226666539907455,0.998046875,1.8005445003509521,0.517578125,4.469660758972168,0.0791015625,2.151388168334961,0.02155834622681141,0.99658203125,1.7812042236328125,0.51904296875,4.651402473449707,0.0625
confirm-U-w256-d57163-s801-g04-random,confirm,U,256,57163,801,96203,4,random,0.0001,0.1,3212800,0,,no_adaptation,,0.0,0.0,,False,False,1.8533446788787842,1.8531502485275269,1.8541607856750488,0.00982450321316719,1.0,2.775207042694092,0.07080078125,2.7774510383605957,0.0546875,1.8533446788787842,0.009804987348616123,1.0,2.7737185955047607,0.080078125,2.776510715484619,0.05859375,1.8531502485275269,0.009803994558751583,1.0,2.7734110355377197,0.0859375,2.776236057281494,0.06640625
confirm-U-w256-d57163-s801-g04-random,confirm,U,256,57163,801,96203,4,random,0.0001,0.1,3212800,1,,nonpositive_total_gain,,-5.898832201957703,0.576171875,0.875,False,False,1.8533446788787842,1.8531502485275269,1.8656821250915527,0.012530636973679066,1.0,2.788910388946533,0.06982421875,2.795604944229126,0.068359375,1.8737578392028809,0.012537039816379547,1.0,2.7910807132720947,0.064453125,2.8176560401916504,0.05859375,1.870606541633606,0.012554646469652653,1.0,2.7999532222747803,0.0693359375,2.799311876296997,0.06494140625
confirm-U-w256-d57163-s801-g04-random,confirm,U,256,57163,801,96203,4,random,0.0001,0.1,3212800,3,8.0,,7.6777110266274216,0.9440929889678955,0.46484375,0.8125,False,True,1.8533446788787842,1.8531502485275269,1.8523168563842773,0.014074871316552162,1.0,2.7629778385162354,0.08837890625,2.779897689819336,0.076171875,1.8711421489715576,0.014063391834497452,1.0,2.779831886291504,0.0810546875,2.819531202316284,0.0693359375,1.8666640520095825,0.014177965000271797,1.0,2.7888355255126953,0.08642578125,2.796978235244751,0.06884765625
confirm-U-w256-d57163-s801-g04-random,confirm,U,256,57163,801,96203,4,random,0.0001,0.1,3212800,5,3.6422459136539844,,0.3893540297336942,9.39799952507019,0.466796875,0.8375,False,False,1.8533446788787842,1.8531502485275269,1.8358054161071777,0.03711911663413048,1.0,2.685121536254883,0.1279296875,2.7851755619049072,0.07763671875,1.87828528881073,0.03802499175071716,1.0,2.7407121658325195,0.095703125,2.856118679046631,0.06640625,1.873616337776184,0.03744407743215561,1.0,2.7492854595184326,0.10986328125,2.8341195583343506,0.068359375
confirm-U-w256-d57163-s801-g04-random,confirm,U,256,57163,801,96203,4,random,0.0001,0.1,3212800,10,3.344471309267074,,0.31106307021615254,37.54479110240936,0.44921875,0.90625,False,False,1.8533446788787842,1.8531502485275269,1.7808310985565186,0.04600723087787628,0.9990234375,2.484485149383545,0.2412109375,2.8120009899139404,0.11962890625,2.0039479732513428,0.04633381962776184,1.0,2.8830995559692383,0.1396484375,3.0824100971221924,0.0634765625,1.989490270614624,0.05207324028015137,0.9990234375,2.8709423542022705,0.140625,3.04545521736145,0.06005859375
confirm-U-w256-d57163-s801-g04-random,confirm,U,256,57163,801,96203,4,random,0.0001,0.1,3212800,20,3.2293889051399565,,0.8145026018656943,89.58887666463852,0.50390625,0.953125,False,False,1.8533446788787842,1.8531502485275269,1.679182529449463,0.03270401805639267,0.99951171875,2.2208988666534424,0.40673828125,2.7839443683624268,0.27734375,2.4765336513519287,0.04042258858680725,0.998046875,3.4422056674957275,0.166015625,3.9469730854034424,0.0703125,2.445387125015259,0.04142891615629196,0.998046875,3.4229576587677,0.14453125,3.8717751502990723,0.06494140625
confirm-U-w256-d57163-s801-g04-random,confirm,U,256,57163,801,96203,4,random,0.0001,0.1,3212800,30,1.2065405748785953,,0.10452917175995163,261.79108941555023,0.404296875,0.96875,False,False,1.8533446788787842,1.8531502485275269,1.3428500890731812,0.019326115027070045,0.99951171875,1.7065058946609497,0.5771484375,2.302718162536621,0.47998046875,2.7235260009765625,0.022565655410289764,0.998046875,3.5868520736694336,0.1796875,4.561160087585449,0.0546875,2.7223105430603027,0.02848319709300995,0.99658203125,3.6518590450286865,0.17138671875,4.486589431762695,0.0673828125
confirm-U-w256-d57163-s801-g04-uniform,confirm,U,256,57163,801,96203,4,uniform,0.0001,0.1,3212800,0,,no_adaptation,,0.0,0.0,,False,False,1.8533446788787842,1.8531502485275269,1.8541607856750488,0.00982450321316719,1.0,2.775207042694092,0.07080078125,2.7774510383605957,0.0546875,1.8533446788787842,0.009804987348616123,1.0,2.7737185955047607,0.080078125,2.776510715484619,0.05859375,1.8531502485275269,0.009803994558751583,1.0,2.7734110355377197,0.0859375,2.776236057281494,0.06640625
confirm-U-w256-d57163-s801-g04-uniform,confirm,U,256,57163,801,96203,4,uniform,0.0001,0.1,3212800,1,,constant_weights,,-0.996789813041687,0.505859375,0.125,False,False,1.8533446788787842,1.8531502485275269,1.8561075925827026,0.011786206625401974,1.0,2.7698962688446045,0.0703125,2.7866406440734863,0.07177734375,1.8547945022583008,0.011905869469046593,1.0,2.766791820526123,0.07421875,2.7856855392456055,0.0595703125,1.858898639678955,0.01183431874960661,1.0,2.7783091068267822,0.06298828125,2.786552906036377,0.060546875
confirm-U-w256-d57163-s801-g04-uniform,confirm,U,256,57163,801,96203,4,uniform,0.0001,0.1,3212800,3,,constant_weights,,15.201764225959778,0.29296875,0.10416666666666667,False,False,1.8533446788787842,1.8531502485275269,1.8244699239730835,0.014351632446050644,1.0,2.6999716758728027,0.11572265625,2.7590866088867188,0.07568359375,1.8467272520065308,0.014608275145292282,1.0,2.727719306945801,0.09375,2.797853946685791,0.05859375,1.8493963479995728,0.01457587443292141,1.0,2.736081123352051,0.09912109375,2.797532558441162,0.06591796875
confirm-U-w256-d57163-s801-g04-uniform,confirm,U,256,57163,801,96203,4,uniform,0.0001,0.1,3212800,5,,constant_weights,,60.89918410778046,0.119140625,0.2625,False,False,1.8533446788787842,1.8531502485275269,1.7352172136306763,0.032128527760505676,1.0,2.4273383617401123,0.18212890625,2.7461843490600586,0.09912109375,1.8100007772445679,0.03388603776693344,1.0,2.580594301223755,0.142578125,2.815521717071533,0.0654296875,1.8069043159484863,0.033885642886161804,1.0,2.5677053928375244,0.14013671875,2.819121837615967,0.05810546875
confirm-U-w256-d57163-s801-g04-uniform,confirm,U,256,57163,801,96203,4,uniform,0.0001,0.1,3212800,10,,constant_weights,,182.17354011535645,0.009765625,0.63125,False,False,1.8533446788787842,1.8531502485275269,1.498353123664856,0.024674728512763977,1.0,1.7793855667114258,0.4296875,2.6909990310668945,0.11962890625,1.7892000675201416,0.025775589048862457,1.0,2.4932594299316406,0.2080078125,2.848564624786377,0.07421875,1.7934541702270508,0.02692551352083683,1.0,2.499471426010132,0.1982421875,2.8539657592773438,0.0576171875
confirm-U-w256-d57163-s801-g04-uniform,confirm,U,256,57163,801,96203,4,uniform,0.0001,0.1,3212800,20,,constant_weights,,513.7417781949043,0.0,0.815625,False,False,1.8533446788787842,1.8531502485275269,0.8507589101791382,0.02089565433561802,1.0,0.3340379595756531,0.94921875,2.197342872619629,0.302734375,1.7917863130569458,0.033129870891571045,0.9970703125,2.1803131103515625,0.3701171875,3.1619153022766113,0.0634765625,1.8365265130996704,0.030394982546567917,0.99755859375,2.307302474975586,0.3408203125,3.171882152557373,0.056640625
confirm-U-w256-d57163-s801-g04-uniform,confirm,U,256,57163,801,96203,4,uniform,0.0001,0.1,3212800,30,,constant_weights,,789.2451782822609,0.0,0.8770833333333333,False,False,1.8533446788787842,1.8531502485275269,0.3126663267612457,0.013727502897381783,1.0,0.08994805812835693,0.99609375,0.8343234062194824,0.751953125,2.1181392669677734,0.028030626475811005,0.994140625,1.94401216506958,0.4677734375,4.382375717163086,0.068359375,2.1942362785339355,0.023344118148088455,0.99755859375,2.012709617614746,0.455078125,4.546656131744385,0.05908203125
confirm-U-w256-d57163-s802-g04-random,confirm,U,256,57163,802,96203,4,random,0.0001,0.1,3212800,0,,no_adaptation,,0.0,0.0,,False,False,1.853614091873169,1.8530939817428589,1.854001760482788,0.009403452277183533,1.0,2.7755041122436523,0.07080078125,2.7770981788635254,0.0546875,1.853614091873169,0.009335576556622982,1.0,2.7739834785461426,0.080078125,2.7775235176086426,0.05859375,1.8530939817428589,0.009372688829898834,1.0,2.7735605239868164,0.0859375,2.77634859085083,0.06640625
confirm-U-w256-d57163-s802-g04-random,confirm,U,256,57163,802,96203,4,random,0.0001,0.1,3212800,1,,nonpositive_total_gain,,-4.478755712509155,0.56640625,0.875,False,False,1.853614091873169,1.8530939817428589,1.862749457359314,0.011659401468932629,1.0,2.791259765625,0.0615234375,2.785329580307007,0.07275390625,1.869235634803772,0.011228608898818493,1.0,2.793675422668457,0.0419921875,2.802802562713623,0.0625,1.8639353513717651,0.01136552169919014,1.0,2.787975311279297,0.05908203125,2.7924649715423584,0.0615234375
confirm-U-w256-d57163-s802-g04-random,confirm,U,256,57163,802,96203,4,random,0.0001,0.1,3212800,3,2.996305245420685,,0.04143527550635873,4.009515643119812,0.44921875,0.75,False,False,1.853614091873169,1.8530939817428589,1.8461707830429077,0.011939287185668945,1.0,2.75632905960083,0.0859375,2.7702438831329346,0.07861328125,1.859742283821106,0.01190535444766283,1.0,2.765415668487549,0.0869140625,2.8019051551818848,0.060546875,1.8573142290115356,0.011958764865994453,1.0,2.767514944076538,0.08544921875,2.7924692630767822,0.06103515625
confirm-U-w256-d57163-s802-g04-random,confirm,U,256,57163,802,96203,4,random,0.0001,0.1,3212800,5,1.2776567888558845,,0.0008061854149556465,17.23127591609955,0.384765625,0.825,False,False,1.853614091873169,1.8530939817428589,1.8203471899032593,0.03143124654889107,1.0,2.657805919647217,0.119140625,2.771803855895996,0.08251953125,1.8616435527801514,0.031568337231874466,1.0,2.7107343673706055,0.1201171875,2.842627763748169,0.0537109375,1.8523709774017334,0.032626815140247345,1.0,2.6995162963867188,0.1220703125,2.82496976852417,0.0634765625
confirm-U-w256-d57163-s802-g04-random,confirm,U,256,57163,802,96203,4,random,0.0001,0.1,3212800,10,8.0,,2.3471019779795492,24.787545084953308,0.515625,0.90625,False,True,1.853614091873169,1.8530939817428589,1.8055886030197144,0.04369088262319565,1.0,2.503824234008789,0.2548828125,2.869250774383545,0.12841796875,2.099869728088379,0.04162578284740448,1.0,3.023576498031616,0.1533203125,3.2344069480895996,0.0517578125,2.0940358638763428,0.048457469791173935,1.0,3.0287606716156006,0.14990234375,3.2048892974853516,0.0595703125
confirm-U-w256-d57163-s802-g04-random,confirm,U,256,57163,802,96203,4,random,0.0001,0.1,3212800,20,3.642245100955384,,0.7498353700910302,101.7082872390747,0.50390625,0.953125,False,False,1.853614091873169,1.8530939817428589,1.6553528308868408,0.02832113206386566,1.0,2.1966919898986816,0.427734375,2.7410457134246826,0.306640625,2.5564351081848145,0.030119463801383972,0.998046875,3.5058608055114746,0.1533203125,4.133325099945068,0.052734375,2.5638415813446045,0.037180572748184204,0.998046875,3.5353429317474365,0.14990234375,4.119001388549805,0.060546875
confirm-U-w256-d57163-s802-g04-random,confirm,U,256,57163,802,96203,4,random,0.0001,0.1,3212800,30,1.4159363699612864,,0.13063303017572453,245.7806499004364,0.412109375,0.96875,False,False,1.853614091873169,1.8530939817428589,1.3739615678787231,0.02033459022641182,0.99951171875,1.7873789072036743,0.5595703125,2.314171075820923,0.47412109375,2.8132691383361816,0.025289006531238556,0.9970703125,3.7333743572235107,0.138671875,4.6811442375183105,0.0693359375,2.847895383834839,0.03138457611203194,0.9970703125,3.856747627258301,0.15576171875,4.655554294586182,0.05712890625
confirm-U-w256-d57163-s802-g04-uniform,confirm,U,256,57163,802,96203,4,uniform,0.0001,0.1,3212800,0,,no_adaptation,,0.0,0.0,,False,False,1.853614091873169,1.8530939817428589,1.854001760482788,0.009403452277183533,1.0,2.7755041122436523,0.07080078125,2.7770981788635254,0.0546875,1.853614091873169,0.009335576556622982,1.0,2.7739834785461426,0.080078125,2.7775235176086426,0.05859375,1.8530939817428589,0.009372688829898834,1.0,2.7735605239868164,0.0859375,2.77634859085083,0.06640625
confirm-U-w256-d57163-s802-g04-uniform,confirm,U,256,57163,802,96203,4,uniform,0.0001,0.1,3212800,1,,constant_weights,,0.23359739780426025,0.49609375,0.25,False,False,1.853614091873169,1.8530939817428589,1.8535455465316772,0.011421514675021172,1.0,2.7745630741119385,0.083984375,2.7746522426605225,0.0703125,1.8577076196670532,0.011373997665941715,1.0,2.772947311401367,0.08203125,2.788801908493042,0.0625,1.8578076362609863,0.011509333737194538,1.0,2.7784600257873535,0.087890625,2.7834534645080566,0.06591796875
confirm-U-w256-d57163-s802-g04-uniform,confirm,U,256,57163,802,96203,4,uniform,0.0001,0.1,3212800,3,,constant_weights,,12.166897535324097,0.23046875,0.10416666666666667,False,False,1.853614091873169,1.8530939817428589,1.8302383422851562,0.011608941480517387,1.0,2.7194581031799316,0.11279296875,2.759648323059082,0.0703125,1.8445096015930176,0.011616624891757965,1.0,2.7353098392486572,0.0986328125,2.78660249710083,0.0556640625,1.8472980260849,0.011690111830830574,1.0,2.743720531463623,0.09912109375,2.7864832878112793,0.064453125
confirm-U-w256-d57163-s802-g04-uniform,confirm,U,256,57163,802,96203,4,uniform,0.0001,0.1,3212800,5,,constant_weights,,60.33621037006378,0.115234375,0.275,False,False,1.853614091873169,1.8530939817428589,1.7361576557159424,0.03146998956799507,1.0,2.427032470703125,0.169921875,2.7499706745147705,0.10107421875,1.8024823665618896,0.0320918932557106,1.0,2.5603933334350586,0.1552734375,2.8149616718292236,0.060546875,1.8048287630081177,0.03253612294793129,1.0,2.564335346221924,0.1376953125,2.8176145553588867,0.0556640625
confirm-U-w256-d57163-s802-g04-uniform,confirm,U,256,57163,802,96203,4,uniform,0.0001,0.1,3212800,10,,constant_weights,,192.20359581708908,0.01171875,0.6375,False,False,1.853614091873169,1.8530939817428589,1.4786043167114258,0.024183783680200577,1.0,1.72910475730896,0.4248046875,2.682523727416992,0.13037109375,1.8115885257720947,0.024508001282811165,1.0,2.5429141521453857,0.1982421875,2.8673434257507324,0.060546875,1.8131582736968994,0.026175234466791153,1.0,2.5575311183929443,0.19189453125,2.8557684421539307,0.05615234375
confirm-U-w256-d57163-s802-g04-uniform,confirm,U,256,57163,802,96203,4,uniform,0.0001,0.1,3212800,20,,constant_weights,,523.411723613739,0.0,0.81875,False,False,1.853614091873169,1.8530939817428589,0.8317133784294128,0.017169417813420296,1.0,0.3193245530128479,0.951171875,2.1586461067199707,0.3193359375,1.954993724822998,0.021624669432640076,0.9990234375,2.4662551879882812,0.30859375,3.377100944519043,0.0546875,1.966498613357544,0.02218550071120262,0.9990234375,2.5482990741729736,0.3310546875,3.3290109634399414,0.0595703125
confirm-U-w256-d57163-s802-g04-uniform,confirm,U,256,57163,802,96203,4,uniform,0.0001,0.1,3212800,30,,constant_weights,,827.2090088129044,0.0,0.8791666666666667,False,False,1.853614091873169,1.8530939817428589,0.238359272480011,0.012871779501438141,1.0,0.07481534034013748,0.99853515625,0.6273906826972961,0.8173828125,2.307460308074951,0.02069341391324997,0.998046875,2.3608484268188477,0.3935546875,4.540839195251465,0.068359375,2.343385696411133,0.022673899307847023,0.9970703125,2.418240547180176,0.396484375,4.589243412017822,0.0517578125
confirm-U-w256-d57163-s803-g04-random,confirm,U,256,57163,803,96203,4,random,0.0001,0.1,3212800,0,,no_adaptation,,0.0,0.0,,False,False,1.8535213470458984,1.8528802394866943,1.854253888130188,0.009292107075452805,1.0,2.776136875152588,0.07080078125,2.7773325443267822,0.0546875,1.8535213470458984,0.009291485883295536,1.0,2.774552345275879,0.080078125,2.7767202854156494,0.05859375,1.8528802394866943,0.009322247467935085,1.0,2.7733333110809326,0.0859375,2.7759852409362793,0.06640625
confirm-U-w256-d57163-s803-g04-random,confirm,U,256,57163,803,96203,4,random,0.0001,0.1,3212800,1,,nonpositive_total_gain,,-4.439222931861877,0.564453125,0.875,False,False,1.8535213470458984,1.8528802394866943,1.8629240989685059,0.01330333948135376,1.0,2.7864677906036377,0.06884765625,2.78900146484375,0.060546875,1.867966651916504,0.013112319633364677,1.0,2.7924094200134277,0.0771484375,2.7983787059783936,0.0634765625,1.8607597351074219,0.01332677248865366,1.0,2.780848503112793,0.07470703125,2.7881035804748535,0.06201171875
confirm-U-w256-d57163-s803-g04-random,confirm,U,256,57163,803,96203,4,random,0.0001,0.1,3212800,3,4.048254464148898,,0.24822473404483802,2.310556173324585,0.455078125,0.8125,False,False,1.8535213470458984,1.8528802394866943,1.8497408628463745,0.011791368946433067,1.0,2.7610268592834473,0.09765625,2.776404857635498,0.06640625,1.8564562797546387,0.012000654824078083,1.0,2.766151189804077,0.08984375,2.7912168502807617,0.0537109375,1.8532207012176514,0.011987503618001938,1.0,2.766248941421509,0.08935546875,2.7814254760742188,0.064453125
confirm-U-w256-d57163-s803-g04-random,confirm,U,256,57163,803,96203,4,random,0.0001,0.1,3212800,5,3.217881144882879,,0.2627447107991317,10.666163563728333,0.44140625,0.825,False,False,1.8535213470458984,1.8528802394866943,1.8334214687347412,0.03289856016635895,1.0,2.6689302921295166,0.11767578125,2.7984352111816406,0.08203125,1.8673083782196045,0.033970851451158524,1.0,2.7184457778930664,0.1142578125,2.849508762359619,0.0654296875,1.8684303760528564,0.03451146185398102,1.0,2.7291929721832275,0.10888671875,2.8415865898132324,0.06787109375
confirm-U-w256-d57163-s803-g04-random,confirm,U,256,57163,803,96203,4,random,0.0001,0.1,3212800,10,5.151839050207605,,1.0936014608811375,29.713958501815796,0.498046875,0.9125,False,False,1.8535213470458984,1.8528802394866943,1.7962188720703125,0.04079986736178398,1.0,2.518490791320801,0.2353515625,2.8293654918670654,0.1201171875,2.043987989425659,0.044303104281425476,1.0,2.9576759338378906,0.138671875,3.1299848556518555,0.0517578125,2.037108898162842,0.045968618243932724,1.0,2.969369888305664,0.1240234375,3.0959887504577637,0.06103515625
confirm-U-w256-d57163-s803-g04-random,confirm,U,256,57163,803,96203,4,random,0.0001,0.1,3212800,20,3.5325124881544943,,0.9672839900373141,89.72607231140137,0.53125,0.95625,False,False,1.8535213470458984,1.8528802394866943,1.6790075302124023,0.03120189718902111,0.99853515625,2.2403037548065186,0.40283203125,2.765517234802246,0.28759765625,2.490201950073242,0.04585415869951248,0.994140625,3.4784789085388184,0.15625,3.946272373199463,0.0576171875,2.4960057735443115,0.046945422887802124,0.99462890625,3.4463682174682617,0.14892578125,3.994704246520996,0.05517578125
confirm-U-w256-d57163-s803-g04-random,confirm,U,256,57163,803,96203,4,random,0.0001,0.1,3212800,30,1.4077501354758568,,0.1395713230237604,231.14852219820023,0.408203125,0.9708333333333333,False,False,1.8535213470458984,1.8528802394866943,1.402791976928711,0.019070904701948166,0.998046875,1.8461778163909912,0.544921875,2.3431267738342285,0.4453125,2.762481451034546,0.02467428334057331,0.99609375,3.776979923248291,0.1376953125,4.485791206359863,0.060546875,2.8017115592956543,0.036282628774642944,0.99462890625,3.770326614379883,0.150390625,4.598525524139404,0.0634765625
confirm-U-w256-d57163-s803-g04-uniform,confirm,U,256,57163,803,96203,4,uniform,0.0001,0.1,3212800,0,,no_adaptation,,0.0,0.0,,False,False,1.8535213470458984,1.8528802394866943,1.854253888130188,0.009292107075452805,1.0,2.776136875152588,0.07080078125,2.7773325443267822,0.0546875,1.8535213470458984,0.009291485883295536,1.0,2.774552345275879,0.080078125,2.7767202854156494,0.05859375,1.8528802394866943,0.009322247467935085,1.0,2.7733333110809326,0.0859375,2.7759852409362793,0.06640625
confirm-U-w256-d57163-s803-g04-uniform,confirm,U,256,57163,803,96203,4,uniform,0.0001,0.1,3212800,1,,constant_weights,,-0.30812299251556396,0.478515625,0.1875,False,False,1.8535213470458984,1.8528802394866943,1.8548555374145508,0.01120728999376297,1.0,2.7733914852142334,0.06787109375,2.779967784881592,0.07177734375,1.8639596700668335,0.011213096790015697,1.0,2.7817537784576416,0.06640625,2.798912525177002,0.0634765625,1.8599853515625,0.01125890389084816,1.0,2.7836906909942627,0.07080078125,2.785006046295166,0.06298828125
confirm-U-w256-d57163-s803-g04-uniform,confirm,U,256,57163,803,96203,4,uniform,0.0001,0.1,3212800,3,,constant_weights,,12.309842467308044,0.28515625,0.14583333333333334,False,False,1.8535213470458984,1.8528802394866943,1.8302111625671387,0.010943494737148285,1.0,2.721815586090088,0.1044921875,2.757874011993408,0.08251953125,1.8519383668899536,0.011013220064342022,1.0,2.753295421600342,0.080078125,2.79150652885437,0.05859375,1.8467177152633667,0.011065049096941948,1.0,2.7460825443267822,0.08154296875,2.783005714416504,0.0556640625
confirm-U-w256-d57163-s803-g04-uniform,confirm,U,256,57163,803,96203,4,uniform,0.0001,0.1,3212800,5,,constant_weights,,55.27807128429413,0.1171875,0.3,False,False,1.8535213470458984,1.8528802394866943,1.746288776397705,0.034653350710868835,1.0,2.4615039825439453,0.16455078125,2.7427093982696533,0.09228515625,1.8207001686096191,0.03645884618163109,1.0,2.597972869873047,0.12890625,2.8276689052581787,0.0703125,1.8140125274658203,0.03628912195563316,1.0,2.588421106338501,0.1298828125,2.8173274993896484,0.05419921875
confirm-U-w256-d57163-s803-g04-uniform,confirm,U,256,57163,803,96203,4,uniform,0.0001,0.1,3212800,10,,constant_weights,,188.76102101802826,0.01171875,0.64375,False,False,1.8535213470458984,1.8528802394866943,1.4855799674987793,0.022825337946414948,1.0,1.7606983184814453,0.43994140625,2.673215866088867,0.13623046875,1.8115234375,0.02439911663532257,1.0,2.550731658935547,0.173828125,2.8594393730163574,0.06640625,1.810316562652588,0.02547309547662735,1.0,2.552244186401367,0.1787109375,2.8532321453094482,0.0625
confirm-U-w256-d57163-s803-g04-uniform,confirm,U,256,57163,803,96203,4,uniform,0.0001,0.1,3212800,20,,constant_weights,,542.0325788259506,0.0,0.821875,False,False,1.8535213470458984,1.8528802394866943,0.7955964207649231,0.018871983513236046,1.0,0.30460503697395325,0.9619140625,2.06331205368042,0.35400390625,1.958656907081604,0.0209201630204916,1.0,2.599165439605713,0.30078125,3.255885362625122,0.0625,1.9970600605010986,0.022970547899603844,0.99951171875,2.6675069332122803,0.30224609375,3.3007023334503174,0.064453125
confirm-U-w256-d57163-s803-g04-uniform,confirm,U,256,57163,803,96203,4,uniform,0.0001,0.1,3212800,30,,constant_weights,,829.8757448196411,0.0,0.88125,False,False,1.8535213470458984,1.8528802394866943,0.23340269923210144,0.013220236636698246,1.0,0.07987114787101746,1.0,0.6071168184280396,0.83544921875,2.368593454360962,0.016062214970588684,0.9990234375,2.5433194637298584,0.3515625,4.546399116516113,0.06640625,2.3760697841644287,0.01988173834979534,0.99853515625,2.5637412071228027,0.35888671875,4.544585704803467,0.076171875
confirm-U-w64-d52919-s801-g04-random,confirm,U,64,52919,801,96201,4,random,0.0001,0.1,113408,0,,no_adaptation,,0.0,0.0,,False,False,1.9916824102401733,1.9900925159454346,1.9905887842178345,0.37443339824676514,1.0,2.8005001544952393,0.052734375,2.7968332767486572,0.07470703125,1.9916824102401733,0.37300360202789307,1.0,2.8006253242492676,0.0595703125,2.801417827606201,0.0576171875,1.9900925159454346,0.3711102306842804,1.0,2.800518035888672,0.05712890625,2.7986490726470947,0.0615234375
confirm-U-w64-d52919-s801-g04-random,confirm,U,64,52919,801,96201,4,random,0.0001,0.1,113408,1,0.7372949337946793,,0.00462031534254162,2.854230761528015,0.44921875,0.5625,False,False,1.9916824102401733,1.9900925159454346,1.9850143194198608,0.3617022931575775,1.0,2.7994463443756104,0.060546875,2.7938942909240723,0.07421875,1.987739086151123,0.360375314950943,1.0,2.8030591011047363,0.0625,2.7997825145721436,0.0625,1.988246202468872,0.3585546314716339,1.0,2.8033289909362793,0.06787109375,2.8028554916381836,0.05810546875
confirm-U-w64-d52919-s801-g04-random,confirm,U,64,52919,801,96201,4,random,0.0001,0.1,113408,3,0.17057183264964448,,0.0005038558252050855,11.456053972244263,0.21484375,0.625,False,False,1.9916824102401733,1.9900925159454346,1.9682139158248901,0.32990413904190063,1.0,2.7882394790649414,0.0673828125,2.7864975929260254,0.0810546875,1.971940517425537,0.3288491666316986,1.0,2.792769432067871,0.0654296875,2.7942025661468506,0.0595703125,1.9731632471084595,0.3272678256034851,1.0,2.7946577072143555,0.07421875,2.7975642681121826,0.0654296875
confirm-U-w64-d52919-s801-g04-random,confirm,U,64,52919,801,96201,4,random,0.0001,0.1,113408,5,0.1413352973334679,,0.0002683525291217845,18.526975631713867,0.13671875,0.6,False,False,1.9916824102401733,1.9900925159454346,1.954403281211853,0.301758736371994,1.0,2.778324842453003,0.07177734375,2.7831265926361084,0.07861328125,1.9604249000549316,0.3008003830909729,1.0,2.788179874420166,0.0732421875,2.792294502258301,0.0615234375,1.9614498615264893,0.29953932762145996,1.0,2.788555860519409,0.07373046875,2.7962546348571777,0.05615234375
confirm-U-w64-d52919-s801-g04-random,confirm,U,64,52919,801,96201,4,random,0.0001,0.1,113408,10,0.18817617236086331,,0.0006609408683256796,32.38171029090881,0.123046875,0.7,False,False,1.9916824102401733,1.9900925159454346,1.9273433685302734,0.2617972195148468,1.0,2.7474966049194336,0.076171875,2.772736072540283,0.0849609375,1.9446982145309448,0.2608097791671753,1.0,2.77030086517334,0.0732421875,2.8029837608337402,0.064453125,1.9457190036773682,0.2599085867404938,1.0,2.768972396850586,0.0791015625,2.808276414871216,0.0556640625
confirm-U-w64-d52919-s801-g04-random,confirm,U,64,52919,801,96201,4,random,0.0001,0.1,113408,20,0.925487163368693,,0.0008240566543881808,48.74082124233246,0.328125,0.84375,False,False,1.9916824102401733,1.9900925159454346,1.8953920602798462,0.24886949360370636,1.0,2.6253018379211426,0.16064453125,2.812004566192627,0.111328125,2.015258312225342,0.2484910488128662,1.0,2.8104300498962402,0.1044921875,2.98685359954834,0.0576171875,2.000833034515381,0.24929536879062653,1.0,2.787041187286377,0.1240234375,2.966163158416748,0.06298828125
confirm-U-w64-d52919-s801-g04-random,confirm,U,64,52919,801,96201,4,random,0.0001,0.1,113408,30,1.4521335615895712,,0.0201078450339731,60.43498146533966,0.37109375,0.8958333333333334,False,False,1.9916824102401733,1.9900925159454346,1.8725517988204956,0.23422996699810028,1.0,2.5365662574768066,0.2109375,2.8468589782714844,0.12158203125,2.0795111656188965,0.23696325719356537,1.0,2.8662490844726562,0.0986328125,3.1353206634521484,0.046875,2.0575761795043945,0.2373744696378708,1.0,2.83107590675354,0.1279296875,3.104278564453125,0.06591796875
confirm-U-w64-d52919-s801-g04-uniform,confirm,U,64,52919,801,96201,4,uniform,0.0001,0.1,113408,0,,no_adaptation,,0.0,0.0,,False,False,1.9916824102401733,1.9900925159454346,1.9905887842178345,0.37443339824676514,1.0,2.8005001544952393,0.052734375,2.7968332767486572,0.07470703125,1.9916824102401733,0.37300360202789307,1.0,2.8006253242492676,0.0595703125,2.801417827606201,0.0576171875,1.9900925159454346,0.3711102306842804,1.0,2.800518035888672,0.05712890625,2.7986490726470947,0.0615234375
confirm-U-w64-d52919-s801-g04-uniform,confirm,U,64,52919,801,96201,4,uniform,0.0001,0.1,113408,1,,constant_weights,,6.710820436477661,0.1875,0.0,False,False,1.9916824102401733,1.9900925159454346,1.9774818420410156,0.35451510548591614,1.0,2.7892003059387207,0.056640625,2.7887301445007324,0.0771484375,1.9817423820495605,0.3533536195755005,1.0,2.7954840660095215,0.060546875,2.796389579772949,0.0576171875,1.980851173400879,0.35165709257125854,1.0,2.7944304943084717,0.05859375,2.7964658737182617,0.0615234375
confirm-U-w64-d52919-s801-g04-uniform,confirm,U,64,52919,801,96201,4,uniform,0.0001,0.1,113408,3,,constant_weights,,18.02890181541443,0.0,0.0,False,False,1.9916824102401733,1.9900925159454346,1.955376148223877,0.31229865550994873,1.0,2.774139881134033,0.05859375,2.7796902656555176,0.0791015625,1.9617843627929688,0.3116239905357361,1.0,2.781919002532959,0.064453125,2.7918100357055664,0.0556640625,1.9618258476257324,0.3101431727409363,1.0,2.7837324142456055,0.06103515625,2.7916016578674316,0.06201171875
confirm-U-w64-d52919-s801-g04-uniform,confirm,U,64,52919,801,96201,4,uniform,0.0001,0.1,113408,5,,constant_weights,,28.37872087955475,0.00390625,0.0,False,False,1.9916824102401733,1.9900925159454346,1.9351615905761719,0.2799140214920044,1.0,2.754185199737549,0.064453125,2.771385908126831,0.0810546875,1.946965217590332,0.2795572876930237,1.0,2.7719831466674805,0.0615234375,2.7893548011779785,0.0546875,1.9464480876922607,0.27824631333351135,1.0,2.7708613872528076,0.06396484375,2.790236234664917,0.06591796875
confirm-U-w64-d52919-s801-g04-uniform,confirm,U,64,52919,801,96201,4,uniform,0.0001,0.1,113408,10,,constant_weights,,60.4072722196579,0.01953125,0.175,False,False,1.9916824102401733,1.9900925159454346,1.8726059198379517,0.23013879358768463,1.0,2.643552541732788,0.09033203125,2.744126319885254,0.09423828125,1.9216639995574951,0.2307572364807129,1.0,2.7242579460144043,0.07421875,2.809976577758789,0.05078125,1.9175111055374146,0.22949734330177307,1.0,2.714423656463623,0.078125,2.80861234664917,0.0625
confirm-U-w64-d52919-s801-g04-uniform,confirm,U,64,52919,801,96201,4,uniform,0.0001,0.1,113408,20,,constant_weights,,131.83539235591888,0.021484375,0.5875,False,False,1.9916824102401733,1.9900925159454346,1.7330979108810425,0.1899515986442566,1.0,2.28900146484375,0.26123046875,2.7203404903411865,0.11767578125,1.8890304565429688,0.1924632489681244,1.0,2.5927460193634033,0.1162109375,2.8818821907043457,0.046875,1.8777446746826172,0.19192573428153992,1.0,2.5683093070983887,0.14208984375,2.8729984760284424,0.06201171875
confirm-U-w64-d52919-s801-g04-uniform,confirm,U,64,52919,801,96201,4,uniform,0.0001,0.1,113408,30,,constant_weights,,183.20809745788574,0.005859375,0.725,False,False,1.9916824102401733,1.9900925159454346,1.6327605247497559,0.157302126288414,1.0,2.07062029838562,0.3564453125,2.6703591346740723,0.138671875,1.8801391124725342,0.1600831151008606,1.0,2.569316864013672,0.1650390625,2.9110171794891357,0.060546875,1.8728183507919312,0.15867407619953156,1.0,2.56054949760437,0.1611328125,2.899231433868408,0.06201171875
confirm-U-w64-d52919-s802-g04-random,confirm,U,64,52919,802,96201,4,random,0.0001,0.1,113408,0,,no_adaptation,,0.0,0.0,,False,False,1.9970495700836182,1.997535228729248,1.9972907304763794,0.39049091935157776,1.0,2.803581714630127,0.052734375,2.797799587249756,0.07470703125,1.9970495700836182,0.3895415961742401,1.0,2.8020005226135254,0.0595703125,2.7996068000793457,0.0576171875,1.997535228729248,0.38856959342956543,1.0,2.801832675933838,0.05712890625,2.8022029399871826,0.0615234375
confirm-U-w64-d52919-s802-g04-random,confirm,U,64,52919,802,96201,4,random,0.0001,0.1,113408,1,0.2652457094286934,,0.0022980836709684416,3.8068894147872925,0.38671875,0.625,False,False,1.9970495700836182,1.997535228729248,1.989855408668518,0.37660902738571167,1.0,2.797147274017334,0.060546875,2.795809745788574,0.0693359375,1.9916532039642334,0.37620872259140015,1.0,2.7990713119506836,0.0546875,2.7996792793273926,0.05859375,1.9931468963623047,0.37518733739852905,1.0,2.8019752502441406,0.05810546875,2.8022773265838623,0.0595703125
confirm-U-w64-d52919-s802-g04-random,confirm,U,64,52919,802,96201,4,random,0.0001,0.1,113408,3,0.11083359465179324,,0.0006208953446289923,12.938739895820618,0.140625,0.5833333333333334,False,False,1.9970495700836182,1.997535228729248,1.9720197916030884,0.3426070809364319,1.0,2.7854819297790527,0.06494140625,2.7879703044891357,0.0712890625,1.9768855571746826,0.3428370952606201,1.0,2.7927584648132324,0.0595703125,2.7950611114501953,0.048828125,1.9783172607421875,0.3418881893157959,1.0,2.7930264472961426,0.0634765625,2.800036907196045,0.06201171875
confirm-U-w64-d52919-s802-g04-random,confirm,U,64,52919,802,96201,4,random,0.0001,0.1,113408,5,0.12030383343193175,,0.0006423136522761869,20.063611149787903,0.0859375,0.55,False,False,1.9970495700836182,1.997535228729248,1.958103895187378,0.31435537338256836,1.0,2.775754928588867,0.0654296875,2.7842016220092773,0.07275390625,1.9652748107910156,0.3148353695869446,1.0,2.7855277061462402,0.0712890625,2.7954611778259277,0.0537109375,1.9660546779632568,0.3141257166862488,1.0,2.7849559783935547,0.06787109375,2.799082040786743,0.05908203125
confirm-U-w64-d52919-s802-g04-random,confirm,U,64,52919,802,96201,4,random,0.0001,0.1,113408,10,0.4717313103666513,,0.0012992502926012619,29.572010397911072,0.255859375,0.73125,False,False,1.9970495700836182,1.997535228729248,1.9395328760147095,0.28743886947631836,1.0,2.7437028884887695,0.06884765625,2.787456750869751,0.07470703125,1.9726513624191284,0.28991663455963135,1.0,2.7769038677215576,0.07421875,2.851133346557617,0.0546875,1.9756801128387451,0.2891196012496948,1.0,2.78918719291687,0.07373046875,2.848733425140381,0.0595703125
confirm-U-w64-d52919-s802-g04-random,confirm,U,64,52919,802,96201,4,random,0.0001,0.1,113408,20,1.8624397104573363,,0.01886804085906182,42.246716022491455,0.37109375,0.865625,False,False,1.9970495700836182,1.997535228729248,1.9147775173187256,0.2714664936065674,1.0,2.6708319187164307,0.13623046875,2.802034616470337,0.1123046875,2.0467588901519775,0.2765194773674011,1.0,2.8472237586975098,0.1064453125,3.0165328979492188,0.0478515625,2.037649154663086,0.27593687176704407,1.0,2.8484933376312256,0.095703125,2.9885170459747314,0.06689453125
confirm-U-w64-d52919-s802-g04-random,confirm,U,64,52919,802,96201,4,random,0.0001,0.1,113408,30,1.936002900716518,,0.0258817183146034,60.97615301609039,0.384765625,0.9104166666666667,False,False,1.9970495700836182,1.997535228729248,1.8781965970993042,0.24790030717849731,1.0,2.5982167720794678,0.19775390625,2.788472890853882,0.1435546875,2.070542335510254,0.2546674609184265,1.0,2.8661749362945557,0.109375,3.0907840728759766,0.05859375,2.0662519931793213,0.2529370188713074,1.0,2.865983724594116,0.10986328125,3.0798356533050537,0.06005859375
confirm-U-w64-d52919-s802-g04-uniform,confirm,U,64,52919,802,96201,4,uniform,0.0001,0.1,113408,0,,no_adaptation,,0.0,0.0,,False,False,1.9970495700836182,1.997535228729248,1.9972907304763794,0.39049091935157776,1.0,2.803581714630127,0.052734375,2.797799587249756,0.07470703125,1.9970495700836182,0.3895415961742401,1.0,2.8020005226135254,0.0595703125,2.7996068000793457,0.0576171875,1.997535228729248,0.38856959342956543,1.0,2.801832675933838,0.05712890625,2.8022029399871826,0.0615234375
confirm-U-w64-d52919-s802-g04-uniform,confirm,U,64,52919,802,96201,4,uniform,0.0001,0.1,113408,1,,constant_weights,,6.827065587043762,0.142578125,0.0,False,False,1.9970495700836182,1.997535228729248,1.9839565753936768,0.3707975149154663,1.0,2.7924771308898926,0.052734375,2.788595199584961,0.07373046875,1.9869779348373413,0.37055784463882446,1.0,2.7950005531311035,0.0595703125,2.795374870300293,0.052734375,1.987667441368103,0.36948922276496887,1.0,2.7947657108306885,0.0576171875,2.7987470626831055,0.06396484375
confirm-U-w64-d52919-s802-g04-uniform,confirm,U,64,52919,802,96201,4,uniform,0.0001,0.1,113408,3,,constant_weights,,18.12170970439911,0.005859375,0.0,False,False,1.9970495700836182,1.997535228729248,1.9618966579437256,0.32752278447151184,1.0,2.777702569961548,0.0556640625,2.7804648876190186,0.07666015625,1.9684102535247803,0.3277778625488281,1.0,2.786867618560791,0.0625,2.7905850410461426,0.052734375,1.9689956903457642,0.3268510401248932,1.0,2.7841529846191406,0.05810546875,2.79598331451416,0.0615234375
confirm-U-w64-d52919-s802-g04-uniform,confirm,U,64,52919,802,96201,4,uniform,0.0001,0.1,113408,5,,constant_weights,,28.18952763080597,0.001953125,0.0,False,False,1.9970495700836182,1.997535228729248,1.9422330856323242,0.2927742004394531,1.0,2.7616586685180664,0.05615234375,2.772266149520874,0.076171875,1.9524757862091064,0.2929918169975281,1.0,2.7755842208862305,0.060546875,2.7888522148132324,0.052734375,1.9529504776000977,0.29231390357017517,1.0,2.7721500396728516,0.0595703125,2.7943873405456543,0.0625
confirm-U-w64-d52919-s802-g04-uniform,confirm,U,64,52919,802,96201,4,uniform,0.0001,0.1,113408,10,,constant_weights,,60.626182198524475,0.013671875,0.1875,False,False,1.9970495700836182,1.997535228729248,1.8788801431655884,0.2426920235157013,1.0,2.6570611000061035,0.07666015625,2.7368874549865723,0.08544921875,1.9335592985153198,0.24379181861877441,1.0,2.740355968475342,0.0771484375,2.816530466079712,0.0537109375,1.9284567832946777,0.24314433336257935,1.0,2.7226855754852295,0.06689453125,2.8195407390594482,0.0595703125
confirm-U-w64-d52919-s802-g04-uniform,confirm,U,64,52919,802,96201,4,uniform,0.0001,0.1,113408,20,,constant_weights,,132.72764480113983,0.021484375,0.59375,False,False,1.9970495700836182,1.997535228729248,1.7380571365356445,0.20276139676570892,1.0,2.3190033435821533,0.255859375,2.69240665435791,0.1123046875,1.9147818088531494,0.20834186673164368,1.0,2.644742727279663,0.1533203125,2.891261100769043,0.0625,1.899433970451355,0.2054845243692398,1.0,2.615571975708008,0.13818359375,2.8772454261779785,0.0732421875
confirm-U-w64-d52919-s802-g04-uniform,confirm,U,64,52919,802,96201,4,uniform,0.0001,0.1,113408,30,,constant_weights,,181.6449043750763,0.00390625,0.7291666666666666,False,False,1.9970495700836182,1.997535228729248,1.6425155401229858,0.17521172761917114,1.0,2.102135419845581,0.3466796875,2.6501994132995605,0.1201171875,1.9017287492752075,0.18243220448493958,1.0,2.6117451190948486,0.1708984375,2.911008834838867,0.0625,1.8928980827331543,0.17956197261810303,1.0,2.5992207527160645,0.15576171875,2.899911642074585,0.0673828125
confirm-U-w64-d52919-s803-g04-random,confirm,U,64,52919,803,96201,4,random,0.0001,0.1,113408,0,,no_adaptation,,0.0,0.0,,False,False,1.9985101222991943,1.9988644123077393,1.9979530572891235,0.3850421607494354,1.0,2.809703826904297,0.052734375,2.7991132736206055,0.07470703125,1.9985101222991943,0.3845646381378174,1.0,2.805051326751709,0.0595703125,2.8059144020080566,0.0576171875,1.9988644123077393,0.3847731053829193,1.0,2.8090403079986572,0.05712890625,2.8027799129486084,0.0615234375
confirm-U-w64-d52919-s803-g04-random,confirm,U,64,52919,803,96201,4,random,0.0001,0.1,113408,1,0.6122969410169623,,0.0008513628392874751,3.2222068309783936,0.390625,0.75,False,False,1.9985101222991943,1.9988644123077393,1.9916596412658691,0.376956582069397,1.0,2.8006644248962402,0.0546875,2.7973580360412598,0.072265625,1.995505452156067,0.3772415220737457,1.0,2.8070919513702393,0.068359375,2.802183151245117,0.0615234375,1.9978893995285034,0.3774833679199219,1.0,2.809880256652832,0.060546875,2.806304454803467,0.06298828125
confirm-U-w64-d52919-s803-g04-random,confirm,U,64,52919,803,96201,4,random,0.0001,0.1,113408,3,0.31616313973930654,,0.000698428658609077,10.265035152435303,0.2734375,0.7708333333333334,False,False,1.9985101222991943,1.9988644123077393,1.9779040813446045,0.34690994024276733,1.0,2.7907612323760986,0.0537109375,2.796041488647461,0.07421875,1.9855690002441406,0.34787291288375854,1.0,2.803640127182007,0.0576171875,2.805194139480591,0.0546875,1.9861822128295898,0.34773147106170654,1.0,2.8061728477478027,0.0556640625,2.8046422004699707,0.0595703125
confirm-U-w64-d52919-s803-g04-random,confirm,U,64,52919,803,96201,4,random,0.0001,0.1,113408,5,0.23112386622858588,,0.0007745722606381616,17.61903142929077,0.1640625,0.7875,False,False,1.9985101222991943,1.9988644123077393,1.963541030883789,0.323635071516037,1.0,2.779752254486084,0.05810546875,2.7872354984283447,0.0771484375,1.975829839706421,0.32403260469436646,1.0,2.794125556945801,0.0654296875,2.8093316555023193,0.056640625,1.9755635261535645,0.32433265447616577,1.0,2.7968590259552,0.06005859375,2.8054988384246826,0.0615234375
confirm-U-w64-d52919-s803-g04-random,confirm,U,64,52919,803,96201,4,random,0.0001,0.1,113408,10,0.3157462631549567,,0.0013523567990329412,27.793219447135925,0.19140625,0.8625,False,False,1.9985101222991943,1.9988644123077393,1.9436695575714111,0.28867173194885254,1.0,2.755842924118042,0.05615234375,2.7864937782287598,0.07861328125,1.9702496528625488,0.28891974687576294,1.0,2.787416458129883,0.06640625,2.834412097930908,0.05859375,1.9656338691711426,0.2899695038795471,1.0,2.7839434146881104,0.064453125,2.822988986968994,0.0634765625
confirm-U-w64-d52919-s803-g04-random,confirm,U,64,52919,803,96201,4,random,0.0001,0.1,113408,20,0.82371252061105,,0.00029233618969112015,38.58003568649292,0.287109375,0.93125,False,False,1.9985101222991943,1.9988644123077393,1.922601580619812,0.2679401934146881,1.0,2.697471857070923,0.083984375,2.80239200592041,0.09228515625,2.0039515495300293,0.27060770988464355,1.0,2.8069305419921875,0.0732421875,2.934316396713257,0.0654296875,1.9982378482818604,0.27236515283584595,1.0,2.786167860031128,0.072265625,2.936180830001831,0.0556640625
confirm-U-w64-d52919-s803-g04-random,confirm,U,64,52919,803,96201,4,random,0.0001,0.1,113408,30,1.0850638258514884,,0.0009172399100675147,57.14162516593933,0.34375,0.9541666666666667,False,False,1.9985101222991943,1.9988644123077393,1.8863482475280762,0.25601768493652344,1.0,2.5919137001037598,0.146484375,2.8111138343811035,0.11669921875,2.011784553527832,0.2608114778995514,1.0,2.7694337368011475,0.111328125,3.00510835647583,0.0654296875,2.017552375793457,0.2648249864578247,1.0,2.765584945678711,0.10498046875,3.022246837615967,0.0625
confirm-U-w64-d52919-s803-g04-uniform,confirm,U,64,52919,803,96201,4,uniform,0.0001,0.1,113408,0,,no_adaptation,,0.0,0.0,,False,False,1.9985101222991943,1.9988644123077393,1.9979530572891235,0.3850421607494354,1.0,2.809703826904297,0.052734375,2.7991132736206055,0.07470703125,1.9985101222991943,0.3845646381378174,1.0,2.805051326751709,0.0595703125,2.8059144020080566,0.0576171875,1.9988644123077393,0.3847731053829193,1.0,2.8090403079986572,0.05712890625,2.8027799129486084,0.0615234375
confirm-U-w64-d52919-s803-g04-uniform,confirm,U,64,52919,803,96201,4,uniform,0.0001,0.1,113408,1,,constant_weights,,7.176918029785156,0.12890625,0.0,False,False,1.9985101222991943,1.9988644123077393,1.983935832977295,0.3672439455986023,1.0,2.7947006225585938,0.052734375,2.789862632751465,0.07470703125,1.9873595237731934,0.36718040704727173,1.0,2.7954511642456055,0.0595703125,2.7994465827941895,0.0576171875,1.9887193441390991,0.36750856041908264,1.0,2.798847198486328,0.05712890625,2.799802303314209,0.0615234375
confirm-U-w64-d52919-s803-g04-uniform,confirm,U,64,52919,803,96201,4,uniform,0.0001,0.1,113408,3,,constant_weights,,18.403586626052856,0.005859375,0.0,False,False,1.9985101222991943,1.9988644123077393,1.9620085954666138,0.3233261704444885,1.0,2.779273271560669,0.05224609375,2.78342604637146,0.07470703125,1.9679288864135742,0.32357633113861084,1.0,2.786242961883545,0.0634765625,2.7939679622650146,0.0576171875,1.9688785076141357,0.32390105724334717,1.0,2.788299798965454,0.0576171875,2.794435501098633,0.0615234375
confirm-U-w64-d52919-s803-g04-uniform,confirm,U,64,52919,803,96201,4,uniform,0.0001,0.1,113408,5,,constant_weights,,27.96964430809021,0.0,0.0375,False,False,1.9985101222991943,1.9988644123077393,1.9433250427246094,0.29009634256362915,1.0,2.7647979259490967,0.052734375,2.775080442428589,0.07470703125,1.9526444673538208,0.2906596064567566,1.0,2.7748830318450928,0.0595703125,2.792391300201416,0.0576171875,1.9540901184082031,0.2908271253108978,1.0,2.7781124114990234,0.05712890625,2.7933311462402344,0.0615234375
confirm-U-w64-d52919-s803-g04-uniform,confirm,U,64,52919,803,96201,4,uniform,0.0001,0.1,113408,10,,constant_weights,,50.87110674381256,0.001953125,0.2875,False,False,1.9985101222991943,1.9988644123077393,1.8985953330993652,0.23824439942836761,1.0,2.7057607173919678,0.05517578125,2.7517812252044678,0.07666015625,1.929681420326233,0.23941776156425476,1.0,2.7468481063842773,0.0654296875,2.802778482437134,0.056640625,1.9302072525024414,0.23988543450832367,1.0,2.744450330734253,0.06005859375,2.806286334991455,0.06103515625
confirm-U-w64-d52919-s803-g04-uniform,confirm,U,64,52919,803,96201,4,uniform,0.0001,0.1,113408,20,,constant_weights,,107.72825908660889,0.01171875,0.6375,False,False,1.9985101222991943,1.9988644123077393,1.7875463962554932,0.19420161843299866,1.0,2.4346234798431396,0.17626953125,2.733814001083374,0.1005859375,1.8781800270080566,0.1956186145544052,1.0,2.588411331176758,0.134765625,2.850510358810425,0.0498046875,1.8820507526397705,0.19646167755126953,1.0,2.5800013542175293,0.1416015625,2.8696889877319336,0.05615234375
confirm-U-w64-d52919-s803-g04-uniform,confirm,U,64,52919,803,96201,4,uniform,0.0001,0.1,113408,30,,constant_weights,,155.9834794998169,0.015625,0.7583333333333333,False,False,1.9985101222991943,1.9988644123077393,1.6932978630065918,0.16379933059215546,1.0,2.1957285404205322,0.30615234375,2.7203657627105713,0.10400390625,1.8554235696792603,0.16720102727413177,1.0,2.512833595275879,0.1748046875,2.886235237121582,0.0537109375,1.8582104444503784,0.1665080338716507,1.0,2.495663642883301,0.1826171875,2.9124600887298584,0.0634765625
confirm-U-w64-d55049-s801-g04-random,confirm,U,64,55049,801,96202,4,random,0.0001,0.1,113408,0,,no_adaptation,,0.0,0.0,,False,False,1.9899871349334717,1.9896880388259888,1.9906150102615356,0.37274864315986633,1.0,2.79605770111084,0.0771484375,2.8030385971069336,0.05859375,1.9899871349334717,0.37129926681518555,1.0,2.7962722778320312,0.0751953125,2.8023898601531982,0.0556640625,1.9896880388259888,0.37157273292541504,1.0,2.79746150970459,0.06884765625,2.8000292778015137,0.06298828125
confirm-U-w64-d55049-s801-g04-random,confirm,U,64,55049,801,96202,4,random,0.0001,0.1,113408,1,0.722484798147355,,0.0040344840050813985,2.689688205718994,0.44140625,0.625,False,False,1.9899871349334717,1.9896880388259888,1.9853618144989014,0.360190212726593,1.0,2.795830249786377,0.08056640625,2.8000645637512207,0.06640625,1.9896825551986694,0.35968196392059326,1.0,2.8005659580230713,0.0673828125,2.808799982070923,0.052734375,1.9877876043319702,0.35962849855422974,1.0,2.797203540802002,0.0703125,2.8065311908721924,0.06005859375
confirm-U-w64-d55049-s801-g04-random,confirm,U,64,55049,801,96202,4,random,0.0001,0.1,113408,3,0.27261727893087806,,0.0007625049548255372,9.690716981887817,0.2890625,0.5833333333333334,False,False,1.9899871349334717,1.9896880388259888,1.971687912940979,0.32767152786254883,1.0,2.789330244064331,0.07568359375,2.7980618476867676,0.06201171875,1.9756413698196411,0.3273465633392334,1.0,2.797652244567871,0.0673828125,2.8019251823425293,0.0556640625,1.9761502742767334,0.3272380232810974,1.0,2.7924108505249023,0.05810546875,2.8088016510009766,0.06689453125
confirm-U-w64-d55049-s801-g04-random,confirm,U,64,55049,801,96202,4,random,0.0001,0.1,113408,5,0.22129487645499418,,0.0009330837353964642,16.142764449119568,0.224609375,0.6125,False,False,1.9899871349334717,1.9896880388259888,1.959086298942566,0.30198219418525696,1.0,2.778435468673706,0.08203125,2.7968409061431885,0.06787109375,1.9671854972839355,0.3017650246620178,1.0,2.791710376739502,0.0634765625,2.8080806732177734,0.05859375,1.9659366607666016,0.30169838666915894,1.0,2.787705421447754,0.0654296875,2.808405876159668,0.07177734375
confirm-U-w64-d55049-s801-g04-random,confirm,U,64,55049,801,96202,4,random,0.0001,0.1,113408,10,0.3309977025623305,,0.0017602244057586727,28.67857837677002,0.22265625,0.73125,False,False,1.9899871349334717,1.9896880388259888,1.93460214138031,0.267323762178421,1.0,2.7399611473083496,0.0908203125,2.7965216636657715,0.0712890625,1.9543324708938599,0.2678699195384979,1.0,2.780280828475952,0.0703125,2.8148465156555176,0.0673828125,1.9595694541931152,0.26778241991996765,1.0,2.785519599914551,0.07568359375,2.825406074523926,0.06396484375
confirm-U-w64-d55049-s801-g04-random,confirm,U,64,55049,801,96202,4,random,0.0001,0.1,113408,20,1.1393806081409505,,0.0010246928718801057,42.39130246639252,0.3515625,0.859375,False,False,1.9899871349334717,1.9896880388259888,1.9078195095062256,0.23754382133483887,1.0,2.6607255935668945,0.1484375,2.8251891136169434,0.095703125,1.9848097562789917,0.2409205138683319,1.0,2.7929141521453857,0.09375,2.9205946922302246,0.0625,2.0010344982147217,0.23966467380523682,1.0,2.8220109939575195,0.09814453125,2.9414279460906982,0.05859375
confirm-U-w64-d55049-s801-g04-random,confirm,U,64,55049,801,96202,4,random,0.0001,0.1,113408,30,1.8981988616587504,,0.03518677192062426,52.710299372673035,0.396484375,0.90625,False,False,1.9899871349334717,1.9896880388259888,1.8876652717590332,0.21543005108833313,1.0,2.589625597000122,0.20166015625,2.8579397201538086,0.12109375,2.0493147373199463,0.21891207993030548,1.0,2.8532004356384277,0.1220703125,3.0758321285247803,0.06640625,2.0680928230285645,0.21841959655284882,1.0,2.8907382488250732,0.1220703125,3.0951197147369385,0.060546875
confirm-U-w64-d55049-s801-g04-uniform,confirm,U,64,55049,801,96202,4,uniform,0.0001,0.1,113408,0,,no_adaptation,,0.0,0.0,,False,False,1.9899871349334717,1.9896880388259888,1.9906150102615356,0.37274864315986633,1.0,2.79605770111084,0.0771484375,2.8030385971069336,0.05859375,1.9899871349334717,0.37129926681518555,1.0,2.7962722778320312,0.0751953125,2.8023898601531982,0.0556640625,1.9896880388259888,0.37157273292541504,1.0,2.79746150970459,0.06884765625,2.8000292778015137,0.06298828125
confirm-U-w64-d55049-s801-g04-uniform,confirm,U,64,55049,801,96202,4,uniform,0.0001,0.1,113408,1,,constant_weights,,6.230419039726257,0.19921875,0.0,False,False,1.9899871349334717,1.9896880388259888,1.9784462451934814,0.3519445061683655,1.0,2.7878551483154297,0.07958984375,2.795539140701294,0.0595703125,1.9815117120742798,0.3511376678943634,1.0,2.792362689971924,0.0771484375,2.801034450531006,0.0537109375,1.9800382852554321,0.3513011336326599,1.0,2.7905893325805664,0.0693359375,2.7982239723205566,0.0634765625
confirm-U-w64-d55049-s801-g04-uniform,confirm,U,64,55049,801,96202,4,uniform,0.0001,0.1,113408,3,,constant_weights,,17.1549254655838,0.0,0.0,False,False,1.9899871349334717,1.9896880388259888,1.9571094512939453,0.3094998598098755,1.0,2.774198532104492,0.0830078125,2.7876296043395996,0.0595703125,1.9617042541503906,0.30878645181655884,1.0,2.7800869941711426,0.08203125,2.796239137649536,0.0546875,1.961545467376709,0.309012234210968,1.0,2.7811224460601807,0.07421875,2.794501543045044,0.06201171875
confirm-U-w64-d55049-s801-g04-uniform,confirm,U,64,55049,801,96202,4,uniform,0.0001,0.1,113408,5,,constant_weights,,26.655778765678406,0.0,0.0,False,False,1.9899871349334717,1.9896880388259888,1.9385530948638916,0.27668634057044983,1.0,2.7558534145355225,0.07763671875,2.7831192016601562,0.05859375,1.9460334777832031,0.27634555101394653,1.0,2.7684226036071777,0.076171875,2.793332099914551,0.056640625,1.9455424547195435,0.27642977237701416,1.0,2.769364833831787,0.06982421875,2.79083251953125,0.0625
confirm-U-w64-d55049-s801-g04-uniform,confirm,U,64,55049,801,96202,4,uniform,0.0001,0.1,113408,10,,constant_weights,,54.74321734905243,0.009765625,0.09375,False,False,1.9899871349334717,1.9896880388259888,1.8836947679519653,0.2302895188331604,1.0,2.6496047973632812,0.0888671875,2.7711901664733887,0.06494140625,1.9096934795379639,0.23103833198547363,1.0,2.7020034790039062,0.0830078125,2.7960386276245117,0.0556640625,1.9144740104675293,0.2312728315591812,1.0,2.715008020401001,0.080078125,2.797140598297119,0.06103515625
confirm-U-w64-d55049-s801-g04-uniform,confirm,U,64,55049,801,96202,4,uniform,0.0001,0.1,113408,20,,constant_weights,,127.64283406734467,0.021484375,0.540625,False,False,1.9899871349334717,1.9896880388259888,1.7413125038146973,0.17726007103919983,1.0,2.2948122024536133,0.2451171875,2.7518656253814697,0.09033203125,1.8485615253448486,0.1793718934059143,1.0,2.5450525283813477,0.15625,2.8212602138519287,0.0693359375,1.8643431663513184,0.17889761924743652,1.0,2.5753140449523926,0.1630859375,2.838817596435547,0.06201171875
confirm-U-w64-d55049-s801-g04-uniform,confirm,U,64,55049,801,96202,4,uniform,0.0001,0.1,113408,30,,constant_weights,,174.3280748128891,0.01171875,0.69375,False,False,1.9899871349334717,1.9896880388259888,1.6501305103302002,0.14674489200115204,1.0,2.0792336463928223,0.33447265625,2.7244131565093994,0.10888671875,1.8486350774765015,0.15010152757167816,1.0,2.5617098808288574,0.150390625,2.8340938091278076,0.0712890625,1.8649920225143433,0.14889571070671082,1.0,2.5910427570343018,0.15966796875,2.8550376892089844,0.06591796875
confirm-U-w64-d55049-s802-g04-random,confirm,U,64,55049,802,96202,4,random,0.0001,0.1,113408,0,,no_adaptation,,0.0,0.0,,False,False,2.002880573272705,2.0016961097717285,2.0011610984802246,0.40056928992271423,1.0,2.8016915321350098,0.0771484375,2.8012232780456543,0.05859375,2.002880573272705,0.40232163667678833,1.0,2.802757740020752,0.0751953125,2.803562641143799,0.0556640625,2.0016961097717285,0.400041401386261,1.0,2.8027443885803223,0.06884765625,2.802302598953247,0.06298828125
confirm-U-w64-d55049-s802-g04-random,confirm,U,64,55049,802,96202,4,random,0.0001,0.1,113408,1,0.3771197317835614,,0.0038672433887587824,3.8696787357330322,0.3671875,0.6875,False,False,2.002880573272705,2.0016961097717285,1.9936034679412842,0.38674163818359375,1.0,2.7996199131011963,0.06591796875,2.7944483757019043,0.0654296875,2.0008230209350586,0.388727605342865,1.0,2.8015103340148926,0.0625,2.8122315406799316,0.056640625,1.9985549449920654,0.3865090608596802,1.0,2.8025331497192383,0.0615234375,2.8066225051879883,0.0595703125
confirm-U-w64-d55049-s802-g04-random,confirm,U,64,55049,802,96202,4,random,0.0001,0.1,113408,3,0.15883153978692582,,0.0010883856130994068,13.463088631629944,0.140625,0.5833333333333334,False,False,2.002880573272705,2.0016961097717285,1.974866271018982,0.35065963864326477,1.0,2.7869925498962402,0.06884765625,2.7869467735290527,0.068359375,1.9845367670059204,0.3527449667453766,1.0,2.7954087257385254,0.0576171875,2.8054566383361816,0.052734375,1.9824817180633545,0.3506825268268585,1.0,2.7937324047088623,0.0595703125,2.803030490875244,0.05419921875
confirm-U-w64-d55049-s802-g04-random,confirm,U,64,55049,802,96202,4,random,0.0001,0.1,113408,5,0.1887726389070798,,0.001199644341074422,20.187480449676514,0.154296875,0.6375,False,False,2.002880573272705,2.0016961097717285,1.9617327451705933,0.324968159198761,1.0,2.778212785720825,0.0712890625,2.782017469406128,0.0712890625,1.9757534265518188,0.32692328095436096,1.0,2.7927236557006836,0.06640625,2.8076133728027344,0.0517578125,1.9739880561828613,0.3250643014907837,1.0,2.788785457611084,0.05712890625,2.8081140518188477,0.05908203125
confirm-U-w64-d55049-s802-g04-random,confirm,U,64,55049,802,96202,4,random,0.0001,0.1,113408,10,0.6443789602370384,,0.0004198490144352375,27.490256547927856,0.291015625,0.8,False,False,2.002880573272705,2.0016961097717285,1.9474694728851318,0.29603224992752075,1.0,2.7517998218536377,0.09228515625,2.7945761680603027,0.0732421875,1.9898967742919922,0.29884618520736694,1.0,2.8070778846740723,0.072265625,2.8637664318084717,0.0576171875,1.9888813495635986,0.29659780859947205,1.0,2.806304454803467,0.0771484375,2.863741874694824,0.056640625
confirm-U-w64-d55049-s802-g04-random,confirm,U,64,55049,802,96202,4,random,0.0001,0.1,113408,20,1.5915517662624943,,0.010530321989342206,43.11990964412689,0.33203125,0.9,False,False,2.002880573272705,2.0016961097717285,1.9169427156448364,0.2681955099105835,1.0,2.6893951892852783,0.146484375,2.7932376861572266,0.10595703125,2.039905548095703,0.2714322805404663,1.0,2.8703432083129883,0.0859375,2.9779412746429443,0.064453125,2.0253682136535645,0.2700756788253784,1.0,2.841925621032715,0.09375,2.9641034603118896,0.05908203125
confirm-U-w64-d55049-s802-g04-random,confirm,U,64,55049,802,96202,4,random,0.0001,0.1,113408,30,1.9477343761747594,,0.030736130708744664,60.60381215810776,0.38671875,0.9333333333333333,False,False,2.002880573272705,2.0016961097717285,1.8827946186065674,0.24295808374881744,1.0,2.614285945892334,0.2001953125,2.791140079498291,0.13037109375,2.093339443206787,0.24655325710773468,1.0,2.9374351501464844,0.08984375,3.096029758453369,0.05859375,2.084709644317627,0.24622172117233276,1.0,2.896291494369507,0.10986328125,3.1116161346435547,0.05517578125
confirm-U-w64-d55049-s802-g04-uniform,confirm,U,64,55049,802,96202,4,uniform,0.0001,0.1,113408,0,,no_adaptation,,0.0,0.0,,False,False,2.002880573272705,2.0016961097717285,2.0011610984802246,0.40056928992271423,1.0,2.8016915321350098,0.0771484375,2.8012232780456543,0.05859375,2.002880573272705,0.40232163667678833,1.0,2.802757740020752,0.0751953125,2.803562641143799,0.0556640625,2.0016961097717285,0.400041401386261,1.0,2.8027443885803223,0.06884765625,2.802302598953247,0.06298828125
confirm-U-w64-d55049-s802-g04-uniform,confirm,U,64,55049,802,96202,4,uniform,0.0001,0.1,113408,1,,constant_weights,,6.96092689037323,0.15625,0.0,False,False,2.002880573272705,2.0016961097717285,1.9875659942626953,0.37897568941116333,1.0,2.790834903717041,0.07373046875,2.7928872108459473,0.0576171875,1.9933241605758667,0.3813951015472412,1.0,2.795578956604004,0.0771484375,2.8029983043670654,0.056640625,1.9906916618347168,0.3788437247276306,1.0,2.7956604957580566,0.06982421875,2.7975707054138184,0.060546875
confirm-U-w64-d55049-s802-g04-uniform,confirm,U,64,55049,802,96202,4,uniform,0.0001,0.1,113408,3,,constant_weights,,18.96031403541565,0.01171875,0.0,False,False,2.002880573272705,2.0016961097717285,1.9641295671463013,0.33478811383247375,1.0,2.775226593017578,0.0791015625,2.782374143600464,0.0595703125,1.973520278930664,0.33729609847068787,1.0,2.7870121002197266,0.0791015625,2.7962522506713867,0.0556640625,1.9715498685836792,0.3348516821861267,1.0,2.7862942218780518,0.07080078125,2.793503522872925,0.0576171875
confirm-U-w64-d55049-s802-g04-uniform,confirm,U,64,55049,802,96202,4,uniform,0.0001,0.1,113408,5,,constant_weights,,29.95909357070923,0.001953125,0.0125,False,False,2.002880573272705,2.0016961097717285,1.9426475763320923,0.3002387285232544,1.0,2.7553110122680664,0.0869140625,2.772392511367798,0.06396484375,1.9567927122116089,0.30256372690200806,1.0,2.775287389755249,0.078125,2.7925267219543457,0.05859375,1.9569109678268433,0.30040523409843445,1.0,2.775940418243408,0.06982421875,2.7943873405456543,0.0595703125
confirm-U-w64-d55049-s802-g04-uniform,confirm,U,64,55049,802,96202,4,uniform,0.0001,0.1,113408,10,,constant_weights,,61.9187136888504,0.015625,0.28125,False,False,2.002880573272705,2.0016961097717285,1.880226492881775,0.24792112410068512,1.0,2.6540489196777344,0.10498046875,2.7387092113494873,0.07861328125,1.9360820055007935,0.24992212653160095,1.0,2.753701686859131,0.0927734375,2.804621458053589,0.0537109375,1.9406975507736206,0.24883125722408295,1.0,2.7585625648498535,0.0810546875,2.814699172973633,0.06494140625
confirm-U-w64-d55049-s802-g04-uniform,confirm,U,64,55049,802,96202,4,uniform,0.0001,0.1,113408,20,,constant_weights,,127.4179779291153,0.0234375,0.640625,False,False,2.002880573272705,2.0016961097717285,1.75229811668396,0.20878298580646515,1.0,2.3612918853759766,0.2421875,2.686819553375244,0.1220703125,1.916528344154358,0.21197575330734253,1.0,2.7074670791625977,0.134765625,2.830142021179199,0.0634765625,1.9274870157241821,0.21091851592063904,1.0,2.7055282592773438,0.12744140625,2.8660147190093994,0.05615234375
confirm-U-w64-d55049-s802-g04-uniform,confirm,U,64,55049,802,96202,4,uniform,0.0001,0.1,113408,30,,constant_weights,,176.72895216941833,0.0078125,0.7604166666666666,False,False,2.002880573272705,2.0016961097717285,1.6559877395629883,0.17972761392593384,1.0,2.152297258377075,0.33056640625,2.6359379291534424,0.14111328125,1.917677402496338,0.18282760679721832,1.0,2.7129082679748535,0.14453125,2.8572962284088135,0.0703125,1.9349873065948486,0.1815423220396042,1.0,2.718693494796753,0.13037109375,2.904726028442383,0.06298828125
confirm-U-w64-d55049-s803-g04-random,confirm,U,64,55049,803,96202,4,random,0.0001,0.1,113408,0,,no_adaptation,,0.0,0.0,,False,False,1.9981942176818848,1.9973869323730469,1.997509479522705,0.3923055827617645,1.0,2.795393466949463,0.0771484375,2.8048291206359863,0.05859375,1.9981942176818848,0.3920168876647949,1.0,2.7953686714172363,0.0751953125,2.807196855545044,0.0556640625,1.9973869323730469,0.3926081955432892,1.0,2.7958431243896484,0.06884765625,2.8037092685699463,0.06298828125
confirm-U-w64-d55049-s803-g04-random,confirm,U,64,55049,803,96202,4,random,0.0001,0.1,113408,1,0.25312550604578665,,0.0007730419706308314,3.5267521142959595,0.326171875,0.5625,False,False,1.9981942176818848,1.9973869323730469,1.9906212091445923,0.3837074637413025,1.0,2.7878971099853516,0.07666015625,2.8002591133117676,0.05859375,1.9926936626434326,0.38391536474227905,1.0,2.7895097732543945,0.07421875,2.8046555519104004,0.0537109375,1.9918532371520996,0.38512730598449707,1.0,2.7889208793640137,0.06787109375,2.8015120029449463,0.06201171875
confirm-U-w64-d55049-s803-g04-random,confirm,U,64,55049,803,96202,4,random,0.0001,0.1,113408,3,0.16265666572255116,,0.0003633038255421484,11.789570689201355,0.107421875,0.7083333333333334,False,False,1.9981942176818848,1.9973869323730469,1.9744828939437866,0.35253313183784485,1.0,2.775041103363037,0.0771484375,2.7958743572235107,0.05908203125,1.9798636436462402,0.3530835211277008,1.0,2.7823328971862793,0.076171875,2.8041749000549316,0.0556640625,1.9784213304519653,0.35357701778411865,1.0,2.7822532653808594,0.0693359375,2.799433469772339,0.0634765625
confirm-U-w64-d55049-s803-g04-random,confirm,U,64,55049,803,96202,4,random,0.0001,0.1,113408,5,0.18848408866407146,,0.00041932758534629795,17.550150156021118,0.11328125,0.7375,False,False,1.9981942176818848,1.9973869323730469,1.9632318019866943,0.3294183611869812,1.0,2.7654685974121094,0.07763671875,2.7948086261749268,0.05859375,1.97382652759552,0.33027851581573486,1.0,2.7790188789367676,0.0751953125,2.8121821880340576,0.0546875,1.9706919193267822,0.33086419105529785,1.0,2.7788336277008057,0.06884765625,2.802377939224243,0.064453125
confirm-U-w64-d55049-s803-g04-random,confirm,U,64,55049,803,96202,4,random,0.0001,0.1,113408,10,0.20450675614491004,,0.00036397061829291565,31.518593549728394,0.076171875,0.81875,False,False,1.9981942176818848,1.9973869323730469,1.935949683189392,0.29369333386421204,1.0,2.7288906574249268,0.0771484375,2.7852649688720703,0.0595703125,1.9537447690963745,0.29553478956222534,1.0,2.7539162635803223,0.0751953125,2.811783790588379,0.056640625,1.9553024768829346,0.2967062294483185,1.0,2.76300048828125,0.06884765625,2.8062009811401367,0.0625
confirm-U-w64-d55049-s803-g04-random,confirm,U,64,55049,803,96202,4,random,0.0001,0.1,113408,20,0.4357661081568991,,0.0001701030641938936,48.61509549617767,0.21484375,0.909375,False,False,1.9981942176818848,1.9973869323730469,1.9025579690933228,0.26115846633911133,1.0,2.6586806774139404,0.1044921875,2.787835121154785,0.07080078125,1.9504448175430298,0.267233669757843,1.0,2.7335567474365234,0.0908203125,2.85054349899292,0.0576171875,1.9575148820877075,0.2663506269454956,1.0,2.754058837890625,0.0888671875,2.8521347045898438,0.06591796875
confirm-U-w64-d55049-s803-g04-random,confirm,U,64,55049,803,96202,4,random,0.0001,0.1,113408,30,0.9231055255238996,,0.0015316019698625289,58.81421184539795,0.314453125,0.9395833333333333,False,False,1.9981942176818848,1.9973869323730469,1.8826379776000977,0.24615202844142914,0.99951171875,2.5810160636901855,0.1787109375,2.8207457065582275,0.095703125,1.9935358762741089,0.25651687383651733,0.998046875,2.774232864379883,0.1298828125,2.949857234954834,0.0576171875,2.002777338027954,0.256468802690506,0.99951171875,2.799058675765991,0.11962890625,2.9528043270111084,0.05859375
confirm-U-w64-d55049-s803-g04-uniform,confirm,U,64,55049,803,96202,4,uniform,0.0001,0.1,113408,0,,no_adaptation,,0.0,0.0,,False,False,1.9981942176818848,1.9973869323730469,1.997509479522705,0.3923055827617645,1.0,2.795393466949463,0.0771484375,2.8048291206359863,0.05859375,1.9981942176818848,0.3920168876647949,1.0,2.7953686714172363,0.0751953125,2.807196855545044,0.0556640625,1.9973869323730469,0.3926081955432892,1.0,2.7958431243896484,0.06884765625,2.8037092685699463,0.06298828125
confirm-U-w64-d55049-s803-g04-uniform,confirm,U,64,55049,803,96202,4,uniform,0.0001,0.1,113408,1,,constant_weights,,7.424067974090576,0.095703125,0.0,False,False,1.9981942176818848,1.9973869323730469,1.9830093383789062,0.37105828523635864,1.0,2.781907558441162,0.0771484375,2.7960619926452637,0.05859375,1.9874780178070068,0.3715530037879944,1.0,2.785431146621704,0.0751953125,2.8054497241973877,0.0556640625,1.9867793321609497,0.37217700481414795,1.0,2.786386013031006,0.06884765625,2.8017749786376953,0.06298828125
confirm-U-w64-d55049-s803-g04-uniform,confirm,U,64,55049,803,96202,4,uniform,0.0001,0.1,113408,3,,constant_weights,,18.99828600883484,0.001953125,0.0,False,False,1.9981942176818848,1.9973869323730469,1.9604034423828125,0.32719719409942627,1.0,2.7660088539123535,0.0771484375,2.7880043983459473,0.05859375,1.9688385725021362,0.32798922061920166,1.0,2.776040554046631,0.0751953125,2.8024861812591553,0.0556640625,1.9675894975662231,0.3285612165927887,1.0,2.7767159938812256,0.06884765625,2.7974915504455566,0.06298828125
confirm-U-w64-d55049-s803-g04-uniform,confirm,U,64,55049,803,96202,4,uniform,0.0001,0.1,113408,5,,constant_weights,,27.905664443969727,0.0,0.075,False,False,1.9981942176818848,1.9973869323730469,1.943006157875061,0.29780256748199463,1.0,2.749976634979248,0.078125,2.7812395095825195,0.05908203125,1.954650640487671,0.29876649379730225,1.0,2.7650246620178223,0.0751953125,2.8001608848571777,0.0546875,1.9544689655303955,0.29944485425949097,1.0,2.768162727355957,0.06982421875,2.7957987785339355,0.06103515625
confirm-U-w64-d55049-s803-g04-uniform,confirm,U,64,55049,803,96202,4,uniform,0.0001,0.1,113408,10,,constant_weights,,50.405033826828,0.001953125,0.31875,False,False,1.9981942176818848,1.9973869323730469,1.899062156677246,0.2422519028186798,1.0,2.685410976409912,0.0859375,2.7695233821868896,0.06005859375,1.9270761013031006,0.24435019493103027,1.0,2.7320289611816406,0.078125,2.804849147796631,0.0556640625,1.9281048774719238,0.24435853958129883,1.0,2.7357048988342285,0.07275390625,2.804250717163086,0.05908203125
confirm-U-w64-d55049-s803-g04-uniform,confirm,U,64,55049,803,96202,4,uniform,0.0001,0.1,113408,20,,constant_weights,,98.15731489658356,0.015625,0.65625,False,False,1.9981942176818848,1.9973869323730469,1.8057959079742432,0.19204655289649963,1.0,2.4696872234344482,0.16357421875,2.7556538581848145,0.07666015625,1.8835322856903076,0.19437283277511597,1.0,2.631687641143799,0.1337890625,2.824535846710205,0.068359375,1.8880404233932495,0.19717656075954437,1.0,2.6413187980651855,0.12255859375,2.8256258964538574,0.06494140625
confirm-U-w64-d55049-s803-g04-uniform,confirm,U,64,55049,803,96202,4,uniform,0.0001,0.1,113408,30,,constant_weights,,141.84917783737183,0.013671875,0.7708333333333334,False,False,1.9981942176818848,1.9973869323730469,1.7204601764678955,0.16199320554733276,1.0,2.260108709335327,0.26171875,2.739278793334961,0.09521484375,1.8686797618865967,0.1642201840877533,1.0,2.5979251861572266,0.1435546875,2.843893527984619,0.060546875,1.8709626197814941,0.16763515770435333,0.9990234375,2.590862989425659,0.1611328125,2.8543896675109863,0.0673828125
confirm-U-w64-d57163-s801-g04-random,confirm,U,64,57163,801,96203,4,random,0.0001,0.1,113408,0,,no_adaptation,,0.0,0.0,,False,False,1.9901273250579834,1.98842191696167,1.9905704259872437,0.3692317605018616,1.0,2.799415349960327,0.07080078125,2.8030638694763184,0.0546875,1.9901273250579834,0.37037670612335205,1.0,2.797873020172119,0.080078125,2.8021321296691895,0.05859375,1.98842191696167,0.36939266324043274,1.0,2.7961835861206055,0.0859375,2.799689769744873,0.06640625
confirm-U-w64-d57163-s801-g04-random,confirm,U,64,57163,801,96203,4,random,0.0001,0.1,113408,1,0.2466852997933101,,0.0013516573961687797,3.8885234594345093,0.361328125,0.5625,False,False,1.9901273250579834,1.98842191696167,1.9829756021499634,0.35810351371765137,1.0,2.791900634765625,0.06201171875,2.798922538757324,0.0556640625,1.9872368574142456,0.3596605658531189,1.0,2.7946689128875732,0.0712890625,2.8073811531066895,0.060546875,1.9840583801269531,0.3582736849784851,1.0,2.7958598136901855,0.07177734375,2.7980411052703857,0.0625
confirm-U-w64-d57163-s801-g04-random,confirm,U,64,57163,801,96203,4,random,0.0001,0.1,113408,3,0.11967669692854714,,0.0004757963844397777,12.140690326690674,0.18359375,0.5833333333333334,False,False,1.9901273250579834,1.98842191696167,1.9668580293655396,0.3253454267978668,1.0,2.7824316024780273,0.07275390625,2.792797565460205,0.06640625,1.973280429840088,0.3268839716911316,1.0,2.7870583534240723,0.076171875,2.805899143218994,0.0625,1.9699108600616455,0.32563304901123047,1.0,2.789577007293701,0.0810546875,2.794522285461426,0.06640625
confirm-U-w64-d57163-s801-g04-random,confirm,U,64,57163,801,96203,4,random,0.0001,0.1,113408,5,0.11185367201469562,,0.0003763906424192646,19.654106497764587,0.103515625,0.575,False,False,1.9901273250579834,1.98842191696167,1.9521833658218384,0.2970561981201172,1.0,2.771500587463379,0.0771484375,2.7879929542541504,0.06396484375,1.9602627754211426,0.2984521985054016,1.0,2.7793030738830566,0.0810546875,2.803032875061035,0.0625,1.9578802585601807,0.2973193824291229,1.0,2.7833871841430664,0.08203125,2.792933940887451,0.0693359375
confirm-U-w64-d57163-s801-g04-random,confirm,U,64,57163,801,96203,4,random,0.0001,0.1,113408,10,0.37837104556244827,,0.0011470770978676485,28.718111991882324,0.251953125,0.69375,False,False,1.9901273250579834,1.98842191696167,1.9344804286956787,0.26807111501693726,1.0,2.7425332069396973,0.09716796875,2.7928366661071777,0.0732421875,1.9628044366836548,0.27147340774536133,1.0,2.783426523208618,0.083984375,2.8335132598876953,0.0625,1.95665442943573,0.26966479420661926,1.0,2.7827110290527344,0.09423828125,2.8175878524780273,0.0634765625
confirm-U-w64-d57163-s801-g04-random,confirm,U,64,57163,801,96203,4,random,0.0001,0.1,113408,20,1.4425013028524734,,0.015185363784550201,42.66542994976044,0.369140625,0.840625,False,False,1.9901273250579834,1.98842191696167,1.9072394371032715,0.2564016282558441,1.0,2.6470978260040283,0.1611328125,2.818218946456909,0.09521484375,2.0176022052764893,0.2610713243484497,1.0,2.8304507732391357,0.1044921875,2.9612843990325928,0.076171875,2.009075880050659,0.25928452610969543,1.0,2.820862293243408,0.11572265625,2.947080612182617,0.0576171875
confirm-U-w64-d57163-s801-g04-random,confirm,U,64,57163,801,96203,4,random,0.0001,0.1,113408,30,1.6787711555273281,,0.02964296647627881,59.027822375297546,0.375,0.89375,False,False,1.9901273250579834,1.98842191696167,1.875281572341919,0.2243383675813675,0.99951171875,2.5718271732330322,0.21826171875,2.829679489135742,0.12646484375,2.0502424240112305,0.22711195051670074,1.0,2.8660953044891357,0.1123046875,3.0575201511383057,0.068359375,2.0516104698181152,0.22668074071407318,1.0,2.8679096698760986,0.123046875,3.060241460800171,0.0556640625
confirm-U-w64-d57163-s801-g04-uniform,confirm,U,64,57163,801,96203,4,uniform,0.0001,0.1,113408,0,,no_adaptation,,0.0,0.0,,False,False,1.9901273250579834,1.98842191696167,1.9905704259872437,0.3692317605018616,1.0,2.799415349960327,0.07080078125,2.8030638694763184,0.0546875,1.9901273250579834,0.37037670612335205,1.0,2.797873020172119,0.080078125,2.8021321296691895,0.05859375,1.98842191696167,0.36939266324043274,1.0,2.7961835861206055,0.0859375,2.799689769744873,0.06640625
confirm-U-w64-d57163-s801-g04-uniform,confirm,U,64,57163,801,96203,4,uniform,0.0001,0.1,113408,1,,constant_weights,,6.670066595077515,0.158203125,0.0,False,False,1.9901273250579834,1.98842191696167,1.977542757987976,0.3501228988170624,1.0,2.788076877593994,0.0693359375,2.794428586959839,0.05419921875,1.9826010465621948,0.35161811113357544,1.0,2.7931571006774902,0.0751953125,2.8030288219451904,0.0595703125,1.9795422554016113,0.3504386246204376,1.0,2.790487766265869,0.08349609375,2.7977006435394287,0.06884765625
confirm-U-w64-d57163-s801-g04-uniform,confirm,U,64,57163,801,96203,4,uniform,0.0001,0.1,113408,3,,constant_weights,,17.705320477485657,0.0234375,0.0,False,False,1.9901273250579834,1.98842191696167,1.9559895992279053,0.30842626094818115,1.0,2.7740583419799805,0.07958984375,2.785484790802002,0.05712890625,1.962312936782837,0.31014519929885864,1.0,2.780866861343384,0.0888671875,2.795926809310913,0.0556640625,1.9605870246887207,0.3087708055973053,1.0,2.7802932262420654,0.09130859375,2.792696714401245,0.068359375
confirm-U-w64-d57163-s801-g04-uniform,confirm,U,64,57163,801,96203,4,uniform,0.0001,0.1,113408,5,,constant_weights,,27.779680967330933,0.001953125,0.0,False,False,1.9901273250579834,1.98842191696167,1.9363131523132324,0.27526983618736267,1.0,2.7550764083862305,0.08056640625,2.7785935401916504,0.06396484375,1.9466848373413086,0.27713340520858765,1.0,2.7692079544067383,0.0869140625,2.793712854385376,0.05859375,1.9460115432739258,0.2757130265235901,1.0,2.770176887512207,0.08984375,2.792144298553467,0.068359375
confirm-U-w64-d57163-s801-g04-uniform,confirm,U,64,57163,801,96203,4,uniform,0.0001,0.1,113408,10,,constant_weights,,58.96332001686096,0.017578125,0.1125,False,False,1.9901273250579834,1.98842191696167,1.8754075765609741,0.22814348340034485,1.0,2.636840581893921,0.111328125,2.7612385749816895,0.076171875,1.913571834564209,0.23075886070728302,1.0,2.70737624168396,0.09765625,2.8025808334350586,0.060546875,1.9151992797851562,0.2290559858083725,1.0,2.714904308319092,0.1015625,2.801637649536133,0.06494140625
confirm-U-w64-d57163-s801-g04-uniform,confirm,U,64,57163,801,96203,4,uniform,0.0001,0.1,113408,20,,constant_weights,,135.95273208618164,0.02734375,0.553125,False,False,1.9901273250579834,1.98842191696167,1.7250375747680664,0.18188609182834625,1.0,2.254836320877075,0.267578125,2.7383909225463867,0.1005859375,1.8623511791229248,0.18419411778450012,1.0,2.54522705078125,0.1611328125,2.857632637023926,0.0654296875,1.866303563117981,0.18451610207557678,1.0,2.554508686065674,0.16455078125,2.8598859310150146,0.0615234375
confirm-U-w64-d57163-s801-g04-uniform,confirm,U,64,57163,801,96203,4,uniform,0.0001,0.1,113408,30,,constant_weights,,184.29318356513977,0.009765625,0.7020833333333333,False,False,1.9901273250579834,1.98842191696167,1.6306225061416626,0.15502521395683289,1.0,2.036689281463623,0.35986328125,2.7001535892486572,0.10888671875,1.8664350509643555,0.15644043684005737,1.0,2.556220054626465,0.1748046875,2.886643648147583,0.0693359375,1.8715460300445557,0.1579437553882599,1.0,2.577141523361206,0.17333984375,2.8795530796051025,0.060546875
confirm-U-w64-d57163-s802-g04-random,confirm,U,64,57163,802,96203,4,random,0.0001,0.1,113408,0,,no_adaptation,,0.0,0.0,,False,False,2.001842737197876,1.999616265296936,2.0031356811523438,0.403412401676178,1.0,2.8016414642333984,0.07080078125,2.8043527603149414,0.0546875,2.001842737197876,0.4032505750656128,1.0,2.8003926277160645,0.080078125,2.801884651184082,0.05859375,1.999616265296936,0.40260693430900574,1.0,2.796400547027588,0.0859375,2.7998416423797607,0.06640625
confirm-U-w64-d57163-s802-g04-random,confirm,U,64,57163,802,96203,4,random,0.0001,0.1,113408,1,0.1745162862016849,,0.001732774187678728,4.6739712953567505,0.33984375,0.625,False,False,2.001842737197876,1.999616265296936,1.994006633758545,0.3901870846748352,1.0,2.7954230308532715,0.07275390625,2.796410083770752,0.05517578125,1.99922776222229,0.3907496929168701,1.0,2.800198554992676,0.078125,2.8067355155944824,0.05859375,1.993246078491211,0.3899099826812744,1.0,2.7912073135375977,0.0849609375,2.79862117767334,0.06494140625
confirm-U-w64-d57163-s802-g04-random,confirm,U,64,57163,802,96203,4,random,0.0001,0.1,113408,3,0.17013711672616738,,0.0014923229882937237,12.338752388954163,0.2265625,0.6666666666666666,False,False,2.001842737197876,1.999616265296936,1.9790363311767578,0.35813042521476746,1.0,2.7854537963867188,0.076171875,2.793524980545044,0.06201171875,1.9878590106964111,0.3588247299194336,1.0,2.7926385402679443,0.0849609375,2.8121135234832764,0.0595703125,1.9806331396102905,0.3578793406486511,1.0,2.785938024520874,0.08154296875,2.798081874847412,0.064453125
confirm-U-w64-d57163-s802-g04-random,confirm,U,64,57163,802,96203,4,random,0.0001,0.1,113408,5,0.17388366867358612,,0.0016133002806649173,18.805185794830322,0.158203125,0.7125,False,False,2.001842737197876,1.999616265296936,1.9664069414138794,0.3315681219100952,1.0,2.7779014110565186,0.07958984375,2.789750576019287,0.06201171875,1.978083848953247,0.3321068286895752,1.0,2.7876617908477783,0.0859375,2.814483165740967,0.0576171875,1.9718514680862427,0.331525981426239,1.0,2.7819623947143555,0.08154296875,2.8020663261413574,0.0693359375
confirm-U-w64-d57163-s802-g04-random,confirm,U,64,57163,802,96203,4,random,0.0001,0.1,113408,10,0.29805971661921904,,0.0015488546930651278,31.632153272628784,0.158203125,0.825,False,False,2.001842737197876,1.999616265296936,1.9413540363311768,0.2900715172290802,1.0,2.7460622787475586,0.0830078125,2.787928342819214,0.0634765625,1.9673540592193604,0.2914496660232544,1.0,2.7728047370910645,0.0908203125,2.8378078937530518,0.0634765625,1.960829257965088,0.2904306650161743,1.0,2.7729902267456055,0.09033203125,2.8190670013427734,0.06201171875
confirm-U-w64-d57163-s802-g04-random,confirm,U,64,57163,802,96203,4,random,0.0001,0.1,113408,20,1.205125206260564,,0.0019484809414417029,46.54410362243652,0.328125,0.9125,False,False,2.001842737197876,1.999616265296936,1.912229061126709,0.2771379351615906,1.0,2.6644434928894043,0.1513671875,2.7951061725616455,0.09033203125,2.016857385635376,0.2788677215576172,1.0,2.8123393058776855,0.1171875,2.959364891052246,0.0517578125,2.011086940765381,0.2793895900249481,1.0,2.80829119682312,0.10302734375,2.94558048248291,0.06103515625
confirm-U-w64-d57163-s802-g04-random,confirm,U,64,57163,802,96203,4,random,0.0001,0.1,113408,30,1.5631089174429675,,0.01201786205890124,65.17734080553055,0.35546875,0.9416666666666667,False,False,2.001842737197876,1.999616265296936,1.8758361339569092,0.24851687252521515,1.0,2.589404582977295,0.1875,2.7895867824554443,0.12255859375,2.0596303939819336,0.2518722116947174,1.0,2.851789712905884,0.1220703125,3.0752296447753906,0.052734375,2.0483925342559814,0.25429075956344604,1.0,2.845885753631592,0.11669921875,3.0450010299682617,0.06201171875
confirm-U-w64-d57163-s802-g04-uniform,confirm,U,64,57163,802,96203,4,uniform,0.0001,0.1,113408,0,,no_adaptation,,0.0,0.0,,False,False,2.001842737197876,1.999616265296936,2.0031356811523438,0.403412401676178,1.0,2.8016414642333984,0.07080078125,2.8043527603149414,0.0546875,2.001842737197876,0.4032505750656128,1.0,2.8003926277160645,0.080078125,2.801884651184082,0.05859375,1.999616265296936,0.40260693430900574,1.0,2.796400547027588,0.0859375,2.7998416423797607,0.06640625
confirm-U-w64-d57163-s802-g04-uniform,confirm,U,64,57163,802,96203,4,uniform,0.0001,0.1,113408,1,,constant_weights,,7.547848701477051,0.17578125,0.0,False,False,2.001842737197876,1.999616265296936,1.9883936643600464,0.3813895285129547,1.0,2.7893569469451904,0.0712890625,2.7944345474243164,0.05712890625,1.9942859411239624,0.38186073303222656,1.0,2.7978649139404297,0.0791015625,2.8031320571899414,0.05859375,1.9890727996826172,0.3811519145965576,1.0,2.7890281677246094,0.08837890625,2.7970380783081055,0.0654296875
confirm-U-w64-d57163-s802-g04-uniform,confirm,U,64,57163,802,96203,4,uniform,0.0001,0.1,113408,3,,constant_weights,,19.762775421142578,0.005859375,0.0,False,False,2.001842737197876,1.999616265296936,1.964536428451538,0.3353780210018158,1.0,2.7715721130371094,0.07568359375,2.7866592407226562,0.056640625,1.9720877408981323,0.3359982967376709,1.0,2.782834053039551,0.08203125,2.7974307537078857,0.0576171875,1.9686356782913208,0.3352375030517578,1.0,2.777683973312378,0.08935546875,2.792985439300537,0.064453125
confirm-U-w64-d57163-s802-g04-uniform,confirm,U,64,57163,802,96203,4,uniform,0.0001,0.1,113408,5,,constant_weights,,30.86263155937195,0.001953125,0.0,False,False,2.001842737197876,1.999616265296936,1.9428569078445435,0.29969722032546997,1.0,2.7500462532043457,0.076171875,2.778827667236328,0.05908203125,1.9549551010131836,0.300437867641449,1.0,2.7663629055023193,0.0859375,2.7980644702911377,0.0576171875,1.9529591798782349,0.2998909056186676,1.0,2.7653894424438477,0.08740234375,2.7935972213745117,0.0673828125
confirm-U-w64-d57163-s802-g04-uniform,confirm,U,64,57163,802,96203,4,uniform,0.0001,0.1,113408,10,,constant_weights,,65.24697482585907,0.01171875,0.23125,False,False,2.001842737197876,1.999616265296936,1.8756999969482422,0.2513941824436188,1.0,2.6188411712646484,0.0966796875,2.756864547729492,0.0654296875,1.926466941833496,0.25351911783218384,1.0,2.7092044353485107,0.1015625,2.8166773319244385,0.056640625,1.922757863998413,0.2526616156101227,1.0,2.7100610733032227,0.103515625,2.8055508136749268,0.06201171875
confirm-U-w64-d57163-s802-g04-uniform,confirm,U,64,57163,802,96203,4,uniform,0.0001,0.1,113408,20,,constant_weights,,136.00432670116425,0.009765625,0.615625,False,False,2.001842737197876,1.999616265296936,1.737502098083496,0.19990432262420654,1.0,2.291274070739746,0.236328125,2.721327781677246,0.1015625,1.890411615371704,0.2029961794614792,1.0,2.6079211235046387,0.1533203125,2.8603172302246094,0.0634765625,1.8837376832962036,0.2031586468219757,1.0,2.5987884998321533,0.1484375,2.8492658138275146,0.07275390625
confirm-U-w64-d57163-s802-g04-uniform,confirm,U,64,57163,802,96203,4,uniform,0.0001,0.1,113408,30,,constant_weights,,187.50409591197968,0.0,0.74375,False,False,2.001842737197876,1.999616265296936,1.6369166374206543,0.1689196527004242,1.0,2.057687997817993,0.34375,2.6841421127319336,0.1162109375,1.892916202545166,0.1715267300605774,1.0,2.6170291900634766,0.1767578125,2.890192985534668,0.052734375,1.8744494915008545,0.17276492714881897,1.0,2.5754218101501465,0.1708984375,2.875161647796631,0.0654296875
confirm-U-w64-d57163-s803-g04-random,confirm,U,64,57163,803,96203,4,random,0.0001,0.1,113408,0,,no_adaptation,,0.0,0.0,,False,False,1.998441219329834,1.9973949193954468,2.001054525375366,0.39132094383239746,1.0,2.805096387863159,0.07080078125,2.8067469596862793,0.0546875,1.998441219329834,0.3926572799682617,1.0,2.7973873615264893,0.080078125,2.805278778076172,0.05859375,1.9973949193954468,0.3917071521282196,1.0,2.7979989051818848,0.0859375,2.802478313446045,0.06640625
confirm-U-w64-d57163-s803-g04-random,confirm,U,64,57163,803,96203,4,random,0.0001,0.1,113408,1,0.29429637421662147,,0.0059225011930289905,4.09752631187439,0.400390625,0.8125,False,False,1.998441219329834,1.9973949193954468,1.9930517673492432,0.3809100389480591,1.0,2.796046733856201,0.07177734375,2.8021984100341797,0.0546875,1.991632103919983,0.3828009068965912,1.0,2.789123058319092,0.08203125,2.8029727935791016,0.05859375,1.99222731590271,0.38197875022888184,1.0,2.793962240219116,0.08935546875,2.800741195678711,0.06640625
confirm-U-w64-d57163-s803-g04-random,confirm,U,64,57163,803,96203,4,random,0.0001,0.1,113408,3,0.17374899318437798,,0.0021034650864327187,12.3164564371109,0.20703125,0.7291666666666666,False,False,1.998441219329834,1.9973949193954468,1.9769991636276245,0.3466300964355469,1.0,2.7862181663513184,0.07373046875,2.798149347305298,0.05322265625,1.9801963567733765,0.34874555468559265,1.0,2.786128044128418,0.0791015625,2.805715560913086,0.0595703125,1.9776451587677002,0.34749871492385864,1.0,2.787621021270752,0.09326171875,2.7978157997131348,0.06396484375
confirm-U-w64-d57163-s803-g04-random,confirm,U,64,57163,803,96203,4,random,0.0001,0.1,113408,5,0.17095364772666183,,0.0017062278099547635,19.190707206726074,0.140625,0.75,False,False,1.998441219329834,1.9973949193954468,1.9635729789733887,0.3216586709022522,1.0,2.773524284362793,0.0830078125,2.7955355644226074,0.05419921875,1.9685908555984497,0.3238784670829773,1.0,2.775789499282837,0.0908203125,2.8061046600341797,0.0576171875,1.9676614999771118,0.3224513530731201,1.0,2.781247138977051,0.09912109375,2.799286127090454,0.0634765625
confirm-U-w64-d57163-s803-g04-random,confirm,U,64,57163,803,96203,4,random,0.0001,0.1,113408,10,0.45354957703015386,,0.0019443618853067334,26.89298975467682,0.271484375,0.85625,False,False,1.998441219329834,1.9973949193954468,1.9485294818878174,0.3073752522468567,1.0,2.7366528511047363,0.0869140625,2.801560163497925,0.06005859375,1.9763106107711792,0.31157469749450684,1.0,2.7870984077453613,0.095703125,2.830258846282959,0.06640625,1.974001407623291,0.3090411126613617,1.0,2.786978006362915,0.095703125,2.825984477996826,0.0654296875
confirm-U-w64-d57163-s803-g04-random,confirm,U,64,57163,803,96203,4,random,0.0001,0.1,113408,20,0.7727839223404955,,0.00047544384547582204,45.46406304836273,0.287109375,0.928125,False,False,1.998441219329834,1.9973949193954468,1.9122579097747803,0.2711712419986725,0.99951171875,2.655008316040039,0.1337890625,2.810593843460083,0.07275390625,1.9850085973739624,0.27686581015586853,1.0,2.7905113697052,0.095703125,2.887648582458496,0.0732421875,1.9871841669082642,0.27533477544784546,0.99951171875,2.787652015686035,0.111328125,2.8985657691955566,0.05712890625
confirm-U-w64-d57163-s803-g04-random,confirm,U,64,57163,803,96203,4,random,0.0001,0.1,113408,30,1.3005581022858506,,0.004973496923942196,56.07647180557251,0.34765625,0.9520833333333333,False,False,1.998441219329834,1.9973949193954468,1.8915303945541382,0.25848692655563354,0.9990234375,2.5858471393585205,0.18408203125,2.830256938934326,0.0986328125,2.0210342407226562,0.2678767740726471,0.9990234375,2.8108232021331787,0.1220703125,2.984402656555176,0.0673828125,2.027378559112549,0.2653382122516632,0.99951171875,2.8095173835754395,0.12646484375,3.0072803497314453,0.0576171875
confirm-U-w64-d57163-s803-g04-uniform,confirm,U,64,57163,803,96203,4,uniform,0.0001,0.1,113408,0,,no_adaptation,,0.0,0.0,,False,False,1.998441219329834,1.9973949193954468,2.001054525375366,0.39132094383239746,1.0,2.805096387863159,0.07080078125,2.8067469596862793,0.0546875,1.998441219329834,0.3926572799682617,1.0,2.7973873615264893,0.080078125,2.805278778076172,0.05859375,1.9973949193954468,0.3917071521282196,1.0,2.7979989051818848,0.0859375,2.802478313446045,0.06640625
confirm-U-w64-d57163-s803-g04-uniform,confirm,U,64,57163,803,96203,4,uniform,0.0001,0.1,113408,1,,constant_weights,,7.880950570106506,0.1796875,0.125,False,False,1.998441219329834,1.9973949193954468,1.9856622219085693,0.37173593044281006,1.0,2.789853096008301,0.072265625,2.7953977584838867,0.0537109375,1.9900505542755127,0.37329477071762085,1.0,2.7909326553344727,0.080078125,2.805924415588379,0.0576171875,1.9870847463607788,0.372598797082901,1.0,2.7898597717285156,0.08837890625,2.798795461654663,0.0654296875
confirm-U-w64-d57163-s803-g04-uniform,confirm,U,64,57163,803,96203,4,uniform,0.0001,0.1,113408,3,,constant_weights,,19.974998235702515,0.001953125,0.041666666666666664,False,False,1.998441219329834,1.9973949193954468,1.9620412588119507,0.3264331817626953,1.0,2.7737948894500732,0.0732421875,2.785895347595215,0.0546875,1.969562292098999,0.32847145199775696,1.0,2.7807860374450684,0.0810546875,2.7994296550750732,0.05859375,1.9668784141540527,0.3277735412120819,1.0,2.7792797088623047,0.08837890625,2.793581962585449,0.06689453125
confirm-U-w64-d57163-s803-g04-uniform,confirm,U,64,57163,803,96203,4,uniform,0.0001,0.1,113408,5,,constant_weights,,30.47676134109497,0.0,0.025,False,False,1.998441219329834,1.9973949193954468,1.9415298700332642,0.29310476779937744,1.0,2.7535150051116943,0.08056640625,2.7779698371887207,0.0546875,1.9549740552902222,0.2954655885696411,1.0,2.768355131149292,0.0947265625,2.8011016845703125,0.056640625,1.9530267715454102,0.2947368621826172,1.0,2.770979404449463,0.0947265625,2.7933645248413086,0.0625
confirm-U-w64-d57163-s803-g04-uniform,confirm,U,64,57163,803,96203,4,uniform,0.0001,0.1,113408,10,,constant_weights,,55.296711802482605,0.00390625,0.3125,False,False,1.998441219329834,1.9973949193954468,1.893053412437439,0.24563845992088318,1.0,2.6697089672088623,0.0859375,2.763812780380249,0.06298828125,1.9263286590576172,0.24846719205379486,1.0,2.7272191047668457,0.0888671875,2.803300142288208,0.0625,1.9254883527755737,0.24726516008377075,1.0,2.7307119369506836,0.091796875,2.798487901687622,0.0654296875
confirm-U-w64-d57163-s803-g04-uniform,confirm,U,64,57163,803,96203,4,uniform,0.0001,0.1,113408,20,,constant_weights,,113.36685931682587,0.015625,0.65625,False,False,1.998441219329834,1.9973949193954468,1.7796350717544556,0.19534537196159363,1.0,2.3913650512695312,0.21044921875,2.752195358276367,0.09326171875,1.8844804763793945,0.1994633674621582,1.0,2.598904609680176,0.1533203125,2.8550734519958496,0.0693359375,1.8788855075836182,0.19769884645938873,1.0,2.584929943084717,0.13818359375,2.854027509689331,0.05224609375
confirm-U-w64-d57163-s803-g04-uniform,confirm,U,64,57163,803,96203,4,uniform,0.0001,0.1,113408,30,,constant_weights,,155.7016270160675,0.01171875,0.7708333333333334,False,False,1.998441219329834,1.9973949193954468,1.6969501972198486,0.1637723594903946,1.0,2.186894416809082,0.27734375,2.7401833534240723,0.10791015625,1.875343918800354,0.1680324822664261,1.0,2.576395034790039,0.1572265625,2.8816041946411133,0.0595703125,1.8652470111846924,0.16765068471431732,1.0,2.5366485118865967,0.17138671875,2.891441583633423,0.0615234375
tune-M-w128-d48371-s701-g00-random,tune,M,128,48371,701,96101,0,random,1e-05,0.1,621696,0,,no_adaptation,,0.0,0.0,,False,False,4.040436267852783,,4.047284126281738,0.04842834174633026,1.0,6.037038803100586,0.07275390625,6.0563859939575195,0.06591796875,4.040436267852783,0.04849442094564438,1.0,5.9780683517456055,0.078125,6.094747066497803,0.0595703125,,,,,,,
tune-M-w128-d48371-s701-g00-random,tune,M,128,48371,701,96101,0,random,1e-05,0.1,621696,1,0.006984424616958173,,6.399224483567156e-07,146.11605620384216,0.0,1.0,False,False,4.040436267852783,,3.761901378631592,0.057171985507011414,1.0,5.592207431793213,0.07275390625,5.636324882507324,0.06591796875,3.7585248947143555,0.05725914239883423,1.0,5.540034294128418,0.078125,5.678280830383301,0.0595703125,,,,,,,
tune-M-w128-d48371-s701-g00-random,tune,M,128,48371,701,96101,0,random,1e-05,0.1,621696,3,0.0028517576971265456,,5.115934505668763e-07,611.4619635343552,0.0,1.0,False,False,4.040436267852783,,2.853022575378418,0.23721864819526672,1.0,4.133207321166992,0.07275390625,4.188641548156738,0.06591796875,2.8535079956054688,0.23775970935821533,1.0,4.097939968109131,0.078125,4.224824905395508,0.0595703125,,,,,,,
tune-M-w128-d48371-s701-g00-random,tune,M,128,48371,701,96101,0,random,1e-05,0.1,621696,5,0.0021630016599861867,,8.080505146617498e-07,833.025218129158,0.0,1.0,False,False,4.040436267852783,,2.4202818870544434,0.802634596824646,1.0,3.2014050483703613,0.07275390625,3.2568061351776123,0.06591796875,2.4230923652648926,0.8036106824874878,1.0,3.1840686798095703,0.078125,3.28159761428833,0.0595703125,,,,,,,
tune-M-w128-d48371-s701-g00-random,tune,M,128,48371,701,96101,0,random,1e-05,0.1,621696,10,0.004800940131740379,,1.3944974631965777e-06,877.9820145368576,0.0,1.0,False,False,4.040436267852783,,2.3324756622314453,0.915910542011261,1.0,2.987133502960205,0.07275390625,3.0943827629089355,0.06591796875,2.342564105987549,0.9152013063430786,1.0,2.991553783416748,0.078125,3.1209373474121094,0.0595703125,,,,,,,
tune-M-w128-d48371-s701-g00-random,tune,M,128,48371,701,96101,0,random,1e-05,0.1,621696,20,0.009778871941711106,,3.3401080299566282e-06,899.0220502614975,0.0,0.996875,False,False,4.040436267852783,,2.2913818359375,0.853467583656311,1.0,2.9040305614471436,0.07275390625,3.116647243499756,0.06591796875,2.3146393299102783,0.8506826162338257,1.0,2.9353585243225098,0.078125,3.157877206802368,0.0595703125,,,,,,,
tune-M-w128-d48371-s701-g00-random,tune,M,128,48371,701,96101,0,random,1e-05,0.1,621696,30,0.014148801644643418,,6.9634758520374604e-06,912.9060930013657,0.0,0.9979166666666667,False,False,4.040436267852783,,2.2642645835876465,0.7942637205123901,1.0,2.8523755073547363,0.07275390625,3.1461546421051025,0.06591796875,2.3012828826904297,0.7914043664932251,1.0,2.9062798023223877,0.078125,3.206164836883545,0.0595703125,,,,,,,
tune-M-w128-d48371-s701-g00-uniform,tune,M,128,48371,701,96101,0,uniform,1e-05,0.1,621696,0,,no_adaptation,,0.0,0.0,,False,False,4.040436267852783,,4.047284126281738,0.04842834174633026,1.0,6.037038803100586,0.07275390625,6.0563859939575195,0.06591796875,4.040436267852783,0.04849442094564438,1.0,5.9780683517456055,0.078125,6.094747066497803,0.0595703125,,,,,,,
tune-M-w128-d48371-s701-g00-uniform,tune,M,128,48371,701,96101,0,uniform,1e-05,0.1,621696,1,,constant_weights,,170.3747284412384,0.0,1.0,False,False,4.040436267852783,,3.7145214080810547,0.060040056705474854,1.0,5.5183563232421875,0.07275390625,5.56516695022583,0.06591796875,3.7127246856689453,0.06014552339911461,1.0,5.468099594116211,0.078125,5.609927654266357,0.0595703125,,,,,,,
tune-M-w128-d48371-s701-g00-uniform,tune,M,128,48371,701,96101,0,uniform,1e-05,0.1,621696,3,,constant_weights,,669.2747604846954,0.0,1.0,False,False,4.040436267852783,,2.7401070594787598,0.3140218257904053,1.0,3.926433563232422,0.07275390625,3.979865550994873,0.06591796875,2.7432990074157715,0.31482818722724915,1.0,3.8948564529418945,0.078125,4.020212173461914,0.0595703125,,,,,,,
tune-M-w128-d48371-s701-g00-uniform,tune,M,128,48371,701,96101,0,uniform,1e-05,0.1,621696,5,,constant_weights,,851.6900548934937,0.0,1.0,False,False,4.040436267852783,,2.3838272094726562,0.8959316611289978,1.0,3.0980887413024902,0.07275390625,3.157461166381836,0.06591796875,2.390159845352173,0.8981331586837769,1.0,3.0859062671661377,0.078125,3.1864399909973145,0.0595703125,,,,,,,
tune-M-w128-d48371-s701-g00-uniform,tune,M,128,48371,701,96101,0,uniform,1e-05,0.1,621696,10,,constant_weights,,891.2606424093246,0.0,1.0,False,False,4.040436267852783,,2.3065409660339355,0.9078674912452698,1.0,2.9318795204162598,0.07275390625,3.0798754692077637,0.06591796875,2.3254432678222656,0.9110991358757019,1.0,2.9447154998779297,0.078125,3.1205153465270996,0.0595703125,,,,,,,
tune-M-w128-d48371-s701-g00-uniform,tune,M,128,48371,701,96101,0,uniform,1e-05,0.1,621696,20,,constant_weights,,924.5861587524414,0.0,1.0,False,False,4.040436267852783,,2.2414517402648926,0.8400675654411316,1.0,2.807201862335205,0.07275390625,3.0770864486694336,0.06591796875,2.2791738510131836,0.845892608165741,1.0,2.847769021987915,0.078125,3.143859386444092,0.0595703125,,,,,,,
tune-M-w128-d48371-s701-g00-uniform,tune,M,128,48371,701,96101,0,uniform,1e-05,0.1,621696,30,,constant_weights,,959.3475426435471,0.0,1.0,False,False,4.040436267852783,,2.173558473587036,0.7219358682632446,1.0,2.7401175498962402,0.07275390625,3.0586225986480713,0.06591796875,2.2266135215759277,0.7315520644187927,1.0,2.8028883934020996,0.078125,3.1454005241394043,0.0595703125,,,,,,,
tune-M-w128-d48371-s701-g01-random,tune,M,128,48371,701,96101,1,random,1e-05,1.0,621696,0,,no_adaptation,,0.0,0.0,,False,False,4.040436267852783,,4.047284126281738,0.04842834174633026,1.0,6.037038803100586,0.07275390625,6.0563859939575195,0.06591796875,4.040436267852783,0.04849442094564438,1.0,5.9780683517456055,0.078125,6.094747066497803,0.0595703125,,,,,,,
tune-M-w128-d48371-s701-g01-random,tune,M,128,48371,701,96101,1,random,1e-05,1.0,621696,1,0.00696053541290848,,6.379467009114452e-07,146.57497763633728,0.0,1.0,False,False,4.040436267852783,,3.76100492477417,0.057273391634225845,1.0,5.590818405151367,0.07275390625,5.634922981262207,0.06591796875,3.757629632949829,0.05736062675714493,1.0,5.538658618927002,0.078125,5.6768693923950195,0.0595703125,,,,,,,
tune-M-w128-d48371-s701-g01-random,tune,M,128,48371,701,96101,1,random,1e-05,1.0,621696,3,0.00284599400998175,,5.113220941384215e-07,612.1095739603043,0.0,1.0,False,False,4.040436267852783,,2.851757764816284,0.23787149786949158,1.0,4.130999565124512,0.07275390625,4.186401844024658,0.06591796875,2.8522439002990723,0.23841191828250885,1.0,4.095752716064453,0.078125,4.222567081451416,0.0595703125,,,,,,,
tune-M-w128-d48371-s701-g01-random,tune,M,128,48371,701,96101,1,random,1e-05,1.0,621696,5,0.002161480814360752,,8.085272335517327e-07,833.1717326641083,0.0,1.0,False,False,4.040436267852783,,2.4199960231781006,0.8036800622940063,1.0,3.200465679168701,0.07275390625,3.2558414936065674,0.06591796875,2.4228076934814453,0.8046512007713318,1.0,3.1831398010253906,0.078125,3.280632257461548,0.0595703125,,,,,,,
tune-M-w128-d48371-s701-g01-random,tune,M,128,48371,701,96101,1,random,1e-05,1.0,621696,10,0.004803688697570032,,1.3946950122167245e-06,877.8506410121918,0.0,1.0,False,False,4.040436267852783,,2.3327322006225586,0.9163732528686523,1.0,2.987234592437744,0.07275390625,3.0945887565612793,0.06591796875,2.3428187370300293,0.915653645992279,1.0,2.9916553497314453,0.078125,3.121147632598877,0.0595703125,,,,,,,
tune-M-w128-d48371-s701-g01-random,tune,M,128,48371,701,96101,1,random,1e-05,1.0,621696,20,0.00978323694054414,,3.337904119543072e-06,898.7663930654526,0.0,0.996875,False,False,4.040436267852783,,2.2918813228607178,0.8545334339141846,1.0,2.9040980339050293,0.07275390625,3.1170120239257812,0.06591796875,2.3151276111602783,0.8517295122146606,1.0,2.9354145526885986,0.078125,3.158238410949707,0.0595703125,,,,,,,
tune-M-w128-d48371-s701-g01-random,tune,M,128,48371,701,96101,1,random,1e-05,1.0,621696,30,0.014150332725585787,,6.947303238883956e-06,912.4934158325195,0.0,0.9979166666666667,False,False,4.040436267852783,,2.2650704383850098,0.7962015867233276,1.0,2.852445602416992,0.07275390625,3.1465647220611572,0.06591796875,2.3020238876342773,0.7933138608932495,1.0,2.906243324279785,0.078125,3.2065141201019287,0.0595703125,,,,,,,
tune-M-w128-d48371-s701-g01-uniform,tune,M,128,48371,701,96101,1,uniform,1e-05,1.0,621696,0,,no_adaptation,,0.0,0.0,,False,False,4.040436267852783,,4.047284126281738,0.04842834174633026,1.0,6.037038803100586,0.07275390625,6.0563859939575195,0.06591796875,4.040436267852783,0.04849442094564438,1.0,5.9780683517456055,0.078125,6.094747066497803,0.0595703125,,,,,,,
tune-M-w128-d48371-s701-g01-uniform,tune,M,128,48371,701,96101,1,uniform,1e-05,1.0,621696,1,,constant_weights,,170.8233983516693,0.0,1.0,False,False,4.040436267852783,,3.7136449813842773,0.06014405936002731,1.0,5.516996383666992,0.07275390625,5.563794136047363,0.06591796875,3.711848735809326,0.060249608010053635,1.0,5.466752529144287,0.078125,5.608543395996094,0.0595703125,,,,,,,
tune-M-w128-d48371-s701-g01-uniform,tune,M,128,48371,701,96101,1,uniform,1e-05,1.0,621696,3,,constant_weights,,669.8088483810425,0.0,1.0,False,False,4.040436267852783,,2.7390637397766113,0.3147588074207306,1.0,3.924513339996338,0.07275390625,3.977919578552246,0.06591796875,2.7422542572021484,0.3155641555786133,1.0,3.8929526805877686,0.078125,4.018245220184326,0.0595703125,,,,,,,
tune-M-w128-d48371-s701-g01-uniform,tune,M,128,48371,701,96101,1,uniform,1e-05,1.0,621696,5,,constant_weights,,851.7530443668365,0.0,1.0,False,False,4.040436267852783,,2.38370418548584,0.8968675136566162,1.0,3.0974373817443848,0.07275390625,3.1568076610565186,0.06591796875,2.390036106109619,0.8990657329559326,1.0,3.0852622985839844,0.078125,3.1857802867889404,0.0595703125,,,,,,,
tune-M-w128-d48371-s701-g01-uniform,tune,M,128,48371,701,96101,1,uniform,1e-05,1.0,621696,10,,constant_weights,,891.1358886957169,0.0,1.0,False,False,4.040436267852783,,2.3067843914031982,0.9082990288734436,1.0,2.931943893432617,0.07275390625,3.0801103115081787,0.06591796875,2.3256871700286865,0.9115208387374878,1.0,2.9447832107543945,0.078125,3.1207573413848877,0.0595703125,,,,,,,
tune-M-w128-d48371-s701-g01-uniform,tune,M,128,48371,701,96101,1,uniform,1e-05,1.0,621696,20,,constant_weights,,924.3003039360046,0.0,1.0,False,False,4.040436267852783,,2.2420101165771484,0.841177225112915,1.0,2.8073525428771973,0.07275390625,3.077501058578491,0.06591796875,2.279697895050049,0.8469730615615845,1.0,2.8478729724884033,0.078125,3.1442482471466064,0.0595703125,,,,,,,
tune-M-w128-d48371-s701-g01-uniform,tune,M,128,48371,701,96101,1,uniform,1e-05,1.0,621696,30,,constant_weights,,958.9304696321487,0.0,1.0,False,False,4.040436267852783,,2.174373149871826,0.7235650420188904,1.0,2.7405643463134766,0.07275390625,3.058990240097046,0.06591796875,2.227262258529663,0.7331262826919556,1.0,2.8030853271484375,0.078125,3.1455745697021484,0.0595703125,,,,,,,
tune-M-w128-d48371-s701-g02-random,tune,M,128,48371,701,96101,2,random,3e-05,0.1,621696,0,,no_adaptation,,0.0,0.0,,False,False,4.040436267852783,,4.047284126281738,0.04842834174633026,1.0,6.037038803100586,0.07275390625,6.0563859939575195,0.06591796875,4.040436267852783,0.04849442094564438,1.0,5.9780683517456055,0.078125,6.094747066497803,0.0595703125,,,,,,,
tune-M-w128-d48371-s701-g02-random,tune,M,128,48371,701,96101,2,random,3e-05,0.1,621696,1,0.0031497463335973695,,4.835282582618316e-07,590.0125905275345,0.0,1.0,False,False,4.040436267852783,,2.89491605758667,0.2133059799671173,1.0,4.2053327560424805,0.07275390625,4.266109466552734,0.06591796875,2.8960464000701904,0.21375790238380432,1.0,4.169889450073242,0.078125,4.304491996765137,0.0595703125,,,,,,,
tune-M-w128-d48371-s701-g02-random,tune,M,128,48371,701,96101,2,random,3e-05,0.1,621696,3,0.004258146632796878,,1.5832326536587567e-06,869.3185670375824,0.0,1.0,False,False,4.040436267852783,,2.3493967056274414,1.0326765775680542,1.0,2.965693235397339,0.07275390625,3.0498197078704834,0.06591796875,2.3567745685577393,1.032435417175293,1.0,2.965934991836548,0.078125,3.071953296661377,0.0595703125,,,,,,,
tune-M-w128-d48371-s701-g02-random,tune,M,128,48371,701,96101,2,random,3e-05,0.1,621696,5,0.006997340169328275,,2.0440638800504343e-06,887.6302607059479,0.0,1.0,False,False,4.040436267852783,,2.313631534576416,0.8918956518173218,1.0,2.9456429481506348,0.07275390625,3.103355884552002,0.06591796875,2.331209421157837,0.8912396430969238,1.0,2.965526819229126,0.078125,3.136861562728882,0.0595703125,,,,,,,
tune-M-w128-d48371-s701-g02-random,tune,M,128,48371,701,96101,2,random,3e-05,0.1,621696,10,0.013364395424834107,,6.157981503617354e-06,910.7649233341217,0.0,1.0,False,False,4.040436267852783,,2.268446683883667,0.8244920372962952,1.0,2.8440043926239014,0.07275390625,3.13684344291687,0.06591796875,2.302438497543335,0.8208236694335938,1.0,2.895697832107544,0.078125,3.190793514251709,0.0595703125,,,,,,,
tune-M-w128-d48371-s701-g02-random,tune,M,128,48371,701,96101,2,random,3e-05,0.1,621696,20,0.024511007721476838,,2.0082780967855315e-05,955.5815677642822,0.0,1.0,False,False,4.040436267852783,,2.1809139251708984,0.648426353931427,1.0,2.7626373767852783,0.0751953125,3.1316781044006348,0.06591796875,2.2464568614959717,0.6468994617462158,1.0,2.8627254962921143,0.0791015625,3.229745388031006,0.0595703125,,,,,,,
tune-M-w128-d48371-s701-g02-random,tune,M,128,48371,701,96101,2,random,3e-05,0.1,621696,30,0.027122169769171006,,2.225974891823661e-05,1008.9696053266525,0.0,1.0,False,False,4.040436267852783,,2.0766406059265137,0.5030636787414551,0.99853515625,2.7089693546295166,0.0849609375,3.0178885459899902,0.06591796875,2.1574113368988037,0.5224288105964661,0.998046875,2.8305704593658447,0.0791015625,3.119234561920166,0.0615234375,,,,,,,
tune-M-w128-d48371-s701-g02-uniform,tune,M,128,48371,701,96101,2,uniform,3e-05,0.1,621696,0,,no_adaptation,,0.0,0.0,,False,False,4.040436267852783,,4.047284126281738,0.04842834174633026,1.0,6.037038803100586,0.07275390625,6.0563859939575195,0.06591796875,4.040436267852783,0.04849442094564438,1.0,5.9780683517456055,0.078125,6.094747066497803,0.0595703125,,,,,,,
tune-M-w128-d48371-s701-g02-uniform,tune,M,128,48371,701,96101,2,uniform,3e-05,0.1,621696,1,,constant_weights,,652.0252178907394,0.0,1.0,False,False,4.040436267852783,,2.7737975120544434,0.28039824962615967,1.0,3.9908430576324463,0.07275390625,4.050151348114014,0.06591796875,2.7783703804016113,0.2811277210712433,1.0,3.9605906009674072,0.078125,4.093393325805664,0.0595703125,,,,,,,
tune-M-w128-d48371-s701-g02-uniform,tune,M,128,48371,701,96101,2,uniform,3e-05,0.1,621696,3,,constant_weights,,878.1464854478836,0.0,1.0,False,False,4.040436267852783,,2.3321545124053955,0.9669672250747681,1.0,2.95967698097229,0.07275390625,3.069819211959839,0.06591796875,2.3461034297943115,0.969930112361908,1.0,2.96537709236145,0.078125,3.1030030250549316,0.0595703125,,,,,,,
tune-M-w128-d48371-s701-g02-uniform,tune,M,128,48371,701,96101,2,uniform,3e-05,0.1,621696,5,,constant_weights,,903.8276517391205,0.0,1.0,False,False,4.040436267852783,,2.2819957733154297,0.877858579158783,1.0,2.87921142578125,0.07275390625,3.0889177322387695,0.06591796875,2.309659957885742,0.8829778432846069,1.0,2.90498948097229,0.078125,3.1410131454467773,0.0595703125,,,,,,,
tune-M-w128-d48371-s701-g02-uniform,tune,M,128,48371,701,96101,2,uniform,3e-05,0.1,621696,10,,constant_weights,,947.6192018985748,0.0,1.0,False,False,4.040436267852783,,2.196465492248535,0.7854325771331787,1.0,2.7410833835601807,0.07275390625,3.062880516052246,0.06591796875,2.2474446296691895,0.7938753366470337,1.0,2.7986645698547363,0.078125,3.149794578552246,0.0595703125,,,,,,,
tune-M-w128-d48371-s701-g02-uniform,tune,M,128,48371,701,96101,2,uniform,3e-05,0.1,621696,20,,constant_weights,,1081.4629377126694,0.0,1.0,False,False,4.040436267852783,,1.9350520372390747,0.2868668735027313,1.0,2.6553077697753906,0.07275390625,2.8629813194274902,0.06591796875,1.9832282066345215,0.3013286590576172,1.0,2.71557879447937,0.078125,2.9327776432037354,0.0595703125,,,,,,,
tune-M-w128-d48371-s701-g02-uniform,tune,M,128,48371,701,96101,2,uniform,3e-05,0.1,621696,30,,constant_weights,,1138.9275023937225,0.0,1.0,False,False,4.040436267852783,,1.8228166103363037,0.10569854825735092,1.0,2.5811209678649902,0.0732421875,2.781630516052246,0.06591796875,1.873421549797058,0.11752612888813019,1.0,2.6569550037384033,0.078125,2.845783233642578,0.0595703125,,,,,,,
tune-M-w128-d48371-s701-g03-random,tune,M,128,48371,701,96101,3,random,3e-05,1.0,621696,0,,no_adaptation,,0.0,0.0,,False,False,4.040436267852783,,4.047284126281738,0.04842834174633026,1.0,6.037038803100586,0.07275390625,6.0563859939575195,0.06591796875,4.040436267852783,0.04849442094564438,1.0,5.9780683517456055,0.078125,6.094747066497803,0.0595703125,,,,,,,
tune-M-w128-d48371-s701-g03-random,tune,M,128,48371,701,96101,3,random,3e-05,1.0,621696,1,0.003142730485425632,,4.834553341319534e-07,590.7277179956436,0.0,1.0,False,False,4.040436267852783,,2.893519401550293,0.2139546275138855,1.0,4.2029314041137695,0.07275390625,4.263671398162842,0.06591796875,2.8946499824523926,0.21440637111663818,1.0,4.167511463165283,0.078125,4.302031517028809,0.0595703125,,,,,,,
tune-M-w128-d48371-s701-g03-random,tune,M,128,48371,701,96101,3,random,3e-05,1.0,621696,3,0.004258855708942681,,1.5831653668405242e-06,869.191658616066,0.0,1.0,False,False,4.040436267852783,,2.349644660949707,1.0331594944000244,1.0,2.9657928943634033,0.07275390625,3.049980878829956,0.06591796875,2.3570241928100586,1.0329103469848633,1.0,2.9660415649414062,0.078125,3.0721206665039062,0.0595703125,,,,,,,
tune-M-w128-d48371-s701-g03-random,tune,M,128,48371,701,96101,3,random,3e-05,1.0,621696,5,0.007000542958390416,,2.0437211591889928e-06,887.4380533695221,0.0,1.0,False,False,4.040436267852783,,2.314006805419922,0.8927382230758667,1.0,2.9456887245178223,0.07275390625,3.1035938262939453,0.06591796875,2.331571102142334,0.8920636177062988,1.0,2.965557098388672,0.078125,3.137092113494873,0.0595703125,,,,,,,
tune-M-w128-d48371-s701-g03-random,tune,M,128,48371,701,96101,3,random,3e-05,1.0,621696,10,0.013367848791909148,,6.1444641583741565e-06,910.3614326715469,0.0,1.0,False,False,4.040436267852783,,2.2692346572875977,0.8263380527496338,1.0,2.844071388244629,0.07275390625,3.137294054031372,0.06591796875,2.30318284034729,0.8226436972618103,1.0,2.8956830501556396,0.078125,3.1912219524383545,0.0595703125,,,,,,,
tune-M-w128-d48371-s701-g03-random,tune,M,128,48371,701,96101,3,random,3e-05,1.0,621696,20,0.024309545800602496,,1.9777354048020523e-05,954.6759530305862,0.0,1.0,False,False,4.040436267852783,,2.182682752609253,0.6552971601486206,1.0,2.763213634490967,0.07470703125,3.129537582397461,0.06591796875,2.247478485107422,0.6536811590194702,1.0,2.862098217010498,0.0791015625,3.226656436920166,0.0595703125,,,,,,,
tune-M-w128-d48371-s701-g03-random,tune,M,128,48371,701,96101,3,random,3e-05,1.0,621696,30,0.026760723860238707,,2.1671831481909064e-05,1005.281259894371,0.0,1.0,False,False,4.040436267852783,,2.0838444232940674,0.5199793577194214,0.9990234375,2.7129108905792236,0.0849609375,3.0186429023742676,0.06591796875,2.1631951332092285,0.5389291048049927,0.9990234375,2.831986665725708,0.0791015625,3.1186695098876953,0.0615234375,,,,,,,
tune-M-w128-d48371-s701-g03-uniform,tune,M,128,48371,701,96101,3,uniform,3e-05,1.0,621696,0,,no_adaptation,,0.0,0.0,,False,False,4.040436267852783,,4.047284126281738,0.04842834174633026,1.0,6.037038803100586,0.07275390625,6.0563859939575195,0.06591796875,4.040436267852783,0.04849442094564438,1.0,5.9780683517456055,0.078125,6.094747066497803,0.0595703125,,,,,,,
tune-M-w128-d48371-s701-g03-uniform,tune,M,128,48371,701,96101,3,uniform,3e-05,1.0,621696,1,,constant_weights,,652.6192235946655,0.0,1.0,False,False,4.040436267852783,,2.772637367248535,0.28114053606987,1.0,3.988748073577881,0.07275390625,4.048023223876953,0.06591796875,2.7772068977355957,0.2818696200847626,1.0,3.958512783050537,0.078125,4.091238975524902,0.0595703125,,,,,,,
tune-M-w128-d48371-s701-g03-uniform,tune,M,128,48371,701,96101,3,uniform,3e-05,1.0,621696,3,,constant_weights,,878.0394934415817,0.0,1.0,False,False,4.040436267852783,,2.3323633670806885,0.967004656791687,1.0,2.959892511367798,0.07275390625,3.070193290710449,0.06591796875,2.3463175296783447,0.969958484172821,1.0,2.9656050205230713,0.078125,3.103389024734497,0.0595703125,,,,,,,
tune-M-w128-d48371-s701-g03-uniform,tune,M,128,48371,701,96101,3,uniform,3e-05,1.0,621696,5,,constant_weights,,903.6353902816772,0.0,1.0,False,False,4.040436267852783,,2.2823715209960938,0.8785725235939026,1.0,2.879279136657715,0.07275390625,3.0892624855041504,0.06591796875,2.310030698776245,0.8836752772331238,1.0,2.9050559997558594,0.078125,3.1413612365722656,0.0595703125,,,,,,,
tune-M-w128-d48371-s701-g03-uniform,tune,M,128,48371,701,96101,3,uniform,3e-05,1.0,621696,10,,constant_weights,,947.1772253513336,0.0,1.0,False,False,4.040436267852783,,2.197328805923462,0.787421464920044,1.0,2.7413480281829834,0.07275390625,3.0632171630859375,0.06591796875,2.2481775283813477,0.7958146333694458,1.0,2.798767566680908,0.078125,3.1499509811401367,0.0595703125,,,,,,,
tune-M-w128-d48371-s701-g03-uniform,tune,M,128,48371,701,96101,3,uniform,3e-05,1.0,621696,20,,constant_weights,,1078.8775638341904,0.0,1.0,False,False,4.040436267852783,,1.9401015043258667,0.2967832088470459,1.0,2.659173011779785,0.07275390625,2.8643484115600586,0.06591796875,1.9877362251281738,0.3112955093383789,1.0,2.7185122966766357,0.078125,2.9334006309509277,0.0595703125,,,,,,,
tune-M-w128-d48371-s701-g03-uniform,tune,M,128,48371,701,96101,3,uniform,3e-05,1.0,621696,30,,constant_weights,,1135.5135539770126,0.0,1.0,False,False,4.040436267852783,,1.829484462738037,0.11375246942043304,1.0,2.5915448665618896,0.07275390625,2.783155679702759,0.06591796875,1.8779391050338745,0.12573687732219696,1.0,2.662874937057495,0.078125,2.845205783843994,0.0595703125,,,,,,,
tune-M-w128-d48371-s701-g04-random,tune,M,128,48371,701,96101,4,random,0.0001,0.1,621696,0,,no_adaptation,,0.0,0.0,,False,False,4.040436267852783,,4.047284126281738,0.04842834174633026,1.0,6.037038803100586,0.07275390625,6.0563859939575195,0.06591796875,4.040436267852783,0.04849442094564438,1.0,5.9780683517456055,0.078125,6.094747066497803,0.0595703125,,,,,,,
tune-M-w128-d48371-s701-g04-random,tune,M,128,48371,701,96101,4,random,0.0001,0.1,621696,1,0.0033863508394549897,,1.8598987432335763e-06,846.0645107030869,0.0,1.0,False,False,4.040436267852783,,2.3948144912719727,1.4073553085327148,1.0,2.8533878326416016,0.07275390625,2.9237005710601807,0.06591796875,2.400355339050293,1.4110314846038818,1.0,2.852562665939331,0.078125,2.937471866607666,0.0595703125,,,,,,,
tune-M-w128-d48371-s701-g04-random,tune,M,128,48371,701,96101,4,random,0.0001,0.1,621696,3,0.012392944915645538,,5.024987345405959e-06,902.2175060510635,0.0,1.0,False,False,4.040436267852783,,2.2851405143737793,0.9219053387641907,1.0,2.830145835876465,0.07275390625,3.1033711433410645,0.06591796875,2.3126559257507324,0.9197111129760742,1.0,2.8718338012695312,0.078125,3.146423101425171,0.0595703125,,,,,,,
tune-M-w128-d48371-s701-g04-random,tune,M,128,48371,701,96101,4,random,0.0001,0.1,621696,5,0.019739904972512497,,1.2589724772665062e-05,920.1985770463943,0.0,1.0,False,False,4.040436267852783,,2.250021457672119,0.7813668251037598,1.0,2.7887864112854004,0.07275390625,3.179910659790039,0.06591796875,2.3047094345092773,0.7788529396057129,1.0,2.873055934906006,0.078125,3.262219190597534,0.0595703125,,,,,,,
tune-M-w128-d48371-s701-g04-random,tune,M,128,48371,701,96101,4,random,0.0001,0.1,621696,10,0.025537199972917868,,1.907846674449835e-05,998.9898183345795,0.0,1.0,False,False,4.040436267852783,,2.096132516860962,0.5645923614501953,0.9990234375,2.706629991531372,0.080078125,3.01717472076416,0.06640625,2.171520948410034,0.5843201875686646,1.0,2.8191685676574707,0.078125,3.1110739707946777,0.0595703125,,,,,,,
tune-M-w128-d48371-s701-g04-random,tune,M,128,48371,701,96101,4,random,0.0001,0.1,621696,20,0.05399737296026273,,8.735100035916057e-05,1081.0388873815536,0.0,1.0,False,False,4.040436267852783,,1.935880184173584,0.2444695085287094,0.99560546875,2.5655531883239746,0.1796875,2.9976179599761963,0.10546875,2.1111083030700684,0.2648885250091553,0.998046875,2.8561596870422363,0.1005859375,3.212277412414551,0.0615234375,,,,,,,
tune-M-w128-d48371-s701-g04-random,tune,M,128,48371,701,96101,4,random,0.0001,0.1,621696,30,0.10867462676668227,,0.00019046475244632137,1121.0958906412125,0.0,1.0,False,False,4.040436267852783,,1.8576438426971436,0.14589634537696838,0.99169921875,2.439129114151001,0.29541015625,2.9879062175750732,0.18603515625,2.2728593349456787,0.17064079642295837,0.9931640625,3.126037359237671,0.123046875,3.5218992233276367,0.0693359375,,,,,,,
tune-M-w128-d48371-s701-g04-uniform,tune,M,128,48371,701,96101,4,uniform,0.0001,0.1,621696,0,,no_adaptation,,0.0,0.0,,False,False,4.040436267852783,,4.047284126281738,0.04842834174633026,1.0,6.037038803100586,0.07275390625,6.0563859939575195,0.06591796875,4.040436267852783,0.04849442094564438,1.0,5.9780683517456055,0.078125,6.094747066497803,0.0595703125,,,,,,,
tune-M-w128-d48371-s701-g04-uniform,tune,M,128,48371,701,96101,4,uniform,0.0001,0.1,621696,1,,constant_weights,,855.0371799468994,0.0,1.0,False,False,4.040436267852783,,2.3772897720336914,1.334627389907837,1.0,2.8568296432495117,0.07275390625,2.9404120445251465,0.06591796875,2.38572359085083,1.3375234603881836,1.0,2.857646942138672,0.078125,2.9619998931884766,0.0595703125,,,,,,,
tune-M-w128-d48371-s701-g04-uniform,tune,M,128,48371,701,96101,4,uniform,0.0001,0.1,621696,3,,constant_weights,,926.2618215084076,0.0,1.0,False,False,4.040436267852783,,2.2381789684295654,0.8618866801261902,1.0,2.7622623443603516,0.07275390625,3.090388536453247,0.06591796875,2.282684564590454,0.8698142766952515,1.0,2.812075138092041,0.078125,3.1661643981933594,0.0595703125,,,,,,,
tune-M-w128-d48371-s701-g04-uniform,tune,M,128,48371,701,96101,4,uniform,0.0001,0.1,621696,5,,constant_weights,,990.050568819046,0.0,1.0,False,False,4.040436267852783,,2.1135916709899902,0.621785044670105,1.0,2.6950912475585938,0.07275390625,3.0238990783691406,0.06591796875,2.1751255989074707,0.6364148855209351,1.0,2.7676889896392822,0.078125,3.1212716102600098,0.0595703125,,,,,,,
tune-M-w128-d48371-s701-g04-uniform,tune,M,128,48371,701,96101,4,uniform,0.0001,0.1,621696,10,,constant_weights,,1124.4589066505432,0.0,1.0,False,False,4.040436267852783,,1.851075530052185,0.14945116639137268,1.0,2.6122982501983643,0.07861328125,2.7914769649505615,0.0654296875,1.8945040702819824,0.16375665366649628,1.0,2.6704695224761963,0.08203125,2.8492860794067383,0.060546875,,,,,,,
tune-M-w128-d48371-s701-g04-uniform,tune,M,128,48371,701,96101,4,uniform,0.0001,0.1,621696,20,,constant_weights,,1244.5410871505737,0.0,1.0,False,False,4.040436267852783,,1.6165399551391602,0.06089763343334198,1.0,2.0467050075531006,0.32177734375,2.7420172691345215,0.1025390625,1.8068597316741943,0.07055690139532089,0.9990234375,2.4888405799865723,0.177734375,2.8611817359924316,0.0615234375,,,,,,,
tune-M-w128-d48371-s701-g04-uniform,tune,M,128,48371,701,96101,4,uniform,0.0001,0.1,621696,30,,constant_weights,,1328.617314338684,0.0,1.0,False,False,4.040436267852783,,1.4523284435272217,0.04855644330382347,1.0,1.6305958032608032,0.49072265625,2.6778335571289062,0.12744140625,1.8466663360595703,0.052473314106464386,1.0,2.613842248916626,0.16796875,2.873683452606201,0.072265625,,,,,,,
tune-M-w128-d48371-s701-g05-random,tune,M,128,48371,701,96101,5,random,0.0001,1.0,621696,0,,no_adaptation,,0.0,0.0,,False,False,4.040436267852783,,4.047284126281738,0.04842834174633026,1.0,6.037038803100586,0.07275390625,6.0563859939575195,0.06591796875,4.040436267852783,0.04849442094564438,1.0,5.9780683517456055,0.078125,6.094747066497803,0.0595703125,,,,,,,
tune-M-w128-d48371-s701-g05-random,tune,M,128,48371,701,96101,5,random,0.0001,1.0,621696,1,0.0033852590889885473,,1.8616156755768912e-06,845.8465721607208,0.0,1.0,False,False,4.040436267852783,,2.395240068435669,1.408542513847351,1.0,2.8534302711486816,0.07275390625,2.9237475395202637,0.06591796875,2.4007863998413086,1.4122207164764404,1.0,2.852618932723999,0.078125,2.937519073486328,0.0595703125,,,,,,,
tune-M-w128-d48371-s701-g05-random,tune,M,128,48371,701,96101,5,random,0.0001,1.0,621696,3,0.012397841711779468,,5.017308869808527e-06,901.8336924314499,0.0,1.0,False,False,4.040436267852783,,2.2858903408050537,0.9237399101257324,1.0,2.830166816711426,0.07275390625,3.103764295578003,0.06591796875,2.3133974075317383,0.9215002059936523,1.0,2.871833086013794,0.078125,3.1468584537506104,0.0595703125,,,,,,,
tune-M-w128-d48371-s701-g05-random,tune,M,128,48371,701,96101,5,random,0.0001,1.0,621696,5,0.019695484591688406,,1.2491715856046334e-05,919.5580365657806,0.0,1.0,False,False,4.040436267852783,,2.251272439956665,0.7852494716644287,1.0,2.7888970375061035,0.07275390625,3.179671049118042,0.06591796875,2.30568528175354,0.7826758027076721,1.0,2.8726634979248047,0.078125,3.261716365814209,0.0595703125,,,,,,,
tune-M-w128-d48371-s701-g05-random,tune,M,128,48371,701,96101,5,random,0.0001,1.0,621696,10,0.02505846520866202,,1.8413026431914984e-05,996.2897492647171,0.0,1.0,False,False,4.040436267852783,,2.1014058589935303,0.5804443359375,0.9990234375,2.708909034729004,0.07958984375,3.014864444732666,0.06640625,2.174903631210327,0.5995616912841797,1.0,2.8187530040740967,0.078125,3.106395721435547,0.0595703125,,,,,,,
tune-M-w128-d48371-s701-g05-random,tune,M,128,48371,701,96101,5,random,0.0001,1.0,621696,20,0.04995431917912109,,7.535574697297177e-05,1076.1959871053696,0.0,1.0,False,False,4.040436267852783,,1.9453388452529907,0.27644070982933044,0.99560546875,2.57979154586792,0.16552734375,2.9797849655151367,0.10302734375,2.1055450439453125,0.2959740459918976,0.9970703125,2.8424954414367676,0.0966796875,3.1781654357910156,0.0634765625,,,,,,,
tune-M-w128-d48371-s701-g05-random,tune,M,128,48371,701,96101,5,random,0.0001,1.0,621696,30,0.0987997126010335,,0.00017366805439806253,1116.9786467552185,0.0,1.0,False,False,4.040436267852783,,1.8656854629516602,0.18607953190803528,0.99169921875,2.443877696990967,0.28076171875,2.9670989513397217,0.1767578125,2.2384579181671143,0.2139853537082672,0.994140625,3.054867744445801,0.1171875,3.4465203285217285,0.0634765625,,,,,,,
tune-M-w128-d48371-s701-g05-uniform,tune,M,128,48371,701,96101,5,uniform,0.0001,1.0,621696,0,,no_adaptation,,0.0,0.0,,False,False,4.040436267852783,,4.047284126281738,0.04842834174633026,1.0,6.037038803100586,0.07275390625,6.0563859939575195,0.06591796875,4.040436267852783,0.04849442094564438,1.0,5.9780683517456055,0.078125,6.094747066497803,0.0595703125,,,,,,,
tune-M-w128-d48371-s701-g05-uniform,tune,M,128,48371,701,96101,5,uniform,0.0001,1.0,621696,1,,constant_weights,,854.8571202754974,0.0,1.0,False,False,4.040436267852783,,2.377641439437866,1.3353909254074097,1.0,2.856943130493164,0.07275390625,2.9405906200408936,0.06591796875,2.386080265045166,1.3382890224456787,1.0,2.857773542404175,0.078125,2.9621787071228027,0.0595703125,,,,,,,
tune-M-w128-d48371-s701-g05-uniform,tune,M,128,48371,701,96101,5,uniform,0.0001,1.0,621696,3,,constant_weights,,925.8699961900711,0.0,1.0,False,False,4.040436267852783,,2.2389445304870605,0.8637794852256775,1.0,2.7623019218444824,0.07275390625,3.0907516479492188,0.06591796875,2.2833542823791504,0.8716320991516113,1.0,2.812034845352173,0.078125,3.166396379470825,0.0595703125,,,,,,,
tune-M-w128-d48371-s701-g05-uniform,tune,M,128,48371,701,96101,5,uniform,0.0001,1.0,621696,5,,constant_weights,,989.3133945465088,0.0,1.0,False,False,4.040436267852783,,2.1150314807891846,0.6236371994018555,1.0,2.6969985961914062,0.07275390625,3.024458885192871,0.06591796875,2.176100969314575,0.6380747556686401,1.0,2.7688229084014893,0.078125,3.1214053630828857,0.0595703125,,,,,,,
tune-M-w128-d48371-s701-g05-uniform,tune,M,128,48371,701,96101,5,uniform,0.0001,1.0,621696,10,,constant_weights,,1120.343698143959,0.0,1.0,False,False,4.040436267852783,,1.8591129779815674,0.16368930041790009,1.0,2.6201658248901367,0.076171875,2.7934839725494385,0.06591796875,1.9017550945281982,0.17865410447120667,1.0,2.6760149002075195,0.0810546875,2.8505961894989014,0.060546875,,,,,,,
tune-M-w128-d48371-s701-g05-uniform,tune,M,128,48371,701,96101,5,uniform,0.0001,1.0,621696,20,,constant_weights,,1235.3131030797958,0.0,1.0,False,False,4.040436267852783,,1.6345634460449219,0.07383991777896881,1.0,2.084601879119873,0.3076171875,2.745248317718506,0.1005859375,1.8115663528442383,0.08448141813278198,0.9990234375,2.4871649742126465,0.177734375,2.8630521297454834,0.06640625,,,,,,,
tune-M-w128-d48371-s701-g05-uniform,tune,M,128,48371,701,96101,5,uniform,0.0001,1.0,621696,30,,constant_weights,,1311.453478217125,0.0,1.0,False,False,4.040436267852783,,1.485851764678955,0.06355700641870499,1.0,1.706485390663147,0.46240234375,2.6875126361846924,0.12255859375,1.8404518365859985,0.06966132670640945,1.0,2.578784942626953,0.169921875,2.8729095458984375,0.072265625,,,,,,,
tune-M-w128-d50723-s702-g00-random,tune,M,128,50723,702,96102,0,random,1e-05,0.1,621696,0,,no_adaptation,,0.0,0.0,,False,False,4.066740036010742,,4.085045337677002,0.04931090027093887,1.0,6.166943550109863,0.0439453125,6.038881778717041,0.06396484375,4.066740036010742,0.04933752492070198,1.0,6.141736030578613,0.048828125,6.009146213531494,0.068359375,,,,,,,
tune-M-w128-d50723-s702-g00-random,tune,M,128,50723,702,96102,0,random,1e-05,0.1,621696,1,0.0045706775588372685,,4.111126487355643e-06,147.53591299057007,0.0,1.0,False,False,4.066740036010742,,3.796889066696167,0.05825984850525856,1.0,5.716878890991211,0.0439453125,5.6155290603637695,0.06396484375,3.7827370166778564,0.058286380022764206,1.0,5.692544937133789,0.048828125,5.597378730773926,0.068359375,,,,,,,
tune-M-w128-d50723-s702-g00-random,tune,M,128,50723,702,96102,0,random,1e-05,0.1,621696,3,0.0022682867587928684,,2.0902723576851867e-06,614.8420332670212,0.0,1.0,False,False,4.066740036010742,,2.8841817378997803,0.23708316683769226,1.0,4.239845275878906,0.0439453125,4.17561674118042,0.06396484375,2.8764312267303467,0.23647910356521606,1.0,4.211160659790039,0.048828125,4.181653022766113,0.068359375,,,,,,,
tune-M-w128-d50723-s702-g00-random,tune,M,128,50723,702,96102,0,random,1e-05,0.1,621696,5,0.0004975049425974341,,1.6243480292326326e-06,842.7252793312073,0.0,1.0,True,False,4.066740036010742,,2.4390974044799805,0.8248037695884705,1.0,3.2606468200683594,0.0439453125,3.231841564178467,0.06396484375,2.4378058910369873,0.8212406635284424,1.0,3.245941638946533,0.048828125,3.246234893798828,0.068359375,,,,,,,
tune-M-w128-d50723-s702-g00-random,tune,M,128,50723,702,96102,0,random,1e-05,0.1,621696,10,0.0004986547813312485,,1.8589921425723304e-06,886.3264207839966,0.0,1.0,True,False,4.066740036010742,,2.3539388179779053,0.9250031113624573,1.0,3.0508265495300293,0.0439453125,3.085987091064453,0.06396484375,2.358642101287842,0.9258216619491577,1.0,3.0564513206481934,0.048828125,3.0936522483825684,0.068359375,,,,,,,
tune-M-w128-d50723-s702-g00-random,tune,M,128,50723,702,96102,0,random,1e-05,0.1,621696,20,0.005177123932999498,,3.6236490424575847e-06,907.2558200359344,0.0,1.0,False,False,4.066740036010742,,2.313061237335205,0.8561790585517883,1.0,2.980198860168457,0.0439453125,3.1028060913085938,0.06396484375,2.32818865776062,0.8586432933807373,1.0,3.0006773471832275,0.048828125,3.1252455711364746,0.068359375,,,,,,,
tune-M-w128-d50723-s702-g00-random,tune,M,128,50723,702,96102,0,random,1e-05,0.1,621696,30,0.009008718087623747,,5.863987409502779e-06,923.9968708753586,0.0,1.0,False,False,4.066740036010742,,2.2803637981414795,0.78915935754776,1.0,2.931168794631958,0.0439453125,3.1207635402679443,0.06396484375,2.3053486347198486,0.7944440841674805,1.0,2.968167781829834,0.048828125,3.1534335613250732,0.068359375,,,,,,,
tune-M-w128-d50723-s702-g00-uniform,tune,M,128,50723,702,96102,0,uniform,1e-05,0.1,621696,0,,no_adaptation,,0.0,0.0,,False,False,4.066740036010742,,4.085045337677002,0.04931090027093887,1.0,6.166943550109863,0.0439453125,6.038881778717041,0.06396484375,4.066740036010742,0.04933752492070198,1.0,6.141736030578613,0.048828125,6.009146213531494,0.068359375,,,,,,,
tune-M-w128-d50723-s702-g00-uniform,tune,M,128,50723,702,96102,0,uniform,1e-05,0.1,621696,1,,constant_weights,,172.9042031764984,0.0,1.0,False,False,4.066740036010742,,3.7473416328430176,0.0611569918692112,1.0,5.638985633850098,0.0439453125,5.541882038116455,0.06396484375,3.7344272136688232,0.06118603050708771,1.0,5.615866661071777,0.048828125,5.526228904724121,0.068359375,,,,,,,
tune-M-w128-d50723-s702-g00-uniform,tune,M,128,50723,702,96102,0,uniform,1e-05,0.1,621696,3,,constant_weights,,677.9102474451065,0.0,1.0,False,False,4.066740036010742,,2.7610018253326416,0.3054785430431366,1.0,4.017882347106934,0.0439453125,3.9596445560455322,0.06396484375,2.7561521530151367,0.3042522668838501,1.0,3.9924964904785156,0.048828125,3.971708297729492,0.068359375,,,,,,,
tune-M-w128-d50723-s702-g00-uniform,tune,M,128,50723,702,96102,0,uniform,1e-05,0.1,621696,5,,constant_weights,,863.877326130867,0.0,1.0,False,False,4.066740036010742,,2.397784948348999,0.9395158290863037,1.0,3.1339967250823975,0.0439453125,3.1198415756225586,0.06396484375,2.4000744819641113,0.937699556350708,1.0,3.1303911209106445,0.048828125,3.1321330070495605,0.068359375,,,,,,,
tune-M-w128-d50723-s702-g00-uniform,tune,M,128,50723,702,96102,0,uniform,1e-05,0.1,621696,10,,constant_weights,,899.5790330171585,0.0,1.0,False,False,4.066740036010742,,2.328054904937744,0.9264553189277649,1.0,2.993211269378662,0.0439453125,3.06449818611145,0.06396484375,2.339522123336792,0.9313534498214722,1.0,3.006697416305542,0.048828125,3.0805158615112305,0.068359375,,,,,,,
tune-M-w128-d50723-s702-g00-uniform,tune,M,128,50723,702,96102,0,uniform,1e-05,0.1,621696,20,,constant_weights,,936.6481152772903,0.0,1.0,False,False,4.066740036010742,,2.2556545734405518,0.8154947757720947,1.0,2.8892123699188232,0.0439453125,3.062256097793579,0.06396484375,2.283517599105835,0.8258438110351562,1.0,2.9226672649383545,0.048828125,3.1020421981811523,0.068359375,,,,,,,
tune-M-w128-d50723-s702-g00-uniform,tune,M,128,50723,702,96102,0,uniform,1e-05,0.1,621696,30,,constant_weights,,982.5058346986771,0.0,1.0,False,False,4.066740036010742,,2.166088581085205,0.6407161355018616,1.0,2.8233625888824463,0.0439453125,3.034187078475952,0.06396484375,2.2071750164031982,0.6557083129882812,1.0,2.876469850540161,0.048828125,3.0893473625183105,0.068359375,,,,,,,
tune-M-w128-d50723-s702-g01-random,tune,M,128,50723,702,96102,1,random,1e-05,1.0,621696,0,,no_adaptation,,0.0,0.0,,False,False,4.066740036010742,,4.085045337677002,0.04931090027093887,1.0,6.166943550109863,0.0439453125,6.038881778717041,0.06396484375,4.066740036010742,0.04933752492070198,1.0,6.141736030578613,0.048828125,6.009146213531494,0.068359375,,,,,,,
tune-M-w128-d50723-s702-g01-random,tune,M,128,50723,702,96102,1,random,1e-05,1.0,621696,1,0.004542827736426355,,4.084139802515845e-06,148.01156878471375,0.0,1.0,False,False,4.066740036010742,,3.795959949493408,0.05836416780948639,1.0,5.71541690826416,0.0439453125,5.614099025726318,0.06396484375,3.781813144683838,0.0583907887339592,1.0,5.691095352172852,0.048828125,5.595953464508057,0.068359375,,,,,,,
tune-M-w128-d50723-s702-g01-random,tune,M,128,50723,702,96102,1,random,1e-05,1.0,621696,3,0.0022554252483163797,,2.083037172075042e-06,615.5380444526672,0.0,1.0,False,False,4.066740036010742,,2.8828225135803223,0.23778222501277924,1.0,4.237415313720703,0.0439453125,4.173269271850586,0.06396484375,2.87508225440979,0.23717838525772095,1.0,4.20877742767334,0.048828125,4.179290771484375,0.068359375,,,,,,,
tune-M-w128-d50723-s702-g01-random,tune,M,128,50723,702,96102,1,random,1e-05,1.0,621696,5,0.00048716070825610485,,1.621892617261274e-06,842.8575971126556,0.0,1.0,True,False,4.066740036010742,,2.4388389587402344,0.8259397745132446,1.0,3.2596375942230225,0.0439453125,3.2309396266937256,0.06396484375,2.4375529289245605,0.8223869800567627,1.0,3.2449893951416016,0.048828125,3.2452824115753174,0.068359375,,,,,,,
tune-M-w128-d50723-s702-g01-random,tune,M,128,50723,702,96102,1,random,1e-05,1.0,621696,10,0.0005013076185311358,,1.8608283993894757e-06,886.1863085031509,0.0,1.0,True,False,4.066740036010742,,2.354212760925293,0.9255322813987732,1.0,3.0509109497070312,0.0439453125,3.0861942768096924,0.06396484375,2.3589210510253906,0.9263557195663452,1.0,3.056544303894043,0.048828125,3.0938632488250732,0.068359375,,,,,,,
tune-M-w128-d50723-s702-g01-random,tune,M,128,50723,702,96102,1,random,1e-05,1.0,621696,20,0.005180439817303612,,3.6331649617749158e-06,906.9597613811493,0.0,1.0,False,False,4.066740036010742,,2.3136394023895264,0.8573956489562988,1.0,2.980318546295166,0.0439453125,3.1032040119171143,0.06396484375,2.328778028488159,0.8598594665527344,1.0,3.0008187294006348,0.048828125,3.1256566047668457,0.068359375,,,,,,,
tune-M-w128-d50723-s702-g01-random,tune,M,128,50723,702,96102,1,random,1e-05,1.0,621696,30,0.009007906636231456,,5.884123050717908e-06,923.4930558204651,0.0,1.0,False,False,4.066740036010742,,2.2813477516174316,0.79127037525177,1.0,2.931429386138916,0.0439453125,3.1213436126708984,0.06396484375,2.3063535690307617,0.7965548634529114,1.0,2.9684345722198486,0.048828125,3.15407133102417,0.068359375,,,,,,,
tune-M-w128-d50723-s702-g01-uniform,tune,M,128,50723,702,96102,1,uniform,1e-05,1.0,621696,0,,no_adaptation,,0.0,0.0,,False,False,4.066740036010742,,4.085045337677002,0.04931090027093887,1.0,6.166943550109863,0.0439453125,6.038881778717041,0.06396484375,4.066740036010742,0.04933752492070198,1.0,6.141736030578613,0.048828125,6.009146213531494,0.068359375,,,,,,,
tune-M-w128-d50723-s702-g01-uniform,tune,M,128,50723,702,96102,1,uniform,1e-05,1.0,621696,1,,constant_weights,,173.37012028694153,0.0,1.0,False,False,4.066740036010742,,3.746431827545166,0.06126437336206436,1.0,5.637551784515381,0.0439453125,5.540478706359863,0.06396484375,3.7335219383239746,0.06129352003335953,1.0,5.614443302154541,0.048828125,5.524829387664795,0.068359375,,,,,,,
tune-M-w128-d50723-s702-g01-uniform,tune,M,128,50723,702,96102,1,uniform,1e-05,1.0,621696,3,,constant_weights,,678.4824483394623,0.0,1.0,False,False,4.066740036010742,,2.7598843574523926,0.30627644062042236,1.0,4.0157670974731445,0.0439453125,3.957609176635742,0.06396484375,2.755042552947998,0.30505087971687317,1.0,3.990426540374756,0.048828125,3.9696502685546875,0.068359375,,,,,,,
tune-M-w128-d50723-s702-g01-uniform,tune,M,128,50723,702,96102,1,uniform,1e-05,1.0,621696,5,,constant_weights,,863.9063906669617,0.0,1.0,False,False,4.066740036010742,,2.397728204727173,0.9404938817024231,1.0,3.133370876312256,0.0439453125,3.1193196773529053,0.06396484375,2.4000213146209717,0.9386953115463257,1.0,3.1298012733459473,0.048828125,3.1315672397613525,0.068359375,,,,,,,
tune-M-w128-d50723-s702-g01-uniform,tune,M,128,50723,702,96102,1,uniform,1e-05,1.0,621696,10,,constant_weights,,899.4398633241653,0.0,1.0,False,False,4.066740036010742,,2.32832670211792,0.9269469976425171,1.0,2.9932913780212402,0.0439453125,3.064742088317871,0.06396484375,2.3398053646087646,0.9318467378616333,1.0,3.0067925453186035,0.048828125,3.080777168273926,0.068359375,,,,,,,
tune-M-w128-d50723-s702-g01-uniform,tune,M,128,50723,702,96102,1,uniform,1e-05,1.0,621696,20,,constant_weights,,936.3212321996689,0.0,1.0,False,False,4.066740036010742,,2.2562928199768066,0.8167398571968079,1.0,2.889420986175537,0.0439453125,3.0627174377441406,0.06396484375,2.2841787338256836,0.8270871639251709,1.0,2.922891139984131,0.048828125,3.1025586128234863,0.068359375,,,,,,,
tune-M-w128-d50723-s702-g01-uniform,tune,M,128,50723,702,96102,1,uniform,1e-05,1.0,621696,30,,constant_weights,,982.1180943250656,0.0,1.0,False,False,4.066740036010742,,2.1668455600738525,0.6424449682235718,1.0,2.823784112930298,0.0439453125,3.034308433532715,0.06396484375,2.2078914642333984,0.6573944091796875,1.0,2.8768811225891113,0.048828125,3.0893986225128174,0.068359375,,,,,,,
tune-M-w128-d50723-s702-g02-random,tune,M,128,50723,702,96102,2,random,3e-05,0.1,621696,0,,no_adaptation,,0.0,0.0,,False,False,4.066740036010742,,4.085045337677002,0.04931090027093887,1.0,6.166943550109863,0.0439453125,6.038881778717041,0.06396484375,4.066740036010742,0.04933752492070198,1.0,6.141736030578613,0.048828125,6.009146213531494,0.068359375,,,,,,,
tune-M-w128-d50723-s702-g02-random,tune,M,128,50723,702,96102,2,random,3e-05,0.1,621696,1,0.002073551118291733,,1.99393491614989e-06,595.7744016647339,0.0,1.0,False,False,4.066740036010742,,2.9214234352111816,0.21801696717739105,1.0,4.305364608764648,0.0439453125,4.240889072418213,0.06396484375,2.9148612022399902,0.21763847768306732,1.0,4.277387619018555,0.048828125,4.2495574951171875,0.068359375,,,,,,,
tune-M-w128-d50723-s702-g02-random,tune,M,128,50723,702,96102,2,random,3e-05,0.1,621696,3,0.0,,2.2821246382240313e-06,880.291846036911,0.0,0.9791666666666666,True,False,4.066740036010742,,2.36572527885437,1.052022933959961,1.0,3.0117220878601074,0.0439453125,3.033430576324463,0.06396484375,2.368973970413208,1.0515143871307373,1.0,3.0164268016815186,0.048828125,3.0389809608459473,0.068359375,,,,,,,
tune-M-w128-d50723-s702-g02-random,tune,M,128,50723,702,96102,2,random,3e-05,0.1,621696,5,0.0029663061171695017,,2.8645897787914786e-06,894.0623826980591,0.0,0.9875,False,False,4.066740036010742,,2.338829517364502,0.9085156917572021,1.0,3.0157556533813477,0.0439453125,3.0922176837921143,0.06396484375,2.347256660461426,0.9084218144416809,1.0,3.025972604751587,0.048828125,3.107375383377075,0.068359375,,,,,,,
tune-M-w128-d50723-s702-g02-random,tune,M,128,50723,702,96102,2,random,3e-05,0.1,621696,10,0.008622442969625829,,5.415860489817594e-06,919.6832249164581,0.0,0.99375,False,False,4.066740036010742,,2.2887887954711914,0.8191337585449219,1.0,2.931823253631592,0.0439453125,3.1154096126556396,0.06396484375,2.313121795654297,0.8239564299583435,1.0,2.9667186737060547,0.048828125,3.1486904621124268,0.068359375,,,,,,,
tune-M-w128-d50723-s702-g02-random,tune,M,128,50723,702,96102,2,random,3e-05,0.1,621696,20,0.014612431754424497,,1.1320752480132192e-05,984.2260230779648,0.0,0.996875,False,False,4.066740036010742,,2.162728786468506,0.6014068126678467,1.0,2.828211784362793,0.0439453125,3.058568000793457,0.06396484375,2.208141326904297,0.6103160381317139,1.0,2.8994548320770264,0.048828125,3.1146533489227295,0.068359375,,,,,,,
tune-M-w128-d50723-s702-g02-random,tune,M,128,50723,702,96102,2,random,3e-05,0.1,621696,30,0.017380987390042527,,1.4614935303170499e-05,1036.172709107399,0.0,0.9979166666666667,False,False,4.066740036010742,,2.0612704753875732,0.44221439957618713,0.9990234375,2.7724599838256836,0.04833984375,2.969136953353882,0.0625,2.1223928928375244,0.47962161898612976,0.998046875,2.858661651611328,0.0517578125,3.028895139694214,0.0693359375,,,,,,,
tune-M-w128-d50723-s702-g02-uniform,tune,M,128,50723,702,96102,2,uniform,3e-05,0.1,621696,0,,no_adaptation,,0.0,0.0,,False,False,4.066740036010742,,4.085045337677002,0.04931090027093887,1.0,6.166943550109863,0.0439453125,6.038881778717041,0.06396484375,4.066740036010742,0.04933752492070198,1.0,6.141736030578613,0.048828125,6.009146213531494,0.068359375,,,,,,,
tune-M-w128-d50723-s702-g02-uniform,tune,M,128,50723,702,96102,2,uniform,3e-05,0.1,621696,1,,constant_weights,,663.721284866333,0.0,1.0,False,False,4.066740036010742,,2.78871488571167,0.28476980328559875,1.0,4.068360328674316,0.0439453125,4.01301383972168,0.06396484375,2.784965991973877,0.2837233245372772,1.0,4.043335437774658,0.048828125,4.027839660644531,0.068359375,,,,,,,
tune-M-w128-d50723-s702-g02-uniform,tune,M,128,50723,702,96102,2,uniform,3e-05,0.1,621696,3,,constant_weights,,887.7831020355225,0.0,1.0,False,False,4.066740036010742,,2.3510940074920654,0.9924567937850952,1.0,3.0088253021240234,0.0439453125,3.051999807357788,0.06396484375,2.3581387996673584,0.9970825910568237,1.0,3.0187735557556152,0.048828125,3.0585601329803467,0.068359375,,,,,,,
tune-M-w128-d50723-s702-g02-uniform,tune,M,128,50723,702,96102,2,uniform,3e-05,0.1,621696,5,,constant_weights,,911.9284418821335,0.0,1.0,False,False,4.066740036010742,,2.3039350509643555,0.9035199880599976,1.0,2.9434309005737305,0.0439453125,3.064854145050049,0.06396484375,2.321681022644043,0.9085808992385864,1.0,2.9649622440338135,0.048828125,3.0914995670318604,0.068359375,,,,,,,
tune-M-w128-d50723-s702-g02-uniform,tune,M,128,50723,702,96102,2,uniform,3e-05,0.1,621696,10,,constant_weights,,968.2989712953568,0.0,1.0,False,False,4.066740036010742,,2.1938364505767822,0.7146672606468201,1.0,2.825080394744873,0.0439453125,3.0417613983154297,0.06396484375,2.2334718704223633,0.7288250923156738,1.0,2.875678062438965,0.048828125,3.095911979675293,0.068359375,,,,,,,
tune-M-w128-d50723-s702-g02-uniform,tune,M,128,50723,702,96102,2,uniform,3e-05,0.1,621696,20,,constant_weights,,1078.1224304437637,0.0,1.0,False,False,4.066740036010742,,1.9793373346328735,0.32783907651901245,1.0,2.7316479682922363,0.0439453125,2.8785252571105957,0.064453125,2.030729293823242,0.3625025749206543,1.0,2.7932934761047363,0.048828125,2.936392307281494,0.068359375,,,,,,,
tune-M-w128-d50723-s702-g02-uniform,tune,M,128,50723,702,96102,2,uniform,3e-05,0.1,621696,30,,constant_weights,,1141.762321472168,0.0,1.0,False,False,4.066740036010742,,1.8550406694412231,0.10837079584598541,1.0,2.6683645248413086,0.04443359375,2.788386344909668,0.06494140625,1.9019911289215088,0.1304175853729248,1.0,2.727444648742676,0.052734375,2.848111152648926,0.068359375,,,,,,,
tune-M-w128-d50723-s702-g03-random,tune,M,128,50723,702,96102,3,random,3e-05,1.0,621696,0,,no_adaptation,,0.0,0.0,,False,False,4.066740036010742,,4.085045337677002,0.04931090027093887,1.0,6.166943550109863,0.0439453125,6.038881778717041,0.06396484375,4.066740036010742,0.04933752492070198,1.0,6.141736030578613,0.048828125,6.009146213531494,0.068359375,,,,,,,
tune-M-w128-d50723-s702-g03-random,tune,M,128,50723,702,96102,3,random,3e-05,1.0,621696,1,0.0020606381012852216,,1.9869431872909156e-06,596.5268286466599,0.0,1.0,False,False,4.066740036010742,,2.9199538230895996,0.2187046855688095,1.0,4.302773952484131,0.0439453125,4.238382339477539,0.06396484375,2.9134013652801514,0.21832653880119324,1.0,4.27484130859375,0.048828125,4.247036457061768,0.068359375,,,,,,,
tune-M-w128-d50723-s702-g03-random,tune,M,128,50723,702,96102,3,random,3e-05,1.0,621696,3,0.0,,2.2827402477165545e-06,880.1619503498077,0.0,0.9791666666666666,True,False,4.066740036010742,,2.365978956222534,1.0525295734405518,1.0,3.0118017196655273,0.0439453125,3.0336055755615234,0.06396484375,2.369231700897217,1.0520319938659668,1.0,3.016514301300049,0.048828125,3.039149284362793,0.068359375,,,,,,,
tune-M-w128-d50723-s702-g03-random,tune,M,128,50723,702,96102,3,random,3e-05,1.0,621696,5,0.0029676465500423624,,2.868846009243255e-06,893.8589919805527,0.0,0.9875,False,False,4.066740036010742,,2.3392269611358643,0.9093932509422302,1.0,3.0158133506774902,0.0439453125,3.0924739837646484,0.06396484375,2.347667694091797,0.9093087911605835,1.0,3.026050090789795,0.048828125,3.1076440811157227,0.068359375,,,,,,,
tune-M-w128-d50723-s702-g03-random,tune,M,128,50723,702,96102,3,random,3e-05,1.0,621696,10,0.008620421513145588,,5.435768524293579e-06,919.1903846263885,0.0,0.99375,False,False,4.066740036010742,,2.2897515296936035,0.8214226961135864,1.0,2.9319591522216797,0.0439453125,3.115872621536255,0.06396484375,2.3140933513641357,0.8262274265289307,1.0,2.9668593406677246,0.048828125,3.149193286895752,0.068359375,,,,,,,
tune-M-w128-d50723-s702-g03-random,tune,M,128,50723,702,96102,3,random,3e-05,1.0,621696,20,0.014449829578200034,,1.1222645262684507e-05,983.0294960737228,0.0,0.996875,False,False,4.066740036010742,,2.1650657653808594,0.6096285581588745,1.0,2.8286616802215576,0.0439453125,3.0569071769714355,0.06396484375,2.210003137588501,0.6183282732963562,1.0,2.8993120193481445,0.048828125,3.1123697757720947,0.068359375,,,,,,,
tune-M-w128-d50723-s702-g03-random,tune,M,128,50723,702,96102,3,random,3e-05,1.0,621696,30,0.01706819793507095,,1.429615911058609e-05,1032.7970079183578,0.0,0.9979166666666667,False,False,4.066740036010742,,2.0678634643554688,0.45762866735458374,0.99951171875,2.776475667953491,0.0478515625,2.9694864749908447,0.0625,2.1276848316192627,0.4942638576030731,0.998046875,2.860912561416626,0.0517578125,3.0278782844543457,0.0693359375,,,,,,,
tune-M-w128-d50723-s702-g03-uniform,tune,M,128,50723,702,96102,3,uniform,3e-05,1.0,621696,0,,no_adaptation,,0.0,0.0,,False,False,4.066740036010742,,4.085045337677002,0.04931090027093887,1.0,6.166943550109863,0.0439453125,6.038881778717041,0.06396484375,4.066740036010742,0.04933752492070198,1.0,6.141736030578613,0.048828125,6.009146213531494,0.068359375,,,,,,,
tune-M-w128-d50723-s702-g03-uniform,tune,M,128,50723,702,96102,3,uniform,3e-05,1.0,621696,1,,constant_weights,,664.341322183609,0.0,1.0,False,False,4.066740036010742,,2.787503719329834,0.28556790947914124,1.0,4.06610631942749,0.0439453125,4.010836601257324,0.06396484375,2.7837624549865723,0.28452202677726746,1.0,4.041125297546387,0.048828125,4.025639533996582,0.068359375,,,,,,,
tune-M-w128-d50723-s702-g03-uniform,tune,M,128,50723,702,96102,3,uniform,3e-05,1.0,621696,3,,constant_weights,,887.656843662262,0.0,1.0,False,False,4.066740036010742,,2.3513405323028564,0.9925926923751831,1.0,3.0090577602386475,0.0439453125,3.0523712635040283,0.06396484375,2.358396530151367,0.9972217679023743,1.0,3.0190229415893555,0.048828125,3.0589451789855957,0.068359375,,,,,,,
tune-M-w128-d50723-s702-g03-uniform,tune,M,128,50723,702,96102,3,uniform,3e-05,1.0,621696,5,,constant_weights,,911.7105317115784,0.0,1.0,False,False,4.066740036010742,,2.304360866546631,0.9043418169021606,1.0,2.9435319900512695,0.0439453125,3.0652081966400146,0.06396484375,2.3221192359924316,0.9094014167785645,1.0,2.965080738067627,0.048828125,3.0918750762939453,0.068359375,,,,,,,
tune-M-w128-d50723-s702-g03-uniform,tune,M,128,50723,702,96102,3,uniform,3e-05,1.0,621696,10,,constant_weights,,967.8555220365524,0.0,1.0,False,False,4.066740036010742,,2.194702386856079,0.7166258096694946,1.0,2.825430393218994,0.0439453125,3.042051315307617,0.06396484375,2.2343273162841797,0.7307473421096802,1.0,2.87599778175354,0.048828125,3.096236228942871,0.068359375,,,,,,,
tune-M-w128-d50723-s702-g03-uniform,tune,M,128,50723,702,96102,3,uniform,3e-05,1.0,621696,20,,constant_weights,,1075.7602964639664,0.0,1.0,False,False,4.066740036010742,,1.9839509725570679,0.3363574743270874,1.0,2.735257625579834,0.0439453125,2.880237579345703,0.064453125,2.0348429679870605,0.3706176280975342,1.0,2.7963106632232666,0.048828125,2.937601089477539,0.068359375,,,,,,,
tune-M-w128-d50723-s702-g03-uniform,tune,M,128,50723,702,96102,3,uniform,3e-05,1.0,621696,30,,constant_weights,,1137.984465956688,0.0,1.0,False,False,4.066740036010742,,1.8624193668365479,0.11978978663682938,1.0,2.6763155460357666,0.04443359375,2.7911527156829834,0.064453125,1.9088802337646484,0.14342015981674194,1.0,2.7335901260375977,0.05078125,2.849630355834961,0.068359375,,,,,,,
tune-M-w128-d50723-s702-g04-random,tune,M,128,50723,702,96102,4,random,0.0001,0.1,621696,0,,no_adaptation,,0.0,0.0,,False,False,4.066740036010742,,4.085045337677002,0.04931090027093887,1.0,6.166943550109863,0.0439453125,6.038881778717041,0.06396484375,4.066740036010742,0.04933752492070198,1.0,6.141736030578613,0.048828125,6.009146213531494,0.068359375,,,,,,,
tune-M-w128-d50723-s702-g04-random,tune,M,128,50723,702,96102,4,random,0.0001,0.1,621696,1,0.0,,3.05568833183208e-06,856.9326140880585,0.0,1.0,True,False,4.066740036010742,,2.411348819732666,1.3885599374771118,1.0,2.9161462783813477,0.0439453125,2.92933988571167,0.06396484375,2.4133293628692627,1.384669303894043,1.0,2.916282892227173,0.048828125,2.9390358924865723,0.068359375,,,,,,,
tune-M-w128-d50723-s702-g04-random,tune,M,128,50723,702,96102,4,random,0.0001,0.1,621696,3,0.007187188451541355,,5.225621675678678e-06,909.8670564889908,0.0,0.9791666666666666,False,False,4.066740036010742,,2.3079609870910645,0.9162102341651917,1.0,2.919522762298584,0.0439453125,3.0881507396698,0.06396484375,2.3264756202697754,0.9152677655220032,1.0,2.944697380065918,0.048828125,3.119462013244629,0.068359375,,,,,,,
tune-M-w128-d50723-s702-g04-random,tune,M,128,50723,702,96102,4,random,0.0001,0.1,621696,5,0.013205298427721335,,8.71381853525258e-06,939.7018188238144,0.0,0.9875,False,False,4.066740036010742,,2.249690055847168,0.8078614473342896,1.0,2.850525140762329,0.04541015625,3.090683698654175,0.0634765625,2.2802131175994873,0.8134100437164307,1.0,2.8975069522857666,0.048828125,3.1297221183776855,0.068359375,,,,,,,
tune-M-w128-d50723-s702-g04-random,tune,M,128,50723,702,96102,4,random,0.0001,0.1,621696,10,0.016341358479284453,,1.2401952229769411e-05,1031.6056735515594,0.0,0.99375,False,False,4.066740036010742,,2.070190191268921,0.4621472954750061,0.9990234375,2.7810213565826416,0.04833984375,2.967402458190918,0.06201171875,2.1278748512268066,0.4933379292488098,0.998046875,2.8616724014282227,0.05078125,3.028613567352295,0.068359375,,,,,,,
tune-M-w128-d50723-s702-g04-random,tune,M,128,50723,702,96102,4,random,0.0001,0.1,621696,20,0.03221636368930554,,4.131965976840025e-05,1138.4418408870697,0.0,0.996875,False,False,4.066740036010742,,1.8615260124206543,0.1807088404893875,0.998046875,2.55942964553833,0.16845703125,2.84443998336792,0.09423828125,1.9890758991241455,0.2106623351573944,0.9892578125,2.7730777263641357,0.111328125,2.983488082885742,0.0654296875,,,,,,,
tune-M-w128-d50723-s702-g04-random,tune,M,128,50723,702,96102,4,random,0.0001,0.1,621696,30,0.09034620206908484,,0.00018350851105900269,1157.9638566970825,0.0,0.9979166666666667,False,False,4.066740036010742,,1.823396921157837,0.12073831260204315,0.9990234375,2.47511625289917,0.27587890625,2.8743367195129395,0.173828125,2.1856493949890137,0.14352469146251678,0.994140625,3.047828435897827,0.119140625,3.3655943870544434,0.0625,,,,,,,
tune-M-w128-d50723-s702-g04-uniform,tune,M,128,50723,702,96102,4,uniform,0.0001,0.1,621696,0,,no_adaptation,,0.0,0.0,,False,False,4.066740036010742,,4.085045337677002,0.04931090027093887,1.0,6.166943550109863,0.0439453125,6.038881778717041,0.06396484375,4.066740036010742,0.04933752492070198,1.0,6.141736030578613,0.048828125,6.009146213531494,0.068359375,,,,,,,
tune-M-w128-d50723-s702-g04-uniform,tune,M,128,50723,702,96102,4,uniform,0.0001,0.1,621696,1,,constant_weights,,864.8707904815674,0.0,1.0,False,False,4.066740036010742,,2.3958444595336914,1.366019368171692,1.0,2.8939733505249023,0.0439453125,2.9275407791137695,0.06396484375,2.4029886722564697,1.3734610080718994,1.0,2.905508041381836,0.048828125,2.9299967288970947,0.068359375,,,,,,,
tune-M-w128-d50723-s702-g04-uniform,tune,M,128,50723,702,96102,4,uniform,0.0001,0.1,621696,3,,constant_weights,,940.5201532840729,0.0,1.0,False,False,4.066740036010742,,2.24809193611145,0.818508505821228,1.0,2.8518002033233643,0.0439453125,3.0739667415618896,0.06396484375,2.28094220161438,0.8278486728668213,1.0,2.8909425735473633,0.048828125,3.124035120010376,0.068359375,,,,,,,
tune-M-w128-d50723-s702-g04-uniform,tune,M,128,50723,702,96102,4,uniform,0.0001,0.1,621696,5,,constant_weights,,1009.2490620613098,0.0,1.0,False,False,4.066740036010742,,2.1138558387756348,0.6083014011383057,1.0,2.762082099914551,0.0439453125,2.9711835384368896,0.06396484375,2.166273355484009,0.6271819472312927,1.0,2.837371587753296,0.048828125,3.034266471862793,0.068359375,,,,,,,
tune-M-w128-d50723-s702-g04-uniform,tune,M,128,50723,702,96102,4,uniform,0.0001,0.1,621696,10,,constant_weights,,1127.0099557638168,0.0,1.0,False,False,4.066740036010742,,1.8838539123535156,0.1706981211900711,1.0,2.6833043098449707,0.04541015625,2.7975594997406006,0.0654296875,1.9341609477996826,0.20458874106407166,1.0,2.739804744720459,0.0478515625,2.8580899238586426,0.068359375,,,,,,,
tune-M-w128-d50723-s702-g04-uniform,tune,M,128,50723,702,96102,4,uniform,0.0001,0.1,621696,20,,constant_weights,,1240.4149693250656,0.0,0.96875,False,False,4.066740036010742,,1.6623598337173462,0.06070057675242424,1.0,2.203376293182373,0.27294921875,2.7230024337768555,0.11083984375,1.8298050165176392,0.07172449678182602,1.0,2.563107490539551,0.146484375,2.854583263397217,0.0537109375,,,,,,,
tune-M-w128-d50723-s702-g04-uniform,tune,M,128,50723,702,96102,4,uniform,0.0001,0.1,621696,30,,constant_weights,,1348.3435267210007,0.0,0.9791666666666666,False,False,4.066740036010742,,1.4515619277954102,0.046565134078264236,1.0,1.682739019393921,0.4599609375,2.6253809928894043,0.15283203125,1.8912428617477417,0.05250658467411995,1.0,2.712596893310547,0.1591796875,2.9086251258850098,0.056640625,,,,,,,
tune-M-w128-d50723-s702-g05-random,tune,M,128,50723,702,96102,5,random,0.0001,1.0,621696,0,,no_adaptation,,0.0,0.0,,False,False,4.066740036010742,,4.085045337677002,0.04931090027093887,1.0,6.166943550109863,0.0439453125,6.038881778717041,0.06396484375,4.066740036010742,0.04933752492070198,1.0,6.141736030578613,0.048828125,6.009146213531494,0.068359375,,,,,,,
tune-M-w128-d50723-s702-g05-random,tune,M,128,50723,702,96102,5,random,0.0001,1.0,621696,1,0.0,,3.065513514791232e-06,856.7382135391235,0.0,1.0,True,False,4.066740036010742,,2.4117283821105957,1.3897130489349365,1.0,2.9160966873168945,0.0439453125,2.929375171661377,0.06396484375,2.413710117340088,1.3858405351638794,1.0,2.9162485599517822,0.048828125,2.9390408992767334,0.068359375,,,,,,,
tune-M-w128-d50723-s702-g05-random,tune,M,128,50723,702,96102,5,random,0.0001,1.0,621696,3,0.007187769863528962,,5.246519399902576e-06,909.4197773933411,0.0,0.9791666666666666,False,False,4.066740036010742,,2.3088347911834717,0.9182415008544922,1.0,2.919599771499634,0.0439453125,3.08866286277771,0.06396484375,2.3273556232452393,0.9173077344894409,1.0,2.944826364517212,0.048828125,3.1199331283569336,0.068359375,,,,,,,
tune-M-w128-d50723-s702-g05-random,tune,M,128,50723,702,96102,5,random,0.0001,1.0,621696,5,0.013166598544920971,,8.749330677546842e-06,938.8380936384201,0.0,0.9875,False,False,4.066740036010742,,2.2513771057128906,0.8120520114898682,1.0,2.8510332107543945,0.04541015625,3.0910463333129883,0.0634765625,2.2818663120269775,0.8175143003463745,1.0,2.8979134559631348,0.048828125,3.130171298980713,0.068359375,,,,,,,
tune-M-w128-d50723-s702-g05-random,tune,M,128,50723,702,96102,5,random,0.0001,1.0,621696,10,0.01608230405179903,,1.219162854254072e-05,1028.0258649587631,0.0,0.99375,False,False,4.066740036010742,,2.0771822929382324,0.47848519682884216,0.9990234375,2.7850258350372314,0.0478515625,2.9680356979370117,0.06201171875,2.1336936950683594,0.5091528296470642,0.998046875,2.8640456199645996,0.05078125,3.0278820991516113,0.068359375,,,,,,,
tune-M-w128-d50723-s702-g05-random,tune,M,128,50723,702,96102,5,random,0.0001,1.0,621696,20,0.02942866515996495,,3.537140136730588e-05,1130.6583757400513,0.0,0.996875,False,False,4.066740036010742,,1.8767280578613281,0.21141380071640015,0.99853515625,2.5770089626312256,0.1533203125,2.841761589050293,0.0869140625,1.9934685230255127,0.24215279519557953,0.9912109375,2.7684617042541504,0.10546875,2.9697906970977783,0.0703125,,,,,,,
tune-M-w128-d50723-s702-g05-random,tune,M,128,50723,702,96102,5,random,0.0001,1.0,621696,30,0.08231513944712865,,0.00017272844259341575,1149.9610234498978,0.0,0.9979166666666667,False,False,4.066740036010742,,1.8390276432037354,0.15182329714298248,0.998046875,2.4894063472747803,0.26220703125,2.8758533000946045,0.16748046875,2.1665046215057373,0.17666620016098022,0.99609375,3.0050582885742188,0.111328125,3.3177881240844727,0.060546875,,,,,,,
tune-M-w128-d50723-s702-g05-uniform,tune,M,128,50723,702,96102,5,uniform,0.0001,1.0,621696,0,,no_adaptation,,0.0,0.0,,False,False,4.066740036010742,,4.085045337677002,0.04931090027093887,1.0,6.166943550109863,0.0439453125,6.038881778717041,0.06396484375,4.066740036010742,0.04933752492070198,1.0,6.141736030578613,0.048828125,6.009146213531494,0.068359375,,,,,,,
tune-M-w128-d50723-s702-g05-uniform,tune,M,128,50723,702,96102,5,uniform,0.0001,1.0,621696,1,,constant_weights,,864.678409576416,0.0,1.0,False,False,4.066740036010742,,2.3962199687957764,1.3668203353881836,1.0,2.8940887451171875,0.0439453125,2.9277515411376953,0.06396484375,2.4033656120300293,1.3742743730545044,1.0,2.905623197555542,0.048828125,2.93019962310791,0.068359375,,,,,,,
tune-M-w128-d50723-s702-g05-uniform,tune,M,128,50723,702,96102,5,uniform,0.0001,1.0,621696,3,,constant_weights,,940.0178604125977,0.0,1.0,False,False,4.066740036010742,,2.249072790145874,0.8206568956375122,1.0,2.8520474433898926,0.0439453125,3.074514150619507,0.06396484375,2.2819297313690186,0.8299667835235596,1.0,2.891179323196411,0.048828125,3.124643564224243,0.068359375,,,,,,,
tune-M-w128-d50723-s702-g05-uniform,tune,M,128,50723,702,96102,5,uniform,0.0001,1.0,621696,5,,constant_weights,,1008.1336990594864,0.0,1.0,False,False,4.066740036010742,,2.1160340309143066,0.6165937185287476,1.0,2.7623069286346436,0.0439453125,2.9692015647888184,0.06396484375,2.168011426925659,0.6352378129959106,1.0,2.8370327949523926,0.048828125,3.031764507293701,0.068359375,,,,,,,
tune-M-w128-d50723-s702-g05-uniform,tune,M,128,50723,702,96102,5,uniform,0.0001,1.0,621696,10,,constant_weights,,1122.7807817459106,0.0,1.0,False,False,4.066740036010742,,1.8921140432357788,0.1862965226173401,1.0,2.6897852420806885,0.044921875,2.800260305404663,0.0654296875,1.9416941404342651,0.22021044790744781,1.0,2.7449517250061035,0.048828125,2.8599202632904053,0.068359375,,,,,,,
tune-M-w128-d50723-s702-g05-uniform,tune,M,128,50723,702,96102,5,uniform,0.0001,1.0,621696,20,,constant_weights,,1230.261557817459,0.0,0.978125,False,False,4.066740036010742,,1.6821906566619873,0.07540600001811981,1.0,2.243781566619873,0.2529296875,2.727384328842163,0.10400390625,1.8356750011444092,0.08755779266357422,1.0,2.562648296356201,0.1474609375,2.8568191528320312,0.0537109375,,,,,,,
tune-M-w128-d50723-s702-g05-uniform,tune,M,128,50723,702,96102,5,uniform,0.0001,1.0,621696,30,,constant_weights,,1329.8649809360504,0.0,0.9854166666666667,False,False,4.066740036010742,,1.4876526594161987,0.06482154875993729,1.0,1.7676304578781128,0.44091796875,2.6305060386657715,0.1494140625,1.8863096237182617,0.07243110239505768,1.0,2.6796367168426514,0.158203125,2.9068615436553955,0.0625,,,,,,,
tune-M-w256-d48371-s701-g00-random,tune,M,256,48371,701,96101,0,random,1e-05,0.1,3212800,0,,no_adaptation,,0.0,0.0,,False,False,5.325167179107666,,5.315655708312988,0.007841767743229866,1.0,7.907622814178467,0.07275390625,8.031502723693848,0.06591796875,5.325167179107666,0.007852465845644474,1.0,7.873762130737305,0.078125,8.093887329101562,0.0595703125,,,,,,,
tune-M-w256-d48371-s701-g00-random,tune,M,256,48371,701,96101,0,random,1e-05,0.1,3212800,1,0.010424167418081283,,3.2140788843111545e-06,274.99726247787476,0.0,1.0,False,False,5.325167179107666,,4.7785515785217285,0.011374413035809994,1.0,7.076653480529785,0.07275390625,7.247626304626465,0.06591796875,4.790576934814453,0.011369065381586552,1.0,7.05172872543335,0.078125,7.308633327484131,0.0595703125,,,,,,,
tune-M-w256-d48371-s701-g00-random,tune,M,256,48371,701,96101,0,random,1e-05,0.1,3212800,3,0.003221964093924259,,1.0525683543159508e-06,1280.9762790203094,0.0,1.0,False,False,5.325167179107666,,2.813749074935913,0.28678709268569946,1.0,4.00974178314209,0.07275390625,4.144717216491699,0.06591796875,2.808276653289795,0.2837918996810913,1.0,3.9740662574768066,0.078125,4.1669721603393555,0.0595703125,,,,,,,
tune-M-w256-d48371-s701-g00-random,tune,M,256,48371,701,96101,0,random,1e-05,0.1,3212800,5,0.0025291998606175358,,7.101425983900355e-07,1512.6512868404388,0.0,1.0,False,False,5.325167179107666,,2.3612585067749023,0.9369760155677795,1.0,3.020686388015747,0.07275390625,3.1261136531829834,0.06591796875,2.3676633834838867,0.9353183507919312,1.0,3.0241241455078125,0.078125,3.143547534942627,0.0595703125,,,,,,,
tune-M-w256-d48371-s701-g00-random,tune,M,256,48371,701,96101,0,random,1e-05,0.1,3212800,10,0.004592722029655686,,7.900913544441734e-07,1544.021406531334,0.0,1.0,False,False,5.325167179107666,,2.2999887466430664,0.8354821801185608,1.0,2.937910318374634,0.07275390625,3.1265740394592285,0.06591796875,2.320573568344116,0.8333303928375244,1.0,2.969198703765869,0.078125,3.159191131591797,0.0595703125,,,,,,,
tune-M-w256-d48371-s701-g00-random,tune,M,256,48371,701,96101,0,random,1e-05,0.1,3212800,20,0.00874965429369054,,2.318770069082659e-06,1578.3011848926544,0.0,0.996875,False,False,5.325167179107666,,2.2330362796783447,0.729620099067688,1.0,2.8404362201690674,0.07275390625,3.129051923751831,0.06591796875,2.2766828536987305,0.7303590178489685,1.0,2.9091267585754395,0.078125,3.1905627250671387,0.0595703125,,,,,,,
tune-M-w256-d48371-s701-g00-random,tune,M,256,48371,701,96101,0,random,1e-05,0.1,3212800,30,0.013010749271801608,,5.091934933912411e-06,1603.0261633396149,0.0,0.9979166666666667,False,False,5.325167179107666,,2.1847450733184814,0.6266950368881226,1.0,2.790977716445923,0.07763671875,3.1365623474121094,0.06591796875,2.2553415298461914,0.6374715566635132,1.0,2.895681619644165,0.080078125,3.2328708171844482,0.0595703125,,,,,,,
tune-M-w256-d48371-s701-g00-uniform,tune,M,256,48371,701,96101,0,uniform,1e-05,0.1,3212800,0,,no_adaptation,,0.0,0.0,,False,False,5.325167179107666,,5.315655708312988,0.007841767743229866,1.0,7.907622814178467,0.07275390625,8.031502723693848,0.06591796875,5.325167179107666,0.007852465845644474,1.0,7.873762130737305,0.078125,8.093887329101562,0.0595703125,,,,,,,
tune-M-w256-d48371-s701-g00-uniform,tune,M,256,48371,701,96101,0,uniform,1e-05,0.1,3212800,1,,constant_weights,,329.3606550693512,0.0,1.0,False,False,5.325167179107666,,4.672372817993164,0.012698449194431305,1.0,6.911360263824463,0.07275390625,7.0930609703063965,0.06591796875,4.687037467956543,0.012696456164121628,1.0,6.890645980834961,0.078125,7.157769203186035,0.0595703125,,,,,,,
tune-M-w256-d48371-s701-g00-uniform,tune,M,256,48371,701,96101,0,uniform,1e-05,0.1,3212800,3,,constant_weights,,1367.6631410121918,0.0,1.0,False,False,5.325167179107666,,2.6444385051727295,0.4187309741973877,1.0,3.695873498916626,0.07275390625,3.818711042404175,0.06591796875,2.6434319019317627,0.41511356830596924,1.0,3.666529893875122,0.078125,3.848651885986328,0.0595703125,,,,,,,
tune-M-w256-d48371-s701-g00-uniform,tune,M,256,48371,701,96101,0,uniform,1e-05,0.1,3212800,5,,constant_weights,,1523.2545014619827,0.0,1.0,False,False,5.325167179107666,,2.3405489921569824,0.9915145039558411,1.0,2.9554052352905273,0.07275390625,3.074727773666382,0.06591796875,2.355804681777954,0.9943059682846069,1.0,2.9725475311279297,0.078125,3.100559949874878,0.0595703125,,,,,,,
tune-M-w256-d48371-s701-g00-uniform,tune,M,256,48371,701,96101,0,uniform,1e-05,0.1,3212800,10,,constant_weights,,1566.6376326084137,0.0,1.0,False,False,5.325167179107666,,2.255816698074341,0.8153085112571716,1.0,2.8636088371276855,0.07275390625,3.0885322093963623,0.06591796875,2.287795066833496,0.8206832408905029,1.0,2.9007973670959473,0.078125,3.14190411567688,0.0595703125,,,,,,,
tune-M-w256-d48371-s701-g00-uniform,tune,M,256,48371,701,96101,0,uniform,1e-05,0.1,3212800,20,,constant_weights,,1630.245325922966,0.0,0.996875,False,False,5.325167179107666,,2.131582736968994,0.6449670791625977,1.0,2.728090524673462,0.07275390625,3.021690845489502,0.06591796875,2.1904969215393066,0.6643201112747192,1.0,2.8028054237365723,0.078125,3.1043648719787598,0.0595703125,,,,,,,
tune-M-w256-d48371-s701-g00-uniform,tune,M,256,48371,701,96101,0,uniform,1e-05,0.1,3212800,30,,constant_weights,,1718.7630212306976,0.0,0.9979166666666667,False,False,5.325167179107666,,1.9586966037750244,0.2985650300979614,1.0,2.649416446685791,0.07958984375,2.9281084537506104,0.06640625,2.0260863304138184,0.32430896162986755,1.0,2.7393879890441895,0.080078125,3.0145621299743652,0.0595703125,,,,,,,
tune-M-w256-d48371-s701-g01-random,tune,M,256,48371,701,96101,1,random,1e-05,1.0,3212800,0,,no_adaptation,,0.0,0.0,,False,False,5.325167179107666,,5.315655708312988,0.007841767743229866,1.0,7.907622814178467,0.07275390625,8.031502723693848,0.06591796875,5.325167179107666,0.007852465845644474,1.0,7.873762130737305,0.078125,8.093887329101562,0.0595703125,,,,,,,
tune-M-w256-d48371-s701-g01-random,tune,M,256,48371,701,96101,1,random,1e-05,1.0,3212800,1,0.01039594751623086,,3.196174664776111e-06,275.63981461524963,0.0,1.0,False,False,5.325167179107666,,4.777296543121338,0.011400426737964153,1.0,7.074774265289307,0.07275390625,7.2457146644592285,0.06591796875,4.789320945739746,0.011395089328289032,1.0,7.049857139587402,0.078125,7.306709289550781,0.0595703125,,,,,,,
tune-M-w256-d48371-s701-g01-random,tune,M,256,48371,701,96101,1,random,1e-05,1.0,3212800,3,0.0032174693879116504,,1.0497091660204418e-06,1281.6296043395996,0.0,1.0,False,False,5.325167179107666,,2.8124728202819824,0.2875013053417206,1.0,4.007518291473389,0.07275390625,4.142398357391357,0.06591796875,2.8070220947265625,0.2845095098018646,1.0,3.9718985557556152,0.078125,4.164658069610596,0.0595703125,,,,,,,
tune-M-w256-d48371-s701-g01-random,tune,M,256,48371,701,96101,1,random,1e-05,1.0,3212800,5,0.0025275714091741158,,7.105431140857275e-07,1512.6011407375336,0.0,1.0,False,False,5.325167179107666,,2.361356735229492,0.9376739263534546,1.0,3.0204830169677734,0.07275390625,3.125912666320801,0.06591796875,2.367788791656494,0.9360259175300598,1.0,3.023967742919922,0.078125,3.1433730125427246,0.0595703125,,,,,,,
tune-M-w256-d48371-s701-g01-random,tune,M,256,48371,701,96101,1,random,1e-05,1.0,3212800,10,0.004592272067699601,,7.902908200504541e-07,1543.8525043725967,0.0,1.0,False,False,5.325167179107666,,2.300318717956543,0.8359462022781372,1.0,2.9381296634674072,0.07275390625,3.126880407333374,0.06591796875,2.3209056854248047,0.8337916135787964,1.0,2.969398021697998,0.078125,3.159526824951172,0.0595703125,,,,,,,
tune-M-w256-d48371-s701-g01-random,tune,M,256,48371,701,96101,1,random,1e-05,1.0,3212800,20,0.008743369527728886,,2.315020721882842e-06,1577.9513664245605,0.0,0.996875,False,False,5.325167179107666,,2.2337191104888916,0.7308288812637329,1.0,2.840762138366699,0.07275390625,3.1295666694641113,0.06591796875,2.2773079872131348,0.7315154075622559,1.0,2.9093258380889893,0.078125,3.1910829544067383,0.0595703125,,,,,,,
tune-M-w256-d48371-s701-g01-random,tune,M,256,48371,701,96101,1,random,1e-05,1.0,3212800,30,0.012988880864368738,,5.071417032201767e-06,1602.3791636228561,0.0,0.9979166666666667,False,False,5.325167179107666,,2.186008930206299,0.6289796829223633,1.0,2.7917072772979736,0.07666015625,3.1373395919799805,0.06591796875,2.2563374042510986,0.6395615339279175,1.0,2.8959474563598633,0.080078125,3.233503580093384,0.0595703125,,,,,,,
tune-M-w256-d48371-s701-g01-uniform,tune,M,256,48371,701,96101,1,uniform,1e-05,1.0,3212800,0,,no_adaptation,,0.0,0.0,,False,False,5.325167179107666,,5.315655708312988,0.007841767743229866,1.0,7.907622814178467,0.07275390625,8.031502723693848,0.06591796875,5.325167179107666,0.007852465845644474,1.0,7.873762130737305,0.078125,8.093887329101562,0.0595703125,,,,,,,
tune-M-w256-d48371-s701-g01-uniform,tune,M,256,48371,701,96101,1,uniform,1e-05,1.0,3212800,1,,constant_weights,,329.98607087135315,0.0,1.0,False,False,5.325167179107666,,4.671151638031006,0.012726681306958199,1.0,6.909531593322754,0.07275390625,7.091196060180664,0.06591796875,4.685813903808594,0.01272470224648714,1.0,6.888824462890625,0.078125,7.155892372131348,0.0595703125,,,,,,,
tune-M-w256-d48371-s701-g01-uniform,tune,M,256,48371,701,96101,1,uniform,1e-05,1.0,3212800,3,,constant_weights,,1368.1292878389359,0.0,1.0,False,False,5.325167179107666,,2.6435282230377197,0.41957104206085205,1.0,3.6941308975219727,0.07275390625,3.816882610321045,0.06591796875,2.6425375938415527,0.41595908999443054,1.0,3.6648378372192383,0.078125,3.846816062927246,0.0595703125,,,,,,,
tune-M-w256-d48371-s701-g01-uniform,tune,M,256,48371,701,96101,1,uniform,1e-05,1.0,3212800,5,,constant_weights,,1523.158272743225,0.0,1.0,False,False,5.325167179107666,,2.3407371044158936,0.991762638092041,1.0,2.955538511276245,0.07275390625,3.0749101638793945,0.06591796875,2.3560070991516113,0.9945576190948486,1.0,2.9726929664611816,0.078125,3.100771188735962,0.0595703125,,,,,,,
tune-M-w256-d48371-s701-g01-uniform,tune,M,256,48371,701,96101,1,uniform,1e-05,1.0,3212800,10,,constant_weights,,1566.4549503326416,0.0,1.0,False,False,5.325167179107666,,2.2561731338500977,0.8158212304115295,1.0,2.8638181686401367,0.07275390625,3.0888805389404297,0.06591796875,2.2881479263305664,0.821179986000061,1.0,2.900989055633545,0.078125,3.1422746181488037,0.0595703125,,,,,,,
tune-M-w256-d48371-s701-g01-uniform,tune,M,256,48371,701,96101,1,uniform,1e-05,1.0,3212800,20,,constant_weights,,1629.7318962812424,0.0,0.996875,False,False,5.325167179107666,,2.1325855255126953,0.646602988243103,1.0,2.7286887168884277,0.07275390625,3.0224647521972656,0.06591796875,2.1914048194885254,0.6658303737640381,1.0,2.803220510482788,0.078125,3.105163335800171,0.0595703125,,,,,,,
tune-M-w256-d48371-s701-g01-uniform,tune,M,256,48371,701,96101,1,uniform,1e-05,1.0,3212800,30,,constant_weights,,1718.0021498203278,0.0,0.9979166666666667,False,False,5.325167179107666,,1.960182785987854,0.3005024194717407,1.0,2.651071071624756,0.07958984375,2.9289746284484863,0.06640625,2.0272464752197266,0.3260321319103241,1.0,2.740579605102539,0.080078125,3.0151281356811523,0.0595703125,,,,,,,
tune-M-w256-d48371-s701-g02-random,tune,M,256,48371,701,96101,2,random,3e-05,0.1,3212800,0,,no_adaptation,,0.0,0.0,,False,False,5.325167179107666,,5.315655708312988,0.007841767743229866,1.0,7.907622814178467,0.07275390625,8.031502723693848,0.06591796875,5.325167179107666,0.007852465845644474,1.0,7.873762130737305,0.078125,8.093887329101562,0.0595703125,,,,,,,
tune-M-w256-d48371-s701-g02-random,tune,M,256,48371,701,96101,2,random,3e-05,0.1,3212800,1,0.0035875526013143455,,1.0866034927984586e-06,1227.425817847252,0.0,1.0,False,False,5.325167179107666,,2.918339729309082,0.22529926896095276,1.0,4.188899040222168,0.07275390625,4.340820789337158,0.06591796875,2.916149616241455,0.22273209691047668,1.0,4.160083293914795,0.078125,4.365633964538574,0.0595703125,,,,,,,
tune-M-w256-d48371-s701-g02-random,tune,M,256,48371,701,96101,2,random,3e-05,0.1,3212800,3,0.0038316770407927697,,6.524227523708506e-07,1529.7252669334412,0.0,1.0,False,False,5.325167179107666,,2.327911138534546,0.917538046836853,1.0,2.949582099914551,0.07275390625,3.1166129112243652,0.06591796875,2.347794771194458,0.9177677631378174,1.0,2.982360363006592,0.078125,3.143256425857544,0.0595703125,,,,,,,
tune-M-w256-d48371-s701-g02-random,tune,M,256,48371,701,96101,2,random,3e-05,0.1,3212800,5,0.006371507554843064,,1.1308156376177883e-06,1554.890429854393,0.0,1.0,False,False,5.325167179107666,,2.2787601947784424,0.8208848237991333,1.0,2.8871312141418457,0.07275390625,3.128264904022217,0.06591796875,2.310004472732544,0.8199877142906189,1.0,2.9388248920440674,0.078125,3.171200752258301,0.0595703125,,,,,,,
tune-M-w256-d48371-s701-g02-random,tune,M,256,48371,701,96101,2,random,3e-05,0.1,3212800,10,0.012178386008652616,,4.3717092391428396e-06,1592.4072542190552,0.0,1.0,False,False,5.325167179107666,,2.2054853439331055,0.6529737710952759,1.0,2.8069543838500977,0.0751953125,3.156527280807495,0.06591796875,2.269334554672241,0.6574733853340149,1.0,2.9083058834075928,0.0810546875,3.24222469329834,0.0595703125,,,,,,,
tune-M-w256-d48371-s701-g02-random,tune,M,256,48371,701,96101,2,random,3e-05,0.1,3212800,20,0.02247709763291629,,1.3799694808047386e-05,1697.090568780899,0.0,0.996875,False,False,5.325167179107666,,2.001025676727295,0.3268546164035797,0.99462890625,2.642329454421997,0.11181640625,3.0338926315307617,0.0732421875,2.128053665161133,0.3501097559928894,0.9931640625,2.8320329189300537,0.080078125,3.2020182609558105,0.06640625,,,,,,,
tune-M-w256-d48371-s701-g02-random,tune,M,256,48371,701,96101,2,random,3e-05,0.1,3212800,30,0.046340153302441234,,5.140240983851066e-05,1750.0463382005692,0.0,0.9979166666666667,False,False,5.325167179107666,,1.8975963592529297,0.16019615530967712,0.9892578125,2.4757485389709473,0.23876953125,3.056844472885132,0.13623046875,2.1789281368255615,0.1840863972902298,0.986328125,2.945870876312256,0.1240234375,3.4068267345428467,0.080078125,,,,,,,
tune-M-w256-d48371-s701-g02-uniform,tune,M,256,48371,701,96101,2,uniform,3e-05,0.1,3212800,0,,no_adaptation,,0.0,0.0,,False,False,5.325167179107666,,5.315655708312988,0.007841767743229866,1.0,7.907622814178467,0.07275390625,8.031502723693848,0.06591796875,5.325167179107666,0.007852465845644474,1.0,7.873762130737305,0.078125,8.093887329101562,0.0595703125,,,,,,,
tune-M-w256-d48371-s701-g02-uniform,tune,M,256,48371,701,96101,2,uniform,3e-05,0.1,3212800,1,,constant_weights,,1330.0413595438004,0.0,1.0,False,False,5.325167179107666,,2.717918634414673,0.33702486753463745,1.0,3.83610463142395,0.07275390625,3.9806265830993652,0.06591796875,2.72239351272583,0.334661602973938,1.0,3.8176424503326416,0.078125,4.014875888824463,0.0595703125,,,,,,,
tune-M-w256-d48371-s701-g02-uniform,tune,M,256,48371,701,96101,2,uniform,3e-05,0.1,3212800,3,,constant_weights,,1544.7649768590927,0.0,1.0,False,False,5.325167179107666,,2.298536777496338,0.8293240070343018,1.0,2.9353413581848145,0.07275390625,3.130943775177002,0.06591796875,2.3220479488372803,0.8338435888290405,1.0,2.9568729400634766,0.078125,3.1754274368286133,0.0595703125,,,,,,,
tune-M-w256-d48371-s701-g02-uniform,tune,M,256,48371,701,96101,2,uniform,3e-05,0.1,3212800,5,,constant_weights,,1583.837535738945,0.0,1.0,False,False,5.325167179107666,,2.2222228050231934,0.7761674523353577,1.0,2.805488348007202,0.07275390625,3.0850131511688232,0.06591796875,2.266176462173462,0.7843072414398193,1.0,2.859083652496338,0.078125,3.1551380157470703,0.0595703125,,,,,,,
tune-M-w256-d48371-s701-g02-uniform,tune,M,256,48371,701,96101,2,uniform,3e-05,0.1,3212800,10,,constant_weights,,1677.961041688919,0.0,1.0,False,False,5.325167179107666,,2.0383877754211426,0.4856330156326294,1.0,2.6683385372161865,0.07470703125,2.9611923694610596,0.06689453125,2.1064887046813965,0.5121206641197205,1.0,2.750209093093872,0.0791015625,3.057136297225952,0.060546875,,,,,,,
tune-M-w256-d48371-s701-g02-uniform,tune,M,256,48371,701,96101,2,uniform,3e-05,0.1,3212800,20,,constant_weights,,1860.4361073970795,0.0,0.996875,False,False,5.325167179107666,,1.6819912195205688,0.04128953814506531,1.0,2.2408945560455322,0.22705078125,2.7637901306152344,0.09130859375,1.8019168376922607,0.04625651240348816,1.0,2.4960577487945557,0.1494140625,2.863436460494995,0.0615234375,,,,,,,
tune-M-w256-d48371-s701-g02-uniform,tune,M,256,48371,701,96101,2,uniform,3e-05,0.1,3212800,30,,constant_weights,,1961.5351475477219,0.0,0.9979166666666667,False,False,5.325167179107666,,1.4845322370529175,0.023781543597579002,1.0,1.7089762687683105,0.4404296875,2.720839023590088,0.1103515625,1.799307107925415,0.026828495785593987,1.0,2.533306837081909,0.1865234375,2.837785482406616,0.05859375,,,,,,,
tune-M-w256-d48371-s701-g03-random,tune,M,256,48371,701,96101,3,random,3e-05,1.0,3212800,0,,no_adaptation,,0.0,0.0,,False,False,5.325167179107666,,5.315655708312988,0.007841767743229866,1.0,7.907622814178467,0.07275390625,8.031502723693848,0.06591796875,5.325167179107666,0.007852465845644474,1.0,7.873762130737305,0.078125,8.093887329101562,0.0595703125,,,,,,,
tune-M-w256-d48371-s701-g03-random,tune,M,256,48371,701,96101,3,random,3e-05,1.0,3212800,1,0.0035818569243604203,,1.0832100434218328e-06,1228.1959264278412,0.0,1.0,False,False,5.325167179107666,,2.9168357849121094,0.22595225274562836,1.0,4.186368942260742,0.07275390625,4.338184356689453,0.06591796875,2.9146616458892822,0.2233862578868866,1.0,4.157599449157715,0.078125,4.362998962402344,0.0595703125,,,,,,,
tune-M-w256-d48371-s701-g03-random,tune,M,256,48371,701,96101,3,random,3e-05,1.0,3212800,3,0.0038334586182769918,,6.527551170442996e-07,1529.5681819915771,0.0,1.0,False,False,5.325167179107666,,2.3282177448272705,0.9174221158027649,1.0,2.9500436782836914,0.07275390625,3.117187738418579,0.06591796875,2.348106622695923,0.9176504611968994,1.0,2.9827988147735596,0.078125,3.1438708305358887,0.0595703125,,,,,,,
tune-M-w256-d48371-s701-g03-random,tune,M,256,48371,701,96101,3,random,3e-05,1.0,3212800,5,0.006369786239843921,,1.130192077499412e-06,1554.6393047571182,0.0,1.0,False,False,5.325167179107666,,2.2792508602142334,0.8216283917427063,1.0,2.887409210205078,0.07275390625,3.1287145614624023,0.06591796875,2.310483694076538,0.8207145929336548,1.0,2.9390485286712646,0.078125,3.171687364578247,0.0595703125,,,,,,,
tune-M-w256-d48371-s701-g03-random,tune,M,256,48371,701,96101,3,random,3e-05,1.0,3212800,10,0.012161104736199559,,4.358491648543512e-06,1591.8440730571747,0.0,1.0,False,False,5.325167179107666,,2.206585168838501,0.6548655033111572,1.0,2.8075366020202637,0.07568359375,3.157353401184082,0.06591796875,2.2702503204345703,0.659221887588501,1.0,2.9085543155670166,0.0810546875,3.2429752349853516,0.0595703125,,,,,,,
tune-M-w256-d48371-s701-g03-random,tune,M,256,48371,701,96101,3,random,3e-05,1.0,3212800,20,0.022188890895813662,,1.3391316467584922e-05,1694.9868388175964,0.0,0.996875,False,False,5.325167179107666,,2.0051345825195312,0.33496689796447754,0.99462890625,2.6465582847595215,0.1103515625,3.0338783264160156,0.07275390625,2.130208969116211,0.3580227792263031,0.994140625,2.833530902862549,0.078125,3.199073553085327,0.0654296875,,,,,,,
tune-M-w256-d48371-s701-g03-random,tune,M,256,48371,701,96101,3,random,3e-05,1.0,3212800,30,0.045005256024220924,,4.965907297851504e-05,1748.1796289682388,0.0,0.9979166666666667,False,False,5.325167179107666,,1.9012422561645508,0.17374423146247864,0.98876953125,2.4780943393707275,0.232421875,3.0518882274627686,0.13623046875,2.1725175380706787,0.19809354841709137,0.986328125,2.930675745010376,0.125,3.3887829780578613,0.078125,,,,,,,
tune-M-w256-d48371-s701-g03-uniform,tune,M,256,48371,701,96101,3,uniform,3e-05,1.0,3212800,0,,no_adaptation,,0.0,0.0,,False,False,5.325167179107666,,5.315655708312988,0.007841767743229866,1.0,7.907622814178467,0.07275390625,8.031502723693848,0.06591796875,5.325167179107666,0.007852465845644474,1.0,7.873762130737305,0.078125,8.093887329101562,0.0595703125,,,,,,,
tune-M-w256-d48371-s701-g03-uniform,tune,M,256,48371,701,96101,3,uniform,3e-05,1.0,3212800,1,,constant_weights,,1330.607486963272,0.0,1.0,False,False,5.325167179107666,,2.7168128490448,0.3378375172615051,1.0,3.834094524383545,0.07275390625,3.9785070419311523,0.06591796875,2.7212958335876465,0.3354768455028534,1.0,3.8156652450561523,0.078125,4.012745380401611,0.0595703125,,,,,,,
tune-M-w256-d48371-s701-g03-uniform,tune,M,256,48371,701,96101,3,uniform,3e-05,1.0,3212800,3,,constant_weights,,1544.6079298257828,0.0,1.0,False,False,5.325167179107666,,2.2988431453704834,0.8294816613197327,1.0,2.935649871826172,0.07275390625,3.1313982009887695,0.06591796875,2.3223650455474854,0.8339970111846924,1.0,2.9571824073791504,0.078125,3.175915479660034,0.0595703125,,,,,,,
tune-M-w256-d48371-s701-g03-uniform,tune,M,256,48371,701,96101,3,uniform,3e-05,1.0,3212800,5,,constant_weights,,1583.5597981214523,0.0,1.0,False,False,5.325167179107666,,2.2227654457092285,0.7769814729690552,1.0,2.805773973464966,0.07275390625,3.085540771484375,0.06591796875,2.266704559326172,0.7850940227508545,1.0,2.8593175411224365,0.078125,3.1557013988494873,0.0595703125,,,,,,,
tune-M-w256-d48371-s701-g03-uniform,tune,M,256,48371,701,96101,3,uniform,3e-05,1.0,3212800,10,,constant_weights,,1677.2184269428253,0.0,1.0,False,False,5.325167179107666,,2.0398383140563965,0.48785296082496643,1.0,2.6694552898406982,0.07470703125,2.9622068405151367,0.06689453125,2.1077091693878174,0.5140759348869324,1.0,2.7510132789611816,0.0791015625,3.0580384731292725,0.060546875,,,,,,,
tune-M-w256-d48371-s701-g03-uniform,tune,M,256,48371,701,96101,3,uniform,3e-05,1.0,3212800,20,,constant_weights,,1858.0566090345383,0.0,0.996875,False,False,5.325167179107666,,1.6866388320922852,0.04408073052763939,1.0,2.250723361968994,0.22021484375,2.7651124000549316,0.09033203125,1.8042125701904297,0.04934503138065338,1.0,2.499558448791504,0.1474609375,2.8637337684631348,0.064453125,,,,,,,
tune-M-w256-d48371-s701-g03-uniform,tune,M,256,48371,701,96101,3,uniform,3e-05,1.0,3212800,30,,constant_weights,,1956.7310305833817,0.0,0.9979166666666667,False,False,5.325167179107666,,1.4939152002334595,0.026614315807819366,1.0,1.731993317604065,0.42919921875,2.7231383323669434,0.10986328125,1.7995502948760986,0.030005257576704025,1.0,2.529860496520996,0.181640625,2.838785171508789,0.0576171875,,,,,,,
tune-M-w256-d48371-s701-g04-random,tune,M,256,48371,701,96101,4,random,0.0001,0.1,3212800,0,,no_adaptation,,0.0,0.0,,False,False,5.325167179107666,,5.315655708312988,0.007841767743229866,1.0,7.907622814178467,0.07275390625,8.031502723693848,0.06591796875,5.325167179107666,0.007852465845644474,1.0,7.873762130737305,0.078125,8.093887329101562,0.0595703125,,,,,,,
tune-M-w256-d48371-s701-g04-random,tune,M,256,48371,701,96101,4,random,0.0001,0.1,3212800,1,0.0029742227903153473,,1.1401454360734998e-06,1472.117486357689,0.0,1.0,False,False,5.325167179107666,,2.4404261112213135,1.5265932083129883,0.99951171875,2.838867664337158,0.0732421875,2.955817699432373,0.06640625,2.459733009338379,1.5328619480133057,1.0,2.8712525367736816,0.078125,2.9750843048095703,0.060546875,,,,,,,
tune-M-w256-d48371-s701-g04-random,tune,M,256,48371,701,96101,4,random,0.0001,0.1,3212800,3,0.010643515703982268,,3.1845162105601665e-06,1565.5658745765686,0.0,1.0,False,False,5.325167179107666,,2.2579097747802734,0.807145357131958,1.0,2.815666913986206,0.07275390625,3.1509172916412354,0.06591796875,2.312041759490967,0.8070671558380127,0.9990234375,2.9102511405944824,0.078125,3.2188069820404053,0.0595703125,,,,,,,
tune-M-w256-d48371-s701-g04-random,tune,M,256,48371,701,96101,4,random,0.0001,0.1,3212800,5,0.015200691073474368,,6.768112129647342e-06,1617.7303141355515,0.0,1.0,False,False,5.325167179107666,,2.1560261249542236,0.643437385559082,0.99951171875,2.7319703102111816,0.0849609375,3.092670440673828,0.0654296875,2.2389461994171143,0.6591098308563232,0.9990234375,2.8576536178588867,0.0751953125,3.200075149536133,0.0634765625,,,,,,,
tune-M-w256-d48371-s701-g04-random,tune,M,256,48371,701,96101,4,random,0.0001,0.1,3212800,10,0.02710825351732827,,1.9787747096892823e-05,1754.1328854560852,0.0,1.0,False,False,5.325167179107666,,1.8896149396896362,0.22810795903205872,0.9921875,2.5132198333740234,0.17041015625,2.9275166988372803,0.1005859375,2.0404396057128906,0.2506120204925537,0.98828125,2.7611072063446045,0.109375,3.1095995903015137,0.0732421875,,,,,,,
tune-M-w256-d48371-s701-g04-random,tune,M,256,48371,701,96101,4,random,0.0001,0.1,3212800,20,0.10523519611365824,,9.089926549978913e-05,1817.806087255478,0.0,1.0,False,False,5.325167179107666,,1.7652530670166016,0.06686406582593918,0.99169921875,2.1873273849487305,0.40478515625,3.041567802429199,0.255859375,2.489776372909546,0.08579190820455551,0.9912109375,3.397325038909912,0.1435546875,3.9862124919891357,0.068359375,,,,,,,
tune-M-w256-d48371-s701-g04-random,tune,M,256,48371,701,96101,4,random,0.0001,0.1,3212800,30,0.12851824398909434,,6.732639931872575e-05,2025.7739114761353,0.0,1.0,False,False,5.325167179107666,,1.3590658903121948,0.026983674615621567,0.9970703125,1.5523786544799805,0.60986328125,2.497835636138916,0.439453125,2.668388843536377,0.045853931456804276,0.994140625,3.362689971923828,0.2158203125,4.596621513366699,0.0693359375,,,,,,,
tune-M-w256-d48371-s701-g04-uniform,tune,M,256,48371,701,96101,4,uniform,0.0001,0.1,3212800,0,,no_adaptation,,0.0,0.0,,False,False,5.325167179107666,,5.315655708312988,0.007841767743229866,1.0,7.907622814178467,0.07275390625,8.031502723693848,0.06591796875,5.325167179107666,0.007852465845644474,1.0,7.873762130737305,0.078125,8.093887329101562,0.0595703125,,,,,,,
tune-M-w256-d48371-s701-g04-uniform,tune,M,256,48371,701,96101,4,uniform,0.0001,0.1,3212800,1,,constant_weights,,1493.380697965622,0.0,1.0,False,False,5.325167179107666,,2.3988964557647705,1.4253190755844116,1.0,2.8151915073394775,0.07275390625,2.956178665161133,0.06591796875,2.4170033931732178,1.4312384128570557,1.0,2.839562177658081,0.078125,2.9802095890045166,0.0595703125,,,,,,,
tune-M-w256-d48371-s701-g04-uniform,tune,M,256,48371,701,96101,4,uniform,0.0001,0.1,3212800,3,,constant_weights,,1619.836574792862,0.0,1.0,False,False,5.325167179107666,,2.1519124507904053,0.719892680644989,1.0,2.7047643661499023,0.07275390625,3.0310797691345215,0.06591796875,2.2185513973236084,0.7394853830337524,1.0,2.782848596572876,0.078125,3.1333208084106445,0.0595703125,,,,,,,
tune-M-w256-d48371-s701-g04-uniform,tune,M,256,48371,701,96101,4,uniform,0.0001,0.1,3212800,5,,constant_weights,,1740.495610833168,0.0,1.0,False,False,5.325167179107666,,1.9162499904632568,0.2583853006362915,1.0,2.6163783073425293,0.080078125,2.8739869594573975,0.06787109375,1.9852076768875122,0.2863498330116272,1.0,2.7088065147399902,0.0791015625,2.9604668617248535,0.0595703125,,,,,,,
tune-M-w256-d48371-s701-g04-uniform,tune,M,256,48371,701,96101,4,uniform,0.0001,0.1,3212800,10,,constant_weights,,1904.0365241765976,0.0,0.98125,False,False,5.325167179107666,,1.5968343019485474,0.03182912990450859,1.0,2.0221126079559326,0.32958984375,2.7365612983703613,0.09423828125,1.7631123065948486,0.036105237901210785,1.0,2.420163154602051,0.1953125,2.8330681324005127,0.0615234375,,,,,,,
tune-M-w256-d48371-s701-g04-uniform,tune,M,256,48371,701,96101,4,uniform,0.0001,0.1,3212800,20,,constant_weights,,2206.71062874794,0.0,0.990625,False,False,5.325167179107666,,1.005673885345459,0.022693956270813942,1.0,0.4374125599861145,0.90625,2.556915283203125,0.1767578125,1.6352739334106445,0.026235809549689293,1.0,1.9285218715667725,0.4296875,2.951064109802246,0.0654296875,,,,,,,
tune-M-w256-d48371-s701-g04-uniform,tune,M,256,48371,701,96101,4,uniform,0.0001,0.1,3212800,30,,constant_weights,,2498.7243065834045,0.0,0.99375,False,False,5.325167179107666,,0.4353346824645996,0.01627713441848755,1.0,0.0825008824467659,0.9970703125,1.2072261571884155,0.6318359375,1.9269113540649414,0.02053864300251007,1.0,1.6098403930664062,0.5556640625,4.150354862213135,0.0791015625,,,,,,,
tune-M-w256-d48371-s701-g05-random,tune,M,256,48371,701,96101,5,random,0.0001,1.0,3212800,0,,no_adaptation,,0.0,0.0,,False,False,5.325167179107666,,5.315655708312988,0.007841767743229866,1.0,7.907622814178467,0.07275390625,8.031502723693848,0.06591796875,5.325167179107666,0.007852465845644474,1.0,7.873762130737305,0.078125,8.093887329101562,0.0595703125,,,,,,,
tune-M-w256-d48371-s701-g05-random,tune,M,256,48371,701,96101,5,random,0.0001,1.0,3212800,1,0.0029739526339549764,,1.1404365331607202e-06,1471.947303891182,0.0,1.0,False,False,5.325167179107666,,2.440758466720581,1.5269677639007568,0.99951171875,2.8391499519348145,0.0732421875,2.956157684326172,0.06640625,2.460062026977539,1.5332425832748413,1.0,2.871506690979004,0.078125,2.9754371643066406,0.060546875,,,,,,,
tune-M-w256-d48371-s701-g05-random,tune,M,256,48371,701,96101,5,random,0.0001,1.0,3212800,3,0.010632231363434944,,3.174671907232143e-06,1565.1725779771805,0.0,1.0,False,False,5.325167179107666,,2.2586779594421387,0.8084729909896851,1.0,2.815958023071289,0.07275390625,3.1516029834747314,0.06591796875,2.312687873840332,0.8083264231681824,0.9990234375,2.910264730453491,0.078125,3.2194724082946777,0.0595703125,,,,,,,
tune-M-w256-d48371-s701-g05-random,tune,M,256,48371,701,96101,5,random,0.0001,1.0,3212800,5,0.015146652510469052,,6.705291434922957e-06,1617.0680108070374,0.0,1.0,False,False,5.325167179107666,,2.1573197841644287,0.645964503288269,0.99951171875,2.732776641845703,0.08447265625,3.0932178497314453,0.0654296875,2.2396976947784424,0.6612453460693359,0.9990234375,2.857638359069824,0.0751953125,3.200209856033325,0.0634765625,,,,,,,
tune-M-w256-d48371-s701-g05-random,tune,M,256,48371,701,96101,5,random,0.0001,1.0,3212800,10,0.026052606504128363,,1.8407232990247712e-05,1750.991351723671,0.0,1.0,False,False,5.325167179107666,,1.895750641822815,0.24557466804981232,0.99267578125,2.5195653438568115,0.1650390625,2.922111749649048,0.09912109375,2.040142059326172,0.26968860626220703,0.9892578125,2.75559663772583,0.1083984375,3.095141649246216,0.0712890625,,,,,,,
tune-M-w256-d48371-s701-g05-random,tune,M,256,48371,701,96101,5,random,0.0001,1.0,3212800,20,0.09942706975400205,,9.507094277323351e-05,1815.925383090973,0.0,1.0,False,False,5.325167179107666,,1.7689263820648193,0.07990255206823349,0.9912109375,2.214033842086792,0.38671875,3.0128426551818848,0.24560546875,2.4436793327331543,0.0999843031167984,0.9921875,3.349604606628418,0.1435546875,3.8814492225646973,0.068359375,,,,,,,
tune-M-w256-d48371-s701-g05-random,tune,M,256,48371,701,96101,5,random,0.0001,1.0,3212800,30,0.12400187026915435,,4.544736015082869e-05,2006.3417873382568,0.0,1.0,False,False,5.325167179107666,,1.397019386291504,0.035178571939468384,0.9970703125,1.634979486465454,0.57958984375,2.520899772644043,0.41162109375,2.5651822090148926,0.051512062549591064,0.9931640625,3.3221933841705322,0.2119140625,4.321841239929199,0.08203125,,,,,,,
tune-M-w256-d48371-s701-g05-uniform,tune,M,256,48371,701,96101,5,uniform,0.0001,1.0,3212800,0,,no_adaptation,,0.0,0.0,,False,False,5.325167179107666,,5.315655708312988,0.007841767743229866,1.0,7.907622814178467,0.07275390625,8.031502723693848,0.06591796875,5.325167179107666,0.007852465845644474,1.0,7.873762130737305,0.078125,8.093887329101562,0.0595703125,,,,,,,
tune-M-w256-d48371-s701-g05-uniform,tune,M,256,48371,701,96101,5,uniform,0.0001,1.0,3212800,1,,constant_weights,,1493.2757589817047,0.0,1.0,False,False,5.325167179107666,,2.3991012573242188,1.425225019454956,1.0,2.8154966831207275,0.07275390625,2.956582546234131,0.06591796875,2.4172134399414062,1.4311518669128418,1.0,2.8398430347442627,0.078125,2.9806456565856934,0.0595703125,,,,,,,
tune-M-w256-d48371-s701-g05-uniform,tune,M,256,48371,701,96101,5,uniform,0.0001,1.0,3212800,3,,constant_weights,,1619.265333533287,0.0,1.0,False,False,5.325167179107666,,2.1530280113220215,0.7225566506385803,1.0,2.705108642578125,0.07275390625,3.031418800354004,0.06591796875,2.2194623947143555,0.7420426607131958,1.0,2.7827951908111572,0.078125,3.133549451828003,0.0595703125,,,,,,,
tune-M-w256-d48371-s701-g05-uniform,tune,M,256,48371,701,96101,5,uniform,0.0001,1.0,3212800,5,,constant_weights,,1739.0193128585815,0.0,1.0,False,False,5.325167179107666,,1.9191336631774902,0.26259294152259827,1.0,2.619035243988037,0.07958984375,2.875772476196289,0.06787109375,1.9878838062286377,0.2903352975845337,1.0,2.7109546661376953,0.0791015625,2.9623610973358154,0.0595703125,,,,,,,
tune-M-w256-d48371-s701-g05-uniform,tune,M,256,48371,701,96101,5,uniform,0.0001,1.0,3212800,10,,constant_weights,,1899.723894238472,0.0,0.98125,False,False,5.325167179107666,,1.605257272720337,0.03627360984683037,1.0,2.041168212890625,0.3271484375,2.738330602645874,0.091796875,1.7663700580596924,0.0408991202712059,1.0,2.4246668815612793,0.1962890625,2.8335444927215576,0.064453125,,,,,,,
tune-M-w256-d48371-s701-g05-uniform,tune,M,256,48371,701,96101,5,uniform,0.0001,1.0,3212800,20,,constant_weights,,2185.276961326599,0.0,0.990625,False,False,5.325167179107666,,1.0475366115570068,0.028179515153169632,1.0,0.5387572050094604,0.8828125,2.5756731033325195,0.16845703125,1.6602783203125,0.03270172327756882,1.0,2.013096809387207,0.3955078125,2.9350361824035645,0.068359375,,,,,,,
tune-M-w256-d48371-s701-g05-uniform,tune,M,256,48371,701,96101,5,uniform,0.0001,1.0,3212800,30,,constant_weights,,2463.8414731025696,0.0,0.99375,False,False,5.325167179107666,,0.5034652352333069,0.022032544016838074,1.0,0.10831902176141739,0.99560546875,1.3800442218780518,0.5771484375,1.8686004877090454,0.026644201949238777,1.0,1.6192800998687744,0.5458984375,3.9598772525787354,0.0703125,,,,,,,
tune-M-w256-d50723-s702-g00-random,tune,M,256,50723,702,96102,0,random,1e-05,0.1,3212800,0,,no_adaptation,,0.0,0.0,,False,False,5.3857221603393555,,5.414587020874023,0.007781983353197575,1.0,8.197558403015137,0.0439453125,8.038419723510742,0.06396484375,5.3857221603393555,0.007776005193591118,1.0,8.155146598815918,0.048828125,7.994245529174805,0.068359375,,,,,,,
tune-M-w256-d50723-s702-g00-random,tune,M,256,50723,702,96102,0,random,1e-05,0.1,3212800,1,0.005498247077740008,,4.745754201841694e-06,316.57516860961914,0.0,1.0,False,False,5.3857221603393555,,4.796275615692139,0.012470397166907787,1.0,7.249364376068115,0.0439453125,7.126992225646973,0.06396484375,4.783571720123291,0.012371549382805824,1.0,7.227072238922119,0.048828125,7.111271381378174,0.068359375,,,,,,,
tune-M-w256-d50723-s702-g00-random,tune,M,256,50723,702,96102,0,random,1e-05,0.1,3212800,3,0.0013908733088420391,,1.2687130519943833e-06,1328.1007273197174,0.0,1.0,False,False,5.3857221603393555,,2.8206403255462646,0.5173667073249817,1.0,4.014617919921875,0.0439453125,3.9299354553222656,0.06396484375,2.8250732421875,0.5097425580024719,1.0,3.9959235191345215,0.048828125,3.9695534706115723,0.068359375,,,,,,,
tune-M-w256-d50723-s702-g00-random,tune,M,256,50723,702,96102,0,random,1e-05,0.1,3212800,5,0.0,,1.676718848060865e-06,1553.2595319747925,0.0,1.0,True,False,5.3857221603393555,,2.3808767795562744,0.885857105255127,1.0,3.135500431060791,0.0439453125,3.1212730407714844,0.06396484375,2.3830513954162598,0.880583643913269,1.0,3.1384992599487305,0.048828125,3.1300721168518066,0.068359375,,,,,,,
tune-M-w256-d50723-s702-g00-random,tune,M,256,50723,702,96102,0,random,1e-05,0.1,3212800,10,0.0011171443060183275,,1.8617183855062722e-06,1581.3539518117905,0.0,0.99375,False,False,5.3857221603393555,,2.326004981994629,0.8468265533447266,1.0,3.0405800342559814,0.0439453125,3.0906081199645996,0.06396484375,2.3396823406219482,0.8462915420532227,1.0,3.062033176422119,0.048828125,3.110722780227661,0.068359375,,,,,,,
tune-M-w256-d50723-s702-g00-random,tune,M,256,50723,702,96102,0,random,1e-05,0.1,3212800,20,0.004880007141664894,,3.723462197644013e-06,1618.2006570100784,0.0,0.996875,False,False,5.3857221603393555,,2.2540388107299805,0.7292972803115845,1.0,2.9442477226257324,0.0439453125,3.0885708332061768,0.06396484375,2.2884621620178223,0.7340395450592041,1.0,2.9969215393066406,0.048828125,3.134425401687622,0.068359375,,,,,,,
tune-M-w256-d50723-s702-g00-random,tune,M,256,50723,702,96102,0,random,1e-05,0.1,3212800,30,0.008227513636457955,,6.035708607843311e-06,1651.3897399902344,0.0,0.9979166666666667,False,False,5.3857221603393555,,2.189216375350952,0.5957921147346497,1.0,2.8816356658935547,0.04541015625,3.0902209281921387,0.06396484375,2.239753246307373,0.6087181568145752,1.0,2.9631290435791016,0.046875,3.1474125385284424,0.068359375,,,,,,,
tune-M-w256-d50723-s702-g00-uniform,tune,M,256,50723,702,96102,0,uniform,1e-05,0.1,3212800,0,,no_adaptation,,0.0,0.0,,False,False,5.3857221603393555,,5.414587020874023,0.007781983353197575,1.0,8.197558403015137,0.0439453125,8.038419723510742,0.06396484375,5.3857221603393555,0.007776005193591118,1.0,8.155146598815918,0.048828125,7.994245529174805,0.068359375,,,,,,,
tune-M-w256-d50723-s702-g00-uniform,tune,M,256,50723,702,96102,0,uniform,1e-05,0.1,3212800,1,,constant_weights,,384.13573694229126,0.0,1.0,False,False,5.3857221603393555,,4.6643218994140625,0.014637209475040436,1.0,7.047231674194336,0.0439453125,6.931096076965332,0.06396484375,4.656404495239258,0.014499446377158165,1.0,7.031459808349609,0.048828125,6.923255443572998,0.068359375,,,,,,,
tune-M-w256-d50723-s702-g00-uniform,tune,M,256,50723,702,96102,0,uniform,1e-05,0.1,3212800,3,,constant_weights,,1391.6507987976074,0.0,1.0,False,False,5.3857221603393555,,2.696518898010254,0.671288251876831,1.0,3.747653007507324,0.0439453125,3.6706151962280273,0.06396484375,2.7046620845794678,0.6604326963424683,1.0,3.7342772483825684,0.048828125,3.7192769050598145,0.068359375,,,,,,,
tune-M-w256-d50723-s702-g00-uniform,tune,M,256,50723,702,96102,0,uniform,1e-05,0.1,3212800,5,,constant_weights,,1561.6372677087784,0.0,1.0,False,False,5.3857221603393555,,2.364514112472534,0.9804295897483826,1.0,3.0533149242401123,0.0439453125,3.059797763824463,0.06396484375,2.3698973655700684,0.9785931706428528,1.0,3.0654144287109375,0.048828125,3.065683364868164,0.068359375,,,,,,,
tune-M-w256-d50723-s702-g00-uniform,tune,M,256,50723,702,96102,0,uniform,1e-05,0.1,3212800,10,,constant_weights,,1605.1211512088776,0.0,0.99375,False,False,5.3857221603393555,,2.2795844078063965,0.8283167481422424,1.0,2.9605984687805176,0.0439453125,3.0498385429382324,0.06396484375,2.3050484657287598,0.8347065448760986,1.0,2.9943320751190186,0.048828125,3.086106061935425,0.068359375,,,,,,,
tune-M-w256-d50723-s702-g00-uniform,tune,M,256,50723,702,96102,0,uniform,1e-05,0.1,3212800,20,,constant_weights,,1673.3679784536362,0.0,0.996875,False,False,5.3857221603393555,,2.1462900638580322,0.6070808172225952,1.0,2.8268470764160156,0.0439453125,3.004941940307617,0.06396484375,2.1960418224334717,0.6271302700042725,1.0,2.8927292823791504,0.048828125,3.0682661533355713,0.068359375,,,,,,,
tune-M-w256-d50723-s702-g00-uniform,tune,M,256,50723,702,96102,0,uniform,1e-05,0.1,3212800,30,,constant_weights,,1772.779117822647,0.0,0.9979166666666667,False,False,5.3857221603393555,,1.9521276950836182,0.23912154138088226,1.0,2.72171950340271,0.044921875,2.8955416679382324,0.06396484375,2.010439872741699,0.27623888850212097,1.0,2.800427198410034,0.048828125,2.954653263092041,0.068359375,,,,,,,
tune-M-w256-d50723-s702-g01-random,tune,M,256,50723,702,96102,1,random,1e-05,1.0,3212800,0,,no_adaptation,,0.0,0.0,,False,False,5.3857221603393555,,5.414587020874023,0.007781983353197575,1.0,8.197558403015137,0.0439453125,8.038419723510742,0.06396484375,5.3857221603393555,0.007776005193591118,1.0,8.155146598815918,0.048828125,7.994245529174805,0.068359375,,,,,,,
tune-M-w256-d50723-s702-g01-random,tune,M,256,50723,702,96102,1,random,1e-05,1.0,3212800,1,0.0054806277977856276,,4.727605910071474e-06,317.2146611213684,0.0,1.0,False,False,5.3857221603393555,,4.795027256011963,0.012498017400503159,1.0,7.247457504272461,0.0439453125,7.125125408172607,0.06396484375,4.782322883605957,0.012399028986692429,1.0,7.225167751312256,0.048828125,7.109401702880859,0.068359375,,,,,,,
tune-M-w256-d50723-s702-g01-random,tune,M,256,50723,702,96102,1,random,1e-05,1.0,3212800,3,0.00138622938252863,,1.2671145485607326e-06,1328.6464627981186,0.0,1.0,False,False,5.3857221603393555,,2.8195743560791016,0.5179481506347656,1.0,4.0126729011535645,0.0439453125,3.9281015396118164,0.06396484375,2.82399320602417,0.5103306770324707,1.0,3.994004726409912,0.048828125,3.967644453048706,0.068359375,,,,,,,
tune-M-w256-d50723-s702-g01-random,tune,M,256,50723,702,96102,1,random,1e-05,1.0,3212800,5,0.0,,1.6786252584157628e-06,1553.1961899995804,0.0,1.0,True,False,5.3857221603393555,,2.381000518798828,0.8866615891456604,1.0,3.1352341175079346,0.0439453125,3.121105670928955,0.06396484375,2.3831677436828613,0.8813951015472412,1.0,3.138249158859253,0.048828125,3.129859209060669,0.068359375,,,,,,,
tune-M-w256-d50723-s702-g01-random,tune,M,256,50723,702,96102,1,random,1e-05,1.0,3212800,10,0.0011166375785521933,,1.8626007883267496e-06,1581.1796956062317,0.0,0.99375,False,False,5.3857221603393555,,2.3263449668884277,0.8473111987113953,1.0,3.040790557861328,0.0439453125,3.0909342765808105,0.06396484375,2.3400092124938965,0.8467731475830078,1.0,3.062222480773926,0.048828125,3.111032247543335,0.068359375,,,,,,,
tune-M-w256-d50723-s702-g01-random,tune,M,256,50723,702,96102,1,random,1e-05,1.0,3212800,20,0.004874652165120695,,3.722104525231224e-06,1617.8325456380844,0.0,0.996875,False,False,5.3857221603393555,,2.2547576427459717,0.7305622100830078,1.0,2.9445888996124268,0.0439453125,3.0891218185424805,0.06396484375,2.289121389389038,0.7352786064147949,1.0,2.997180938720703,0.048828125,3.134903907775879,0.068359375,,,,,,,
tune-M-w256-d50723-s702-g01-random,tune,M,256,50723,702,96102,1,random,1e-05,1.0,3212800,30,0.008209144163400961,,6.0255812224991856e-06,1650.6830441951752,0.0,0.9979166666666667,False,False,5.3857221603393555,,2.190596580505371,0.5983781814575195,1.0,2.882343292236328,0.04541015625,3.0910682678222656,0.06396484375,2.240941047668457,0.6111279726028442,1.0,2.9635844230651855,0.0478515625,3.148110866546631,0.068359375,,,,,,,
tune-M-w256-d50723-s702-g01-uniform,tune,M,256,50723,702,96102,1,uniform,1e-05,1.0,3212800,0,,no_adaptation,,0.0,0.0,,False,False,5.3857221603393555,,5.414587020874023,0.007781983353197575,1.0,8.197558403015137,0.0439453125,8.038419723510742,0.06396484375,5.3857221603393555,0.007776005193591118,1.0,8.155146598815918,0.048828125,7.994245529174805,0.068359375,,,,,,,
tune-M-w256-d50723-s702-g01-uniform,tune,M,256,50723,702,96102,1,uniform,1e-05,1.0,3212800,1,,constant_weights,,384.75124645233154,0.0,1.0,False,False,5.3857221603393555,,4.663119316101074,0.014668276533484459,1.0,7.045392990112305,0.0439453125,6.929296970367432,0.06396484375,4.655200958251953,0.01453031413257122,1.0,7.0296220779418945,0.048828125,6.921450614929199,0.068359375,,,,,,,
tune-M-w256-d50723-s702-g01-uniform,tune,M,256,50723,702,96102,1,uniform,1e-05,1.0,3212800,3,,constant_weights,,1392.076290488243,0.0,1.0,False,False,5.3857221603393555,,2.695687770843506,0.6718421578407288,1.0,3.7460765838623047,0.0439453125,3.669145107269287,0.06396484375,2.7038168907165527,0.6609991788864136,1.0,3.732729911804199,0.048828125,3.7177209854125977,0.068359375,,,,,,,
tune-M-w256-d50723-s702-g01-uniform,tune,M,256,50723,702,96102,1,uniform,1e-05,1.0,3212800,5,,constant_weights,,1561.5381108522415,0.0,1.0,False,False,5.3857221603393555,,2.3647074699401855,0.9808350205421448,1.0,3.053363800048828,0.0439453125,3.059924364089966,0.06396484375,2.3700881004333496,0.9790056943893433,1.0,3.0654664039611816,0.048828125,3.065793037414551,0.068359375,,,,,,,
tune-M-w256-d50723-s702-g01-uniform,tune,M,256,50723,702,96102,1,uniform,1e-05,1.0,3212800,10,,constant_weights,,1604.9400398731232,0.0,0.99375,False,False,5.3857221603393555,,2.2799384593963623,0.8287785053253174,1.0,2.9608280658721924,0.0439453125,3.050208568572998,0.06396484375,2.305392026901245,0.8351543545722961,1.0,2.994553565979004,0.048828125,3.08646821975708,0.068359375,,,,,,,
tune-M-w256-d50723-s702-g01-uniform,tune,M,256,50723,702,96102,1,uniform,1e-05,1.0,3212800,20,,constant_weights,,1672.882933497429,0.0,0.996875,False,False,5.3857221603393555,,2.1472373008728027,0.608613133430481,1.0,2.827414035797119,0.0439453125,3.0056848526000977,0.06396484375,2.1969242095947266,0.6285800337791443,1.0,2.8932487964630127,0.048828125,3.0689444541931152,0.068359375,,,,,,,
tune-M-w256-d50723-s702-g01-uniform,tune,M,256,50723,702,96102,1,uniform,1e-05,1.0,3212800,30,,constant_weights,,1771.8081150054932,0.0,0.9979166666666667,False,False,5.3857221603393555,,1.9540241956710815,0.24249480664730072,1.0,2.723179340362549,0.044921875,2.8963980674743652,0.06396484375,2.0121519565582275,0.2795247435569763,1.0,2.8018717765808105,0.048828125,2.955059289932251,0.068359375,,,,,,,
tune-M-w256-d50723-s702-g02-random,tune,M,256,50723,702,96102,2,random,3e-05,0.1,3212800,0,,no_adaptation,,0.0,0.0,,False,False,5.3857221603393555,,5.414587020874023,0.007781983353197575,1.0,8.197558403015137,0.0439453125,8.038419723510742,0.06396484375,5.3857221603393555,0.007776005193591118,1.0,8.155146598815918,0.048828125,7.994245529174805,0.068359375,,,,,,,
tune-M-w256-d50723-s702-g02-random,tune,M,256,50723,702,96102,2,random,3e-05,0.1,3212800,1,0.0011495681093198385,,1.2290739645992333e-06,1301.8896499872208,0.0,1.0,False,False,5.3857221603393555,,2.8718338012695312,0.4100085198879242,1.0,4.145779609680176,0.0439453125,4.0597124099731445,0.06396484375,2.8806440830230713,0.40423303842544556,1.0,4.134219169616699,0.048828125,4.103480339050293,0.068359375,,,,,,,
tune-M-w256-d50723-s702-g02-random,tune,M,256,50723,702,96102,2,random,3e-05,0.1,3212800,3,0.0,,1.8138960081365115e-06,1568.160534620285,0.0,0.9791666666666666,True,False,5.3857221603393555,,2.351773500442505,0.9461368322372437,1.0,3.0362751483917236,0.0439453125,3.0729079246520996,0.06396484375,2.358412027359009,0.9424664974212646,1.0,3.050367832183838,0.048828125,3.082401752471924,0.068359375,,,,,,,
tune-M-w256-d50723-s702-g02-random,tune,M,256,50723,702,96102,2,random,3e-05,0.1,3212800,5,0.0028194285619432755,,2.763305602944411e-06,1592.3521970510483,0.0,0.9875,False,False,5.3857221603393555,,2.3045239448547363,0.8308073282241821,1.0,2.991976499557495,0.0439453125,3.0907881259918213,0.06396484375,2.3229541778564453,0.83138108253479,1.0,3.0221900939941406,0.048828125,3.115290641784668,0.068359375,,,,,,,
tune-M-w256-d50723-s702-g02-random,tune,M,256,50723,702,96102,2,random,3e-05,0.1,3212800,10,0.0075112986651218894,,5.424344018100764e-06,1640.2224152088165,0.0,0.9875,False,False,5.3857221603393555,,2.2110273838043213,0.652421236038208,1.0,2.8917951583862305,0.04443359375,3.0888657569885254,0.06396484375,2.2597622871398926,0.6627017259597778,1.0,2.966918706893921,0.048828125,3.1496663093566895,0.068359375,,,,,,,
tune-M-w256-d50723-s702-g02-random,tune,M,256,50723,702,96102,2,random,3e-05,0.1,3212800,20,0.01321011973036489,,1.1259660528192579e-05,1788.4673204421997,0.0,0.99375,False,False,5.3857221603393555,,1.9214866161346436,0.18169039487838745,0.9970703125,2.6721768379211426,0.09716796875,2.910592555999756,0.07421875,2.0147223472595215,0.20912396907806396,0.99609375,2.8348288536071777,0.0693359375,3.000213861465454,0.06640625,,,,,,,
tune-M-w256-d50723-s702-g02-random,tune,M,256,50723,702,96102,2,random,3e-05,0.1,3212800,30,0.03760801653717631,,4.939272188926008e-05,1821.8120881319046,0.0,0.9958333333333333,False,False,5.3857221603393555,,1.8563601970672607,0.08105748891830444,0.99755859375,2.539837598800659,0.22412109375,2.9481852054595947,0.119140625,2.117058515548706,0.09594898670911789,0.9970703125,3.0044617652893066,0.11328125,3.2507646083831787,0.0576171875,,,,,,,
tune-M-w256-d50723-s702-g02-uniform,tune,M,256,50723,702,96102,2,uniform,3e-05,0.1,3212800,0,,no_adaptation,,0.0,0.0,,False,False,5.3857221603393555,,5.414587020874023,0.007781983353197575,1.0,8.197558403015137,0.0439453125,8.038419723510742,0.06396484375,5.3857221603393555,0.007776005193591118,1.0,8.155146598815918,0.048828125,7.994245529174805,0.068359375,,,,,,,
tune-M-w256-d50723-s702-g02-uniform,tune,M,256,50723,702,96102,2,uniform,3e-05,0.1,3212800,1,,constant_weights,,1374.427567601204,0.0,1.0,False,False,5.3857221603393555,,2.7301580905914307,0.6125040054321289,1.0,3.8262784481048584,0.0439453125,3.7516913414001465,0.06396484375,2.7417352199554443,0.6011742353439331,1.0,3.8158061504364014,0.048828125,3.8082244396209717,0.068359375,,,,,,,
tune-M-w256-d50723-s702-g02-uniform,tune,M,256,50723,702,96102,2,uniform,3e-05,0.1,3212800,3,,constant_weights,,1582.4211424589157,0.0,1.0,False,False,5.3857221603393555,,2.323920488357544,0.9050387144088745,1.0,3.007237434387207,0.0439453125,3.05948543548584,0.06396484375,2.3417582511901855,0.9077435731887817,1.0,3.028456926345825,0.048828125,3.089073657989502,0.068359375,,,,,,,
tune-M-w256-d50723-s702-g02-uniform,tune,M,256,50723,702,96102,2,uniform,3e-05,0.1,3212800,5,,constant_weights,,1622.1353005170822,0.0,1.0,False,False,5.3857221603393555,,2.2463536262512207,0.8040792942047119,1.0,2.8989880084991455,0.0439453125,3.035994052886963,0.06396484375,2.282909870147705,0.812789797782898,1.0,2.947740077972412,0.048828125,3.0881996154785156,0.068359375,,,,,,,
tune-M-w256-d50723-s702-g02-uniform,tune,M,256,50723,702,96102,2,uniform,3e-05,0.1,3212800,10,,constant_weights,,1733.6745064258575,0.0,1.0,False,False,5.3857221603393555,,2.028503894805908,0.40293383598327637,1.0,2.7454631328582764,0.0439453125,2.937114715576172,0.06396484375,2.0935652256011963,0.4444701075553894,1.0,2.825815200805664,0.048828125,3.010410785675049,0.068359375,,,,,,,
tune-M-w256-d50723-s702-g02-uniform,tune,M,256,50723,702,96102,2,uniform,3e-05,0.1,3212800,20,,constant_weights,,1887.844778418541,0.0,0.946875,False,False,5.3857221603393555,,1.727389931678772,0.03568247705698013,1.0,2.384345769882202,0.1845703125,2.762141704559326,0.09130859375,1.8347723484039307,0.042028434574604034,1.0,2.6029858589172363,0.12890625,2.859302520751953,0.060546875,,,,,,,
tune-M-w256-d50723-s702-g02-uniform,tune,M,256,50723,702,96102,2,uniform,3e-05,0.1,3212800,30,,constant_weights,,1976.9954059123993,0.0,0.9645833333333333,False,False,5.3857221603393555,,1.5532677173614502,0.02543589472770691,1.0,1.9166195392608643,0.37353515625,2.717747449874878,0.1103515625,1.8515892028808594,0.031055020168423653,1.0,2.6518397331237793,0.16796875,2.871872663497925,0.0556640625,,,,,,,
tune-M-w256-d50723-s702-g03-random,tune,M,256,50723,702,96102,3,random,3e-05,1.0,3212800,0,,no_adaptation,,0.0,0.0,,False,False,5.3857221603393555,,5.414587020874023,0.007781983353197575,1.0,8.197558403015137,0.0439453125,8.038419723510742,0.06396484375,5.3857221603393555,0.007776005193591118,1.0,8.155146598815918,0.048828125,7.994245529174805,0.068359375,,,,,,,
tune-M-w256-d50723-s702-g03-random,tune,M,256,50723,702,96102,3,random,3e-05,1.0,3212800,1,0.0011451016559951952,,1.2277604651470493e-06,1302.5042091608047,0.0,1.0,False,False,5.3857221603393555,,2.870633363723755,0.4106718897819519,1.0,4.143589973449707,0.0439453125,4.057638168334961,0.06396484375,2.8794238567352295,0.40490007400512695,1.0,4.132037162780762,0.048828125,4.101334571838379,0.068359375,,,,,,,
tune-M-w256-d50723-s702-g03-random,tune,M,256,50723,702,96102,3,random,3e-05,1.0,3212800,3,0.0,,1.8150087517646578e-06,1567.9962083101273,0.0,0.9791666666666666,True,False,5.3857221603393555,,2.3520941734313965,0.946071982383728,1.0,3.036738395690918,0.0439453125,3.073472023010254,0.06396484375,2.358731508255005,0.9424039125442505,1.0,3.0508241653442383,0.048828125,3.0829663276672363,0.068359375,,,,,,,
tune-M-w256-d50723-s702-g03-random,tune,M,256,50723,702,96102,3,random,3e-05,1.0,3212800,5,0.0028168921095854263,,2.764913632520166e-06,1592.0978529453278,0.0,0.9875,False,False,5.3857221603393555,,2.305020809173584,0.8315813541412354,1.0,2.9922447204589844,0.0439453125,3.0912363529205322,0.06396484375,2.3234288692474365,0.8321398496627808,1.0,3.022420883178711,0.048828125,3.11572527885437,0.068359375,,,,,,,
tune-M-w256-d50723-s702-g03-random,tune,M,256,50723,702,96102,3,random,3e-05,1.0,3212800,10,0.007497975748818053,,5.416643907227559e-06,1639.6042013168335,0.0,0.9875,False,False,5.3857221603393555,,2.2122349739074707,0.6546555757522583,1.0,2.8923826217651367,0.04443359375,3.0896663665771484,0.064453125,2.260815143585205,0.6648398637771606,1.0,2.9673118591308594,0.048828125,3.150294065475464,0.068359375,,,,,,,
tune-M-w256-d50723-s702-g03-random,tune,M,256,50723,702,96102,3,random,3e-05,1.0,3212800,20,0.012933120488772046,,1.098983999612463e-05,1786.167956352234,0.0,0.99375,False,False,5.3857221603393555,,1.9259777069091797,0.19218190014362335,0.99658203125,2.6757988929748535,0.09423828125,2.909952163696289,0.0732421875,2.017333745956421,0.22045189142227173,0.99609375,2.8340554237365723,0.0673828125,2.9974937438964844,0.06640625,,,,,,,
tune-M-w256-d50723-s702-g03-random,tune,M,256,50723,702,96102,3,random,3e-05,1.0,3212800,30,0.036460259333436704,,4.778628046572893e-05,1820.0999511480331,0.0,0.9958333333333333,False,False,5.3857221603393555,,1.8597040176391602,0.08848855644464493,0.99755859375,2.5437309741973877,0.2158203125,2.9468932151794434,0.115234375,2.111802339553833,0.10421745479106903,0.9970703125,2.991302251815796,0.11328125,3.239887237548828,0.05859375,,,,,,,
tune-M-w256-d50723-s702-g03-uniform,tune,M,256,50723,702,96102,3,uniform,3e-05,1.0,3212800,0,,no_adaptation,,0.0,0.0,,False,False,5.3857221603393555,,5.414587020874023,0.007781983353197575,1.0,8.197558403015137,0.0439453125,8.038419723510742,0.06396484375,5.3857221603393555,0.007776005193591118,1.0,8.155146598815918,0.048828125,7.994245529174805,0.068359375,,,,,,,
tune-M-w256-d50723-s702-g03-uniform,tune,M,256,50723,702,96102,3,uniform,3e-05,1.0,3212800,1,,constant_weights,,1374.8728804588318,0.0,1.0,False,False,5.3857221603393555,,2.7292885780334473,0.6132072806358337,1.0,3.824571132659912,0.0439453125,3.7500863075256348,0.06396484375,2.740847110748291,0.6018878817558289,1.0,3.814120054244995,0.048828125,3.8065338134765625,0.068359375,,,,,,,
tune-M-w256-d50723-s702-g03-uniform,tune,M,256,50723,702,96102,3,uniform,3e-05,1.0,3212800,3,,constant_weights,,1582.257649421692,0.0,1.0,False,False,5.3857221603393555,,2.324239730834961,0.9052029848098755,1.0,3.007568597793579,0.0439453125,3.059948205947876,0.06396484375,2.3420705795288086,0.9078971743583679,1.0,3.028782844543457,0.048828125,3.089531421661377,0.068359375,,,,,,,
tune-M-w256-d50723-s702-g03-uniform,tune,M,256,50723,702,96102,3,uniform,3e-05,1.0,3212800,5,,constant_weights,,1621.8651912212372,0.0,1.0,False,False,5.3857221603393555,,2.2468812465667725,0.8048184514045715,1.0,2.8992977142333984,0.0439453125,3.0365278720855713,0.06396484375,2.2834038734436035,0.8134918212890625,1.0,2.9480185508728027,0.048828125,3.0887012481689453,0.068359375,,,,,,,
tune-M-w256-d50723-s702-g03-uniform,tune,M,256,50723,702,96102,3,uniform,3e-05,1.0,3212800,10,,constant_weights,,1733.040495634079,0.0,1.0,False,False,5.3857221603393555,,2.0297422409057617,0.40517720580101013,1.0,2.746340036392212,0.0439453125,2.937709331512451,0.06396484375,2.0945682525634766,0.4466058611869812,1.0,2.8265604972839355,0.048828125,3.010538101196289,0.068359375,,,,,,,
tune-M-w256-d50723-s702-g03-uniform,tune,M,256,50723,702,96102,3,uniform,3e-05,1.0,3212800,20,,constant_weights,,1885.7838097810745,0.0,0.946875,False,False,5.3857221603393555,,1.7314153909683228,0.0379677340388298,1.0,2.393378734588623,0.181640625,2.762899875640869,0.09130859375,1.8358421325683594,0.044465500861406326,1.0,2.604616403579712,0.1279296875,2.8584446907043457,0.060546875,,,,,,,
tune-M-w256-d50723-s702-g03-uniform,tune,M,256,50723,702,96102,3,uniform,3e-05,1.0,3212800,30,,constant_weights,,1973.122666835785,0.0,0.9645833333333333,False,False,5.3857221603393555,,1.5608315467834473,0.028255760669708252,1.0,1.9340399503707886,0.369140625,2.7201991081237793,0.10888671875,1.8498822450637817,0.03407672047615051,1.0,2.6439461708068848,0.166015625,2.871623992919922,0.0556640625,,,,,,,
tune-M-w256-d50723-s702-g04-random,tune,M,256,50723,702,96102,4,random,0.0001,0.1,3212800,0,,no_adaptation,,0.0,0.0,,False,False,5.3857221603393555,,5.414587020874023,0.007781983353197575,1.0,8.197558403015137,0.0439453125,8.038419723510742,0.06396484375,5.3857221603393555,0.007776005193591118,1.0,8.155146598815918,0.048828125,7.994245529174805,0.068359375,,,,,,,
tune-M-w256-d50723-s702-g04-random,tune,M,256,50723,702,96102,4,random,0.0001,0.1,3212800,1,0.0,,2.9214185862311184e-06,1523.1935698986053,0.0,1.0,True,False,5.3857221603393555,,2.4395995140075684,1.4037578105926514,1.0,2.9357104301452637,0.0439453125,2.97933030128479,0.06396484375,2.4358839988708496,1.4026561975479126,1.0,2.9421119689941406,0.048828125,2.962883234024048,0.068359375,,,,,,,
tune-M-w256-d50723-s702-g04-random,tune,M,256,50723,702,96102,4,random,0.0001,0.1,3212800,3,0.005702394985051849,,4.599894410867496e-06,1613.7373206615448,0.0,0.9791666666666666,False,False,5.3857221603393555,,2.26275634765625,0.8200771808624268,0.99853515625,2.8903567790985107,0.0458984375,3.0778346061706543,0.06298828125,2.3049402236938477,0.8309941291809082,0.9990234375,2.9522855281829834,0.05078125,3.131539821624756,0.0693359375,,,,,,,
tune-M-w256-d50723-s702-g04-random,tune,M,256,50723,702,96102,4,random,0.0001,0.1,3212800,5,0.010406542581588418,,7.016017997600358e-06,1680.4916288852692,0.0,0.9875,False,False,5.3857221603393555,,2.1323766708374023,0.5283929109573364,0.99755859375,2.820122241973877,0.05126953125,3.048614263534546,0.0634765625,2.188424825668335,0.5588006377220154,0.9990234375,2.9075493812561035,0.048828125,3.098924398422241,0.0703125,,,,,,,
tune-M-w256-d50723-s702-g04-random,tune,M,256,50723,702,96102,4,random,0.0001,0.1,3212800,10,0.02170166450926337,,2.3169126157241573e-05,1819.8561264276505,0.0,0.99375,False,False,5.3857221603393555,,1.8601802587509155,0.09893540292978287,0.9970703125,2.580955982208252,0.16455078125,2.9006497859954834,0.09375,2.023683547973633,0.11482463777065277,0.998046875,2.8918042182922363,0.09765625,3.064422607421875,0.0634765625,,,,,,,
tune-M-w256-d50723-s702-g04-random,tune,M,256,50723,702,96102,4,random,0.0001,0.1,3212800,20,0.08817487201714956,,9.62335277642086e-05,1875.5761060714722,0.0,0.996875,False,False,5.3857221603393555,,1.7513521909713745,0.05336790904402733,0.99853515625,2.339468002319336,0.37841796875,2.8612208366394043,0.22509765625,2.3743157386779785,0.07346448302268982,0.9921875,3.358494758605957,0.1494140625,3.6909878253936768,0.05859375,,,,,,,
tune-M-w256-d50723-s702-g04-random,tune,M,256,50723,702,96102,4,random,0.0001,0.1,3212800,30,0.12697878877364777,,3.700356784006915e-05,2068.414500117302,0.0,0.9979166666666667,False,False,5.3857221603393555,,1.3747148513793945,0.027654580771923065,0.9990234375,1.7635520696640015,0.55126953125,2.332937717437744,0.43798828125,2.6890313625335693,0.040662653744220734,0.9970703125,3.6072113513946533,0.169921875,4.419219970703125,0.056640625,,,,,,,
tune-M-w256-d50723-s702-g04-uniform,tune,M,256,50723,702,96102,4,uniform,0.0001,0.1,3212800,0,,no_adaptation,,0.0,0.0,,False,False,5.3857221603393555,,5.414587020874023,0.007781983353197575,1.0,8.197558403015137,0.0439453125,8.038419723510742,0.06396484375,5.3857221603393555,0.007776005193591118,1.0,8.155146598815918,0.048828125,7.994245529174805,0.068359375,,,,,,,
tune-M-w256-d50723-s702-g04-uniform,tune,M,256,50723,702,96102,4,uniform,0.0001,0.1,3212800,1,,constant_weights,,1538.9531794786453,0.0,1.0,False,False,5.3857221603393555,,2.4088189601898193,1.293609380722046,1.0,2.93424129486084,0.0439453125,2.9986062049865723,0.064453125,2.4187145233154297,1.3058366775512695,1.0,2.961775779724121,0.048828125,2.988530158996582,0.068359375,,,,,,,
tune-M-w256-d50723-s702-g04-uniform,tune,M,256,50723,702,96102,4,uniform,0.0001,0.1,3212800,3,,constant_weights,,1667.894941329956,0.0,1.0,False,False,5.3857221603393555,,2.1569793224334717,0.6956022381782532,1.0,2.786135196685791,0.0439453125,2.989201307296753,0.06396484375,2.2085964679718018,0.7135275602340698,1.0,2.855991840362549,0.048828125,3.056269645690918,0.068359375,,,,,,,
tune-M-w256-d50723-s702-g04-uniform,tune,M,256,50723,702,96102,4,uniform,0.0001,0.1,3212800,5,,constant_weights,,1792.382405281067,0.0,1.0,False,False,5.3857221603393555,,1.9138400554656982,0.2279883623123169,1.0,2.683267116546631,0.04833984375,2.8302648067474365,0.06640625,1.9755971431732178,0.27906399965286255,1.0,2.754842519760132,0.0498046875,2.8928849697113037,0.064453125,,,,,,,
tune-M-w256-d50723-s702-g04-uniform,tune,M,256,50723,702,96102,4,uniform,0.0001,0.1,3212800,10,,constant_weights,,1917.3969180583954,0.0,0.95625,False,False,5.3857221603393555,,1.6696709394454956,0.028632337227463722,1.0,2.232792615890503,0.267578125,2.7475883960723877,0.09912109375,1.8180049657821655,0.03274368867278099,1.0,2.5683114528656006,0.15625,2.8529601097106934,0.060546875,,,,,,,
tune-M-w256-d50723-s702-g04-uniform,tune,M,256,50723,702,96102,4,uniform,0.0001,0.1,3212800,20,,constant_weights,,2180.6576161384583,0.0,0.978125,False,False,5.3857221603393555,,1.1554899215698242,0.023811860010027885,1.0,0.8414081335067749,0.77392578125,2.601250171661377,0.16015625,1.807727336883545,0.03268909081816673,0.998046875,2.4714598655700684,0.2890625,2.9190332889556885,0.060546875,,,,,,,
tune-M-w256-d50723-s702-g04-uniform,tune,M,256,50723,702,96102,4,uniform,0.0001,0.1,3212800,30,,constant_weights,,2498.6291677951813,0.0,0.9854166666666667,False,False,5.3857221603393555,,0.5344517827033997,0.013912823051214218,1.0,0.09904011338949203,0.99560546875,1.4904024600982666,0.53955078125,1.9891636371612549,0.021361464634537697,0.9990234375,2.1284379959106445,0.4453125,3.8176918029785156,0.0703125,,,,,,,
tune-M-w256-d50723-s702-g05-random,tune,M,256,50723,702,96102,5,random,0.0001,1.0,3212800,0,,no_adaptation,,0.0,0.0,,False,False,5.3857221603393555,,5.414587020874023,0.007781983353197575,1.0,8.197558403015137,0.0439453125,8.038419723510742,0.06396484375,5.3857221603393555,0.007776005193591118,1.0,8.155146598815918,0.048828125,7.994245529174805,0.068359375,,,,,,,
tune-M-w256-d50723-s702-g05-random,tune,M,256,50723,702,96102,5,random,0.0001,1.0,3212800,1,0.0,,2.922426305594795e-06,1523.0244460105896,0.0,1.0,True,False,5.3857221603393555,,2.439929723739624,1.404313325881958,1.0,2.9359092712402344,0.0439453125,2.979566812515259,0.06396484375,2.4362270832061768,1.403205394744873,1.0,2.942304849624634,0.048828125,2.9631707668304443,0.068359375,,,,,,,
tune-M-w256-d50723-s702-g05-random,tune,M,256,50723,702,96102,5,random,0.0001,1.0,3212800,3,0.005690255191633983,,4.5977760744173624e-06,1613.3032355308533,0.0,0.9791666666666666,False,False,5.3857221603393555,,2.263604164123535,0.8219244480133057,0.99853515625,2.890592575073242,0.0458984375,3.0782949924468994,0.06298828125,2.30564546585083,0.8327637910842896,0.9990234375,2.9523022174835205,0.05078125,3.1318697929382324,0.0693359375,,,,,,,
tune-M-w256-d50723-s702-g05-random,tune,M,256,50723,702,96102,5,random,0.0001,1.0,3212800,5,0.010365828375388061,,6.987098672507714e-06,1679.288500547409,0.0,0.9875,False,False,5.3857221603393555,,2.1347265243530273,0.5319396257400513,0.998046875,2.8219704627990723,0.05126953125,3.050269365310669,0.0634765625,2.190460443496704,0.5627524852752686,0.9990234375,2.9088780879974365,0.048828125,3.099750280380249,0.0703125,,,,,,,
tune-M-w256-d50723-s702-g05-random,tune,M,256,50723,702,96102,5,random,0.0001,1.0,3212800,10,0.02089440288084555,,2.2093844096203958e-05,1818.3223983049393,0.0,0.99375,False,False,5.3857221603393555,,1.863175868988037,0.10506456345319748,0.99755859375,2.5861258506774902,0.16064453125,2.8983371257781982,0.09033203125,2.0203444957733154,0.12119972705841064,0.998046875,2.883635997772217,0.091796875,3.0561981201171875,0.0634765625,,,,,,,
tune-M-w256-d50723-s702-g05-random,tune,M,256,50723,702,96102,5,random,0.0001,1.0,3212800,20,0.08317085230072806,,9.585355231110337e-05,1871.6620429754257,0.0,0.996875,False,False,5.3857221603393555,,1.758996844291687,0.06403687596321106,0.99755859375,2.353207588195801,0.369140625,2.859746217727661,0.21875,2.338743209838867,0.08438929170370102,0.9931640625,3.3119237422943115,0.1435546875,3.6199164390563965,0.0537109375,,,,,,,
tune-M-w256-d50723-s702-g05-random,tune,M,256,50723,702,96102,5,random,0.0001,1.0,3212800,30,0.12474702567600074,,3.0674383747216565e-05,2038.7343635559082,0.0,0.9979166666666667,False,False,5.3857221603393555,,1.4326838254928589,0.04084550589323044,0.9990234375,1.8596047163009644,0.517578125,2.3976011276245117,0.4140625,2.6463265419006348,0.06002912297844887,0.9931640625,3.5883522033691406,0.1494140625,4.2905988693237305,0.05859375,,,,,,,
tune-M-w256-d50723-s702-g05-uniform,tune,M,256,50723,702,96102,5,uniform,0.0001,1.0,3212800,0,,no_adaptation,,0.0,0.0,,False,False,5.3857221603393555,,5.414587020874023,0.007781983353197575,1.0,8.197558403015137,0.0439453125,8.038419723510742,0.06396484375,5.3857221603393555,0.007776005193591118,1.0,8.155146598815918,0.048828125,7.994245529174805,0.068359375,,,,,,,
tune-M-w256-d50723-s702-g05-uniform,tune,M,256,50723,702,96102,5,uniform,0.0001,1.0,3212800,1,,constant_weights,,1538.8526175022125,0.0,1.0,False,False,5.3857221603393555,,2.409015417098999,1.2935333251953125,1.0,2.934541702270508,0.0439453125,2.9989709854125977,0.064453125,2.418912887573242,1.305741548538208,1.0,2.9620540142059326,0.048828125,2.9889440536499023,0.068359375,,,,,,,
tune-M-w256-d50723-s702-g05-uniform,tune,M,256,50723,702,96102,5,uniform,0.0001,1.0,3212800,3,,constant_weights,,1667.3395570516586,0.0,1.0,False,False,5.3857221603393555,,2.158064365386963,0.6977679133415222,1.0,2.7865660190582275,0.0439453125,2.989859104156494,0.06396484375,2.209520101547241,0.7155831456184387,1.0,2.8562638759613037,0.048828125,3.056713819503784,0.068359375,,,,,,,
tune-M-w256-d50723-s702-g05-uniform,tune,M,256,50723,702,96102,5,uniform,0.0001,1.0,3212800,5,,constant_weights,,1790.2620968818665,0.0,1.0,False,False,5.3857221603393555,,1.9179811477661133,0.23660272359848022,1.0,2.685655355453491,0.04833984375,2.8316855430603027,0.0673828125,1.9797656536102295,0.2880726754665375,1.0,2.7574007511138916,0.0498046875,2.8938241004943848,0.064453125,,,,,,,
tune-M-w256-d50723-s702-g05-uniform,tune,M,256,50723,702,96102,5,uniform,0.0001,1.0,3212800,10,,constant_weights,,1914.261815905571,0.0,0.95625,False,False,5.3857221603393555,,1.6757943630218506,0.031587354838848114,1.0,2.247060537338257,0.26123046875,2.748734712600708,0.09814453125,1.8192334175109863,0.035856395959854126,1.0,2.5692310333251953,0.15625,2.8526124954223633,0.05859375,,,,,,,
tune-M-w256-d50723-s702-g05-uniform,tune,M,256,50723,702,96102,5,uniform,0.0001,1.0,3212800,20,,constant_weights,,2158.9396481513977,0.0,0.978125,False,False,5.3857221603393555,,1.1979079246520996,0.027881518006324768,1.0,0.9527571201324463,0.73193359375,2.6130847930908203,0.1552734375,1.8169019222259521,0.03621450439095497,0.9990234375,2.508995532989502,0.265625,2.905496120452881,0.0546875,,,,,,,
tune-M-w256-d50723-s702-g05-uniform,tune,M,256,50723,702,96102,5,uniform,0.0001,1.0,3212800,30,,constant_weights,,2465.071255683899,0.0,0.9854166666666667,False,False,5.3857221603393555,,0.5999945998191833,0.018207993358373642,1.0,0.13297554850578308,0.99462890625,1.6488001346588135,0.498046875,1.8993451595306396,0.02625664696097374,0.9990234375,2.0785224437713623,0.4482421875,3.5932562351226807,0.0654296875,,,,,,,
tune-M-w64-d48371-s701-g00-random,tune,M,64,48371,701,96101,0,random,1e-05,0.1,113408,0,,no_adaptation,,0.0,0.0,,False,False,3.115191698074341,,3.112504005432129,0.24809792637825012,1.0,4.55795431137085,0.07275390625,4.531460762023926,0.06591796875,3.115191698074341,0.24795527756214142,1.0,4.537315368652344,0.078125,4.560304641723633,0.0595703125,,,,,,,
tune-M-w64-d48371-s701-g00-random,tune,M,64,48371,701,96101,0,random,1e-05,0.1,113408,1,0.009712056243644667,,4.807304656235786e-06,48.5188707113266,0.0,1.0,False,False,3.115191698074341,,3.017740488052368,0.2551068067550659,1.0,4.40420389175415,0.07275390625,4.393911361694336,0.06591796875,3.021777868270874,0.25494760274887085,1.0,4.386524200439453,0.078125,4.423861503601074,0.0595703125,,,,,,,
tune-M-w64-d48371-s701-g00-random,tune,M,64,48371,701,96101,0,random,1e-05,0.1,113408,3,0.008307713262106216,,3.990218236461883e-06,162.30030298233032,0.0,1.0,False,False,3.115191698074341,,2.795511245727539,0.3164525628089905,1.0,4.025761127471924,0.07275390625,4.044320106506348,0.06591796875,2.8017959594726562,0.31641387939453125,1.0,4.01456356048584,0.078125,4.074410438537598,0.0595703125,,,,,,,
tune-M-w64-d48371-s701-g00-random,tune,M,64,48371,701,96101,0,random,1e-05,0.1,113408,5,0.007070954083170327,,3.7154400334436164e-06,278.87948727607727,0.0,1.0,False,False,3.115191698074341,,2.567817449569702,0.48166725039482117,1.0,3.59179949760437,0.07275390625,3.629986047744751,0.06591796875,2.575514316558838,0.48194676637649536,1.0,3.586886405944824,0.078125,3.657709836959839,0.0595703125,,,,,,,
tune-M-w64-d48371-s701-g00-random,tune,M,64,48371,701,96101,0,random,1e-05,0.1,113408,10,0.007931420068611562,,3.191469935512049e-06,378.0096198320389,0.0,1.0,False,False,3.115191698074341,,2.374204158782959,0.9606835842132568,1.0,3.0495104789733887,0.07275390625,3.1124179363250732,0.06591796875,2.3834307193756104,0.9610171318054199,1.0,3.0530924797058105,0.078125,3.1361827850341797,0.0595703125,,,,,,,
tune-M-w64-d48371-s701-g00-random,tune,M,64,48371,701,96101,0,random,1e-05,0.1,113408,20,0.014001718816630895,,4.9371817008918995e-06,397.15105879306793,0.0,1.0,False,False,3.115191698074341,,2.3368184566497803,0.9475696086883545,1.0,2.9666390419006348,0.07275390625,3.0962467193603516,0.06591796875,2.353816032409668,0.9457355737686157,1.0,2.9829211235046387,0.078125,3.132791519165039,0.0595703125,,,,,,,
tune-M-w64-d48371-s701-g00-random,tune,M,64,48371,701,96101,0,random,1e-05,0.1,113408,30,0.01903288487854419,,9.378187977927941e-06,409.1026300191879,0.0,1.0,False,False,3.115191698074341,,2.3134756088256836,0.9070432186126709,1.0,2.9230127334594727,0.07275390625,3.110370635986328,0.06591796875,2.337355852127075,0.9046375751495361,1.0,2.9503071308135986,0.078125,3.1571226119995117,0.0595703125,,,,,,,
tune-M-w64-d48371-s701-g00-uniform,tune,M,64,48371,701,96101,0,uniform,1e-05,0.1,113408,0,,no_adaptation,,0.0,0.0,,False,False,3.115191698074341,,3.112504005432129,0.24809792637825012,1.0,4.55795431137085,0.07275390625,4.531460762023926,0.06591796875,3.115191698074341,0.24795527756214142,1.0,4.537315368652344,0.078125,4.560304641723633,0.0595703125,,,,,,,
tune-M-w64-d48371-s701-g00-uniform,tune,M,64,48371,701,96101,0,uniform,1e-05,0.1,113408,1,,constant_weights,,56.12896776199341,0.0,1.0,False,False,3.115191698074341,,3.0028772354125977,0.2572067975997925,1.0,4.379605293273926,0.07275390625,4.371819496154785,0.06591796875,3.0073533058166504,0.2570638656616211,1.0,4.362346172332764,0.078125,4.402650833129883,0.0595703125,,,,,,,
tune-M-w64-d48371-s701-g00-uniform,tune,M,64,48371,701,96101,0,uniform,1e-05,0.1,113408,3,,constant_weights,,187.4068567752838,0.0,1.0,False,False,3.115191698074341,,2.7464749813079834,0.3394283056259155,1.0,3.938035011291504,0.07275390625,3.9619617462158203,0.06591796875,2.753542184829712,0.3394777774810791,1.0,3.927402973175049,0.078125,3.993745803833008,0.0595703125,,,,,,,
tune-M-w64-d48371-s701-g00-uniform,tune,M,64,48371,701,96101,0,uniform,1e-05,0.1,113408,5,,constant_weights,,311.05747866630554,0.0,1.0,False,False,3.115191698074341,,2.504970073699951,0.5654897689819336,1.0,3.453705310821533,0.07275390625,3.4957149028778076,0.06591796875,2.5134365558624268,0.5662040114402771,1.0,3.449573040008545,0.078125,3.5245327949523926,0.0595703125,,,,,,,
tune-M-w64-d48371-s701-g00-uniform,tune,M,64,48371,701,96101,0,uniform,1e-05,0.1,113408,10,,constant_weights,,388.63991832733154,0.0,1.0,False,False,3.115191698074341,,2.3534417152404785,0.9950426816940308,1.0,2.991584300994873,0.07275390625,3.0736982822418213,0.06591796875,2.3663980960845947,0.9961920976638794,1.0,2.9956562519073486,0.078125,3.1073460578918457,0.0595703125,,,,,,,
tune-M-w64-d48371-s701-g00-uniform,tune,M,64,48371,701,96101,0,uniform,1e-05,0.1,113408,20,,constant_weights,,414.2996473312378,0.0,1.0,False,False,3.115191698074341,,2.3033249378204346,0.9381096959114075,1.0,2.8962626457214355,0.07275390625,3.0756027698516846,0.06591796875,2.32828950881958,0.9397140741348267,1.0,2.9157824516296387,0.078125,3.1293716430664062,0.0595703125,,,,,,,
tune-M-w64-d48371-s701-g00-uniform,tune,M,64,48371,701,96101,0,uniform,1e-05,0.1,113408,30,,constant_weights,,433.4530407190323,0.0,1.0,False,False,3.115191698074341,,2.265915870666504,0.8925575017929077,1.0,2.8325979709625244,0.07275390625,3.0725932121276855,0.06591796875,2.299921989440918,0.8946679830551147,1.0,2.864668130874634,0.078125,3.140430212020874,0.0595703125,,,,,,,
tune-M-w64-d48371-s701-g01-random,tune,M,64,48371,701,96101,1,random,1e-05,1.0,113408,0,,no_adaptation,,0.0,0.0,,False,False,3.115191698074341,,3.112504005432129,0.24809792637825012,1.0,4.55795431137085,0.07275390625,4.531460762023926,0.06591796875,3.115191698074341,0.24795527756214142,1.0,4.537315368652344,0.078125,4.560304641723633,0.0595703125,,,,,,,
tune-M-w64-d48371-s701-g01-random,tune,M,64,48371,701,96101,1,random,1e-05,1.0,113408,1,0.009659951564305741,,4.759180911618389e-06,48.767417788505554,0.0,1.0,False,False,3.115191698074341,,3.0172550678253174,0.2554377317428589,1.0,4.403307914733887,0.07275390625,4.393020153045654,0.06591796875,3.021292209625244,0.25527840852737427,1.0,4.385638236999512,0.078125,4.422959327697754,0.0595703125,,,,,,,
tune-M-w64-d48371-s701-g01-random,tune,M,64,48371,701,96101,1,random,1e-05,1.0,113408,3,0.008270980486167045,,3.9584633650944055e-06,162.8712441921234,0.0,1.0,False,False,3.115191698074341,,2.794396162033081,0.31750810146331787,1.0,4.023571014404297,0.07275390625,4.042109489440918,0.06591796875,2.8006787300109863,0.317469984292984,1.0,4.012394905090332,0.078125,4.072171211242676,0.0595703125,,,,,,,
tune-M-w64-d48371-s701-g01-random,tune,M,64,48371,701,96101,1,random,1e-05,1.0,113408,5,0.00704806023846157,,3.6952378125830002e-06,279.35373187065125,0.0,1.0,False,False,3.115191698074341,,2.5668914318084717,0.4835624098777771,1.0,3.589495897293091,0.07275390625,3.627615451812744,0.06591796875,2.574582576751709,0.4838445782661438,1.0,3.5845980644226074,0.078125,3.655304431915283,0.0595703125,,,,,,,
tune-M-w64-d48371-s701-g01-random,tune,M,64,48371,701,96101,1,random,1e-05,1.0,113408,10,0.007928783661013749,,3.1907761007437256e-06,377.79758417606354,0.0,1.0,False,False,3.115191698074341,,2.3746182918548584,0.962311327457428,1.0,3.049330711364746,0.07275390625,3.112212896347046,0.06591796875,2.383847236633301,0.9626376628875732,1.0,3.052920341491699,0.078125,3.135984420776367,0.0595703125,,,,,,,
tune-M-w64-d48371-s701-g01-random,tune,M,64,48371,701,96101,1,random,1e-05,1.0,113408,20,0.014002050334796678,,4.932905967273495e-06,396.6452325582504,0.0,1.0,False,False,3.115191698074341,,2.337806224822998,0.9500923752784729,1.0,2.9669013023376465,0.07275390625,3.0964255332946777,0.06591796875,2.3547873497009277,0.948246419429779,1.0,2.9831924438476562,0.078125,3.132922887802124,0.0595703125,,,,,,,
tune-M-w64-d48371-s701-g01-random,tune,M,64,48371,701,96101,1,random,1e-05,1.0,113408,30,0.019016906179003937,,9.335513762842629e-06,408.33304369449615,0.0,1.0,False,False,3.115191698074341,,2.31497859954834,0.9111663103103638,1.0,2.923405170440674,0.07275390625,3.1103644371032715,0.06591796875,2.3387951850891113,0.9087492227554321,1.0,2.9506537914276123,0.078125,3.156981945037842,0.0595703125,,,,,,,
tune-M-w64-d48371-s701-g01-uniform,tune,M,64,48371,701,96101,1,uniform,1e-05,1.0,113408,0,,no_adaptation,,0.0,0.0,,False,False,3.115191698074341,,3.112504005432129,0.24809792637825012,1.0,4.55795431137085,0.07275390625,4.531460762023926,0.06591796875,3.115191698074341,0.24795527756214142,1.0,4.537315368652344,0.078125,4.560304641723633,0.0595703125,,,,,,,
tune-M-w64-d48371-s701-g01-uniform,tune,M,64,48371,701,96101,1,uniform,1e-05,1.0,113408,1,,constant_weights,,56.37473666667938,0.0,1.0,False,False,3.115191698074341,,3.002397298812866,0.25753843784332275,1.0,4.37871789932251,0.07275390625,4.370934963226318,0.06591796875,3.00687313079834,0.2573954164981842,1.0,4.361468315124512,0.078125,4.4017558097839355,0.0595703125,,,,,,,
tune-M-w64-d48371-s701-g01-uniform,tune,M,64,48371,701,96101,1,uniform,1e-05,1.0,113408,3,,constant_weights,,187.9311625957489,0.0,1.0,False,False,3.115191698074341,,2.745450973510742,0.3405113220214844,1.0,3.9359703063964844,0.07275390625,3.959871292114258,0.06591796875,2.7525153160095215,0.3405616283416748,1.0,3.9253573417663574,0.078125,3.991626501083374,0.0595703125,,,,,,,
tune-M-w64-d48371-s701-g01-uniform,tune,M,64,48371,701,96101,1,uniform,1e-05,1.0,113408,5,,constant_weights,,311.394161939621,0.0,1.0,False,False,3.115191698074341,,2.504312515258789,0.5674555897712708,1.0,3.4517667293548584,0.07275390625,3.4937145709991455,0.06591796875,2.5127735137939453,0.5681734681129456,1.0,3.447645902633667,0.078125,3.52250075340271,0.0595703125,,,,,,,
tune-M-w64-d48371-s701-g01-uniform,tune,M,64,48371,701,96101,1,uniform,1e-05,1.0,113408,10,,constant_weights,,388.39322340488434,0.0,1.0,False,False,3.115191698074341,,2.3539235591888428,0.9962201118469238,1.0,2.9916834831237793,0.07275390625,3.073866844177246,0.06591796875,2.3668882846832275,0.9973626136779785,1.0,2.9957830905914307,0.078125,3.1075196266174316,0.0595703125,,,,,,,
tune-M-w64-d48371-s701-g01-uniform,tune,M,64,48371,701,96101,1,uniform,1e-05,1.0,113408,20,,constant_weights,,413.7528884410858,0.0,1.0,False,False,3.115191698074341,,2.3043928146362305,0.940636396408081,1.0,2.8966784477233887,0.07275390625,3.075864315032959,0.06591796875,2.329318046569824,0.9422178268432617,1.0,2.9161832332611084,0.078125,3.1295528411865234,0.0595703125,,,,,,,
tune-M-w64-d48371-s701-g01-uniform,tune,M,64,48371,701,96101,1,uniform,1e-05,1.0,113408,30,,constant_weights,,432.5580036640167,0.0,1.0,False,False,3.115191698074341,,2.2676641941070557,0.8969151973724365,1.0,2.8334293365478516,0.07275390625,3.072648286819458,0.06591796875,2.3015336990356445,0.8989924192428589,1.0,2.865373373031616,0.078125,3.1402344703674316,0.0595703125,,,,,,,
tune-M-w64-d48371-s701-g02-random,tune,M,64,48371,701,96101,2,random,3e-05,0.1,113408,0,,no_adaptation,,0.0,0.0,,False,False,3.115191698074341,,3.112504005432129,0.24809792637825012,1.0,4.55795431137085,0.07275390625,4.531460762023926,0.06591796875,3.115191698074341,0.24795527756214142,1.0,4.537315368652344,0.078125,4.560304641723633,0.0595703125,,,,,,,
tune-M-w64-d48371-s701-g02-random,tune,M,64,48371,701,96101,2,random,3e-05,0.1,113408,1,0.00836033056907327,,4.4703939598764735e-06,160.76634013652802,0.0,1.0,False,False,3.115191698074341,,2.7985072135925293,0.3155064284801483,1.0,4.030486106872559,0.07275390625,4.049529552459717,0.06591796875,2.8049981594085693,0.3154347538948059,1.0,4.019142150878906,0.078125,4.080418109893799,0.0595703125,,,,,,,
tune-M-w64-d48371-s701-g02-random,tune,M,64,48371,701,96101,2,random,3e-05,0.1,113408,3,0.007515855750621541,,3.811939877801635e-06,370.61426317691803,0.0,1.0,False,False,3.115191698074341,,2.388648271560669,0.9708669185638428,1.0,3.070740222930908,0.07275390625,3.1243369579315186,0.06591796875,2.397247791290283,0.9717639684677124,1.0,3.0733354091644287,0.078125,3.1466450691223145,0.0595703125,,,,,,,
tune-M-w64-d48371-s701-g02-random,tune,M,64,48371,701,96101,2,random,3e-05,0.1,113408,5,0.010250069612485948,,3.1985899684362997e-06,388.5677567720413,0.0,1.0,False,False,3.115191698074341,,2.3535828590393066,0.9933388829231262,1.0,2.987851619720459,0.07275390625,3.079557418823242,0.06591796875,2.366241931915283,0.9926857948303223,1.0,2.9960124492645264,0.078125,3.110028028488159,0.0595703125,,,,,,,
tune-M-w64-d48371-s701-g02-random,tune,M,64,48371,701,96101,2,random,3e-05,0.1,113408,10,0.018698192024408464,,8.921736824968325e-06,408.11447846889496,0.0,1.0,False,False,3.115191698074341,,2.3154053688049316,0.9246988296508789,1.0,2.917109489440918,0.07275390625,3.104408025741577,0.06591796875,2.338141918182373,0.9219958186149597,1.0,2.9433062076568604,0.078125,3.1491236686706543,0.0595703125,,,,,,,
tune-M-w64-d48371-s701-g02-random,tune,M,64,48371,701,96101,2,random,3e-05,0.1,113408,20,0.029695896238829296,,2.4216280987301728e-05,436.39521968364716,0.0,1.0,False,False,3.115191698074341,,2.260169744491577,0.8524304032325745,1.0,2.820122480392456,0.07275390625,3.1079559326171875,0.06591796875,2.3001046180725098,0.8526304960250854,1.0,2.873098850250244,0.078125,3.1745846271514893,0.0595703125,,,,,,,
tune-M-w64-d48371-s701-g02-random,tune,M,64,48371,701,96101,2,random,3e-05,0.1,113408,30,0.03220687317402443,,3.168039296019066e-05,469.36974811553955,0.0,1.0,False,False,3.115191698074341,,2.1957664489746094,0.7586374878883362,1.0,2.777268648147583,0.07275390625,3.0513927936553955,0.06591796875,2.2478010654449463,0.7708563208580017,1.0,2.8474385738372803,0.078125,3.125108480453491,0.0595703125,,,,,,,
tune-M-w64-d48371-s701-g02-uniform,tune,M,64,48371,701,96101,2,uniform,3e-05,0.1,113408,0,,no_adaptation,,0.0,0.0,,False,False,3.115191698074341,,3.112504005432129,0.24809792637825012,1.0,4.55795431137085,0.07275390625,4.531460762023926,0.06591796875,3.115191698074341,0.24795527756214142,1.0,4.537315368652344,0.078125,4.560304641723633,0.0595703125,,,,,,,
tune-M-w64-d48371-s701-g02-uniform,tune,M,64,48371,701,96101,2,uniform,3e-05,0.1,113408,1,,constant_weights,,185.31109035015106,0.0,1.0,False,False,3.115191698074341,,2.750568389892578,0.33728429675102234,1.0,3.9451839923858643,0.07275390625,3.9692368507385254,0.06591796875,2.758204460144043,0.33736851811408997,1.0,3.935070276260376,0.078125,4.002174377441406,0.0595703125,,,,,,,
tune-M-w64-d48371-s701-g02-uniform,tune,M,64,48371,701,96101,2,uniform,3e-05,0.1,113408,3,,constant_weights,,379.88390254974365,0.0,1.0,False,False,3.115191698074341,,2.3705434799194336,1.070732831954956,1.0,2.9906821250915527,0.07275390625,3.050215244293213,0.06591796875,2.3808982372283936,1.072297215461731,1.0,2.992241382598877,0.078125,3.078155517578125,0.0595703125,,,,,,,
tune-M-w64-d48371-s701-g02-uniform,tune,M,64,48371,701,96101,2,uniform,3e-05,0.1,113408,5,,constant_weights,,399.9021590948105,0.0,1.0,False,False,3.115191698074341,,2.3314452171325684,0.9575653076171875,1.0,2.95373272895813,0.07275390625,3.0830373764038086,0.06591796875,2.351254940032959,0.960027813911438,1.0,2.9658098220825195,0.078125,3.127927303314209,0.0595703125,,,,,,,
tune-M-w64-d48371-s701-g02-uniform,tune,M,64,48371,701,96101,2,uniform,3e-05,0.1,113408,10,,constant_weights,,430.1472816467285,0.0,1.0,False,False,3.115191698074341,,2.2723727226257324,0.909241795539856,1.0,2.832850694656372,0.07275390625,3.0750255584716797,0.06591796875,2.305741786956787,0.9110218286514282,1.0,2.864415168762207,0.078125,3.1417880058288574,0.0595703125,,,,,,,
tune-M-w64-d48371-s701-g02-uniform,tune,M,64,48371,701,96101,2,uniform,3e-05,0.1,113408,20,,constant_weights,,493.2514992952347,0.0,1.0,False,False,3.115191698074341,,2.149122476577759,0.7367991209030151,1.0,2.7374892234802246,0.07275390625,2.9730782508850098,0.06591796875,2.192594051361084,0.7480608224868774,1.0,2.7883176803588867,0.078125,3.041403293609619,0.0595703125,,,,,,,
tune-M-w64-d48371-s701-g02-uniform,tune,M,64,48371,701,96101,2,uniform,3e-05,0.1,113408,30,,constant_weights,,519.364662528038,0.0,1.0,False,False,3.115191698074341,,2.0981199741363525,0.6187472343444824,1.0,2.738467216491699,0.07275390625,2.937145471572876,0.06591796875,2.148772954940796,0.6491451859474182,1.0,2.7937536239624023,0.078125,3.0034210681915283,0.0595703125,,,,,,,
tune-M-w64-d48371-s701-g03-random,tune,M,64,48371,701,96101,3,random,3e-05,1.0,113408,0,,no_adaptation,,0.0,0.0,,False,False,3.115191698074341,,3.112504005432129,0.24809792637825012,1.0,4.55795431137085,0.07275390625,4.531460762023926,0.06591796875,3.115191698074341,0.24795527756214142,1.0,4.537315368652344,0.078125,4.560304641723633,0.0595703125,,,,,,,
tune-M-w64-d48371-s701-g03-random,tune,M,64,48371,701,96101,3,random,3e-05,1.0,113408,1,0.00832261309935087,,4.435210390435212e-06,161.34765768051147,0.0,1.0,False,False,3.115191698074341,,2.7973718643188477,0.31656861305236816,1.0,4.028261661529541,0.07275390625,4.047285556793213,0.06591796875,2.8038601875305176,0.31649747490882874,1.0,4.016939640045166,0.078125,4.078143119812012,0.0595703125,,,,,,,
tune-M-w64-d48371-s701-g03-random,tune,M,64,48371,701,96101,3,random,3e-05,1.0,113408,3,0.007507479223165905,,3.8080788683536333e-06,370.48139238357544,0.0,1.0,False,False,3.115191698074341,,2.3889076709747314,0.9731566309928894,1.0,3.070017099380493,0.07275390625,3.123549222946167,0.06591796875,2.3975024223327637,0.9740519523620605,1.0,3.072612762451172,0.078125,3.1458425521850586,0.0595703125,,,,,,,
tune-M-w64-d48371-s701-g03-random,tune,M,64,48371,701,96101,3,random,3e-05,1.0,113408,5,0.010253921587335756,,3.2015371535783153e-06,388.18195390701294,0.0,1.0,False,False,3.115191698074341,,2.3543362617492676,0.9951562285423279,1.0,2.98807430267334,0.07275390625,3.0797781944274902,0.06591796875,2.366994857788086,0.9944902658462524,1.0,2.9962644577026367,0.078125,3.110229969024658,0.0595703125,,,,,,,
tune-M-w64-d48371-s701-g03-random,tune,M,64,48371,701,96101,3,random,3e-05,1.0,113408,10,0.01868739984233711,,8.885614424513979e-06,407.336830496788,0.0,1.0,False,False,3.115191698074341,,2.3169240951538086,0.9287621974945068,1.0,2.9175357818603516,0.07275390625,3.104475259780884,0.06591796875,2.339608669281006,0.926051139831543,1.0,2.9436957836151123,0.078125,3.149078845977783,0.0595703125,,,,,,,
tune-M-w64-d48371-s701-g03-random,tune,M,64,48371,701,96101,3,random,3e-05,1.0,113408,20,0.029471321315069965,,2.3679639219398985e-05,434.6712998151779,0.0,1.0,False,False,3.115191698074341,,2.2635366916656494,0.8636802434921265,1.0,2.8212451934814453,0.07275390625,3.105684280395508,0.06591796875,2.3029913902282715,0.8638954162597656,1.0,2.8736376762390137,0.078125,3.171441078186035,0.0595703125,,,,,,,
tune-M-w64-d48371-s701-g03-random,tune,M,64,48371,701,96101,3,random,3e-05,1.0,113408,30,0.031645229122374635,,3.0464938858560426e-05,466.5149224996567,0.0,1.0,False,False,3.115191698074341,,2.2013421058654785,0.7767146825790405,1.0,2.7799315452575684,0.07275390625,3.047379732131958,0.06591796875,2.2522146701812744,0.7887389063835144,1.0,2.8484749794006348,0.078125,3.119429588317871,0.0595703125,,,,,,,
tune-M-w64-d48371-s701-g03-uniform,tune,M,64,48371,701,96101,3,uniform,3e-05,1.0,113408,0,,no_adaptation,,0.0,0.0,,False,False,3.115191698074341,,3.112504005432129,0.24809792637825012,1.0,4.55795431137085,0.07275390625,4.531460762023926,0.06591796875,3.115191698074341,0.24795527756214142,1.0,4.537315368652344,0.078125,4.560304641723633,0.0595703125,,,,,,,
tune-M-w64-d48371-s701-g03-uniform,tune,M,64,48371,701,96101,3,uniform,3e-05,1.0,113408,1,,constant_weights,,185.84784257411957,0.0,1.0,False,False,3.115191698074341,,2.7495200634002686,0.33837589621543884,1.0,3.94307804107666,0.07275390625,3.9671061038970947,0.06591796875,2.7571520805358887,0.3384610414505005,1.0,3.932983875274658,0.078125,4.000011920928955,0.0595703125,,,,,,,
tune-M-w64-d48371-s701-g03-uniform,tune,M,64,48371,701,96101,3,uniform,3e-05,1.0,113408,3,,constant_weights,,379.67138838768005,0.0,1.0,False,False,3.115191698074341,,2.3709585666656494,1.0724594593048096,1.0,2.9904375076293945,0.07275390625,3.049978256225586,0.06591796875,2.3813161849975586,1.0740196704864502,1.0,2.9920074939727783,0.078125,3.0779213905334473,0.0595703125,,,,,,,
tune-M-w64-d48371-s701-g03-uniform,tune,M,64,48371,701,96101,3,uniform,3e-05,1.0,113408,5,,constant_weights,,399.50679421424866,0.0,1.0,False,False,3.115191698074341,,2.332217216491699,0.9593615531921387,1.0,2.953977584838867,0.07275390625,3.08331298828125,0.06591796875,2.352013111114502,0.9618057012557983,1.0,2.9660661220550537,0.078125,3.1281673908233643,0.0595703125,,,,,,,
tune-M-w64-d48371-s701-g03-uniform,tune,M,64,48371,701,96101,3,uniform,3e-05,1.0,113408,10,,constant_weights,,429.25833117961884,0.0,1.0,False,False,3.115191698074341,,2.27410888671875,0.9135659337043762,1.0,2.8336424827575684,0.07275390625,3.0751185417175293,0.06591796875,2.307356357574463,0.9153112173080444,1.0,2.8651022911071777,0.078125,3.141655921936035,0.0595703125,,,,,,,
tune-M-w64-d48371-s701-g03-uniform,tune,M,64,48371,701,96101,3,uniform,3e-05,1.0,113408,20,,constant_weights,,490.7660166025162,0.0,1.0,False,False,3.115191698074341,,2.1539769172668457,0.7496746778488159,1.0,2.7402262687683105,0.07275390625,2.972028970718384,0.06591796875,2.1967997550964355,0.7608004212379456,1.0,2.7902450561523438,0.078125,3.0393543243408203,0.0595703125,,,,,,,
tune-M-w64-d48371-s701-g03-uniform,tune,M,64,48371,701,96101,3,uniform,3e-05,1.0,113408,30,,constant_weights,,515.237783908844,0.0,1.0,False,False,3.115191698074341,,2.106180191040039,0.6387143731117249,1.0,2.7427730560302734,0.07275390625,2.9370532035827637,0.06591796875,2.1556529998779297,0.6680957078933716,1.0,2.796919345855713,0.078125,3.0019443035125732,0.0595703125,,,,,,,
tune-M-w64-d48371-s701-g04-random,tune,M,64,48371,701,96101,4,random,0.0001,0.1,113408,0,,no_adaptation,,0.0,0.0,,False,False,3.115191698074341,,3.112504005432129,0.24809792637825012,1.0,4.55795431137085,0.07275390625,4.531460762023926,0.06591796875,3.115191698074341,0.24795527756214142,1.0,4.537315368652344,0.078125,4.560304641723633,0.0595703125,,,,,,,
tune-M-w64-d48371-s701-g04-random,tune,M,64,48371,701,96101,4,random,0.0001,0.1,113408,1,0.00731998768421155,,4.666383587656288e-06,369.33369195461273,0.0,1.0,False,False,3.115191698074341,,2.3911490440368652,1.0954616069793701,1.0,3.011390209197998,0.07275390625,3.0665957927703857,0.06591796875,2.3996315002441406,1.0969831943511963,1.0,3.0151946544647217,0.078125,3.0867156982421875,0.0595703125,,,,,,,
tune-M-w64-d48371-s701-g04-random,tune,M,64,48371,701,96101,4,random,0.0001,0.1,113408,3,0.01998771322541662,,8.674707168555824e-06,402.4778826236725,0.0,1.0,False,False,3.115191698074341,,2.3264143466949463,0.9173271656036377,1.0,2.937720775604248,0.07275390625,3.1241958141326904,0.06591796875,2.3501596450805664,0.9153035879135132,1.0,2.964820384979248,0.078125,3.1703548431396484,0.0595703125,,,,,,,
tune-M-w64-d48371-s701-g04-random,tune,M,64,48371,701,96101,4,random,0.0001,0.1,113408,5,0.02630660276472728,,1.7934980990815308e-05,421.43694615364075,0.0,1.0,False,False,3.115191698074341,,2.2893848419189453,0.9110918045043945,1.0,2.840784788131714,0.07275390625,3.116278648376465,0.06591796875,2.323657274246216,0.9088711738586426,1.0,2.8852789402008057,0.078125,3.176821708679199,0.0595703125,,,,,,,
tune-M-w64-d48371-s701-g04-random,tune,M,64,48371,701,96101,4,random,0.0001,0.1,113408,10,0.03352401919283757,,3.372251806997291e-05,465.55359721183777,0.0,1.0,False,False,3.115191698074341,,2.2032196521759033,0.7930927276611328,1.0,2.762394428253174,0.07275390625,3.0541718006134033,0.06591796875,2.253553628921509,0.7995025515556335,1.0,2.836233615875244,0.078125,3.1249237060546875,0.0595703125,,,,,,,
tune-M-w64-d48371-s701-g04-random,tune,M,64,48371,701,96101,4,random,0.0001,0.1,113408,20,0.04395567651996067,,5.4052520793252175e-05,503.0814195871353,0.0,1.0,False,False,3.115191698074341,,2.129923105239868,0.6647520661354065,1.0,2.739705801010132,0.0751953125,2.985311508178711,0.06494140625,2.2063138484954834,0.6975565552711487,1.0,2.8471457958221436,0.0771484375,3.0742387771606445,0.0595703125,,,,,,,
tune-M-w64-d48371-s701-g04-random,tune,M,64,48371,701,96101,4,random,0.0001,0.1,113408,30,0.05278829032722798,,7.380488648164831e-05,537.451397061348,0.0,1.0,False,False,3.115191698074341,,2.0627946853637695,0.577010452747345,0.9970703125,2.6818578243255615,0.08544921875,2.9295146465301514,0.068359375,2.1598830223083496,0.6231282949447632,0.9990234375,2.8181443214416504,0.076171875,3.0383760929107666,0.060546875,,,,,,,
tune-M-w64-d48371-s701-g04-uniform,tune,M,64,48371,701,96101,4,uniform,0.0001,0.1,113408,0,,no_adaptation,,0.0,0.0,,False,False,3.115191698074341,,3.112504005432129,0.24809792637825012,1.0,4.55795431137085,0.07275390625,4.531460762023926,0.06591796875,3.115191698074341,0.24795527756214142,1.0,4.537315368652344,0.078125,4.560304641723633,0.0595703125,,,,,,,
tune-M-w64-d48371-s701-g04-uniform,tune,M,64,48371,701,96101,4,uniform,0.0001,0.1,113408,1,,constant_weights,,373.5779062509537,0.0,1.0,False,False,3.115191698074341,,2.382859945297241,1.2102726697921753,1.0,2.9408159255981445,0.07275390625,2.997490406036377,0.06591796875,2.39235258102417,1.211664080619812,1.0,2.9436545372009277,0.078125,3.0217390060424805,0.0595703125,,,,,,,
tune-M-w64-d48371-s701-g04-uniform,tune,M,64,48371,701,96101,4,uniform,0.0001,0.1,113408,3,,constant_weights,,421.35829305648804,0.0,1.0,False,False,3.115191698074341,,2.289538860321045,0.9831206798553467,1.0,2.8281869888305664,0.07275390625,3.0573081970214844,0.06591796875,2.3206682205200195,0.985918402671814,1.0,2.8559257984161377,0.078125,3.1201603412628174,0.0595703125,,,,,,,
tune-M-w64-d48371-s701-g04-uniform,tune,M,64,48371,701,96101,4,uniform,0.0001,0.1,113408,5,,constant_weights,,451.99752032756805,0.0,1.0,False,False,3.115191698074341,,2.229696273803711,0.8561773896217346,1.0,2.763319492340088,0.07275390625,3.0695924758911133,0.06591796875,2.2763671875,0.8623078465461731,1.0,2.8119688034057617,0.078125,3.154825448989868,0.0595703125,,,,,,,
tune-M-w64-d48371-s701-g04-uniform,tune,M,64,48371,701,96101,4,uniform,0.0001,0.1,113408,10,,constant_weights,,517.0707683563232,0.0,1.0,False,False,3.115191698074341,,2.102600336074829,0.6504106521606445,1.0,2.7285397052764893,0.07275390625,2.9288504123687744,0.06591796875,2.152282476425171,0.6765047311782837,1.0,2.7847533226013184,0.078125,2.995588779449463,0.0595703125,,,,,,,
tune-M-w64-d48371-s701-g04-uniform,tune,M,64,48371,701,96101,4,uniform,0.0001,0.1,113408,20,,constant_weights,,600.4108904600143,0.0,1.0,False,False,3.115191698074341,,1.9398266077041626,0.33456823229789734,1.0,2.667018413543701,0.07275390625,2.8178930282592773,0.06591796875,1.987623691558838,0.36683017015457153,1.0,2.716531276702881,0.078125,2.879509687423706,0.0595703125,,,,,,,
tune-M-w64-d48371-s701-g04-uniform,tune,M,64,48371,701,96101,4,uniform,0.0001,0.1,113408,30,,constant_weights,,677.132873415947,0.0,1.0,False,False,3.115191698074341,,1.7899789810180664,0.1463100165128708,1.0,2.4594736099243164,0.154296875,2.764153480529785,0.08642578125,1.8659424781799316,0.1545211523771286,1.0,2.58241605758667,0.1220703125,2.8608899116516113,0.0576171875,,,,,,,
tune-M-w64-d48371-s701-g05-random,tune,M,64,48371,701,96101,5,random,0.0001,1.0,113408,0,,no_adaptation,,0.0,0.0,,False,False,3.115191698074341,,3.112504005432129,0.24809792637825012,1.0,4.55795431137085,0.07275390625,4.531460762023926,0.06591796875,3.115191698074341,0.24795527756214142,1.0,4.537315368652344,0.078125,4.560304641723633,0.0595703125,,,,,,,
tune-M-w64-d48371-s701-g05-random,tune,M,64,48371,701,96101,5,random,0.0001,1.0,113408,1,0.007310780160827838,,4.6654077019320184e-06,369.1242128610611,0.0,1.0,False,False,3.115191698074341,,2.3915584087371826,1.0982520580291748,1.0,3.0106515884399414,0.07275390625,3.0657713413238525,0.06591796875,2.4000329971313477,1.0997809171676636,1.0,3.0144577026367188,0.078125,3.085860252380371,0.0595703125,,,,,,,
tune-M-w64-d48371-s701-g05-random,tune,M,64,48371,701,96101,5,random,0.0001,1.0,113408,3,0.01997890212557843,,8.64328387549301e-06,401.70625352859497,0.0,1.0,False,False,3.115191698074341,,2.3279216289520264,0.9215970039367676,1.0,2.9379873275756836,0.07275390625,3.124180316925049,0.06591796875,2.3516082763671875,0.9195559024810791,1.0,2.965061902999878,0.078125,3.1702065467834473,0.0595703125,,,,,,,
tune-M-w64-d48371-s701-g05-random,tune,M,64,48371,701,96101,5,random,0.0001,1.0,113408,5,0.026208060926821028,,1.7721422513970698e-05,420.05227875709534,0.0,1.0,False,False,3.115191698074341,,2.2920894622802734,0.9194989204406738,1.0,2.8415215015411377,0.07275390625,3.115247964859009,0.06591796875,2.3261077404022217,0.9172621965408325,1.0,2.885718822479248,0.078125,3.175342082977295,0.0595703125,,,,,,,
tune-M-w64-d48371-s701-g05-random,tune,M,64,48371,701,96101,5,random,0.0001,1.0,113408,10,0.03277674131934451,,3.200346283106115e-05,462.74865686893463,0.0,1.0,False,False,3.115191698074341,,2.208698034286499,0.8147565126419067,1.0,2.7639875411987305,0.07275390625,3.0473504066467285,0.06591796875,2.257627487182617,0.8209860920906067,1.0,2.835777997970581,0.078125,3.116118907928467,0.0595703125,,,,,,,
tune-M-w64-d48371-s701-g05-random,tune,M,64,48371,701,96101,5,random,0.0001,1.0,113408,20,0.04234605490029947,,5.003341525737073e-05,496.4352343082428,0.0,1.0,False,False,3.115191698074341,,2.142904281616211,0.7019946575164795,1.0,2.745598316192627,0.07373046875,2.981119155883789,0.06494140625,2.215020179748535,0.7313969731330872,1.0,2.8478832244873047,0.0771484375,3.0657806396484375,0.0595703125,,,,,,,
tune-M-w64-d48371-s701-g05-random,tune,M,64,48371,701,96101,5,random,0.0001,1.0,113408,30,0.04997230465736241,,6.66186781559763e-05,525.3790144920349,0.0,1.0,False,False,3.115191698074341,,2.0863730907440186,0.63614422082901,0.99853515625,2.6956067085266113,0.08154296875,2.927368640899658,0.068359375,2.1762008666992188,0.6780907511711121,0.9990234375,2.8217201232910156,0.0771484375,3.0287914276123047,0.0615234375,,,,,,,
tune-M-w64-d48371-s701-g05-uniform,tune,M,64,48371,701,96101,5,uniform,0.0001,1.0,113408,0,,no_adaptation,,0.0,0.0,,False,False,3.115191698074341,,3.112504005432129,0.24809792637825012,1.0,4.55795431137085,0.07275390625,4.531460762023926,0.06591796875,3.115191698074341,0.24795527756214142,1.0,4.537315368652344,0.078125,4.560304641723633,0.0595703125,,,,,,,
tune-M-w64-d48371-s701-g05-uniform,tune,M,64,48371,701,96101,5,uniform,0.0001,1.0,113408,1,,constant_weights,,373.29397535324097,0.0,1.0,False,False,3.115191698074341,,2.3834142684936523,1.2125306129455566,1.0,2.94053053855896,0.07275390625,2.9971818923950195,0.06591796875,2.3928980827331543,1.21392023563385,1.0,2.9433724880218506,0.078125,3.0214014053344727,0.0595703125,,,,,,,
tune-M-w64-d48371-s701-g05-uniform,tune,M,64,48371,701,96101,5,uniform,0.0001,1.0,113408,3,,constant_weights,,420.4853559732437,0.0,1.0,False,False,3.115191698074341,,2.2912437915802,0.9873965382575989,1.0,2.8288304805755615,0.07275390625,3.057504177093506,0.06591796875,2.322286605834961,0.9901472330093384,1.0,2.8565356731414795,0.078125,3.1201772689819336,0.0595703125,,,,,,,
tune-M-w64-d48371-s701-g05-uniform,tune,M,64,48371,701,96101,5,uniform,0.0001,1.0,113408,5,,constant_weights,,450.3422920703888,0.0,1.0,False,False,3.115191698074341,,2.232929229736328,0.8650873303413391,1.0,2.765109062194824,0.07275390625,3.068591356277466,0.06591796875,2.2791686058044434,0.8711727261543274,1.0,2.8132686614990234,0.078125,3.153064727783203,0.0595703125,,,,,,,
tune-M-w64-d48371-s701-g05-uniform,tune,M,64,48371,701,96101,5,uniform,0.0001,1.0,113408,10,,constant_weights,,512.7488732337952,0.0,1.0,False,False,3.115191698074341,,2.11104154586792,0.6706903576850891,1.0,2.7334320545196533,0.07275390625,2.929002046585083,0.06591796875,2.1596016883850098,0.6961731910705566,1.0,2.788388729095459,0.078125,2.9942429065704346,0.0595703125,,,,,,,
tune-M-w64-d48371-s701-g05-uniform,tune,M,64,48371,701,96101,5,uniform,0.0001,1.0,113408,20,,constant_weights,,589.0637780427933,0.0,1.0,False,False,3.115191698074341,,1.9619888067245483,0.38265493512153625,1.0,2.6787562370300293,0.07275390625,2.8245556354522705,0.06591796875,2.008211135864258,0.4146435260772705,1.0,2.726191759109497,0.078125,2.883798360824585,0.0595703125,,,,,,,
tune-M-w64-d48371-s701-g05-uniform,tune,M,64,48371,701,96101,5,uniform,0.0001,1.0,113408,30,,constant_weights,,661.1492265462875,0.0,1.0,False,False,3.115191698074341,,1.8211970329284668,0.1859201192855835,1.0,2.5103068351745605,0.12255859375,2.767364025115967,0.080078125,1.886156439781189,0.19450396299362183,1.0,2.6113290786743164,0.109375,2.8526358604431152,0.0576171875,,,,,,,
tune-M-w64-d50723-s702-g00-random,tune,M,64,50723,702,96102,0,random,1e-05,0.1,113408,0,,no_adaptation,,0.0,0.0,,False,False,3.1405344009399414,,3.1557846069335938,0.2546089291572571,1.0,4.656052112579346,0.0439453125,4.556692123413086,0.06396484375,3.1405344009399414,0.25482454895973206,1.0,4.6399054527282715,0.048828125,4.526873588562012,0.068359375,,,,,,,
tune-M-w64-d50723-s702-g00-random,tune,M,64,50723,702,96102,0,random,1e-05,0.1,113408,1,0.005546061778267407,,5.52450605999922e-06,53.142075300216675,0.0,1.0,False,False,3.1405344009399414,,3.0519912242889404,0.26257970929145813,1.0,4.490870952606201,0.0439453125,4.402522563934326,0.06396484375,3.039240837097168,0.26281699538230896,1.0,4.477939605712891,0.048828125,4.376965522766113,0.068359375,,,,,,,
tune-M-w64-d50723-s702-g00-random,tune,M,64,50723,702,96102,0,random,1e-05,0.1,113408,3,0.004611801863804771,,3.7392977106506897e-06,177.67542898654938,0.0,1.0,False,False,3.1405344009399414,,2.8087618350982666,0.3368082344532013,1.0,4.078631401062012,0.0439453125,4.010846138000488,0.06396484375,2.800478219985962,0.3372703492641449,1.0,4.0712432861328125,0.048828125,3.992921829223633,0.068359375,,,,,,,
tune-M-w64-d50723-s702-g00-random,tune,M,64,50723,702,96102,0,random,1e-05,0.1,113408,5,0.003268707166621976,,3.3912484279295596e-06,297.4175876379013,0.0,1.0,False,False,3.1405344009399414,,2.574890613555908,0.5369530916213989,1.0,3.6183371543884277,0.0439453125,3.5693814754486084,0.06396484375,2.570899724960327,0.5381956696510315,1.0,3.6146037578582764,0.048828125,3.55989933013916,0.068359375,,,,,,,
tune-M-w64-d50723-s702-g00-random,tune,M,64,50723,702,96102,0,random,1e-05,0.1,113408,10,0.002858358853321784,,5.239032996891426e-06,383.62941813468933,0.0,1.0,False,False,3.1405344009399414,,2.406507968902588,0.9807549118995667,1.0,3.1221768856048584,0.0439453125,3.1165928840637207,0.06396484375,2.407271385192871,0.9796890616416931,1.0,3.1207094192504883,0.048828125,3.1214160919189453,0.068359375,,,,,,,
tune-M-w64-d50723-s702-g00-random,tune,M,64,50723,702,96102,0,random,1e-05,0.1,113408,20,0.007791255101383187,,1.1424299900824241e-05,401.8714917898178,0.0,1.0,False,False,3.1405344009399414,,2.3708791732788086,0.9727296829223633,1.0,3.042449474334717,0.0439453125,3.0974581241607666,0.06396484375,2.375983238220215,0.9704932570457458,1.0,3.050504446029663,0.048828125,3.1069512367248535,0.068359375,,,,,,,
tune-M-w64-d50723-s702-g00-random,tune,M,64,50723,702,96102,0,random,1e-05,0.1,113408,30,0.012646853764445711,,1.7882322240851752e-05,412.1480824947357,0.0,1.0,False,False,3.1405344009399414,,2.3508074283599854,0.9373480081558228,1.0,3.00709867477417,0.0439453125,3.107976198196411,0.06396484375,2.3607068061828613,0.93545001745224,1.0,3.0245144367218018,0.048828125,3.1221559047698975,0.068359375,,,,,,,
tune-M-w64-d50723-s702-g00-uniform,tune,M,64,50723,702,96102,0,uniform,1e-05,0.1,113408,0,,no_adaptation,,0.0,0.0,,False,False,3.1405344009399414,,3.1557846069335938,0.2546089291572571,1.0,4.656052112579346,0.0439453125,4.556692123413086,0.06396484375,3.1405344009399414,0.25482454895973206,1.0,4.6399054527282715,0.048828125,4.526873588562012,0.068359375,,,,,,,
tune-M-w64-d50723-s702-g00-uniform,tune,M,64,50723,702,96102,0,uniform,1e-05,0.1,113408,1,,constant_weights,,60.80266976356506,0.0,1.0,False,False,3.1405344009399414,,3.0370290279388428,0.2649286985397339,1.0,4.466569900512695,0.0439453125,4.379589080810547,0.06396484375,3.0249390602111816,0.2651805877685547,1.0,4.454648971557617,0.048828125,4.354986667633057,0.068359375,,,,,,,
tune-M-w64-d50723-s702-g00-uniform,tune,M,64,50723,702,96102,0,uniform,1e-05,0.1,113408,3,,constant_weights,,202.0356992483139,0.0,1.0,False,False,3.1405344009399414,,2.761183500289917,0.3625611662864685,1.0,3.992737293243408,0.0439453125,3.9282515048980713,0.06396484375,2.7547569274902344,0.36321014165878296,1.0,3.988119125366211,0.048828125,3.9129414558410645,0.068359375,,,,,,,
tune-M-w64-d50723-s702-g00-uniform,tune,M,64,50723,702,96102,0,uniform,1e-05,0.1,113408,5,,constant_weights,,324.95916497707367,0.0,1.0,False,False,3.1405344009399414,,2.5210983753204346,0.6243990659713745,1.0,3.4913673400878906,0.0439453125,3.447528839111328,0.06396484375,2.519592761993408,0.6260552406311035,1.0,3.490377426147461,0.048828125,3.442344903945923,0.068359375,,,,,,,
tune-M-w64-d50723-s702-g00-uniform,tune,M,64,50723,702,96102,0,uniform,1e-05,0.1,113408,10,,constant_weights,,394.31596541404724,0.0,1.0,False,False,3.1405344009399414,,2.3856360912323,1.0226432085037231,1.0,3.0583133697509766,0.0439453125,3.075950860977173,0.06396484375,2.3900060653686523,1.0227386951446533,1.0,3.062840700149536,0.048828125,3.084439516067505,0.068359375,,,,,,,
tune-M-w64-d50723-s702-g00-uniform,tune,M,64,50723,702,96102,0,uniform,1e-05,0.1,113408,20,,constant_weights,,417.15250849723816,0.0,1.0,False,False,3.1405344009399414,,2.341033697128296,0.973096489906311,1.0,2.97750186920166,0.0439453125,3.0725011825561523,0.06396484375,2.3559446334838867,0.9751714468002319,1.0,2.9989004135131836,0.048828125,3.0937609672546387,0.068359375,,,,,,,
tune-M-w64-d50723-s702-g00-uniform,tune,M,64,50723,702,96102,0,uniform,1e-05,0.1,113408,30,,constant_weights,,434.72318160533905,0.0,1.0,False,False,3.1405344009399414,,2.306715488433838,0.9270181655883789,1.0,2.924774408340454,0.0439453125,3.068354368209839,0.06396484375,2.329482078552246,0.9302012920379639,1.0,2.9579532146453857,0.048828125,3.100292205810547,0.068359375,,,,,,,
tune-M-w64-d50723-s702-g01-random,tune,M,64,50723,702,96102,1,random,1e-05,1.0,113408,0,,no_adaptation,,0.0,0.0,,False,False,3.1405344009399414,,3.1557846069335938,0.2546089291572571,1.0,4.656052112579346,0.0439453125,4.556692123413086,0.06396484375,3.1405344009399414,0.25482454895973206,1.0,4.6399054527282715,0.048828125,4.526873588562012,0.068359375,,,,,,,
tune-M-w64-d50723-s702-g01-random,tune,M,64,50723,702,96102,1,random,1e-05,1.0,113408,1,0.005507169878614028,,5.480527788595071e-06,53.383010149002075,0.0,1.0,False,False,3.1405344009399414,,3.051520347595215,0.2629135847091675,1.0,4.489983558654785,0.0439453125,4.401664733886719,0.06396484375,3.0387728214263916,0.26315104961395264,1.0,4.477053642272949,0.048828125,4.3761138916015625,0.068359375,,,,,,,
tune-M-w64-d50723-s702-g01-random,tune,M,64,50723,702,96102,1,random,1e-05,1.0,113408,3,0.004584270955650324,,3.7191501857061908e-06,178.1996158361435,0.0,1.0,False,False,3.1405344009399414,,2.8077380657196045,0.3378661572933197,1.0,4.076529502868652,0.0439453125,4.008818626403809,0.06396484375,2.7994580268859863,0.33832791447639465,1.0,4.069138050079346,0.048828125,3.990908145904541,0.068359375,,,,,,,
tune-M-w64-d50723-s702-g01-random,tune,M,64,50723,702,96102,1,random,1e-05,1.0,113408,5,0.0032511368365984866,,3.382857435565322e-06,297.79666328430176,0.0,1.0,False,False,3.1405344009399414,,2.574150323867798,0.53880774974823,1.0,3.616243839263916,0.0439453125,3.567399024963379,0.06396484375,2.570158004760742,0.5400461554527283,1.0,3.6125006675720215,0.048828125,3.5579261779785156,0.068359375,,,,,,,
tune-M-w64-d50723-s702-g01-random,tune,M,64,50723,702,96102,1,random,1e-05,1.0,113408,10,0.002854531646001711,,5.245348577937401e-06,383.40634739398956,0.0,1.0,False,False,3.1405344009399414,,2.4069437980651855,0.9823957085609436,1.0,3.1219398975372314,0.0439453125,3.1164960861206055,0.06396484375,2.4076931476593018,0.9813271164894104,1.0,3.120486259460449,0.048828125,3.1212656497955322,0.068359375,,,,,,,
tune-M-w64-d50723-s702-g01-random,tune,M,64,50723,702,96102,1,random,1e-05,1.0,113408,20,0.007806027137391045,,1.1434633380003747e-05,401.32371282577515,0.0,1.0,False,False,3.1405344009399414,,2.371948719024658,0.975230872631073,1.0,3.0427660942077637,0.0439453125,3.0978500843048096,0.06396484375,2.3770413398742676,0.9730017185211182,1.0,3.0508477687835693,0.048828125,3.107274055480957,0.068359375,,,,,,,
tune-M-w64-d50723-s702-g01-random,tune,M,64,50723,702,96102,1,random,1e-05,1.0,113408,30,0.012655501577340762,,1.7888833802953306e-05,411.33939361572266,0.0,1.0,False,False,3.1405344009399414,,2.352386951446533,0.9413139820098877,1.0,3.0075318813323975,0.0439453125,3.1083154678344727,0.06396484375,2.36225962638855,0.9394238591194153,1.0,3.024956703186035,0.048828125,3.1223981380462646,0.068359375,,,,,,,
tune-M-w64-d50723-s702-g01-uniform,tune,M,64,50723,702,96102,1,uniform,1e-05,1.0,113408,0,,no_adaptation,,0.0,0.0,,False,False,3.1405344009399414,,3.1557846069335938,0.2546089291572571,1.0,4.656052112579346,0.0439453125,4.556692123413086,0.06396484375,3.1405344009399414,0.25482454895973206,1.0,4.6399054527282715,0.048828125,4.526873588562012,0.068359375,,,,,,,
tune-M-w64-d50723-s702-g01-uniform,tune,M,64,50723,702,96102,1,uniform,1e-05,1.0,113408,1,,constant_weights,,61.04056406021118,0.0,1.0,False,False,3.1405344009399414,,3.036564350128174,0.2652628719806671,1.0,4.465691089630127,0.0439453125,4.378739356994629,0.06396484375,3.0244767665863037,0.26551491022109985,1.0,4.453771591186523,0.048828125,4.3541436195373535,0.068359375,,,,,,,
tune-M-w64-d50723-s702-g01-uniform,tune,M,64,50723,702,96102,1,uniform,1e-05,1.0,113408,3,,constant_weights,,202.5134435892105,0.0,1.0,False,False,3.1405344009399414,,2.7602500915527344,0.3636425733566284,1.0,3.9907593727111816,0.0439453125,3.9263484477996826,0.06396484375,2.7538254261016846,0.3642911911010742,1.0,3.986135244369507,0.048828125,3.91105055809021,0.068359375,,,,,,,
tune-M-w64-d50723-s702-g01-uniform,tune,M,64,50723,702,96102,1,uniform,1e-05,1.0,113408,5,,constant_weights,,325.22474575042725,0.0,1.0,False,False,3.1405344009399414,,2.5205798149108887,0.6263001561164856,1.0,3.489579200744629,0.0439453125,3.445859909057617,0.06396484375,2.519070625305176,0.6279518604278564,1.0,3.4885778427124023,0.048828125,3.4406824111938477,0.068359375,,,,,,,
tune-M-w64-d50723-s702-g01-uniform,tune,M,64,50723,702,96102,1,uniform,1e-05,1.0,113408,10,,constant_weights,,394.0461777448654,0.0,1.0,False,False,3.1405344009399414,,2.3861629962921143,1.0238745212554932,1.0,3.0584146976470947,0.0439453125,3.0761992931365967,0.06396484375,2.390531539916992,1.0239787101745605,1.0,3.0629682540893555,0.048828125,3.0846469402313232,0.068359375,,,,,,,
tune-M-w64-d50723-s702-g01-uniform,tune,M,64,50723,702,96102,1,uniform,1e-05,1.0,113408,20,,constant_weights,,416.58511102199554,0.0,1.0,False,False,3.1405344009399414,,2.342141628265381,0.9755667448043823,1.0,2.9779348373413086,0.0439453125,3.072922945022583,0.06396484375,2.3570327758789062,0.9776439666748047,1.0,2.9993295669555664,0.048828125,3.0941245555877686,0.068359375,,,,,,,
tune-M-w64-d50723-s702-g01-uniform,tune,M,64,50723,702,96102,1,uniform,1e-05,1.0,113408,30,,constant_weights,,433.84355413913727,0.0,1.0,False,False,3.1405344009399414,,2.308434009552002,0.9310911297798157,1.0,2.925513505935669,0.0439453125,3.0686964988708496,0.06396484375,2.3311305046081543,0.9342743754386902,1.0,2.9586222171783447,0.048828125,3.100494384765625,0.068359375,,,,,,,
tune-M-w64-d50723-s702-g02-random,tune,M,64,50723,702,96102,2,random,3e-05,0.1,113408,0,,no_adaptation,,0.0,0.0,,False,False,3.1405344009399414,,3.1557846069335938,0.2546089291572571,1.0,4.656052112579346,0.0439453125,4.556692123413086,0.06396484375,3.1405344009399414,0.25482454895973206,1.0,4.6399054527282715,0.048828125,4.526873588562012,0.068359375,,,,,,,
tune-M-w64-d50723-s702-g02-random,tune,M,64,50723,702,96102,2,random,3e-05,0.1,113408,1,0.003663624006232437,,4.5861480034247106e-06,175.7503752708435,0.0,1.0,False,False,3.1405344009399414,,2.8125219345092773,0.3344734013080597,1.0,4.0852155685424805,0.0439453125,4.017876625061035,0.06396484375,2.8050687313079834,0.33496835827827454,1.0,4.078701972961426,0.048828125,4.001535892486572,0.068359375,,,,,,,
tune-M-w64-d50723-s702-g02-random,tune,M,64,50723,702,96102,2,random,3e-05,0.1,113408,3,0.002552489551905083,,4.469069942456404e-06,375.82313215732574,0.0,1.0,False,False,3.1405344009399414,,2.421754837036133,1.0198001861572266,1.0,3.1310017108917236,0.0439453125,3.114462375640869,0.06396484375,2.422532558441162,1.0201810598373413,1.0,3.128880739212036,0.048828125,3.1185359954833984,0.068359375,,,,,,,
tune-M-w64-d50723-s702-g02-random,tune,M,64,50723,702,96102,2,random,3e-05,0.1,113408,5,0.004417790727737122,,8.523033170940593e-06,394.4059121608734,0.0,1.0,False,False,3.1405344009399414,,2.385460138320923,1.0013561248779297,1.0,3.0638909339904785,0.0439453125,3.0911335945129395,0.06396484375,2.387406349182129,0.9990022778511047,1.0,3.0659289360046387,0.048828125,3.097287178039551,0.068359375,,,,,,,
tune-M-w64-d50723-s702-g02-random,tune,M,64,50723,702,96102,2,random,3e-05,0.1,113408,10,0.012043318247875624,,1.685359198870976e-05,411.4499764442444,0.0,1.0,False,False,3.1405344009399414,,2.3521711826324463,0.9451853036880493,1.0,3.0055243968963623,0.0439453125,3.1058037281036377,0.06396484375,2.3622193336486816,0.9434989094734192,1.0,3.0224246978759766,0.048828125,3.120734214782715,0.068359375,,,,,,,
tune-M-w64-d50723-s702-g02-random,tune,M,64,50723,702,96102,2,random,3e-05,0.1,113408,20,0.02189130241381946,,3.3061701719930055e-05,437.2272732257843,0.0,1.0,False,False,3.1405344009399414,,2.3018245697021484,0.887981653213501,1.0,2.919041156768799,0.0439453125,3.098451614379883,0.06396484375,2.3247101306915283,0.887584924697876,1.0,2.9571492671966553,0.048828125,3.129396915435791,0.068359375,,,,,,,
tune-M-w64-d50723-s702-g02-random,tune,M,64,50723,702,96102,2,random,3e-05,0.1,113408,30,0.02375384857540231,,3.765052146480242e-05,473.24101161956787,0.0,1.0,False,False,3.1405344009399414,,2.231485366821289,0.7672487497329712,0.99951171875,2.874391794204712,0.0439453125,3.0528156757354736,0.06396484375,2.2586350440979004,0.761781632900238,1.0,2.928875207901001,0.0498046875,3.0852487087249756,0.068359375,,,,,,,
tune-M-w64-d50723-s702-g02-uniform,tune,M,64,50723,702,96102,2,uniform,3e-05,0.1,113408,0,,no_adaptation,,0.0,0.0,,False,False,3.1405344009399414,,3.1557846069335938,0.2546089291572571,1.0,4.656052112579346,0.0439453125,4.556692123413086,0.06396484375,3.1405344009399414,0.25482454895973206,1.0,4.6399054527282715,0.048828125,4.526873588562012,0.068359375,,,,,,,
tune-M-w64-d50723-s702-g02-uniform,tune,M,64,50723,702,96102,2,uniform,3e-05,0.1,113408,1,,constant_weights,,199.90390527248383,0.0,1.0,False,False,3.1405344009399414,,2.7653470039367676,0.3595646619796753,1.0,4.000137805938721,0.0439453125,3.936338424682617,0.06396484375,2.759713649749756,0.36021310091018677,1.0,3.9961483478546143,0.048828125,3.922778367996216,0.068359375,,,,,,,
tune-M-w64-d50723-s702-g02-uniform,tune,M,64,50723,702,96102,2,uniform,3e-05,0.1,113408,3,,constant_weights,,385.2757519483566,0.0,1.0,False,False,3.1405344009399414,,2.403292417526245,1.0991767644882202,1.0,3.057368516921997,0.0439453125,3.053332567214966,0.06396484375,2.4069299697875977,1.0991690158843994,1.0,3.0588812828063965,0.048828125,3.0627388954162598,0.068359375,,,,,,,
tune-M-w64-d50723-s702-g02-uniform,tune,M,64,50723,702,96102,2,uniform,3e-05,0.1,113408,5,,constant_weights,,404.2834701538086,0.0,1.0,False,False,3.1405344009399414,,2.366168260574341,0.9961018562316895,1.0,3.022688150405884,0.0439453125,3.07971453666687,0.06396484375,2.374307870864868,0.9972547292709351,1.0,3.0351850986480713,0.048828125,3.0904836654663086,0.068359375,,,,,,,
tune-M-w64-d50723-s702-g02-uniform,tune,M,64,50723,702,96102,2,uniform,3e-05,0.1,113408,10,,constant_weights,,432.0110639333725,0.0,1.0,False,False,3.1405344009399414,,2.3120126724243164,0.9416670799255371,1.0,2.9255099296569824,0.0439453125,3.068861484527588,0.06396484375,2.3340671062469482,0.944725513458252,1.0,2.9575366973876953,0.048828125,3.0999393463134766,0.068359375,,,,,,,
tune-M-w64-d50723-s702-g02-uniform,tune,M,64,50723,702,96102,2,uniform,3e-05,0.1,113408,20,,constant_weights,,495.8521214723587,0.0,1.0,False,False,3.1405344009399414,,2.1873230934143066,0.7441971898078918,1.0,2.827953338623047,0.0439453125,2.989819049835205,0.06396484375,2.220771312713623,0.7508919835090637,1.0,2.882495641708374,0.048828125,3.028925895690918,0.068359375,,,,,,,
tune-M-w64-d50723-s702-g02-uniform,tune,M,64,50723,702,96102,2,uniform,3e-05,0.1,113408,30,,constant_weights,,522.8375828266144,0.0,1.0,False,False,3.1405344009399414,,2.1346168518066406,0.6602967381477356,1.0,2.8076272010803223,0.0439453125,2.9359278678894043,0.06396484375,2.172344923019409,0.6797429919242859,1.0,2.8662118911743164,0.048828125,2.9710793495178223,0.068359375,,,,,,,
tune-M-w64-d50723-s702-g03-random,tune,M,64,50723,702,96102,3,random,3e-05,1.0,113408,0,,no_adaptation,,0.0,0.0,,False,False,3.1405344009399414,,3.1557846069335938,0.2546089291572571,1.0,4.656052112579346,0.0439453125,4.556692123413086,0.06396484375,3.1405344009399414,0.25482454895973206,1.0,4.6399054527282715,0.048828125,4.526873588562012,0.068359375,,,,,,,
tune-M-w64-d50723-s702-g03-random,tune,M,64,50723,702,96102,3,random,3e-05,1.0,113408,1,0.0036389685185302728,,4.558831182549855e-06,176.2868092060089,0.0,1.0,False,False,3.1405344009399414,,2.811474323272705,0.33553898334503174,1.0,4.083074569702148,0.0439453125,4.015809059143066,0.06396484375,2.8040242195129395,0.3360337018966675,1.0,4.076557159423828,0.048828125,3.999480962753296,0.068359375,,,,,,,
tune-M-w64-d50723-s702-g03-random,tune,M,64,50723,702,96102,3,random,3e-05,1.0,113408,3,0.002539593366836213,,4.473524232744064e-06,375.68869483470917,0.0,1.0,False,False,3.1405344009399414,,2.4220173358917236,1.0218576192855835,1.0,3.1302952766418457,0.0439453125,3.113898992538452,0.06396484375,2.4227800369262695,1.0222233533859253,1.0,3.128178358078003,0.048828125,3.117938280105591,0.068359375,,,,,,,
tune-M-w64-d50723-s702-g03-random,tune,M,64,50723,702,96102,3,random,3e-05,1.0,113408,5,0.0044282319120051705,,8.531036457825518e-06,393.98577201366425,0.0,1.0,False,False,3.1405344009399414,,2.3862807750701904,1.0032204389572144,1.0,3.064126491546631,0.0439453125,3.0914957523345947,0.06396484375,2.3882203102111816,1.0008784532546997,1.0,3.0661959648132324,0.048828125,3.097586154937744,0.068359375,,,,,,,
tune-M-w64-d50723-s702-g03-random,tune,M,64,50723,702,96102,3,random,3e-05,1.0,113408,10,0.012055709853094114,,1.686369887431347e-05,410.62884163856506,0.0,1.0,False,False,3.1405344009399414,,2.3537750244140625,0.9492288827896118,1.0,3.005946159362793,0.0439453125,3.1061501502990723,0.06396484375,2.3637921810150146,0.9475487470626831,1.0,3.0228512287139893,0.048828125,3.120976686477661,0.068359375,,,,,,,
tune-M-w64-d50723-s702-g03-random,tune,M,64,50723,702,96102,3,random,3e-05,1.0,113408,20,0.021725391875952238,,3.283250177500063e-05,435.55652010440826,0.0,1.0,False,False,3.1405344009399414,,2.3050880432128906,0.8983099460601807,1.0,2.9197168350219727,0.0439453125,3.0972368717193604,0.06396484375,2.3277089595794678,0.8978912830352783,1.0,2.9575092792510986,0.048828125,3.1277272701263428,0.068359375,,,,,,,
tune-M-w64-d50723-s702-g03-random,tune,M,64,50723,702,96102,3,random,3e-05,1.0,113408,30,0.023267641315148038,,3.685596323173047e-05,470.44127786159515,0.0,1.0,False,False,3.1405344009399414,,2.2369537353515625,0.7853525280952454,0.99951171875,2.8757026195526123,0.0439453125,3.0498061180114746,0.06396484375,2.2634527683258057,0.7798833847045898,1.0,2.929047107696533,0.048828125,3.0814285278320312,0.068359375,,,,,,,
tune-M-w64-d50723-s702-g03-uniform,tune,M,64,50723,702,96102,3,uniform,3e-05,1.0,113408,0,,no_adaptation,,0.0,0.0,,False,False,3.1405344009399414,,3.1557846069335938,0.2546089291572571,1.0,4.656052112579346,0.0439453125,4.556692123413086,0.06396484375,3.1405344009399414,0.25482454895973206,1.0,4.6399054527282715,0.048828125,4.526873588562012,0.068359375,,,,,,,
tune-M-w64-d50723-s702-g03-uniform,tune,M,64,50723,702,96102,3,uniform,3e-05,1.0,113408,1,,constant_weights,,200.39485657215118,0.0,1.0,False,False,3.1405344009399414,,2.764388084411621,0.360655814409256,1.0,3.998117685317993,0.0439453125,3.9343907833099365,0.06396484375,2.7587554454803467,0.3613041341304779,1.0,3.994121551513672,0.048828125,3.9208414554595947,0.068359375,,,,,,,
tune-M-w64-d50723-s702-g03-uniform,tune,M,64,50723,702,96102,3,uniform,3e-05,1.0,113408,3,,constant_weights,,385.066587805748,0.0,1.0,False,False,3.1405344009399414,,2.4037013053894043,1.1007975339889526,1.0,3.0570881366729736,0.0439453125,3.053217887878418,0.06396484375,2.4073243141174316,1.1007870435714722,1.0,3.0586094856262207,0.048828125,3.062577247619629,0.068359375,,,,,,,
tune-M-w64-d50723-s702-g03-uniform,tune,M,64,50723,702,96102,3,uniform,3e-05,1.0,113408,5,,constant_weights,,403.85606932640076,0.0,1.0,False,False,3.1405344009399414,,2.3670029640197754,0.997909426689148,1.0,3.0229859352111816,0.0439453125,3.080113649368286,0.06396484375,2.3751425743103027,0.9990698099136353,1.0,3.035501480102539,0.048828125,3.0908563137054443,0.068359375,,,,,,,
tune-M-w64-d50723-s702-g03-uniform,tune,M,64,50723,702,96102,3,uniform,3e-05,1.0,113408,10,,constant_weights,,431.12815964221954,0.0,1.0,False,False,3.1405344009399414,,2.313737154006958,0.9457647800445557,1.0,2.9262208938598633,0.0439453125,3.069225788116455,0.06396484375,2.3357300758361816,0.9488263130187988,1.0,2.9581894874572754,0.048828125,3.1001741886138916,0.068359375,,,,,,,
tune-M-w64-d50723-s702-g03-uniform,tune,M,64,50723,702,96102,3,uniform,3e-05,1.0,113408,20,,constant_weights,,493.5229583978653,0.0,1.0,False,False,3.1405344009399414,,2.1918723583221436,0.7563289403915405,1.0,2.830111503601074,0.0439453125,2.9891762733459473,0.06396484375,2.2248775959014893,0.7629718780517578,1.0,2.883943557739258,0.048828125,3.027717113494873,0.068359375,,,,,,,
tune-M-w64-d50723-s702-g03-uniform,tune,M,64,50723,702,96102,3,uniform,3e-05,1.0,113408,30,,constant_weights,,518.8671616315842,0.0,1.0,False,False,3.1405344009399414,,2.142371892929077,0.6787779331207275,1.0,2.8116695880889893,0.0439453125,2.9366679191589355,0.06396484375,2.17929744720459,0.6979921460151672,1.0,2.868867874145508,0.048828125,2.9710326194763184,0.068359375,,,,,,,
tune-M-w64-d50723-s702-g04-random,tune,M,64,50723,702,96102,4,random,0.0001,0.1,113408,0,,no_adaptation,,0.0,0.0,,False,False,3.1405344009399414,,3.1557846069335938,0.2546089291572571,1.0,4.656052112579346,0.0439453125,4.556692123413086,0.06396484375,3.1405344009399414,0.25482454895973206,1.0,4.6399054527282715,0.048828125,4.526873588562012,0.068359375,,,,,,,
tune-M-w64-d50723-s702-g04-random,tune,M,64,50723,702,96102,4,random,0.0001,0.1,113408,1,0.0017330303637805087,,5.1313808564641e-06,371.5305256843567,0.0,1.0,False,False,3.1405344009399414,,2.4301388263702393,1.1636179685592651,1.0,3.071059226989746,0.0439453125,3.055738925933838,0.06396484375,2.432957887649536,1.1649879217147827,1.0,3.0698976516723633,0.048828125,3.0639877319335938,0.068359375,,,,,,,
tune-M-w64-d50723-s702-g04-random,tune,M,64,50723,702,96102,4,random,0.0001,0.1,113408,3,0.011146972169624281,,1.6488845529394715e-05,408.32709085941315,0.0,1.0,False,False,3.1405344009399414,,2.3582706451416016,0.9568876028060913,1.0,3.010004997253418,0.0439453125,3.1079187393188477,0.06396484375,2.3664779663085938,0.9534429311752319,1.0,3.0277419090270996,0.048828125,3.1182491779327393,0.068359375,,,,,,,
tune-M-w64-d50723-s702-g04-random,tune,M,64,50723,702,96102,4,random,0.0001,0.1,113408,5,0.019524059336384195,,3.078949797753149e-05,423.29739570617676,0.0,1.0,False,False,3.1405344009399414,,2.3290317058563232,0.9269295930862427,1.0,2.947242259979248,0.0439453125,3.1129229068756104,0.06396484375,2.34621524810791,0.9244454503059387,1.0,2.9769680500030518,0.048828125,3.137233257293701,0.068359375,,,,,,,
tune-M-w64-d50723-s702-g04-random,tune,M,64,50723,702,96102,4,random,0.0001,0.1,113408,10,0.02368724128648255,,3.6538412263454625e-05,473.507940530777,0.0,1.0,False,False,3.1405344009399414,,2.230964183807373,0.8088391423225403,0.99951171875,2.8519277572631836,0.0439453125,3.032125473022461,0.06396484375,2.2589640617370605,0.8033954501152039,1.0,2.9056668281555176,0.0498046875,3.0678296089172363,0.068359375,,,,,,,
tune-M-w64-d50723-s702-g04-random,tune,M,64,50723,702,96102,4,random,0.0001,0.1,113408,20,0.02860407275197671,,4.4363042345975856e-05,521.0665739774704,0.0,1.0,False,False,3.1405344009399414,,2.138076066970825,0.6521743535995483,1.0,2.8082098960876465,0.04443359375,2.9538443088531494,0.06396484375,2.182865619659424,0.6733902096748352,1.0,2.8745226860046387,0.048828125,3.0006840229034424,0.068359375,,,,,,,
tune-M-w64-d50723-s702-g04-random,tune,M,64,50723,702,96102,4,random,0.0001,0.1,113408,30,0.0344428398135172,,4.741125806141124e-05,566.7583862543106,0.0,1.0,False,False,3.1405344009399414,,2.0488343238830566,0.4944031536579132,0.998046875,2.7640600204467773,0.0537109375,2.8880398273468018,0.0625,2.1000630855560303,0.5283710360527039,0.998046875,2.826935291290283,0.0517578125,2.94488263130188,0.0703125,,,,,,,
tune-M-w64-d50723-s702-g04-uniform,tune,M,64,50723,702,96102,4,uniform,0.0001,0.1,113408,0,,no_adaptation,,0.0,0.0,,False,False,3.1405344009399414,,3.1557846069335938,0.2546089291572571,1.0,4.656052112579346,0.0439453125,4.556692123413086,0.06396484375,3.1405344009399414,0.25482454895973206,1.0,4.6399054527282715,0.048828125,4.526873588562012,0.068359375,,,,,,,
tune-M-w64-d50723-s702-g04-uniform,tune,M,64,50723,702,96102,4,uniform,0.0001,0.1,113408,1,,constant_weights,,377.7773323059082,0.0,1.0,False,False,3.1405344009399414,,2.417937994003296,1.2434437274932861,1.0,3.007284164428711,0.0439453125,3.0030863285064697,0.06396484375,2.423072338104248,1.2451450824737549,1.0,3.0097994804382324,0.048828125,3.014273166656494,0.068359375,,,,,,,
tune-M-w64-d50723-s702-g04-uniform,tune,M,64,50723,702,96102,4,uniform,0.0001,0.1,113408,3,,constant_weights,,424.2447501420975,0.0,1.0,False,False,3.1405344009399414,,2.327181339263916,1.0180211067199707,1.0,2.916022300720215,0.0439453125,3.0475008487701416,0.06396484375,2.3470394611358643,1.0202010869979858,1.0,2.9452333450317383,0.048828125,3.07568359375,0.068359375,,,,,,,
tune-M-w64-d50723-s702-g04-uniform,tune,M,64,50723,702,96102,4,uniform,0.0001,0.1,113408,5,,constant_weights,,454.9197144508362,0.0,1.0,False,False,3.1405344009399414,,2.2672693729400635,0.9041727781295776,1.0,2.851318120956421,0.0439453125,3.0463168621063232,0.06396484375,2.299067735671997,0.9084857702255249,1.0,2.8976240158081055,0.048828125,3.091092586517334,0.068359375,,,,,,,
tune-M-w64-d50723-s702-g04-uniform,tune,M,64,50723,702,96102,4,uniform,0.0001,0.1,113408,10,,constant_weights,,520.209246635437,0.0,1.0,False,False,3.1405344009399414,,2.1397504806518555,0.6831387281417847,1.0,2.8007898330688477,0.0439453125,2.9353229999542236,0.06396484375,2.178647518157959,0.7021430730819702,1.0,2.8607277870178223,0.048828125,2.973071813583374,0.068359375,,,,,,,
tune-M-w64-d50723-s702-g04-uniform,tune,M,64,50723,702,96102,4,uniform,0.0001,0.1,113408,20,,constant_weights,,601.6189210414886,0.0,1.0,False,False,3.1405344009399414,,1.9807473421096802,0.3452080488204956,1.0,2.753204345703125,0.0439453125,2.84382963180542,0.06396484375,2.0227036476135254,0.3896130323410034,1.0,2.7971880435943604,0.048828125,2.881309986114502,0.068359375,,,,,,,
tune-M-w64-d50723-s702-g04-uniform,tune,M,64,50723,702,96102,4,uniform,0.0001,0.1,113408,30,,constant_weights,,665.8741035461426,0.0,0.9979166666666667,False,False,3.1405344009399414,,1.8552489280700684,0.1390177607536316,1.0,2.6494154930114746,0.0556640625,2.7773139476776123,0.06396484375,1.8948696851730347,0.14747503399848938,1.0,2.7054357528686523,0.0625,2.831697940826416,0.0673828125,,,,,,,
tune-M-w64-d50723-s702-g05-random,tune,M,64,50723,702,96102,5,random,0.0001,1.0,113408,0,,no_adaptation,,0.0,0.0,,False,False,3.1405344009399414,,3.1557846069335938,0.2546089291572571,1.0,4.656052112579346,0.0439453125,4.556692123413086,0.06396484375,3.1405344009399414,0.25482454895973206,1.0,4.6399054527282715,0.048828125,4.526873588562012,0.068359375,,,,,,,
tune-M-w64-d50723-s702-g05-random,tune,M,64,50723,702,96102,5,random,0.0001,1.0,113408,1,0.0017163570124975871,,5.135786132700095e-06,371.3350739479065,0.0,1.0,False,False,3.1405344009399414,,2.430520534515381,1.1661579608917236,1.0,3.0702919960021973,0.0439453125,3.0551116466522217,0.06396484375,2.433319330215454,1.1675084829330444,1.0,3.06912899017334,0.048828125,3.0633201599121094,0.068359375,,,,,,,
tune-M-w64-d50723-s702-g05-random,tune,M,64,50723,702,96102,5,random,0.0001,1.0,113408,3,0.011170116864159422,,1.6497302078415797e-05,407.48409354686737,0.0,1.0,False,False,3.1405344009399414,,2.3599166870117188,0.9609935879707336,1.0,3.010446548461914,0.0439453125,3.1083109378814697,0.06396484375,2.3681013584136963,0.957553505897522,1.0,3.028191328048706,0.048828125,3.118558645248413,0.068359375,,,,,,,
tune-M-w64-d50723-s702-g05-random,tune,M,64,50723,702,96102,5,random,0.0001,1.0,113408,5,0.019474520158608795,,3.070753139121828e-05,421.9206430912018,0.0,1.0,False,False,3.1405344009399414,,2.3317205905914307,0.9348757266998291,1.0,2.9477474689483643,0.0439453125,3.1125383377075195,0.06396484375,2.348806619644165,0.9324133396148682,1.0,2.977370262145996,0.048828125,3.1366360187530518,0.068359375,,,,,,,
tune-M-w64-d50723-s702-g05-random,tune,M,64,50723,702,96102,5,random,0.0001,1.0,113408,10,0.023143120849100474,,3.562367075741368e-05,470.43759286403656,0.0,1.0,False,False,3.1405344009399414,,2.2369606494903564,0.8289264440536499,0.99951171875,2.8533124923706055,0.0439453125,3.0286433696746826,0.06396484375,2.264232635498047,0.8235304951667786,1.0,2.9057624340057373,0.0498046875,3.0634050369262695,0.068359375,,,,,,,
tune-M-w64-d50723-s702-g05-random,tune,M,64,50723,702,96102,5,random,0.0001,1.0,113408,20,0.027497621058753613,,4.248918441628937e-05,513.4852615594864,0.0,1.0,False,False,3.1405344009399414,,2.152883529663086,0.6923266053199768,1.0,2.8135533332824707,0.04443359375,2.952770233154297,0.06396484375,2.195707321166992,0.7126085162162781,1.0,2.8770759105682373,0.048828125,2.9974374771118164,0.068359375,,,,,,,
tune-M-w64-d50723-s702-g05-random,tune,M,64,50723,702,96102,5,random,0.0001,1.0,113408,30,0.0330633397171199,,4.528323092940532e-05,552.5101661682129,0.0,1.0,False,False,3.1405344009399414,,2.076663017272949,0.5625433921813965,0.99853515625,2.775888442993164,0.05078125,2.891556739807129,0.0625,2.1236319541931152,0.5924937725067139,0.998046875,2.8345394134521484,0.05078125,2.9438629150390625,0.0703125,,,,,,,
tune-M-w64-d50723-s702-g05-uniform,tune,M,64,50723,702,96102,5,uniform,0.0001,1.0,113408,0,,no_adaptation,,0.0,0.0,,False,False,3.1405344009399414,,3.1557846069335938,0.2546089291572571,1.0,4.656052112579346,0.0439453125,4.556692123413086,0.06396484375,3.1405344009399414,0.25482454895973206,1.0,4.6399054527282715,0.048828125,4.526873588562012,0.068359375,,,,,,,
tune-M-w64-d50723-s702-g05-uniform,tune,M,64,50723,702,96102,5,uniform,0.0001,1.0,113408,1,,constant_weights,,377.51745307445526,0.0,1.0,False,False,3.1405344009399414,,2.418445587158203,1.2455418109893799,1.0,3.0069198608398438,0.0439453125,3.0028746128082275,0.06396484375,2.4235594272613525,1.2472368478775024,1.0,3.0094358921051025,0.048828125,3.014005422592163,0.068359375,,,,,,,
tune-M-w64-d50723-s702-g05-uniform,tune,M,64,50723,702,96102,5,uniform,0.0001,1.0,113408,3,,constant_weights,,423.36638152599335,0.0,1.0,False,False,3.1405344009399414,,2.328896999359131,1.0218662023544312,1.0,2.9167633056640625,0.0439453125,3.0480613708496094,0.06396484375,2.348706007003784,1.0240352153778076,1.0,2.9459357261657715,0.048828125,3.0761468410491943,0.068359375,,,,,,,
tune-M-w64-d50723-s702-g05-uniform,tune,M,64,50723,702,96102,5,uniform,0.0001,1.0,113408,5,,constant_weights,,453.333824634552,0.0,1.0,False,False,3.1405344009399414,,2.270366668701172,0.9121596217155457,1.0,2.852825403213501,0.0439453125,3.046114683151245,0.06396484375,2.301933526992798,0.9164591431617737,1.0,2.8988230228424072,0.048828125,3.0905189514160156,0.068359375,,,,,,,
tune-M-w64-d50723-s702-g05-uniform,tune,M,64,50723,702,96102,5,uniform,0.0001,1.0,113408,10,,constant_weights,,516.0536403656006,0.0,1.0,False,False,3.1405344009399414,,2.14786696434021,0.7022507786750793,1.0,2.805248737335205,0.0439453125,2.9361019134521484,0.06396484375,2.1858291625976562,0.721034049987793,1.0,2.863633394241333,0.048828125,2.97282075881958,0.068359375,,,,,,,
tune-M-w64-d50723-s702-g05-uniform,tune,M,64,50723,702,96102,5,uniform,0.0001,1.0,113408,20,,constant_weights,,590.0578680038452,0.0,1.0,False,False,3.1405344009399414,,2.0033276081085205,0.4012390375137329,1.0,2.7615201473236084,0.0439453125,2.8472230434417725,0.06396484375,2.0423202514648438,0.44106820225715637,1.0,2.8035130500793457,0.048828125,2.8823790550231934,0.068359375,,,,,,,
tune-M-w64-d50723-s702-g05-uniform,tune,M,64,50723,702,96102,5,uniform,0.0001,1.0,113408,30,,constant_weights,,648.3047957420349,0.0,1.0,False,False,3.1405344009399414,,1.889564037322998,0.19537632167339325,1.0,2.6873083114624023,0.0439453125,2.7860074043273926,0.06396484375,1.9251997470855713,0.20952948927879333,1.0,2.7320594787597656,0.0498046875,2.8340108394622803,0.068359375,,,,,,,
tune-U-w128-d48371-s701-g00-random,tune,U,128,48371,701,96101,0,random,1e-05,0.1,621696,0,,no_adaptation,,0.0,0.0,,False,False,1.8753772974014282,,1.8755297660827637,0.058973152190446854,1.0,2.7838056087493896,0.07275390625,2.7838101387023926,0.06591796875,1.8753772974014282,0.059151843190193176,1.0,2.7829742431640625,0.078125,2.784005641937256,0.0595703125,,,,,,,
tune-U-w128-d48371-s701-g00-random,tune,U,128,48371,701,96101,0,random,1e-05,0.1,621696,1,1.6338429616514554,,0.015665343776390613,0.35077786445617676,0.455078125,0.3125,False,False,1.8753772974014282,,1.8748445510864258,0.05879181623458862,1.0,2.7829325199127197,0.0732421875,2.782809257507324,0.06591796875,1.8749247789382935,0.058973558247089386,1.0,2.7832934856414795,0.076171875,2.7825069427490234,0.0595703125,,,,,,,
tune-U-w128-d48371-s701-g00-random,tune,U,128,48371,701,96101,0,random,1e-05,0.1,621696,3,2.002214110941465,,0.016245467868642307,0.801422119140625,0.451171875,0.3125,False,False,1.8753772974014282,,1.8739643096923828,0.05867018178105354,1.0,2.7806921005249023,0.064453125,2.7825305461883545,0.06640625,1.8749406337738037,0.05886650085449219,1.0,2.7838451862335205,0.0615234375,2.7821102142333984,0.064453125,,,,,,,
tune-U-w128-d48371-s701-g00-random,tune,U,128,48371,701,96101,0,random,1e-05,0.1,621696,5,1.5785261259919072,,0.007052095053472408,1.1834404468536377,0.439453125,0.35,False,False,1.8753772974014282,,1.8732181787490845,0.05845045670866966,1.0,2.7791497707366943,0.06689453125,2.7820544242858887,0.0634765625,1.8746644258499146,0.05864802747964859,1.0,2.783871650695801,0.0537109375,2.781473159790039,0.0693359375,,,,,,,
tune-U-w128-d48371-s701-g00-random,tune,U,128,48371,701,96101,0,random,1e-05,0.1,621696,10,0.7145131693088829,,0.00478315411219769,2.4354209899902344,0.408203125,0.4125,False,False,1.8753772974014282,,1.8707729578018188,0.05791252851486206,1.0,2.773956060409546,0.06689453125,2.7804503440856934,0.064453125,1.873353362083435,0.058095965534448624,1.0,2.7812087535858154,0.0615234375,2.7807552814483643,0.0712890625,,,,,,,
tune-U-w128-d48371-s701-g00-random,tune,U,128,48371,701,96101,0,random,1e-05,0.1,621696,20,0.6132013506657406,,0.0031487471520971234,5.237762689590454,0.37890625,0.49375,False,False,1.8753772974014282,,1.8652997016906738,0.05769331753253937,1.0,2.760211229324341,0.08837890625,2.777994394302368,0.06396484375,1.8709231615066528,0.05777011066675186,1.0,2.7745189666748047,0.060546875,2.780479907989502,0.0693359375,,,,,,,
tune-U-w128-d48371-s701-g00-random,tune,U,128,48371,701,96101,0,random,1e-05,0.1,621696,30,1.2886065117656558,,0.0015247618990930213,8.70651626586914,0.423828125,0.6020833333333333,False,False,1.8753772974014282,,1.8585247993469238,0.06236419826745987,1.0,2.7326276302337646,0.09130859375,2.7805824279785156,0.07177734375,1.8753163814544678,0.06238499656319618,1.0,2.7725110054016113,0.076171875,2.791053295135498,0.068359375,,,,,,,
tune-U-w128-d48371-s701-g00-uniform,tune,U,128,48371,701,96101,0,uniform,1e-05,0.1,621696,0,,no_adaptation,,0.0,0.0,,False,False,1.8753772974014282,,1.8755297660827637,0.058973152190446854,1.0,2.7838056087493896,0.07275390625,2.7838101387023926,0.06591796875,1.8753772974014282,0.059151843190193176,1.0,2.7829742431640625,0.078125,2.784005641937256,0.0595703125,,,,,,,
tune-U-w128-d48371-s701-g00-uniform,tune,U,128,48371,701,96101,0,uniform,1e-05,0.1,621696,1,,constant_weights,,0.9258004426956177,0.44140625,0.0,False,False,1.8753772974014282,,1.8737214803695679,0.05866497755050659,1.0,2.7811293601989746,0.072265625,2.781369686126709,0.06591796875,1.875508427619934,0.05885795131325722,1.0,2.7841014862060547,0.078125,2.7835662364959717,0.060546875,,,,,,,
tune-U-w128-d48371-s701-g00-uniform,tune,U,128,48371,701,96101,0,uniform,1e-05,0.1,621696,3,,constant_weights,,2.0189919471740723,0.359375,0.0,False,False,1.8753772974014282,,1.8715863227844238,0.05813401937484741,1.0,2.7768166065216064,0.08056640625,2.779808282852173,0.06982421875,1.8745322227478027,0.058332063257694244,1.0,2.782196521759033,0.080078125,2.783067226409912,0.0625,,,,,,,
tune-U-w128-d48371-s701-g00-uniform,tune,U,128,48371,701,96101,0,uniform,1e-05,0.1,621696,5,,constant_weights,,2.942482590675354,0.326171875,0.0,False,False,1.8753772974014282,,1.8697826862335205,0.05770869553089142,1.0,2.7733733654022217,0.08154296875,2.778265953063965,0.0712890625,1.8735102415084839,0.05789903551340103,1.0,2.7801716327667236,0.0791015625,2.7824597358703613,0.0625,,,,,,,
tune-U-w128-d48371-s701-g00-uniform,tune,U,128,48371,701,96101,0,uniform,1e-05,0.1,621696,10,,constant_weights,,5.200108647346497,0.22265625,0.0,False,False,1.8753772974014282,,1.865373134613037,0.056540392339229584,1.0,2.7644996643066406,0.08837890625,2.7750797271728516,0.072265625,1.8709509372711182,0.056723274290561676,1.0,2.774350166320801,0.087890625,2.7817792892456055,0.0654296875,,,,,,,
tune-U-w128-d48371-s701-g00-uniform,tune,U,128,48371,701,96101,0,uniform,1e-05,0.1,621696,20,,constant_weights,,13.141237258911133,0.173828125,0.0,False,False,1.8753772974014282,,1.8498632907867432,0.055987294763326645,1.0,2.724979877471924,0.0849609375,2.768622398376465,0.07275390625,1.8632287979125977,0.0561482235789299,1.0,2.750422477722168,0.0869140625,2.783115863800049,0.060546875,,,,,,,
tune-U-w128-d48371-s701-g00-uniform,tune,U,128,48371,701,96101,0,uniform,1e-05,0.1,621696,30,,constant_weights,,34.86670982837677,0.1796875,0.08125,False,False,1.8753772974014282,,1.807430624961853,0.06686518341302872,1.0,2.5934948921203613,0.107421875,2.761931896209717,0.07373046875,1.8462339639663696,0.0668211281299591,1.0,2.6768150329589844,0.091796875,2.7950658798217773,0.0595703125,,,,,,,
tune-U-w128-d48371-s701-g01-random,tune,U,128,48371,701,96101,1,random,1e-05,1.0,621696,0,,no_adaptation,,0.0,0.0,,False,False,1.8753772974014282,,1.8755297660827637,0.058973152190446854,1.0,2.7838056087493896,0.07275390625,2.7838101387023926,0.06591796875,1.8753772974014282,0.059151843190193176,1.0,2.7829742431640625,0.078125,2.784005641937256,0.0595703125,,,,,,,
tune-U-w128-d48371-s701-g01-random,tune,U,128,48371,701,96101,1,random,1e-05,1.0,621696,1,1.8984995246208194,,0.020494922639168394,0.3252899646759033,0.458984375,0.3125,False,False,1.8753772974014282,,1.8748944997787476,0.058904096484184265,1.0,2.7829501628875732,0.0732421875,2.7828288078308105,0.06591796875,1.8749748468399048,0.059085629880428314,1.0,2.7833118438720703,0.076171875,2.782526731491089,0.0595703125,,,,,,,
tune-U-w128-d48371-s701-g01-random,tune,U,128,48371,701,96101,1,random,1e-05,1.0,621696,3,2.387545380476943,,0.027866722183781254,0.7264317274093628,0.451171875,0.3125,False,False,1.8753772974014282,,1.8741106986999512,0.059006743133068085,1.0,2.7807400226593018,0.064453125,2.782585859298706,0.06640625,1.8750884532928467,0.05920284613966942,1.0,2.7838943004608154,0.0615234375,2.782167911529541,0.064453125,,,,,,,
tune-U-w128-d48371-s701-g01-random,tune,U,128,48371,701,96101,1,random,1e-05,1.0,621696,5,1.9589434148889424,,0.01073514324679973,1.0624711513519287,0.443359375,0.35,False,False,1.8753772974014282,,1.8734544515609741,0.05900299549102783,1.0,2.7792186737060547,0.0673828125,2.78214168548584,0.0634765625,1.8749024868011475,0.05920068174600601,1.0,2.7839412689208984,0.0546875,2.7815656661987305,0.068359375,,,,,,,
tune-U-w128-d48371-s701-g01-random,tune,U,128,48371,701,96101,1,random,1e-05,1.0,621696,10,0.8714175525515542,,0.004261546421987623,2.2068036794662476,0.416015625,0.4125,False,False,1.8753772974014282,,1.871219515800476,0.058991335332393646,1.0,2.7740578651428223,0.06689453125,2.780609607696533,0.064453125,1.8738017082214355,0.0591764897108078,1.0,2.7813053131103516,0.0615234375,2.78092360496521,0.0712890625,,,,,,,
tune-U-w128-d48371-s701-g01-random,tune,U,128,48371,701,96101,1,random,1e-05,1.0,621696,20,0.7093963705454889,,0.00274218073281268,4.8256995677948,0.40234375,0.49375,False,False,1.8753772974014282,,1.8661043643951416,0.05980061739683151,1.0,2.760222911834717,0.08837890625,2.778289794921875,0.0625,1.8717200756072998,0.059875790029764175,1.0,2.77451753616333,0.060546875,2.7807672023773193,0.068359375,,,,,,,
tune-U-w128-d48371-s701-g01-random,tune,U,128,48371,701,96101,1,random,1e-05,1.0,621696,30,1.508558799456981,,0.00407263729433136,8.00985872745514,0.435546875,0.6041666666666666,False,False,1.8753772974014282,,1.8598854541778564,0.0656304806470871,1.0,2.7328457832336426,0.08935546875,2.781179904937744,0.072265625,1.8764604330062866,0.06562983244657516,1.0,2.77213716506958,0.0771484375,2.791614532470703,0.0693359375,,,,,,,
tune-U-w128-d48371-s701-g01-uniform,tune,U,128,48371,701,96101,1,uniform,1e-05,1.0,621696,0,,no_adaptation,,0.0,0.0,,False,False,1.8753772974014282,,1.8755297660827637,0.058973152190446854,1.0,2.7838056087493896,0.07275390625,2.7838101387023926,0.06591796875,1.8753772974014282,0.059151843190193176,1.0,2.7829742431640625,0.078125,2.784005641937256,0.0595703125,,,,,,,
tune-U-w128-d48371-s701-g01-uniform,tune,U,128,48371,701,96101,1,uniform,1e-05,1.0,621696,1,,constant_weights,,0.9004595279693604,0.4453125,0.0,False,False,1.8753772974014282,,1.873771071434021,0.05877621844410896,1.0,2.781146764755249,0.072265625,2.7813894748687744,0.06591796875,1.8755583763122559,0.05896943062543869,1.0,2.7841198444366455,0.078125,2.783585786819458,0.060546875,,,,,,,
tune-U-w128-d48371-s701-g01-uniform,tune,U,128,48371,701,96101,1,uniform,1e-05,1.0,621696,3,,constant_weights,,1.9451954364776611,0.365234375,0.0,False,False,1.8753772974014282,,1.8717304468154907,0.058463118970394135,1.0,2.7768630981445312,0.08056640625,2.779865026473999,0.06982421875,1.8746767044067383,0.0586620569229126,1.0,2.7822446823120117,0.080078125,2.783123731613159,0.0625,,,,,,,
tune-U-w128-d48371-s701-g01-uniform,tune,U,128,48371,701,96101,1,uniform,1e-05,1.0,621696,5,,constant_weights,,2.822605013847351,0.33203125,0.0,False,False,1.8753772974014282,,1.8700166940689087,0.05825059860944748,1.0,2.7734415531158447,0.0810546875,2.778357982635498,0.07177734375,1.8737448453903198,0.05844246968626976,1.0,2.7802414894104004,0.0791015625,2.782550811767578,0.0625,,,,,,,
tune-U-w128-d48371-s701-g01-uniform,tune,U,128,48371,701,96101,1,uniform,1e-05,1.0,621696,10,,constant_weights,,4.973970890045166,0.234375,0.0,False,False,1.8753772974014282,,1.8658149242401123,0.05758965015411377,1.0,2.7646005153656006,0.087890625,2.775254487991333,0.07177734375,1.871390461921692,0.05777563899755478,1.0,2.7744500637054443,0.0869140625,2.781944990158081,0.0654296875,,,,,,,
tune-U-w128-d48371-s701-g01-uniform,tune,U,128,48371,701,96101,1,uniform,1e-05,1.0,621696,20,,constant_weights,,12.709068536758423,0.189453125,0.0,False,False,1.8753772974014282,,1.8507071733474731,0.05799952894449234,1.0,2.725145101547241,0.08447265625,2.768977165222168,0.07177734375,1.8640100955963135,0.058164339512586594,1.0,2.7504618167877197,0.0859375,2.783404588699341,0.0595703125,,,,,,,
tune-U-w128-d48371-s701-g01-uniform,tune,U,128,48371,701,96101,1,uniform,1e-05,1.0,621696,30,,constant_weights,,33.941513895988464,0.1796875,0.07916666666666666,False,False,1.8753772974014282,,1.8092377185821533,0.06994503736495972,1.0,2.595275402069092,0.10546875,2.7624921798706055,0.0732421875,1.84747314453125,0.06991417706012726,1.0,2.67708420753479,0.09375,2.7954213619232178,0.05859375,,,,,,,
tune-U-w128-d48371-s701-g02-random,tune,U,128,48371,701,96101,2,random,3e-05,0.1,621696,0,,no_adaptation,,0.0,0.0,,False,False,1.8753772974014282,,1.8755297660827637,0.058973152190446854,1.0,2.7838056087493896,0.07275390625,2.7838101387023926,0.06591796875,1.8753772974014282,0.059151843190193176,1.0,2.7829742431640625,0.078125,2.784005641937256,0.0595703125,,,,,,,
tune-U-w128-d48371-s701-g02-random,tune,U,128,48371,701,96101,2,random,3e-05,0.1,621696,1,8.0,,2.48752082486081,0.22208404541015625,0.46875,0.4375,False,True,1.8753772974014282,,1.8750959634780884,0.05904875323176384,1.0,2.782902717590332,0.06103515625,2.7833361625671387,0.0595703125,1.8755674362182617,0.05921853333711624,1.0,2.7852776050567627,0.0576171875,2.782205581665039,0.064453125,,,,,,,
tune-U-w128-d48371-s701-g02-random,tune,U,128,48371,701,96101,2,random,3e-05,0.1,621696,3,1.9054053924544174,,0.012919895424929198,1.5443289279937744,0.443359375,0.375,False,False,1.8753772974014282,,1.8725134134292603,0.0583263523876667,1.0,2.776778221130371,0.06494140625,2.782435655593872,0.06298828125,1.874658226966858,0.05850730836391449,1.0,2.7830066680908203,0.0576171875,2.782461166381836,0.0693359375,,,,,,,
tune-U-w128-d48371-s701-g02-random,tune,U,128,48371,701,96101,2,random,3e-05,0.1,621696,5,0.612190813474331,,0.005489577827826424,3.4802545309066772,0.408203125,0.4,False,False,1.8753772974014282,,1.8687323331832886,0.057669658213853836,1.0,2.769582509994507,0.06591796875,2.778944969177246,0.06640625,1.8722583055496216,0.057809606194496155,1.0,2.7794084548950195,0.064453125,2.779557228088379,0.07421875,,,,,,,
tune-U-w128-d48371-s701-g02-random,tune,U,128,48371,701,96101,2,random,3e-05,0.1,621696,10,0.708405748423578,,0.0013028161325343783,8.810498476028442,0.37109375,0.525,False,False,1.8753772974014282,,1.8583216667175293,0.05948304012417793,1.0,2.7374727725982666,0.08935546875,2.7780094146728516,0.0703125,1.870473861694336,0.05950517952442169,1.0,2.767164707183838,0.0810546875,2.7847514152526855,0.068359375,,,,,,,
tune-U-w128-d48371-s701-g02-random,tune,U,128,48371,701,96101,2,random,3e-05,0.1,621696,20,3.5537507126946246,,0.2196001395780763,16.667421102523804,0.423828125,0.74375,False,False,1.8753772974014282,,1.8429760932922363,0.08407159149646759,1.0,2.632077932357788,0.12646484375,2.812778949737549,0.08056640625,1.914716124534607,0.08335813134908676,1.0,2.7628355026245117,0.091796875,2.8979549407958984,0.0673828125,,,,,,,
tune-U-w128-d48371-s701-g02-random,tune,U,128,48371,701,96101,2,random,3e-05,0.1,621696,30,4.995467408346964,,0.49759435312465755,25.326756477355957,0.48046875,0.8291666666666667,False,False,1.8753772974014282,,1.8260633945465088,0.08865617960691452,1.0,2.5258026123046875,0.2001953125,2.8637313842773438,0.10498046875,1.9856784343719482,0.087477907538414,1.0,2.82881498336792,0.1064453125,3.0407423973083496,0.0634765625,,,,,,,
tune-U-w128-d48371-s701-g02-uniform,tune,U,128,48371,701,96101,2,uniform,3e-05,0.1,621696,0,,no_adaptation,,0.0,0.0,,False,False,1.8753772974014282,,1.8755297660827637,0.058973152190446854,1.0,2.7838056087493896,0.07275390625,2.7838101387023926,0.06591796875,1.8753772974014282,0.059151843190193176,1.0,2.7829742431640625,0.078125,2.784005641937256,0.0595703125,,,,,,,
tune-U-w128-d48371-s701-g02-uniform,tune,U,128,48371,701,96101,2,uniform,3e-05,0.1,621696,1,,constant_weights,,1.8480467796325684,0.4140625,0.0,False,False,1.8753772974014282,,1.871920108795166,0.058462560176849365,1.0,2.7773876190185547,0.08935546875,2.7799105644226074,0.0732421875,1.8756146430969238,0.05865703150629997,1.0,2.7839736938476562,0.0849609375,2.784212827682495,0.0654296875,,,,,,,
tune-U-w128-d48371-s701-g02-uniform,tune,U,128,48371,701,96101,2,uniform,3e-05,0.1,621696,3,,constant_weights,,4.466541409492493,0.279296875,0.0,False,False,1.8753772974014282,,1.8668060302734375,0.057077016681432724,1.0,2.767703056335449,0.08447265625,2.775637626647949,0.07177734375,1.8718217611312866,0.05725996941328049,1.0,2.7760462760925293,0.087890625,2.782158374786377,0.0615234375,,,,,,,
tune-U-w128-d48371-s701-g02-uniform,tune,U,128,48371,701,96101,2,uniform,3e-05,0.1,621696,5,,constant_weights,,7.386212229728699,0.20703125,0.0,False,False,1.8753772974014282,,1.8611034154891968,0.055524617433547974,1.0,2.7553982734680176,0.09423828125,2.7723875045776367,0.07421875,1.868593454360962,0.05572139471769333,1.0,2.7681331634521484,0.07421875,2.781925916671753,0.060546875,,,,,,,
tune-U-w128-d48371-s701-g02-uniform,tune,U,128,48371,701,96101,2,uniform,3e-05,0.1,621696,10,,constant_weights,,25.727545261383057,0.16015625,0.01875,False,False,1.8753772974014282,,1.8252804279327393,0.061497919261455536,1.0,2.652125358581543,0.087890625,2.7622179985046387,0.07275390625,1.8499377965927124,0.06158735603094101,1.0,2.6985960006713867,0.083984375,2.7896299362182617,0.05859375,,,,,,,
tune-U-w128-d48371-s701-g02-uniform,tune,U,128,48371,701,96101,2,uniform,3e-05,0.1,621696,20,,constant_weights,,94.06788182258606,0.078125,0.471875,False,False,1.8753772974014282,,1.691803216934204,0.06304682046175003,1.0,2.258253574371338,0.25,2.7541093826293945,0.08447265625,1.7967959642410278,0.06405405700206757,1.0,2.5058212280273438,0.15625,2.820512533187866,0.0654296875,,,,,,,
tune-U-w128-d48371-s701-g02-uniform,tune,U,128,48371,701,96101,2,uniform,3e-05,0.1,621696,30,,constant_weights,,137.27395296096802,0.033203125,0.6479166666666667,False,False,1.8753772974014282,,1.6074165105819702,0.05399973690509796,1.0,2.040363311767578,0.33740234375,2.727886199951172,0.09814453125,1.7841042280197144,0.05453997105360031,1.0,2.467585563659668,0.19140625,2.8301868438720703,0.060546875,,,,,,,
tune-U-w128-d48371-s701-g03-random,tune,U,128,48371,701,96101,3,random,3e-05,1.0,621696,0,,no_adaptation,,0.0,0.0,,False,False,1.8753772974014282,,1.8755297660827637,0.058973152190446854,1.0,2.7838056087493896,0.07275390625,2.7838101387023926,0.06591796875,1.8753772974014282,0.059151843190193176,1.0,2.7829742431640625,0.078125,2.784005641937256,0.0595703125,,,,,,,
tune-U-w128-d48371-s701-g03-random,tune,U,128,48371,701,96101,3,random,3e-05,1.0,621696,1,8.0,,7.112596768583133,0.14551806449890137,0.46875,0.4375,False,True,1.8753772974014282,,1.875245451927185,0.059392984956502914,1.0,2.7829508781433105,0.0615234375,2.7833924293518066,0.06005859375,1.8757178783416748,0.05955987423658371,1.0,2.7853283882141113,0.0576171875,2.7822651863098145,0.064453125,,,,,,,
tune-U-w128-d48371-s701-g03-random,tune,U,128,48371,701,96101,3,random,3e-05,1.0,621696,3,2.441410554585482,,0.03113400382954911,1.33642578125,0.451171875,0.375,False,False,1.8753772974014282,,1.8729194402694702,0.05930812656879425,1.0,2.7768731117248535,0.06494140625,2.7825770378112793,0.06298828125,1.8750677108764648,0.059490006417036057,1.0,2.783102512359619,0.05859375,2.7826108932495117,0.0703125,,,,,,,
tune-U-w128-d48371-s701-g03-random,tune,U,128,48371,701,96101,3,random,3e-05,1.0,621696,5,0.7370715751396024,,0.005112041918461671,3.150569438934326,0.4140625,0.4,False,False,1.8753772974014282,,1.8693761825561523,0.05927421152591705,1.0,2.7696824073791504,0.06591796875,2.77917218208313,0.06591796875,1.872902512550354,0.05941476300358772,1.0,2.779496908187866,0.0625,2.7797956466674805,0.0732421875,,,,,,,
tune-U-w128-d48371-s701-g03-random,tune,U,128,48371,701,96101,3,random,3e-05,1.0,621696,10,0.814192913568726,,0.0009106969597645999,8.173336029052734,0.38671875,0.525,False,False,1.8753772974014282,,1.85956609249115,0.062678262591362,1.0,2.7375402450561523,0.09033203125,2.778480052947998,0.0712890625,1.8716201782226562,0.06268791854381561,1.0,2.7669641971588135,0.08203125,2.7852089405059814,0.06640625,,,,,,,
tune-U-w128-d48371-s701-g03-random,tune,U,128,48371,701,96101,3,random,3e-05,1.0,621696,20,3.9649750709497256,,0.2935245998569823,15.15310525894165,0.439453125,0.74375,False,False,1.8753772974014282,,1.8459336757659912,0.0911874771118164,1.0,2.633464813232422,0.12548828125,2.8131487369537354,0.08056640625,1.915597915649414,0.09048821032047272,1.0,2.7592387199401855,0.0908203125,2.897066593170166,0.0673828125,,,,,,,
tune-U-w128-d48371-s701-g03-random,tune,U,128,48371,701,96101,3,random,3e-05,1.0,621696,30,5.231026287013947,,0.5527462338899065,23.897332966327667,0.482421875,0.8291666666666667,False,False,1.8753772974014282,,1.8288551568984985,0.0990338921546936,1.0,2.526374578475952,0.197265625,2.861157178878784,0.10302734375,1.9823771715164185,0.09790637344121933,1.0,2.817431688308716,0.107421875,3.0317931175231934,0.064453125,,,,,,,
tune-U-w128-d48371-s701-g03-uniform,tune,U,128,48371,701,96101,3,uniform,3e-05,1.0,621696,0,,no_adaptation,,0.0,0.0,,False,False,1.8753772974014282,,1.8755297660827637,0.058973152190446854,1.0,2.7838056087493896,0.07275390625,2.7838101387023926,0.06591796875,1.8753772974014282,0.059151843190193176,1.0,2.7829742431640625,0.078125,2.784005641937256,0.0595703125,,,,,,,
tune-U-w128-d48371-s701-g03-uniform,tune,U,128,48371,701,96101,3,uniform,3e-05,1.0,621696,1,,constant_weights,,1.7740167379379272,0.41796875,0.0,False,False,1.8753772974014282,,1.8720648288726807,0.058791883289813995,1.0,2.7774343490600586,0.08935546875,2.77996826171875,0.0732421875,1.8757596015930176,0.058987464755773544,1.0,2.7840218544006348,0.0849609375,2.7842695713043213,0.0654296875,,,,,,,
tune-U-w128-d48371-s701-g03-uniform,tune,U,128,48371,701,96101,3,uniform,3e-05,1.0,621696,3,,constant_weights,,4.259263277053833,0.287109375,0.0,False,False,1.8753772974014282,,1.867210865020752,0.058036644011735916,1.0,2.767801284790039,0.08447265625,2.775794267654419,0.07177734375,1.8722279071807861,0.058222346007823944,1.0,2.7761495113372803,0.087890625,2.7823123931884766,0.0615234375,,,,,,,
tune-U-w128-d48371-s701-g03-uniform,tune,U,128,48371,701,96101,3,uniform,3e-05,1.0,621696,5,,constant_weights,,7.064465522766113,0.220703125,0.0,False,False,1.8753772974014282,,1.8617318868637085,0.05705858767032623,1.0,2.755493640899658,0.09326171875,2.772643566131592,0.07421875,1.869215965270996,0.05725959688425064,1.0,2.768237590789795,0.076171875,2.7821507453918457,0.0615234375,,,,,,,
tune-U-w128-d48371-s701-g03-uniform,tune,U,128,48371,701,96101,3,uniform,3e-05,1.0,621696,10,,constant_weights,,24.900749564170837,0.166015625,0.025,False,False,1.8753772974014282,,1.8268953561782837,0.06462222337722778,1.0,2.6533403396606445,0.08740234375,2.762723445892334,0.0732421875,1.8512287139892578,0.06472940742969513,1.0,2.6990714073181152,0.083984375,2.789884567260742,0.0576171875,,,,,,,
tune-U-w128-d48371-s701-g03-uniform,tune,U,128,48371,701,96101,3,uniform,3e-05,1.0,621696,20,,constant_weights,,92.14607763290405,0.083984375,0.46875,False,False,1.8753772974014282,,1.6955567598342896,0.06843085587024689,1.0,2.263303518295288,0.248046875,2.754936456680298,0.08349609375,1.7992632389068604,0.06947966665029526,1.0,2.5070080757141113,0.15625,2.8213014602661133,0.0654296875,,,,,,,
tune-U-w128-d48371-s701-g03-uniform,tune,U,128,48371,701,96101,3,uniform,3e-05,1.0,621696,30,,constant_weights,,134.074733376503,0.041015625,0.6458333333333334,False,False,1.8753772974014282,,1.6136651039123535,0.06132277101278305,1.0,2.050518035888672,0.3349609375,2.729154348373413,0.0966796875,1.7871960401535034,0.06189752742648125,1.0,2.4683985710144043,0.1806640625,2.831292152404785,0.060546875,,,,,,,
tune-U-w128-d48371-s701-g04-random,tune,U,128,48371,701,96101,4,random,0.0001,0.1,621696,0,,no_adaptation,,0.0,0.0,,False,False,1.8753772974014282,,1.8755297660827637,0.058973152190446854,1.0,2.7838056087493896,0.07275390625,2.7838101387023926,0.06591796875,1.8753772974014282,0.059151843190193176,1.0,2.7829742431640625,0.078125,2.784005641937256,0.0595703125,,,,,,,
tune-U-w128-d48371-s701-g04-random,tune,U,128,48371,701,96101,4,random,0.0001,0.1,621696,1,,nonpositive_total_gain,,-0.2966252565383911,0.50390625,0.5625,False,False,1.8753772974014282,,1.876109004020691,0.060802266001701355,1.0,2.7804832458496094,0.0703125,2.787041425704956,0.068359375,1.8771122694015503,0.06106279045343399,1.0,2.7865407466888428,0.0673828125,2.7837328910827637,0.080078125,,,,,,,
tune-U-w128-d48371-s701-g04-random,tune,U,128,48371,701,96101,4,random,0.0001,0.1,621696,3,0.7026166105137273,,0.002781214592910651,5.794253468513489,0.380859375,0.5208333333333334,False,False,1.8753772974014282,,1.8642127513885498,0.05682525038719177,1.0,2.757375717163086,0.0908203125,2.778437614440918,0.06494140625,1.8700045347213745,0.05696318298578262,1.0,2.772115468978882,0.0712890625,2.7809345722198486,0.07421875,,,,,,,
tune-U-w128-d48371-s701-g04-random,tune,U,128,48371,701,96101,4,random,0.0001,0.1,621696,5,1.5941943508353051,,0.006262660114881039,10.827317476272583,0.416015625,0.625,False,False,1.8753772974014282,,1.8543825149536133,0.06290511041879654,1.0,2.7147512435913086,0.10205078125,2.7854912281036377,0.07421875,1.878933310508728,0.06311294436454773,1.0,2.7653677463531494,0.0712890625,2.808319091796875,0.072265625,,,,,,,
tune-U-w128-d48371-s701-g04-random,tune,U,128,48371,701,96101,4,random,0.0001,0.1,621696,10,2.4316381863230667,,0.07054618671983788,30.427871823310852,0.40625,0.80625,False,False,1.8753772974014282,,1.8161003589630127,0.09165805578231812,1.0,2.528057336807251,0.18408203125,2.828585386276245,0.09033203125,1.9225704669952393,0.08943256735801697,1.0,2.742539405822754,0.1181640625,2.935739278793335,0.072265625,,,,,,,
tune-U-w128-d48371-s701-g04-random,tune,U,128,48371,701,96101,4,random,0.0001,0.1,621696,20,6.741668665881782,,1.4315707179980668,36.91397976875305,0.494140625,0.903125,False,False,1.8753772974014282,,1.8034321069717407,0.07117457687854767,1.0,2.429729700088501,0.2783203125,2.9093918800354004,0.15966796875,2.1485843658447266,0.07108347862958908,1.0,3.0274977684020996,0.1298828125,3.3471713066101074,0.0615234375,,,,,,,
tune-U-w128-d48371-s701-g04-random,tune,U,128,48371,701,96101,4,random,0.0001,0.1,621696,30,6.136353260581186,,1.9123792848143149,53.62863230705261,0.53515625,0.9354166666666667,False,False,1.8753772974014282,,1.7707862854003906,0.06135458126664162,0.99951171875,2.3633873462677,0.34619140625,2.8876166343688965,0.2333984375,2.356534242630005,0.06292480230331421,1.0,3.2834396362304688,0.1259765625,3.723238468170166,0.0625,,,,,,,
tune-U-w128-d48371-s701-g04-uniform,tune,U,128,48371,701,96101,4,uniform,0.0001,0.1,621696,0,,no_adaptation,,0.0,0.0,,False,False,1.8753772974014282,,1.8755297660827637,0.058973152190446854,1.0,2.7838056087493896,0.07275390625,2.7838101387023926,0.06591796875,1.8753772974014282,0.059151843190193176,1.0,2.7829742431640625,0.078125,2.784005641937256,0.0595703125,,,,,,,
tune-U-w128-d48371-s701-g04-uniform,tune,U,128,48371,701,96101,4,uniform,0.0001,0.1,621696,1,,constant_weights,,2.5974366664886475,0.408203125,0.0,False,False,1.8753772974014282,,1.8704564571380615,0.05928812921047211,1.0,2.768937110900879,0.09814453125,2.783144474029541,0.06982421875,1.8734346628189087,0.05949823930859566,1.0,2.7750556468963623,0.0859375,2.785749912261963,0.076171875,,,,,,,
tune-U-w128-d48371-s701-g04-uniform,tune,U,128,48371,701,96101,4,uniform,0.0001,0.1,621696,3,,constant_weights,,16.24192476272583,0.2109375,0.0,False,False,1.8753772974014282,,1.8438072204589844,0.054615940898656845,1.0,2.7069711685180664,0.095703125,2.769834280014038,0.072265625,1.8609777688980103,0.05495360493659973,1.0,2.740476131439209,0.0859375,2.787503242492676,0.05859375,,,,,,,
tune-U-w128-d48371-s701-g04-uniform,tune,U,128,48371,701,96101,4,uniform,0.0001,0.1,621696,5,,constant_weights,,45.388662815093994,0.126953125,0.1375,False,False,1.8753772974014282,,1.7868798971176147,0.07405052334070206,1.0,2.527921676635742,0.13427734375,2.7586677074432373,0.076171875,1.831979513168335,0.07426141202449799,1.0,2.6179306507110596,0.1064453125,2.8037469387054443,0.0595703125,,,,,,,
tune-U-w128-d48371-s701-g04-uniform,tune,U,128,48371,701,96101,4,uniform,0.0001,0.1,621696,10,,constant_weights,,120.52907586097717,0.041015625,0.56875,False,False,1.8753772974014282,,1.6401212215423584,0.05453670769929886,1.0,2.1277809143066406,0.298828125,2.738046169281006,0.09814453125,1.7609889507293701,0.05535568669438362,1.0,2.414024829864502,0.189453125,2.8135862350463867,0.0595703125,,,,,,,
tune-U-w128-d48371-s701-g04-uniform,tune,U,128,48371,701,96101,4,uniform,0.0001,0.1,621696,20,,constant_weights,,217.28698801994324,0.01171875,0.784375,False,False,1.8753772974014282,,1.451141119003296,0.04466623067855835,1.0,1.6550310850143433,0.47216796875,2.6537256240844727,0.13134765625,1.8080097436904907,0.045355506241321564,1.0,2.5185959339141846,0.1806640625,2.8600776195526123,0.056640625,,,,,,,
tune-U-w128-d48371-s701-g04-uniform,tune,U,128,48371,701,96101,4,uniform,0.0001,0.1,621696,30,,constant_weights,,324.52585422992706,0.001953125,0.85625,False,False,1.8753772974014282,,1.2416900396347046,0.04397416487336159,1.0,1.1916708946228027,0.65966796875,2.4894251823425293,0.189453125,1.9351468086242676,0.045198701322078705,1.0,2.7682716846466064,0.17578125,2.9919703006744385,0.0595703125,,,,,,,
tune-U-w128-d48371-s701-g05-random,tune,U,128,48371,701,96101,5,random,0.0001,1.0,621696,0,,no_adaptation,,0.0,0.0,,False,False,1.8753772974014282,,1.8755297660827637,0.058973152190446854,1.0,2.7838056087493896,0.07275390625,2.7838101387023926,0.06591796875,1.8753772974014282,0.059151843190193176,1.0,2.7829742431640625,0.078125,2.784005641937256,0.0595703125,,,,,,,
tune-U-w128-d48371-s701-g05-random,tune,U,128,48371,701,96101,5,random,0.0001,1.0,621696,1,,nonpositive_total_gain,,-0.524059534072876,0.51171875,0.5625,False,False,1.8753772974014282,,1.8765530586242676,0.06189953163266182,1.0,2.7805702686309814,0.07080078125,2.7871899604797363,0.068359375,1.8775644302368164,0.062163520604372025,1.0,2.7866439819335938,0.0673828125,2.7838854789733887,0.080078125,,,,,,,
tune-U-w128-d48371-s701-g05-random,tune,U,128,48371,701,96101,5,random,0.0001,1.0,621696,3,0.8468006531704555,,0.0021496061850031652,5.246840238571167,0.396484375,0.5208333333333334,False,False,1.8753772974014282,,1.8652819395065308,0.059857673943042755,1.0,2.7571191787719727,0.09033203125,2.778869152069092,0.06591796875,1.871079444885254,0.05999954789876938,1.0,2.7719669342041016,0.072265625,2.7812719345092773,0.07421875,,,,,,,
tune-U-w128-d48371-s701-g05-random,tune,U,128,48371,701,96101,5,random,0.0001,1.0,621696,5,1.7998646465336012,,0.011673281724379573,10.033348441123962,0.41796875,0.625,False,False,1.8753772974014282,,1.8559331893920898,0.06830547749996185,1.0,2.7139391899108887,0.10498046875,2.785555362701416,0.07275390625,1.8797446489334106,0.06853330135345459,1.0,2.762397289276123,0.0751953125,2.808302879333496,0.0712890625,,,,,,,
tune-U-w128-d48371-s701-g05-random,tune,U,128,48371,701,96101,5,random,0.0001,1.0,621696,10,2.5259873815298137,,0.08014415829009358,28.83899223804474,0.4140625,0.80625,False,False,1.8753772974014282,,1.819203495979309,0.10308163613080978,1.0,2.527723789215088,0.1806640625,2.8268051147460938,0.08935546875,1.9216628074645996,0.10055935382843018,1.0,2.735008478164673,0.1201171875,2.9294207096099854,0.078125,,,,,,,
tune-U-w128-d48371-s701-g05-random,tune,U,128,48371,701,96101,5,random,0.0001,1.0,621696,20,5.515064759509776,,0.8955097869060944,40.778592467308044,0.484375,0.903125,False,False,1.8753772974014282,,1.7958838939666748,0.09003612399101257,1.0,2.4152605533599854,0.27392578125,2.882355213165283,0.1669921875,2.118534803390503,0.08996173739433289,1.0,2.983096122741699,0.1240234375,3.2825469970703125,0.0595703125,,,,,,,
tune-U-w128-d48371-s701-g05-random,tune,U,128,48371,701,96101,5,random,0.0001,1.0,621696,30,6.38637905423012,,1.9897218551578941,48.96900349855423,0.53515625,0.9354166666666667,False,False,1.8753772974014282,,1.7798871994018555,0.08618200570344925,0.99951171875,2.37965726852417,0.33251953125,2.8738222122192383,0.224609375,2.3055388927459717,0.08863095939159393,1.0,3.200767755508423,0.1279296875,3.6272170543670654,0.0546875,,,,,,,
tune-U-w128-d48371-s701-g05-uniform,tune,U,128,48371,701,96101,5,uniform,0.0001,1.0,621696,0,,no_adaptation,,0.0,0.0,,False,False,1.8753772974014282,,1.8755297660827637,0.058973152190446854,1.0,2.7838056087493896,0.07275390625,2.7838101387023926,0.06591796875,1.8753772974014282,0.059151843190193176,1.0,2.7829742431640625,0.078125,2.784005641937256,0.0595703125,,,,,,,
tune-U-w128-d48371-s701-g05-uniform,tune,U,128,48371,701,96101,5,uniform,0.0001,1.0,621696,1,,constant_weights,,2.370020627975464,0.4140625,0.0,False,False,1.8753772974014282,,1.8709008693695068,0.06037338078022003,1.0,2.769033908843994,0.09619140625,2.783294916152954,0.0703125,1.8738822937011719,0.06058814004063606,1.0,2.775160312652588,0.0849609375,2.7858986854553223,0.076171875,,,,,,,
tune-U-w128-d48371-s701-g05-uniform,tune,U,128,48371,701,96101,5,uniform,0.0001,1.0,621696,3,,constant_weights,,15.630692601203918,0.224609375,0.0,False,False,1.8753772974014282,,1.8450008630752563,0.05761423334479332,1.0,2.7071621417999268,0.09521484375,2.77022647857666,0.07177734375,1.8620877265930176,0.05797187238931656,1.0,2.7403595447540283,0.0859375,2.787931442260742,0.0576171875,,,,,,,
tune-U-w128-d48371-s701-g05-uniform,tune,U,128,48371,701,96101,5,uniform,0.0001,1.0,621696,5,,constant_weights,,43.89332735538483,0.140625,0.1375,False,False,1.8753772974014282,,1.7898005247116089,0.07848325371742249,1.0,2.5317747592926025,0.130859375,2.759143352508545,0.07666015625,1.8341848850250244,0.07870963960886002,1.0,2.6198537349700928,0.10546875,2.8039913177490234,0.0595703125,,,,,,,
tune-U-w128-d48371-s701-g05-uniform,tune,U,128,48371,701,96101,5,uniform,0.0001,1.0,621696,10,,constant_weights,,117.02609717845917,0.044921875,0.56875,False,False,1.8753772974014282,,1.6469630002975464,0.06224561482667923,1.0,2.139523983001709,0.298828125,2.7391197681427,0.09765625,1.7645413875579834,0.06321899592876434,1.0,2.416062831878662,0.19140625,2.814342498779297,0.060546875,,,,,,,
tune-U-w128-d48371-s701-g05-uniform,tune,U,128,48371,701,96101,5,uniform,0.0001,1.0,621696,20,,constant_weights,,207.43330371379852,0.009765625,0.784375,False,False,1.8753772974014282,,1.4703865051269531,0.05697052180767059,1.0,1.6980277299880981,0.4638671875,2.656161308288574,0.12939453125,1.8067103624343872,0.057808056473731995,1.0,2.5054922103881836,0.1728515625,2.8568310737609863,0.05859375,,,,,,,
tune-U-w128-d48371-s701-g05-uniform,tune,U,128,48371,701,96101,5,uniform,0.0001,1.0,621696,30,,constant_weights,,304.7377453446388,0.00390625,0.85625,False,False,1.8753772974014282,,1.2803387641906738,0.05941382795572281,1.0,1.2761390209197998,0.63720703125,2.5054633617401123,0.1875,1.9273943901062012,0.06106744334101677,1.0,2.7363362312316895,0.1640625,2.9847795963287354,0.0625,,,,,,,
tune-U-w128-d50723-s702-g00-random,tune,U,128,50723,702,96102,0,random,1e-05,0.1,621696,0,,no_adaptation,,0.0,0.0,,False,False,1.8766868114471436,,1.8769004344940186,0.059556785970926285,1.0,2.7867541313171387,0.0439453125,2.7843902111053467,0.06396484375,1.8766868114471436,0.05966997891664505,1.0,2.786829948425293,0.048828125,2.783560276031494,0.068359375,,,,,,,
tune-U-w128-d50723-s702-g00-random,tune,U,128,50723,702,96102,0,random,1e-05,0.1,621696,1,0.35982291461834737,,0.0017700453645258887,0.6177750825881958,0.4296875,0.5625,False,False,1.8766868114471436,,1.875693917274475,0.05935268476605415,1.0,2.785703420639038,0.04150390625,2.7820258140563965,0.0625,1.8767554759979248,0.0595363974571228,1.0,2.786133050918579,0.0458984375,2.784597396850586,0.064453125,,,,,,,
tune-U-w128-d50723-s702-g00-random,tune,U,128,50723,702,96102,0,random,1e-05,0.1,621696,3,1.4272404467551953,,0.044691536967494484,0.7345695495605469,0.44921875,0.5,False,False,1.8766868114471436,,1.875465750694275,0.0591818131506443,1.0,2.78582501411438,0.04931640625,2.7813901901245117,0.068359375,1.8770912885665894,0.05959814041852951,1.0,2.785717248916626,0.052734375,2.7859585285186768,0.064453125,,,,,,,
tune-U-w128-d50723-s702-g00-random,tune,U,128,50723,702,96102,0,random,1e-05,0.1,621696,5,1.2143746050111943,,0.01654304436365694,1.0799521207809448,0.44921875,0.4625,False,False,1.8766868114471436,,1.874791145324707,0.05891190469264984,1.0,2.7846531867980957,0.05322265625,2.780808210372925,0.0693359375,1.8768361806869507,0.05927878990769386,1.0,2.7848386764526367,0.0556640625,2.786390781402588,0.0654296875,,,,,,,
tune-U-w128-d50723-s702-g00-random,tune,U,128,50723,702,96102,0,random,1e-05,0.1,621696,10,0.6729026448543776,,0.0012104155785404667,2.1902167797088623,0.40625,0.45625,False,False,1.8766868114471436,,1.8726227283477783,0.058383453637361526,1.0,2.780625581741333,0.05712890625,2.7788589000701904,0.06640625,1.875652551651001,0.05859386920928955,1.0,2.782060384750366,0.060546875,2.786303997039795,0.064453125,,,,,,,
tune-U-w128-d50723-s702-g00-random,tune,U,128,50723,702,96102,0,random,1e-05,0.1,621696,20,0.6402921314539121,,0.0010459150224052974,4.38616156578064,0.376953125,0.453125,False,False,1.8766868114471436,,1.8683335781097412,0.0580713227391243,1.0,2.7707509994506836,0.060546875,2.7761783599853516,0.0634765625,1.8741263151168823,0.05817760154604912,1.0,2.775890827178955,0.0546875,2.7883105278015137,0.0654296875,,,,,,,
tune-U-w128-d50723-s702-g00-random,tune,U,128,50723,702,96102,0,random,1e-05,0.1,621696,30,1.7029897463722157,,0.008552023717433984,6.615870237350464,0.4453125,0.5520833333333334,False,False,1.8766868114471436,,1.8639787435531616,0.06307770311832428,1.0,2.750006675720215,0.05224609375,2.7788517475128174,0.064453125,1.8795069456100464,0.06324826925992966,1.0,2.773857593536377,0.048828125,2.801414728164673,0.0703125,,,,,,,
tune-U-w128-d50723-s702-g00-uniform,tune,U,128,50723,702,96102,0,uniform,1e-05,0.1,621696,0,,no_adaptation,,0.0,0.0,,False,False,1.8766868114471436,,1.8769004344940186,0.059556785970926285,1.0,2.7867541313171387,0.0439453125,2.7843902111053467,0.06396484375,1.8766868114471436,0.05966997891664505,1.0,2.786829948425293,0.048828125,2.783560276031494,0.068359375,,,,,,,
tune-U-w128-d50723-s702-g00-uniform,tune,U,128,50723,702,96102,0,uniform,1e-05,0.1,621696,1,,constant_weights,,0.9747761487960815,0.439453125,0.0,False,False,1.8766868114471436,,1.8749966621398926,0.059348538517951965,1.0,2.784196615219116,0.04296875,2.781444787979126,0.0625,1.8770960569381714,0.059582583606243134,1.0,2.7861530780792236,0.046875,2.7855520248413086,0.0654296875,,,,,,,
tune-U-w128-d50723-s702-g00-uniform,tune,U,128,50723,702,96102,0,uniform,1e-05,0.1,621696,3,,constant_weights,,1.9404268264770508,0.390625,0.0,False,False,1.8766868114471436,,1.8731104135513306,0.058858681470155716,1.0,2.7809560298919678,0.0458984375,2.7795169353485107,0.06396484375,1.8761405944824219,0.059184491634368896,1.0,2.784691333770752,0.0439453125,2.784545660018921,0.068359375,,,,,,,
tune-U-w128-d50723-s702-g00-uniform,tune,U,128,50723,702,96102,0,uniform,1e-05,0.1,621696,5,,constant_weights,,2.6949896812438965,0.341796875,0.0,False,False,1.8766868114471436,,1.8716366291046143,0.05833200365304947,1.0,2.7785229682922363,0.0498046875,2.7780556678771973,0.0634765625,1.8751397132873535,0.05870453268289566,1.0,2.7826428413391113,0.044921875,2.784071683883667,0.0693359375,,,,,,,
tune-U-w128-d50723-s702-g00-uniform,tune,U,128,50723,702,96102,0,uniform,1e-05,0.1,621696,10,,constant_weights,,4.449881434440613,0.267578125,0.0,False,False,1.8766868114471436,,1.8682092428207397,0.05696319788694382,1.0,2.772350549697876,0.0556640625,2.7753140926361084,0.06201171875,1.8730602264404297,0.05730878561735153,1.0,2.7786245346069336,0.0498046875,2.783247232437134,0.068359375,,,,,,,
tune-U-w128-d50723-s702-g00-uniform,tune,U,128,50723,702,96102,0,uniform,1e-05,0.1,621696,20,,constant_weights,,8.388639092445374,0.181640625,0.0,False,False,1.8766868114471436,,1.8605164289474487,0.054485149681568146,1.0,2.758043050765991,0.06298828125,2.7690210342407227,0.0673828125,1.869167685508728,0.05470287799835205,1.0,2.7693939208984375,0.0625,2.7834067344665527,0.0654296875,,,,,,,
tune-U-w128-d50723-s702-g00-uniform,tune,U,128,50723,702,96102,0,uniform,1e-05,0.1,621696,30,,constant_weights,,16.658780932426453,0.154296875,0.0,False,False,1.8766868114471436,,1.8443636894226074,0.054956428706645966,1.0,2.7178385257720947,0.05517578125,2.76029634475708,0.06787109375,1.863677740097046,0.05524209886789322,1.0,2.745922088623047,0.056640625,2.7898693084716797,0.0654296875,,,,,,,
tune-U-w128-d50723-s702-g01-random,tune,U,128,50723,702,96102,1,random,1e-05,1.0,621696,0,,no_adaptation,,0.0,0.0,,False,False,1.8766868114471436,,1.8769004344940186,0.059556785970926285,1.0,2.7867541313171387,0.0439453125,2.7843902111053467,0.06396484375,1.8766868114471436,0.05966997891664505,1.0,2.786829948425293,0.048828125,2.783560276031494,0.068359375,,,,,,,
tune-U-w128-d50723-s702-g01-random,tune,U,128,50723,702,96102,1,random,1e-05,1.0,621696,1,0.3783309764247035,,0.0019190364976560247,0.592029333114624,0.431640625,0.5625,False,False,1.8766868114471436,,1.8757442235946655,0.05946502089500427,1.0,2.7857227325439453,0.04150390625,2.7820444107055664,0.0625,1.876806616783142,0.059651728719472885,1.0,2.786151885986328,0.0458984375,2.784615993499756,0.064453125,,,,,,,
tune-U-w128-d50723-s702-g01-random,tune,U,128,50723,702,96102,1,random,1e-05,1.0,621696,3,1.6441370646659843,,0.07124837343283592,0.6584275960922241,0.44921875,0.5,False,False,1.8766868114471436,,1.8756144046783447,0.05951996520161629,1.0,2.785878896713257,0.048828125,2.781444549560547,0.068359375,1.8772433996200562,0.05994919687509537,1.0,2.7857697010040283,0.052734375,2.786010980606079,0.064453125,,,,,,,
tune-U-w128-d50723-s702-g01-random,tune,U,128,50723,702,96102,1,random,1e-05,1.0,621696,5,1.4400981783028266,,0.030672857792720953,0.9564800262451172,0.45703125,0.4625,False,False,1.8766868114471436,,1.8750323057174683,0.059466779232025146,1.0,2.7847352027893066,0.05322265625,2.7808949947357178,0.06884765625,1.877079725265503,0.059847086668014526,1.0,2.7849185466766357,0.0556640625,2.7864737510681152,0.0654296875,,,,,,,
tune-U-w128-d50723-s702-g01-random,tune,U,128,50723,702,96102,1,random,1e-05,1.0,621696,10,0.7988164975355312,,0.0018319612469401504,1.9540183544158936,0.41796875,0.45625,False,False,1.8766868114471436,,1.8730840682983398,0.05946914851665497,1.0,2.780763864517212,0.056640625,2.7790188789367676,0.0673828125,1.8761143684387207,0.059692639857530594,1.0,2.782194137573242,0.060546875,2.7864556312561035,0.064453125,,,,,,,
tune-U-w128-d50723-s702-g01-random,tune,U,128,50723,702,96102,1,random,1e-05,1.0,621696,20,0.7644131888427637,,0.0007794209112418702,3.943601369857788,0.392578125,0.453125,False,False,1.8766868114471436,,1.8691980838775635,0.060188472270965576,1.0,2.7709105014801025,0.0595703125,2.7764954566955566,0.06298828125,1.8750041723251343,0.06029627472162247,1.0,2.7760677337646484,0.0537109375,2.788648843765259,0.06640625,,,,,,,
tune-U-w128-d50723-s702-g01-random,tune,U,128,50723,702,96102,1,random,1e-05,1.0,621696,30,2.09278282044051,,0.02191656237407065,5.869935512542725,0.453125,0.5520833333333334,False,False,1.8766868114471436,,1.8654357194900513,0.06633076071739197,1.0,2.750495195388794,0.0517578125,2.7794811725616455,0.06591796875,1.8810803890228271,0.06650972366333008,1.0,2.7745728492736816,0.048828125,2.8021581172943115,0.068359375,,,,,,,
tune-U-w128-d50723-s702-g01-uniform,tune,U,128,50723,702,96102,1,uniform,1e-05,1.0,621696,0,,no_adaptation,,0.0,0.0,,False,False,1.8766868114471436,,1.8769004344940186,0.059556785970926285,1.0,2.7867541313171387,0.0439453125,2.7843902111053467,0.06396484375,1.8766868114471436,0.05966997891664505,1.0,2.786829948425293,0.048828125,2.783560276031494,0.068359375,,,,,,,
tune-U-w128-d50723-s702-g01-uniform,tune,U,128,50723,702,96102,1,uniform,1e-05,1.0,621696,1,,constant_weights,,0.9489442110061646,0.443359375,0.0,False,False,1.8766868114471436,,1.875046968460083,0.05946096405386925,1.0,2.7842164039611816,0.04296875,2.781463623046875,0.06201171875,1.8771470785140991,0.05969802290201187,1.0,2.7861721515655518,0.046875,2.7855710983276367,0.0654296875,,,,,,,
tune-U-w128-d50723-s702-g01-uniform,tune,U,128,50723,702,96102,1,uniform,1e-05,1.0,621696,3,,constant_weights,,1.8649147748947144,0.3984375,0.0,False,False,1.8766868114471436,,1.8732578754425049,0.059189990162849426,1.0,2.7810113430023193,0.0458984375,2.7795724868774414,0.06396484375,1.8762874603271484,0.059521447867155075,1.0,2.7847423553466797,0.0439453125,2.7845990657806396,0.068359375,,,,,,,
tune-U-w128-d50723-s702-g01-uniform,tune,U,128,50723,702,96102,1,uniform,1e-05,1.0,621696,5,,constant_weights,,2.572315216064453,0.353515625,0.0,False,False,1.8766868114471436,,1.8718763589859009,0.05887683108448982,1.0,2.7786078453063965,0.04931640625,2.778144359588623,0.06298828125,1.8753783702850342,0.05925793945789337,1.0,2.7827212810516357,0.044921875,2.784156322479248,0.068359375,,,,,,,
tune-U-w128-d50723-s702-g01-uniform,tune,U,128,50723,702,96102,1,uniform,1e-05,1.0,621696,10,,constant_weights,,4.21754777431488,0.27734375,0.0,False,False,1.8766868114471436,,1.8686630725860596,0.05801483988761902,1.0,2.772496223449707,0.05517578125,2.775477886199951,0.0625,1.873508334159851,0.05837195739150047,1.0,2.7787539958953857,0.048828125,2.7833993434906006,0.068359375,,,,,,,
tune-U-w128-d50723-s702-g01-uniform,tune,U,128,50723,702,96102,1,uniform,1e-05,1.0,621696,20,,constant_weights,,7.959269762039185,0.203125,0.0,False,False,1.8766868114471436,,1.8613548278808594,0.05645240843296051,1.0,2.758280038833618,0.0615234375,2.76933217048645,0.06640625,1.8699662685394287,0.056677017360925674,1.0,2.7695651054382324,0.0625,2.783656597137451,0.064453125,,,,,,,
tune-U-w128-d50723-s702-g01-uniform,tune,U,128,50723,702,96102,1,uniform,1e-05,1.0,621696,30,,constant_weights,,15.943760514259338,0.1640625,0.0,False,False,1.8766868114471436,,1.8457602262496948,0.0577562190592289,1.0,2.718611240386963,0.05322265625,2.760913610458374,0.0673828125,1.8648877143859863,0.05805853754281998,1.0,2.7464468479156494,0.0556640625,2.7901575565338135,0.06640625,,,,,,,
tune-U-w128-d50723-s702-g02-random,tune,U,128,50723,702,96102,2,random,3e-05,0.1,621696,0,,no_adaptation,,0.0,0.0,,False,False,1.8766868114471436,,1.8769004344940186,0.059556785970926285,1.0,2.7867541313171387,0.0439453125,2.7843902111053467,0.06396484375,1.8766868114471436,0.05966997891664505,1.0,2.786829948425293,0.048828125,2.783560276031494,0.068359375,,,,,,,
tune-U-w128-d50723-s702-g02-random,tune,U,128,50723,702,96102,2,random,3e-05,0.1,621696,1,0.882758737927601,,0.007942539074236673,0.8385128974914551,0.453125,0.5625,False,False,1.8766868114471436,,1.87526273727417,0.05935041978955269,1.0,2.785635232925415,0.06396484375,2.7808022499084473,0.07080078125,1.878061294555664,0.05976995453238487,1.0,2.786499261856079,0.0634765625,2.787914752960205,0.0673828125,,,,,,,
tune-U-w128-d50723-s702-g02-random,tune,U,128,50723,702,96102,2,random,3e-05,0.1,621696,3,1.081822429618232,,0.0087562029061611,1.6287049055099487,0.43359375,0.4791666666666667,False,False,1.8766868114471436,,1.873719334602356,0.058761950582265854,1.0,2.7822723388671875,0.0556640625,2.780123710632324,0.06884765625,1.8764731884002686,0.05917803943157196,1.0,2.7836577892303467,0.0546875,2.78658390045166,0.060546875,,,,,,,
tune-U-w128-d50723-s702-g02-random,tune,U,128,50723,702,96102,2,random,3e-05,0.1,621696,5,0.6023457218520356,,0.001452940181359129,3.0530197620391846,0.392578125,0.45,False,False,1.8766868114471436,,1.870937466621399,0.05798567086458206,1.0,2.7768454551696777,0.0625,2.7779815196990967,0.0693359375,1.8746730089187622,0.058129675686359406,1.0,2.7789978981018066,0.060546875,2.7868916988372803,0.0693359375,,,,,,,
tune-U-w128-d50723-s702-g02-random,tune,U,128,50723,702,96102,2,random,3e-05,0.1,621696,10,0.8709681172232471,,0.0008535113110625381,6.77747905254364,0.404296875,0.525,False,False,1.8766868114471436,,1.8636631965637207,0.060027945786714554,1.0,2.7550907135009766,0.05419921875,2.7758708000183105,0.06298828125,1.8756561279296875,0.06018189340829849,1.0,2.7703163623809814,0.0498046875,2.7964704036712646,0.0634765625,,,,,,,
tune-U-w128-d50723-s702-g02-random,tune,U,128,50723,702,96102,2,random,3e-05,0.1,621696,20,2.578463843342911,,0.051529908060962186,17.4552059173584,0.439453125,0.746875,False,False,1.8766868114471436,,1.8428082466125488,0.08695414662361145,1.0,2.6592636108398438,0.103515625,2.7822070121765137,0.07568359375,1.9166138172149658,0.08806467801332474,1.0,2.7975447177886963,0.076171875,2.8642325401306152,0.0673828125,,,,,,,
tune-U-w128-d50723-s702-g02-random,tune,U,128,50723,702,96102,2,random,3e-05,0.1,621696,30,2.58233634454062,,0.06685593255702443,32.858500957489014,0.423828125,0.83125,False,False,1.8766868114471436,,1.8127236366271973,0.08880578726530075,1.0,2.5561251640319824,0.17578125,2.7932400703430176,0.09326171875,1.948434591293335,0.08971807360649109,1.0,2.8111774921417236,0.1123046875,2.944408893585205,0.052734375,,,,,,,
tune-U-w128-d50723-s702-g02-uniform,tune,U,128,50723,702,96102,2,uniform,3e-05,0.1,621696,0,,no_adaptation,,0.0,0.0,,False,False,1.8766868114471436,,1.8769004344940186,0.059556785970926285,1.0,2.7867541313171387,0.0439453125,2.7843902111053467,0.06396484375,1.8766868114471436,0.05966997891664505,1.0,2.786829948425293,0.048828125,2.783560276031494,0.068359375,,,,,,,
tune-U-w128-d50723-s702-g02-uniform,tune,U,128,50723,702,96102,2,uniform,3e-05,0.1,621696,1,,constant_weights,,1.7927724123001099,0.421875,0.0,False,False,1.8766868114471436,,1.873398780822754,0.05915088579058647,1.0,2.781482696533203,0.064453125,2.7795629501342773,0.0673828125,1.877428412437439,0.05945662036538124,1.0,2.785369873046875,0.0693359375,2.787459135055542,0.0634765625,,,,,,,
tune-U-w128-d50723-s702-g02-uniform,tune,U,128,50723,702,96102,2,uniform,3e-05,0.1,621696,3,,constant_weights,,4.000909805297852,0.287109375,0.0,False,False,1.8766868114471436,,1.8690861463546753,0.057515449821949005,1.0,2.773282527923584,0.052734375,2.7764604091644287,0.06298828125,1.8736963272094727,0.057791296392679214,1.0,2.7797675132751465,0.052734375,2.7835299968719482,0.0693359375,,,,,,,
tune-U-w128-d50723-s702-g02-uniform,tune,U,128,50723,702,96102,2,uniform,3e-05,0.1,621696,5,,constant_weights,,5.921792268753052,0.19140625,0.0,False,False,1.8766868114471436,,1.865334391593933,0.05567460507154465,1.0,2.7673425674438477,0.0595703125,2.77298641204834,0.0712890625,1.8710294961929321,0.055908963084220886,1.0,2.7748160362243652,0.0556640625,2.7823638916015625,0.0693359375,,,,,,,
tune-U-w128-d50723-s702-g02-uniform,tune,U,128,50723,702,96102,2,uniform,3e-05,0.1,621696,10,,constant_weights,,13.681527733802795,0.1328125,0.0,False,False,1.8766868114471436,,1.8501787185668945,0.05325095355510712,1.0,2.7345595359802246,0.05712890625,2.762725830078125,0.06640625,1.864071011543274,0.053491078317165375,1.0,2.7531960010528564,0.0556640625,2.7855262756347656,0.0654296875,,,,,,,
tune-U-w128-d50723-s702-g02-uniform,tune,U,128,50723,702,96102,2,uniform,3e-05,0.1,621696,20,,constant_weights,,73.5930906534195,0.109375,0.321875,False,False,1.8766868114471436,,1.733163833618164,0.06605164706707001,1.0,2.3980748653411865,0.19287109375,2.7353649139404297,0.08935546875,1.840861439704895,0.06665527075529099,1.0,2.6250481605529785,0.1279296875,2.830880880355835,0.0576171875,,,,,,,
tune-U-w128-d50723-s702-g02-uniform,tune,U,128,50723,702,96102,2,uniform,3e-05,0.1,621696,30,,constant_weights,,120.71615880727768,0.05859375,0.5479166666666667,False,False,1.8766868114471436,,1.6411267518997192,0.06111994385719299,1.0,2.159816265106201,0.287109375,2.7024435997009277,0.10986328125,1.8469455242156982,0.06185063347220421,1.0,2.612717628479004,0.1396484375,2.8662683963775635,0.0576171875,,,,,,,
tune-U-w128-d50723-s702-g03-random,tune,U,128,50723,702,96102,3,random,3e-05,1.0,621696,0,,no_adaptation,,0.0,0.0,,False,False,1.8766868114471436,,1.8769004344940186,0.059556785970926285,1.0,2.7867541313171387,0.0439453125,2.7843902111053467,0.06396484375,1.8766868114471436,0.05966997891664505,1.0,2.786829948425293,0.048828125,2.783560276031494,0.068359375,,,,,,,
tune-U-w128-d50723-s702-g03-random,tune,U,128,50723,702,96102,3,random,3e-05,1.0,621696,1,1.01645291081162,,0.011948774245627347,0.7617818117141724,0.45703125,0.5625,False,False,1.8766868114471436,,1.8754125833511353,0.05969041585922241,1.0,2.7856898307800293,0.064453125,2.780857563018799,0.07080078125,1.8782148361206055,0.06012430414557457,1.0,2.7865519523620605,0.0634765625,2.787968158721924,0.0673828125,,,,,,,
tune-U-w128-d50723-s702-g03-random,tune,U,128,50723,702,96102,3,random,3e-05,1.0,621696,3,1.332685898551695,,0.01924713946766618,1.4137191772460938,0.443359375,0.4791666666666667,False,False,1.8766868114471436,,1.8741393089294434,0.05975280702114105,1.0,2.782397747039795,0.05615234375,2.7802672386169434,0.06884765625,1.8768962621688843,0.06018640473484993,1.0,2.7837798595428467,0.0546875,2.786722421646118,0.060546875,,,,,,,
tune-U-w128-d50723-s702-g03-random,tune,U,128,50723,702,96102,3,random,3e-05,1.0,621696,5,0.7233411113892971,,0.001382420711402364,2.7104214429855347,0.404296875,0.45,False,False,1.8766868114471436,,1.8716065883636475,0.059592973440885544,1.0,2.77701997756958,0.06201171875,2.7782065868377686,0.06787109375,1.8753399848937988,0.05974395200610161,1.0,2.779165506362915,0.0615234375,2.7871108055114746,0.0693359375,,,,,,,
tune-U-w128-d50723-s702-g03-random,tune,U,128,50723,702,96102,3,random,3e-05,1.0,621696,10,1.0774745562722599,,0.0007988743429113952,6.083523154258728,0.412109375,0.525,False,False,1.8766868114471436,,1.865018606185913,0.06319965422153473,1.0,2.7554287910461426,0.05224609375,2.7764272689819336,0.06396484375,1.8770917654037476,0.06336140632629395,1.0,2.7707486152648926,0.048828125,2.797165632247925,0.0634765625,,,,,,,
tune-U-w128-d50723-s702-g03-random,tune,U,128,50723,702,96102,3,random,3e-05,1.0,621696,20,2.822641600504173,,0.07092728884382242,15.93198549747467,0.44921875,0.75,False,False,1.8766868114471436,,1.8457832336425781,0.09307300299406052,1.0,2.662271022796631,0.09765625,2.782005786895752,0.076171875,1.9165810346603394,0.09430435299873352,1.0,2.7944765090942383,0.076171875,2.860961437225342,0.0703125,,,,,,,
tune-U-w128-d50723-s702-g03-random,tune,U,128,50723,702,96102,3,random,3e-05,1.0,621696,30,2.8270828693020458,,0.09212298676338786,30.12920093536377,0.439453125,0.8333333333333334,False,False,1.8766868114471436,,1.8180543184280396,0.0988139808177948,1.0,2.560412883758545,0.1767578125,2.794935941696167,0.09375,1.9502038955688477,0.09999677538871765,1.0,2.808485507965088,0.109375,2.9421298503875732,0.05078125,,,,,,,
tune-U-w128-d50723-s702-g03-uniform,tune,U,128,50723,702,96102,3,uniform,3e-05,1.0,621696,0,,no_adaptation,,0.0,0.0,,False,False,1.8766868114471436,,1.8769004344940186,0.059556785970926285,1.0,2.7867541313171387,0.0439453125,2.7843902111053467,0.06396484375,1.8766868114471436,0.05966997891664505,1.0,2.786829948425293,0.048828125,2.783560276031494,0.068359375,,,,,,,
tune-U-w128-d50723-s702-g03-uniform,tune,U,128,50723,702,96102,3,uniform,3e-05,1.0,621696,1,,constant_weights,,1.7168515920639038,0.421875,0.0,False,False,1.8766868114471436,,1.873547077178955,0.059482865035533905,1.0,2.781538963317871,0.06396484375,2.7796196937561035,0.0673828125,1.8775749206542969,0.05979258194565773,1.0,2.7854208946228027,0.0693359375,2.7875113487243652,0.0625,,,,,,,
tune-U-w128-d50723-s702-g03-uniform,tune,U,128,50723,702,96102,3,uniform,3e-05,1.0,621696,3,,constant_weights,,3.7874605655670166,0.3046875,0.0,False,False,1.8766868114471436,,1.8695030212402344,0.058476995676755905,1.0,2.7734203338623047,0.052734375,2.776611804962158,0.0634765625,1.8741072416305542,0.058757975697517395,1.0,2.779891014099121,0.052734375,2.78367280960083,0.068359375,,,,,,,
tune-U-w128-d50723-s702-g03-uniform,tune,U,128,50723,702,96102,3,uniform,3e-05,1.0,621696,5,,constant_weights,,5.587259769439697,0.203125,0.0,False,False,1.8766868114471436,,1.865987777709961,0.05720982700586319,1.0,2.767533779144287,0.05810546875,2.773219585418701,0.072265625,1.871669054031372,0.05745270103216171,1.0,2.77498197555542,0.0537109375,2.7825722694396973,0.0703125,,,,,,,
tune-U-w128-d50723-s702-g03-uniform,tune,U,128,50723,702,96102,3,uniform,3e-05,1.0,621696,10,,constant_weights,,13.041090726852417,0.140625,0.0,False,False,1.8766868114471436,,1.8514294624328613,0.05606609582901001,1.0,2.734961986541748,0.056640625,2.7632603645324707,0.06591796875,1.8652255535125732,0.05631987750530243,1.0,2.7534899711608887,0.0546875,2.7858664989471436,0.06640625,,,,,,,
tune-U-w128-d50723-s702-g03-uniform,tune,U,128,50723,702,96102,3,uniform,3e-05,1.0,621696,20,,constant_weights,,71.41443181037903,0.1171875,0.321875,False,False,1.8766868114471436,,1.7374191284179688,0.07128997892141342,1.0,2.404571056365967,0.1904296875,2.736396312713623,0.0888671875,1.8426895141601562,0.07200159132480621,1.0,2.6252620220184326,0.1259765625,2.8308053016662598,0.060546875,,,,,,,
tune-U-w128-d50723-s702-g03-uniform,tune,U,128,50723,702,96102,3,uniform,3e-05,1.0,621696,30,,constant_weights,,116.95749950408936,0.060546875,0.5479166666666667,False,False,1.8766868114471436,,1.648467779159546,0.0685340091586113,1.0,2.172443151473999,0.28466796875,2.7044262886047363,0.109375,1.8483004570007324,0.06952327489852905,1.0,2.609396457672119,0.142578125,2.8659820556640625,0.0595703125,,,,,,,
tune-U-w128-d50723-s702-g04-random,tune,U,128,50723,702,96102,4,random,0.0001,0.1,621696,0,,no_adaptation,,0.0,0.0,,False,False,1.8766868114471436,,1.8769004344940186,0.059556785970926285,1.0,2.7867541313171387,0.0439453125,2.7843902111053467,0.06396484375,1.8766868114471436,0.05966997891664505,1.0,2.786829948425293,0.048828125,2.783560276031494,0.068359375,,,,,,,
tune-U-w128-d50723-s702-g04-random,tune,U,128,50723,702,96102,4,random,0.0001,0.1,621696,1,2.7191010835340066,,0.14916057577864808,0.8344860076904297,0.490234375,0.625,False,False,1.8766868114471436,,1.8752706050872803,0.060656867921352386,1.0,2.783432722091675,0.06689453125,2.781722068786621,0.064453125,1.8787763118743896,0.061483073979616165,1.0,2.784045696258545,0.068359375,2.7908003330230713,0.0576171875,,,,,,,
tune-U-w128-d50723-s702-g04-random,tune,U,128,50723,702,96102,4,random,0.0001,0.1,621696,3,0.5770553322419059,,0.0020974457796519765,4.927868604660034,0.384765625,0.5416666666666666,False,False,1.8766868114471436,,1.867275595664978,0.05783542990684509,1.0,2.7688143253326416,0.07470703125,2.775177240371704,0.07373046875,1.8748177289962769,0.058072060346603394,1.0,2.7741684913635254,0.076171875,2.792212724685669,0.05859375,,,,,,,
tune-U-w128-d50723-s702-g04-random,tune,U,128,50723,702,96102,4,random,0.0001,0.1,621696,5,1.2277164040769373,,0.001619922225059159,9.217267632484436,0.3984375,0.65,False,False,1.8766868114471436,,1.8588978052139282,0.06888964027166367,1.0,2.7319164276123047,0.0654296875,2.775887966156006,0.0693359375,1.8759300708770752,0.06962434947490692,1.0,2.75331974029541,0.0576171875,2.8048458099365234,0.064453125,,,,,,,
tune-U-w128-d50723-s702-g04-random,tune,U,128,50723,702,96102,4,random,0.0001,0.1,621696,10,4.909347396848281,,0.4630795357160441,17.219631731510162,0.4765625,0.8,False,False,1.8766868114471436,,1.8432683944702148,0.09924742579460144,1.0,2.6095035076141357,0.15576171875,2.821054220199585,0.08544921875,1.9621028900146484,0.10179281234741211,1.0,2.8308167457580566,0.103515625,2.9536995887756348,0.05859375,,,,,,,
tune-U-w128-d50723-s702-g04-random,tune,U,128,50723,702,96102,4,random,0.0001,0.1,621696,20,4.356051688866094,,0.5906326729191042,47.12001860141754,0.4921875,0.9,False,False,1.8766868114471436,,1.7848691940307617,0.0860883891582489,1.0,2.449181079864502,0.2822265625,2.819338083267212,0.1533203125,2.1241345405578613,0.0913267508149147,1.0,3.0200998783111572,0.1142578125,3.2609775066375732,0.041015625,,,,,,,
tune-U-w128-d50723-s702-g04-random,tune,U,128,50723,702,96102,4,random,0.0001,0.1,621696,30,3.8016476275319175,,0.6431722702602641,73.96695572137833,0.5234375,0.9333333333333333,False,False,1.8766868114471436,,1.7324336767196655,0.07479234784841537,0.99951171875,2.354022741317749,0.33349609375,2.7684860229492188,0.24560546875,2.311509847640991,0.08446182310581207,0.9970703125,3.25777006149292,0.115234375,3.5922980308532715,0.04296875,,,,,,,
tune-U-w128-d50723-s702-g04-uniform,tune,U,128,50723,702,96102,4,uniform,0.0001,0.1,621696,0,,no_adaptation,,0.0,0.0,,False,False,1.8766868114471436,,1.8769004344940186,0.059556785970926285,1.0,2.7867541313171387,0.0439453125,2.7843902111053467,0.06396484375,1.8766868114471436,0.05966997891664505,1.0,2.786829948425293,0.048828125,2.783560276031494,0.068359375,,,,,,,
tune-U-w128-d50723-s702-g04-uniform,tune,U,128,50723,702,96102,4,uniform,0.0001,0.1,621696,1,,constant_weights,,3.198616862297058,0.27734375,0.0,False,False,1.8766868114471436,,1.8706531524658203,0.059138692915439606,1.0,2.774740695953369,0.0556640625,2.7780802249908447,0.0673828125,1.8729642629623413,0.0597236305475235,1.0,2.778197765350342,0.0537109375,2.780971050262451,0.0654296875,,,,,,,
tune-U-w128-d50723-s702-g04-uniform,tune,U,128,50723,702,96102,4,uniform,0.0001,0.1,621696,3,,constant_weights,,10.058107852935791,0.185546875,0.0,False,False,1.8766868114471436,,1.8572556972503662,0.052758120000362396,1.0,2.7523646354675293,0.0791015625,2.766644239425659,0.07177734375,1.8664995431900024,0.05300360172986984,1.0,2.7620840072631836,0.0673828125,2.7844109535217285,0.0634765625,,,,,,,
tune-U-w128-d50723-s702-g04-uniform,tune,U,128,50723,702,96102,4,uniform,0.0001,0.1,621696,5,,constant_weights,,23.78695237636566,0.15625,0.0,False,False,1.8766868114471436,,1.8304414749145508,0.05481810122728348,1.0,2.680102825164795,0.09228515625,2.756403684616089,0.07470703125,1.8580163717269897,0.05531810596585274,1.0,2.7253053188323975,0.0693359375,2.793426036834717,0.0703125,,,,,,,
tune-U-w128-d50723-s702-g04-uniform,tune,U,128,50723,702,96102,4,uniform,0.0001,0.1,621696,10,,constant_weights,,98.96840786933899,0.08203125,0.4,False,False,1.8766868114471436,,1.6836026906967163,0.05999311804771423,1.0,2.265942096710205,0.25830078125,2.7248730659484863,0.1083984375,1.829990267753601,0.06106196343898773,1.0,2.577338218688965,0.14453125,2.8515706062316895,0.05859375,,,,,,,
tune-U-w128-d50723-s702-g04-uniform,tune,U,128,50723,702,96102,4,uniform,0.0001,0.1,621696,20,,constant_weights,,210.04421371221542,0.021484375,0.7,False,False,1.8766868114471436,,1.4666579961776733,0.051389873027801514,1.0,1.731408715248108,0.44873046875,2.6171748638153076,0.15185546875,1.8940834999084473,0.05400775000452995,1.0,2.722499370574951,0.146484375,2.90574312210083,0.0576171875,,,,,,,
tune-U-w128-d50723-s702-g04-uniform,tune,U,128,50723,702,96102,4,uniform,0.0001,0.1,621696,30,,constant_weights,,336.5088637471199,0.0,0.8,False,False,1.8766868114471436,,1.2196565866470337,0.04728790000081062,1.0,1.2167106866836548,0.6728515625,2.3949708938598633,0.22607421875,2.0349156856536865,0.051242463290691376,1.0,2.9840121269226074,0.1455078125,3.0694923400878906,0.0634765625,,,,,,,
tune-U-w128-d50723-s702-g05-random,tune,U,128,50723,702,96102,5,random,0.0001,1.0,621696,0,,no_adaptation,,0.0,0.0,,False,False,1.8766868114471436,,1.8769004344940186,0.059556785970926285,1.0,2.7867541313171387,0.0439453125,2.7843902111053467,0.06396484375,1.8766868114471436,0.05966997891664505,1.0,2.786829948425293,0.048828125,2.783560276031494,0.068359375,,,,,,,
tune-U-w128-d50723-s702-g05-random,tune,U,128,50723,702,96102,5,random,0.0001,1.0,621696,1,4.478102344340085,,0.4960042682393684,0.5925912857055664,0.494140625,0.625,False,False,1.8766868114471436,,1.87574303150177,0.06177615001797676,1.0,2.783569097518921,0.06689453125,2.781883955001831,0.0634765625,1.879248023033142,0.06260649114847183,1.0,2.7841780185699463,0.068359375,2.7909598350524902,0.0576171875,,,,,,,
tune-U-w128-d50723-s702-g05-random,tune,U,128,50723,702,96102,5,random,0.0001,1.0,621696,3,0.7234573919897958,,0.0017595100703555783,4.280624628067017,0.40234375,0.5416666666666666,False,False,1.8766868114471436,,1.868539810180664,0.060969673097133636,1.0,2.769066095352173,0.07666015625,2.7755837440490723,0.076171875,1.8760799169540405,0.061213936656713486,1.0,2.7744088172912598,0.076171875,2.7926173210144043,0.05859375,,,,,,,
tune-U-w128-d50723-s702-g05-random,tune,U,128,50723,702,96102,5,random,0.0001,1.0,621696,5,1.5223295460078123,,0.005492371130118726,8.121527314186096,0.4140625,0.65,False,False,1.8766868114471436,,1.861038088798523,0.07397782802581787,1.0,2.7326126098632812,0.06494140625,2.776524066925049,0.068359375,1.8778985738754272,0.0747426226735115,1.0,2.753666400909424,0.05859375,2.8052866458892822,0.0625,,,,,,,
tune-U-w128-d50723-s702-g05-random,tune,U,128,50723,702,96102,5,random,0.0001,1.0,621696,10,5.992269032099564,,0.8174981626975663,14.081091046333313,0.4921875,0.8,False,False,1.8766868114471436,,1.8493982553482056,0.10940894484519958,1.0,2.6159911155700684,0.15185546875,2.8227949142456055,0.08203125,1.9651994705200195,0.11215820908546448,1.0,2.831533432006836,0.1005859375,2.951906681060791,0.056640625,,,,,,,
tune-U-w128-d50723-s702-g05-random,tune,U,128,50723,702,96102,5,random,0.0001,1.0,621696,20,4.3673425640061225,,0.5940488297956595,44.89461946487427,0.501953125,0.9,False,False,1.8766868114471436,,1.7892156839370728,0.1075310930609703,1.0,2.44741153717041,0.27734375,2.81270432472229,0.1552734375,2.1124186515808105,0.1132308691740036,1.0,2.9843602180480957,0.1142578125,3.239664077758789,0.0439453125,,,,,,,
tune-U-w128-d50723-s702-g05-random,tune,U,128,50723,702,96102,5,random,0.0001,1.0,621696,30,3.905928791241977,,0.6446751184456662,68.8849179148674,0.5078125,0.9333333333333333,False,False,1.8766868114471436,,1.7423596382141113,0.10468758642673492,0.9990234375,2.3638315200805664,0.32861328125,2.7585597038269043,0.24169921875,2.2675089836120605,0.11334209889173508,0.998046875,3.1791903972625732,0.1162109375,3.5099942684173584,0.0478515625,,,,,,,
tune-U-w128-d50723-s702-g05-uniform,tune,U,128,50723,702,96102,5,uniform,0.0001,1.0,621696,0,,no_adaptation,,0.0,0.0,,False,False,1.8766868114471436,,1.8769004344940186,0.059556785970926285,1.0,2.7867541313171387,0.0439453125,2.7843902111053467,0.06396484375,1.8766868114471436,0.05966997891664505,1.0,2.786829948425293,0.048828125,2.783560276031494,0.068359375,,,,,,,
tune-U-w128-d50723-s702-g05-uniform,tune,U,128,50723,702,96102,5,uniform,0.0001,1.0,621696,1,,constant_weights,,2.9592405557632446,0.30078125,0.0,False,False,1.8766868114471436,,1.871120810508728,0.06023765355348587,1.0,2.7748825550079346,0.05517578125,2.7782416343688965,0.0673828125,1.8734276294708252,0.06080692261457443,1.0,2.7783327102661133,0.052734375,2.7811436653137207,0.06640625,,,,,,,
tune-U-w128-d50723-s702-g05-uniform,tune,U,128,50723,702,96102,5,uniform,0.0001,1.0,621696,3,,constant_weights,,9.46309244632721,0.201171875,0.0,False,False,1.8766868114471436,,1.8584177494049072,0.05561279505491257,1.0,2.752601385116577,0.07958984375,2.7670390605926514,0.0703125,1.8676350116729736,0.05587229132652283,1.0,2.762274742126465,0.068359375,2.784757614135742,0.0634765625,,,,,,,
tune-U-w128-d50723-s702-g05-uniform,tune,U,128,50723,702,96102,5,uniform,0.0001,1.0,621696,5,,constant_weights,,22.61476159095764,0.16796875,0.0,False,False,1.8766868114471436,,1.8327308893203735,0.05916865915060043,1.0,2.6819026470184326,0.09033203125,2.7571213245391846,0.0751953125,1.859796166419983,0.059694189578294754,1.0,2.726186752319336,0.0693359375,2.7935073375701904,0.072265625,,,,,,,
tune-U-w128-d50723-s702-g05-uniform,tune,U,128,50723,702,96102,5,uniform,0.0001,1.0,621696,10,,constant_weights,,96.12943720817566,0.083984375,0.39375,False,False,1.8766868114471436,,1.6891475915908813,0.06724059581756592,1.0,2.2741031646728516,0.25732421875,2.7260990142822266,0.1044921875,1.8328137397766113,0.0685533881187439,1.0,2.5781686305999756,0.142578125,2.851719617843628,0.0546875,,,,,,,
tune-U-w128-d50723-s702-g05-uniform,tune,U,128,50723,702,96102,5,uniform,0.0001,1.0,621696,20,,constant_weights,,199.60626620054245,0.021484375,0.696875,False,False,1.8766868114471436,,1.4870445728302002,0.06531891971826553,1.0,1.7734322547912598,0.43505859375,2.622382164001465,0.146484375,1.8931670188903809,0.06835583597421646,1.0,2.706576108932495,0.142578125,2.904568910598755,0.0625,,,,,,,
tune-U-w128-d50723-s702-g05-uniform,tune,U,128,50723,702,96102,5,uniform,0.0001,1.0,621696,30,,constant_weights,,313.1205844283104,0.001953125,0.7979166666666667,False,False,1.8766868114471436,,1.2653368711471558,0.06593359261751175,1.0,1.3104448318481445,0.65380859375,2.4196319580078125,0.21728515625,2.0252065658569336,0.07139220833778381,1.0,2.9343910217285156,0.1396484375,3.069836139678955,0.0546875,,,,,,,
tune-U-w256-d48371-s701-g00-random,tune,U,256,48371,701,96101,0,random,1e-05,0.1,3212800,0,,no_adaptation,,0.0,0.0,,False,False,1.8533084392547607,,1.8536784648895264,0.009432165883481503,1.0,2.774989604949951,0.07275390625,2.776613712310791,0.06591796875,1.8533084392547607,0.009430170059204102,1.0,2.773754358291626,0.078125,2.776740550994873,0.0595703125,,,,,,,
tune-U-w256-d48371-s701-g00-random,tune,U,256,48371,701,96101,0,random,1e-05,0.1,3212800,1,8.0,,109.19081231612543,0.02483975887298584,0.4921875,0.875,False,True,1.8533084392547607,,1.8536299467086792,0.009447406977415085,1.0,2.775085926055908,0.0712890625,2.7763564586639404,0.05712890625,1.8537448644638062,0.00945192389190197,1.0,2.775757312774658,0.0654296875,2.776024580001831,0.06640625,,,,,,,
tune-U-w256-d48371-s701-g00-random,tune,U,256,48371,701,96101,0,random,1e-05,0.1,3212800,3,8.0,,21.428736334314063,0.11904215812683105,0.48046875,0.75,False,True,1.8533084392547607,,1.853446125984192,0.009438076987862587,1.0,2.773542881011963,0.060546875,2.7773571014404297,0.06494140625,1.854721188545227,0.009453179314732552,1.0,2.776569366455078,0.052734375,2.7781405448913574,0.078125,,,,,,,
tune-U-w256-d48371-s701-g00-random,tune,U,256,48371,701,96101,0,random,1e-05,0.1,3212800,5,4.440331404996668,,0.1550087401302284,0.7788652181625366,0.47265625,0.725,False,False,1.8533084392547607,,1.8521572351455688,0.00945631880313158,1.0,2.7712347507476807,0.0625,2.7757809162139893,0.07080078125,1.854277491569519,0.009476404637098312,1.0,2.776705265045166,0.05859375,2.7766506671905518,0.0810546875,,,,,,,
tune-U-w256-d48371-s701-g00-random,tune,U,256,48371,701,96101,0,random,1e-05,0.1,3212800,10,2.117357238858504,,0.01236453150847671,2.047654390335083,0.470703125,0.7375,False,False,1.8533084392547607,,1.8496792316436768,0.009877486154437065,1.0,2.76505970954895,0.076171875,2.7741000652313232,0.0615234375,1.8545506000518799,0.011049982160329819,1.0,2.774442672729492,0.0625,2.7781593799591064,0.0771484375,,,,,,,
tune-U-w256-d48371-s701-g00-random,tune,U,256,48371,701,96101,0,random,1e-05,0.1,3212800,20,2.1714122853229507,,0.020361263668417205,5.538671374320984,0.44140625,0.74375,False,False,1.8533084392547607,,1.8428608179092407,0.012197382748126984,1.0,2.744572639465332,0.09521484375,2.7718122005462646,0.07958984375,1.8575752973556519,0.013928287662565708,1.0,2.7692341804504395,0.0625,2.7895631790161133,0.060546875,,,,,,,
tune-U-w256-d48371-s701-g00-random,tune,U,256,48371,701,96101,0,random,1e-05,0.1,3212800,30,4.7091301500251435,,0.3367249398437231,12.649194359779358,0.46875,0.8041666666666667,False,False,1.8533084392547607,,1.8289730548858643,0.021183228120207787,1.0,2.670485496520996,0.11376953125,2.795250415802002,0.0849609375,1.890797734260559,0.02161010168492794,1.0,2.7676963806152344,0.087890625,2.8830862045288086,0.0537109375,,,,,,,
tune-U-w256-d48371-s701-g00-uniform,tune,U,256,48371,701,96101,0,uniform,1e-05,0.1,3212800,0,,no_adaptation,,0.0,0.0,,False,False,1.8533084392547607,,1.8536784648895264,0.009432165883481503,1.0,2.774989604949951,0.07275390625,2.776613712310791,0.06591796875,1.8533084392547607,0.009430170059204102,1.0,2.773754358291626,0.078125,2.776740550994873,0.0595703125,,,,,,,
tune-U-w256-d48371-s701-g00-uniform,tune,U,256,48371,701,96101,0,uniform,1e-05,0.1,3212800,1,,constant_weights,,0.9048482179641724,0.455078125,0.0,False,False,1.8533084392547607,,1.8519113063812256,0.009405305609107018,1.0,2.772304058074951,0.08642578125,2.774024248123169,0.06982421875,1.8549726009368896,0.009420519694685936,1.0,2.7773759365081787,0.07421875,2.77812123298645,0.072265625,,,,,,,
tune-U-w256-d48371-s701-g00-uniform,tune,U,256,48371,701,96101,0,uniform,1e-05,0.1,3212800,3,,constant_weights,,1.8842065334320068,0.404296875,0.0,False,False,1.8533084392547607,,1.8499984741210938,0.0093384375795722,1.0,2.7682981491088867,0.083984375,2.7723588943481445,0.07470703125,1.8538142442703247,0.009354932233691216,1.0,2.7741174697875977,0.0693359375,2.777970790863037,0.068359375,,,,,,,
tune-U-w256-d48371-s701-g00-uniform,tune,U,256,48371,701,96101,0,uniform,1e-05,0.1,3212800,5,,constant_weights,,2.8684864044189453,0.37890625,0.0,False,False,1.8533084392547607,,1.8480761051177979,0.009371567517518997,1.0,2.764514446258545,0.1025390625,2.7703418731689453,0.07470703125,1.8532267808914185,0.009387425146996975,1.0,2.772202968597412,0.0869140625,2.7780895233154297,0.06640625,,,,,,,
tune-U-w256-d48371-s701-g00-uniform,tune,U,256,48371,701,96101,0,uniform,1e-05,0.1,3212800,10,,constant_weights,,5.724936842918396,0.255859375,0.0,False,False,1.8533084392547607,,1.8424969911575317,0.009592069312930107,1.0,2.7529456615448,0.1044921875,2.76495361328125,0.0771484375,1.8518943786621094,0.009611669927835464,1.0,2.7660269737243652,0.080078125,2.7800445556640625,0.068359375,,,,,,,
tune-U-w256-d48371-s701-g00-uniform,tune,U,256,48371,701,96101,0,uniform,1e-05,0.1,3212800,20,,constant_weights,,24.08354139328003,0.162109375,0.00625,False,False,1.8533084392547607,,1.806640386581421,0.01258629746735096,1.0,2.661513090133667,0.1142578125,2.745821714401245,0.076171875,1.840207576751709,0.012597387656569481,1.0,2.712841510772705,0.095703125,2.795182943344116,0.0595703125,,,,,,,
tune-U-w256-d48371-s701-g00-uniform,tune,U,256,48371,701,96101,0,uniform,1e-05,0.1,3212800,30,,constant_weights,,81.92955076694489,0.080078125,0.2708333333333333,False,False,1.8533084392547607,,1.6936599016189575,0.0261385515332222,1.0,2.3269765377044678,0.19775390625,2.7278642654418945,0.09814453125,1.8144716024398804,0.026524044573307037,1.0,2.5815317630767822,0.1318359375,2.8353590965270996,0.05859375,,,,,,,
tune-U-w256-d48371-s701-g01-random,tune,U,256,48371,701,96101,1,random,1e-05,1.0,3212800,0,,no_adaptation,,0.0,0.0,,False,False,1.8533084392547607,,1.8536784648895264,0.009432165883481503,1.0,2.774989604949951,0.07275390625,2.776613712310791,0.06591796875,1.8533084392547607,0.009430170059204102,1.0,2.773754358291626,0.078125,2.776740550994873,0.0595703125,,,,,,,
tune-U-w256-d48371-s701-g01-random,tune,U,256,48371,701,96101,1,random,1e-05,1.0,3212800,1,8.0,,196.12532047960016,0.018753647804260254,0.4921875,0.875,False,True,1.8533084392547607,,1.8536418676376343,0.009470930323004723,1.0,2.7750916481018066,0.0712890625,2.7763633728027344,0.05712890625,1.8537570238113403,0.009474854916334152,1.0,2.775763511657715,0.0654296875,2.7760324478149414,0.06640625,,,,,,,
tune-U-w256-d48371-s701-g01-random,tune,U,256,48371,701,96101,1,random,1e-05,1.0,3212800,3,8.0,,30.014294990632504,0.10210120677947998,0.48046875,0.75,False,True,1.8533084392547607,,1.853479266166687,0.009508347138762474,1.0,2.7735538482666016,0.060546875,2.7773752212524414,0.06494140625,1.8547542095184326,0.009522647596895695,1.0,2.7765817642211914,0.052734375,2.7781589031219482,0.078125,,,,,,,
tune-U-w256-d48371-s701-g01-random,tune,U,256,48371,701,96101,1,random,1e-05,1.0,3212800,5,4.644146411671815,,0.17808437784098785,0.7525367736816406,0.47265625,0.725,False,False,1.8533084392547607,,1.8522087335586548,0.00957326591014862,1.0,2.7712454795837402,0.0625,2.7758073806762695,0.07080078125,1.8543274402618408,0.00959318783134222,1.0,2.7767133712768555,0.05859375,2.7766759395599365,0.080078125,,,,,,,
tune-U-w256-d48371-s701-g01-random,tune,U,256,48371,701,96101,1,random,1e-05,1.0,3212800,10,2.1975330479784247,,0.014456015691663028,2.003345251083374,0.470703125,0.7375,False,False,1.8533084392547607,,1.8497657775878906,0.01011226512491703,1.0,2.7650532722473145,0.07568359375,2.7741315364837646,0.0625,1.8546465635299683,0.011330215260386467,1.0,2.774409770965576,0.0625,2.778200149536133,0.0771484375,,,,,,,
tune-U-w256-d48371-s701-g01-random,tune,U,256,48371,701,96101,1,random,1e-05,1.0,3212800,20,2.2145202627260727,,0.021820981760521826,5.504160761833191,0.443359375,0.74375,False,False,1.8533084392547607,,1.8429280519485474,0.012721887789666653,1.0,2.744088888168335,0.09521484375,2.7719738483428955,0.080078125,1.8575730323791504,0.014394179917871952,1.0,2.768695116043091,0.064453125,2.789630174636841,0.064453125,,,,,,,
tune-U-w256-d48371-s701-g01-random,tune,U,256,48371,701,96101,1,random,1e-05,1.0,3212800,30,4.789793495527931,,0.3524264228884578,12.551606059074402,0.474609375,0.8041666666666667,False,False,1.8533084392547607,,1.8291637897491455,0.02256283164024353,1.0,2.6693644523620605,0.11572265625,2.7955636978149414,0.08544921875,1.8914384841918945,0.02299501746892929,1.0,2.7676281929016113,0.087890625,2.8836922645568848,0.0537109375,,,,,,,
tune-U-w256-d48371-s701-g01-uniform,tune,U,256,48371,701,96101,1,uniform,1e-05,1.0,3212800,0,,no_adaptation,,0.0,0.0,,False,False,1.8533084392547607,,1.8536784648895264,0.009432165883481503,1.0,2.774989604949951,0.07275390625,2.776613712310791,0.06591796875,1.8533084392547607,0.009430170059204102,1.0,2.773754358291626,0.078125,2.776740550994873,0.0595703125,,,,,,,
tune-U-w256-d48371-s701-g01-uniform,tune,U,256,48371,701,96101,1,uniform,1e-05,1.0,3212800,1,,constant_weights,,0.8986395597457886,0.455078125,0.0,False,False,1.8533084392547607,,1.8519233465194702,0.009428170509636402,1.0,2.7723095417022705,0.08642578125,2.7740321159362793,0.06982421875,1.8549845218658447,0.009443343617022038,1.0,2.777381658554077,0.07421875,2.7781288623809814,0.072265625,,,,,,,
tune-U-w256-d48371-s701-g01-uniform,tune,U,256,48371,701,96101,1,uniform,1e-05,1.0,3212800,3,,constant_weights,,1.8665508031845093,0.404296875,0.0,False,False,1.8533084392547607,,1.8500330448150635,0.009406768716871738,1.0,2.7683095932006836,0.08349609375,2.7723827362060547,0.07470703125,1.853846549987793,0.009423429146409035,1.0,2.7741286754608154,0.0693359375,2.7779881954193115,0.0693359375,,,,,,,
tune-U-w256-d48371-s701-g01-uniform,tune,U,256,48371,701,96101,1,uniform,1e-05,1.0,3212800,5,,constant_weights,,2.8408942222595215,0.37890625,0.0,False,False,1.8533084392547607,,1.8481298685073853,0.009485612623393536,1.0,2.764524221420288,0.1025390625,2.7703800201416016,0.07470703125,1.8532766103744507,0.009502667933702469,1.0,2.7722127437591553,0.0869140625,2.778114080429077,0.06640625,,,,,,,
tune-U-w256-d48371-s701-g01-uniform,tune,U,256,48371,701,96101,1,uniform,1e-05,1.0,3212800,10,,constant_weights,,5.686222195625305,0.255859375,0.0,False,False,1.8533084392547607,,1.842572569847107,0.009822625666856766,1.0,2.75288462638855,0.1044921875,2.7650105953216553,0.076171875,1.8519635200500488,0.009842772036790848,1.0,2.7659740447998047,0.0791015625,2.780073642730713,0.0693359375,,,,,,,
tune-U-w256-d48371-s701-g01-uniform,tune,U,256,48371,701,96101,1,uniform,1e-05,1.0,3212800,20,,constant_weights,,24.26077950000763,0.1640625,0.00625,False,False,1.8533084392547607,,1.8062942028045654,0.013207213953137398,1.0,2.6594648361206055,0.11279296875,2.7462105751037598,0.07470703125,1.8401235342025757,0.013219724409282207,1.0,2.711608648300171,0.09765625,2.795541763305664,0.0595703125,,,,,,,
tune-U-w256-d48371-s701-g01-uniform,tune,U,256,48371,701,96101,1,uniform,1e-05,1.0,3212800,30,,constant_weights,,81.96718859672546,0.080078125,0.2708333333333333,False,False,1.8533084392547607,,1.6935863494873047,0.027395743876695633,1.0,2.3242592811584473,0.1962890625,2.7291040420532227,0.0986328125,1.8140311241149902,0.027829354628920555,1.0,2.579329490661621,0.1328125,2.8349342346191406,0.056640625,,,,,,,
tune-U-w256-d48371-s701-g02-random,tune,U,256,48371,701,96101,2,random,3e-05,0.1,3212800,0,,no_adaptation,,0.0,0.0,,False,False,1.8533084392547607,,1.8536784648895264,0.009432165883481503,1.0,2.774989604949951,0.07275390625,2.776613712310791,0.06591796875,1.8533084392547607,0.009430170059204102,1.0,2.773754358291626,0.078125,2.776740550994873,0.0595703125,,,,,,,
tune-U-w256-d48371-s701-g02-random,tune,U,256,48371,701,96101,2,random,3e-05,0.1,3212800,1,,nonpositive_total_gain,,-0.6181447505950928,0.50390625,0.875,False,False,1.8533084392547607,,1.8548859357833862,0.009723838418722153,1.0,2.776484966278076,0.07080078125,2.7784485816955566,0.05615234375,1.8560916185379028,0.009743575006723404,1.0,2.7795825004577637,0.06640625,2.778949022293091,0.0654296875,,,,,,,
tune-U-w256-d48371-s701-g02-random,tune,U,256,48371,701,96101,2,random,3e-05,0.1,3212800,3,7.902211781365683,,0.9715223016573387,0.7283952236175537,0.498046875,0.8125,False,False,1.8533084392547607,,1.8522558212280273,0.009853496216237545,1.0,2.7698187828063965,0.06640625,2.777095079421997,0.06396484375,1.8553636074066162,0.010173425078392029,1.0,2.7759947776794434,0.0556640625,2.7799229621887207,0.0703125,,,,,,,
tune-U-w256-d48371-s701-g02-random,tune,U,256,48371,701,96101,2,random,3e-05,0.1,3212800,5,2.563974660837356,,0.021480210070429762,2.678407073020935,0.4765625,0.7875,False,False,1.8533084392547607,,1.848447322845459,0.010698322206735611,1.0,2.760700225830078,0.0830078125,2.7739434242248535,0.0751953125,1.8572864532470703,0.012286889366805553,1.0,2.7770774364471436,0.064453125,2.7824947834014893,0.0615234375,,,,,,,
tune-U-w256-d48371-s701-g02-random,tune,U,256,48371,701,96101,2,random,3e-05,0.1,3212800,10,1.5696296501343254,,0.004453386343305429,14.744955062866211,0.3984375,0.83125,False,False,1.8533084392547607,,1.8248798847198486,0.016764461994171143,1.0,2.683506965637207,0.10302734375,2.7743680477142334,0.07763671875,1.8606352806091309,0.017058249562978745,1.0,2.743988513946533,0.080078125,2.82085919380188,0.0537109375,,,,,,,
tune-U-w256-d48371-s701-g02-random,tune,U,256,48371,701,96101,2,random,3e-05,0.1,3212800,20,8.0,,7.844023648047198,15.336084961891174,0.533203125,0.9125,False,True,1.8533084392547607,,1.8237252235412598,0.037821605801582336,1.0,2.538390636444092,0.23193359375,2.894963502883911,0.138671875,2.0932974815368652,0.03987066447734833,1.0,2.9981231689453125,0.1298828125,3.241899251937866,0.0625,,,,,,,
tune-U-w256-d48371-s701-g02-random,tune,U,256,48371,701,96101,2,random,3e-05,0.1,3212800,30,6.834137084851602,,1.7758416933457153,46.04022789001465,0.53515625,0.9416666666666667,False,False,1.8533084392547607,,1.7637561559677124,0.027526460587978363,1.0,2.3731751441955566,0.32177734375,2.8905673027038574,0.19677734375,2.237785577774048,0.030618837103247643,1.0,3.1560473442077637,0.1220703125,3.52669095993042,0.060546875,,,,,,,
tune-U-w256-d48371-s701-g02-uniform,tune,U,256,48371,701,96101,2,uniform,3e-05,0.1,3212800,0,,no_adaptation,,0.0,0.0,,False,False,1.8533084392547607,,1.8536784648895264,0.009432165883481503,1.0,2.774989604949951,0.07275390625,2.776613712310791,0.06591796875,1.8533084392547607,0.009430170059204102,1.0,2.773754358291626,0.078125,2.776740550994873,0.0595703125,,,,,,,
tune-U-w256-d48371-s701-g02-uniform,tune,U,256,48371,701,96101,2,uniform,3e-05,0.1,3212800,1,,constant_weights,,1.5345954895019531,0.427734375,0.0,False,False,1.8533084392547607,,1.8506813049316406,0.009760329499840736,1.0,2.768730640411377,0.08935546875,2.773552894592285,0.0673828125,1.854943037033081,0.009789690375328064,1.0,2.7744412422180176,0.0859375,2.7805984020233154,0.064453125,,,,,,,
tune-U-w256-d48371-s701-g02-uniform,tune,U,256,48371,701,96101,2,uniform,3e-05,0.1,3212800,3,,constant_weights,,4.330550909042358,0.318359375,0.020833333333333332,False,False,1.8533084392547607,,1.8452205657958984,0.009638849645853043,1.0,2.758923053741455,0.1015625,2.767099380493164,0.07763671875,1.8529753684997559,0.009680179879069328,1.0,2.769948959350586,0.07421875,2.779297113418579,0.06640625,,,,,,,
tune-U-w256-d48371-s701-g02-uniform,tune,U,256,48371,701,96101,2,uniform,3e-05,0.1,3212800,5,,constant_weights,,8.38586151599884,0.232421875,0.0125,False,False,1.8533084392547607,,1.8372999429702759,0.00998490210622549,1.0,2.740797281265259,0.107421875,2.761117458343506,0.07861328125,1.8500438928604126,0.010010362602770329,1.0,2.758298635482788,0.0859375,2.781822681427002,0.068359375,,,,,,,
tune-U-w256-d48371-s701-g02-uniform,tune,U,256,48371,701,96101,2,uniform,3e-05,0.1,3212800,10,,constant_weights,,53.22287356853485,0.119140625,0.15,False,False,1.8533084392547607,,1.7497276067733765,0.024440940469503403,1.0,2.4835996627807617,0.14111328125,2.741142511367798,0.09033203125,1.8192017078399658,0.024654656648635864,1.0,2.6177773475646973,0.1083984375,2.815173625946045,0.05078125,,,,,,,
tune-U-w256-d48371-s701-g02-uniform,tune,U,256,48371,701,96101,2,uniform,3e-05,0.1,3212800,20,,constant_weights,,184.2764087319374,0.015625,0.575,False,False,1.8533084392547607,,1.4937636852264404,0.019927093759179115,1.0,1.7852919101715088,0.4189453125,2.676072120666504,0.13427734375,1.8067519664764404,0.020764708518981934,1.0,2.5307559967041016,0.173828125,2.868734836578369,0.0546875,,,,,,,
tune-U-w256-d48371-s701-g02-uniform,tune,U,256,48371,701,96101,2,uniform,3e-05,0.1,3212800,30,,constant_weights,,294.65559965372086,0.0078125,0.7166666666666667,False,False,1.8533084392547607,,1.2781792879104614,0.015570606105029583,1.0,1.2550649642944336,0.6318359375,2.5639023780822754,0.17724609375,1.9214587211608887,0.016229169443249702,1.0,2.80265474319458,0.1689453125,2.9454922676086426,0.048828125,,,,,,,
tune-U-w256-d48371-s701-g03-random,tune,U,256,48371,701,96101,3,random,3e-05,1.0,3212800,0,,no_adaptation,,0.0,0.0,,False,False,1.8533084392547607,,1.8536784648895264,0.009432165883481503,1.0,2.774989604949951,0.07275390625,2.776613712310791,0.06591796875,1.8533084392547607,0.009430170059204102,1.0,2.773754358291626,0.078125,2.776740550994873,0.0595703125,,,,,,,
tune-U-w256-d48371-s701-g03-random,tune,U,256,48371,701,96101,3,random,3e-05,1.0,3212800,1,,nonpositive_total_gain,,-0.6345241069793701,0.50390625,0.875,False,False,1.8533084392547607,,1.8549180030822754,0.00979438703507185,1.0,2.7764945030212402,0.07080078125,2.7784645557403564,0.05615234375,1.8561246395111084,0.00981348380446434,1.0,2.7795937061309814,0.06640625,2.7789666652679443,0.06640625,,,,,,,
tune-U-w256-d48371-s701-g03-random,tune,U,256,48371,701,96101,3,random,3e-05,1.0,3212800,3,8.0,,1.148073509888032,0.6871117353439331,0.498046875,0.7916666666666666,False,True,1.8533084392547607,,1.8523366451263428,0.010065950453281403,1.0,2.769813060760498,0.06640625,2.777130603790283,0.064453125,1.8554338216781616,0.010375529527664185,1.0,2.7759695053100586,0.0546875,2.779956340789795,0.0693359375,,,,,,,
tune-U-w256-d48371-s701-g03-random,tune,U,256,48371,701,96101,3,random,3e-05,1.0,3212800,5,2.6496696728602473,,0.02431038631095301,2.6256260871887207,0.4765625,0.775,False,False,1.8533084392547607,,1.8485503196716309,0.01106474082916975,1.0,2.760618209838867,0.08154296875,2.77396821975708,0.0751953125,1.857340693473816,0.012619787827134132,1.0,2.776942014694214,0.0654296875,2.7824604511260986,0.0634765625,,,,,,,
tune-U-w256-d48371-s701-g03-random,tune,U,256,48371,701,96101,3,random,3e-05,1.0,3212800,10,1.5513818192759414,,0.004596047248932548,15.140639305114746,0.408203125,0.81875,False,False,1.8533084392547607,,1.8241069316864014,0.018078451976180077,1.0,2.6795260906219482,0.1064453125,2.774716377258301,0.0791015625,1.8608078956604004,0.018383724614977837,1.0,2.7417144775390625,0.0810546875,2.8223249912261963,0.0537109375,,,,,,,
tune-U-w256-d48371-s701-g03-random,tune,U,256,48371,701,96101,3,random,3e-05,1.0,3212800,20,8.0,,5.9163935279560205,16.89940696954727,0.525390625,0.90625,False,True,1.8533084392547607,,1.8206719160079956,0.040911391377449036,1.0,2.530442953109741,0.2333984375,2.8906612396240234,0.13671875,2.083850860595703,0.043087150901556015,1.0,2.9773881435394287,0.126953125,3.231077194213867,0.0654296875,,,,,,,
tune-U-w256-d48371-s701-g03-random,tune,U,256,48371,701,96101,3,random,3e-05,1.0,3212800,30,6.8810028574344315,,1.7764849270759309,45.56816607713699,0.5390625,0.9375,False,False,1.8533084392547607,,1.7646782398223877,0.03116225078701973,1.0,2.3715033531188965,0.314453125,2.891369342803955,0.19970703125,2.233949661254883,0.0344439372420311,1.0,3.151082754135132,0.1220703125,3.516322374343872,0.0576171875,,,,,,,
tune-U-w256-d48371-s701-g03-uniform,tune,U,256,48371,701,96101,3,uniform,3e-05,1.0,3212800,0,,no_adaptation,,0.0,0.0,,False,False,1.8533084392547607,,1.8536784648895264,0.009432165883481503,1.0,2.774989604949951,0.07275390625,2.776613712310791,0.06591796875,1.8533084392547607,0.009430170059204102,1.0,2.773754358291626,0.078125,2.776740550994873,0.0595703125,,,,,,,
tune-U-w256-d48371-s701-g03-uniform,tune,U,256,48371,701,96101,3,uniform,3e-05,1.0,3212800,1,,constant_weights,,1.5171067714691162,0.427734375,0.0,False,False,1.8533084392547607,,1.8507155179977417,0.009828210808336735,1.0,2.7687408924102783,0.08935546875,2.7735772132873535,0.0673828125,1.8549768924713135,0.009858938865363598,1.0,2.7744531631469727,0.0859375,2.780618667602539,0.064453125,,,,,,,
tune-U-w256-d48371-s701-g03-uniform,tune,U,256,48371,701,96101,3,uniform,3e-05,1.0,3212800,3,,constant_weights,,4.253722906112671,0.3203125,0.020833333333333332,False,False,1.8533084392547607,,1.8453705310821533,0.009842819534242153,1.0,2.7589428424835205,0.10205078125,2.7673256397247314,0.076171875,1.853029489517212,0.009877033531665802,1.0,2.769926071166992,0.072265625,2.7792859077453613,0.068359375,,,,,,,
tune-U-w256-d48371-s701-g03-uniform,tune,U,256,48371,701,96101,3,uniform,3e-05,1.0,3212800,5,,constant_weights,,8.375306963920593,0.232421875,0.0125,False,False,1.8533084392547607,,1.8373204469680786,0.010330202989280224,1.0,2.7404942512512207,0.10595703125,2.7611374855041504,0.07470703125,1.8501859903335571,0.010359983891248703,1.0,2.7581491470336914,0.0869140625,2.7820489406585693,0.068359375,,,,,,,
tune-U-w256-d48371-s701-g03-uniform,tune,U,256,48371,701,96101,3,uniform,3e-05,1.0,3212800,10,,constant_weights,,53.64031219482422,0.1171875,0.1375,False,False,1.8533084392547607,,1.7489123344421387,0.02594522200524807,1.0,2.4783716201782227,0.14453125,2.742420196533203,0.08935546875,1.818091630935669,0.026226824149489403,1.0,2.61368465423584,0.111328125,2.814363479614258,0.0517578125,,,,,,,
tune-U-w256-d48371-s701-g03-uniform,tune,U,256,48371,701,96101,3,uniform,3e-05,1.0,3212800,20,,constant_weights,,183.27981638908386,0.01171875,0.56875,False,False,1.8533084392547607,,1.495710015296936,0.021843284368515015,1.0,1.7858145236968994,0.4169921875,2.6794726848602295,0.1298828125,1.805696725845337,0.022803638130426407,1.0,2.525568962097168,0.166015625,2.8687169551849365,0.0537109375,,,,,,,
tune-U-w256-d48371-s701-g03-uniform,tune,U,256,48371,701,96101,3,uniform,3e-05,1.0,3212800,30,,constant_weights,,290.37768626213074,0.0078125,0.7125,False,False,1.8533084392547607,,1.2865345478057861,0.01797301508486271,1.0,1.2724204063415527,0.62451171875,2.5692105293273926,0.18017578125,1.9126588106155396,0.018784910440444946,1.0,2.780503273010254,0.171875,2.938688278198242,0.0517578125,,,,,,,
tune-U-w256-d48371-s701-g04-random,tune,U,256,48371,701,96101,4,random,0.0001,0.1,3212800,0,,no_adaptation,,0.0,0.0,,False,False,1.8533084392547607,,1.8536784648895264,0.009432165883481503,1.0,2.774989604949951,0.07275390625,2.776613712310791,0.06591796875,1.8533084392547607,0.009430170059204102,1.0,2.773754358291626,0.078125,2.776740550994873,0.0595703125,,,,,,,
tune-U-w256-d48371-s701-g04-random,tune,U,256,48371,701,96101,4,random,0.0001,0.1,3212800,1,,nonpositive_total_gain,,-2.221245288848877,0.54296875,0.875,False,False,1.8533084392547607,,1.8580169677734375,0.01175678987056017,1.0,2.776437282562256,0.07080078125,2.7858567237854004,0.06201171875,1.8603357076644897,0.011873271316289902,1.0,2.782639503479004,0.0625,2.786494731903076,0.0625,,,,,,,
tune-U-w256-d48371-s701-g04-random,tune,U,256,48371,701,96101,4,random,0.0001,0.1,3212800,3,1.9500331489396565,,0.005083859587953211,5.2438682317733765,0.45703125,0.8333333333333334,False,False,1.8533084392547607,,1.8434364795684814,0.014235854148864746,1.0,2.7385408878326416,0.09228515625,2.7775330543518066,0.0751953125,1.8565658330917358,0.014437307603657246,1.0,2.766209125518799,0.068359375,2.789051055908203,0.0654296875,,,,,,,
tune-U-w256-d48371-s701-g04-random,tune,U,256,48371,701,96101,4,random,0.0001,0.1,3212800,5,2.317764951091707,,0.046667598463555796,17.54256236553192,0.42578125,0.875,False,False,1.8533084392547607,,1.8194156885147095,0.03525742143392563,1.0,2.6274542808532715,0.1337890625,2.795535087585449,0.072265625,1.8751205205917358,0.03558328002691269,1.0,2.73075270652771,0.1064453125,2.859025239944458,0.0732421875,,,,,,,
tune-U-w256-d48371-s701-g04-random,tune,U,256,48371,701,96101,4,random,0.0001,0.1,3212800,10,4.4249122575066835,,0.4661198688770283,40.425509572029114,0.494140625,0.93125,False,False,1.8533084392547607,,1.7747224569320679,0.040900178253650665,1.0,2.423081398010254,0.255859375,2.8601856231689453,0.12744140625,2.0108091831207275,0.046716224402189255,0.9990234375,2.863231658935547,0.13671875,3.1224799156188965,0.0703125,,,,,,,
tune-U-w256-d48371-s701-g04-random,tune,U,256,48371,701,96101,4,random,0.0001,0.1,3212800,20,4.775721527359799,,1.5430750098799502,76.46920037269592,0.5234375,0.965625,False,False,1.8533084392547607,,1.704324722290039,0.033401064574718475,0.99951171875,2.1699767112731934,0.4267578125,2.9095959663391113,0.28125,2.463003635406494,0.039073456078767776,0.998046875,3.3941431045532227,0.134765625,3.9557948112487793,0.0595703125,,,,,,,
tune-U-w256-d48371-s701-g04-random,tune,U,256,48371,701,96101,4,random,0.0001,0.1,3212800,30,1.3495147307069852,,0.11924453164079343,240.30017840862274,0.40234375,0.9770833333333333,False,False,1.8533084392547607,,1.3843423128128052,0.019646640866994858,0.99853515625,1.631225824356079,0.5869140625,2.5021541118621826,0.4443359375,2.694854497909546,0.02475018799304962,0.9970703125,3.462825298309326,0.205078125,4.596987724304199,0.0634765625,,,,,,,
tune-U-w256-d48371-s701-g04-uniform,tune,U,256,48371,701,96101,4,uniform,0.0001,0.1,3212800,0,,no_adaptation,,0.0,0.0,,False,False,1.8533084392547607,,1.8536784648895264,0.009432165883481503,1.0,2.774989604949951,0.07275390625,2.776613712310791,0.06591796875,1.8533084392547607,0.009430170059204102,1.0,2.773754358291626,0.078125,2.776740550994873,0.0595703125,,,,,,,
tune-U-w256-d48371-s701-g04-uniform,tune,U,256,48371,701,96101,4,uniform,0.0001,0.1,3212800,1,,constant_weights,,-0.9568160772323608,0.544921875,0.0625,False,False,1.8533084392547607,,1.8555471897125244,0.011452890001237392,1.0,2.7697372436523438,0.064453125,2.785451889038086,0.05712890625,1.8573604822158813,0.011480918154120445,1.0,2.773132562637329,0.064453125,2.7874677181243896,0.0703125,,,,,,,
tune-U-w256-d48371-s701-g04-uniform,tune,U,256,48371,701,96101,4,uniform,0.0001,0.1,3212800,3,,constant_weights,,16.25875735282898,0.19921875,0.14583333333333334,False,False,1.8533084392547607,,1.8219231367111206,0.015167666599154472,1.0,2.6906232833862305,0.1484375,2.759978771209717,0.07763671875,1.841511845588684,0.01558411680161953,1.0,2.7230758666992188,0.1181640625,2.7858755588531494,0.0546875,,,,,,,
tune-U-w256-d48371-s701-g04-uniform,tune,U,256,48371,701,96101,4,uniform,0.0001,0.1,3212800,5,,constant_weights,,65.54677987098694,0.115234375,0.2625,False,False,1.8533084392547607,,1.7256574630737305,0.03519526496529579,1.0,2.3852434158325195,0.19775390625,2.756533622741699,0.09326171875,1.8062516450881958,0.036017514765262604,1.0,2.550999164581299,0.1494140625,2.8317384719848633,0.0673828125,,,,,,,
tune-U-w256-d48371-s701-g04-uniform,tune,U,256,48371,701,96101,4,uniform,0.0001,0.1,3212800,10,,constant_weights,,215.14510297775269,0.01171875,0.63125,False,False,1.8533084392547607,,1.4334733486175537,0.022070949897170067,1.0,1.6143325567245483,0.45849609375,2.6640162467956543,0.12939453125,1.7836488485336304,0.024528762325644493,1.0,2.471698760986328,0.220703125,2.854719638824463,0.06640625,,,,,,,
tune-U-w256-d48371-s701-g04-uniform,tune,U,256,48371,701,96101,4,uniform,0.0001,0.1,3212800,20,,constant_weights,,572.2714760899544,0.0,0.815625,False,False,1.8533084392547607,,0.7359607815742493,0.017718756571412086,1.0,0.28607675433158875,0.958984375,1.9040868282318115,0.400390625,1.9826903343200684,0.027966732159256935,0.9990234375,2.3647348880767822,0.3544921875,3.5553689002990723,0.05859375,,,,,,,
tune-U-w256-d48371-s701-g04-uniform,tune,U,256,48371,701,96101,4,uniform,0.0001,0.1,3212800,30,,constant_weights,,837.6538314819336,0.0,0.8770833333333333,False,False,1.8533084392547607,,0.2176358848810196,0.01363956369459629,1.0,0.09115901589393616,0.99609375,0.5481090545654297,0.85546875,2.32138991355896,0.02065013349056244,0.998046875,2.2306318283081055,0.419921875,4.712888240814209,0.0654296875,,,,,,,
tune-U-w256-d48371-s701-g05-random,tune,U,256,48371,701,96101,5,random,0.0001,1.0,3212800,0,,no_adaptation,,0.0,0.0,,False,False,1.8533084392547607,,1.8536784648895264,0.009432165883481503,1.0,2.774989604949951,0.07275390625,2.776613712310791,0.06591796875,1.8533084392547607,0.009430170059204102,1.0,2.773754358291626,0.078125,2.776740550994873,0.0595703125,,,,,,,
tune-U-w256-d48371-s701-g05-random,tune,U,256,48371,701,96101,5,random,0.0001,1.0,3212800,1,,nonpositive_total_gain,,-2.248733401298523,0.54296875,0.875,False,False,1.8533084392547607,,1.8580706119537354,0.011995488777756691,1.0,2.776406764984131,0.0712890625,2.7858095169067383,0.06201171875,1.8604185581207275,0.012115124613046646,1.0,2.7826194763183594,0.0625,2.7865209579467773,0.0615234375,,,,,,,
tune-U-w256-d48371-s701-g05-random,tune,U,256,48371,701,96101,5,random,0.0001,1.0,3212800,3,1.9983005125910318,,0.004165055851579409,5.352414608001709,0.447265625,0.8125,False,False,1.8533084392547607,,1.8432244062423706,0.015085308812558651,1.0,2.7364554405212402,0.09375,2.7781331539154053,0.07421875,1.8567519187927246,0.015306932851672173,1.0,2.7649059295654297,0.072265625,2.790043354034424,0.06640625,,,,,,,
tune-U-w256-d48371-s701-g05-random,tune,U,256,48371,701,96101,5,random,0.0001,1.0,3212800,5,2.422238229593747,,0.0546433658930743,17.242956519126892,0.431640625,0.8625,False,False,1.8533084392547607,,1.8200010061264038,0.03767403960227966,1.0,2.6252238750457764,0.13232421875,2.797104835510254,0.07373046875,1.8757845163345337,0.038137856870889664,1.0,2.7289106845855713,0.099609375,2.8603053092956543,0.07421875,,,,,,,
tune-U-w256-d48371-s701-g05-random,tune,U,256,48371,701,96101,5,random,0.0001,1.0,3212800,10,4.267355900351198,,0.4225557739997418,40.624939262866974,0.484375,0.93125,False,False,1.8533084392547607,,1.7743330001831055,0.04631864279508591,1.0,2.417879104614258,0.2451171875,2.8588011264801025,0.12646484375,2.005613327026367,0.05198076367378235,0.9990234375,2.844170093536377,0.1376953125,3.1206889152526855,0.068359375,,,,,,,
tune-U-w256-d48371-s701-g05-random,tune,U,256,48371,701,96101,5,random,0.0001,1.0,3212800,20,5.127783225133664,,1.7248127520819276,71.49323707818985,0.529296875,0.965625,False,False,1.8533084392547607,,1.714043378829956,0.036110829561948776,1.0,2.191649913787842,0.42236328125,2.9143691062927246,0.27001953125,2.458646297454834,0.04215262830257416,1.0,3.3726837635040283,0.125,3.961102247238159,0.0673828125,,,,,,,
tune-U-w256-d48371-s701-g05-random,tune,U,256,48371,701,96101,5,random,0.0001,1.0,3212800,30,1.3898049857659003,,0.11930861594318934,231.99693846702576,0.41015625,0.9770833333333333,False,False,1.8533084392547607,,1.4005595445632935,0.02463739924132824,1.0,1.689893364906311,0.57470703125,2.487147808074951,0.43359375,2.601134777069092,0.028769154101610184,0.9990234375,3.438896894454956,0.1767578125,4.335737705230713,0.0693359375,,,,,,,
tune-U-w256-d48371-s701-g05-uniform,tune,U,256,48371,701,96101,5,uniform,0.0001,1.0,3212800,0,,no_adaptation,,0.0,0.0,,False,False,1.8533084392547607,,1.8536784648895264,0.009432165883481503,1.0,2.774989604949951,0.07275390625,2.776613712310791,0.06591796875,1.8533084392547607,0.009430170059204102,1.0,2.773754358291626,0.078125,2.776740550994873,0.0595703125,,,,,,,
tune-U-w256-d48371-s701-g05-uniform,tune,U,256,48371,701,96101,5,uniform,0.0001,1.0,3212800,1,,constant_weights,,-0.9776796102523804,0.544921875,0.0625,False,False,1.8533084392547607,,1.8555880784988403,0.011687064543366432,1.0,2.769601345062256,0.064453125,2.785475969314575,0.05712890625,1.8574167490005493,0.011717797257006168,1.0,2.773050308227539,0.064453125,2.7874820232391357,0.0703125,,,,,,,
tune-U-w256-d48371-s701-g05-uniform,tune,U,256,48371,701,96101,5,uniform,0.0001,1.0,3212800,3,,constant_weights,,16.989349961280823,0.197265625,0.125,False,False,1.8533084392547607,,1.8204963207244873,0.016424722969532013,1.0,2.6852173805236816,0.13916015625,2.7598466873168945,0.0810546875,1.841156244277954,0.016948483884334564,1.0,2.7201507091522217,0.11328125,2.7863693237304688,0.0576171875,,,,,,,
tune-U-w256-d48371-s701-g05-uniform,tune,U,256,48371,701,96101,5,uniform,0.0001,1.0,3212800,5,,constant_weights,,67.45180177688599,0.125,0.25,False,False,1.8533084392547607,,1.7219367027282715,0.03801724314689636,1.0,2.368948459625244,0.2001953125,2.7588446140289307,0.091796875,1.8035722970962524,0.03919493779540062,1.0,2.5420384407043457,0.1513671875,2.8294832706451416,0.068359375,,,,,,,
tune-U-w256-d48371-s701-g05-uniform,tune,U,256,48371,701,96101,5,uniform,0.0001,1.0,3212800,10,,constant_weights,,213.6937382221222,0.009765625,0.625,False,False,1.8533084392547607,,1.4363079071044922,0.025270219892263412,1.0,1.6157190799713135,0.4599609375,2.6679344177246094,0.12939453125,1.7823054790496826,0.028282152488827705,1.0,2.461339235305786,0.2109375,2.857295513153076,0.0546875,,,,,,,
tune-U-w256-d48371-s701-g05-uniform,tune,U,256,48371,701,96101,5,uniform,0.0001,1.0,3212800,20,,constant_weights,,547.7625516653061,0.0,0.8125,False,False,1.8533084392547607,,0.7838297486305237,0.021819863468408585,1.0,0.32091838121414185,0.953125,2.008751153945923,0.3623046875,1.941706895828247,0.02715911529958248,1.0,2.3298158645629883,0.36328125,3.4681460857391357,0.056640625,,,,,,,
tune-U-w256-d48371-s701-g05-uniform,tune,U,256,48371,701,96101,5,uniform,0.0001,1.0,3212800,30,,constant_weights,,828.2894504070282,0.0,0.875,False,False,1.8533084392547607,,0.23592570424079895,0.019138289615511894,1.0,0.10894875228404999,0.9951171875,0.5796899795532227,0.8583984375,2.2050797939300537,0.024225756525993347,1.0,2.0369486808776855,0.44140625,4.554064750671387,0.0703125,,,,,,,
tune-U-w256-d50723-s702-g00-random,tune,U,256,50723,702,96102,0,random,1e-05,0.1,3212800,0,,no_adaptation,,0.0,0.0,,False,False,1.8541665077209473,,1.8546160459518433,0.009277584962546825,1.0,2.778258800506592,0.0439453125,2.7763118743896484,0.06396484375,1.8541665077209473,0.00929664634168148,1.0,2.777667760848999,0.048828125,2.7755351066589355,0.068359375,,,,,,,
tune-U-w256-d50723-s702-g00-random,tune,U,256,50723,702,96102,0,random,1e-05,0.1,3212800,1,1.1191215997427766,,0.018702861390260183,0.43810975551605225,0.46875,0.75,False,False,1.8541665077209473,,1.8537603616714478,0.009288204833865166,1.0,2.7781944274902344,0.06787109375,2.773798704147339,0.072265625,1.855394721031189,0.009312141686677933,1.0,2.778049945831299,0.068359375,2.778822183609009,0.0615234375,,,,,,,
tune-U-w256-d50723-s702-g00-random,tune,U,256,50723,702,96102,0,random,1e-05,0.1,3212800,3,8.0,,15.99198047156399,0.13554465770721436,0.474609375,0.6458333333333334,False,True,1.8541665077209473,,1.854351282119751,0.009285351261496544,1.0,2.7793068885803223,0.07275390625,2.7744617462158203,0.072265625,1.8559544086456299,0.00931232888251543,1.0,2.7788572311401367,0.076171875,2.779693841934204,0.0595703125,,,,,,,
tune-U-w256-d50723-s702-g00-random,tune,U,256,50723,702,96102,0,random,1e-05,0.1,3212800,5,2.93169212697363,,0.25329558707464667,0.7127507925033569,0.46484375,0.6625,False,False,1.8541665077209473,,1.8532239198684692,0.009315400384366512,1.0,2.777083396911621,0.07080078125,2.773273229598999,0.0712890625,1.8554716110229492,0.009341126307845116,1.0,2.7771739959716797,0.0703125,2.779900312423706,0.0576171875,,,,,,,
tune-U-w256-d50723-s702-g00-random,tune,U,256,50723,702,96102,0,random,1e-05,0.1,3212800,10,1.2974411637141037,,0.0105386911656289,2.016921043395996,0.416015625,0.68125,False,False,1.8541665077209473,,1.8506767749786377,0.009654565714299679,1.0,2.7722010612487793,0.0634765625,2.770174980163574,0.07470703125,1.8548341989517212,0.009697999805212021,1.0,2.7749671936035156,0.0673828125,2.7798378467559814,0.06640625,,,,,,,
tune-U-w256-d50723-s702-g00-random,tune,U,256,50723,702,96102,0,random,1e-05,0.1,3212800,20,1.7270939550216733,,0.014704099250385244,5.550261974334717,0.423828125,0.7,False,False,1.8541665077209473,,1.843775749206543,0.011780191212892532,1.0,2.756554126739502,0.09033203125,2.7629926204681396,0.0830078125,1.858816385269165,0.011792446486651897,1.0,2.7724642753601074,0.0595703125,2.7921924591064453,0.0712890625,,,,,,,
tune-U-w256-d50723-s702-g00-random,tune,U,256,50723,702,96102,0,random,1e-05,0.1,3212800,30,8.0,,17.835242423794817,2.8462536334991455,0.51171875,0.7770833333333333,False,True,1.8541665077209473,,1.8490569591522217,0.020743682980537415,1.0,2.7277615070343018,0.09912109375,2.7986655235290527,0.08837890625,1.9145569801330566,0.020206231623888016,1.0,2.8003697395324707,0.0810546875,2.9230947494506836,0.0703125,,,,,,,
tune-U-w256-d50723-s702-g00-uniform,tune,U,256,50723,702,96102,0,uniform,1e-05,0.1,3212800,0,,no_adaptation,,0.0,0.0,,False,False,1.8541665077209473,,1.8546160459518433,0.009277584962546825,1.0,2.778258800506592,0.0439453125,2.7763118743896484,0.06396484375,1.8541665077209473,0.00929664634168148,1.0,2.777667760848999,0.048828125,2.7755351066589355,0.068359375,,,,,,,
tune-U-w256-d50723-s702-g00-uniform,tune,U,256,50723,702,96102,0,uniform,1e-05,0.1,3212800,1,,constant_weights,,0.9264905452728271,0.46875,0.0,False,False,1.8541665077209473,,1.8528064489364624,0.00927016418427229,1.0,2.7762558460235596,0.06640625,2.7728934288024902,0.06982421875,1.855936050415039,0.009292133152484894,1.0,2.7785086631774902,0.0654296875,2.7800071239471436,0.0634765625,,,,,,,
tune-U-w256-d50723-s702-g00-uniform,tune,U,256,50723,702,96102,0,uniform,1e-05,0.1,3212800,3,,constant_weights,,1.772690773010254,0.396484375,0.0,False,False,1.8541665077209473,,1.85115385055542,0.00923077017068863,1.0,2.7728586196899414,0.0576171875,2.771371841430664,0.06689453125,1.8544938564300537,0.009258870035409927,1.0,2.777132987976074,0.052734375,2.7770891189575195,0.072265625,,,,,,,
tune-U-w256-d50723-s702-g00-uniform,tune,U,256,50723,702,96102,0,uniform,1e-05,0.1,3212800,5,,constant_weights,,2.5372921228408813,0.337890625,0.0,False,False,1.8541665077209473,,1.8496603965759277,0.009231657721102238,1.0,2.7705888748168945,0.072265625,2.769160509109497,0.06640625,1.853713870048523,0.009265828877687454,1.0,2.7752327919006348,0.06640625,2.7766427993774414,0.0703125,,,,,,,
tune-U-w256-d50723-s702-g00-uniform,tune,U,256,50723,702,96102,0,uniform,1e-05,0.1,3212800,10,,constant_weights,,4.87556517124176,0.2578125,0.0,False,False,1.8541665077209473,,1.8450934886932373,0.009400378912687302,1.0,2.7618792057037354,0.07861328125,2.764000415802002,0.07470703125,1.852463960647583,0.009460949338972569,1.0,2.7715213298797607,0.068359375,2.776409864425659,0.064453125,,,,,,,
tune-U-w256-d50723-s702-g00-uniform,tune,U,256,50723,702,96102,0,uniform,1e-05,0.1,3212800,20,,constant_weights,,15.64902126789093,0.173828125,0.03125,False,False,1.8541665077209473,,1.8240513801574707,0.01091939676553011,1.0,2.722297430038452,0.10498046875,2.7389376163482666,0.0947265625,1.8508961200714111,0.01111573725938797,1.0,2.755685329437256,0.083984375,2.7858874797821045,0.0576171875,,,,,,,
tune-U-w256-d50723-s702-g00-uniform,tune,U,256,50723,702,96102,0,uniform,1e-05,0.1,3212800,30,,constant_weights,,47.80613553524017,0.15234375,0.22291666666666668,False,False,1.8541665077209473,,1.761244773864746,0.017145615071058273,1.0,2.5730597972869873,0.14306640625,2.693528890609741,0.11083984375,1.8648313283920288,0.017497271299362183,1.0,2.7218871116638184,0.0966796875,2.855109691619873,0.0595703125,,,,,,,
tune-U-w256-d50723-s702-g01-random,tune,U,256,50723,702,96102,1,random,1e-05,1.0,3212800,0,,no_adaptation,,0.0,0.0,,False,False,1.8541665077209473,,1.8546160459518433,0.009277584962546825,1.0,2.778258800506592,0.0439453125,2.7763118743896484,0.06396484375,1.8541665077209473,0.00929664634168148,1.0,2.777667760848999,0.048828125,2.7755351066589355,0.068359375,,,,,,,
tune-U-w256-d50723-s702-g01-random,tune,U,256,50723,702,96102,1,random,1e-05,1.0,3212800,1,1.1428159500532202,,0.01994928736257779,0.4317225217819214,0.46875,0.75,False,False,1.8541665077209473,,1.853772759437561,0.009310613386332989,1.0,2.778203010559082,0.06787109375,2.7738046646118164,0.072265625,1.855407476425171,0.009334634058177471,1.0,2.7780590057373047,0.068359375,2.7788286209106445,0.0625,,,,,,,
tune-U-w256-d50723-s702-g01-random,tune,U,256,50723,702,96102,1,random,1e-05,1.0,3212800,3,8.0,,22.019836212378014,0.1173635721206665,0.474609375,0.6458333333333334,False,True,1.8541665077209473,,1.8543866872787476,0.009352955967187881,1.0,2.7793285846710205,0.07275390625,2.7744789123535156,0.072265625,1.8559901714324951,0.009380288422107697,1.0,2.778878688812256,0.076171875,2.7797112464904785,0.0595703125,,,,,,,
tune-U-w256-d50723-s702-g01-random,tune,U,256,50723,702,96102,1,random,1e-05,1.0,3212800,5,3.1099252234860972,,0.29244015470832146,0.6840063333511353,0.46484375,0.6625,False,False,1.8541665077209473,,1.8532800674438477,0.009428393095731735,1.0,2.7771124839782715,0.07080078125,2.773299217224121,0.0712890625,1.8555275201797485,0.009454662911593914,1.0,2.7772042751312256,0.0693359375,2.779923915863037,0.0576171875,,,,,,,
tune-U-w256-d50723-s702-g01-random,tune,U,256,50723,702,96102,1,random,1e-05,1.0,3212800,10,1.3531554416161513,,0.012605232592163717,1.9631195068359375,0.41796875,0.68125,False,False,1.8541665077209473,,1.850781798362732,0.009885814972221851,1.0,2.7722392082214355,0.0634765625,2.7702202796936035,0.07470703125,1.8549363613128662,0.009932885877788067,1.0,2.7750022411346436,0.0673828125,2.779873847961426,0.06640625,,,,,,,
tune-U-w256-d50723-s702-g01-random,tune,U,256,50723,702,96102,1,random,1e-05,1.0,3212800,20,1.7884152594240783,,0.01678332372214493,5.458789348602295,0.42578125,0.69375,False,False,1.8541665077209473,,1.8439544439315796,0.012297321110963821,1.0,2.7563889026641846,0.0888671875,2.763176918029785,0.080078125,1.859004020690918,0.012310246005654335,1.0,2.772287368774414,0.0595703125,2.7924139499664307,0.0732421875,,,,,,,
tune-U-w256-d50723-s702-g01-random,tune,U,256,50723,702,96102,1,random,1e-05,1.0,3212800,30,8.0,,14.187602235691799,3.115779995918274,0.509765625,0.7770833333333333,False,True,1.8541665077209473,,1.8485305309295654,0.02188415452837944,1.0,2.727004051208496,0.09765625,2.796703338623047,0.08740234375,1.9124928712844849,0.021329699084162712,1.0,2.7996199131011963,0.0810546875,2.9165284633636475,0.0712890625,,,,,,,
tune-U-w256-d50723-s702-g01-uniform,tune,U,256,50723,702,96102,1,uniform,1e-05,1.0,3212800,0,,no_adaptation,,0.0,0.0,,False,False,1.8541665077209473,,1.8546160459518433,0.009277584962546825,1.0,2.778258800506592,0.0439453125,2.7763118743896484,0.06396484375,1.8541665077209473,0.00929664634168148,1.0,2.777667760848999,0.048828125,2.7755351066589355,0.068359375,,,,,,,
tune-U-w256-d50723-s702-g01-uniform,tune,U,256,50723,702,96102,1,uniform,1e-05,1.0,3212800,1,,constant_weights,,0.9201018810272217,0.46875,0.0,False,False,1.8541665077209473,,1.8528189659118652,0.009292787872254848,1.0,2.7762644290924072,0.06640625,2.772899627685547,0.06982421875,1.8559486865997314,0.009314877912402153,1.0,2.778517246246338,0.0654296875,2.7800135612487793,0.0634765625,,,,,,,
tune-U-w256-d50723-s702-g01-uniform,tune,U,256,50723,702,96102,1,uniform,1e-05,1.0,3212800,3,,constant_weights,,1.7545902729034424,0.3984375,0.0,False,False,1.8541665077209473,,1.851189136505127,0.00929821003228426,1.0,2.772878885269165,0.0576171875,2.771390199661255,0.06689453125,1.8545283079147339,0.009326605126261711,1.0,2.7771522998809814,0.052734375,2.7771058082580566,0.072265625,,,,,,,
tune-U-w256-d50723-s702-g01-uniform,tune,U,256,50723,702,96102,1,uniform,1e-05,1.0,3212800,5,,constant_weights,,2.5085034370422363,0.33984375,0.0,False,False,1.8541665077209473,,1.8497165441513062,0.009343812242150307,1.0,2.7706165313720703,0.0703125,2.7691893577575684,0.06689453125,1.8537681102752686,0.009378466755151749,1.0,2.775256872177124,0.06640625,2.7766685485839844,0.0712890625,,,,,,,
tune-U-w256-d50723-s702-g01-uniform,tune,U,256,50723,702,96102,1,uniform,1e-05,1.0,3212800,10,,constant_weights,,4.822269439697266,0.267578125,0.0,False,False,1.8541665077209473,,1.8451976776123047,0.009625697508454323,1.0,2.7619125843048096,0.078125,2.764054298400879,0.07568359375,1.852553367614746,0.009687851183116436,1.0,2.771528720855713,0.0693359375,2.7764434814453125,0.064453125,,,,,,,
tune-U-w256-d50723-s702-g01-uniform,tune,U,256,50723,702,96102,1,uniform,1e-05,1.0,3212800,20,,constant_weights,,15.692025899887085,0.17578125,0.03125,False,False,1.8541665077209473,,1.823967456817627,0.011395759880542755,1.0,2.7215616703033447,0.1025390625,2.7389450073242188,0.09423828125,1.8513154983520508,0.011599577963352203,1.0,2.755133628845215,0.0830078125,2.78721284866333,0.052734375,,,,,,,
tune-U-w256-d50723-s702-g01-uniform,tune,U,256,50723,702,96102,1,uniform,1e-05,1.0,3212800,30,,constant_weights,,47.59081745147705,0.1484375,0.225,False,False,1.8541665077209473,,1.7616652250289917,0.018143337219953537,1.0,2.5722837448120117,0.14501953125,2.694568395614624,0.1103515625,1.8648359775543213,0.0185061264783144,1.0,2.7206525802612305,0.09765625,2.855349540710449,0.060546875,,,,,,,
tune-U-w256-d50723-s702-g02-random,tune,U,256,50723,702,96102,2,random,3e-05,0.1,3212800,0,,no_adaptation,,0.0,0.0,,False,False,1.8541665077209473,,1.8546160459518433,0.009277584962546825,1.0,2.778258800506592,0.0439453125,2.7763118743896484,0.06396484375,1.8541665077209473,0.00929664634168148,1.0,2.777667760848999,0.048828125,2.7755351066589355,0.068359375,,,,,,,
tune-U-w256-d50723-s702-g02-random,tune,U,256,50723,702,96102,2,random,3e-05,0.1,3212800,1,8.0,,41.14114346834752,0.0678873062133789,0.49609375,0.75,False,True,1.8541665077209473,,1.8544834852218628,0.00949217937886715,1.0,2.7793350219726562,0.06982421875,2.774623394012451,0.07275390625,1.857416033744812,0.009517978876829147,1.0,2.7794129848480225,0.0732421875,2.7833170890808105,0.0576171875,,,,,,,
tune-U-w256-d50723-s702-g02-random,tune,U,256,50723,702,96102,2,random,3e-05,0.1,3212800,3,2.4973780505131797,,0.12600421452192678,1.1261848211288452,0.44921875,0.6666666666666666,False,False,1.8541665077209473,,1.8524163961410522,0.009634396061301231,1.0,2.774975061416626,0.06640625,2.772639751434326,0.07373046875,1.8565956354141235,0.009668543003499508,1.0,2.7784371376037598,0.0673828125,2.7816805839538574,0.05859375,,,,,,,
tune-U-w256-d50723-s702-g02-random,tune,U,256,50723,702,96102,2,random,3e-05,0.1,3212800,5,1.4787287280248584,,0.008773235082135735,2.7229244709014893,0.431640625,0.6875,False,False,1.8541665077209473,,1.8492980003356934,0.010151715017855167,1.0,2.767854928970337,0.083984375,2.7698869705200195,0.078125,1.855028510093689,0.010202798992395401,1.0,2.7721781730651855,0.078125,2.7827043533325195,0.0673828125,,,,,,,
tune-U-w256-d50723-s702-g02-random,tune,U,256,50723,702,96102,2,random,3e-05,0.1,3212800,10,6.821760610477788,,1.2357829405841467,5.3656651973724365,0.474609375,0.775,False,False,1.8541665077209473,,1.844136357307434,0.01743210479617119,1.0,2.73148512840271,0.08544921875,2.783491373062134,0.08642578125,1.8842551708221436,0.01721564680337906,1.0,2.7771830558776855,0.0712890625,2.8583669662475586,0.0693359375,,,,,,,
tune-U-w256-d50723-s702-g02-random,tune,U,256,50723,702,96102,2,random,3e-05,0.1,3212800,20,8.0,,118.0542659519363,4.18546199798584,0.55078125,0.8875,False,True,1.8541665077209473,,1.8464412689208984,0.03499075397849083,1.0,2.612680196762085,0.203125,2.891652822494507,0.1376953125,2.0847291946411133,0.038633767515420914,0.9990234375,2.9613122940063477,0.1083984375,3.2542409896850586,0.064453125,,,,,,,
tune-U-w256-d50723-s702-g02-random,tune,U,256,50723,702,96102,2,random,3e-05,0.1,3212800,30,8.0,,8.843368719941362,24.861188650131226,0.54296875,0.925,False,True,1.8541665077209473,,1.8060591220855713,0.02792593091726303,1.0,2.500448226928711,0.28955078125,2.8898024559020996,0.2099609375,2.278151512145996,0.03439014405012131,0.9970703125,3.1825079917907715,0.1298828125,3.617555856704712,0.0576171875,,,,,,,
tune-U-w256-d50723-s702-g02-uniform,tune,U,256,50723,702,96102,2,uniform,3e-05,0.1,3212800,0,,no_adaptation,,0.0,0.0,,False,False,1.8541665077209473,,1.8546160459518433,0.009277584962546825,1.0,2.778258800506592,0.0439453125,2.7763118743896484,0.06396484375,1.8541665077209473,0.00929664634168148,1.0,2.777667760848999,0.048828125,2.7755351066589355,0.068359375,,,,,,,
tune-U-w256-d50723-s702-g02-uniform,tune,U,256,50723,702,96102,2,uniform,3e-05,0.1,3212800,1,,constant_weights,,1.4829070568084717,0.447265625,0.0,False,False,1.8541665077209473,,1.851719856262207,0.009462246671319008,1.0,2.7735836505889893,0.083984375,2.772113561630249,0.07080078125,1.8550232648849487,0.009495560079813004,1.0,2.7769453525543213,0.0791015625,2.7786288261413574,0.0625,,,,,,,
tune-U-w256-d50723-s702-g02-uniform,tune,U,256,50723,702,96102,2,uniform,3e-05,0.1,3212800,3,,constant_weights,,3.823547601699829,0.328125,0.0,False,False,1.8541665077209473,,1.8471481800079346,0.009467790834605694,1.0,2.76515531539917,0.08447265625,2.7668213844299316,0.068359375,1.8537540435791016,0.009532084688544273,1.0,2.773111343383789,0.078125,2.778618812561035,0.05859375,,,,,,,
tune-U-w256-d50723-s702-g02-uniform,tune,U,256,50723,702,96102,2,uniform,3e-05,0.1,3212800,5,,constant_weights,,6.950211882591248,0.2265625,0.0,False,False,1.8541665077209473,,1.8410414457321167,0.009782595559954643,1.0,2.753342390060425,0.09521484375,2.7599987983703613,0.08349609375,1.8517107963562012,0.009867534041404724,1.0,2.7687172889709473,0.076171875,2.776547431945801,0.07421875,,,,,,,
tune-U-w256-d50723-s702-g02-uniform,tune,U,256,50723,702,96102,2,uniform,3e-05,0.1,3212800,10,,constant_weights,,30.915663242340088,0.166015625,0.1,False,False,1.8541665077209473,,1.7942339181900024,0.014354569837450981,1.0,2.6461403369903564,0.1025390625,2.7222065925598145,0.09326171875,1.853456974029541,0.0147111089900136,1.0,2.7234091758728027,0.0791015625,2.822251081466675,0.0615234375,,,,,,,
tune-U-w256-d50723-s702-g02-uniform,tune,U,256,50723,702,96102,2,uniform,3e-05,0.1,3212800,20,,constant_weights,,148.34657627344131,0.04296875,0.534375,False,False,1.8541665077209473,,1.564876675605774,0.019895832985639572,1.0,2.0633084774017334,0.3203125,2.6114253997802734,0.1455078125,1.90061616897583,0.021286070346832275,1.0,2.7382936477661133,0.1318359375,2.9422683715820312,0.064453125,,,,,,,
tune-U-w256-d50723-s702-g02-uniform,tune,U,256,50723,702,96102,2,uniform,3e-05,0.1,3212800,30,,constant_weights,,275.668579518795,0.01171875,0.6895833333333333,False,False,1.8541665077209473,,1.316200852394104,0.01665637642145157,1.0,1.540712833404541,0.5322265625,2.391233205795288,0.22314453125,2.011786460876465,0.017929185181856155,1.0,2.912522077560425,0.14453125,3.104907989501953,0.072265625,,,,,,,
tune-U-w256-d50723-s702-g03-random,tune,U,256,50723,702,96102,3,random,3e-05,1.0,3212800,0,,no_adaptation,,0.0,0.0,,False,False,1.8541665077209473,,1.8546160459518433,0.009277584962546825,1.0,2.778258800506592,0.0439453125,2.7763118743896484,0.06396484375,1.8541665077209473,0.00929664634168148,1.0,2.777667760848999,0.048828125,2.7755351066589355,0.068359375,,,,,,,
tune-U-w256-d50723-s702-g03-random,tune,U,256,50723,702,96102,3,random,3e-05,1.0,3212800,1,8.0,,78.62073853672518,0.050110578536987305,0.49609375,0.75,False,True,1.8541665077209473,,1.854518175125122,0.009558824822306633,1.0,2.779356002807617,0.06982421875,2.77463960647583,0.07275390625,1.8574503660202026,0.009584908373653889,1.0,2.7794337272644043,0.0732421875,2.7833328247070312,0.0576171875,,,,,,,
tune-U-w256-d50723-s702-g03-random,tune,U,256,50723,702,96102,3,random,3e-05,1.0,3212800,3,2.648739739201243,,0.14897711521417115,1.0801995992660522,0.44921875,0.6666666666666666,False,False,1.8541665077209473,,1.852506160736084,0.009840814396739006,1.0,2.7750015258789062,0.06640625,2.772676706314087,0.07373046875,1.856689691543579,0.009875906631350517,1.0,2.7784647941589355,0.0673828125,2.781728506088257,0.0576171875,,,,,,,
tune-U-w256-d50723-s702-g03-random,tune,U,256,50723,702,96102,3,random,3e-05,1.0,3212800,5,1.5916871906792558,,0.012311218385967639,2.614994764328003,0.439453125,0.6875,False,False,1.8541665077209473,,1.8495086431503296,0.01051967404782772,1.0,2.767991542816162,0.08447265625,2.770015001296997,0.07958984375,1.855158805847168,0.010578412562608719,1.0,2.7723171710968018,0.08203125,2.782580614089966,0.0654296875,,,,,,,
tune-U-w256-d50723-s702-g03-random,tune,U,256,50723,702,96102,3,random,3e-05,1.0,3212800,10,7.537406006193622,,1.63432236064706,4.982243299484253,0.484375,0.775,False,False,1.8541665077209473,,1.8448851108551025,0.01870538480579853,1.0,2.731151819229126,0.0869140625,2.7847979068756104,0.08544921875,1.8859792947769165,0.018464406952261925,1.0,2.780622959136963,0.0673828125,2.8588504791259766,0.0673828125,,,,,,,
tune-U-w256-d50723-s702-g03-random,tune,U,256,50723,702,96102,3,random,3e-05,1.0,3212800,20,8.0,,22.537703447462363,8.787895858287811,0.55078125,0.8875,False,True,1.8541665077209473,,1.8374521732330322,0.038221485912799835,1.0,2.6027066707611084,0.201171875,2.8714284896850586,0.1376953125,2.073375701904297,0.04204956069588661,0.9990234375,2.953228712081909,0.107421875,3.224848985671997,0.0625,,,,,,,
tune-U-w256-d50723-s702-g03-random,tune,U,256,50723,702,96102,3,random,3e-05,1.0,3212800,30,8.0,,4.463848159002974,31.545877993106842,0.546875,0.925,False,True,1.8541665077209473,,1.7930028438568115,0.032033126801252365,1.0,2.4763946533203125,0.29150390625,2.8705811500549316,0.205078125,2.2431998252868652,0.03845222666859627,0.9970703125,3.1292829513549805,0.1328125,3.5618643760681152,0.064453125,,,,,,,
tune-U-w256-d50723-s702-g03-uniform,tune,U,256,50723,702,96102,3,uniform,3e-05,1.0,3212800,0,,no_adaptation,,0.0,0.0,,False,False,1.8541665077209473,,1.8546160459518433,0.009277584962546825,1.0,2.778258800506592,0.0439453125,2.7763118743896484,0.06396484375,1.8541665077209473,0.00929664634168148,1.0,2.777667760848999,0.048828125,2.7755351066589355,0.068359375,,,,,,,
tune-U-w256-d50723-s702-g03-uniform,tune,U,256,50723,702,96102,3,uniform,3e-05,1.0,3212800,1,,constant_weights,,1.4649847745895386,0.447265625,0.0,False,False,1.8541665077209473,,1.8517547845840454,0.009529788047075272,1.0,2.7736032009124756,0.08447265625,2.7721309661865234,0.0712890625,1.8550578355789185,0.009563513100147247,1.0,2.7769651412963867,0.0791015625,2.7786448001861572,0.0625,,,,,,,
tune-U-w256-d50723-s702-g03-uniform,tune,U,256,50723,702,96102,3,uniform,3e-05,1.0,3212800,3,,constant_weights,,3.776709198951721,0.33203125,0.0,False,False,1.8541665077209473,,1.8472397327423096,0.009670278057456017,1.0,2.765183210372925,0.083984375,2.7668654918670654,0.068359375,1.8538415431976318,0.00973568670451641,1.0,2.773132085800171,0.078125,2.7786574363708496,0.05859375,,,,,,,
tune-U-w256-d50723-s702-g03-uniform,tune,U,256,50723,702,96102,3,uniform,3e-05,1.0,3212800,5,,constant_weights,,6.882320880889893,0.2265625,0.0,False,False,1.8541665077209473,,1.8411738872528076,0.010121997445821762,1.0,2.753333806991577,0.09423828125,2.760066032409668,0.08251953125,1.851827621459961,0.010210040025413036,1.0,2.7686593532562256,0.076171875,2.776613712310791,0.0732421875,,,,,,,
tune-U-w256-d50723-s702-g03-uniform,tune,U,256,50723,702,96102,3,uniform,3e-05,1.0,3212800,10,,constant_weights,,30.83101999759674,0.177734375,0.1125,False,False,1.8541665077209473,,1.7943990230560303,0.015179475769400597,1.0,2.644196033477783,0.09912109375,2.7238221168518066,0.09326171875,1.853960394859314,0.015540246851742268,1.0,2.7226455211639404,0.0771484375,2.823694944381714,0.060546875,,,,,,,
tune-U-w256-d50723-s702-g03-uniform,tune,U,256,50723,702,96102,3,uniform,3e-05,1.0,3212800,20,,constant_weights,,146.96899288892746,0.046875,0.540625,False,False,1.8541665077209473,,1.567567229270935,0.021670566871762276,1.0,2.0652575492858887,0.3193359375,2.6157736778259277,0.14208984375,1.896660566329956,0.023090416565537453,1.0,2.7280282974243164,0.134765625,2.938863515853882,0.0703125,,,,,,,
tune-U-w256-d50723-s702-g03-uniform,tune,U,256,50723,702,96102,3,uniform,3e-05,1.0,3212800,30,,constant_weights,,271.3703606724739,0.009765625,0.69375,False,False,1.8541665077209473,,1.3245956897735596,0.019055478274822235,1.0,1.5574101209640503,0.52734375,2.397321939468384,0.224609375,2.0015690326690674,0.02055683173239231,1.0,2.887810707092285,0.146484375,3.096339225769043,0.072265625,,,,,,,
tune-U-w256-d50723-s702-g04-random,tune,U,256,50723,702,96102,4,random,0.0001,0.1,3212800,0,,no_adaptation,,0.0,0.0,,False,False,1.8541665077209473,,1.8546160459518433,0.009277584962546825,1.0,2.778258800506592,0.0439453125,2.7763118743896484,0.06396484375,1.8541665077209473,0.00929664634168148,1.0,2.777667760848999,0.048828125,2.7755351066589355,0.068359375,,,,,,,
tune-U-w256-d50723-s702-g04-random,tune,U,256,50723,702,96102,4,random,0.0001,0.1,3212800,1,,nonpositive_total_gain,,-4.307078838348389,0.59765625,0.75,False,False,1.8541665077209473,,1.8630285263061523,0.012750671245157719,1.0,2.787147045135498,0.06494140625,2.78918719291687,0.052734375,1.8648182153701782,0.013629898428916931,1.0,2.7874526977539062,0.0595703125,2.7933716773986816,0.0576171875,,,,,,,
tune-U-w256-d50723-s702-g04-random,tune,U,256,50723,702,96102,4,random,0.0001,0.1,3212800,3,2.0688295898411133,,0.02985771294995308,4.924885988235474,0.453125,0.75,False,False,1.8541665077209473,,1.8449970483779907,0.013077480718493462,1.0,2.752185106277466,0.08935546875,2.769728899002075,0.07470703125,1.8579875230789185,0.01309102214872837,1.0,2.762160301208496,0.0693359375,2.7987117767333984,0.05859375,,,,,,,
tune-U-w256-d50723-s702-g04-random,tune,U,256,50723,702,96102,4,random,0.0001,0.1,3212800,5,4.388609249325107,,0.3516572476793418,9.752476334571838,0.490234375,0.8375,False,False,1.8541665077209473,,1.8355683088302612,0.04199988767504692,1.0,2.6874513626098633,0.11962890625,2.7772533893585205,0.0849609375,1.8779535293579102,0.04210439696907997,1.0,2.753154993057251,0.08984375,2.8386011123657227,0.0625,,,,,,,
tune-U-w256-d50723-s702-g04-random,tune,U,256,50723,702,96102,4,random,0.0001,0.1,3212800,10,8.0,,15.664763711191211,11.457665026187897,0.546875,0.90625,False,True,1.8541665077209473,,1.832237720489502,0.041547004133462906,0.9990234375,2.5493783950805664,0.24169921875,2.905787944793701,0.1318359375,2.109983444213867,0.04646981135010719,0.998046875,3.0187668800354004,0.1162109375,3.2647135257720947,0.052734375,,,,,,,
tune-U-w256-d50723-s702-g04-random,tune,U,256,50723,702,96102,4,random,0.0001,0.1,3212800,20,3.536765776217962,,0.9273064778955247,92.72700148820877,0.48828125,0.953125,False,False,1.8541665077209473,,1.673508644104004,0.030985116958618164,0.99951171875,2.246159553527832,0.41015625,2.7433810234069824,0.29541015625,2.510686159133911,0.04564879089593887,0.9931640625,3.4612603187561035,0.1279296875,4.025149345397949,0.05078125,,,,,,,
tune-U-w256-d50723-s702-g04-random,tune,U,256,50723,702,96102,4,random,0.0001,0.1,3212800,30,1.1598698678043458,,0.08434255966533943,273.91235744953156,0.375,0.96875,False,False,1.8541665077209473,,1.3196309804916382,0.01971597597002983,0.998046875,1.7359377145767212,0.568359375,2.2032392024993896,0.47314453125,2.763327121734619,0.03234846144914627,0.9951171875,3.777390241622925,0.15234375,4.480242729187012,0.0556640625,,,,,,,
tune-U-w256-d50723-s702-g04-uniform,tune,U,256,50723,702,96102,4,uniform,0.0001,0.1,3212800,0,,no_adaptation,,0.0,0.0,,False,False,1.8541665077209473,,1.8546160459518433,0.009277584962546825,1.0,2.778258800506592,0.0439453125,2.7763118743896484,0.06396484375,1.8541665077209473,0.00929664634168148,1.0,2.777667760848999,0.048828125,2.7755351066589355,0.068359375,,,,,,,
tune-U-w256-d50723-s702-g04-uniform,tune,U,256,50723,702,96102,4,uniform,0.0001,0.1,3212800,1,,constant_weights,,0.7890135049819946,0.46484375,0.25,False,False,1.8541665077209473,,1.8530750274658203,0.011122362688183784,1.0,2.7726094722747803,0.07421875,2.775493621826172,0.07177734375,1.854840874671936,0.011206323280930519,1.0,2.7777767181396484,0.0625,2.7755396366119385,0.0732421875,,,,,,,
tune-U-w256-d50723-s702-g04-uniform,tune,U,256,50723,702,96102,4,uniform,0.0001,0.1,3212800,3,,constant_weights,,10.830976247787476,0.2265625,0.14583333333333334,False,False,1.8541665077209473,,1.833461880683899,0.011040334589779377,1.0,2.7374706268310547,0.0966796875,2.7518744468688965,0.09033203125,1.849735140800476,0.01124898623675108,1.0,2.754091739654541,0.0888671875,2.783864736557007,0.052734375,,,,,,,
tune-U-w256-d50723-s702-g04-uniform,tune,U,256,50723,702,96102,4,uniform,0.0001,0.1,3212800,5,,constant_weights,,41.93912732601166,0.173828125,0.225,False,False,1.8541665077209473,,1.7727036476135254,0.02429448440670967,1.0,2.5626749992370605,0.1396484375,2.7311413288116455,0.09716796875,1.8426296710968018,0.025728652253746986,1.0,2.678201913833618,0.0986328125,2.823957920074463,0.0654296875,,,,,,,
tune-U-w256-d50723-s702-g04-uniform,tune,U,256,50723,702,96102,4,uniform,0.0001,0.1,3212800,10,,constant_weights,,178.24708086252213,0.044921875,0.6,False,False,1.8541665077209473,,1.5064773559570312,0.020302006974816322,1.0,1.85398268699646,0.380859375,2.6451470851898193,0.13232421875,1.8787912130355835,0.022789590060710907,1.0,2.7019238471984863,0.158203125,2.9116601943969727,0.06640625,,,,,,,
tune-U-w256-d50723-s702-g04-uniform,tune,U,256,50723,702,96102,4,uniform,0.0001,0.1,3212800,20,,constant_weights,,541.7722740769386,0.0,0.8,False,False,1.8541665077209473,,0.796467125415802,0.01927858404815197,1.0,0.5121491551399231,0.89306640625,1.857973337173462,0.416015625,2.1358485221862793,0.02573441155254841,0.998046875,2.9332289695739746,0.205078125,3.448582887649536,0.07421875,,,,,,,
tune-U-w256-d50723-s702-g04-uniform,tune,U,256,50723,702,96102,4,uniform,0.0001,0.1,3212800,30,,constant_weights,,863.2392990589142,0.0,0.8666666666666667,False,False,1.8541665077209473,,0.16860178112983704,0.013607568107545376,1.0,0.11237510293722153,0.994140625,0.37982264161109924,0.92041015625,2.6038191318511963,0.030237160623073578,0.9951171875,3.052420139312744,0.2705078125,4.728800296783447,0.0732421875,,,,,,,
tune-U-w256-d50723-s702-g05-random,tune,U,256,50723,702,96102,5,random,0.0001,1.0,3212800,0,,no_adaptation,,0.0,0.0,,False,False,1.8541665077209473,,1.8546160459518433,0.009277584962546825,1.0,2.778258800506592,0.0439453125,2.7763118743896484,0.06396484375,1.8541665077209473,0.00929664634168148,1.0,2.777667760848999,0.048828125,2.7755351066589355,0.068359375,,,,,,,
tune-U-w256-d50723-s702-g05-random,tune,U,256,50723,702,96102,5,random,0.0001,1.0,3212800,1,,nonpositive_total_gain,,-4.356023073196411,0.59765625,0.75,False,False,1.8541665077209473,,1.863123893737793,0.01302111241966486,1.0,2.7871522903442383,0.06494140625,2.7891979217529297,0.052734375,1.8649660348892212,0.014057742431759834,1.0,2.7874515056610107,0.060546875,2.793388843536377,0.0576171875,,,,,,,
tune-U-w256-d50723-s702-g05-random,tune,U,256,50723,702,96102,5,random,0.0001,1.0,3212800,3,2.409795941522635,,0.050711445012779556,4.50304388999939,0.46484375,0.75,False,False,1.8541665077209473,,1.8458210229873657,0.014214438386261463,1.0,2.7517049312591553,0.09228515625,2.771543502807617,0.07763671875,1.8585448265075684,0.014256149530410767,1.0,2.762972831726074,0.07421875,2.798405647277832,0.0595703125,,,,,,,
tune-U-w256-d50723-s702-g05-random,tune,U,256,50723,702,96102,5,random,0.0001,1.0,3212800,5,4.328816123052804,,0.34702080675360786,9.113659858703613,0.490234375,0.825,False,False,1.8541665077209473,,1.8368159532546997,0.04323522746562958,1.0,2.6911118030548096,0.115234375,2.7761006355285645,0.08740234375,1.8761309385299683,0.042562954127788544,1.0,2.7527923583984375,0.08984375,2.8330373764038086,0.0615234375,,,,,,,
tune-U-w256-d50723-s702-g05-random,tune,U,256,50723,702,96102,5,random,0.0001,1.0,3212800,10,8.0,,20.051815534574448,9.711430609226227,0.54296875,0.9,False,True,1.8541665077209473,,1.835648536682129,0.04736849665641785,0.99951171875,2.5635626316070557,0.23828125,2.8960142135620117,0.1298828125,2.0984911918640137,0.05290805548429489,0.9970703125,3.013730049133301,0.115234375,3.228835344314575,0.060546875,,,,,,,
tune-U-w256-d50723-s702-g05-random,tune,U,256,50723,702,96102,5,random,0.0001,1.0,3212800,20,3.0709810488578526,,0.6012377934721748,103.7418121099472,0.482421875,0.95,False,False,1.8541665077209473,,1.651995301246643,0.03941549360752106,0.99951171875,2.231074333190918,0.40576171875,2.6854958534240723,0.3017578125,2.4350857734680176,0.05345967411994934,0.994140625,3.3595995903015137,0.140625,3.892197847366333,0.0498046875,,,,,,,
tune-U-w256-d50723-s702-g05-random,tune,U,256,50723,702,96102,5,random,0.0001,1.0,3212800,30,1.2651439472538373,,0.10048100716304072,252.76631498336792,0.388671875,0.9666666666666667,False,False,1.8541665077209473,,1.3609318733215332,0.025185389444231987,1.0,1.8054534196853638,0.548828125,2.2521567344665527,0.458984375,2.6864540576934814,0.04067789763212204,0.9931640625,3.6725175380706787,0.1572265625,4.346167087554932,0.0595703125,,,,,,,
tune-U-w256-d50723-s702-g05-uniform,tune,U,256,50723,702,96102,5,uniform,0.0001,1.0,3212800,0,,no_adaptation,,0.0,0.0,,False,False,1.8541665077209473,,1.8546160459518433,0.009277584962546825,1.0,2.778258800506592,0.0439453125,2.7763118743896484,0.06396484375,1.8541665077209473,0.00929664634168148,1.0,2.777667760848999,0.048828125,2.7755351066589355,0.068359375,,,,,,,
tune-U-w256-d50723-s702-g05-uniform,tune,U,256,50723,702,96102,5,uniform,0.0001,1.0,3212800,1,,constant_weights,,0.7430214881896973,0.466796875,0.25,False,False,1.8541665077209473,,1.853164792060852,0.01134975254535675,1.0,2.772620439529419,0.07421875,2.775524139404297,0.0712890625,1.8549342155456543,0.011435381136834621,1.0,2.777773380279541,0.0625,2.7755937576293945,0.0712890625,,,,,,,
tune-U-w256-d50723-s702-g05-uniform,tune,U,256,50723,702,96102,5,uniform,0.0001,1.0,3212800,3,,constant_weights,,11.573570966720581,0.197265625,0.14583333333333334,False,False,1.8541665077209473,,1.8320114612579346,0.011847805231809616,1.0,2.7330384254455566,0.09716796875,2.751147747039795,0.09228515625,1.8487522602081299,0.012058612890541553,1.0,2.7504563331604004,0.0927734375,2.7837419509887695,0.060546875,,,,,,,
tune-U-w256-d50723-s702-g05-uniform,tune,U,256,50723,702,96102,5,uniform,0.0001,1.0,3212800,5,,constant_weights,,42.780144691467285,0.17578125,0.225,False,False,1.8541665077209473,,1.7710610628128052,0.027716338634490967,1.0,2.5543177127838135,0.142578125,2.731149196624756,0.1044921875,1.8465492725372314,0.029448943212628365,1.0,2.6801867485046387,0.0986328125,2.830012321472168,0.060546875,,,,,,,
tune-U-w256-d50723-s702-g05-uniform,tune,U,256,50723,702,96102,5,uniform,0.0001,1.0,3212800,10,,constant_weights,,174.37080562114716,0.044921875,0.6125,False,False,1.8541665077209473,,1.5140479803085327,0.024274734780192375,1.0,1.8682416677474976,0.38232421875,2.649627685546875,0.1337890625,1.8819581270217896,0.026688944548368454,1.0,2.705366611480713,0.1572265625,2.9138193130493164,0.068359375,,,,,,,
tune-U-w256-d50723-s702-g05-uniform,tune,U,256,50723,702,96102,5,uniform,0.0001,1.0,3212800,20,,constant_weights,,517.8212125897408,0.0,0.80625,False,False,1.8541665077209473,,0.8432464599609375,0.025262610986828804,1.0,0.5917450785636902,0.876953125,1.9127317667007446,0.40185546875,2.0974225997924805,0.03063390590250492,0.9990234375,2.889331102371216,0.21484375,3.372303009033203,0.0693359375,,,,,,,
tune-U-w256-d50723-s702-g05-uniform,tune,U,256,50723,702,96102,5,uniform,0.0001,1.0,3212800,30,,constant_weights,,835.390263915062,0.0,0.8708333333333333,False,False,1.8541665077209473,,0.22299443185329437,0.01992233842611313,1.0,0.1460903286933899,0.9931640625,0.5029705762863159,0.88818359375,2.4588139057159424,0.027003223076462746,0.9970703125,2.9064879417419434,0.27734375,4.442950248718262,0.072265625,,,,,,,
tune-U-w64-d48371-s701-g00-random,tune,U,64,48371,701,96101,0,random,1e-05,0.1,113408,0,,no_adaptation,,0.0,0.0,,False,False,1.9977476596832275,,1.996802806854248,0.3921968340873718,1.0,2.8005518913269043,0.07275390625,2.7976598739624023,0.06591796875,1.9977476596832275,0.3931080996990204,1.0,2.800474166870117,0.078125,2.7996606826782227,0.0595703125,,,,,,,
tune-U-w64-d48371-s701-g00-random,tune,U,64,48371,701,96101,0,random,1e-05,0.1,113408,1,0.16325021298884967,,0.0017821612205440227,0.6295484304428101,0.345703125,0.4375,False,False,1.9977476596832275,,1.9955734014511108,0.3903336822986603,1.0,2.7995264530181885,0.07275390625,2.7968599796295166,0.06591796875,1.9966830015182495,0.3912118375301361,1.0,2.799696445465088,0.078125,2.799140691757202,0.0595703125,,,,,,,
tune-U-w64-d48371-s701-g00-random,tune,U,64,48371,701,96101,0,random,1e-05,0.1,113408,3,0.16984448339578373,,0.001196763222282549,1.8267019987106323,0.328125,0.3541666666666667,False,False,1.9977476596832275,,1.9932351112365723,0.386855810880661,1.0,2.7971200942993164,0.0712890625,2.795729637145996,0.06689453125,1.9946978092193604,0.387792706489563,1.0,2.7981467247009277,0.076171875,2.798153877258301,0.0615234375,,,,,,,
tune-U-w64-d48371-s701-g00-random,tune,U,64,48371,701,96101,0,random,1e-05,0.1,113408,5,0.15661391061250451,,0.0012755961345223717,2.7434056997299194,0.318359375,0.4,False,False,1.9977476596832275,,1.991444706916809,0.3835703134536743,1.0,2.7956924438476562,0.06591796875,2.7950711250305176,0.06787109375,1.9931857585906982,0.38453808426856995,1.0,2.7974987030029297,0.072265625,2.7975211143493652,0.0625,,,,,,,
tune-U-w64-d48371-s701-g00-random,tune,U,64,48371,701,96101,0,random,1e-05,0.1,113408,10,0.13401431986659645,,0.0009035652388250002,4.855886459350586,0.291015625,0.4375,False,False,1.9977476596832275,,1.987318754196167,0.3754117786884308,1.0,2.7925662994384766,0.0712890625,2.793978452682495,0.06884765625,1.989621639251709,0.37642911076545715,1.0,2.7956271171569824,0.078125,2.796809434890747,0.0625,,,,,,,
tune-U-w64-d48371-s701-g00-random,tune,U,64,48371,701,96101,0,random,1e-05,0.1,113408,20,0.11080295094650633,,0.0005877915432454186,9.014706373214722,0.20703125,0.475,False,False,1.9977476596832275,,1.9791960716247559,0.35925549268722534,1.0,2.786524772644043,0.07177734375,2.7918083667755127,0.06884765625,1.9823811054229736,0.36026039719581604,1.0,2.7911431789398193,0.0791015625,2.7957396507263184,0.0625,,,,,,,
tune-U-w64-d48371-s701-g00-random,tune,U,64,48371,701,96101,0,random,1e-05,0.1,113408,30,0.12670465037207013,,0.0008093514901208118,12.931841731071472,0.177734375,0.5145833333333333,False,False,1.9977476596832275,,1.9715454578399658,0.34585750102996826,1.0,2.7778663635253906,0.0771484375,2.790912389755249,0.06884765625,1.9771636724472046,0.3468511402606964,1.0,2.78521990776062,0.0791015625,2.799420118331909,0.0625,,,,,,,
tune-U-w64-d48371-s701-g00-uniform,tune,U,64,48371,701,96101,0,uniform,1e-05,0.1,113408,0,,no_adaptation,,0.0,0.0,,False,False,1.9977476596832275,,1.996802806854248,0.3921968340873718,1.0,2.8005518913269043,0.07275390625,2.7976598739624023,0.06591796875,1.9977476596832275,0.3931080996990204,1.0,2.800474166870117,0.078125,2.7996606826782227,0.0595703125,,,,,,,
tune-U-w64-d48371-s701-g00-uniform,tune,U,64,48371,701,96101,0,uniform,1e-05,0.1,113408,1,,constant_weights,,1.0472983121871948,0.3203125,0.0,False,False,1.9977476596832275,,1.9947574138641357,0.38963329792022705,1.0,2.7984538078308105,0.07275390625,2.7961854934692383,0.06591796875,1.9966192245483398,0.39056396484375,1.0,2.799957752227783,0.078125,2.7993357181549072,0.0595703125,,,,,,,
tune-U-w64-d48371-s701-g00-uniform,tune,U,64,48371,701,96101,0,uniform,1e-05,0.1,113408,3,,constant_weights,,2.6244404315948486,0.248046875,0.0,False,False,1.9977476596832275,,1.9916770458221436,0.38493508100509644,1.0,2.7953009605407715,0.07275390625,2.794795036315918,0.06591796875,1.9943405389785767,0.38594648241996765,1.0,2.798433303833008,0.078125,2.79864239692688,0.060546875,,,,,,,
tune-U-w64-d48371-s701-g00-uniform,tune,U,64,48371,701,96101,0,uniform,1e-05,0.1,113408,5,,constant_weights,,3.99653160572052,0.216796875,0.0,False,False,1.9977476596832275,,1.988997220993042,0.3802231252193451,1.0,2.7930877208709717,0.0732421875,2.7936806678771973,0.06591796875,1.9921977519989014,0.3812865912914276,1.0,2.797139883041382,0.078125,2.798166513442993,0.0625,,,,,,,
tune-U-w64-d48371-s701-g00-uniform,tune,U,64,48371,701,96101,0,uniform,1e-05,0.1,113408,10,,constant_weights,,7.19910204410553,0.076171875,0.0,False,False,1.9977476596832275,,1.982742190361023,0.36854395270347595,1.0,2.788219928741455,0.07373046875,2.7914624214172363,0.0654296875,1.986929178237915,0.36962130665779114,1.0,2.794060707092285,0.078125,2.797105073928833,0.0625,,,,,,,
tune-U-w64-d48371-s701-g00-uniform,tune,U,64,48371,701,96101,0,uniform,1e-05,0.1,113408,20,,constant_weights,,13.3473641872406,0.0078125,0.0,False,False,1.9977476596832275,,1.970733880996704,0.3467088043689728,1.0,2.7780373096466064,0.07373046875,2.7874553203582764,0.0654296875,1.9767334461212158,0.3477838933467865,1.0,2.786240816116333,0.080078125,2.796175479888916,0.0634765625,,,,,,,
tune-U-w64-d48371-s701-g00-uniform,tune,U,64,48371,701,96101,0,uniform,1e-05,0.1,113408,30,,constant_weights,,19.938870668411255,0.005859375,0.0,False,False,1.9977476596832275,,1.957859754562378,0.3278820812702179,1.0,2.761601209640503,0.07373046875,2.7840964794158936,0.06494140625,1.9678616523742676,0.32893896102905273,1.0,2.7760019302368164,0.080078125,2.7986443042755127,0.0615234375,,,,,,,
tune-U-w64-d48371-s701-g01-random,tune,U,64,48371,701,96101,1,random,1e-05,1.0,113408,0,,no_adaptation,,0.0,0.0,,False,False,1.9977476596832275,,1.996802806854248,0.3921968340873718,1.0,2.8005518913269043,0.07275390625,2.7976598739624023,0.06591796875,1.9977476596832275,0.3931080996990204,1.0,2.800474166870117,0.078125,2.7996606826782227,0.0595703125,,,,,,,
tune-U-w64-d48371-s701-g01-random,tune,U,64,48371,701,96101,1,random,1e-05,1.0,113408,1,0.19147553682424567,,0.002301088887750467,0.5439326763153076,0.365234375,0.4375,False,False,1.9977476596832275,,1.9957404136657715,0.39076298475265503,1.0,2.799562931060791,0.07275390625,2.796895980834961,0.06591796875,1.9968516826629639,0.3916410505771637,1.0,2.7997350692749023,0.078125,2.7991795539855957,0.0595703125,,,,,,,
tune-U-w64-d48371-s701-g01-random,tune,U,64,48371,701,96101,1,random,1e-05,1.0,113408,3,0.19980976562658748,,0.001531537967807613,1.5729286670684814,0.3515625,0.3541666666666667,False,False,1.9977476596832275,,1.9937307834625244,0.3881343603134155,1.0,2.7972233295440674,0.0712890625,2.79583477973938,0.06689453125,1.9951989650726318,0.38907158374786377,1.0,2.7982566356658936,0.076171875,2.7982683181762695,0.060546875,,,,,,,
tune-U-w64-d48371-s701-g01-random,tune,U,64,48371,701,96101,1,random,1e-05,1.0,113408,5,0.18731905891457323,,0.0016877802358023504,2.325704574584961,0.34765625,0.4,False,False,1.9977476596832275,,1.9922605752944946,0.3856833875179291,1.0,2.795855760574341,0.06591796875,2.7952423095703125,0.068359375,1.9940111637115479,0.3866526484489441,1.0,2.797673225402832,0.072265625,2.7977077960968018,0.0625,,,,,,,
tune-U-w64-d48371-s701-g01-random,tune,U,64,48371,701,96101,1,random,1e-05,1.0,113408,10,0.16293206291468787,,0.0012399761605019473,4.045073390007019,0.314453125,0.4375,False,False,1.9977476596832275,,1.9889024496078491,0.37955328822135925,1.0,2.7928555011749268,0.0712890625,2.7942986488342285,0.068359375,1.9912248849868774,0.38057488203048706,1.0,2.7959389686584473,0.078125,2.7971606254577637,0.0615234375,,,,,,,
tune-U-w64-d48371-s701-g01-random,tune,U,64,48371,701,96101,1,random,1e-05,1.0,113408,20,0.13542150287051596,,0.0008229229485858769,7.480634093284607,0.244140625,0.475,False,False,1.9977476596832275,,1.9821923971176147,0.3672157824039459,1.0,2.786978244781494,0.07177734375,2.7923824787139893,0.06884765625,1.985429048538208,0.3682287931442261,1.0,2.7916533946990967,0.080078125,2.796405553817749,0.0615234375,,,,,,,
tune-U-w64-d48371-s701-g01-random,tune,U,64,48371,701,96101,1,random,1e-05,1.0,113408,30,0.15714675593514688,,0.0011423690191531154,10.7098708152771,0.2265625,0.5229166666666667,False,False,1.9977476596832275,,1.9758851528167725,0.35744407773017883,1.0,2.77839994430542,0.0771484375,2.79181170463562,0.068359375,1.9816319942474365,0.3584566116333008,1.0,2.7858943939208984,0.0791015625,2.8005452156066895,0.0625,,,,,,,
tune-U-w64-d48371-s701-g01-uniform,tune,U,64,48371,701,96101,1,uniform,1e-05,1.0,113408,0,,no_adaptation,,0.0,0.0,,False,False,1.9977476596832275,,1.996802806854248,0.3921968340873718,1.0,2.8005518913269043,0.07275390625,2.7976598739624023,0.06591796875,1.9977476596832275,0.3931080996990204,1.0,2.800474166870117,0.078125,2.7996606826782227,0.0595703125,,,,,,,
tune-U-w64-d48371-s701-g01-uniform,tune,U,64,48371,701,96101,1,uniform,1e-05,1.0,113408,1,,constant_weights,,0.9617879390716553,0.330078125,0.0,False,False,1.9977476596832275,,1.9949244260787964,0.39006224274635315,1.0,2.798489809036255,0.07275390625,2.7962210178375244,0.06591796875,1.9967877864837646,0.3909931182861328,1.0,2.7999954223632812,0.078125,2.799374580383301,0.0595703125,,,,,,,
tune-U-w64-d48371-s701-g01-uniform,tune,U,64,48371,701,96101,1,uniform,1e-05,1.0,113408,3,,constant_weights,,2.372171998023987,0.27734375,0.0,False,False,1.9977476596832275,,1.992169737815857,0.3862065076828003,1.0,2.7954025268554688,0.07275390625,2.794900417327881,0.06591796875,1.9948384761810303,0.3872191905975342,1.0,2.7985401153564453,0.078125,2.7987561225891113,0.0595703125,,,,,,,
tune-U-w64-d48371-s701-g01-uniform,tune,U,64,48371,701,96101,1,uniform,1e-05,1.0,113408,5,,constant_weights,,3.582302212715149,0.23046875,0.0,False,False,1.9977476596832275,,1.9898061752319336,0.38232022523880005,1.0,2.7932472229003906,0.0732421875,2.793851375579834,0.06591796875,1.9930152893066406,0.383386492729187,1.0,2.7973079681396484,0.078125,2.7983508110046387,0.0625,,,,,,,
tune-U-w64-d48371-s701-g01-uniform,tune,U,64,48371,701,96101,1,uniform,1e-05,1.0,113408,10,,constant_weights,,6.400656461715698,0.103515625,0.0,False,False,1.9977476596832275,,1.9843016862869263,0.3726230263710022,1.0,2.7885005474090576,0.07373046875,2.791781425476074,0.0654296875,1.9885045289993286,0.3737068474292755,1.0,2.794358015060425,0.078125,2.7974483966827393,0.0625,,,,,,,
tune-U-w64-d48371-s701-g01-uniform,tune,U,64,48371,701,96101,1,uniform,1e-05,1.0,113408,20,,constant_weights,,11.861794710159302,0.021484375,0.0,False,False,1.9977476596832275,,1.9736354351043701,0.35442331433296204,1.0,2.7784605026245117,0.07373046875,2.788022041320801,0.0654296875,1.9796746969223022,0.3555128872394562,1.0,2.786717414855957,0.080078125,2.7967936992645264,0.0625,,,,,,,
tune-U-w64-d48371-s701-g01-uniform,tune,U,64,48371,701,96101,1,uniform,1e-05,1.0,113408,30,,constant_weights,,17.839720726013184,0.017578125,0.0,False,False,1.9977476596832275,,1.9619598388671875,0.3388523459434509,1.0,2.762124538421631,0.07373046875,2.784902572631836,0.06494140625,1.9719876050949097,0.33993083238601685,1.0,2.776588201522827,0.080078125,2.7994439601898193,0.0615234375,,,,,,,
tune-U-w64-d48371-s701-g02-random,tune,U,64,48371,701,96101,2,random,3e-05,0.1,113408,0,,no_adaptation,,0.0,0.0,,False,False,1.9977476596832275,,1.996802806854248,0.3921968340873718,1.0,2.8005518913269043,0.07275390625,2.7976598739624023,0.06591796875,1.9977476596832275,0.3931080996990204,1.0,2.800474166870117,0.078125,2.7996606826782227,0.0595703125,,,,,,,
tune-U-w64-d48371-s701-g02-random,tune,U,64,48371,701,96101,2,random,3e-05,0.1,113408,1,0.18885557401245018,,0.0019631917470613164,1.4857686758041382,0.35546875,0.5,False,False,1.9977476596832275,,1.9939008951187134,0.3878118395805359,1.0,2.797959804534912,0.072265625,2.795931339263916,0.0654296875,1.9952284097671509,0.38867565989494324,1.0,2.7985334396362305,0.0771484375,2.798475980758667,0.0595703125,,,,,,,
tune-U-w64-d48371-s701-g02-random,tune,U,64,48371,701,96101,2,random,3e-05,0.1,113408,3,0.16122788838876434,,0.0010644111930245513,4.279183864593506,0.310546875,0.375,False,False,1.9977476596832275,,1.9884450435638428,0.37747126817703247,1.0,2.7933549880981445,0.068359375,2.794509172439575,0.068359375,1.990583062171936,0.3785618543624878,1.0,2.79606032371521,0.0791015625,2.797126293182373,0.0625,,,,,,,
tune-U-w64-d48371-s701-g02-random,tune,U,64,48371,701,96101,2,random,3e-05,0.1,113408,5,0.11816949064179195,,0.0008085082199762852,6.901729941368103,0.25,0.4125,False,False,1.9977476596832275,,1.9833229780197144,0.3670426607131958,1.0,2.7900047302246094,0.0703125,2.792921543121338,0.06884765625,1.9859684705734253,0.36808881163597107,1.0,2.793985366821289,0.0673828125,2.795830726623535,0.0625,,,,,,,
tune-U-w64-d48371-s701-g02-random,tune,U,64,48371,701,96101,2,random,3e-05,0.1,113408,10,0.10548452737798177,,0.0005682451942865668,13.094467639923096,0.14453125,0.48125,False,False,1.9977476596832275,,1.9712278842926025,0.3447251617908478,1.0,2.7789559364318848,0.07568359375,2.7900028228759766,0.068359375,1.9758857488632202,0.3457469642162323,1.0,2.785639762878418,0.0810546875,2.7962701320648193,0.060546875,,,,,,,
tune-U-w64-d48371-s701-g02-random,tune,U,64,48371,701,96101,2,random,3e-05,0.1,113408,20,0.19955056627016377,,0.0010903188400882785,22.97469711303711,0.169921875,0.678125,False,False,1.9977476596832275,,1.951930284500122,0.31938081979751587,1.0,2.7446951866149902,0.076171875,2.791715383529663,0.06787109375,1.9640398025512695,0.320229709148407,1.0,2.7641870975494385,0.08203125,2.8077027797698975,0.060546875,,,,,,,
tune-U-w64-d48371-s701-g02-random,tune,U,64,48371,701,96101,2,random,3e-05,0.1,113408,30,0.2750113481611677,,0.0012855228482287044,30.871718645095825,0.193359375,0.7770833333333333,False,False,1.9977476596832275,,1.9365065097808838,0.30336931347846985,1.0,2.712757110595703,0.08203125,2.793393135070801,0.07080078125,1.95695960521698,0.30385488271713257,1.0,2.747849225997925,0.0830078125,2.8191747665405273,0.0595703125,,,,,,,
tune-U-w64-d48371-s701-g02-uniform,tune,U,64,48371,701,96101,2,uniform,3e-05,0.1,113408,0,,no_adaptation,,0.0,0.0,,False,False,1.9977476596832275,,1.996802806854248,0.3921968340873718,1.0,2.8005518913269043,0.07275390625,2.7976598739624023,0.06591796875,1.9977476596832275,0.3931080996990204,1.0,2.800474166870117,0.078125,2.7996606826782227,0.0595703125,,,,,,,
tune-U-w64-d48371-s701-g02-uniform,tune,U,64,48371,701,96101,2,uniform,3e-05,0.1,113408,1,,constant_weights,,2.5023213624954224,0.306640625,0.0,False,False,1.9977476596832275,,1.9919157028198242,0.38561826944351196,1.0,2.7955451011657715,0.0732421875,2.794583559036255,0.0654296875,1.9950331449508667,0.38666442036628723,1.0,2.7992148399353027,0.078125,2.799220085144043,0.0615234375,,,,,,,
tune-U-w64-d48371-s701-g02-uniform,tune,U,64,48371,701,96101,2,uniform,3e-05,0.1,113408,3,,constant_weights,,6.502853870391846,0.115234375,0.0,False,False,1.9977476596832275,,1.9841020107269287,0.37114810943603516,1.0,2.789332151412964,0.07421875,2.791825771331787,0.0654296875,1.988203763961792,0.37229123711586,1.0,2.7950165271759033,0.078125,2.7973031997680664,0.0615234375,,,,,,,
tune-U-w64-d48371-s701-g02-uniform,tune,U,64,48371,701,96101,2,uniform,3e-05,0.1,113408,5,,constant_weights,,10.196337342262268,0.033203125,0.0,False,False,1.9977476596832275,,1.9768881797790527,0.3573211431503296,1.0,2.7839674949645996,0.07421875,2.7893757820129395,0.06591796875,1.981835126876831,0.3584632873535156,1.0,2.7905616760253906,0.0791015625,2.796480417251587,0.0625,,,,,,,
tune-U-w64-d48371-s701-g02-uniform,tune,U,64,48371,701,96101,2,uniform,3e-05,0.1,113408,10,,constant_weights,,19.414603114128113,0.00390625,0.0,False,False,1.9977476596832275,,1.9588837623596191,0.3275333344936371,1.0,2.7649824619293213,0.07373046875,2.784135341644287,0.0654296875,1.9681007862091064,0.3286433517932892,1.0,2.7778854370117188,0.0791015625,2.7977733612060547,0.0625,,,,,,,
tune-U-w64-d48371-s701-g02-uniform,tune,U,64,48371,701,96101,2,uniform,3e-05,0.1,113408,20,,constant_weights,,41.57513165473938,0.015625,0.04375,False,False,1.9977476596832275,,1.9156014919281006,0.2850363850593567,1.0,2.6860804557800293,0.07763671875,2.7756876945495605,0.06787109375,1.9377264976501465,0.286080539226532,1.0,2.724952220916748,0.0810546875,2.8021469116210938,0.0615234375,,,,,,,
tune-U-w64-d48371-s701-g02-uniform,tune,U,64,48371,701,96101,2,uniform,3e-05,0.1,113408,30,,constant_weights,,71.75232398509979,0.033203125,0.31875,False,False,1.9977476596832275,,1.8566615581512451,0.2599620223045349,1.0,2.5409951210021973,0.13330078125,2.7690281867980957,0.0791015625,1.9024322032928467,0.261191725730896,1.0,2.6294143199920654,0.115234375,2.816690444946289,0.064453125,,,,,,,
tune-U-w64-d48371-s701-g03-random,tune,U,64,48371,701,96101,3,random,3e-05,1.0,113408,0,,no_adaptation,,0.0,0.0,,False,False,1.9977476596832275,,1.996802806854248,0.3921968340873718,1.0,2.8005518913269043,0.07275390625,2.7976598739624023,0.06591796875,1.9977476596832275,0.3931080996990204,1.0,2.800474166870117,0.078125,2.7996606826782227,0.0595703125,,,,,,,
tune-U-w64-d48371-s701-g03-random,tune,U,64,48371,701,96101,3,random,3e-05,1.0,113408,1,0.23294052374239693,,0.002688459773420647,1.2308799028396606,0.37109375,0.5,False,False,1.9977476596832275,,1.994398832321167,0.3890956938266754,1.0,2.7980639934539795,0.072265625,2.796036720275879,0.0654296875,1.9957317113876343,0.3899596929550171,1.0,2.7986440658569336,0.0771484375,2.798591136932373,0.0595703125,,,,,,,
tune-U-w64-d48371-s701-g03-random,tune,U,64,48371,701,96101,3,random,3e-05,1.0,113408,3,0.19781443505015484,,0.0014497474022112753,3.544363856315613,0.349609375,0.375,False,False,1.9977476596832275,,1.9898804426193237,0.3812194764614105,1.0,2.793621301651001,0.06884765625,2.794800281524658,0.06787109375,1.9920364618301392,0.38231420516967773,1.0,2.796347141265869,0.0791015625,2.79744815826416,0.0625,,,,,,,
tune-U-w64-d48371-s701-g03-random,tune,U,64,48371,701,96101,3,random,3e-05,1.0,113408,5,0.14441086009908893,,0.0011291826942833288,5.718266844749451,0.287109375,0.4125,False,False,1.9977476596832275,,1.985634446144104,0.3731362819671631,1.0,2.7903928756713867,0.0693359375,2.7933740615844727,0.0693359375,1.9883118867874146,0.37419062852859497,1.0,2.7944083213806152,0.0673828125,2.7963368892669678,0.0634765625,,,,,,,
tune-U-w64-d48371-s701-g03-random,tune,U,64,48371,701,96101,3,random,3e-05,1.0,113408,10,0.12952674009888987,,0.0008046869438357758,10.892454028129578,0.19140625,0.49375,False,False,1.9977476596832275,,1.975528597831726,0.35626769065856934,1.0,2.779465675354004,0.07666015625,2.7908520698547363,0.06884765625,1.9802916049957275,0.35730457305908203,1.0,2.7862799167633057,0.0810546875,2.797290325164795,0.060546875,,,,,,,
tune-U-w64-d48371-s701-g03-random,tune,U,64,48371,701,96101,3,random,3e-05,1.0,113408,20,0.2441533650330565,,0.0013778310372317745,18.98460817337036,0.22265625,0.684375,False,False,1.9977476596832275,,1.9597235918045044,0.34028953313827515,1.0,2.745913028717041,0.076171875,2.792968273162842,0.06787109375,1.9718496799468994,0.341167151927948,1.0,2.7654905319213867,0.08203125,2.8088912963867188,0.060546875,,,,,,,
tune-U-w64-d48371-s701-g03-random,tune,U,64,48371,701,96101,3,random,3e-05,1.0,113408,30,0.33779310402604723,,0.0014995219485042603,25.174255847930908,0.23828125,0.78125,False,False,1.9977476596832275,,1.9476344585418701,0.33195996284484863,1.0,2.7157554626464844,0.08154296875,2.7951879501342773,0.0693359375,1.9674937725067139,0.33242130279541016,1.0,2.7494568824768066,0.08203125,2.820603370666504,0.0615234375,,,,,,,
tune-U-w64-d48371-s701-g03-uniform,tune,U,64,48371,701,96101,3,uniform,3e-05,1.0,113408,0,,no_adaptation,,0.0,0.0,,False,False,1.9977476596832275,,1.996802806854248,0.3921968340873718,1.0,2.8005518913269043,0.07275390625,2.7976598739624023,0.06591796875,1.9977476596832275,0.3931080996990204,1.0,2.800474166870117,0.078125,2.7996606826782227,0.0595703125,,,,,,,
tune-U-w64-d48371-s701-g03-uniform,tune,U,64,48371,701,96101,3,uniform,3e-05,1.0,113408,1,,constant_weights,,2.2498059272766113,0.3203125,0.0,False,False,1.9977476596832275,,1.9924086332321167,0.3868904709815979,1.0,2.795646905899048,0.0732421875,2.794689178466797,0.0654296875,1.9955315589904785,0.38793790340423584,1.0,2.7993218898773193,0.078125,2.799335241317749,0.0615234375,,,,,,,
tune-U-w64-d48371-s701-g03-uniform,tune,U,64,48371,701,96101,3,uniform,3e-05,1.0,113408,3,,constant_weights,,5.777315020561218,0.1484375,0.0,False,False,1.9977476596832275,,1.9855191707611084,0.3748478889465332,1.0,2.789592981338501,0.07373046875,2.792116641998291,0.0654296875,1.9896349906921387,0.37599658966064453,1.0,2.7952914237976074,0.078125,2.797616958618164,0.0615234375,,,,,,,
tune-U-w64-d48371-s701-g03-uniform,tune,U,64,48371,701,96101,3,uniform,3e-05,1.0,113408,5,,constant_weights,,9.037826776504517,0.068359375,0.0,False,False,1.9977476596832275,,1.9791508913040161,0.3632858097553253,1.0,2.7843403816223145,0.07421875,2.7898263931274414,0.0654296875,1.9841244220733643,0.3644394874572754,1.0,2.790964126586914,0.0791015625,2.7969698905944824,0.0625,,,,,,,
tune-U-w64-d48371-s701-g03-uniform,tune,U,64,48371,701,96101,3,uniform,3e-05,1.0,113408,10,,constant_weights,,17.318540930747986,0.01171875,0.0,False,False,1.9977476596832275,,1.962977647781372,0.33853140473365784,1.0,2.765467643737793,0.07373046875,2.7849338054656982,0.06591796875,1.972245216369629,0.33966371417045593,1.0,2.7784695625305176,0.0791015625,2.7986021041870117,0.0625,,,,,,,
tune-U-w64-d48371-s701-g03-uniform,tune,U,64,48371,701,96101,3,uniform,3e-05,1.0,113408,20,,constant_weights,,37.71997654438019,0.025390625,0.0375,False,False,1.9977476596832275,,1.9231312274932861,0.30368557572364807,1.0,2.6887402534484863,0.07666015625,2.7769672870635986,0.0673828125,1.944789171218872,0.3047872483730316,1.0,2.726686477661133,0.0810546875,2.80289363861084,0.060546875,,,,,,,
tune-U-w64-d48371-s701-g03-uniform,tune,U,64,48371,701,96101,3,uniform,3e-05,1.0,113408,30,,constant_weights,,65.65304410457611,0.044921875,0.30625,False,False,1.9977476596832275,,1.8685743808746338,0.2841988801956177,1.0,2.550943374633789,0.1298828125,2.770580768585205,0.07958984375,1.9120429754257202,0.2855257987976074,1.0,2.634521961212158,0.1123046875,2.8160810470581055,0.0634765625,,,,,,,
tune-U-w64-d48371-s701-g04-random,tune,U,64,48371,701,96101,4,random,0.0001,0.1,113408,0,,no_adaptation,,0.0,0.0,,False,False,1.9977476596832275,,1.996802806854248,0.3921968340873718,1.0,2.8005518913269043,0.07275390625,2.7976598739624023,0.06591796875,1.9977476596832275,0.3931080996990204,1.0,2.800474166870117,0.078125,2.7996606826782227,0.0595703125,,,,,,,
tune-U-w64-d48371-s701-g04-random,tune,U,64,48371,701,96101,4,random,0.0001,0.1,113408,1,0.19410666873392352,,0.0015381758845589906,3.6965032815933228,0.34375,0.5625,False,False,1.9977476596832275,,1.9895832538604736,0.37955808639526367,1.0,2.794210910797119,0.06884765625,2.794980525970459,0.06640625,1.99141263961792,0.3806869387626648,1.0,2.7964768409729004,0.0732421875,2.79707407951355,0.0595703125,,,,,,,
tune-U-w64-d48371-s701-g04-random,tune,U,64,48371,701,96101,4,random,0.0001,0.1,113408,3,0.10687133138640574,,0.000555617438563951,12.266934394836426,0.169921875,0.5,False,False,1.9977476596832275,,1.972844123840332,0.3443906009197235,1.0,2.783282518386841,0.07275390625,2.7908589839935303,0.0703125,1.976210594177246,0.3453887701034546,1.0,2.7876226902008057,0.0732421875,2.7956206798553467,0.0615234375,,,,,,,
tune-U-w64-d48371-s701-g04-random,tune,U,64,48371,701,96101,4,random,0.0001,0.1,113408,5,0.11956430761625655,,0.0006844222511158367,20.04530942440033,0.103515625,0.6,False,False,1.9977476596832275,,1.957651972770691,0.32056039571762085,1.0,2.7644524574279785,0.0771484375,2.78794264793396,0.06787109375,1.9652986526489258,0.3214985728263855,1.0,2.775364398956299,0.0849609375,2.79903244972229,0.05859375,,,,,,,
tune-U-w64-d48371-s701-g04-random,tune,U,64,48371,701,96101,4,random,0.0001,0.1,113408,10,0.22126571932211142,,0.0009137661347532849,33.882731318473816,0.142578125,0.79375,False,False,1.9977476596832275,,1.9306259155273438,0.28902387619018555,1.0,2.712401866912842,0.0810546875,2.7904510498046875,0.07177734375,1.9482202529907227,0.28978732228279114,1.0,2.742626905441284,0.083984375,2.812246561050415,0.0625,,,,,,,
tune-U-w64-d48371-s701-g04-random,tune,U,64,48371,701,96101,4,random,0.0001,0.1,113408,20,0.374569622064696,,0.000913452920154606,60.563024282455444,0.1953125,0.890625,False,False,1.9977476596832275,,1.8785158395767212,0.2651559114456177,1.0,2.551297664642334,0.16259765625,2.8190934658050537,0.08154296875,1.9412884712219238,0.2651299834251404,1.0,2.6746511459350586,0.12109375,2.884084463119507,0.0693359375,,,,,,,
tune-U-w64-d48371-s701-g04-random,tune,U,64,48371,701,96101,4,random,0.0001,0.1,113408,30,0.6032853718612545,,0.00037144047784860976,75.24166005849838,0.251953125,0.9270833333333334,False,False,1.9977476596832275,,1.849846601486206,0.24191324412822723,1.0,2.4576244354248047,0.21728515625,2.8500020503997803,0.0947265625,1.9656124114990234,0.24127233028411865,1.0,2.680579423904419,0.140625,2.974984884262085,0.0703125,,,,,,,
tune-U-w64-d48371-s701-g04-uniform,tune,U,64,48371,701,96101,4,uniform,0.0001,0.1,113408,0,,no_adaptation,,0.0,0.0,,False,False,1.9977476596832275,,1.996802806854248,0.3921968340873718,1.0,2.8005518913269043,0.07275390625,2.7976598739624023,0.06591796875,1.9977476596832275,0.3931080996990204,1.0,2.800474166870117,0.078125,2.7996606826782227,0.0595703125,,,,,,,
tune-U-w64-d48371-s701-g04-uniform,tune,U,64,48371,701,96101,4,uniform,0.0001,0.1,113408,1,,constant_weights,,6.44585120677948,0.185546875,0.0,False,False,1.9977476596832275,,1.9842133522033691,0.3717108368873596,1.0,2.7887842655181885,0.07861328125,2.792144775390625,0.0634765625,1.9885907173156738,0.37285035848617554,1.0,2.7949442863464355,0.0791015625,2.7979774475097656,0.06640625,,,,,,,
tune-U-w64-d48371-s701-g04-uniform,tune,U,64,48371,701,96101,4,uniform,0.0001,0.1,113408,3,,constant_weights,,18.147931814193726,0.00390625,0.0,False,False,1.9977476596832275,,1.9613577127456665,0.3271656036376953,1.0,2.7725796699523926,0.08056640625,2.784327745437622,0.0673828125,1.968500018119812,0.32834550738334656,1.0,2.781845808029175,0.0810546875,2.7953081130981445,0.0625,,,,,,,
tune-U-w64-d48371-s701-g04-uniform,tune,U,64,48371,701,96101,4,uniform,0.0001,0.1,113408,5,,constant_weights,,30.035858273506165,0.0078125,0.0,False,False,1.9977476596832275,,1.9381390810012817,0.29399025440216064,1.0,2.7407522201538086,0.07373046875,2.779675006866455,0.0634765625,1.9523706436157227,0.2951841950416565,1.0,2.762401580810547,0.0810546875,2.799525737762451,0.0625,,,,,,,
tune-U-w64-d48371-s701-g04-uniform,tune,U,64,48371,701,96101,4,uniform,0.0001,0.1,113408,10,,constant_weights,,64.32629430294037,0.01171875,0.2,False,False,1.9977476596832275,,1.8711657524108887,0.24516814947128296,1.0,2.599348545074463,0.10009765625,2.7689802646636963,0.0771484375,1.9023618698120117,0.2465541511774063,1.0,2.65877628326416,0.0947265625,2.8017561435699463,0.056640625,,,,,,,
tune-U-w64-d48371-s701-g04-uniform,tune,U,64,48371,701,96101,4,uniform,0.0001,0.1,113408,20,,constant_weights,,129.34803569316864,0.017578125,0.6,False,False,1.9977476596832275,,1.744170069694519,0.1924840807914734,1.0,2.2731235027313232,0.26708984375,2.7669026851654053,0.0810546875,1.8277002573013306,0.19429174065589905,1.0,2.457447052001953,0.1904296875,2.831362009048462,0.0615234375,,,,,,,
tune-U-w64-d48371-s701-g04-uniform,tune,U,64,48371,701,96101,4,uniform,0.0001,0.1,113408,30,,constant_weights,,166.10488080978394,0.00390625,0.7333333333333333,False,False,1.9977476596832275,,1.6723792552947998,0.15742380917072296,1.0,2.108736038208008,0.3125,2.7509782314300537,0.08984375,1.8086462020874023,0.15915988385677338,1.0,2.429272413253784,0.189453125,2.8375062942504883,0.060546875,,,,,,,
tune-U-w64-d48371-s701-g05-random,tune,U,64,48371,701,96101,5,random,0.0001,1.0,113408,0,,no_adaptation,,0.0,0.0,,False,False,1.9977476596832275,,1.996802806854248,0.3921968340873718,1.0,2.8005518913269043,0.07275390625,2.7976598739624023,0.06591796875,1.9977476596832275,0.3931080996990204,1.0,2.800474166870117,0.078125,2.7996606826782227,0.0595703125,,,,,,,
tune-U-w64-d48371-s701-g05-random,tune,U,64,48371,701,96101,5,random,0.0001,1.0,113408,1,0.25646282921770247,,0.0022896970992010816,2.8813215494155884,0.380859375,0.5625,False,False,1.9977476596832275,,1.9911752939224243,0.3837229013442993,1.0,2.7945027351379395,0.0693359375,2.7953004837036133,0.06640625,1.9930261373519897,0.38485580682754517,1.0,2.7967910766601562,0.0732421875,2.797431468963623,0.0595703125,,,,,,,
tune-U-w64-d48371-s701-g05-random,tune,U,64,48371,701,96101,5,random,0.0001,1.0,113408,3,0.13249009129229306,,0.0008002859625126313,10.066992998123169,0.2265625,0.5,False,False,1.9977476596832275,,1.9771407842636108,0.3559359908103943,1.0,2.7838425636291504,0.0732421875,2.7916440963745117,0.0703125,1.9805989265441895,0.3569522798061371,1.0,2.788283348083496,0.0751953125,2.7965614795684814,0.060546875,,,,,,,
tune-U-w64-d48371-s701-g05-random,tune,U,64,48371,701,96101,5,random,0.0001,1.0,113408,5,0.14878949358222165,,0.0009585225891781173,16.625274300575256,0.154296875,0.6125,False,False,1.9977476596832275,,1.9643317461013794,0.3386579155921936,1.0,2.7650930881500244,0.07763671875,2.7892441749572754,0.0673828125,1.972200870513916,0.33963218331336975,1.0,2.776294708251953,0.0859375,2.800675868988037,0.0576171875,,,,,,,
tune-U-w64-d48371-s701-g05-random,tune,U,64,48371,701,96101,5,random,0.0001,1.0,113408,10,0.2674142153091562,,0.0011003981261884597,27.861103653907776,0.185546875,0.8,False,False,1.9977476596832275,,1.9423867464065552,0.31984490156173706,1.0,2.715170383453369,0.080078125,2.792145252227783,0.0703125,1.9596104621887207,0.32067278027534485,1.0,2.7448086738586426,0.0830078125,2.813350200653076,0.0625,,,,,,,
tune-U-w64-d48371-s701-g05-random,tune,U,64,48371,701,96101,5,random,0.0001,1.0,113408,20,0.4483281502890243,,0.0008614789704378584,50.1273797750473,0.2265625,0.89375,False,False,1.9977476596832275,,1.8988978862762451,0.3153316378593445,1.0,2.5662975311279297,0.158203125,2.8150644302368164,0.08349609375,1.9549226760864258,0.315296471118927,1.0,2.6751246452331543,0.119140625,2.87434720993042,0.072265625,,,,,,,
tune-U-w64-d48371-s701-g05-random,tune,U,64,48371,701,96101,5,random,0.0001,1.0,113408,30,0.7344283257912676,,0.00023029735562606461,61.505677700042725,0.28515625,0.9291666666666667,False,False,1.9977476596832275,,1.8766746520996094,0.312285840511322,1.0,2.477280378341675,0.21240234375,2.8404579162597656,0.09716796875,1.9766088724136353,0.31264251470565796,1.0,2.6644015312194824,0.13671875,2.9527831077575684,0.068359375,,,,,,,
tune-U-w64-d48371-s701-g05-uniform,tune,U,64,48371,701,96101,5,uniform,0.0001,1.0,113408,0,,no_adaptation,,0.0,0.0,,False,False,1.9977476596832275,,1.996802806854248,0.3921968340873718,1.0,2.8005518913269043,0.07275390625,2.7976598739624023,0.06591796875,1.9977476596832275,0.3931080996990204,1.0,2.800474166870117,0.078125,2.7996606826782227,0.0595703125,,,,,,,
tune-U-w64-d48371-s701-g05-uniform,tune,U,64,48371,701,96101,5,uniform,0.0001,1.0,113408,1,,constant_weights,,5.6428302526474,0.21875,0.0,False,False,1.9977476596832275,,1.9857817888259888,0.375821053981781,1.0,2.7890625,0.078125,2.79246187210083,0.064453125,1.9901736974716187,0.3769654929637909,1.0,2.795238971710205,0.0791015625,2.798316717147827,0.06640625,,,,,,,
tune-U-w64-d48371-s701-g05-uniform,tune,U,64,48371,701,96101,5,uniform,0.0001,1.0,113408,3,,constant_weights,,16.040342807769775,0.0078125,0.0,False,False,1.9977476596832275,,1.9654741287231445,0.33825209736824036,1.0,2.7730679512023926,0.07958984375,2.785102367401123,0.0673828125,1.9726803302764893,0.33945849537849426,1.0,2.7824254035949707,0.0810546875,2.796156883239746,0.0615234375,,,,,,,
tune-U-w64-d48371-s701-g05-uniform,tune,U,64,48371,701,96101,5,uniform,0.0001,1.0,113408,5,,constant_weights,,26.886475205421448,0.01171875,0.0,False,False,1.9977476596832275,,1.9442901611328125,0.31068551540374756,1.0,2.741340160369873,0.07373046875,2.7808451652526855,0.06396484375,1.9585423469543457,0.31192249059677124,1.0,2.7630255222320557,0.0810546875,2.8006789684295654,0.0615234375,,,,,,,
tune-U-w64-d48371-s701-g05-uniform,tune,U,64,48371,701,96101,5,uniform,0.0001,1.0,113408,10,,constant_weights,,58.34458088874817,0.013671875,0.19375,False,False,1.9977476596832275,,1.8828487396240234,0.2711200416088104,1.0,2.6070172786712646,0.09814453125,2.7704086303710938,0.076171875,1.912768840789795,0.2725551128387451,1.0,2.6638002395629883,0.095703125,2.8019516468048096,0.0576171875,,,,,,,
tune-U-w64-d48371-s701-g05-uniform,tune,U,64,48371,701,96101,5,uniform,0.0001,1.0,113408,20,,constant_weights,,118.57419645786285,0.021484375,0.596875,False,False,1.9977476596832275,,1.7652127742767334,0.23335453867912292,1.0,2.293426275253296,0.26220703125,2.768857002258301,0.078125,1.8444359302520752,0.23561358451843262,1.0,2.465111494064331,0.1923828125,2.832582712173462,0.0625,,,,,,,
tune-U-w64-d48371-s701-g05-uniform,tune,U,64,48371,701,96101,5,uniform,0.0001,1.0,113408,30,,constant_weights,,150.4607402086258,0.01171875,0.73125,False,False,1.9977476596832275,,1.7029342651367188,0.2092895358800888,1.0,2.146104574203491,0.29638671875,2.753408670425415,0.0888671875,1.828751564025879,0.21174323558807373,1.0,2.4354488849639893,0.1865234375,2.839062452316284,0.060546875,,,,,,,
tune-U-w64-d50723-s702-g00-random,tune,U,64,50723,702,96102,0,random,1e-05,0.1,113408,0,,no_adaptation,,0.0,0.0,,False,False,2.002199411392212,,2.0033609867095947,0.40623044967651367,1.0,2.804574489593506,0.0439453125,2.7992773056030273,0.06396484375,2.002199411392212,0.4057019054889679,1.0,2.8015027046203613,0.048828125,2.799393892288208,0.068359375,,,,,,,
tune-U-w64-d50723-s702-g00-random,tune,U,64,50723,702,96102,0,random,1e-05,0.1,113408,1,0.07562590014629132,,0.0005388148175577273,0.8147610425949097,0.318359375,0.5625,False,False,2.002199411392212,,2.001769542694092,0.40403419733047485,1.0,2.8032186031341553,0.0439453125,2.7980551719665527,0.06396484375,2.0011472702026367,0.40357089042663574,1.0,2.800567626953125,0.048828125,2.7993030548095703,0.068359375,,,,,,,
tune-U-w64-d50723-s702-g00-random,tune,U,64,50723,702,96102,0,random,1e-05,0.1,113408,3,0.1539794117582694,,0.0005637393805723431,1.8889775276184082,0.28515625,0.5,False,False,2.002199411392212,,1.999671459197998,0.4004133939743042,1.0,2.80178165435791,0.04443359375,2.7968192100524902,0.06396484375,1.999342441558838,0.40002840757369995,1.0,2.7990846633911133,0.048828125,2.7989144325256348,0.068359375,,,,,,,
tune-U-w64-d50723-s702-g00-random,tune,U,64,50723,702,96102,0,random,1e-05,0.1,113408,5,0.152271566063586,,0.0005411757813284474,2.872085213661194,0.271484375,0.475,False,False,2.002199411392212,,1.997751235961914,0.39692723751068115,1.0,2.8005433082580566,0.04443359375,2.795783281326294,0.0654296875,1.9977715015411377,0.3965926766395569,1.0,2.797943592071533,0.046875,2.798778533935547,0.068359375,,,,,,,
tune-U-w64-d50723-s702-g00-random,tune,U,64,50723,702,96102,0,random,1e-05,0.1,113408,10,0.13447367893595175,,0.0003994005778133815,5.171462893486023,0.216796875,0.45,False,False,2.002199411392212,,1.9932602643966675,0.3882881999015808,1.0,2.7978763580322266,0.0458984375,2.793616533279419,0.06494140625,1.994020938873291,0.3879654109477997,1.0,2.795814037322998,0.0478515625,2.7982828617095947,0.06640625,,,,,,,
tune-U-w64-d50723-s702-g00-random,tune,U,64,50723,702,96102,0,random,1e-05,0.1,113408,20,0.11697940419172327,,0.00031172443657561733,9.58869731426239,0.142578125,0.421875,False,False,2.002199411392212,,1.9846328496932983,0.3707621693611145,1.0,2.793170928955078,0.056640625,2.7899656295776367,0.0654296875,1.9865659475326538,0.3704299032688141,1.0,2.792178153991699,0.0517578125,2.7970900535583496,0.0673828125,,,,,,,
tune-U-w64-d50723-s702-g00-random,tune,U,64,50723,702,96102,0,random,1e-05,0.1,113408,30,0.1132082134323172,,0.0003059347637587182,13.698630809783936,0.091796875,0.44583333333333336,False,False,2.002199411392212,,1.9766056537628174,0.35499662160873413,1.0,2.7881059646606445,0.05615234375,2.786714553833008,0.06591796875,1.9797438383102417,0.3546130657196045,1.0,2.788648843765259,0.0478515625,2.7959697246551514,0.0703125,,,,,,,
tune-U-w64-d50723-s702-g00-uniform,tune,U,64,50723,702,96102,0,uniform,1e-05,0.1,113408,0,,no_adaptation,,0.0,0.0,,False,False,2.002199411392212,,2.0033609867095947,0.40623044967651367,1.0,2.804574489593506,0.0439453125,2.7992773056030273,0.06396484375,2.002199411392212,0.4057019054889679,1.0,2.8015027046203613,0.048828125,2.799393892288208,0.068359375,,,,,,,
tune-U-w64-d50723-s702-g00-uniform,tune,U,64,50723,702,96102,0,uniform,1e-05,0.1,113408,1,,constant_weights,,1.1246747970581055,0.310546875,0.0,False,False,2.002199411392212,,2.001164436340332,0.40348607301712036,1.0,2.802523374557495,0.0439453125,2.797483205795288,0.06396484375,2.0010509490966797,0.4030458331108093,1.0,2.8004400730133057,0.048828125,2.7996668815612793,0.068359375,,,,,,,
tune-U-w64-d50723-s702-g00-uniform,tune,U,64,50723,702,96102,0,uniform,1e-05,0.1,113408,3,,constant_weights,,2.7956714630126953,0.23046875,0.0,False,False,2.002199411392212,,1.9979007244110107,0.39865073561668396,1.0,2.799630880355835,0.04345703125,2.795419931411743,0.0634765625,1.9988081455230713,0.39830926060676575,1.0,2.7990033626556396,0.048828125,2.799112319946289,0.068359375,,,,,,,
tune-U-w64-d50723-s702-g00-uniform,tune,U,64,50723,702,96102,0,uniform,1e-05,0.1,113408,5,,constant_weights,,4.224459886550903,0.193359375,0.0,False,False,2.002199411392212,,1.995110034942627,0.39384931325912476,1.0,2.797610282897949,0.04541015625,2.793870210647583,0.06494140625,1.9966607093811035,0.3935853838920593,1.0,2.7976937294006348,0.048828125,2.798703193664551,0.068359375,,,,,,,
tune-U-w64-d50723-s702-g00-uniform,tune,U,64,50723,702,96102,0,uniform,1e-05,0.1,113408,10,,constant_weights,,7.507314562797546,0.09375,0.0,False,False,2.002199411392212,,1.9886980056762695,0.3818637430667877,1.0,2.793302536010742,0.04833984375,2.7909278869628906,0.0654296875,1.9914053678512573,0.3816872239112854,1.0,2.7948617935180664,0.0517578125,2.7976672649383545,0.06640625,,,,,,,
tune-U-w64-d50723-s702-g00-uniform,tune,U,64,50723,702,96102,0,uniform,1e-05,0.1,113408,20,,constant_weights,,13.526138186454773,0.02734375,0.0,False,False,2.002199411392212,,1.976942539215088,0.3591900169849396,1.0,2.7859935760498047,0.05126953125,2.785644054412842,0.06640625,1.9815837144851685,0.35909414291381836,1.0,2.790004014968872,0.0556640625,2.7956535816192627,0.0654296875,,,,,,,
tune-U-w64-d50723-s702-g00-uniform,tune,U,64,50723,702,96102,0,uniform,1e-05,0.1,113408,30,,constant_weights,,19.111740231513977,0.0,0.0,False,False,2.002199411392212,,1.9660331010818481,0.33862483501434326,1.0,2.778611183166504,0.05224609375,2.7808632850646973,0.064453125,1.9726405143737793,0.33849281072616577,1.0,2.7854762077331543,0.056640625,2.7939529418945312,0.068359375,,,,,,,
tune-U-w64-d50723-s702-g01-random,tune,U,64,50723,702,96102,1,random,1e-05,1.0,113408,0,,no_adaptation,,0.0,0.0,,False,False,2.002199411392212,,2.0033609867095947,0.40623044967651367,1.0,2.804574489593506,0.0439453125,2.7992773056030273,0.06396484375,2.002199411392212,0.4057019054889679,1.0,2.8015027046203613,0.048828125,2.799393892288208,0.068359375,,,,,,,
tune-U-w64-d50723-s702-g01-random,tune,U,64,50723,702,96102,1,random,1e-05,1.0,113408,1,0.08507068740301528,,0.0006673435894257299,0.7272325754165649,0.33203125,0.5625,False,False,2.002199411392212,,2.0019402503967285,0.40447038412094116,1.0,2.803257942199707,0.0439453125,2.798092842102051,0.06396484375,2.0013184547424316,0.40400803089141846,1.0,2.800610303878784,0.048828125,2.7993366718292236,0.068359375,,,,,,,
tune-U-w64-d50723-s702-g01-random,tune,U,64,50723,702,96102,1,random,1e-05,1.0,113408,3,0.18040789396999257,,0.000700704631149956,1.6293014287948608,0.3046875,0.5,False,False,2.002199411392212,,2.000178813934326,0.4017125368118286,1.0,2.8018946647644043,0.04443359375,2.796928644180298,0.06396484375,1.9998501539230347,0.40133073925971985,1.0,2.7992053031921387,0.048828125,2.799013614654541,0.068359375,,,,,,,
tune-U-w64-d50723-s702-g01-random,tune,U,64,50723,702,96102,1,random,1e-05,1.0,113408,5,0.18105326264538307,,0.0006850519067639874,2.443840980529785,0.302734375,0.475,False,False,2.002199411392212,,1.998587727546692,0.39907845854759216,1.0,2.800724506378174,0.04443359375,2.795959949493408,0.0654296875,1.9986082315444946,0.3987491726875305,1.0,2.798135280609131,0.046875,2.7989401817321777,0.068359375,,,,,,,
tune-U-w64-d50723-s702-g01-random,tune,U,64,50723,702,96102,1,random,1e-05,1.0,113408,10,0.1620131544298844,,0.0005189649605731434,4.338777542114258,0.259765625,0.45,False,False,2.002199411392212,,1.9948867559432983,0.3925042152404785,1.0,2.7982091903686523,0.0458984375,2.7939462661743164,0.06494140625,1.9956451654434204,0.39218854904174805,1.0,2.7961626052856445,0.0478515625,2.7985846996307373,0.0673828125,,,,,,,
tune-U-w64-d50723-s702-g01-random,tune,U,64,50723,702,96102,1,random,1e-05,1.0,113408,20,0.14130590012839345,,0.00041050618200058544,8.012929439544678,0.189453125,0.421875,False,False,2.002199411392212,,1.9877105951309204,0.3788289427757263,1.0,2.7937488555908203,0.056640625,2.7905538082122803,0.06640625,1.9896328449249268,0.37849873304367065,1.0,2.792773962020874,0.052734375,2.79762601852417,0.068359375,,,,,,,
tune-U-w64-d50723-s702-g01-random,tune,U,64,50723,702,96102,1,random,1e-05,1.0,113408,30,0.13672036170527163,,0.00040225288942550744,11.443971037864685,0.134765625,0.44583333333333336,False,False,2.002199411392212,,1.9810093641281128,0.3666123151779175,1.0,2.788881778717041,0.05419921875,2.787533760070801,0.06591796875,1.9841172695159912,0.36622360348701477,1.0,2.7894365787506104,0.0478515625,2.796692132949829,0.068359375,,,,,,,
tune-U-w64-d50723-s702-g01-uniform,tune,U,64,50723,702,96102,1,uniform,1e-05,1.0,113408,0,,no_adaptation,,0.0,0.0,,False,False,2.002199411392212,,2.0033609867095947,0.40623044967651367,1.0,2.804574489593506,0.0439453125,2.7992773056030273,0.06396484375,2.002199411392212,0.4057019054889679,1.0,2.8015027046203613,0.048828125,2.799393892288208,0.068359375,,,,,,,
tune-U-w64-d50723-s702-g01-uniform,tune,U,64,50723,702,96102,1,uniform,1e-05,1.0,113408,1,,constant_weights,,1.037031888961792,0.32421875,0.0,False,False,2.002199411392212,,2.001335382461548,0.4039230942726135,1.0,2.8025622367858887,0.0439453125,2.797520875930786,0.06396484375,2.001222610473633,0.40348443388938904,1.0,2.8004822731018066,0.048828125,2.7997007369995117,0.068359375,,,,,,,
tune-U-w64-d50723-s702-g01-uniform,tune,U,64,50723,702,96102,1,uniform,1e-05,1.0,113408,3,,constant_weights,,2.5366181135177612,0.267578125,0.0,False,False,2.002199411392212,,1.9984066486358643,0.39994657039642334,1.0,2.79974365234375,0.0439453125,2.7955291271209717,0.0634765625,1.9993138313293457,0.3996087312698364,1.0,2.7991209030151367,0.048828125,2.7992117404937744,0.068359375,,,,,,,
tune-U-w64-d50723-s702-g01-uniform,tune,U,64,50723,702,96102,1,uniform,1e-05,1.0,113408,5,,constant_weights,,3.7986708879470825,0.208984375,0.0,False,False,2.002199411392212,,1.9959416389465332,0.39598679542541504,1.0,2.7977912425994873,0.04541015625,2.794046401977539,0.06494140625,1.9974908828735352,0.3957286477088928,1.0,2.797879219055176,0.048828125,2.7988648414611816,0.068359375,,,,,,,
tune-U-w64-d50723-s702-g01-uniform,tune,U,64,50723,702,96102,1,uniform,1e-05,1.0,113408,10,,constant_weights,,6.685405135154724,0.126953125,0.0,False,False,2.002199411392212,,1.9903035163879395,0.3860194683074951,1.0,2.7936346530914307,0.04833984375,2.7912564277648926,0.0654296875,1.9930044412612915,0.3858526647090912,1.0,2.7951903343200684,0.0517578125,2.7979702949523926,0.06640625,,,,,,,
tune-U-w64-d50723-s702-g01-uniform,tune,U,64,50723,702,96102,1,uniform,1e-05,1.0,113408,20,,constant_weights,,11.988590717315674,0.03515625,0.0,False,False,2.002199411392212,,1.9799456596374512,0.3670450448989868,1.0,2.7865638732910156,0.0517578125,2.7862277030944824,0.0654296875,1.9845649003982544,0.3669663071632385,1.0,2.790539503097534,0.0546875,2.7961888313293457,0.0654296875,,,,,,,
tune-U-w64-d50723-s702-g01-uniform,tune,U,64,50723,702,96102,1,uniform,1e-05,1.0,113408,30,,constant_weights,,16.94272243976593,0.0078125,0.0,False,False,2.002199411392212,,1.9702696800231934,0.3497791588306427,1.0,2.77937388420105,0.0517578125,2.7816555500030518,0.0654296875,1.976830244064331,0.3496701717376709,1.0,2.786155939102173,0.0556640625,2.7946648597717285,0.068359375,,,,,,,
tune-U-w64-d50723-s702-g02-random,tune,U,64,50723,702,96102,2,random,3e-05,0.1,113408,0,,no_adaptation,,0.0,0.0,,False,False,2.002199411392212,,2.0033609867095947,0.40623044967651367,1.0,2.804574489593506,0.0439453125,2.7992773056030273,0.06396484375,2.002199411392212,0.4057019054889679,1.0,2.8015027046203613,0.048828125,2.799393892288208,0.068359375,,,,,,,
tune-U-w64-d50723-s702-g02-random,tune,U,64,50723,702,96102,2,random,3e-05,0.1,113408,1,0.09457001201477172,,0.0005652082823134669,1.9633548259735107,0.3125,0.5625,False,False,2.002199411392212,,1.9995262622833252,0.40085968375205994,1.0,2.801301956176758,0.04443359375,2.796417236328125,0.064453125,1.9997340440750122,0.40051785111427307,1.0,2.7992184162139893,0.048828125,2.799466133117676,0.068359375,,,,,,,
tune-U-w64-d50723-s702-g02-random,tune,U,64,50723,702,96102,2,random,3e-05,0.1,113408,3,0.15391877650286273,,0.0004728554182168945,4.578285217285156,0.2578125,0.5,False,False,2.002199411392212,,1.9944188594818115,0.39036595821380615,1.0,2.7986254692077637,0.04736328125,2.794265031814575,0.0654296875,1.9950237274169922,0.3901269733905792,1.0,2.7964446544647217,0.046875,2.7985000610351562,0.0673828125,,,,,,,
tune-U-w64-d50723-s702-g02-random,tune,U,64,50723,702,96102,2,random,3e-05,0.1,113408,5,0.12387613676118585,,0.0003513887700483051,7.385867118835449,0.1875,0.4625,False,False,2.002199411392212,,1.9889352321624756,0.3794068396091461,1.0,2.7954704761505127,0.05078125,2.791928291320801,0.0654296875,1.9901397228240967,0.37910184264183044,1.0,2.7936880588531494,0.044921875,2.7976291179656982,0.068359375,,,,,,,
tune-U-w64-d50723-s702-g02-random,tune,U,64,50723,702,96102,2,random,3e-05,0.1,113408,10,0.10349416094187802,,0.0002558848822405288,13.701395988464355,0.06640625,0.44375,False,False,2.002199411392212,,1.976600170135498,0.35517051815986633,1.0,2.788113832473755,0.05712890625,2.7865166664123535,0.0673828125,1.9794620275497437,0.3548368811607361,1.0,2.7879278659820557,0.0556640625,2.795621395111084,0.06640625,,,,,,,
tune-U-w64-d50723-s702-g02-random,tune,U,64,50723,702,96102,2,random,3e-05,0.1,113408,20,0.17644937565931634,,0.0005518081260904178,24.015604376792908,0.107421875,0.515625,False,False,2.002199411392212,,1.9564553499221802,0.3177065849304199,1.0,2.7724809646606445,0.05615234375,2.7791786193847656,0.0693359375,1.9667305946350098,0.3172219693660736,1.0,2.7802071571350098,0.0498046875,2.802762985229492,0.06640625,,,,,,,
tune-U-w64-d50723-s702-g02-random,tune,U,64,50723,702,96102,2,random,3e-05,0.1,113408,30,0.3812678868085234,,0.0010968259766559628,28.99015712738037,0.224609375,0.65,False,False,2.002199411392212,,1.9467395544052124,0.30204060673713684,1.0,2.756737232208252,0.07666015625,2.781440258026123,0.0712890625,1.9731076955795288,0.30105459690093994,1.0,2.7897579669952393,0.0654296875,2.828510284423828,0.0693359375,,,,,,,
tune-U-w64-d50723-s702-g02-uniform,tune,U,64,50723,702,96102,2,uniform,3e-05,0.1,113408,0,,no_adaptation,,0.0,0.0,,False,False,2.002199411392212,,2.0033609867095947,0.40623044967651367,1.0,2.804574489593506,0.0439453125,2.7992773056030273,0.06396484375,2.002199411392212,0.4057019054889679,1.0,2.8015027046203613,0.048828125,2.799393892288208,0.068359375,,,,,,,
tune-U-w64-d50723-s702-g02-uniform,tune,U,64,50723,702,96102,2,uniform,3e-05,0.1,113408,1,,constant_weights,,2.7210508584976196,0.298828125,0.0,False,False,2.002199411392212,,1.9980463981628418,0.39925751090049744,1.0,2.79966139793396,0.04541015625,2.795220136642456,0.064453125,1.9993969202041626,0.3989441692829132,1.0,2.7990059852600098,0.048828125,2.8002405166625977,0.0693359375,,,,,,,
tune-U-w64-d50723-s702-g02-uniform,tune,U,64,50723,702,96102,2,uniform,3e-05,0.1,113408,3,,constant_weights,,6.863336086273193,0.138671875,0.0,False,False,2.002199411392212,,1.9899557828903198,0.3843785226345062,1.0,2.794001817703247,0.0478515625,2.791486978530884,0.0654296875,1.992540955543518,0.38419079780578613,1.0,2.7955803871154785,0.05078125,2.7978515625,0.0673828125,,,,,,,
tune-U-w64-d50723-s702-g02-uniform,tune,U,64,50723,702,96102,2,uniform,3e-05,0.1,113408,5,,constant_weights,,10.555879831314087,0.033203125,0.0,False,False,2.002199411392212,,1.982743740081787,0.370258092880249,1.0,2.789628505706787,0.04931640625,2.7883450984954834,0.06298828125,1.9861414432525635,0.3701106011867523,1.0,2.7922561168670654,0.0517578125,2.79605770111084,0.0703125,,,,,,,
tune-U-w64-d50723-s702-g02-uniform,tune,U,64,50723,702,96102,2,uniform,3e-05,0.1,113408,10,,constant_weights,,18.973660826683044,0.0,0.0,False,False,2.002199411392212,,1.9663028717041016,0.3386133909225464,1.0,2.7791056632995605,0.05126953125,2.781189441680908,0.064453125,1.972543478012085,0.33853188157081604,1.0,2.7856476306915283,0.0595703125,2.7934508323669434,0.0673828125,,,,,,,
tune-U-w64-d50723-s702-g02-uniform,tune,U,64,50723,702,96102,2,uniform,3e-05,0.1,113408,20,,constant_weights,,35.15008759498596,0.001953125,0.0,False,False,2.002199411392212,,1.9347084760665894,0.2877334952354431,1.0,2.751870632171631,0.060546875,2.7645208835601807,0.07080078125,1.9520701169967651,0.2876635789871216,1.0,2.7729341983795166,0.06640625,2.7956125736236572,0.0595703125,,,,,,,
tune-U-w64-d50723-s702-g02-uniform,tune,U,64,50723,702,96102,2,uniform,3e-05,0.1,113408,30,,constant_weights,,54.49345576763153,0.009765625,0.09583333333333334,False,False,2.002199411392212,,1.8969284296035767,0.25239256024360657,1.0,2.6946048736572266,0.10009765625,2.7437875270843506,0.0771484375,1.9430333375930786,0.25245964527130127,1.0,2.7626233100891113,0.076171875,2.8140172958374023,0.06640625,,,,,,,
tune-U-w64-d50723-s702-g03-random,tune,U,64,50723,702,96102,3,random,3e-05,1.0,113408,0,,no_adaptation,,0.0,0.0,,False,False,2.002199411392212,,2.0033609867095947,0.40623044967651367,1.0,2.804574489593506,0.0439453125,2.7992773056030273,0.06396484375,2.002199411392212,0.4057019054889679,1.0,2.8015027046203613,0.048828125,2.799393892288208,0.068359375,,,,,,,
tune-U-w64-d50723-s702-g03-random,tune,U,64,50723,702,96102,3,random,3e-05,1.0,113408,1,0.1098119308962769,,0.0007313384959419272,1.7035918235778809,0.32421875,0.5625,False,False,2.002199411392212,,2.000033378601074,0.4021596610546112,1.0,2.801414728164673,0.04443359375,2.7965264320373535,0.064453125,2.000242233276367,0.4018218219280243,1.0,2.7993392944335938,0.048828125,2.799565076828003,0.068359375,,,,,,,
tune-U-w64-d50723-s702-g03-random,tune,U,64,50723,702,96102,3,random,3e-05,1.0,113408,3,0.18673652568404203,,0.000610320342818273,3.8230767250061035,0.294921875,0.5,False,False,2.002199411392212,,1.995893955230713,0.39418232440948486,1.0,2.798931360244751,0.04736328125,2.794567584991455,0.064453125,1.9964964389801025,0.39394986629486084,1.0,2.7967653274536133,0.0478515625,2.798774003982544,0.0673828125,,,,,,,
tune-U-w64-d50723-s702-g03-random,tune,U,64,50723,702,96102,3,random,3e-05,1.0,113408,5,0.14981755926905432,,0.0004628097535465362,6.169394493103027,0.2265625,0.4625,False,False,2.002199411392212,,1.9913113117218018,0.38560420274734497,1.0,2.795933961868286,0.05078125,2.79239559173584,0.0654296875,1.9925110340118408,0.385307252407074,1.0,2.7941694259643555,0.0439453125,2.7980563640594482,0.068359375,,,,,,,
tune-U-w64-d50723-s702-g03-random,tune,U,64,50723,702,96102,3,random,3e-05,1.0,113408,10,0.12490628360556899,,0.0003387051857160045,11.445379495620728,0.125,0.44375,False,False,2.002199411392212,,1.9810067415237427,0.3668113052845001,1.0,2.788886308670044,0.05615234375,2.7873220443725586,0.06591796875,1.983844518661499,0.36647897958755493,1.0,2.788715362548828,0.0546875,2.7963390350341797,0.0673828125,,,,,,,
tune-U-w64-d50723-s702-g03-random,tune,U,64,50723,702,96102,3,random,3e-05,1.0,113408,20,0.21265256456109904,,0.0006775197943420029,19.997621417045593,0.1484375,0.525,False,False,2.002199411392212,,1.964302897453308,0.3385724127292633,1.0,2.7736284732818604,0.05517578125,2.780707836151123,0.06787109375,1.974360466003418,0.3380753695964813,1.0,2.781355857849121,0.0478515625,2.803650379180908,0.0625,,,,,,,
tune-U-w64-d50723-s702-g03-random,tune,U,64,50723,702,96102,3,random,3e-05,1.0,113408,30,0.46829973375448897,,0.0010077437183848247,23.714786767959595,0.2734375,0.6520833333333333,False,False,2.002199411392212,,1.9570428133010864,0.33080413937568665,1.0,2.757408380508423,0.07275390625,2.7829160690307617,0.07177734375,1.982185959815979,0.3298557996749878,1.0,2.7891933917999268,0.0625,2.8275089263916016,0.0712890625,,,,,,,
tune-U-w64-d50723-s702-g03-uniform,tune,U,64,50723,702,96102,3,uniform,3e-05,1.0,113408,0,,no_adaptation,,0.0,0.0,,False,False,2.002199411392212,,2.0033609867095947,0.40623044967651367,1.0,2.804574489593506,0.0439453125,2.7992773056030273,0.06396484375,2.002199411392212,0.4057019054889679,1.0,2.8015027046203613,0.048828125,2.799393892288208,0.068359375,,,,,,,
tune-U-w64-d50723-s702-g03-uniform,tune,U,64,50723,702,96102,3,uniform,3e-05,1.0,113408,1,,constant_weights,,2.4619756937026978,0.302734375,0.0,False,False,2.002199411392212,,1.9985523223876953,0.40055376291275024,1.0,2.7997734546661377,0.04541015625,2.7953298091888428,0.064453125,1.9999027252197266,0.40024450421333313,1.0,2.7991247177124023,0.048828125,2.8003392219543457,0.0693359375,,,,,,,
tune-U-w64-d50723-s702-g03-uniform,tune,U,64,50723,702,96102,3,uniform,3e-05,1.0,113408,3,,constant_weights,,6.116281032562256,0.166015625,0.0,False,False,2.002199411392212,,1.9914151430130005,0.38814735412597656,1.0,2.794308662414551,0.04736328125,2.7917890548706055,0.0654296875,1.9939942359924316,0.387969970703125,1.0,2.7958850860595703,0.0498046875,2.7981276512145996,0.0673828125,,,,,,,
tune-U-w64-d50723-s702-g03-uniform,tune,U,64,50723,702,96102,3,uniform,3e-05,1.0,113408,5,,constant_weights,,9.360319137573242,0.05078125,0.0,False,False,2.002199411392212,,1.985079050064087,0.3763332962989807,1.0,2.7900922298431396,0.048828125,2.788811206817627,0.06298828125,1.9884638786315918,0.37619835138320923,1.0,2.79270601272583,0.0517578125,2.7964863777160645,0.0693359375,,,,,,,
tune-U-w64-d50723-s702-g03-uniform,tune,U,64,50723,702,96102,3,uniform,3e-05,1.0,113408,10,,constant_weights,,16.800483226776123,0.005859375,0.0,False,False,2.002199411392212,,1.9705473184585571,0.34980225563049316,1.0,2.779865264892578,0.05078125,2.7819743156433105,0.06591796875,1.9767471551895142,0.34974604845046997,1.0,2.7863264083862305,0.0576171875,2.794168710708618,0.0673828125,,,,,,,
tune-U-w64-d50723-s702-g03-uniform,tune,U,64,50723,702,96102,3,uniform,3e-05,1.0,113408,20,,constant_weights,,31.38646912574768,0.0078125,0.0,False,False,2.002199411392212,,1.9420591592788696,0.30684295296669006,1.0,2.7532882690429688,0.05908203125,2.7660460472106934,0.07177734375,1.9589579105377197,0.30677372217178345,1.0,2.7737107276916504,0.064453125,2.796389579772949,0.060546875,,,,,,,
tune-U-w64-d50723-s702-g03-uniform,tune,U,64,50723,702,96102,3,uniform,3e-05,1.0,113408,30,,constant_weights,,49.31417143344879,0.017578125,0.08125,False,False,2.002199411392212,,1.9070440530776978,0.2771029472351074,1.0,2.697742223739624,0.09619140625,2.7462868690490723,0.07568359375,1.9512439966201782,0.27718228101730347,1.0,2.762434959411621,0.0771484375,2.814114570617676,0.0634765625,,,,,,,
tune-U-w64-d50723-s702-g04-random,tune,U,64,50723,702,96102,4,random,0.0001,0.1,113408,0,,no_adaptation,,0.0,0.0,,False,False,2.002199411392212,,2.0033609867095947,0.40623044967651367,1.0,2.804574489593506,0.0439453125,2.7992773056030273,0.06396484375,2.002199411392212,0.4057019054889679,1.0,2.8015027046203613,0.048828125,2.799393892288208,0.068359375,,,,,,,
tune-U-w64-d50723-s702-g04-random,tune,U,64,50723,702,96102,4,random,0.0001,0.1,113408,1,0.1355794406797663,,0.0005096382071789426,4.4512786865234375,0.302734375,0.6875,False,False,2.002199411392212,,1.9946668148040771,0.3920561373233795,1.0,2.798098564147949,0.05419921875,2.7938458919525146,0.06298828125,1.996521234512329,0.3919118046760559,1.0,2.7969846725463867,0.05859375,2.8006668090820312,0.0703125,,,,,,,
tune-U-w64-d50723-s702-g04-random,tune,U,64,50723,702,96102,4,random,0.0001,0.1,113408,3,0.1021843430531348,,0.0002618828868569748,13.23120927810669,0.130859375,0.5416666666666666,False,False,2.002199411392212,,1.9775185585021973,0.3549480736255646,1.0,2.789788007736206,0.06005859375,2.7878198623657227,0.068359375,1.9799925088882446,0.354626327753067,1.0,2.7898242473602295,0.0595703125,2.795527219772339,0.0673828125,,,,,,,
tune-U-w64-d50723-s702-g04-random,tune,U,64,50723,702,96102,4,random,0.0001,0.1,113408,5,0.10180743922479553,,0.00029078877063008594,20.93216896057129,0.041015625,0.5375,False,False,2.002199411392212,,1.962477684020996,0.32590463757514954,1.0,2.7793681621551514,0.05859375,2.7821602821350098,0.06494140625,1.9668465852737427,0.3254832625389099,1.0,2.780627727508545,0.052734375,2.794429063796997,0.0654296875,,,,,,,
tune-U-w64-d50723-s702-g04-random,tune,U,64,50723,702,96102,4,random,0.0001,0.1,113408,10,0.25937571100883083,,0.0007970811693883687,33.12186110019684,0.154296875,0.68125,False,False,2.002199411392212,,1.9386696815490723,0.2888651490211487,1.0,2.7503671646118164,0.06494140625,2.7767765522003174,0.07275390625,1.9598356485366821,0.28792810440063477,1.0,2.776334762573242,0.05859375,2.815243721008301,0.0673828125,,,,,,,
tune-U-w64-d50723-s702-g04-random,tune,U,64,50723,702,96102,4,random,0.0001,0.1,113408,20,1.1323638349990728,,0.0009725346532016852,44.45626926422119,0.359375,0.840625,False,False,2.002199411392212,,1.9165321588516235,0.26791560649871826,0.99951171875,2.681884288787842,0.150390625,2.7997965812683105,0.1025390625,2.0204918384552,0.2686833143234253,1.0,2.8463501930236816,0.0888671875,2.946441650390625,0.056640625,,,,,,,
tune-U-w64-d50723-s702-g04-random,tune,U,64,50723,702,96102,4,random,0.0001,0.1,113408,30,2.354477980777569,,0.06758342492866996,48.65448296070099,0.423828125,0.89375,False,False,2.002199411392212,,1.9083324670791626,0.24919477105140686,0.99951171875,2.6409568786621094,0.19970703125,2.834846258163452,0.1298828125,2.09686279296875,0.2549225091934204,0.99609375,2.911945104598999,0.109375,3.12372088432312,0.0576171875,,,,,,,
tune-U-w64-d50723-s702-g04-uniform,tune,U,64,50723,702,96102,4,uniform,0.0001,0.1,113408,0,,no_adaptation,,0.0,0.0,,False,False,2.002199411392212,,2.0033609867095947,0.40623044967651367,1.0,2.804574489593506,0.0439453125,2.7992773056030273,0.06396484375,2.002199411392212,0.4057019054889679,1.0,2.8015027046203613,0.048828125,2.799393892288208,0.068359375,,,,,,,
tune-U-w64-d50723-s702-g04-uniform,tune,U,64,50723,702,96102,4,uniform,0.0001,0.1,113408,1,,constant_weights,,6.909010052680969,0.18359375,0.0,False,False,2.002199411392212,,1.9898666143417358,0.38442936539649963,1.0,2.7937822341918945,0.05419921875,2.791388511657715,0.06396484375,1.9931424856185913,0.3842300474643707,1.0,2.7956197261810303,0.0595703125,2.7995779514312744,0.0712890625,,,,,,,
tune-U-w64-d50723-s702-g04-uniform,tune,U,64,50723,702,96102,4,uniform,0.0001,0.1,113408,3,,constant_weights,,18.287472248077393,0.0078125,0.0,False,False,2.002199411392212,,1.967643141746521,0.33926841616630554,1.0,2.781003475189209,0.046875,2.7826576232910156,0.06689453125,1.9730896949768066,0.33928537368774414,1.0,2.786436080932617,0.0556640625,2.7935473918914795,0.0634765625,,,,,,,
tune-U-w64-d50723-s702-g04-uniform,tune,U,64,50723,702,96102,4,uniform,0.0001,0.1,113408,5,,constant_weights,,27.939480423927307,0.0,0.0,False,False,2.002199411392212,,1.94879150390625,0.30279308557510376,1.0,2.7686004638671875,0.0478515625,2.7749810218811035,0.06591796875,1.957067608833313,0.30273085832595825,1.0,2.7784488201141357,0.05078125,2.7900230884552,0.06640625,,,,,,,
tune-U-w64-d50723-s702-g04-uniform,tune,U,64,50723,702,96102,4,uniform,0.0001,0.1,113408,10,,constant_weights,,52.18421733379364,0.00390625,0.025,False,False,2.002199411392212,,1.901438593864441,0.23975886404514313,1.0,2.7134346961975098,0.0859375,2.751121997833252,0.0732421875,1.9325587749481201,0.23986035585403442,1.0,2.7553765773773193,0.078125,2.802438974380493,0.0576171875,,,,,,,
tune-U-w64-d50723-s702-g04-uniform,tune,U,64,50723,702,96102,4,uniform,0.0001,0.1,113408,20,,constant_weights,,117.92172455787659,0.02734375,0.475,False,False,2.002199411392212,,1.7730448246002197,0.19136382639408112,1.0,2.4240810871124268,0.22119140625,2.70369029045105,0.11865234375,1.9199914932250977,0.1916210949420929,1.0,2.6715965270996094,0.1357421875,2.8967573642730713,0.072265625,,,,,,,
tune-U-w64-d50723-s702-g04-uniform,tune,U,64,50723,702,96102,4,uniform,0.0001,0.1,113408,30,,constant_weights,,164.8339112997055,0.015625,0.65,False,False,2.002199411392212,,1.6814196109771729,0.1686510145664215,1.0,2.2150652408599854,0.2919921875,2.6605424880981445,0.13525390625,1.9183282852172852,0.17115598917007446,1.0,2.6462080478668213,0.138671875,2.9376208782196045,0.0576171875,,,,,,,
tune-U-w64-d50723-s702-g05-random,tune,U,64,50723,702,96102,5,random,0.0001,1.0,113408,0,,no_adaptation,,0.0,0.0,,False,False,2.002199411392212,,2.0033609867095947,0.40623044967651367,1.0,2.804574489593506,0.0439453125,2.7992773056030273,0.06396484375,2.002199411392212,0.4057019054889679,1.0,2.8015027046203613,0.048828125,2.799393892288208,0.068359375,,,,,,,
tune-U-w64-d50723-s702-g05-random,tune,U,64,50723,702,96102,5,random,0.0001,1.0,113408,1,0.16938426844608057,,0.0007068695933944318,3.613763451576233,0.34765625,0.6875,False,False,2.002199411392212,,1.9963027238845825,0.3962952494621277,1.0,2.7984402179718018,0.05419921875,2.794172763824463,0.06298828125,1.9981584548950195,0.3961648941040039,1.0,2.7973365783691406,0.05859375,2.800973892211914,0.0703125,,,,,,,
tune-U-w64-d50723-s702-g05-random,tune,U,64,50723,702,96102,5,random,0.0001,1.0,113408,3,0.12445015182258369,,0.0003535102344733339,10.962255716323853,0.171875,0.5416666666666666,False,False,2.002199411392212,,1.981950044631958,0.3666715919971466,1.0,2.79056715965271,0.060546875,2.788611650466919,0.068359375,1.9844006299972534,0.3663572669029236,1.0,2.7906084060668945,0.05859375,2.796236038208008,0.0712890625,,,,,,,
tune-U-w64-d50723-s702-g05-random,tune,U,64,50723,702,96102,5,random,0.0001,1.0,113408,5,0.12294286132584348,,0.00038397367811817047,17.486241102218628,0.076171875,0.5375,False,False,2.002199411392212,,1.9692078828811646,0.34386762976646423,1.0,2.7804274559020996,0.05810546875,2.7833287715911865,0.06494140625,1.9734927415847778,0.34343796968460083,1.0,2.781651735305786,0.0517578125,2.795388698577881,0.06640625,,,,,,,
tune-U-w64-d50723-s702-g05-random,tune,U,64,50723,702,96102,5,random,0.0001,1.0,113408,10,0.31155700084651705,,0.0008828147861389388,27.348912715911865,0.2109375,0.6875,False,False,2.002199411392212,,1.9499449729919434,0.31955698132514954,1.0,2.751624345779419,0.06396484375,2.778653621673584,0.0712890625,1.9703795909881592,0.3186446726322174,1.0,2.7770397663116455,0.05859375,2.8154547214508057,0.0693359375,,,,,,,
tune-U-w64-d50723-s702-g05-random,tune,U,64,50723,702,96102,5,random,0.0001,1.0,113408,20,1.51091002636363,,0.006820756311802723,35.6048184633255,0.3984375,0.84375,False,False,2.002199411392212,,1.9338202476501465,0.32149189710617065,0.99951171875,2.6823136806488037,0.150390625,2.797654867172241,0.10009765625,2.031498670578003,0.32243359088897705,1.0,2.837088108062744,0.087890625,2.934974431991577,0.0615234375,,,,,,,
tune-U-w64-d50723-s702-g05-random,tune,U,64,50723,702,96102,5,random,0.0001,1.0,113408,30,2.753549477392173,,0.11356713195903556,39.45438063144684,0.43359375,0.8958333333333334,False,False,2.002199411392212,,1.9263014793395996,0.3245042860507965,0.99951171875,2.6328928470611572,0.1982421875,2.821507453918457,0.12451171875,2.100487470626831,0.3309022784233093,0.998046875,2.8868043422698975,0.109375,3.0837550163269043,0.05859375,,,,,,,
tune-U-w64-d50723-s702-g05-uniform,tune,U,64,50723,702,96102,5,uniform,0.0001,1.0,113408,0,,no_adaptation,,0.0,0.0,,False,False,2.002199411392212,,2.0033609867095947,0.40623044967651367,1.0,2.804574489593506,0.0439453125,2.7992773056030273,0.06396484375,2.002199411392212,0.4057019054889679,1.0,2.8015027046203613,0.048828125,2.799393892288208,0.068359375,,,,,,,
tune-U-w64-d50723-s702-g05-uniform,tune,U,64,50723,702,96102,5,uniform,0.0001,1.0,113408,1,,constant_weights,,6.077871322631836,0.212890625,0.0,False,False,2.002199411392212,,1.9914898872375488,0.3886236250400543,1.0,2.794121026992798,0.05517578125,2.7917253971099854,0.06396484375,1.9947552680969238,0.3884347081184387,1.0,2.7959609031677246,0.0595703125,2.799870491027832,0.0693359375,,,,,,,
tune-U-w64-d50723-s702-g05-uniform,tune,U,64,50723,702,96102,5,uniform,0.0001,1.0,113408,3,,constant_weights,,16.09211230278015,0.01953125,0.0,False,False,2.002199411392212,,1.971930980682373,0.3505772054195404,1.0,2.781771421432495,0.04638671875,2.783444404602051,0.06689453125,1.9773454666137695,0.35063260793685913,1.0,2.7871296405792236,0.0537109375,2.794273853302002,0.0634765625,,,,,,,
tune-U-w64-d50723-s702-g05-uniform,tune,U,64,50723,702,96102,5,uniform,0.0001,1.0,113408,5,,constant_weights,,24.681615233421326,0.0,0.0,False,False,2.002199411392212,,1.955154538154602,0.3197793960571289,1.0,2.7696127891540527,0.0478515625,2.776071786880493,0.06591796875,1.9633387327194214,0.31973734498023987,1.0,2.779290199279785,0.0498046875,2.7909889221191406,0.06640625,,,,,,,
tune-U-w64-d50723-s702-g05-uniform,tune,U,64,50723,702,96102,5,uniform,0.0001,1.0,113408,10,,constant_weights,,46.836849093437195,0.0078125,0.01875,False,False,2.002199411392212,,1.9118826389312744,0.2663416266441345,1.0,2.7159276008605957,0.08349609375,2.753378391265869,0.07421875,1.9420373439788818,0.26648831367492676,1.0,2.7564408779144287,0.068359375,2.803183078765869,0.0576171875,,,,,,,
tune-U-w64-d50723-s702-g05-uniform,tune,U,64,50723,702,96102,5,uniform,0.0001,1.0,113408,20,,constant_weights,,108.31801354885101,0.04296875,0.46875,False,False,2.002199411392212,,1.791802167892456,0.23199358582496643,1.0,2.435141086578369,0.22607421875,2.7082722187042236,0.11767578125,1.933129072189331,0.232512965798378,1.0,2.6719255447387695,0.1357421875,2.8949484825134277,0.0673828125,,,,,,,
tune-U-w64-d50723-s702-g05-uniform,tune,U,64,50723,702,96102,5,uniform,0.0001,1.0,113408,30,,constant_weights,,148.23983025550842,0.01953125,0.6458333333333334,False,False,2.002199411392212,,1.7138299942016602,0.22406503558158875,1.0,2.249455451965332,0.28515625,2.667969226837158,0.13525390625,1.9377793073654175,0.22653022408485413,1.0,2.6518869400024414,0.13671875,2.9349212646484375,0.0576171875,,,,,,,
