name,epoch,variant,width,data_seed,seed,arm,canonical_zero,total_gain,mean_gain,positive_mass,negative_absolute_mass,absolute_mass,negative_gain_fraction,cancellation_ratio,primary_p,primary_objective,primary_reason,primary_lower_boundary,primary_upper_boundary,identity_max_abs_error,shared_p,shared_reason,shared_objective,shared_total_gain,shared_negative_gain_fraction,shared_at_lower_bound,shared_at_upper_bound,group_p,group_reason,group_objective,group_total_gain,group_negative_gain_fraction,group_at_lower_bound,group_at_upper_bound,instance_p,instance_reason,instance_objective,instance_total_gain,instance_negative_gain_fraction,instance_at_lower_bound,instance_at_upper_bound,group_instance_p,group_instance_reason,group_instance_objective,group_instance_total_gain,group_instance_negative_gain_fraction,group_instance_at_lower_bound,group_instance_at_upper_bound,oracle_p,oracle_reason,oracle_objective,oracle_total_gain,oracle_negative_gain_fraction,oracle_at_lower_bound,oracle_at_upper_bound
M-w128-d61103-s1001-random,0,M,128,61103,1001,random,True,0.0,0.0,0.0,-0.0,0.0,0.0,,,,nonpositive_total_gain,False,False,0.0,,nonpositive_total_gain,,0.0,0.0,False,False,,nonpositive_total_gain,,0.0,0.0,False,False,,nonpositive_total_gain,,0.0,0.0,False,False,,nonpositive_total_gain,,0.0,0.0,False,False,,nonpositive_total_gain,,-1102.9164294975371,1.0,False,False
M-w128-d61103-s1001-uniform,0,M,128,61103,1001,uniform,True,0.0,0.0,0.0,-0.0,0.0,0.0,,,,constant_weights,False,False,0.0,,constant_weights,,0.0,0.0,False,False,,constant_weights,,0.0,0.0,False,False,,constant_weights,,0.0,0.0,False,False,,constant_weights,,0.0,0.0,False,False,,constant_weights,,-1102.9164294975371,1.0,False,False
M-w128-d61103-s1002-random,0,M,128,61103,1002,random,True,0.0,0.0,0.0,-0.0,0.0,0.0,,,,nonpositive_total_gain,False,False,0.0,,nonpositive_total_gain,,0.0,0.0,False,False,,nonpositive_total_gain,,0.0,0.0,False,False,,nonpositive_total_gain,,0.0,0.0,False,False,,nonpositive_total_gain,,0.0,0.0,False,False,,nonpositive_total_gain,,-1095.1655907409759,1.0,False,False
M-w128-d61103-s1002-uniform,0,M,128,61103,1002,uniform,True,0.0,0.0,0.0,-0.0,0.0,0.0,,,,constant_weights,False,False,0.0,,constant_weights,,0.0,0.0,False,False,,constant_weights,,0.0,0.0,False,False,,constant_weights,,0.0,0.0,False,False,,constant_weights,,0.0,0.0,False,False,,constant_weights,,-1095.1655907409759,1.0,False,False
M-w128-d61103-s1003-random,0,M,128,61103,1003,random,True,0.0,0.0,0.0,-0.0,0.0,0.0,,,,nonpositive_total_gain,False,False,0.0,,nonpositive_total_gain,,0.0,0.0,False,False,,nonpositive_total_gain,,0.0,0.0,False,False,,nonpositive_total_gain,,0.0,0.0,False,False,,nonpositive_total_gain,,0.0,0.0,False,False,,nonpositive_total_gain,,-1107.1912705677123,1.0,False,False
M-w128-d61103-s1003-uniform,0,M,128,61103,1003,uniform,True,0.0,0.0,0.0,-0.0,0.0,0.0,,,,constant_weights,False,False,0.0,,constant_weights,,0.0,0.0,False,False,,constant_weights,,0.0,0.0,False,False,,constant_weights,,0.0,0.0,False,False,,constant_weights,,0.0,0.0,False,False,,constant_weights,,-1107.1912705677123,1.0,False,False
M-w128-d61211-s1001-random,0,M,128,61211,1001,random,True,0.0,0.0,0.0,-0.0,0.0,0.0,,,,nonpositive_total_gain,False,False,0.0,,nonpositive_total_gain,,0.0,0.0,False,False,,nonpositive_total_gain,,0.0,0.0,False,False,,nonpositive_total_gain,,0.0,0.0,False,False,,nonpositive_total_gain,,0.0,0.0,False,False,,nonpositive_total_gain,,-1118.5728819149108,1.0,False,False
M-w128-d61211-s1001-uniform,0,M,128,61211,1001,uniform,True,0.0,0.0,0.0,-0.0,0.0,0.0,,,,constant_weights,False,False,0.0,,constant_weights,,0.0,0.0,False,False,,constant_weights,,0.0,0.0,False,False,,constant_weights,,0.0,0.0,False,False,,constant_weights,,0.0,0.0,False,False,,constant_weights,,-1118.5728819149108,1.0,False,False
M-w128-d61211-s1002-random,0,M,128,61211,1002,random,True,0.0,0.0,0.0,-0.0,0.0,0.0,,,,nonpositive_total_gain,False,False,0.0,,nonpositive_total_gain,,0.0,0.0,False,False,,nonpositive_total_gain,,0.0,0.0,False,False,,nonpositive_total_gain,,0.0,0.0,False,False,,nonpositive_total_gain,,0.0,0.0,False,False,,nonpositive_total_gain,,-1094.9895682113738,1.0,False,False
M-w128-d61211-s1002-uniform,0,M,128,61211,1002,uniform,True,0.0,0.0,0.0,-0.0,0.0,0.0,,,,constant_weights,False,False,0.0,,constant_weights,,0.0,0.0,False,False,,constant_weights,,0.0,0.0,False,False,,constant_weights,,0.0,0.0,False,False,,constant_weights,,0.0,0.0,False,False,,constant_weights,,-1094.9895682113738,1.0,False,False
M-w128-d61211-s1003-random,0,M,128,61211,1003,random,True,0.0,0.0,0.0,-0.0,0.0,0.0,,,,nonpositive_total_gain,False,False,0.0,,nonpositive_total_gain,,0.0,0.0,False,False,,nonpositive_total_gain,,0.0,0.0,False,False,,nonpositive_total_gain,,0.0,0.0,False,False,,nonpositive_total_gain,,0.0,0.0,False,False,,nonpositive_total_gain,,-1121.9590413349242,1.0,False,False
M-w128-d61211-s1003-uniform,0,M,128,61211,1003,uniform,True,0.0,0.0,0.0,-0.0,0.0,0.0,,,,constant_weights,False,False,0.0,,constant_weights,,0.0,0.0,False,False,,constant_weights,,0.0,0.0,False,False,,constant_weights,,0.0,0.0,False,False,,constant_weights,,0.0,0.0,False,False,,constant_weights,,-1121.9590413349242,1.0,False,False
M-w128-d61319-s1001-random,0,M,128,61319,1001,random,True,0.0,0.0,0.0,-0.0,0.0,0.0,,,,nonpositive_total_gain,False,False,0.0,,nonpositive_total_gain,,0.0,0.0,False,False,,nonpositive_total_gain,,0.0,0.0,False,False,,nonpositive_total_gain,,0.0,0.0,False,False,,nonpositive_total_gain,,0.0,0.0,False,False,,nonpositive_total_gain,,-1103.242959477243,1.0,False,False
M-w128-d61319-s1001-uniform,0,M,128,61319,1001,uniform,True,0.0,0.0,0.0,-0.0,0.0,0.0,,,,constant_weights,False,False,0.0,,constant_weights,,0.0,0.0,False,False,,constant_weights,,0.0,0.0,False,False,,constant_weights,,0.0,0.0,False,False,,constant_weights,,0.0,0.0,False,False,,constant_weights,,-1103.242959477243,1.0,False,False
M-w128-d61319-s1002-random,0,M,128,61319,1002,random,True,0.0,0.0,0.0,-0.0,0.0,0.0,,,,nonpositive_total_gain,False,False,0.0,,nonpositive_total_gain,,0.0,0.0,False,False,,nonpositive_total_gain,,0.0,0.0,False,False,,nonpositive_total_gain,,0.0,0.0,False,False,,nonpositive_total_gain,,0.0,0.0,False,False,,nonpositive_total_gain,,-1088.665172077951,1.0,False,False
M-w128-d61319-s1002-uniform,0,M,128,61319,1002,uniform,True,0.0,0.0,0.0,-0.0,0.0,0.0,,,,constant_weights,False,False,0.0,,constant_weights,,0.0,0.0,False,False,,constant_weights,,0.0,0.0,False,False,,constant_weights,,0.0,0.0,False,False,,constant_weights,,0.0,0.0,False,False,,constant_weights,,-1088.665172077951,1.0,False,False
M-w128-d61319-s1003-random,0,M,128,61319,1003,random,True,0.0,0.0,0.0,-0.0,0.0,0.0,,,,nonpositive_total_gain,False,False,0.0,,nonpositive_total_gain,,0.0,0.0,False,False,,nonpositive_total_gain,,0.0,0.0,False,False,,nonpositive_total_gain,,0.0,0.0,False,False,,nonpositive_total_gain,,0.0,0.0,False,False,,nonpositive_total_gain,,-1101.448042132196,1.0,False,False
M-w128-d61319-s1003-uniform,0,M,128,61319,1003,uniform,True,0.0,0.0,0.0,-0.0,0.0,0.0,,,,constant_weights,False,False,0.0,,constant_weights,,0.0,0.0,False,False,,constant_weights,,0.0,0.0,False,False,,constant_weights,,0.0,0.0,False,False,,constant_weights,,0.0,0.0,False,False,,constant_weights,,-1101.448042132196,1.0,False,False
M-w256-d61103-s1001-random,0,M,256,61103,1001,random,True,0.0,0.0,0.0,-0.0,0.0,0.0,,,,nonpositive_total_gain,False,False,0.0,,nonpositive_total_gain,,0.0,0.0,False,False,,nonpositive_total_gain,,0.0,0.0,False,False,,nonpositive_total_gain,,0.0,0.0,False,False,,nonpositive_total_gain,,0.0,0.0,False,False,,nonpositive_total_gain,,-1773.7384395378208,1.0,False,False
M-w256-d61103-s1001-uniform,0,M,256,61103,1001,uniform,True,0.0,0.0,0.0,-0.0,0.0,0.0,,,,constant_weights,False,False,0.0,,constant_weights,,0.0,0.0,False,False,,constant_weights,,0.0,0.0,False,False,,constant_weights,,0.0,0.0,False,False,,constant_weights,,0.0,0.0,False,False,,constant_weights,,-1773.7384395378208,1.0,False,False
M-w256-d61103-s1002-random,0,M,256,61103,1002,random,True,0.0,0.0,0.0,-0.0,0.0,0.0,,,,nonpositive_total_gain,False,False,0.0,,nonpositive_total_gain,,0.0,0.0,False,False,,nonpositive_total_gain,,0.0,0.0,False,False,,nonpositive_total_gain,,0.0,0.0,False,False,,nonpositive_total_gain,,0.0,0.0,False,False,,nonpositive_total_gain,,-1759.8191761749363,1.0,False,False
M-w256-d61103-s1002-uniform,0,M,256,61103,1002,uniform,True,0.0,0.0,0.0,-0.0,0.0,0.0,,,,constant_weights,False,False,0.0,,constant_weights,,0.0,0.0,False,False,,constant_weights,,0.0,0.0,False,False,,constant_weights,,0.0,0.0,False,False,,constant_weights,,0.0,0.0,False,False,,constant_weights,,-1759.8191761749363,1.0,False,False
M-w256-d61103-s1003-random,0,M,256,61103,1003,random,True,0.0,0.0,0.0,-0.0,0.0,0.0,,,,nonpositive_total_gain,False,False,0.0,,nonpositive_total_gain,,0.0,0.0,False,False,,nonpositive_total_gain,,0.0,0.0,False,False,,nonpositive_total_gain,,0.0,0.0,False,False,,nonpositive_total_gain,,0.0,0.0,False,False,,nonpositive_total_gain,,-1762.654108979044,1.0,False,False
M-w256-d61103-s1003-uniform,0,M,256,61103,1003,uniform,True,0.0,0.0,0.0,-0.0,0.0,0.0,,,,constant_weights,False,False,0.0,,constant_weights,,0.0,0.0,False,False,,constant_weights,,0.0,0.0,False,False,,constant_weights,,0.0,0.0,False,False,,constant_weights,,0.0,0.0,False,False,,constant_weights,,-1762.654108979044,1.0,False,False
M-w256-d61211-s1001-random,0,M,256,61211,1001,random,True,0.0,0.0,0.0,-0.0,0.0,0.0,,,,nonpositive_total_gain,False,False,0.0,,nonpositive_total_gain,,0.0,0.0,False,False,,nonpositive_total_gain,,0.0,0.0,False,False,,nonpositive_total_gain,,0.0,0.0,False,False,,nonpositive_total_gain,,0.0,0.0,False,False,,nonpositive_total_gain,,-1773.9374637382602,1.0,False,False
M-w256-d61211-s1001-uniform,0,M,256,61211,1001,uniform,True,0.0,0.0,0.0,-0.0,0.0,0.0,,,,constant_weights,False,False,0.0,,constant_weights,,0.0,0.0,False,False,,constant_weights,,0.0,0.0,False,False,,constant_weights,,0.0,0.0,False,False,,constant_weights,,0.0,0.0,False,False,,constant_weights,,-1773.9374637382602,1.0,False,False
M-w256-d61211-s1002-random,0,M,256,61211,1002,random,True,0.0,0.0,0.0,-0.0,0.0,0.0,,,,nonpositive_total_gain,False,False,0.0,,nonpositive_total_gain,,0.0,0.0,False,False,,nonpositive_total_gain,,0.0,0.0,False,False,,nonpositive_total_gain,,0.0,0.0,False,False,,nonpositive_total_gain,,0.0,0.0,False,False,,nonpositive_total_gain,,-1770.1644937770939,1.0,False,False
M-w256-d61211-s1002-uniform,0,M,256,61211,1002,uniform,True,0.0,0.0,0.0,-0.0,0.0,0.0,,,,constant_weights,False,False,0.0,,constant_weights,,0.0,0.0,False,False,,constant_weights,,0.0,0.0,False,False,,constant_weights,,0.0,0.0,False,False,,constant_weights,,0.0,0.0,False,False,,constant_weights,,-1770.1644937770939,1.0,False,False
M-w256-d61211-s1003-random,0,M,256,61211,1003,random,True,0.0,0.0,0.0,-0.0,0.0,0.0,,,,nonpositive_total_gain,False,False,0.0,,nonpositive_total_gain,,0.0,0.0,False,False,,nonpositive_total_gain,,0.0,0.0,False,False,,nonpositive_total_gain,,0.0,0.0,False,False,,nonpositive_total_gain,,0.0,0.0,False,False,,nonpositive_total_gain,,-1766.2718930023289,1.0,False,False
M-w256-d61211-s1003-uniform,0,M,256,61211,1003,uniform,True,0.0,0.0,0.0,-0.0,0.0,0.0,,,,constant_weights,False,False,0.0,,constant_weights,,0.0,0.0,False,False,,constant_weights,,0.0,0.0,False,False,,constant_weights,,0.0,0.0,False,False,,constant_weights,,0.0,0.0,False,False,,constant_weights,,-1766.2718930023289,1.0,False,False
M-w256-d61319-s1001-random,0,M,256,61319,1001,random,True,0.0,0.0,0.0,-0.0,0.0,0.0,,,,nonpositive_total_gain,False,False,0.0,,nonpositive_total_gain,,0.0,0.0,False,False,,nonpositive_total_gain,,0.0,0.0,False,False,,nonpositive_total_gain,,0.0,0.0,False,False,,nonpositive_total_gain,,0.0,0.0,False,False,,nonpositive_total_gain,,-1774.2693176048376,1.0,False,False
M-w256-d61319-s1001-uniform,0,M,256,61319,1001,uniform,True,0.0,0.0,0.0,-0.0,0.0,0.0,,,,constant_weights,False,False,0.0,,constant_weights,,0.0,0.0,False,False,,constant_weights,,0.0,0.0,False,False,,constant_weights,,0.0,0.0,False,False,,constant_weights,,0.0,0.0,False,False,,constant_weights,,-1774.2693176048376,1.0,False,False
M-w256-d61319-s1002-random,0,M,256,61319,1002,random,True,0.0,0.0,0.0,-0.0,0.0,0.0,,,,nonpositive_total_gain,False,False,0.0,,nonpositive_total_gain,,0.0,0.0,False,False,,nonpositive_total_gain,,0.0,0.0,False,False,,nonpositive_total_gain,,0.0,0.0,False,False,,nonpositive_total_gain,,0.0,0.0,False,False,,nonpositive_total_gain,,-1765.516605831919,1.0,False,False
M-w256-d61319-s1002-uniform,0,M,256,61319,1002,uniform,True,0.0,0.0,0.0,-0.0,0.0,0.0,,,,constant_weights,False,False,0.0,,constant_weights,,0.0,0.0,False,False,,constant_weights,,0.0,0.0,False,False,,constant_weights,,0.0,0.0,False,False,,constant_weights,,0.0,0.0,False,False,,constant_weights,,-1765.516605831919,1.0,False,False
M-w256-d61319-s1003-random,0,M,256,61319,1003,random,True,0.0,0.0,0.0,-0.0,0.0,0.0,,,,nonpositive_total_gain,False,False,0.0,,nonpositive_total_gain,,0.0,0.0,False,False,,nonpositive_total_gain,,0.0,0.0,False,False,,nonpositive_total_gain,,0.0,0.0,False,False,,nonpositive_total_gain,,0.0,0.0,False,False,,nonpositive_total_gain,,-1747.9297446983433,1.0,False,False
M-w256-d61319-s1003-uniform,0,M,256,61319,1003,uniform,True,0.0,0.0,0.0,-0.0,0.0,0.0,,,,constant_weights,False,False,0.0,,constant_weights,,0.0,0.0,False,False,,constant_weights,,0.0,0.0,False,False,,constant_weights,,0.0,0.0,False,False,,constant_weights,,0.0,0.0,False,False,,constant_weights,,-1747.9297446983433,1.0,False,False
M-w64-d61103-s1001-random,0,M,64,61103,1001,random,True,0.0,0.0,0.0,-0.0,0.0,0.0,,,,nonpositive_total_gain,False,False,0.0,,nonpositive_total_gain,,0.0,0.0,False,False,,nonpositive_total_gain,,0.0,0.0,False,False,,nonpositive_total_gain,,0.0,0.0,False,False,,nonpositive_total_gain,,0.0,0.0,False,False,,nonpositive_total_gain,,-634.3070065754025,1.0,False,False
M-w64-d61103-s1001-uniform,0,M,64,61103,1001,uniform,True,0.0,0.0,0.0,-0.0,0.0,0.0,,,,constant_weights,False,False,0.0,,constant_weights,,0.0,0.0,False,False,,constant_weights,,0.0,0.0,False,False,,constant_weights,,0.0,0.0,False,False,,constant_weights,,0.0,0.0,False,False,,constant_weights,,-634.3070065754025,1.0,False,False
M-w64-d61103-s1002-random,0,M,64,61103,1002,random,True,0.0,0.0,0.0,-0.0,0.0,0.0,,,,nonpositive_total_gain,False,False,0.0,,nonpositive_total_gain,,0.0,0.0,False,False,,nonpositive_total_gain,,0.0,0.0,False,False,,nonpositive_total_gain,,0.0,0.0,False,False,,nonpositive_total_gain,,0.0,0.0,False,False,,nonpositive_total_gain,,-630.969629980859,1.0,False,False
M-w64-d61103-s1002-uniform,0,M,64,61103,1002,uniform,True,0.0,0.0,0.0,-0.0,0.0,0.0,,,,constant_weights,False,False,0.0,,constant_weights,,0.0,0.0,False,False,,constant_weights,,0.0,0.0,False,False,,constant_weights,,0.0,0.0,False,False,,constant_weights,,0.0,0.0,False,False,,constant_weights,,-630.969629980859,1.0,False,False
M-w64-d61103-s1003-random,0,M,64,61103,1003,random,True,0.0,0.0,0.0,-0.0,0.0,0.0,,,,nonpositive_total_gain,False,False,0.0,,nonpositive_total_gain,,0.0,0.0,False,False,,nonpositive_total_gain,,0.0,0.0,False,False,,nonpositive_total_gain,,0.0,0.0,False,False,,nonpositive_total_gain,,0.0,0.0,False,False,,nonpositive_total_gain,,-637.2225777881711,1.0,False,False
M-w64-d61103-s1003-uniform,0,M,64,61103,1003,uniform,True,0.0,0.0,0.0,-0.0,0.0,0.0,,,,constant_weights,False,False,0.0,,constant_weights,,0.0,0.0,False,False,,constant_weights,,0.0,0.0,False,False,,constant_weights,,0.0,0.0,False,False,,constant_weights,,0.0,0.0,False,False,,constant_weights,,-637.2225777881711,1.0,False,False
M-w64-d61211-s1001-random,0,M,64,61211,1001,random,True,0.0,0.0,0.0,-0.0,0.0,0.0,,,,nonpositive_total_gain,False,False,0.0,,nonpositive_total_gain,,0.0,0.0,False,False,,nonpositive_total_gain,,0.0,0.0,False,False,,nonpositive_total_gain,,0.0,0.0,False,False,,nonpositive_total_gain,,0.0,0.0,False,False,,nonpositive_total_gain,,-635.3368439453213,1.0,False,False
M-w64-d61211-s1001-uniform,0,M,64,61211,1001,uniform,True,0.0,0.0,0.0,-0.0,0.0,0.0,,,,constant_weights,False,False,0.0,,constant_weights,,0.0,0.0,False,False,,constant_weights,,0.0,0.0,False,False,,constant_weights,,0.0,0.0,False,False,,constant_weights,,0.0,0.0,False,False,,constant_weights,,-635.3368439453213,1.0,False,False
M-w64-d61211-s1002-random,0,M,64,61211,1002,random,True,0.0,0.0,0.0,-0.0,0.0,0.0,,,,nonpositive_total_gain,False,False,0.0,,nonpositive_total_gain,,0.0,0.0,False,False,,nonpositive_total_gain,,0.0,0.0,False,False,,nonpositive_total_gain,,0.0,0.0,False,False,,nonpositive_total_gain,,0.0,0.0,False,False,,nonpositive_total_gain,,-634.2694387214749,1.0,False,False
M-w64-d61211-s1002-uniform,0,M,64,61211,1002,uniform,True,0.0,0.0,0.0,-0.0,0.0,0.0,,,,constant_weights,False,False,0.0,,constant_weights,,0.0,0.0,False,False,,constant_weights,,0.0,0.0,False,False,,constant_weights,,0.0,0.0,False,False,,constant_weights,,0.0,0.0,False,False,,constant_weights,,-634.2694387214749,1.0,False,False
M-w64-d61211-s1003-random,0,M,64,61211,1003,random,True,0.0,0.0,0.0,-0.0,0.0,0.0,,,,nonpositive_total_gain,False,False,0.0,,nonpositive_total_gain,,0.0,0.0,False,False,,nonpositive_total_gain,,0.0,0.0,False,False,,nonpositive_total_gain,,0.0,0.0,False,False,,nonpositive_total_gain,,0.0,0.0,False,False,,nonpositive_total_gain,,-630.5067490118115,1.0,False,False
M-w64-d61211-s1003-uniform,0,M,64,61211,1003,uniform,True,0.0,0.0,0.0,-0.0,0.0,0.0,,,,constant_weights,False,False,0.0,,constant_weights,,0.0,0.0,False,False,,constant_weights,,0.0,0.0,False,False,,constant_weights,,0.0,0.0,False,False,,constant_weights,,0.0,0.0,False,False,,constant_weights,,-630.5067490118115,1.0,False,False
M-w64-d61319-s1001-random,0,M,64,61319,1001,random,True,0.0,0.0,0.0,-0.0,0.0,0.0,,,,nonpositive_total_gain,False,False,0.0,,nonpositive_total_gain,,0.0,0.0,False,False,,nonpositive_total_gain,,0.0,0.0,False,False,,nonpositive_total_gain,,0.0,0.0,False,False,,nonpositive_total_gain,,0.0,0.0,False,False,,nonpositive_total_gain,,-634.8374824302762,1.0,False,False
M-w64-d61319-s1001-uniform,0,M,64,61319,1001,uniform,True,0.0,0.0,0.0,-0.0,0.0,0.0,,,,constant_weights,False,False,0.0,,constant_weights,,0.0,0.0,False,False,,constant_weights,,0.0,0.0,False,False,,constant_weights,,0.0,0.0,False,False,,constant_weights,,0.0,0.0,False,False,,constant_weights,,-634.8374824302762,1.0,False,False
M-w64-d61319-s1002-random,0,M,64,61319,1002,random,True,0.0,0.0,0.0,-0.0,0.0,0.0,,,,nonpositive_total_gain,False,False,0.0,,nonpositive_total_gain,,0.0,0.0,False,False,,nonpositive_total_gain,,0.0,0.0,False,False,,nonpositive_total_gain,,0.0,0.0,False,False,,nonpositive_total_gain,,0.0,0.0,False,False,,nonpositive_total_gain,,-625.4446844833462,1.0,False,False
M-w64-d61319-s1002-uniform,0,M,64,61319,1002,uniform,True,0.0,0.0,0.0,-0.0,0.0,0.0,,,,constant_weights,False,False,0.0,,constant_weights,,0.0,0.0,False,False,,constant_weights,,0.0,0.0,False,False,,constant_weights,,0.0,0.0,False,False,,constant_weights,,0.0,0.0,False,False,,constant_weights,,-625.4446844833462,1.0,False,False
M-w64-d61319-s1003-random,0,M,64,61319,1003,random,True,0.0,0.0,0.0,-0.0,0.0,0.0,,,,nonpositive_total_gain,False,False,0.0,,nonpositive_total_gain,,0.0,0.0,False,False,,nonpositive_total_gain,,0.0,0.0,False,False,,nonpositive_total_gain,,0.0,0.0,False,False,,nonpositive_total_gain,,0.0,0.0,False,False,,nonpositive_total_gain,,-623.2289638298123,1.0,False,False
M-w64-d61319-s1003-uniform,0,M,64,61319,1003,uniform,True,0.0,0.0,0.0,-0.0,0.0,0.0,,,,constant_weights,False,False,0.0,,constant_weights,,0.0,0.0,False,False,,constant_weights,,0.0,0.0,False,False,,constant_weights,,0.0,0.0,False,False,,constant_weights,,0.0,0.0,False,False,,constant_weights,,-623.2289638298123,1.0,False,False
U-w128-d61103-s1001-random,0,U,128,61103,1001,random,True,0.0,0.0,0.0,-0.0,0.0,0.0,,,,nonpositive_total_gain,False,False,0.0,,nonpositive_total_gain,,0.0,0.0,False,False,,nonpositive_total_gain,,0.0,0.0,False,False,,nonpositive_total_gain,,0.0,0.0,False,False,,nonpositive_total_gain,,0.0,0.0,False,False,,nonpositive_total_gain,,-13.573513008889563,0.97265625,False,False
U-w128-d61103-s1001-uniform,0,U,128,61103,1001,uniform,True,0.0,0.0,0.0,-0.0,0.0,0.0,,,,constant_weights,False,False,0.0,,constant_weights,,0.0,0.0,False,False,,constant_weights,,0.0,0.0,False,False,,constant_weights,,0.0,0.0,False,False,,constant_weights,,0.0,0.0,False,False,,constant_weights,,-13.573513008889563,0.97265625,False,False
U-w128-d61103-s1002-random,0,U,128,61103,1002,random,True,0.0,0.0,0.0,-0.0,0.0,0.0,,,,nonpositive_total_gain,False,False,0.0,,nonpositive_total_gain,,0.0,0.0,False,False,,nonpositive_total_gain,,0.0,0.0,False,False,,nonpositive_total_gain,,0.0,0.0,False,False,,nonpositive_total_gain,,0.0,0.0,False,False,,nonpositive_total_gain,,-13.859091021355994,0.970703125,False,False
U-w128-d61103-s1002-uniform,0,U,128,61103,1002,uniform,True,0.0,0.0,0.0,-0.0,0.0,0.0,,,,constant_weights,False,False,0.0,,constant_weights,,0.0,0.0,False,False,,constant_weights,,0.0,0.0,False,False,,constant_weights,,0.0,0.0,False,False,,constant_weights,,0.0,0.0,False,False,,constant_weights,,-13.859091021355994,0.970703125,False,False
U-w128-d61103-s1003-random,0,U,128,61103,1003,random,True,0.0,0.0,0.0,-0.0,0.0,0.0,,,,nonpositive_total_gain,False,False,0.0,,nonpositive_total_gain,,0.0,0.0,False,False,,nonpositive_total_gain,,0.0,0.0,False,False,,nonpositive_total_gain,,0.0,0.0,False,False,,nonpositive_total_gain,,0.0,0.0,False,False,,nonpositive_total_gain,,-13.09022436314524,0.96484375,False,False
U-w128-d61103-s1003-uniform,0,U,128,61103,1003,uniform,True,0.0,0.0,0.0,-0.0,0.0,0.0,,,,constant_weights,False,False,0.0,,constant_weights,,0.0,0.0,False,False,,constant_weights,,0.0,0.0,False,False,,constant_weights,,0.0,0.0,False,False,,constant_weights,,0.0,0.0,False,False,,constant_weights,,-13.09022436314524,0.96484375,False,False
U-w128-d61211-s1001-random,0,U,128,61211,1001,random,True,0.0,0.0,0.0,-0.0,0.0,0.0,,,,nonpositive_total_gain,False,False,0.0,,nonpositive_total_gain,,0.0,0.0,False,False,,nonpositive_total_gain,,0.0,0.0,False,False,,nonpositive_total_gain,,0.0,0.0,False,False,,nonpositive_total_gain,,0.0,0.0,False,False,,nonpositive_total_gain,,-13.528652049836523,0.96875,False,False
U-w128-d61211-s1001-uniform,0,U,128,61211,1001,uniform,True,0.0,0.0,0.0,-0.0,0.0,0.0,,,,constant_weights,False,False,0.0,,constant_weights,,0.0,0.0,False,False,,constant_weights,,0.0,0.0,False,False,,constant_weights,,0.0,0.0,False,False,,constant_weights,,0.0,0.0,False,False,,constant_weights,,-13.528652049836523,0.96875,False,False
U-w128-d61211-s1002-random,0,U,128,61211,1002,random,True,0.0,0.0,0.0,-0.0,0.0,0.0,,,,nonpositive_total_gain,False,False,0.0,,nonpositive_total_gain,,0.0,0.0,False,False,,nonpositive_total_gain,,0.0,0.0,False,False,,nonpositive_total_gain,,0.0,0.0,False,False,,nonpositive_total_gain,,0.0,0.0,False,False,,nonpositive_total_gain,,-13.75913522416056,0.9609375,False,False
U-w128-d61211-s1002-uniform,0,U,128,61211,1002,uniform,True,0.0,0.0,0.0,-0.0,0.0,0.0,,,,constant_weights,False,False,0.0,,constant_weights,,0.0,0.0,False,False,,constant_weights,,0.0,0.0,False,False,,constant_weights,,0.0,0.0,False,False,,constant_weights,,0.0,0.0,False,False,,constant_weights,,-13.75913522416056,0.9609375,False,False
U-w128-d61211-s1003-random,0,U,128,61211,1003,random,True,0.0,0.0,0.0,-0.0,0.0,0.0,,,,nonpositive_total_gain,False,False,0.0,,nonpositive_total_gain,,0.0,0.0,False,False,,nonpositive_total_gain,,0.0,0.0,False,False,,nonpositive_total_gain,,0.0,0.0,False,False,,nonpositive_total_gain,,0.0,0.0,False,False,,nonpositive_total_gain,,-13.472355582055457,0.966796875,False,False
U-w128-d61211-s1003-uniform,0,U,128,61211,1003,uniform,True,0.0,0.0,0.0,-0.0,0.0,0.0,,,,constant_weights,False,False,0.0,,constant_weights,,0.0,0.0,False,False,,constant_weights,,0.0,0.0,False,False,,constant_weights,,0.0,0.0,False,False,,constant_weights,,0.0,0.0,False,False,,constant_weights,,-13.472355582055457,0.966796875,False,False
U-w128-d61319-s1001-random,0,U,128,61319,1001,random,True,0.0,0.0,0.0,-0.0,0.0,0.0,,,,nonpositive_total_gain,False,False,0.0,,nonpositive_total_gain,,0.0,0.0,False,False,,nonpositive_total_gain,,0.0,0.0,False,False,,nonpositive_total_gain,,0.0,0.0,False,False,,nonpositive_total_gain,,0.0,0.0,False,False,,nonpositive_total_gain,,-13.47876582318247,0.96484375,False,False
U-w128-d61319-s1001-uniform,0,U,128,61319,1001,uniform,True,0.0,0.0,0.0,-0.0,0.0,0.0,,,,constant_weights,False,False,0.0,,constant_weights,,0.0,0.0,False,False,,constant_weights,,0.0,0.0,False,False,,constant_weights,,0.0,0.0,False,False,,constant_weights,,0.0,0.0,False,False,,constant_weights,,-13.47876582318247,0.96484375,False,False
U-w128-d61319-s1002-random,0,U,128,61319,1002,random,True,0.0,0.0,0.0,-0.0,0.0,0.0,,,,nonpositive_total_gain,False,False,0.0,,nonpositive_total_gain,,0.0,0.0,False,False,,nonpositive_total_gain,,0.0,0.0,False,False,,nonpositive_total_gain,,0.0,0.0,False,False,,nonpositive_total_gain,,0.0,0.0,False,False,,nonpositive_total_gain,,-13.740247227486975,0.978515625,False,False
U-w128-d61319-s1002-uniform,0,U,128,61319,1002,uniform,True,0.0,0.0,0.0,-0.0,0.0,0.0,,,,constant_weights,False,False,0.0,,constant_weights,,0.0,0.0,False,False,,constant_weights,,0.0,0.0,False,False,,constant_weights,,0.0,0.0,False,False,,constant_weights,,0.0,0.0,False,False,,constant_weights,,-13.740247227486975,0.978515625,False,False
U-w128-d61319-s1003-random,0,U,128,61319,1003,random,True,0.0,0.0,0.0,-0.0,0.0,0.0,,,,nonpositive_total_gain,False,False,0.0,,nonpositive_total_gain,,0.0,0.0,False,False,,nonpositive_total_gain,,0.0,0.0,False,False,,nonpositive_total_gain,,0.0,0.0,False,False,,nonpositive_total_gain,,0.0,0.0,False,False,,nonpositive_total_gain,,-13.165667034921057,0.951171875,False,False
U-w128-d61319-s1003-uniform,0,U,128,61319,1003,uniform,True,0.0,0.0,0.0,-0.0,0.0,0.0,,,,constant_weights,False,False,0.0,,constant_weights,,0.0,0.0,False,False,,constant_weights,,0.0,0.0,False,False,,constant_weights,,0.0,0.0,False,False,,constant_weights,,0.0,0.0,False,False,,constant_weights,,-13.165667034921057,0.951171875,False,False
U-w256-d61103-s1001-random,0,U,256,61103,1001,random,True,0.0,0.0,0.0,-0.0,0.0,0.0,,,,nonpositive_total_gain,False,False,0.0,,nonpositive_total_gain,,0.0,0.0,False,False,,nonpositive_total_gain,,0.0,0.0,False,False,,nonpositive_total_gain,,0.0,0.0,False,False,,nonpositive_total_gain,,0.0,0.0,False,False,,nonpositive_total_gain,,-2.2075588481992554,0.740234375,False,False
U-w256-d61103-s1001-uniform,0,U,256,61103,1001,uniform,True,0.0,0.0,0.0,-0.0,0.0,0.0,,,,constant_weights,False,False,0.0,,constant_weights,,0.0,0.0,False,False,,constant_weights,,0.0,0.0,False,False,,constant_weights,,0.0,0.0,False,False,,constant_weights,,0.0,0.0,False,False,,constant_weights,,-2.2075588481992554,0.740234375,False,False
U-w256-d61103-s1002-random,0,U,256,61103,1002,random,True,0.0,0.0,0.0,-0.0,0.0,0.0,,,,nonpositive_total_gain,False,False,0.0,,nonpositive_total_gain,,0.0,0.0,False,False,,nonpositive_total_gain,,0.0,0.0,False,False,,nonpositive_total_gain,,0.0,0.0,False,False,,nonpositive_total_gain,,0.0,0.0,False,False,,nonpositive_total_gain,,-2.5619753378003907,0.76171875,False,False
U-w256-d61103-s1002-uniform,0,U,256,61103,1002,uniform,True,0.0,0.0,0.0,-0.0,0.0,0.0,,,,constant_weights,False,False,0.0,,constant_weights,,0.0,0.0,False,False,,constant_weights,,0.0,0.0,False,False,,constant_weights,,0.0,0.0,False,False,,constant_weights,,0.0,0.0,False,False,,constant_weights,,-2.5619753378003907,0.76171875,False,False
U-w256-d61103-s1003-random,0,U,256,61103,1003,random,True,0.0,0.0,0.0,-0.0,0.0,0.0,,,,nonpositive_total_gain,False,False,0.0,,nonpositive_total_gain,,0.0,0.0,False,False,,nonpositive_total_gain,,0.0,0.0,False,False,,nonpositive_total_gain,,0.0,0.0,False,False,,nonpositive_total_gain,,0.0,0.0,False,False,,nonpositive_total_gain,,-2.531721689042456,0.73828125,False,False
U-w256-d61103-s1003-uniform,0,U,256,61103,1003,uniform,True,0.0,0.0,0.0,-0.0,0.0,0.0,,,,constant_weights,False,False,0.0,,constant_weights,,0.0,0.0,False,False,,constant_weights,,0.0,0.0,False,False,,constant_weights,,0.0,0.0,False,False,,constant_weights,,0.0,0.0,False,False,,constant_weights,,-2.531721689042456,0.73828125,False,False
U-w256-d61211-s1001-random,0,U,256,61211,1001,random,True,0.0,0.0,0.0,-0.0,0.0,0.0,,,,nonpositive_total_gain,False,False,0.0,,nonpositive_total_gain,,0.0,0.0,False,False,,nonpositive_total_gain,,0.0,0.0,False,False,,nonpositive_total_gain,,0.0,0.0,False,False,,nonpositive_total_gain,,0.0,0.0,False,False,,nonpositive_total_gain,,-2.4275523202985596,0.73046875,False,False
U-w256-d61211-s1001-uniform,0,U,256,61211,1001,uniform,True,0.0,0.0,0.0,-0.0,0.0,0.0,,,,constant_weights,False,False,0.0,,constant_weights,,0.0,0.0,False,False,,constant_weights,,0.0,0.0,False,False,,constant_weights,,0.0,0.0,False,False,,constant_weights,,0.0,0.0,False,False,,constant_weights,,-2.4275523202985596,0.73046875,False,False
U-w256-d61211-s1002-random,0,U,256,61211,1002,random,True,0.0,0.0,0.0,-0.0,0.0,0.0,,,,nonpositive_total_gain,False,False,0.0,,nonpositive_total_gain,,0.0,0.0,False,False,,nonpositive_total_gain,,0.0,0.0,False,False,,nonpositive_total_gain,,0.0,0.0,False,False,,nonpositive_total_gain,,0.0,0.0,False,False,,nonpositive_total_gain,,-2.488924958047278,0.759765625,False,False
U-w256-d61211-s1002-uniform,0,U,256,61211,1002,uniform,True,0.0,0.0,0.0,-0.0,0.0,0.0,,,,constant_weights,False,False,0.0,,constant_weights,,0.0,0.0,False,False,,constant_weights,,0.0,0.0,False,False,,constant_weights,,0.0,0.0,False,False,,constant_weights,,0.0,0.0,False,False,,constant_weights,,-2.488924958047278,0.759765625,False,False
U-w256-d61211-s1003-random,0,U,256,61211,1003,random,True,0.0,0.0,0.0,-0.0,0.0,0.0,,,,nonpositive_total_gain,False,False,0.0,,nonpositive_total_gain,,0.0,0.0,False,False,,nonpositive_total_gain,,0.0,0.0,False,False,,nonpositive_total_gain,,0.0,0.0,False,False,,nonpositive_total_gain,,0.0,0.0,False,False,,nonpositive_total_gain,,-2.4779711740583252,0.751953125,False,False
U-w256-d61211-s1003-uniform,0,U,256,61211,1003,uniform,True,0.0,0.0,0.0,-0.0,0.0,0.0,,,,constant_weights,False,False,0.0,,constant_weights,,0.0,0.0,False,False,,constant_weights,,0.0,0.0,False,False,,constant_weights,,0.0,0.0,False,False,,constant_weights,,0.0,0.0,False,False,,constant_weights,,-2.4779711740583252,0.751953125,False,False
U-w256-d61319-s1001-random,0,U,256,61319,1001,random,True,0.0,0.0,0.0,-0.0,0.0,0.0,,,,nonpositive_total_gain,False,False,0.0,,nonpositive_total_gain,,0.0,0.0,False,False,,nonpositive_total_gain,,0.0,0.0,False,False,,nonpositive_total_gain,,0.0,0.0,False,False,,nonpositive_total_gain,,0.0,0.0,False,False,,nonpositive_total_gain,,-2.185407497224219,0.7109375,False,False
U-w256-d61319-s1001-uniform,0,U,256,61319,1001,uniform,True,0.0,0.0,0.0,-0.0,0.0,0.0,,,,constant_weights,False,False,0.0,,constant_weights,,0.0,0.0,False,False,,constant_weights,,0.0,0.0,False,False,,constant_weights,,0.0,0.0,False,False,,constant_weights,,0.0,0.0,False,False,,constant_weights,,-2.185407497224219,0.7109375,False,False
U-w256-d61319-s1002-random,0,U,256,61319,1002,random,True,0.0,0.0,0.0,-0.0,0.0,0.0,,,,nonpositive_total_gain,False,False,0.0,,nonpositive_total_gain,,0.0,0.0,False,False,,nonpositive_total_gain,,0.0,0.0,False,False,,nonpositive_total_gain,,0.0,0.0,False,False,,nonpositive_total_gain,,0.0,0.0,False,False,,nonpositive_total_gain,,-2.4082445877164673,0.75,False,False
U-w256-d61319-s1002-uniform,0,U,256,61319,1002,uniform,True,0.0,0.0,0.0,-0.0,0.0,0.0,,,,constant_weights,False,False,0.0,,constant_weights,,0.0,0.0,False,False,,constant_weights,,0.0,0.0,False,False,,constant_weights,,0.0,0.0,False,False,,constant_weights,,0.0,0.0,False,False,,constant_weights,,-2.4082445877164673,0.75,False,False
U-w256-d61319-s1003-random,0,U,256,61319,1003,random,True,0.0,0.0,0.0,-0.0,0.0,0.0,,,,nonpositive_total_gain,False,False,0.0,,nonpositive_total_gain,,0.0,0.0,False,False,,nonpositive_total_gain,,0.0,0.0,False,False,,nonpositive_total_gain,,0.0,0.0,False,False,,nonpositive_total_gain,,0.0,0.0,False,False,,nonpositive_total_gain,,-2.2178588884443116,0.73046875,False,False
U-w256-d61319-s1003-uniform,0,U,256,61319,1003,uniform,True,0.0,0.0,0.0,-0.0,0.0,0.0,,,,constant_weights,False,False,0.0,,constant_weights,,0.0,0.0,False,False,,constant_weights,,0.0,0.0,False,False,,constant_weights,,0.0,0.0,False,False,,constant_weights,,0.0,0.0,False,False,,constant_weights,,-2.2178588884443116,0.73046875,False,False
U-w64-d61103-s1001-random,0,U,64,61103,1001,random,True,0.0,0.0,0.0,-0.0,0.0,0.0,,,,nonpositive_total_gain,False,False,0.0,,nonpositive_total_gain,,0.0,0.0,False,False,,nonpositive_total_gain,,0.0,0.0,False,False,,nonpositive_total_gain,,0.0,0.0,False,False,,nonpositive_total_gain,,0.0,0.0,False,False,,nonpositive_total_gain,,-78.70689056092206,1.0,False,False
U-w64-d61103-s1001-uniform,0,U,64,61103,1001,uniform,True,0.0,0.0,0.0,-0.0,0.0,0.0,,,,constant_weights,False,False,0.0,,constant_weights,,0.0,0.0,False,False,,constant_weights,,0.0,0.0,False,False,,constant_weights,,0.0,0.0,False,False,,constant_weights,,0.0,0.0,False,False,,constant_weights,,-78.70689056092206,1.0,False,False
U-w64-d61103-s1002-random,0,U,64,61103,1002,random,True,0.0,0.0,0.0,-0.0,0.0,0.0,,,,nonpositive_total_gain,False,False,0.0,,nonpositive_total_gain,,0.0,0.0,False,False,,nonpositive_total_gain,,0.0,0.0,False,False,,nonpositive_total_gain,,0.0,0.0,False,False,,nonpositive_total_gain,,0.0,0.0,False,False,,nonpositive_total_gain,,-77.05549035244883,1.0,False,False
U-w64-d61103-s1002-uniform,0,U,64,61103,1002,uniform,True,0.0,0.0,0.0,-0.0,0.0,0.0,,,,constant_weights,False,False,0.0,,constant_weights,,0.0,0.0,False,False,,constant_weights,,0.0,0.0,False,False,,constant_weights,,0.0,0.0,False,False,,constant_weights,,0.0,0.0,False,False,,constant_weights,,-77.05549035244883,1.0,False,False
U-w64-d61103-s1003-random,0,U,64,61103,1003,random,True,0.0,0.0,0.0,-0.0,0.0,0.0,,,,nonpositive_total_gain,False,False,0.0,,nonpositive_total_gain,,0.0,0.0,False,False,,nonpositive_total_gain,,0.0,0.0,False,False,,nonpositive_total_gain,,0.0,0.0,False,False,,nonpositive_total_gain,,0.0,0.0,False,False,,nonpositive_total_gain,,-82.60208044224683,1.0,False,False
U-w64-d61103-s1003-uniform,0,U,64,61103,1003,uniform,True,0.0,0.0,0.0,-0.0,0.0,0.0,,,,constant_weights,False,False,0.0,,constant_weights,,0.0,0.0,False,False,,constant_weights,,0.0,0.0,False,False,,constant_weights,,0.0,0.0,False,False,,constant_weights,,0.0,0.0,False,False,,constant_weights,,-82.60208044224683,1.0,False,False
U-w64-d61211-s1001-random,0,U,64,61211,1001,random,True,0.0,0.0,0.0,-0.0,0.0,0.0,,,,nonpositive_total_gain,False,False,0.0,,nonpositive_total_gain,,0.0,0.0,False,False,,nonpositive_total_gain,,0.0,0.0,False,False,,nonpositive_total_gain,,0.0,0.0,False,False,,nonpositive_total_gain,,0.0,0.0,False,False,,nonpositive_total_gain,,-77.14266238385143,1.0,False,False
U-w64-d61211-s1001-uniform,0,U,64,61211,1001,uniform,True,0.0,0.0,0.0,-0.0,0.0,0.0,,,,constant_weights,False,False,0.0,,constant_weights,,0.0,0.0,False,False,,constant_weights,,0.0,0.0,False,False,,constant_weights,,0.0,0.0,False,False,,constant_weights,,0.0,0.0,False,False,,constant_weights,,-77.14266238385143,1.0,False,False
U-w64-d61211-s1002-random,0,U,64,61211,1002,random,True,0.0,0.0,0.0,-0.0,0.0,0.0,,,,nonpositive_total_gain,False,False,0.0,,nonpositive_total_gain,,0.0,0.0,False,False,,nonpositive_total_gain,,0.0,0.0,False,False,,nonpositive_total_gain,,0.0,0.0,False,False,,nonpositive_total_gain,,0.0,0.0,False,False,,nonpositive_total_gain,,-77.071471549806,1.0,False,False
U-w64-d61211-s1002-uniform,0,U,64,61211,1002,uniform,True,0.0,0.0,0.0,-0.0,0.0,0.0,,,,constant_weights,False,False,0.0,,constant_weights,,0.0,0.0,False,False,,constant_weights,,0.0,0.0,False,False,,constant_weights,,0.0,0.0,False,False,,constant_weights,,0.0,0.0,False,False,,constant_weights,,-77.071471549806,1.0,False,False
U-w64-d61211-s1003-random,0,U,64,61211,1003,random,True,0.0,0.0,0.0,-0.0,0.0,0.0,,,,nonpositive_total_gain,False,False,0.0,,nonpositive_total_gain,,0.0,0.0,False,False,,nonpositive_total_gain,,0.0,0.0,False,False,,nonpositive_total_gain,,0.0,0.0,False,False,,nonpositive_total_gain,,0.0,0.0,False,False,,nonpositive_total_gain,,-79.8363289611906,1.0,False,False
U-w64-d61211-s1003-uniform,0,U,64,61211,1003,uniform,True,0.0,0.0,0.0,-0.0,0.0,0.0,,,,constant_weights,False,False,0.0,,constant_weights,,0.0,0.0,False,False,,constant_weights,,0.0,0.0,False,False,,constant_weights,,0.0,0.0,False,False,,constant_weights,,0.0,0.0,False,False,,constant_weights,,-79.8363289611906,1.0,False,False
U-w64-d61319-s1001-random,0,U,64,61319,1001,random,True,0.0,0.0,0.0,-0.0,0.0,0.0,,,,nonpositive_total_gain,False,False,0.0,,nonpositive_total_gain,,0.0,0.0,False,False,,nonpositive_total_gain,,0.0,0.0,False,False,,nonpositive_total_gain,,0.0,0.0,False,False,,nonpositive_total_gain,,0.0,0.0,False,False,,nonpositive_total_gain,,-76.02914605313242,1.0,False,False
U-w64-d61319-s1001-uniform,0,U,64,61319,1001,uniform,True,0.0,0.0,0.0,-0.0,0.0,0.0,,,,constant_weights,False,False,0.0,,constant_weights,,0.0,0.0,False,False,,constant_weights,,0.0,0.0,False,False,,constant_weights,,0.0,0.0,False,False,,constant_weights,,0.0,0.0,False,False,,constant_weights,,-76.02914605313242,1.0,False,False
U-w64-d61319-s1002-random,0,U,64,61319,1002,random,True,0.0,0.0,0.0,-0.0,0.0,0.0,,,,nonpositive_total_gain,False,False,0.0,,nonpositive_total_gain,,0.0,0.0,False,False,,nonpositive_total_gain,,0.0,0.0,False,False,,nonpositive_total_gain,,0.0,0.0,False,False,,nonpositive_total_gain,,0.0,0.0,False,False,,nonpositive_total_gain,,-77.7274535673231,1.0,False,False
U-w64-d61319-s1002-uniform,0,U,64,61319,1002,uniform,True,0.0,0.0,0.0,-0.0,0.0,0.0,,,,constant_weights,False,False,0.0,,constant_weights,,0.0,0.0,False,False,,constant_weights,,0.0,0.0,False,False,,constant_weights,,0.0,0.0,False,False,,constant_weights,,0.0,0.0,False,False,,constant_weights,,-77.7274535673231,1.0,False,False
U-w64-d61319-s1003-random,0,U,64,61319,1003,random,True,0.0,0.0,0.0,-0.0,0.0,0.0,,,,nonpositive_total_gain,False,False,0.0,,nonpositive_total_gain,,0.0,0.0,False,False,,nonpositive_total_gain,,0.0,0.0,False,False,,nonpositive_total_gain,,0.0,0.0,False,False,,nonpositive_total_gain,,0.0,0.0,False,False,,nonpositive_total_gain,,-80.36732635670604,1.0,False,False
U-w64-d61319-s1003-uniform,0,U,64,61319,1003,uniform,True,0.0,0.0,0.0,-0.0,0.0,0.0,,,,constant_weights,False,False,0.0,,constant_weights,,0.0,0.0,False,False,,constant_weights,,0.0,0.0,False,False,,constant_weights,,0.0,0.0,False,False,,constant_weights,,0.0,0.0,False,False,,constant_weights,,-80.36732635670604,1.0,False,False
confirm-M-w128-d61103-s1001-g04-random,1,M,128,61103,1001,random,False,828.2289210557938,1.6176346114370972,828.2289210557938,-0.0,828.2289210557938,0.0,1.0,0.003974434591043291,4.543899911963748e-06,,False,False,6.792445976788741e-07,,nonpositive_total_gain,,-685.3732617087662,1.0,False,False,0.0029325958928209635,,8.659356781988444e-06,1540.8447252511978,0.001953125,False,False,0.002672363433324257,,6.784266989778223e-06,1629.2152893543243,0.001953125,False,False,0.0027986263863433265,,2.75517712745446e-06,1585.030007302761,0.0,False,False,,nonpositive_total_gain,,-274.6875084417433,1.0,False,False
confirm-M-w128-d61103-s1001-g04-random,3,M,128,61103,1001,random,False,887.4195388555527,1.7332412868272513,887.4195388555527,-0.0,887.4195388555527,0.0,1.0,0.010381572193809026,3.867798064021816e-06,,False,False,6.92903995513916e-07,,nonpositive_total_gain,,-438.85556020215154,1.0,False,False,0.01035521056308495,,1.036220151431518e-05,1558.130096077919,0.0,False,False,0.0069483890588369485,,2.4495055289643294e-06,1542.9840648174286,0.001953125,False,False,0.008656977264200769,,2.279801747855486e-06,1550.5570804476738,0.0,False,False,,nonpositive_total_gain,,-215.4968906419844,0.978515625,False,False
confirm-M-w128-d61103-s1001-g04-random,5,M,128,61103,1001,random,False,914.8154598474503,1.7867489450145513,914.8154598474503,-0.0,914.8154598474503,0.0,1.0,0.01774614214226996,5.743125807210612e-06,,False,False,7.984538872296554e-07,,nonpositive_total_gain,,-360.26699163392186,1.0,False,False,0.016337008691762342,,1.5516782644712336e-05,1583.8488227128983,0.0,False,False,0.01283621182283012,,1.6221522972940866e-06,1520.8645420074463,0.001953125,False,False,0.01461882246793663,,4.109629756665662e-06,1552.3566823601723,0.0,False,False,,nonpositive_total_gain,,-188.10096905404038,0.958984375,False,False
confirm-M-w128-d61103-s1001-g04-random,10,M,128,61103,1001,random,False,999.159136891365,1.9514826892409474,999.159136891365,-0.0,999.159136891365,0.0,1.0,0.021751173980268247,8.759046867724449e-06,,False,False,7.338821887969971e-07,,nonpositive_total_gain,,-217.11841516569257,1.0,False,False,0.020639259970166142,,2.0344473748247534e-05,1608.1986293792725,0.0,False,False,0.014390558758522316,,2.677358355899985e-06,1606.3971937894821,0.001953125,False,False,0.01750919907195453,,5.775335522139604e-06,1607.2979115843773,0.0,False,False,,nonpositive_total_gain,,-103.75729224854413,0.845703125,False,False
confirm-M-w128-d61103-s1001-g04-random,20,M,128,61103,1001,random,False,1097.6092863082886,2.143768137320876,1097.6092863082886,-0.0,1097.6092863082886,0.0,1.0,0.043500386922783865,3.730722939140974e-05,,False,False,7.17739264022299e-07,,nonpositive_total_gain,,-90.7558664791286,1.0,False,False,0.04781877350978074,,6.690953275036054e-05,1704.684684932232,0.0,False,False,0.030621678749578933,,1.236855384695555e-05,1678.8990358114243,0.001953125,False,False,0.039251912471808426,,3.240521613245406e-05,1691.791860371828,0.0,False,False,,nonpositive_total_gain,,-5.30714527541102,0.572265625,False,False
confirm-M-w128-d61103-s1001-g04-random,30,M,128,61103,1001,random,False,1125.9009093046188,2.1990252134855837,1125.9009093046188,-0.0,1125.9009093046188,0.0,1.0,0.09209423909268039,0.00012061438822398458,,False,False,7.525086402893066e-07,,nonpositive_total_gain,,-38.77293022722006,0.998046875,False,False,0.09761168058418482,,0.00015290935666667052,1739.4984200000763,0.001953125,False,False,0.08069499575735467,,8.528298383227414e-05,1676.9772239923477,0.0078125,False,False,0.08927186000344976,,0.00011414422653542124,1708.237821996212,0.0,False,False,8.0,,5.964883339637355,22.984477959337813,0.544921875,False,True
confirm-M-w128-d61103-s1001-g04-uniform,1,M,128,61103,1001,uniform,False,841.1109669208527,1.6427948572672904,841.1109669208527,-0.0,841.1109669208527,0.0,1.0,,,constant_weights,False,False,7.189810276031494e-07,,constant_weights,,-651.2683412022889,1.0,False,False,,constant_weights,,1550.0077418088913,0.0,False,False,,constant_weights,,1624.5934975147247,0.001953125,False,False,,constant_weights,,1587.300619661808,0.0,False,False,,constant_weights,,-261.8054625766844,1.0,False,False
confirm-M-w128-d61103-s1001-g04-uniform,3,M,128,61103,1001,uniform,False,912.2389353513718,1.781716670608148,912.2389353513718,-0.0,912.2389353513718,0.0,1.0,,,constant_weights,False,False,7.189810276031494e-07,,constant_weights,,-393.4066747613251,1.0,False,False,,constant_weights,,1589.4169055223465,0.0,False,False,,constant_weights,,1540.7065836191177,0.001953125,False,False,,constant_weights,,1565.0617445707321,0.0,False,False,,constant_weights,,-190.67749414616532,0.978515625,False,False
confirm-M-w128-d61103-s1001-g04-uniform,5,M,128,61103,1001,uniform,False,980.7848781347275,1.9155954651068896,980.7848781347275,-0.0,980.7848781347275,0.0,1.0,,,constant_weights,False,False,7.202227911839998e-07,,constant_weights,,-266.98729920759797,1.0,False,False,,constant_weights,,1620.363699913025,0.0,False,False,,constant_weights,,1588.9782305955887,0.001953125,False,False,,constant_weights,,1604.6709652543068,0.0,False,False,,constant_weights,,-122.13155052834456,0.93359375,False,False
confirm-M-w128-d61103-s1001-g04-uniform,10,M,128,61103,1001,uniform,False,1097.791840672493,2.144124688813463,1097.791840672493,-0.0,1097.791840672493,0.0,1.0,,,constant_weights,False,False,7.028381028284514e-07,,constant_weights,,-64.2616084702313,1.0,False,False,,constant_weights,,1658.6163759231567,0.0,False,False,,constant_weights,,1699.020746231079,0.001953125,False,False,,constant_weights,,1678.818561077118,0.0,False,False,,constant_weights,,-5.1245910900205445,0.572265625,False,False
confirm-M-w128-d61103-s1001-g04-uniform,20,M,128,61103,1001,uniform,False,1222.361770272255,2.387425332562998,1222.361770272255,-0.0,1222.361770272255,0.0,1.0,,,constant_weights,False,False,8.282562098393953e-07,,constant_weights,,-9.48042443394661,0.93359375,False,False,,constant_weights,,1931.151654779911,0.0,False,False,,constant_weights,,1745.4140617847443,0.001953125,False,False,,constant_weights,,1838.2828582823277,0.0,False,False,,constant_weights,,119.44533958262498,0.03125,False,False
confirm-M-w128-d61103-s1001-g04-uniform,30,M,128,61103,1001,uniform,False,1314.032022356987,2.5664687936659902,1314.032022356987,-0.0,1314.032022356987,0.0,1.0,,,constant_weights,False,False,7.239480814824617e-07,,constant_weights,,-0.21202964335680008,0.4453125,False,False,,constant_weights,,2160.1133528351784,0.0,False,False,,constant_weights,,1782.1947416067123,0.001953125,False,False,,constant_weights,,1971.1540472209454,0.0,False,False,,constant_weights,,211.11559214419418,0.0078125,False,False
confirm-M-w128-d61103-s1001-g05-random,1,M,128,61103,1001,random,False,828.0262448787689,1.6172387595288455,828.0262448787689,-0.0,828.0262448787689,0.0,1.0,0.003970775607994503,4.5463718231009335e-06,,False,False,8.282562096173507e-07,,nonpositive_total_gain,,-685.811599869281,1.0,False,False,0.0029311444560285605,,8.662310232047753e-06,1540.761137843132,0.001953125,False,False,0.0026690384714813985,,6.785515998383332e-06,1629.1291904449463,0.001953125,False,False,0.002796210193586149,,2.7558058826472144e-06,1584.9451641440392,0.0,False,False,,nonpositive_total_gain,,-274.89018461876816,1.0,False,False
confirm-M-w128-d61103-s1001-g05-random,3,M,128,61103,1001,random,False,887.0199769735336,1.7324608925264329,887.0199769735336,-0.0,887.0199769735336,0.0,1.0,0.01039127144023267,3.872882022708391e-06,,False,False,6.48200511932373e-07,,nonpositive_total_gain,,-439.6515768356621,1.0,False,False,0.010358532402969852,,1.0365564145047702e-05,1558.0450936555862,0.0,False,False,0.006952333491808403,,2.4465818052579694e-06,1542.6664109230042,0.001953125,False,False,0.008660739630153437,,2.282789594631624e-06,1550.3557522892952,0.0,False,False,,nonpositive_total_gain,,-215.89645252400345,0.978515625,False,False
confirm-M-w128-d61103-s1001-g05-random,5,M,128,61103,1001,random,False,914.092103600502,1.7853361398447305,914.092103600502,-0.0,914.092103600502,0.0,1.0,0.01770979145593069,5.726417796164592e-06,,False,False,8.021791775281173e-07,,nonpositive_total_gain,,-362.1907742507756,1.0,False,False,0.016302601767993787,,1.547875030846433e-05,1583.6252356767654,0.0,False,False,0.012782221658430317,,1.6203516978899637e-06,1520.8418568372726,0.001953125,False,False,0.01457469100094028,,4.086379444582039e-06,1552.233546257019,0.0,False,False,,nonpositive_total_gain,,-188.82432589703507,0.9609375,False,False
confirm-M-w128-d61103-s1001-g05-random,10,M,128,61103,1001,random,False,996.6108876466751,1.9465056399349123,996.6108876466751,-0.0,996.6108876466751,0.0,1.0,0.021327007952268773,8.355818530123401e-06,,False,False,6.68068727005533e-07,,nonpositive_total_gain,,-224.4595854319632,1.0,False,False,0.02017783596171272,,1.9747748862466032e-05,1607.0151125192642,0.0,False,False,0.014057862987596502,,2.5930533455919785e-06,1607.277128815651,0.001953125,False,False,0.017110372960213102,,5.4828455012986766e-06,1607.1461206674576,0.0,False,False,,nonpositive_total_gain,,-106.30554208928054,0.857421875,False,False
confirm-M-w128-d61103-s1001-g05-random,20,M,128,61103,1001,random,False,1091.254005074501,2.131355478661135,1091.254005074501,-0.0,1091.254005074501,0.0,1.0,0.040384812758690616,3.1798470003284125e-05,,False,False,6.730357804407561e-07,,nonpositive_total_gain,,-106.21726392582059,1.0,False,False,0.04360773785379951,,5.853639194671781e-05,1698.5251885056496,0.0,False,False,0.02823048407925253,,9.606560895657374e-06,1681.4540714025497,0.001953125,False,False,0.035929721455978336,,2.6918956504818667e-05,1689.9896299540997,0.0,False,False,,nonpositive_total_gain,,-11.662427164849648,0.58203125,False,False
confirm-M-w128-d61103-s1001-g05-random,30,M,128,61103,1001,random,False,1123.1756945848465,2.1937025284860283,1123.1756945848465,-0.0,1123.1756945848465,0.0,1.0,0.08234579558512786,0.00010489619077340396,,False,False,7.7858567237854e-07,,nonpositive_total_gain,,-56.388518776744604,1.0,False,False,0.08651254097074962,,0.00013597014804602215,1740.6133615076542,0.001953125,False,False,0.0712422356791328,,6.879897487893307e-05,1685.3022211790085,0.0078125,False,False,0.07897017146350031,,9.708867521361189e-05,1712.9577913433313,0.0,False,False,8.0,,6.193878278585676,20.25926383561192,0.548828125,False,True
confirm-M-w128-d61103-s1001-g05-uniform,1,M,128,61103,1001,uniform,False,840.9524046182632,1.6424851652700454,840.9524046182632,-0.0,840.9524046182632,0.0,1.0,,,constant_weights,False,False,7.8851977991512e-07,,constant_weights,,-651.4828131385148,1.0,False,False,,constant_weights,,1549.8934092521667,0.0,False,False,,constant_weights,,1624.4466314315796,0.001953125,False,False,,constant_weights,,1587.1700203418732,0.0,False,False,,constant_weights,,-261.96402487927384,1.0,False,False
confirm-M-w128-d61103-s1001-g05-uniform,3,M,128,61103,1001,uniform,False,911.8057483434677,1.7808706022333354,911.8057483434677,-0.0,911.8057483434677,0.0,1.0,,,constant_weights,False,False,7.47541586632039e-07,,constant_weights,,-394.46618904545903,1.0,False,False,,constant_weights,,1589.3359240293503,0.0,False,False,,constant_weights,,1540.5475070476532,0.001953125,False,False,,constant_weights,,1564.9417155385017,0.0,False,False,,constant_weights,,-191.11068115406937,0.978515625,False,False
confirm-M-w128-d61103-s1001-g05-uniform,5,M,128,61103,1001,uniform,False,979.8588455915451,1.9137868077959865,979.8588455915451,-0.0,979.8588455915451,0.0,1.0,,,constant_weights,False,False,7.189810276031494e-07,,constant_weights,,-269.0364006944001,1.0,False,False,,constant_weights,,1619.2772597074509,0.0,False,False,,constant_weights,,1589.3356734514236,0.001953125,False,False,,constant_weights,,1604.3064665794373,0.0,False,False,,constant_weights,,-123.05758366757338,0.9375,False,False
confirm-M-w128-d61103-s1001-g05-uniform,10,M,128,61103,1001,uniform,False,1093.1333991289139,2.13502617017366,1093.1333991289139,-0.0,1093.1333991289139,0.0,1.0,,,constant_weights,False,False,7.276733717809236e-07,,constant_weights,,-72.85757713392377,1.0,False,False,,constant_weights,,1654.4947264194489,0.0,False,False,,constant_weights,,1697.7630434036255,0.001953125,False,False,,constant_weights,,1676.1288849115372,0.0,False,False,,constant_weights,,-9.783029891785986,0.599609375,False,False
confirm-M-w128-d61103-s1001-g05-uniform,20,M,128,61103,1001,uniform,False,1212.6264786720276,2.368411091156304,1212.6264786720276,-0.0,1212.6264786720276,0.0,1.0,,,constant_weights,False,False,6.966292858123779e-07,,constant_weights,,-17.313126113265753,1.0,False,False,,constant_weights,,1911.6382732987404,0.0,False,False,,constant_weights,,1743.554276227951,0.001953125,False,False,,constant_weights,,1827.5962747633457,0.0,False,False,,constant_weights,,109.71004619425828,0.041015625,False,False
confirm-M-w128-d61103-s1001-g05-uniform,30,M,128,61103,1001,uniform,False,1294.6725212335587,2.5286572680342942,1294.6725212335587,-0.0,1294.6725212335587,0.0,1.0,,,constant_weights,False,False,8.282562098393953e-07,,constant_weights,,-8.757486000657082,0.978515625,False,False,,constant_weights,,2114.2069846987724,0.0,False,False,,constant_weights,,1778.568043231964,0.001953125,False,False,,constant_weights,,1946.3875139653683,0.0,False,False,,constant_weights,,191.75608899420791,0.013671875,False,False
confirm-M-w128-d61103-s1002-g04-random,1,M,128,61103,1002,random,False,817.6454734802246,1.5969638153910637,817.6454734802246,-0.0,817.6454734802246,0.0,1.0,0.0006492910664943602,4.166202182611986e-06,,True,False,6.742775440216064e-07,,nonpositive_total_gain,,-695.0086881071329,1.0,False,False,0.002945840212285432,,5.154204652270943e-06,1533.526093363762,0.0,False,False,0.0,,4.596388948108726e-06,1614.419026851654,0.001953125,True,False,0.00046644040207077927,,2.5946097417354103e-06,1573.972560107708,0.0,True,False,,nonpositive_total_gain,,-277.5201172607512,1.0,False,False
confirm-M-w128-d61103-s1002-g04-random,3,M,128,61103,1002,random,False,874.5517003536224,1.7081087897531688,874.5517003536224,-0.0,874.5517003536224,0.0,1.0,0.00926346980918048,3.2520771367618784e-06,,False,False,8.692344029004317e-07,,nonpositive_total_gain,,-438.63104094564915,1.0,False,False,0.00923251022763362,,4.126875891143246e-06,1539.3327300548553,0.0,False,False,0.004952522388958366,,2.9752745314762305e-06,1522.9534100294113,0.001953125,False,False,0.007104093353201182,,2.22218763419317e-06,1531.1430700421333,0.0,False,False,,nonpositive_total_gain,,-220.61389038735336,0.986328125,False,False
confirm-M-w128-d61103-s1002-g04-random,5,M,128,61103,1002,random,False,899.9496161937714,1.7577140941284597,899.9496161937714,-0.0,899.9496161937714,0.0,1.0,0.015519027348815589,4.92794209399895e-06,,False,False,8.282562098393953e-07,,nonpositive_total_gain,,-383.4943449944258,1.0,False,False,0.013859875204770906,,4.715660291229792e-06,1572.922080397606,0.0,False,False,0.010519055558150602,,6.376587787762128e-06,1510.4211332798004,0.001953125,False,False,0.01222418904734467,,3.8771173441712564e-06,1541.6716068387032,0.0,False,False,,nonpositive_total_gain,,-195.21597442799515,0.96875,False,False
confirm-M-w128-d61103-s1002-g04-random,10,M,128,61103,1002,random,False,981.766500711441,1.9175126967020333,981.766500711441,-0.0,981.766500711441,0.0,1.0,0.021184530536093406,9.31677375659168e-06,,False,False,8.48124424468466e-07,,nonpositive_total_gain,,-259.06019009649754,1.0,False,False,0.02069436221824994,,6.739525745581794e-06,1602.824315905571,0.0,False,False,0.01241170479160689,,8.360212501802982e-06,1601.5353931188583,0.001953125,False,False,0.01655505579981304,,6.218317310081926e-06,1602.1798545122147,0.0,False,False,,nonpositive_total_gain,,-113.39908895665113,0.86328125,False,False
confirm-M-w128-d61103-s1002-g04-random,20,M,128,61103,1002,random,False,1077.9187049865723,2.105309970676899,1077.9187049865723,-0.0,1077.9187049865723,0.0,1.0,0.04821879718081312,5.684131043713353e-05,,False,False,8.294979729761565e-07,,nonpositive_total_gain,,-113.715053871274,1.0,False,False,0.0525456110101056,,5.825716165736357e-05,1700.58713889122,0.0,False,False,0.03152052239683367,,4.2587780299102585e-05,1646.88403236866,0.00390625,False,False,0.042179998500739016,,4.826463743680026e-05,1673.73558562994,0.0,False,False,,nonpositive_total_gain,,-17.246887840566053,0.611328125,False,False
confirm-M-w128-d61103-s1002-g04-random,30,M,128,61103,1002,random,False,1119.701841711998,2.186917659593746,1120.0827378034592,0.38089609146118164,1120.4636338949203,0.001953125,0.9993201098546374,0.09565628253850386,0.00015692175167037297,,False,False,7.872780165563142e-07,,nonpositive_total_gain,,-47.02229955047369,0.99609375,False,False,0.09974944077315016,,0.00014097000108203648,1753.4970748126507,0.005859375,False,False,0.08357564826488627,,0.00016436027339621962,1652.6307572424412,0.01171875,False,False,0.09189228038048587,,0.0001499257327252714,1703.063916027546,0.001953125,False,False,8.0,,5.506105993503093,24.536252133312793,0.568359375,False,True
confirm-M-w128-d61103-s1002-g04-uniform,1,M,128,61103,1002,uniform,False,826.0656744241714,1.6134095203597099,826.0656744241714,-0.0,826.0656744241714,0.0,1.0,,,constant_weights,False,False,6.730357806628007e-07,,constant_weights,,-665.4991866499186,1.0,False,False,,constant_weights,,1536.6747317314148,0.0,False,False,,constant_weights,,1607.0214853286743,0.001953125,False,False,,constant_weights,,1571.8481085300446,0.0,False,False,,constant_weights,,-269.09991631680435,1.0,False,False
confirm-M-w128-d61103-s1002-g04-uniform,3,M,128,61103,1002,uniform,False,906.3484604358673,1.7702118367888033,906.3484604358673,-0.0,906.3484604358673,0.0,1.0,,,constant_weights,False,False,8.294979729761565e-07,,constant_weights,,-400.61284367740154,1.0,False,False,,constant_weights,,1591.690808057785,0.0,False,False,,constant_weights,,1527.9674307107925,0.001953125,False,False,,constant_weights,,1559.8291193842888,0.0,False,False,,constant_weights,,-188.8171301858992,0.978515625,False,False
confirm-M-w128-d61103-s1002-g04-uniform,5,M,128,61103,1002,uniform,False,971.7832720279694,1.8980142031796277,971.7832720279694,-0.0,971.7832720279694,0.0,1.0,,,constant_weights,False,False,6.693104903643388e-07,,constant_weights,,-284.77000142633915,1.0,False,False,,constant_weights,,1621.1589977741241,0.0,False,False,,constant_weights,,1578.9608196020126,0.001953125,False,False,,constant_weights,,1600.0599086880684,0.0,False,False,,constant_weights,,-123.38231883221573,0.92578125,False,False
confirm-M-w128-d61103-s1002-g04-uniform,10,M,128,61103,1002,uniform,False,1101.175669312477,2.150733729125932,1101.175669312477,-0.0,1101.175669312477,0.0,1.0,,,constant_weights,False,False,9.226302304377043e-07,,constant_weights,,-54.64241047948599,1.0,False,False,,constant_weights,,1666.1056007146835,0.0,False,False,,constant_weights,,1692.0638241767883,0.001953125,False,False,,constant_weights,,1679.084712445736,0.0,False,False,,constant_weights,,6.0100792867571045,0.494140625,False,False
confirm-M-w128-d61103-s1002-g04-uniform,20,M,128,61103,1002,uniform,False,1223.7899054288864,2.3902146590407938,1223.7899054288864,-0.0,1223.7899054288864,0.0,1.0,,,constant_weights,False,False,7.947285971532381e-07,,constant_weights,,-6.243810370564461,0.84765625,False,False,,constant_weights,,1953.5367601513863,0.0,False,False,,constant_weights,,1724.0767793655396,0.001953125,False,False,,constant_weights,,1838.806769758463,0.0,False,False,,constant_weights,,128.62431623763138,0.037109375,False,False
confirm-M-w128-d61103-s1002-g04-uniform,30,M,128,61103,1002,uniform,False,1320.1404956579208,2.5783994055818766,1320.1404956579208,-0.0,1320.1404956579208,0.0,1.0,,,constant_weights,False,False,7.748603820800781e-07,,constant_weights,,1.5806340873241425,0.298828125,False,False,,constant_weights,,2198.3187902271748,0.0,False,False,,constant_weights,,1760.522059559822,0.001953125,False,False,,constant_weights,,1979.4204248934984,0.0,False,False,,constant_weights,,224.97490271157318,0.0078125,False,False
confirm-M-w128-d61103-s1002-g05-random,1,M,128,61103,1002,random,False,817.4635901451111,1.59660857450217,817.4635901451111,-0.0,817.4635901451111,0.0,1.0,0.0006490550913491943,4.170144164357303e-06,,True,False,7.127722103650314e-07,,nonpositive_total_gain,,-695.4503321796656,1.0,False,False,0.002948969062851672,,5.155273954997844e-06,1533.4728887081146,0.0,False,False,0.0,,4.602464326689193e-06,1614.3682137727737,0.001953125,True,False,0.00046605870836947136,,2.5951992701740465e-06,1573.9205512404442,0.0,True,False,,nonpositive_total_gain,,-277.7020005958647,1.0,False,False
confirm-M-w128-d61103-s1002-g05-random,3,M,128,61103,1002,random,False,874.2259602546692,1.7074725786224008,874.2259602546692,-0.0,874.2259602546692,0.0,1.0,0.009263393094401398,3.254336110710146e-06,,False,False,7.500251133496505e-07,,nonpositive_total_gain,,-439.43965597450733,1.0,False,False,0.00923842971309469,,4.125264858059346e-06,1539.3742990493774,0.0,False,False,0.0049404590760341975,,2.9749030236345985e-06,1522.743252158165,0.001953125,False,False,0.0071012458218797335,,2.221608663085952e-06,1531.0587756037712,0.0,False,False,,nonpositive_total_gain,,-220.9396304863066,0.986328125,False,False
confirm-M-w128-d61103-s1002-g05-random,5,M,128,61103,1002,random,False,899.3543848991394,1.7565515330061316,899.3543848991394,-0.0,899.3543848991394,0.0,1.0,0.01546883986973967,4.897304269615984e-06,,False,False,7.152557373046875e-07,,nonpositive_total_gain,,-385.5757555812597,1.0,False,False,0.013815905860297004,,4.6965062866610685e-06,1572.9641791582108,0.0,False,False,0.01046451922083693,,6.297905521814645e-06,1510.6747442483902,0.001953125,False,False,0.012174912686338368,,3.8366302644388015e-06,1541.8194617033005,0.0,False,False,,nonpositive_total_gain,,-195.81120608025498,0.96875,False,False
confirm-M-w128-d61103-s1002-g05-random,10,M,128,61103,1002,random,False,978.9569276571274,1.912025249330327,978.9569276571274,-0.0,978.9569276571274,0.0,1.0,0.02071426495427709,8.932834308936282e-06,,False,False,7.140139737238371e-07,,nonpositive_total_gain,,-266.9898858219385,1.0,False,False,0.020207323753489784,,6.464066383923148e-06,1601.5449615716934,0.0,False,False,0.01201512484493937,,7.935242954347485e-06,1602.3157277107239,0.001953125,False,False,0.01611060753361107,,5.874381533623322e-06,1601.9303446412086,0.0,False,False,,nonpositive_total_gain,,-116.20866284542981,0.873046875,False,False
confirm-M-w128-d61103-s1002-g05-random,20,M,128,61103,1002,random,False,1071.0482147932053,2.091891044517979,1071.0482147932053,-0.0,1071.0482147932053,0.0,1.0,0.044486206507934486,4.820870827490776e-05,,False,False,8.543332419286287e-07,,nonpositive_total_gain,,-131.12027370929718,1.0,False,False,0.048064741917812875,,4.9292609501944204e-05,1692.6009219884872,0.0,False,False,0.02796300352344866,,3.5029267596800085e-05,1651.6640100479126,0.001953125,False,False,0.03811787052245577,,4.004368547549309e-05,1672.1324660182,0.0,False,False,,nonpositive_total_gain,,-24.117376245793718,0.634765625,False,False
confirm-M-w128-d61103-s1002-g05-random,30,M,128,61103,1002,random,False,1113.0000890493393,2.173828298924491,1113.2578843832016,0.2577953338623047,1113.515679717064,0.001953125,0.9995369704467425,0.08703509246285934,0.00014189641091963504,,False,False,7.37607479095459e-07,,nonpositive_total_gain,,-66.31362830102444,1.0,False,False,0.09014288935348434,,0.00012628123462996387,1750.2604633271694,0.005859375,False,False,0.07480158326892493,,0.00014320547732239066,1655.0534414947033,0.009765625,False,False,0.08267781299623952,,0.00013215607296757667,1702.6569524109364,0.001953125,False,False,8.0,,9.358023127724563,17.834500811758605,0.578125,False,True
confirm-M-w128-d61103-s1002-g05-uniform,1,M,128,61103,1002,uniform,False,825.9326494932175,1.6131497060414404,825.9326494932175,-0.0,825.9326494932175,0.0,1.0,,,constant_weights,False,False,7.152557373046875e-07,,constant_weights,,-665.7278418689966,1.0,False,False,,constant_weights,,1536.6140494346619,0.0,False,False,,constant_weights,,1606.9117494821548,0.001953125,False,False,,constant_weights,,1571.7628994584084,0.0,False,False,,constant_weights,,-269.23294124775833,1.0,False,False
confirm-M-w128-d61103-s1002-g05-uniform,3,M,128,61103,1002,uniform,False,905.9550805091858,1.7694435166195035,905.9550805091858,-0.0,905.9550805091858,0.0,1.0,,,constant_weights,False,False,8.282562096173507e-07,,constant_weights,,-401.7108815461397,1.0,False,False,,constant_weights,,1591.7349181175232,0.0,False,False,,constant_weights,,1527.84122133255,0.001953125,False,False,,constant_weights,,1559.7880697250366,0.0,False,False,,constant_weights,,-189.21050999337143,0.978515625,False,False
confirm-M-w128-d61103-s1002-g05-uniform,5,M,128,61103,1002,uniform,False,970.834141254425,1.896160432137549,970.834141254425,-0.0,970.834141254425,0.0,1.0,,,constant_weights,False,False,6.581346192469084e-07,,constant_weights,,-287.77722765505314,1.0,False,False,,constant_weights,,1620.4894919395447,0.0,False,False,,constant_weights,,1579.7901511192322,0.001953125,False,False,,constant_weights,,1600.1398215293884,0.0,False,False,,constant_weights,,-124.33144984417862,0.927734375,False,False
confirm-M-w128-d61103-s1002-g05-uniform,10,M,128,61103,1002,uniform,False,1096.327315211296,2.1412642875220627,1096.327315211296,-0.0,1096.327315211296,0.0,1.0,,,constant_weights,False,False,7.698933282007658e-07,,constant_weights,,-62.51943065971136,1.0,False,False,,constant_weights,,1660.8475949764252,0.0,False,False,,constant_weights,,1690.6537778377533,0.001953125,False,False,,constant_weights,,1675.7506864070892,0.0,False,False,,constant_weights,,1.1617230398088623,0.5390625,False,False
confirm-M-w128-d61103-s1002-g05-uniform,20,M,128,61103,1002,uniform,False,1214.0375417470932,2.3711670737247914,1214.0375417470932,-0.0,1214.0375417470932,0.0,1.0,,,constant_weights,False,False,7.301568984985352e-07,,constant_weights,,-12.840390432626009,0.99609375,False,False,,constant_weights,,1932.8129696249962,0.0,False,False,,constant_weights,,1722.14005112648,0.001953125,False,False,,constant_weights,,1827.4765103757381,0.0,False,False,,constant_weights,,118.87195041007097,0.041015625,False,False
confirm-M-w128-d61103-s1002-g05-uniform,30,M,128,61103,1002,uniform,False,1299.9373515844345,2.5389401398133487,1299.9373515844345,-0.0,1299.9373515844345,0.0,1.0,,,constant_weights,False,False,6.953875222315276e-07,,constant_weights,,-7.194346725940704,0.900390625,False,False,,constant_weights,,2149.872507214546,0.0,False,False,,constant_weights,,1757.1338980197906,0.001953125,False,False,,constant_weights,,1953.5032026171684,0.0,False,False,,constant_weights,,204.77176227397018,0.009765625,False,False
confirm-M-w128-d61103-s1003-g04-random,1,M,128,61103,1003,random,False,830.7884236574173,1.6226336399558932,830.7884236574173,-0.0,830.7884236574173,0.0,1.0,0.0030985345124236903,4.966025789300891e-06,,False,False,8.543332417065841e-07,,nonpositive_total_gain,,-674.8700211569667,1.0,False,False,0.003830755692842221,,5.5632872999750725e-06,1547.246757388115,0.001953125,False,False,0.0009248922952122381,,3.353465465373707e-06,1619.9885011911392,0.001953125,True,False,0.0023436983117767953,,3.197026039453976e-06,1583.617629289627,0.0,False,False,,nonpositive_total_gain,,-276.40284691029495,1.0,False,False
confirm-M-w128-d61103-s1003-g04-random,3,M,128,61103,1003,random,False,885.8593375682831,1.730194018688053,885.8593375682831,-0.0,885.8593375682831,0.0,1.0,0.01090497951679395,1.2460850263761595e-05,,False,False,8.145968120043534e-07,,nonpositive_total_gain,,-434.9478065893054,1.0,False,False,0.010212478972671503,,8.35010331408251e-06,1559.9602675437927,0.0,False,False,0.006382461932808831,,1.103051346396937e-05,1532.5655287504196,0.0,False,False,0.008315096519695336,,8.424241895647562e-06,1546.2628981471062,0.0,False,False,,nonpositive_total_gain,,-221.33193299942917,0.984375,False,False
confirm-M-w128-d61103-s1003-g04-random,5,M,128,61103,1003,random,False,908.5308595895767,1.774474335135892,908.5308595895767,-0.0,908.5308595895767,0.0,1.0,0.016005750262613395,2.636757574245431e-05,,False,False,7.649262745434982e-07,,nonpositive_total_gain,,-392.7658150717616,1.0,False,False,0.013351984218821802,,1.6411647410310026e-05,1594.905168056488,0.0,False,False,0.011227228078359384,,2.285120939429091e-05,1523.4531919956207,0.001953125,False,False,0.012314548941543827,,1.760628669129851e-05,1559.1791800260544,0.0,False,False,,nonpositive_total_gain,,-198.6604112165541,0.94921875,False,False
confirm-M-w128-d61103-s1003-g04-random,10,M,128,61103,1003,random,False,984.6926995515823,1.9232279288116843,984.6926995515823,-0.0,984.6926995515823,0.0,1.0,0.023950873605563736,3.558944256801458e-05,,False,False,7.847944893946135e-07,,nonpositive_total_gain,,-251.85706370323896,1.0,False,False,0.02337443437267176,,2.5409862325213755e-05,1614.5395226478577,0.0,False,False,0.015948123324022886,,2.3652485612413545e-05,1591.3956191539764,0.001953125,False,False,0.019687549376033932,,2.2513314653209547e-05,1602.967570900917,0.0,False,False,,nonpositive_total_gain,,-122.4985712545485,0.861328125,False,False
confirm-M-w128-d61103-s1003-g04-random,20,M,128,61103,1003,random,False,1100.5584239959717,2.149528171867132,1100.5584239959717,-0.0,1100.5584239959717,0.0,1.0,0.04789242309457728,7.315039132986492e-05,,False,False,6.432334582751054e-07,,nonpositive_total_gain,,-94.51636642217636,1.0,False,False,0.054303465233068185,,7.758222007588863e-05,1733.3606575727463,0.0,False,False,0.03230492227884792,,5.6038838270106894e-05,1662.8309378623962,0.00390625,False,False,0.04351342309682314,,6.440663001063166e-05,1698.0957977175713,0.0,False,False,,nonpositive_total_gain,,-6.632847763833418,0.564453125,False,False
confirm-M-w128-d61103-s1003-g04-random,30,M,128,61103,1003,random,False,1140.8645813465118,2.228251135442406,1141.098013162613,0.23343181610107422,1141.331444978714,0.001953125,0.9995909482436008,0.09753291998596457,0.00016107067263302212,,False,False,8.642673492431641e-07,,nonpositive_total_gain,,-38.84725622087717,0.99609375,False,False,0.10335115818976266,,0.0001355969102982153,1789.466324865818,0.00390625,False,False,0.08466914808290704,,0.00019100685510225964,1671.9746601581573,0.013671875,False,False,0.0943265368006982,,0.0001582127088919241,1730.7204925119877,0.001953125,False,False,5.74543493379514,,2.3831172643927663,33.673313431206324,0.53515625,False,False
confirm-M-w128-d61103-s1003-g04-uniform,1,M,128,61103,1003,uniform,False,843.7740845680237,1.6479962589219213,843.7740845680237,-0.0,843.7740845680237,0.0,1.0,,,constant_weights,False,False,7.748603820800781e-07,,constant_weights,,-640.8052588030696,1.0,False,False,,constant_weights,,1553.480297088623,0.0,False,False,,constant_weights,,1618.6471903324127,0.001953125,False,False,,constant_weights,,1586.0637437105179,0.0,False,False,,constant_weights,,-263.41718599968857,1.0,False,False
confirm-M-w128-d61103-s1003-g04-uniform,3,M,128,61103,1003,uniform,False,914.6264646053314,1.786379813682288,914.6264646053314,-0.0,914.6264646053314,0.0,1.0,,,constant_weights,False,False,9.139378867040193e-07,,constant_weights,,-410.3307087942958,1.0,False,False,,constant_weights,,1612.5313376188278,0.0,False,False,,constant_weights,,1541.6787334680557,0.0,False,False,,constant_weights,,1577.1050355434418,0.0,False,False,,constant_weights,,-192.56480596238083,0.982421875,False,False
confirm-M-w128-d61103-s1003-g04-uniform,5,M,128,61103,1003,uniform,False,975.7606432437897,1.9057825063355267,975.7606432437897,-0.0,975.7606432437897,0.0,1.0,,,constant_weights,False,False,8.39432080734781e-07,,constant_weights,,-293.1568643376231,1.0,False,False,,constant_weights,,1638.9541985988617,0.0,False,False,,constant_weights,,1581.4845621585846,0.0,False,False,,constant_weights,,1610.2193803787231,0.0,False,False,,constant_weights,,-131.43062756234116,0.947265625,False,False
confirm-M-w128-d61103-s1003-g04-uniform,10,M,128,61103,1003,uniform,False,1107.5797910690308,2.1632417794317007,1107.5797910690308,-0.0,1107.5797910690308,0.0,1.0,,,constant_weights,False,False,9.338061013330901e-07,,constant_weights,,-66.0837729498744,1.0,False,False,,constant_weights,,1685.8908878564835,0.0,False,False,,constant_weights,,1702.9322336912155,0.001953125,False,False,,constant_weights,,1694.4115607738495,0.0,False,False,,constant_weights,,0.3885206205278564,0.53125,False,False
confirm-M-w128-d61103-s1003-g04-uniform,20,M,128,61103,1003,uniform,False,1235.6040606498718,2.413289180956781,1235.6040606498718,-0.0,1235.6040606498718,0.0,1.0,,,constant_weights,False,False,8.593002953638518e-07,,constant_weights,,-6.214559592306614,0.87109375,False,False,,constant_weights,,1976.0868597626686,0.0,False,False,,constant_weights,,1736.9398666620255,0.001953125,False,False,,constant_weights,,1856.513363212347,0.0,False,False,,constant_weights,,128.41279115504318,0.01953125,False,False
confirm-M-w128-d61103-s1003-g04-uniform,30,M,128,61103,1003,uniform,False,1342.7553306818008,2.6225690052378923,1342.7553306818008,-0.0,1342.7553306818008,0.0,1.0,,,constant_weights,False,False,8.270144462585449e-07,,constant_weights,,2.4080778528004885,0.255859375,False,False,,constant_weights,,2248.8830545544624,0.0,False,False,,constant_weights,,1776.974827170372,0.001953125,False,False,,constant_weights,,2012.9289408624172,0.0,False,False,,constant_weights,,235.56406017369324,0.0,False,False
confirm-M-w128-d61103-s1003-g05-random,1,M,128,61103,1003,random,False,830.597513794899,1.622260769130662,830.597513794899,-0.0,830.597513794899,0.0,1.0,0.0030987563007556004,4.967237031604101e-06,,False,False,9.338061015551347e-07,,nonpositive_total_gain,,-675.3339967057109,1.0,False,False,0.0038318219538136383,,5.563194145651411e-06,1547.1900724172592,0.001953125,False,False,0.000923643170390888,,3.3532310427138956e-06,1619.936426281929,0.001953125,True,False,0.002343576167373064,,3.196130996991582e-06,1583.5632493495941,0.0,False,False,,nonpositive_total_gain,,-276.59375677281326,1.0,False,False
confirm-M-w128-d61103-s1003-g05-random,3,M,128,61103,1003,random,False,885.505468249321,1.729502867674455,885.505468249321,-0.0,885.505468249321,0.0,1.0,0.010897306155613365,1.2487194225434007e-05,,False,False,8.940696716308594e-07,,nonpositive_total_gain,,-435.5242593213916,1.0,False,False,0.010205864295465984,,8.353753139145474e-06,1559.8368340730667,0.0,False,False,0.006377872166989956,,1.104568700351117e-05,1532.2037950754166,0.0,False,False,0.008309638927349827,,8.433226696283541e-06,1546.0203145742416,0.0,False,False,,nonpositive_total_gain,,-221.68580231839127,0.984375,False,False
confirm-M-w128-d61103-s1003-g05-random,5,M,128,61103,1003,random,False,907.845052242279,1.7731348676607013,907.845052242279,-0.0,907.845052242279,0.0,1.0,0.015969954724056677,2.6310736622180662e-05,,False,False,8.742014565576994e-07,,nonpositive_total_gain,,-394.60822647064924,1.0,False,False,0.013316524687527729,,1.6354294439020586e-05,1594.6985629796982,0.0,False,False,0.011195055940114117,,2.2720767499305005e-05,1523.444787979126,0.001953125,False,False,0.012280623970035053,,1.7523348246087286e-05,1559.071675479412,0.0,False,False,,nonpositive_total_gain,,-199.34621784859604,0.94921875,False,False
confirm-M-w128-d61103-s1003-g05-random,10,M,128,61103,1003,random,False,981.8937953710556,1.917761319084093,981.8937953710556,-0.0,981.8937953710556,0.0,1.0,0.023483931790654423,3.502685796366911e-05,,False,False,8.84135564316324e-07,,nonpositive_total_gain,,-259.34024972468615,1.0,False,False,0.022860520860424415,,2.4720330246998466e-05,1613.022208929062,0.0,False,False,0.015580602171747247,,2.297055162741151e-05,1591.9994064569473,0.001953125,False,False,0.01924391883796954,,2.185549145378392e-05,1602.5108076930046,0.0,False,False,,nonpositive_total_gain,,-125.29747519665665,0.873046875,False,False
confirm-M-w128-d61103-s1003-g05-random,20,M,128,61103,1003,random,False,1092.0369310379028,2.132884630933404,1092.0369310379028,-0.0,1092.0369310379028,0.0,1.0,0.04434977021292141,6.727193811455143e-05,,False,False,8.170803389440096e-07,,nonpositive_total_gain,,-113.15316999703646,1.0,False,False,0.049651734543231935,,7.063549844942834e-05,1723.7433829009533,0.0,False,False,0.029515500980197673,,4.93657816998614e-05,1665.5205512046814,0.00390625,False,False,0.03974016243331177,,5.75475819689163e-05,1694.6319670528173,0.0,False,False,,nonpositive_total_gain,,-15.154339708623304,0.59765625,False,False
confirm-M-w128-d61103-s1003-g05-random,30,M,128,61103,1003,random,False,1133.6957408189774,2.214249493787065,1133.883679986,0.18793916702270508,1134.0716191530228,0.001953125,0.9996685585568872,0.08862984280250305,0.0001509050352983984,,False,False,7.351239521558028e-07,,nonpositive_total_gain,,-56.76515772938728,1.0,False,False,0.09268023988225796,,0.00013116646244915582,1783.476287305355,0.001953125,False,False,0.07644034967833124,,0.00016949339953671477,1674.3760690689087,0.01171875,False,False,0.08481521493294243,,0.0001462019090181906,1728.9261781871319,0.0,False,False,6.733557405616202,,3.4036739516034475,26.504471651974296,0.5390625,False,False
confirm-M-w128-d61103-s1003-g05-uniform,1,M,128,61103,1003,uniform,False,843.6227123737335,1.6477006101049483,843.6227123737335,-0.0,843.6227123737335,0.0,1.0,,,constant_weights,False,False,8.145968120043534e-07,,constant_weights,,-641.0248358771205,1.0,False,False,,constant_weights,,1553.3875926733017,0.0,False,False,,constant_weights,,1618.5053451061249,0.001953125,False,False,,constant_weights,,1585.9464688897133,0.0,False,False,,constant_weights,,-263.56855819397873,1.0,False,False
confirm-M-w128-d61103-s1003-g05-uniform,3,M,128,61103,1003,uniform,False,914.1947119235992,1.7855365467257798,914.1947119235992,-0.0,914.1947119235992,0.0,1.0,,,constant_weights,False,False,7.227063179016113e-07,,constant_weights,,-411.43444549292326,1.0,False,False,,constant_weights,,1612.4625335931778,0.0,False,False,,constant_weights,,1541.5560284852982,0.0,False,False,,constant_weights,,1577.009281039238,0.0,False,False,,constant_weights,,-192.996558644113,0.982421875,False,False
confirm-M-w128-d61103-s1003-g05-uniform,5,M,128,61103,1003,uniform,False,974.9945051670074,1.9042861429043114,974.9945051670074,-0.0,974.9945051670074,0.0,1.0,,,constant_weights,False,False,1.0331471762548006e-06,,constant_weights,,-294.99226569384336,1.0,False,False,,constant_weights,,1638.0181559324265,0.0,False,False,,constant_weights,,1581.9575898647308,0.0,False,False,,constant_weights,,1609.9878728985786,0.0,False,False,,constant_weights,,-132.19676516228623,0.94921875,False,False
confirm-M-w128-d61103-s1003-g05-uniform,10,M,128,61103,1003,uniform,False,1102.6305828094482,2.1535753570497036,1102.6305828094482,-0.0,1102.6305828094482,0.0,1.0,,,constant_weights,False,False,9.462237358093262e-07,,constant_weights,,-74.28447184711695,1.0,False,False,,constant_weights,,1680.7783904075623,0.0,False,False,,constant_weights,,1701.3978029489517,0.001953125,False,False,,constant_weights,,1691.088096678257,0.0,False,False,,constant_weights,,-4.560687877473242,0.58203125,False,False
confirm-M-w128-d61103-s1003-g05-uniform,20,M,128,61103,1003,uniform,False,1225.600762963295,2.3937514901626855,1225.600762963295,-0.0,1225.600762963295,0.0,1.0,,,constant_weights,False,False,7.562339305877686e-07,,constant_weights,,-13.298758745193481,1.0,False,False,,constant_weights,,1954.6899201869965,0.0,False,False,,constant_weights,,1735.4110997915268,0.001953125,False,False,,constant_weights,,1845.0505099892616,0.0,False,False,,constant_weights,,118.40949168032701,0.02734375,False,False
confirm-M-w128-d61103-s1003-g05-uniform,30,M,128,61103,1003,uniform,False,1320.3708338737488,2.5788492849096656,1320.3708338737488,-0.0,1320.3708338737488,0.0,1.0,,,constant_weights,False,False,7.798274359593904e-07,,constant_weights,,-6.164315976202488,0.8671875,False,False,,constant_weights,,2195.150182366371,0.0,False,False,,constant_weights,,1772.1266137361526,0.001953125,False,False,,constant_weights,,1983.638398051262,0.0,False,False,,constant_weights,,213.17956294840866,0.00390625,False,False
confirm-M-w128-d61211-s1001-g04-random,1,M,128,61211,1001,random,False,831.6424469947815,1.6243016542866826,831.6424469947815,-0.0,831.6424469947815,0.0,1.0,0.014325895241593598,2.6513845282961853e-06,,False,False,8.344650268554688e-07,,nonpositive_total_gain,,-718.5977625958622,1.0,False,False,0.007380655747781425,,6.4479831490032176e-06,1587.8680052757263,0.0,False,False,0.013282449064093104,,3.5633806240539277e-06,1625.6571109294891,0.0,False,False,0.010360335392177417,,1.7227553404361252e-06,1606.7625581026077,0.0,False,False,,nonpositive_total_gain,,-286.93043492012924,1.0,False,False
confirm-M-w128-d61211-s1001-g04-random,3,M,128,61211,1001,random,False,891.8288544416428,1.7418532313313335,891.8288544416428,-0.0,891.8288544416428,0.0,1.0,0.01991996264060967,4.927517139855514e-06,,False,False,9.400149185712081e-07,,nonpositive_total_gain,,-469.3991584889591,1.0,False,False,0.012684801708198783,,4.21513979265044e-06,1589.2660903930664,0.0,False,False,0.01922871085765531,,8.896588255867069e-06,1555.6196480989456,0.0,False,False,0.015914387743990566,,2.9762507376478033e-06,1572.442869246006,0.0,False,False,,nonpositive_total_gain,,-226.74402759247727,0.994140625,False,False
confirm-M-w128-d61211-s1001-g04-random,5,M,128,61211,1001,random,False,921.8685363531113,1.8005244850646704,921.8685363531113,-0.0,921.8685363531113,0.0,1.0,0.024776393663016066,1.0106486881595363e-05,,False,False,7.214645545428056e-07,,nonpositive_total_gain,,-388.13135481998324,1.0,False,False,0.017400882108557746,,5.492439032753399e-06,1610.2153325080872,0.0,False,False,0.02399642942900699,,1.3621562078339961e-05,1543.5216499567032,0.0,False,False,0.020621907986426304,,6.246777035170925e-06,1576.8684912323952,0.0,False,False,,nonpositive_total_gain,,-196.70434556179947,0.974609375,False,False
confirm-M-w128-d61211-s1001-g04-random,10,M,128,61211,1001,random,False,1010.3109260797501,1.9732635274995118,1010.3109260797501,-0.0,1010.3109260797501,0.0,1.0,0.029056878741756942,1.4006271751354442e-05,,False,False,8.406738438715422e-07,,nonpositive_total_gain,,-238.14529025182128,1.0,False,False,0.02215935481886412,,7.531385288619935e-06,1647.1726310253143,0.0,False,False,0.02798773294710282,,1.4732294873255767e-05,1621.905440568924,0.0,False,False,0.025045822074834176,,8.556002291414744e-06,1634.5390357971191,0.0,False,False,,nonpositive_total_gain,,-108.26195607357923,0.884765625,False,False
confirm-M-w128-d61211-s1001-g04-random,20,M,128,61211,1001,random,False,1116.1432543992996,2.179967293748632,1116.1432543992996,-0.0,1116.1432543992996,0.0,1.0,0.05604020735888181,4.633279245515455e-05,,False,False,7.227063179016113e-07,,nonpositive_total_gain,,-69.12783406302333,1.0,False,False,0.05241806382143509,,4.196475590796069e-05,1741.7571569085121,0.0,False,False,0.05287782748080978,,4.58186085905757e-05,1675.8004499673843,0.0,False,False,0.052643378756934645,,4.119259882410863e-05,1708.7788034379482,0.0,False,False,,nonpositive_total_gain,,-2.429626740750681,0.537109375,False,False
confirm-M-w128-d61211-s1001-g04-random,30,M,128,61211,1001,random,False,1141.430012345314,2.2293554928619415,1141.5744074583054,0.144395112991333,1141.7188025712967,0.001953125,0.9997470566085692,0.1115873959950671,0.0001445030795968591,,False,False,7.599592208862305e-07,,nonpositive_total_gain,,-28.46565395221114,0.986328125,False,False,0.1081555060177118,,0.0001061206213151361,1771.6180355995893,0.00390625,False,False,0.11044280215474213,,0.00018922934875115885,1681.1376715898514,0.0078125,False,False,0.10926592697032683,,0.0001408238713705332,1726.3778535947204,0.001953125,False,False,8.0,,7.614010944358867,22.857130340996363,0.556640625,False,True
confirm-M-w128-d61211-s1001-g04-uniform,1,M,128,61211,1001,uniform,False,846.1511281728745,1.6526389222126454,846.1511281728745,-0.0,846.1511281728745,0.0,1.0,,,constant_weights,False,False,6.854534149169922e-07,,constant_weights,,-659.8537533394992,1.0,False,False,,constant_weights,,1587.5277559757233,0.0,False,False,,constant_weights,,1610.7793979644775,0.0,False,False,,constant_weights,,1599.1535769701004,0.0,False,False,,constant_weights,,-272.4217537420363,1.0,False,False
confirm-M-w128-d61211-s1001-g04-uniform,3,M,128,61211,1001,uniform,False,920.771437048912,1.7983817129861563,920.771437048912,-0.0,920.771437048912,0.0,1.0,,,constant_weights,False,False,8.046627044677734e-07,,constant_weights,,-399.4141368679702,1.0,False,False,,constant_weights,,1617.5286746025085,0.0,False,False,,constant_weights,,1544.1997891664505,0.0,False,False,,constant_weights,,1580.8642318844795,0.0,False,False,,constant_weights,,-197.8014447467894,0.982421875,False,False
confirm-M-w128-d61211-s1001-g04-uniform,5,M,128,61211,1001,uniform,False,985.5528563261032,1.9249079225119203,985.5528563261032,-0.0,985.5528563261032,0.0,1.0,,,constant_weights,False,False,7.227063179016113e-07,,constant_weights,,-293.68929704651237,1.0,False,False,,constant_weights,,1652.9424018859863,0.0,False,False,,constant_weights,,1597.4054607152939,0.0,False,False,,constant_weights,,1625.17393130064,0.0,False,False,,constant_weights,,-133.02002570801682,0.9609375,False,False
confirm-M-w128-d61211-s1001-g04-uniform,10,M,128,61211,1001,uniform,False,1109.3043975830078,2.166610151529312,1109.3043975830078,-0.0,1109.3043975830078,0.0,1.0,,,constant_weights,False,False,7.475415864099944e-07,,constant_weights,,-55.71860231086612,1.0,False,False,,constant_weights,,1696.0592911243439,0.0,False,False,,constant_weights,,1687.5725016593933,0.0,False,False,,constant_weights,,1691.8158963918686,0.0,False,False,,constant_weights,,-9.268485404786475,0.607421875,False,False
confirm-M-w128-d61211-s1001-g04-uniform,20,M,128,61211,1001,uniform,False,1225.3707528114319,2.393302251584828,1225.3707528114319,-0.0,1225.3707528114319,0.0,1.0,,,constant_weights,False,False,7.972121238708496e-07,,constant_weights,,-5.195598177611828,0.833984375,False,False,,constant_weights,,1947.4556729793549,0.0,False,False,,constant_weights,,1733.8521947860718,0.0,False,False,,constant_weights,,1840.6539338827133,0.0,False,False,,constant_weights,,106.79786886996324,0.046875,False,False
confirm-M-w128-d61211-s1001-g04-uniform,30,M,128,61211,1001,uniform,False,1326.6808086633682,2.591173454420641,1326.6808086633682,-0.0,1326.6808086633682,0.0,1.0,,,constant_weights,False,False,8.903443813323975e-07,,constant_weights,,1.5275262407958508,0.30078125,False,False,,constant_weights,,2200.387218236923,0.0,False,False,,constant_weights,,1778.1276842355728,0.0,False,False,,constant_weights,,1989.257451236248,0.0,False,False,,constant_weights,,208.10792418545776,0.005859375,False,False
confirm-M-w128-d61211-s1001-g05-random,1,M,128,61211,1001,random,False,831.421603679657,1.62387031968683,831.421603679657,-0.0,831.421603679657,0.0,1.0,0.014332134342235268,2.652221602006582e-06,,False,False,7.078051567077637e-07,,nonpositive_total_gain,,-719.1018837802112,1.0,False,False,0.0073815142226394785,,6.4508051865361804e-06,1587.7863838672638,0.0,False,False,0.013287966065652478,,3.5642728013293842e-06,1625.5803112983704,0.0,False,False,0.010363548944325396,,1.7226260729427584e-06,1606.683347582817,0.0,False,False,,nonpositive_total_gain,,-287.15127823525376,1.0,False,False
confirm-M-w128-d61211-s1001-g05-random,3,M,128,61211,1001,random,False,891.4385613203049,1.7410909400787205,891.4385613203049,-0.0,891.4385613203049,0.0,1.0,0.01992542756942621,4.931275827398155e-06,,False,False,7.649262745434982e-07,,nonpositive_total_gain,,-470.1450719945133,1.0,False,False,0.012684652759286368,,4.217548289782052e-06,1589.129255771637,0.0,False,False,0.019238111109270775,,8.895001333445146e-06,1555.3315079212189,0.0,False,False,0.01591878659394641,,2.9766329680850033e-06,1572.230381846428,0.0,False,False,,nonpositive_total_gain,,-227.13432059460587,0.994140625,False,False
confirm-M-w128-d61211-s1001-g05-random,5,M,128,61211,1001,random,False,921.1506164073944,1.7991222976706922,921.1506164073944,-0.0,921.1506164073944,0.0,1.0,0.02474623097819042,1.0057817601401912e-05,,False,False,7.674098014831543e-07,,nonpositive_total_gain,,-390.1791367344558,1.0,False,False,0.017369755989191195,,5.4764361952900934e-06,1610.1073936223984,0.0,False,False,0.02395686392599576,,1.3584937918768783e-05,1543.5235942602158,0.0,False,False,0.020586772471164527,,6.217735283296733e-06,1576.815493941307,0.0,False,False,,nonpositive_total_gain,,-197.42226562672562,0.974609375,False,False
confirm-M-w128-d61211-s1001-g05-random,10,M,128,61211,1001,random,False,1007.1452379226685,1.9670805428177118,1007.1452379226685,-0.0,1007.1452379226685,0.0,1.0,0.028743929052298015,1.3652720493189669e-05,,False,False,7.264316082000732e-07,,nonpositive_total_gain,,-245.0964303277433,1.0,False,False,0.021873691001162883,,7.3897362226739435e-06,1645.2357944250107,0.0,False,False,0.027621065579359214,,1.4358577301939101e-05,1621.2963602542877,0.0,False,False,0.024721220042070904,,8.315196704352067e-06,1633.2660773396492,0.0,False,False,,nonpositive_total_gain,,-111.42764315777723,0.890625,False,False
confirm-M-w128-d61211-s1001-g05-random,20,M,128,61211,1001,random,False,1109.6031968593597,2.167193743865937,1109.6031968593597,-0.0,1109.6031968593597,0.0,1.0,0.05291555515947999,4.132654617004724e-05,,False,False,7.947285971532381e-07,,nonpositive_total_gain,,-83.07105861976743,1.0,False,False,0.04848944934137983,,3.6314248520240375e-05,1734.3843910098076,0.0,False,False,0.04989373799717248,,4.1675179765254836e-05,1677.4962652921677,0.0,False,False,0.04917936645513338,,3.640388098683247e-05,1705.9403281509876,0.0,False,False,,nonpositive_total_gain,,-8.969685115155588,0.5546875,False,False
confirm-M-w128-d61211-s1001-g05-random,30,M,128,61211,1001,random,False,1141.466871023178,2.2294274824671447,1141.4913957118988,0.024524688720703125,1141.5159204006195,0.001953125,0.9999570313680565,0.1009959313802582,0.0001243375633031862,,False,False,8.456408977508545e-07,,nonpositive_total_gain,,-41.56604215875268,1.0,False,False,0.09755556089932314,,9.321378081865672e-05,1769.5355216562748,0.00390625,False,False,0.09906453741795385,,0.00015723922207825638,1696.4311285316944,0.00390625,False,False,0.09829237060351982,,0.0001196359569798138,1732.9833250939846,0.001953125,False,False,8.0,,5.89478348324341,22.89398818439541,0.544921875,False,True
confirm-M-w128-d61211-s1001-g05-uniform,1,M,128,61211,1001,uniform,False,846.0105726718903,1.6523643997497857,846.0105726718903,-0.0,846.0105726718903,0.0,1.0,,,constant_weights,False,False,7.065633931269133e-07,,constant_weights,,-660.0153378359973,1.0,False,False,,constant_weights,,1587.413732290268,0.0,False,False,,constant_weights,,1610.63334274292,0.0,False,False,,constant_weights,,1599.023537516594,0.0,False,False,,constant_weights,,-272.5623092430205,1.0,False,False
confirm-M-w128-d61211-s1001-g05-uniform,3,M,128,61211,1001,uniform,False,920.3199760913849,1.797499953303486,920.3199760913849,-0.0,920.3199760913849,0.0,1.0,,,constant_weights,False,False,8.468826611096603e-07,,constant_weights,,-400.61788810417056,1.0,False,False,,constant_weights,,1617.4720604419708,0.0,False,False,,constant_weights,,1544.105776309967,0.0,False,False,,constant_weights,,1580.788918375969,0.0,False,False,,constant_weights,,-198.25290582352585,0.982421875,False,False
confirm-M-w128-d61211-s1001-g05-uniform,5,M,128,61211,1001,uniform,False,984.9163012504578,1.9236646508798003,984.9163012504578,-0.0,984.9163012504578,0.0,1.0,,,constant_weights,False,False,8.170803389440096e-07,,constant_weights,,-294.1109252385795,1.0,False,False,,constant_weights,,1651.7715165615082,0.0,False,False,,constant_weights,,1597.088320851326,0.0,False,False,,constant_weights,,1624.429918706417,0.0,False,False,,constant_weights,,-133.65658066445297,0.9609375,False,False
confirm-M-w128-d61211-s1001-g05-uniform,10,M,128,61211,1001,uniform,False,1104.7621955871582,2.1577386632561684,1104.7621955871582,-0.0,1104.7621955871582,0.0,1.0,,,constant_weights,False,False,8.568167686462402e-07,,constant_weights,,-63.808724749833345,1.0,False,False,,constant_weights,,1692.1953587532043,0.0,False,False,,constant_weights,,1685.899941444397,0.0,False,False,,constant_weights,,1689.0476500988007,0.0,False,False,,constant_weights,,-13.810688831147559,0.650390625,False,False
confirm-M-w128-d61211-s1001-g05-uniform,20,M,128,61211,1001,uniform,False,1215.9437701702118,2.374890176113695,1215.9437701702118,-0.0,1215.9437701702118,0.0,1.0,,,constant_weights,False,False,8.977949619293213e-07,,constant_weights,,-12.306069884449244,1.0,False,False,,constant_weights,,1927.9514963626862,0.0,False,False,,constant_weights,,1732.1859028339386,0.0,False,False,,constant_weights,,1830.0686995983124,0.0,False,False,,constant_weights,,97.37089230841691,0.052734375,False,False
confirm-M-w128-d61211-s1001-g05-uniform,30,M,128,61211,1001,uniform,False,1307.8051384687424,2.5543069110717624,1307.8051384687424,-0.0,1307.8051384687424,0.0,1.0,,,constant_weights,False,False,7.525086402893066e-07,,constant_weights,,-7.868239246308804,0.978515625,False,False,,constant_weights,,2158.3899705410004,0.0,False,False,,constant_weights,,1772.8936845064163,0.0,False,False,,constant_weights,,1965.6418275237083,0.0,False,False,,constant_weights,,189.23225381201797,0.013671875,False,False
confirm-M-w128-d61211-s1002-g04-random,1,M,128,61211,1002,random,False,818.1545501947403,1.5979581058491021,818.1545501947403,-0.0,818.1545501947403,0.0,1.0,0.002932616044725803,5.088371217529298e-06,,False,False,7.810691993181962e-07,,nonpositive_total_gain,,-677.0803534090519,1.0,False,False,0.0,,6.0502450593826024e-06,1541.1933233737946,0.0,True,False,0.006360755880725351,,4.871647751710755e-06,1590.3506517410278,0.0,False,False,0.0023045109949647443,,3.137375251664425e-06,1565.7719875574112,0.0,False,False,,nonpositive_total_gain,,-276.83501801663346,1.0,False,False
confirm-M-w128-d61211-s1002-g04-random,3,M,128,61211,1002,random,False,869.0974261760712,1.697455910500139,869.0974261760712,-0.0,869.0974261760712,0.0,1.0,0.01241916643236907,4.96725513818712e-06,,False,False,7.574756939465743e-07,,nonpositive_total_gain,,-429.4381487071514,1.0,False,False,0.0052191451483225345,,6.128783464806346e-06,1528.879955291748,0.0,False,False,0.014699632072292086,,3.4853433238006626e-06,1507.8504651784897,0.0,False,False,0.00992638164153568,,3.147413341224945e-06,1518.3652102351189,0.0,False,False,,nonpositive_total_gain,,-225.89214203530258,0.990234375,False,False
confirm-M-w128-d61211-s1002-g04-random,5,M,128,61211,1002,random,False,891.4742532968521,1.7411606509704143,891.4742532968521,-0.0,891.4742532968521,0.0,1.0,0.020023973889435775,1.1079005989832614e-05,,False,False,5.923211574554443e-07,,nonpositive_total_gain,,-346.59609055519104,1.0,False,False,0.011788974201275202,,9.541311107461521e-06,1542.6097341775894,0.0,False,False,0.021353941642427134,,5.978231903457119e-06,1478.4091093540192,0.0,False,False,0.016469285819340408,,6.140186845139458e-06,1510.5094217658043,0.0,False,False,,nonpositive_total_gain,,-203.51531515294022,0.962890625,False,False
confirm-M-w128-d61211-s1002-g04-random,10,M,128,61211,1002,random,False,970.953298330307,1.8963931608013809,970.953298330307,-0.0,970.953298330307,0.0,1.0,0.024560550861897415,1.6858614512316328e-05,,False,False,6.506840388720292e-07,,nonpositive_total_gain,,-242.1541936546564,1.0,False,False,0.015831906441678485,,1.6414131343821184e-05,1592.2885222434998,0.0,False,False,0.02446724672164046,,1.2727061764916166e-05,1562.7255611419678,0.0,False,False,0.020108629252152677,,1.2951678433274545e-05,1577.5070416927338,0.0,False,False,,nonpositive_total_gain,,-124.0362692850203,0.892578125,False,False
confirm-M-w128-d61211-s1002-g04-random,20,M,128,61211,1002,random,False,1064.8366923332214,2.079759164713323,1064.8366923332214,-0.0,1064.8366923332214,0.0,1.0,0.05232086372456003,5.758876875605754e-05,,False,False,7.612009844670808e-07,,nonpositive_total_gain,,-82.73554772883654,1.0,False,False,0.04577616315836175,,7.386468710999777e-05,1664.5642518997192,0.0,False,False,0.05148418064873682,,3.929958779400406e-05,1612.6813629865646,0.0,False,False,0.04858844096276864,,5.3288429134567984e-05,1638.622807443142,0.0,False,False,,nonpositive_total_gain,,-30.15287867957057,0.626953125,False,False
confirm-M-w128-d61211-s1002-g04-random,30,M,128,61211,1002,random,False,1102.1140043735504,2.1525664147920907,1102.1140043735504,-0.0,1102.1140043735504,0.0,1.0,0.10354621751932601,0.00017742755914873536,,False,False,7.574756939465743e-07,,nonpositive_total_gain,,-36.53899908065796,0.998046875,False,False,0.0975751254739936,,0.0001964154120672141,1705.3114738315344,0.005859375,False,False,0.10397221443318908,,0.00015243738177438238,1637.569534599781,0.005859375,False,False,0.10071014902056413,,0.00017172723443764363,1671.4405042156577,0.0,False,False,8.0,,94.51826094577221,7.124436624112699,0.58203125,False,True
confirm-M-w128-d61211-s1002-g04-uniform,1,M,128,61211,1002,uniform,False,824.7079898118973,1.6107577926013619,824.7079898118973,-0.0,824.7079898118973,0.0,1.0,,,constant_weights,False,False,6.332993507385254e-07,,constant_weights,,-663.5178095400333,1.0,False,False,,constant_weights,,1549.7766561508179,0.0,False,False,,constant_weights,,1587.8651113510132,0.0,False,False,,constant_weights,,1568.8208837509155,0.0,False,False,,constant_weights,,-270.2815783994765,1.0,False,False
confirm-M-w128-d61211-s1002-g04-uniform,3,M,128,61211,1002,uniform,False,896.1520507335663,1.7502969740889966,896.1520507335663,-0.0,896.1520507335663,0.0,1.0,,,constant_weights,False,False,8.257726828997392e-07,,constant_weights,,-410.1130237877369,1.0,False,False,,constant_weights,,1575.7779867649078,0.0,False,False,,constant_weights,,1522.7911734580994,0.0,False,False,,constant_weights,,1549.2845801115036,0.0,False,False,,constant_weights,,-198.83751747780747,0.986328125,False,False
confirm-M-w128-d61211-s1002-g04-uniform,5,M,128,61211,1002,uniform,False,957.3714545965195,1.869866122258827,957.3714545965195,-0.0,957.3714545965195,0.0,1.0,,,constant_weights,False,False,7.574756941686189e-07,,constant_weights,,-284.2120571732521,1.0,False,False,,constant_weights,,1603.838751077652,0.0,False,False,,constant_weights,,1552.4876601696014,0.0,False,False,,constant_weights,,1578.1632056236267,0.0,False,False,,constant_weights,,-137.61811301880783,0.951171875,False,False
confirm-M-w128-d61211-s1002-g04-uniform,10,M,128,61211,1002,uniform,False,1088.121017217636,2.1252363617531955,1088.121017217636,-0.0,1088.121017217636,0.0,1.0,,,constant_weights,False,False,6.084640822301424e-07,,constant_weights,,-54.37037629634142,1.0,False,False,,constant_weights,,1656.6505196094513,0.0,False,False,,constant_weights,,1662.0828924179077,0.0,False,False,,constant_weights,,1659.3667060136795,0.0,False,False,,constant_weights,,-6.868547655877478,0.578125,False,False
confirm-M-w128-d61211-s1002-g04-uniform,20,M,128,61211,1002,uniform,False,1195.9676357507706,2.3358742885757238,1195.9676357507706,-0.0,1195.9676357507706,0.0,1.0,,,constant_weights,False,False,8.580585322270906e-07,,constant_weights,,-6.905751705169678,0.861328125,False,False,,constant_weights,,1894.8616803884506,0.0,False,False,,constant_weights,,1699.9469583034515,0.0,False,False,,constant_weights,,1797.404319345951,0.0,False,False,,constant_weights,,100.9780656320482,0.072265625,False,False
confirm-M-w128-d61211-s1002-g04-uniform,30,M,128,61211,1002,uniform,False,1287.5605508089066,2.5147667007986456,1287.5605508089066,-0.0,1287.5605508089066,0.0,1.0,,,constant_weights,False,False,8.208056292424715e-07,,constant_weights,,-1.5306298565119505,0.48828125,False,False,,constant_weights,,2121.3424498438835,0.0,False,False,,constant_weights,,1742.8698287010193,0.0,False,False,,constant_weights,,1932.1061392724514,0.0,False,False,,constant_weights,,192.57098176306778,0.013671875,False,False
confirm-M-w128-d61211-s1002-g05-random,1,M,128,61211,1002,random,False,817.9627523422241,1.5975835006684065,817.9627523422241,-0.0,817.9627523422241,0.0,1.0,0.002930011231887889,5.09017107015514e-06,,False,False,6.407499313354492e-07,,nonpositive_total_gain,,-677.5470935404301,1.0,False,False,0.0,,6.049194632562471e-06,1541.1417911052704,0.0,True,False,0.006358197231962742,,4.873464426623862e-06,1590.2935509681702,0.0,False,False,0.0023031871561371084,,3.137323873534445e-06,1565.7176710367203,0.0,False,False,,nonpositive_total_gain,,-277.02681586914963,1.0,False,False
confirm-M-w128-d61211-s1002-g05-random,3,M,128,61211,1002,random,False,868.7352231740952,1.6967484827619046,868.7352231740952,-0.0,868.7352231740952,0.0,1.0,0.012423134831496263,4.975407643966715e-06,,False,False,7.326404252161467e-07,,nonpositive_total_gain,,-430.23036047816277,1.0,False,False,0.005219188676504116,,6.132243177537488e-06,1528.8203250169754,0.0,False,False,0.014705826228748421,,3.492090338030588e-06,1507.6156862974167,0.0,False,False,0.009929182405618717,,3.1511409833931104e-06,1518.218005657196,0.0,False,False,,nonpositive_total_gain,,-226.2543450372786,0.9921875,False,False
confirm-M-w128-d61211-s1002-g05-random,5,M,128,61211,1002,random,False,890.8704297542572,1.7399813081137836,890.8704297542572,-0.0,890.8704297542572,0.0,1.0,0.01996392028222698,1.1032665442347762e-05,,False,False,7.37607479095459e-07,,nonpositive_total_gain,,-348.96650022268295,1.0,False,False,0.011720175344048088,,9.522742703319067e-06,1542.8434450626373,0.0,False,False,0.021299660836855798,,5.985254700081446e-06,1478.7343306541443,0.0,False,False,0.016407740235264888,,6.128449351722452e-06,1510.7888878583908,0.0,False,False,,nonpositive_total_gain,,-204.11913881474442,0.962890625,False,False
confirm-M-w128-d61211-s1002-g05-random,10,M,128,61211,1002,random,False,968.2297923564911,1.8910738131962717,968.2297923564911,-0.0,968.2297923564911,0.0,1.0,0.02412842508925951,1.6418515455012584e-05,,False,False,6.829698881993806e-07,,nonpositive_total_gain,,-249.2299913316965,1.0,False,False,0.015433070790806237,,1.598705901898436e-05,1591.0823360681534,0.0,False,False,0.024034013989218395,,1.2412489652048514e-05,1562.8370201587677,0.0,False,False,0.01969456050860121,,1.2580561765364097e-05,1576.9596781134605,0.0,False,False,,nonpositive_total_gain,,-126.75977573567337,0.8984375,False,False
confirm-M-w128-d61211-s1002-g05-random,20,M,128,61211,1002,random,False,1061.0375236272812,2.0723389133345336,1061.0375236272812,-0.0,1061.0375236272812,0.0,1.0,0.04802383214801893,4.962048928832099e-05,,False,False,7.27673371558879e-07,,nonpositive_total_gain,,-97.74748515337706,1.0,False,False,0.0409980454172509,,6.460979696424491e-05,1661.8161056041718,0.0,False,False,0.047297836194656426,,3.272336786344824e-05,1619.0439445972443,0.0,False,False,0.04411065239831853,,4.5430907562195017e-05,1640.430025100708,0.0,False,False,,nonpositive_total_gain,,-33.95204357081355,0.638671875,False,False
confirm-M-w128-d61211-s1002-g05-random,30,M,128,61211,1002,random,False,1099.9281941652298,2.1482972542289644,1099.9281941652298,-0.0,1099.9281941652298,0.0,1.0,0.09259076929823216,0.0001564979634655888,,False,False,7.21464554320761e-07,,nonpositive_total_gain,,-54.469552539289,1.0,False,False,0.0849374045685105,,0.00017614283985117624,1708.6858703494072,0.005859375,False,False,0.09345779029594556,,0.00012796014421937178,1645.5682544112206,0.0,False,False,0.08911939356999145,,0.00014922429042272804,1677.1270623803139,0.0,False,False,8.0,,162.0851826602987,4.938624851170159,0.580078125,False,True
confirm-M-w128-d61211-s1002-g05-uniform,1,M,128,61211,1002,uniform,False,824.5500577688217,1.61044933157973,824.5500577688217,-0.0,824.5500577688217,0.0,1.0,,,constant_weights,False,False,6.2336524342399e-07,,constant_weights,,-663.7979629337788,1.0,False,False,,constant_weights,,1549.6929066181183,0.0,False,False,,constant_weights,,1587.755217552185,0.0,False,False,,constant_weights,,1568.7240620851517,0.0,False,False,,constant_weights,,-270.43951044255203,1.0,False,False
confirm-M-w128-d61211-s1002-g05-uniform,3,M,128,61211,1002,uniform,False,895.7700880765915,1.7495509532745928,895.7700880765915,-0.0,895.7700880765915,0.0,1.0,,,constant_weights,False,False,6.382664046178377e-07,,constant_weights,,-411.14483854174614,1.0,False,False,,constant_weights,,1575.7745131254196,0.0,False,False,,constant_weights,,1522.6805768013,0.0,False,False,,constant_weights,,1549.2275449633598,0.0,False,False,,constant_weights,,-199.21948013478226,0.986328125,False,False
confirm-M-w128-d61211-s1002-g05-uniform,5,M,128,61211,1002,uniform,False,956.6572422981262,1.8684711763635278,956.6572422981262,-0.0,956.6572422981262,0.0,1.0,,,constant_weights,False,False,6.730357804407561e-07,,constant_weights,,-287.095081359148,1.0,False,False,,constant_weights,,1603.7731533050537,0.0,False,False,,constant_weights,,1553.2936472892761,0.0,False,False,,constant_weights,,1578.533400297165,0.0,False,False,,constant_weights,,-138.33232567482895,0.951171875,False,False
confirm-M-w128-d61211-s1002-g05-uniform,10,M,128,61211,1002,uniform,False,1083.7392629384995,2.1166782479267567,1083.7392629384995,-0.0,1083.7392629384995,0.0,1.0,,,constant_weights,False,False,8.419156074523926e-07,,constant_weights,,-62.566705487668514,1.0,False,False,,constant_weights,,1653.2828147411346,0.0,False,False,,constant_weights,,1660.5016667842865,0.0,False,False,,constant_weights,,1656.8922407627106,0.0,False,False,,constant_weights,,-11.250305034455664,0.62109375,False,False
confirm-M-w128-d61211-s1002-g05-uniform,20,M,128,61211,1002,uniform,False,1187.2151503562927,2.3187795905396342,1187.2151503562927,-0.0,1187.2151503562927,0.0,1.0,,,constant_weights,False,False,7.53750403870157e-07,,constant_weights,,-13.870165143162012,1.0,False,False,,constant_weights,,1877.2533531188965,0.0,False,False,,constant_weights,,1698.2622563838959,0.0,False,False,,constant_weights,,1787.7578047513962,0.0,False,False,,constant_weights,,92.22558142966326,0.087890625,False,False
confirm-M-w128-d61211-s1002-g05-uniform,30,M,128,61211,1002,uniform,False,1268.9906984567642,2.4784974579233676,1268.9906984567642,-0.0,1268.9906984567642,0.0,1.0,,,constant_weights,False,False,7.512668767084563e-07,,constant_weights,,-11.359834250062704,0.984375,False,False,,constant_weights,,2080.22144728899,0.0,False,False,,constant_weights,,1738.1104661226273,0.0,False,False,,constant_weights,,1909.1659567058086,0.0,False,False,,constant_weights,,174.00113036459976,0.015625,False,False
confirm-M-w128-d61211-s1003-g04-random,1,M,128,61211,1003,random,False,840.771895647049,1.6421326086856425,840.771895647049,-0.0,840.771895647049,0.0,1.0,0.0,6.427506738780733e-06,,True,False,7.313986618573409e-07,,nonpositive_total_gain,,-676.5566754937172,1.0,False,False,0.0,,1.3274919332815424e-05,1588.3051681518555,0.0,True,False,0.0,,2.164617557269462e-06,1610.5671739578247,0.0,True,False,0.0,,4.602756023376482e-06,1599.43617105484,0.0,True,False,,nonpositive_total_gain,,-281.1871456878752,1.0,False,False
confirm-M-w128-d61211-s1003-g04-random,3,M,128,61211,1003,random,False,888.5924559831619,1.7355321405921131,888.5924559831619,-0.0,888.5924559831619,0.0,1.0,0.00887422750944613,2.949411562600189e-06,,False,False,7.313986618573409e-07,,nonpositive_total_gain,,-431.44520527124405,1.0,False,False,0.003996902912252983,,6.610649438634145e-06,1575.3202337026596,0.0,False,False,0.008683019041112187,,1.2078716872102349e-06,1521.902333498001,0.0,False,False,0.006298107499516502,,2.0831092088649248e-06,1548.6112836003304,0.0,False,False,,nonpositive_total_gain,,-233.36658535176224,0.984375,False,False
confirm-M-w128-d61211-s1003-g04-random,5,M,128,61211,1003,random,False,905.2946181297302,1.7681535510346293,905.2946181297302,-0.0,905.2946181297302,0.0,1.0,0.01673742309851769,7.444471069726768e-06,,False,False,8.704761664812821e-07,,nonpositive_total_gain,,-363.965326577425,1.0,False,False,0.010133474766093442,,8.676472852442744e-06,1582.7528083324432,0.0,False,False,0.015670591769973603,,5.38158925328186e-06,1497.0963543653488,0.0,False,False,0.012822743481154492,,5.030490778065646e-06,1539.924581348896,0.0,False,False,,nonpositive_total_gain,,-216.66442308598465,0.962890625,False,False
confirm-M-w128-d61211-s1003-g04-random,10,M,128,61211,1003,random,False,980.1024582386017,1.914262613747269,980.1024582386017,-0.0,980.1024582386017,0.0,1.0,0.02466421009169819,1.5136750061007501e-05,,False,False,7.599592208862305e-07,,nonpositive_total_gain,,-242.54947021603584,1.0,False,False,0.01834858063198297,,1.1176350172406838e-05,1617.9405853748322,0.0,False,False,0.021235797286231442,,1.4268525573397216e-05,1564.91623711586,0.0,False,False,0.01976628814538048,,1.0176807511695298e-05,1591.428411245346,0.0,False,False,,nonpositive_total_gain,,-141.85658440762467,0.880859375,False,False
confirm-M-w128-d61211-s1003-g04-random,20,M,128,61211,1003,random,False,1088.1518561840057,2.125296594109386,1088.1518561840057,-0.0,1088.1518561840057,0.0,1.0,0.04314026322183981,4.357997619090921e-05,,False,False,8.096297583470857e-07,,nonpositive_total_gain,,-100.47129568457603,1.0,False,False,0.04126967445299347,,4.327622194288108e-05,1706.0513208508492,0.0,False,False,0.03632641837832898,,3.461540455603103e-05,1658.875536441803,0.0,False,False,0.03883204475187964,,3.74760944822747e-05,1682.463428646326,0.0,False,False,,nonpositive_total_gain,,-33.80718395882548,0.6484375,False,False
confirm-M-w128-d61211-s1003-g04-random,30,M,128,61211,1003,random,False,1136.5452644824982,2.2198149696923792,1136.5494856834412,0.004221200942993164,1136.5537068843842,0.001953125,0.9999925719287748,0.09126053704479577,0.00015663143576896788,,False,False,8.108715217058915e-07,,nonpositive_total_gain,,-40.6596918143332,1.0,False,False,0.08872514865790587,,0.0001347307039690887,1768.1219771653414,0.00390625,False,False,0.08758244880855974,,0.00017304084987212643,1682.1734981238842,0.0,False,False,0.08816866865001567,,0.0001511285391015551,1725.1477376446128,0.0,False,False,8.0,,17.848138521599836,14.586225412550547,0.57421875,False,True
confirm-M-w128-d61211-s1003-g04-uniform,1,M,128,61211,1003,uniform,False,849.8988835811615,1.659958756994456,849.8988835811615,-0.0,849.8988835811615,0.0,1.0,,,constant_weights,False,False,7.127722103650314e-07,,constant_weights,,-658.4429374337196,1.0,False,False,,constant_weights,,1596.62287068367,0.0,False,False,,constant_weights,,1611.5166985988617,0.0,False,False,,constant_weights,,1604.0697846412659,0.0,False,False,,constant_weights,,-272.06015775376267,1.0,False,False
confirm-M-w128-d61211-s1003-g04-uniform,3,M,128,61211,1003,uniform,False,919.3775713443756,1.7956593190319836,919.3775713443756,-0.0,919.3775713443756,0.0,1.0,,,constant_weights,False,False,7.599592208862305e-07,,constant_weights,,-422.56288200616837,1.0,False,False,,constant_weights,,1635.7753312587738,0.0,False,False,,constant_weights,,1544.9202482700348,0.0,False,False,,constant_weights,,1590.3477897644043,0.0,False,False,,constant_weights,,-202.58146999054856,0.98828125,False,False
confirm-M-w128-d61211-s1003-g04-uniform,5,M,128,61211,1003,uniform,False,984.3274013996124,1.922514455858618,984.3274013996124,-0.0,984.3274013996124,0.0,1.0,,,constant_weights,False,False,7.388492426763094e-07,,constant_weights,,-296.6826881766319,1.0,False,False,,constant_weights,,1669.5583617687225,0.0,False,False,,constant_weights,,1580.106516122818,0.0,False,False,,constant_weights,,1624.8324389457703,0.0,False,False,,constant_weights,,-137.63163957768387,0.9609375,False,False
confirm-M-w128-d61211-s1003-g04-uniform,10,M,128,61211,1003,uniform,False,1118.2211080789566,2.184025601716712,1118.2211080789566,-0.0,1118.2211080789566,0.0,1.0,,,constant_weights,False,False,7.549921670069182e-07,,constant_weights,,-50.327199928462505,1.0,False,False,,constant_weights,,1714.4172077178955,0.0,False,False,,constant_weights,,1690.5732915401459,0.0,False,False,,constant_weights,,1702.4952496290207,0.0,False,False,,constant_weights,,-3.7379339712232422,0.5703125,False,False
confirm-M-w128-d61211-s1003-g04-uniform,20,M,128,61211,1003,uniform,False,1230.2651698589325,2.4028616598807275,1230.2651698589325,-0.0,1230.2651698589325,0.0,1.0,,,constant_weights,False,False,7.885197796930754e-07,,constant_weights,,-5.579404141753912,0.81640625,False,False,,constant_weights,,1968.0475647449493,0.0,False,False,,constant_weights,,1728.3273270130157,0.0,False,False,,constant_weights,,1848.1874458789825,0.0,False,False,,constant_weights,,108.30612709349688,0.04296875,False,False
confirm-M-w128-d61211-s1003-g04-uniform,30,M,128,61211,1003,uniform,False,1338.5651185512543,2.6143849971704185,1338.5651185512543,-0.0,1338.5651185512543,0.0,1.0,,,constant_weights,False,False,7.972121238708496e-07,,constant_weights,,0.5641312468796968,0.369140625,False,False,,constant_weights,,2240.7490162849426,0.0,False,False,,constant_weights,,1774.3821930885315,0.0,False,False,,constant_weights,,2007.565604686737,0.0,False,False,,constant_weights,,216.60607817000442,0.01171875,False,False
confirm-M-w128-d61211-s1003-g05-random,1,M,128,61211,1003,random,False,840.5785776376724,1.641755034448579,840.5785776376724,-0.0,840.5785776376724,0.0,1.0,0.0,6.442070053484287e-06,,True,False,8.108715217058915e-07,,nonpositive_total_gain,,-677.1009010672569,1.0,False,False,0.0,,1.3286505533742209e-05,1588.295758485794,0.0,True,False,0.0,,2.1644670759666703e-06,1610.5408613681793,0.0,True,False,0.0,,4.610441986923245e-06,1599.4183099269867,0.0,True,False,,nonpositive_total_gain,,-281.38046369725174,1.0,False,False
confirm-M-w128-d61211-s1003-g05-random,3,M,128,61211,1003,random,False,888.2556065320969,1.7348742315080017,888.2556065320969,-0.0,888.2556065320969,0.0,1.0,0.008864908769069441,2.9541798488544015e-06,,False,False,7.053216299901521e-07,,nonpositive_total_gain,,-432.103352189064,1.0,False,False,0.004002170113139249,,6.611466340385765e-06,1575.2400928735733,0.0,False,False,0.008676901372974607,,1.2084972315831635e-06,1521.6300563812256,0.0,False,False,0.006297636092594388,,2.0861451236996396e-06,1548.4350746273994,0.0,False,False,,nonpositive_total_gain,,-233.7034348028273,0.984375,False,False
confirm-M-w128-d61211-s1003-g05-random,5,M,128,61211,1003,random,False,904.7296222448349,1.7670500434469432,904.7296222448349,-0.0,904.7296222448349,0.0,1.0,0.016670881460084587,7.363443119996104e-06,,False,False,7.326404254381913e-07,,nonpositive_total_gain,,-366.18518275022507,1.0,False,False,0.010093863818259476,,8.620978245192852e-06,1583.0003644227982,0.0,False,False,0.015606143096226068,,5.330959894003331e-06,1497.373668551445,0.0,False,False,0.012771094302171247,,4.9748980783516555e-06,1540.1870164871216,0.0,False,False,,nonpositive_total_gain,,-217.22941897087998,0.962890625,False,False
confirm-M-w128-d61211-s1003-g05-random,10,M,128,61211,1003,random,False,977.9920243024826,1.9101406724657863,977.9920243024826,-0.0,977.9920243024826,0.0,1.0,0.02409338658987248,1.4479829976422369e-05,,False,False,7.698933284228104e-07,,nonpositive_total_gain,,-250.13832457363605,1.0,False,False,0.017833110803628552,,1.0788803726870286e-05,1617.8424664735794,0.0,False,False,0.02066428047904708,,1.3565821457402346e-05,1566.2719193696976,0.0,False,False,0.01922395955500078,,9.62224460635355e-06,1592.0571929216385,0.0,False,False,,nonpositive_total_gain,,-143.96701619797653,0.888671875,False,False
confirm-M-w128-d61211-s1003-g05-random,20,M,128,61211,1003,random,False,1081.5089567899704,2.112322181230411,1081.5089567899704,-0.0,1081.5089567899704,0.0,1.0,0.039824602871997905,3.7082661456942796e-05,,False,False,6.953875222315276e-07,,nonpositive_total_gain,,-117.87468608468771,1.0,False,False,0.037383126063657277,,3.567181291840834e-05,1701.3114058375359,0.0,False,False,0.033167693314608004,,2.9023467326244224e-05,1661.0901349186897,0.0,False,False,0.0353004338442407,,3.083035417203826e-05,1681.2007703781128,0.0,False,False,,nonpositive_total_gain,,-40.450085617837324,0.6640625,False,False
confirm-M-w128-d61211-s1003-g05-random,30,M,128,61211,1003,random,False,1126.1982555389404,2.199605967849493,1126.1982555389404,-0.0,1126.1982555389404,0.0,1.0,0.08287651429276574,0.00014307445592941925,,False,False,7.897615432739258e-07,,nonpositive_total_gain,,-57.96640119701624,1.0,False,False,0.0792941763477427,,0.00012454392060239267,1757.3472903370857,0.00390625,False,False,0.07906419693292953,,0.0001518416063538434,1679.2138540148735,0.0,False,False,0.07918191245182585,,0.00013590885976122412,1718.2805721759796,0.0,False,False,8.0,,204.33321422844026,4.239213369551279,0.599609375,False,True
confirm-M-w128-d61211-s1003-g05-uniform,1,M,128,61211,1003,uniform,False,849.7215534448624,1.6596124090719968,849.7215534448624,-0.0,849.7215534448624,0.0,1.0,,,constant_weights,False,False,8.903443813323975e-07,,constant_weights,,-658.7798740267754,1.0,False,False,,constant_weights,,1596.5473539829254,0.0,False,False,,constant_weights,,1611.3971650600433,0.0,False,False,,constant_weights,,1603.9722595214844,0.0,False,False,,constant_weights,,-272.2374878900618,1.0,False,False
confirm-M-w128-d61211-s1003-g05-uniform,3,M,128,61211,1003,uniform,False,918.9879862070084,1.7948984105605632,918.9879862070084,-0.0,918.9879862070084,0.0,1.0,,,constant_weights,False,False,6.916622319330656e-07,,constant_weights,,-423.6027678847313,1.0,False,False,,constant_weights,,1635.7759031057358,0.0,False,False,,constant_weights,,1544.79081428051,0.0,False,False,,constant_weights,,1590.2833586931229,0.0,False,False,,constant_weights,,-202.97105500870651,0.98828125,False,False
confirm-M-w128-d61211-s1003-g05-uniform,5,M,128,61211,1003,uniform,False,983.5825301408768,1.9210596291814,983.5825301408768,-0.0,983.5825301408768,0.0,1.0,,,constant_weights,False,False,8.506079516301668e-07,,constant_weights,,-299.21298161149025,1.0,False,False,,constant_weights,,1669.107824087143,0.0,False,False,,constant_weights,,1580.8527216911316,0.0,False,False,,constant_weights,,1624.9802728891373,0.0,False,False,,constant_weights,,-138.37651095562882,0.962890625,False,False
confirm-M-w128-d61211-s1003-g05-uniform,10,M,128,61211,1003,uniform,False,1113.9727164506912,2.1757279618177563,1113.9727164506912,-0.0,1113.9727164506912,0.0,1.0,,,constant_weights,False,False,7.202227911839998e-07,,constant_weights,,-57.82901956140995,1.0,False,False,,constant_weights,,1710.7815392017365,0.0,False,False,,constant_weights,,1688.9656091928482,0.0,False,False,,constant_weights,,1699.8735741972923,0.0,False,False,,constant_weights,,-7.986327030000098,0.6015625,False,False
confirm-M-w128-d61211-s1003-g05-uniform,20,M,128,61211,1003,uniform,False,1221.1463955640793,2.3850515538360924,1221.1463955640793,-0.0,1221.1463955640793,0.0,1.0,,,constant_weights,False,False,6.978710493932283e-07,,constant_weights,,-12.027169559150934,1.0,False,False,,constant_weights,,1948.6549870967865,0.0,False,False,,constant_weights,,1726.8113644123077,0.0,False,False,,constant_weights,,1837.7331757545471,0.0,False,False,,constant_weights,,99.18735649413165,0.072265625,False,False
confirm-M-w128-d61211-s1003-g05-uniform,30,M,128,61211,1003,uniform,False,1317.5485261678696,2.5733369651716202,1317.5485261678696,-0.0,1317.5485261678696,0.0,1.0,,,constant_weights,False,False,7.164975008855379e-07,,constant_weights,,-8.431139588356018,0.955078125,False,False,,constant_weights,,2191.586561560631,0.0,False,False,,constant_weights,,1769.4901360273361,0.0,False,False,,constant_weights,,1980.5383487939835,0.0,False,False,,constant_weights,,195.58948554820114,0.009765625,False,False
confirm-M-w128-d61319-s1001-g04-random,1,M,128,61319,1001,random,False,824.1816031932831,1.609729693736881,824.1816031932831,-0.0,824.1816031932831,0.0,1.0,0.0031479100440565877,9.85743598931502e-06,,False,False,7.525086402893066e-07,,nonpositive_total_gain,,-700.6735985167325,1.0,False,False,0.0030296693074536047,,9.411116779214481e-06,1567.4073108434677,0.001953125,False,False,0.0005975949028967486,,5.480159236375327e-06,1605.8111236095428,0.0,True,False,0.0017983441851076331,,5.580978197987754e-06,1586.6092172265053,0.0,False,False,,nonpositive_total_gain,,-279.0613562839598,1.0,False,False
confirm-M-w128-d61319-s1001-g04-random,3,M,128,61319,1001,random,False,875.7295091152191,1.7104091974906623,875.7295091152191,-0.0,875.7295091152191,0.0,1.0,0.012323266295606025,2.0275832433454936e-05,,False,False,7.065633931269133e-07,,nonpositive_total_gain,,-440.2163284905255,1.0,False,False,0.009928130462195699,,1.614419554933904e-05,1554.6519978046417,0.0,False,False,0.008519686430781093,,1.57161113680936e-05,1512.75288772583,0.0,False,False,0.009233381566673193,,1.4312584597722932e-05,1533.702442765236,0.0,False,False,,nonpositive_total_gain,,-227.51345036202378,0.990234375,False,False
confirm-M-w128-d61319-s1001-g04-random,5,M,128,61319,1001,random,False,903.1988178491592,1.7640601911116391,903.1988178491592,-0.0,903.1988178491592,0.0,1.0,0.017667578033704057,3.429401620517342e-05,,False,False,7.810691990961516e-07,,nonpositive_total_gain,,-374.00567450001836,1.0,False,False,0.014096948243192853,,2.561027255373001e-05,1580.6857224702835,0.0,False,False,0.014318786813929348,,2.434680887958426e-05,1502.9164470434189,0.0,False,False,0.014205085739079835,,2.374011208797679e-05,1541.8010847568512,0.0,False,False,,nonpositive_total_gain,,-200.04414186650223,0.96875,False,False
confirm-M-w128-d61319-s1001-g04-random,10,M,128,61319,1001,random,False,994.8699587583542,1.9431053881999105,994.8699587583542,-0.0,994.8699587583542,0.0,1.0,0.01931105210443631,4.034248618254587e-05,,False,False,7.17739264022299e-07,,nonpositive_total_gain,,-215.17067031934857,1.0,False,False,0.016661654407132208,,3.358203825349385e-05,1616.6802934408188,0.001953125,False,False,0.014455311143228088,,2.6474472481894254e-05,1583.1002892255783,0.0,False,False,0.015569392387849462,,2.8639170278671485e-05,1599.8902913331985,0.0,False,False,,nonpositive_total_gain,,-108.37300095730726,0.876953125,False,False
confirm-M-w128-d61319-s1001-g04-random,20,M,128,61319,1001,random,False,1096.1281915903091,2.1408753741998225,1096.1281915903091,-0.0,1096.1281915903091,0.0,1.0,0.03958011406993038,8.646878892098156e-05,,False,False,8.195638656616211e-07,,nonpositive_total_gain,,-58.660614151507616,1.0,False,False,0.043404556849065176,,9.52366233360955e-05,1704.9836003780365,0.00390625,False,False,0.03079902341679945,,6.78507074181159e-05,1642.0616281032562,0.0,False,False,0.03720755081719902,,7.9964142375237e-05,1673.5226142406464,0.0,False,False,,nonpositive_total_gain,,-7.114765502747902,0.587890625,False,False
confirm-M-w128-d61319-s1001-g04-random,30,M,128,61319,1001,random,False,1126.9325394630432,2.2010401161387563,1126.9325394630432,-0.0,1126.9325394630432,0.0,1.0,0.10070307704095624,0.00024077441545223568,,False,False,7.698933282007658e-07,,nonpositive_total_gain,,-29.79647582769394,0.9921875,False,False,0.10110540343894044,,0.00020648169914701324,1769.3966816067696,0.0078125,False,False,0.09538784490669532,,0.00027487891172516834,1641.197450876236,0.00390625,False,False,0.09835604762057173,,0.0002350865784740588,1705.2970662415028,0.0,False,False,8.0,,6.7376542113557205,23.689581684532747,0.556640625,False,True
confirm-M-w128-d61319-s1001-g04-uniform,1,M,128,61319,1001,uniform,False,838.3779929876328,1.6374570175539702,838.3779929876328,-0.0,838.3779929876328,0.0,1.0,,,constant_weights,False,False,7.525086402893066e-07,,constant_weights,,-635.2969412691891,1.0,False,False,,constant_weights,,1560.164088845253,0.001953125,False,False,,constant_weights,,1590.266859292984,0.0,False,False,,constant_weights,,1575.2154740691185,0.0,False,False,,constant_weights,,-264.86496648961014,1.0,False,False
confirm-M-w128-d61319-s1001-g04-uniform,3,M,128,61319,1001,uniform,False,904.7956533432007,1.7671790104359388,904.7956533432007,-0.0,904.7956533432007,0.0,1.0,,,constant_weights,False,False,9.362896282727462e-07,,constant_weights,,-394.03202529624104,1.0,False,False,,constant_weights,,1583.042595744133,0.0,False,False,,constant_weights,,1525.3764148950577,0.0,False,False,,constant_weights,,1554.2095053195953,0.0,False,False,,constant_weights,,-198.4473061340422,0.986328125,False,False
confirm-M-w128-d61319-s1001-g04-uniform,5,M,128,61319,1001,uniform,False,973.1746959686279,1.9007318280637264,973.1746959686279,-0.0,973.1746959686279,0.0,1.0,,,constant_weights,False,False,7.810691990961516e-07,,constant_weights,,-256.65300135686994,1.0,False,False,,constant_weights,,1612.2789986133575,0.0,False,False,,constant_weights,,1563.8981201648712,0.0,False,False,,constant_weights,,1588.0885593891144,0.0,False,False,,constant_weights,,-130.0682641046614,0.94140625,False,False
confirm-M-w128-d61319-s1001-g04-uniform,10,M,128,61319,1001,uniform,False,1095.3214584589005,2.13929972355254,1095.3214584589005,-0.0,1095.3214584589005,0.0,1.0,,,constant_weights,False,False,7.82310962677002e-07,,constant_weights,,-46.13048621639609,1.0,False,False,,constant_weights,,1665.2424492835999,0.005859375,False,False,,constant_weights,,1666.8524404764175,0.0,False,False,,constant_weights,,1666.0474448800087,0.0,False,False,,constant_weights,,-7.921499349412329,0.59375,False,False
confirm-M-w128-d61319-s1001-g04-uniform,20,M,128,61319,1001,uniform,False,1188.7689044475555,2.321814266499132,1188.7689044475555,-0.0,1188.7689044475555,0.0,1.0,,,constant_weights,False,False,7.698933282007658e-07,,constant_weights,,-9.025167685002089,0.9140625,False,False,,constant_weights,,1870.121232867241,0.00390625,False,False,,constant_weights,,1705.2106640338898,0.0,False,False,,constant_weights,,1787.6659484505653,0.0,False,False,,constant_weights,,85.52594151324328,0.11328125,False,False
confirm-M-w128-d61319-s1001-g04-uniform,30,M,128,61319,1001,uniform,False,1285.338286280632,2.5104263403918594,1285.338286280632,-0.0,1285.338286280632,0.0,1.0,,,constant_weights,False,False,7.711350917816162e-07,,constant_weights,,-0.5306741371750832,0.423828125,False,False,,constant_weights,,2099.333383977413,0.001953125,False,False,,constant_weights,,1757.2121769189835,0.0,False,False,,constant_weights,,1928.2727804481983,0.0,False,False,,constant_weights,,182.09532561129623,0.029296875,False,False
confirm-M-w128-d61319-s1001-g05-random,1,M,128,61319,1001,random,False,823.9737582206726,1.6093237465247512,823.9737582206726,-0.0,823.9737582206726,0.0,1.0,0.003144889649373841,9.865155572402389e-06,,False,False,9.002784888689774e-07,,nonpositive_total_gain,,-701.0953822024167,1.0,False,False,0.0030287438972291855,,9.415926053824162e-06,1567.3048477172852,0.001953125,False,False,0.0005963275273315408,,5.482152831123018e-06,1605.7118463516235,0.0,True,False,0.0017972432575560767,,5.5835506889619245e-06,1586.5083470344543,0.0,False,False,,nonpositive_total_gain,,-279.2692012565703,1.0,False,False
confirm-M-w128-d61319-s1001-g05-random,3,M,128,61319,1001,random,False,875.3787338733673,1.7097240895964205,875.3787338733673,-0.0,875.3787338733673,0.0,1.0,0.012320886973541188,2.0285251387117347e-05,,False,False,6.780028343200684e-07,,nonpositive_total_gain,,-440.9186515696347,1.0,False,False,0.009920498311643242,,1.6159519986973844e-05,1554.560781955719,0.0,False,False,0.008525158908465186,,1.569649296981575e-05,1512.494104027748,0.0,False,False,0.009232251806696672,,1.4309217893723224e-05,1533.5274429917336,0.0,False,False,,nonpositive_total_gain,,-227.86422560387558,0.990234375,False,False
confirm-M-w128-d61319-s1001-g05-random,5,M,128,61319,1001,random,False,902.5595806837082,1.7628116810228676,902.5595806837082,-0.0,902.5595806837082,0.0,1.0,0.017629251500455898,3.422339517709205e-05,,False,False,7.413327693939209e-07,,nonpositive_total_gain,,-375.75942336395383,1.0,False,False,0.01405598463611478,,2.551797392525546e-05,1580.562739610672,0.0,False,False,0.014274910884930294,,2.429839138619872e-05,1502.8754515647888,0.0,False,False,0.014162704582928991,,2.3667765155885435e-05,1541.7190955877304,0.0,False,False,,nonpositive_total_gain,,-200.683378912744,0.97265625,False,False
confirm-M-w128-d61319-s1001-g05-random,10,M,128,61319,1001,random,False,992.0368266105652,1.9375719269737601,992.0368266105652,-0.0,992.0368266105652,0.0,1.0,0.018952926772790403,3.939635895200972e-05,,False,False,6.879369416346037e-07,,nonpositive_total_gain,,-223.30063957348466,1.0,False,False,0.016318908712564743,,3.26438431822735e-05,1615.7823932170868,0.001953125,False,False,0.014095565535483374,,2.583192449442659e-05,1583.6287438869476,0.0,False,False,0.01521775345251021,,2.7853664008523386e-05,1599.7055685520172,0.0,False,False,,nonpositive_total_gain,,-111.20613191300336,0.880859375,False,False
confirm-M-w128-d61319-s1001-g05-random,20,M,128,61319,1001,random,False,1087.9705452919006,2.1249424712732434,1087.9705452919006,-0.0,1087.9705452919006,0.0,1.0,0.03701032502217583,7.847663969233869e-05,,False,False,7.674098014831543e-07,,nonpositive_total_gain,,-71.4575080908835,1.0,False,False,0.040079853972712104,,8.586002458099948e-05,1694.9372829794884,0.00390625,False,False,0.028746928421554394,,6.087776330641945e-05,1640.431884765625,0.0,False,False,0.03449547692008231,,7.178145388909074e-05,1667.6845838725567,0.0,False,False,,nonpositive_total_gain,,-15.2724141853422,0.60546875,False,False
confirm-M-w128-d61319-s1001-g05-random,30,M,128,61319,1001,random,False,1121.147209763527,2.1897406440693885,1121.147209763527,-0.0,1121.147209763527,0.0,1.0,0.09052664982335983,0.00022108439581714872,,False,False,7.649262747655428e-07,,nonpositive_total_gain,,-46.30095113441348,1.0,False,False,0.0909517397887431,,0.0001930320775575009,1764.820796996355,0.005859375,False,False,0.08413564832239527,,0.0002415072384666732,1644.9217962026596,0.001953125,False,False,0.0876641359524948,,0.00021298536275605163,1704.8712965995073,0.0,False,False,8.0,,10.082365157344027,17.904248378935442,0.56640625,False,True
confirm-M-w128-d61319-s1001-g05-uniform,1,M,128,61319,1001,uniform,False,838.2581731081009,1.6372229943517596,838.2581731081009,-0.0,838.2581731081009,0.0,1.0,,,constant_weights,False,False,8.17080338721965e-07,,constant_weights,,-635.4275679476559,1.0,False,False,,constant_weights,,1560.066590666771,0.001953125,False,False,,constant_weights,,1590.1355239152908,0.0,False,False,,constant_weights,,1575.1010572910309,0.0,False,False,,constant_weights,,-264.984786369142,1.0,False,False
confirm-M-w128-d61319-s1001-g05-uniform,3,M,128,61319,1001,uniform,False,904.3618714809418,1.7663317802362144,904.3618714809418,-0.0,904.3618714809418,0.0,1.0,,,constant_weights,False,False,7.388492426763094e-07,,constant_weights,,-395.14564399793744,1.0,False,False,,constant_weights,,1583.0117431879044,0.0,False,False,,constant_weights,,1525.2195508480072,0.0,False,False,,constant_weights,,1554.1156470179558,0.0,False,False,,constant_weights,,-198.88108799630112,0.98828125,False,False
confirm-M-w128-d61319-s1001-g05-uniform,5,M,128,61319,1001,uniform,False,972.4138469696045,1.8992457948625088,972.4138469696045,-0.0,972.4138469696045,0.0,1.0,,,constant_weights,False,False,8.593002953638518e-07,,constant_weights,,-258.65776889398694,1.0,False,False,,constant_weights,,1611.6919742822647,0.0,False,False,,constant_weights,,1564.2073616981506,0.0,False,False,,constant_weights,,1587.9496679902077,0.0,False,False,,constant_weights,,-130.82911274605698,0.94140625,False,False
confirm-M-w128-d61319-s1001-g05-uniform,10,M,128,61319,1001,uniform,False,1090.652464389801,2.13018059451133,1090.652464389801,-0.0,1090.652464389801,0.0,1.0,,,constant_weights,False,False,7.711350917816162e-07,,constant_weights,,-56.177692357450724,1.0,False,False,,constant_weights,,1662.4478594064713,0.005859375,False,False,,constant_weights,,1665.6872560977936,0.0,False,False,,constant_weights,,1664.0675577521324,0.0,False,False,,constant_weights,,-12.590493776139624,0.640625,False,False
confirm-M-w128-d61319-s1001-g05-uniform,20,M,128,61319,1001,uniform,False,1180.6686724424362,2.3059935008641332,1180.6686724424362,-0.0,1180.6686724424362,0.0,1.0,,,constant_weights,False,False,7.413327693939209e-07,,constant_weights,,-17.122479792684317,1.0,False,False,,constant_weights,,1855.9909662008286,0.00390625,False,False,,constant_weights,,1703.13756275177,0.0,False,False,,constant_weights,,1779.5642644762993,0.0,False,False,,constant_weights,,77.42571272677479,0.130859375,False,False
confirm-M-w128-d61319-s1001-g05-uniform,30,M,128,61319,1001,uniform,False,1269.3411633968353,2.479181959759444,1269.3411633968353,-0.0,1269.3411633968353,0.0,1.0,,,constant_weights,False,False,7.115304470062256e-07,,constant_weights,,-11.374345906078815,0.98828125,False,False,,constant_weights,,2068.0191319584846,0.001953125,False,False,,constant_weights,,1751.3787373304367,0.0,False,False,,constant_weights,,1909.6989346444607,0.0,False,False,,constant_weights,,166.09820391959244,0.03515625,False,False
confirm-M-w128-d61319-s1002-g04-random,1,M,128,61319,1002,random,False,811.3749543428421,1.5847167077008635,811.3749543428421,-0.0,811.3749543428421,0.0,1.0,0.0012048872113691904,6.606586611487655e-06,,False,False,8.121132850646973e-07,,nonpositive_total_gain,,-682.7924148887396,1.0,False,False,0.0,,3.6703079419080264e-05,1548.5990263223648,0.00390625,True,False,0.00901540756187691,,2.1248970813246526e-06,1568.3182306289673,0.0,False,False,0.0007073959973647059,,3.821674554871136e-06,1558.458628475666,0.0,True,False,,nonpositive_total_gain,,-277.2902177351088,1.0,False,False
confirm-M-w128-d61319-s1002-g04-random,3,M,128,61319,1002,random,False,862.6101073026657,1.684785365825519,862.6101073026657,-0.0,862.6101073026657,0.0,1.0,0.010347414719830087,1.611478459155971e-05,,False,False,7.82310962677002e-07,,nonpositive_total_gain,,-436.3914963454008,1.0,False,False,0.0,,2.148473823784046e-05,1530.2013070583344,0.0,True,False,0.016553748117154307,,4.145693313026293e-06,1494.020508646965,0.0,False,False,0.007837937158056408,,1.0259930071403326e-05,1512.1109078526497,0.0,False,False,,nonpositive_total_gain,,-226.0550647752852,0.990234375,False,False
confirm-M-w128-d61319-s1002-g04-random,5,M,128,61319,1002,random,False,882.862753868103,1.7243413161486387,882.862753868103,-0.0,882.862753868103,0.0,1.0,0.018242168823397104,2.9858745675707797e-05,,False,False,8.220473923792326e-07,,nonpositive_total_gain,,-357.6454351693392,1.0,False,False,0.004496168233235618,,3.449452760314639e-05,1538.7713315486908,0.0,False,False,0.023184345906524816,,1.0357776165627385e-05,1467.462359070778,0.0,False,False,0.01363172140168388,,2.0119327711292115e-05,1503.1168453097343,0.0,False,False,,nonpositive_total_gain,,-205.80241820984787,0.966796875,False,False
confirm-M-w128-d61319-s1002-g04-random,10,M,128,61319,1002,random,False,965.3712023496628,1.8854906295891851,965.3712023496628,-0.0,965.3712023496628,0.0,1.0,0.02246224277510539,3.2967892051790344e-05,,False,False,8.419156074523926e-07,,nonpositive_total_gain,,-225.22241185605526,1.0,False,False,0.008767544843886702,,4.4821867330956984e-05,1584.5490186214447,0.005859375,False,False,0.026885457744149382,,1.2275840436162467e-05,1536.7869889736176,0.0,False,False,0.017704037298493305,,2.5302682447509246e-05,1560.6680037975311,0.0,False,False,,nonpositive_total_gain,,-123.29397020512528,0.875,False,False
confirm-M-w128-d61319-s1002-g04-random,20,M,128,61319,1002,random,False,1048.9810147285461,2.0487910443916917,1048.9810147285461,-0.0,1048.9810147285461,0.0,1.0,0.045873780952475934,9.082032010705553e-05,,False,False,8.543332419286287e-07,,nonpositive_total_gain,,-103.9143683090806,1.0,False,False,0.033826219278202216,,0.00013810785391394427,1655.0331565141678,0.005859375,False,False,0.045756811823531154,,4.430992580266751e-05,1595.8242560625076,0.0,False,False,0.03970092172924586,,8.400130813402013e-05,1625.4287062883377,0.0,False,False,,nonpositive_total_gain,,-39.68415627652111,0.642578125,False,False
confirm-M-w128-d61319-s1002-g04-random,30,M,128,61319,1002,random,False,1084.0329284667969,2.1172518134117126,1084.0329284667969,-0.0,1084.0329284667969,0.0,1.0,0.0933093069120718,0.00024925587114284686,,False,False,9.5367431640625e-07,,nonpositive_total_gain,,-46.76393063366413,0.998046875,False,False,0.08332131263218777,,0.0003629693566998361,1690.4846837222576,0.009765625,False,False,0.09620966277316675,,0.00014342639699738174,1608.3780317008495,0.00390625,False,False,0.08962924465447514,,0.0002417347916154005,1649.4313577115536,0.0,False,False,,nonpositive_total_gain,,-4.632243134316829,0.58984375,False,False
confirm-M-w128-d61319-s1002-g04-uniform,1,M,128,61319,1002,uniform,False,814.7583833932877,1.591324967565015,814.7583833932877,-0.0,814.7583833932877,0.0,1.0,,,constant_weights,False,False,8.121132850646973e-07,,constant_weights,,-665.7882464975119,1.0,False,False,,constant_weights,,1549.8688452243805,0.005859375,False,False,,constant_weights,,1560.1945474147797,0.0,False,False,,constant_weights,,1555.03169631958,0.0,False,False,,constant_weights,,-273.90678868466324,1.0,False,False
confirm-M-w128-d61319-s1002-g04-uniform,3,M,128,61319,1002,uniform,False,890.3064291477203,1.7388797444291413,890.3064291477203,-0.0,890.3064291477203,0.0,1.0,,,constant_weights,False,False,7.82310962677002e-07,,constant_weights,,-392.9892545491457,1.0,False,False,,constant_weights,,1567.1069588661194,0.0,False,False,,constant_weights,,1496.8015738725662,0.0,False,False,,constant_weights,,1531.9542663693428,0.0,False,False,,constant_weights,,-198.35874293023056,0.986328125,False,False
confirm-M-w128-d61319-s1002-g04-uniform,5,M,128,61319,1002,uniform,False,955.819854259491,1.8668356528505683,955.819854259491,-0.0,955.819854259491,0.0,1.0,,,constant_weights,False,False,8.021791777501619e-07,,constant_weights,,-264.9806377738714,1.0,False,False,,constant_weights,,1601.331514120102,0.001953125,False,False,,constant_weights,,1531.1086755990982,0.0,False,False,,constant_weights,,1566.2200948596,0.0,False,False,,constant_weights,,-132.84531853371567,0.943359375,False,False
confirm-M-w128-d61319-s1002-g04-uniform,10,M,128,61319,1002,uniform,False,1083.300647854805,2.115821577841416,1083.300647854805,-0.0,1083.300647854805,0.0,1.0,,,constant_weights,False,False,1.0480483374486482e-06,,constant_weights,,-42.97042064368725,1.0,False,False,,constant_weights,,1655.865102648735,0.005859375,False,False,,constant_weights,,1637.0072643756866,0.0,False,False,,constant_weights,,1646.4361835122108,0.0,False,False,,constant_weights,,-5.364523746308691,0.580078125,False,False
confirm-M-w128-d61319-s1002-g04-uniform,20,M,128,61319,1002,uniform,False,1183.3436807394028,2.311218126444146,1183.3436807394028,-0.0,1183.3436807394028,0.0,1.0,,,constant_weights,False,False,8.717179298400879e-07,,constant_weights,,-6.347786970436573,0.830078125,False,False,,constant_weights,,1881.1783047914505,0.00390625,False,False,,constant_weights,,1675.2005155086517,0.0,False,False,,constant_weights,,1778.1894101500511,0.0,False,False,,constant_weights,,94.67850806540545,0.078125,False,False
confirm-M-w128-d61319-s1002-g04-uniform,30,M,128,61319,1002,uniform,False,1278.3901287317276,2.4968557201791555,1278.3901287317276,-0.0,1278.3901287317276,0.0,1.0,,,constant_weights,False,False,7.326404252161467e-07,,constant_weights,,0.5506445709615946,0.33984375,False,False,,constant_weights,,2112.3553074598312,0.001953125,False,False,,constant_weights,,1722.2644206285477,0.0,False,False,,constant_weights,,1917.3098640441895,0.0,False,False,,constant_weights,,189.72495587891632,0.015625,False,False
confirm-M-w128-d61319-s1002-g05-random,1,M,128,61319,1002,random,False,811.174310207367,1.5843248246237636,811.174310207367,-0.0,811.174310207367,0.0,1.0,0.0012008942663301624,6.6109835049520305e-06,,False,False,8.021791775281173e-07,,nonpositive_total_gain,,-683.2910046428442,1.0,False,False,0.0,,3.6742063358121085e-05,1548.5481942892075,0.00390625,True,False,0.009014504105521026,,2.126747961784692e-06,1568.2657284736633,0.0,False,False,0.0007040159491252958,,3.823421614674667e-06,1558.4069613814354,0.0,True,False,,nonpositive_total_gain,,-277.49086187058396,1.0,False,False
confirm-M-w128-d61319-s1002-g05-random,3,M,128,61319,1002,random,False,862.2337321043015,1.6840502580162138,862.2337321043015,-0.0,862.2337321043015,0.0,1.0,0.010345469104101827,1.6139222561799894e-05,,False,False,7.82310962677002e-07,,nonpositive_total_gain,,-437.1775804013014,1.0,False,False,0.0,,2.1513702938854618e-05,1530.091603398323,0.0,True,False,0.01655474711074239,,4.148509860289415e-06,1493.7871667146683,0.0,False,False,0.00783615819063228,,1.0272562926756842e-05,1511.9393850564957,0.0,False,False,,nonpositive_total_gain,,-226.43143997364945,0.990234375,False,False
confirm-M-w128-d61319-s1002-g05-random,5,M,128,61319,1002,random,False,882.2882549762726,1.7232192480005324,882.2882549762726,-0.0,882.2882549762726,0.0,1.0,0.01818919085178472,2.97899906274968e-05,,False,False,8.891026179735917e-07,,nonpositive_total_gain,,-359.5639730244875,1.0,False,False,0.0044485696500899605,,3.443689822326195e-05,1538.8270996809006,0.001953125,False,False,0.023135506672418704,,1.0294729659583485e-05,1467.6016381978989,0.0,False,False,0.013583832153171306,,2.0053280821498714e-05,1503.2143689393997,0.0,False,False,,nonpositive_total_gain,,-206.37691662484116,0.96875,False,False
confirm-M-w128-d61319-s1002-g05-random,10,M,128,61319,1002,random,False,962.8163928985596,1.8805007673799992,962.8163928985596,-0.0,962.8163928985596,0.0,1.0,0.022078444026096287,3.2067108006717566e-05,,False,False,8.39432080734781e-07,,nonpositive_total_gain,,-233.117745667696,1.0,False,False,0.008402523384076325,,4.37138153874818e-05,1583.8923054933548,0.005859375,False,False,0.026457001959424464,,1.175853902026101e-05,1537.6746158599854,0.0,False,False,0.017312231814086997,,2.450173345804223e-05,1560.78346067667,0.0,False,False,,nonpositive_total_gain,,-125.84877786808914,0.876953125,False,False
confirm-M-w128-d61319-s1002-g05-random,20,M,128,61319,1002,random,False,1046.1865870952606,2.043333177920431,1046.1865870952606,-0.0,1046.1865870952606,0.0,1.0,0.04198601532511412,7.961584794993485e-05,,False,False,7.425745329747713e-07,,nonpositive_total_gain,,-118.99877570569515,1.0,False,False,0.02941873146000438,,0.00011886881684950617,1656.108521580696,0.005859375,False,False,0.04249076847566448,,3.727697934425372e-05,1601.4500164985657,0.0,False,False,0.0358634091148972,,7.161122983333294e-05,1628.779269039631,0.0,False,False,,nonpositive_total_gain,,-42.478585101899526,0.65234375,False,False
confirm-M-w128-d61319-s1002-g05-random,30,M,128,61319,1002,random,False,1077.6949791908264,2.104873006232083,1077.6949791908264,-0.0,1077.6949791908264,0.0,1.0,0.08530826443288876,0.00023185843587985978,,False,False,7.549921670069182e-07,,nonpositive_total_gain,,-65.45174584537745,1.0,False,False,0.073974885373307,,0.0003368981474030245,1687.0057334899902,0.009765625,False,False,0.08821613627761404,,0.00012979733180564762,1611.5309470891953,0.00390625,False,False,0.08095860173650825,,0.00022209052415574106,1649.2683402895927,0.0,False,False,,nonpositive_total_gain,,-10.970192887124442,0.591796875,False,False
confirm-M-w128-d61319-s1002-g05-uniform,1,M,128,61319,1002,uniform,False,814.6024421453476,1.591020394815132,814.6024421453476,-0.0,814.6024421453476,0.0,1.0,,,constant_weights,False,False,8.841355640942794e-07,,constant_weights,,-666.0876003354788,1.0,False,False,,constant_weights,,1549.790908575058,0.005859375,False,False,,constant_weights,,1560.1040035486221,0.0,False,False,,constant_weights,,1554.94745606184,0.0,False,False,,constant_weights,,-274.0627299326033,1.0,False,False
confirm-M-w128-d61319-s1002-g05-uniform,3,M,128,61319,1002,uniform,False,889.9333871603012,1.7381511467974633,889.9333871603012,-0.0,889.9333871603012,0.0,1.0,,,constant_weights,False,False,6.82969887977336e-07,,constant_weights,,-393.7628235667944,1.0,False,False,,constant_weights,,1567.0125861167908,0.0,False,False,,constant_weights,,1496.550384402275,0.0,False,False,,constant_weights,,1531.781485259533,0.0,False,False,,constant_weights,,-198.7317849176497,0.986328125,False,False
confirm-M-w128-d61319-s1002-g05-uniform,5,M,128,61319,1002,uniform,False,955.074479341507,1.8653798424638808,955.074479341507,-0.0,955.074479341507,0.0,1.0,,,constant_weights,False,False,7.996956505884611e-07,,constant_weights,,-267.34878881275654,1.0,False,False,,constant_weights,,1600.898852944374,0.001953125,False,False,,constant_weights,,1531.6733520030975,0.0,False,False,,constant_weights,,1566.2861024737358,0.0,False,False,,constant_weights,,-133.59069285565323,0.943359375,False,False
confirm-M-w128-d61319-s1002-g05-uniform,10,M,128,61319,1002,uniform,False,1079.430370926857,2.1082624432165176,1079.430370926857,-0.0,1079.430370926857,0.0,1.0,,,constant_weights,False,False,8.344650268554688e-07,,constant_weights,,-50.14933393150568,1.0,False,False,,constant_weights,,1652.7762013673782,0.005859375,False,False,,constant_weights,,1635.664225578308,0.0,False,False,,constant_weights,,1644.2202134728432,0.0,False,False,,constant_weights,,-9.23480329686106,0.607421875,False,False
confirm-M-w128-d61319-s1002-g05-uniform,20,M,128,61319,1002,uniform,False,1174.066355586052,2.2930983507540077,1174.066355586052,-0.0,1174.066355586052,0.0,1.0,,,constant_weights,False,False,8.419156074523926e-07,,constant_weights,,-14.142524383962154,1.0,False,False,,constant_weights,,1862.9759489297867,0.00390625,False,False,,constant_weights,,1673.3656418323517,0.0,False,False,,constant_weights,,1768.1707953810692,0.0,False,False,,constant_weights,,85.40118565386828,0.107421875,False,False
confirm-M-w128-d61319-s1002-g05-uniform,30,M,128,61319,1002,uniform,False,1260.8950411081314,2.462685627164319,1260.8950411081314,-0.0,1260.8950411081314,0.0,1.0,,,constant_weights,False,False,9.387731552124023e-07,,constant_weights,,-8.676521755754948,0.9375,False,False,,constant_weights,,2072.9279385209084,0.001953125,False,False,,constant_weights,,1718.4336980581284,0.0,False,False,,constant_weights,,1895.6808182895184,0.0,False,False,,constant_weights,,172.22986843413406,0.021484375,False,False
confirm-M-w128-d61319-s1003-g04-random,1,M,128,61319,1003,random,False,816.3153493404388,1.5943659166805446,816.3153493404388,-0.0,816.3153493404388,0.0,1.0,0.006693686800450592,4.36900674737807e-06,,False,False,8.220473926012772e-07,,nonpositive_total_gain,,-716.1432683207095,1.0,False,False,0.0058513717524804,,4.761143490843649e-06,1563.2129502296448,0.005859375,False,False,0.003612687744862283,,2.276798098113584e-06,1601.8763539791107,0.0,False,False,0.004718096600625516,,2.387521043694291e-06,1582.5446521043777,0.0,False,False,,nonpositive_total_gain,,-285.13269279175705,1.0,False,False
confirm-M-w128-d61319-s1003-g04-random,3,M,128,61319,1003,random,False,871.8027136325836,1.7027396750636399,871.8027136325836,-0.0,871.8027136325836,0.0,1.0,0.013796899840298926,8.708757297958076e-06,,False,False,7.649262745434982e-07,,nonpositive_total_gain,,-443.7017894126475,1.0,False,False,0.012090533888282535,,5.197872218798607e-06,1544.1116708517075,0.0,False,False,0.00927531970389155,,7.291512245835285e-06,1514.9982442855835,0.0,False,False,0.010696784305293229,,5.319876114901135e-06,1529.5549575686455,0.0,False,False,,nonpositive_total_gain,,-229.64532849961228,0.998046875,False,False
confirm-M-w128-d61319-s1003-g04-random,5,M,128,61319,1003,random,False,891.8431018590927,1.7418810583185405,891.8431018590927,-0.0,891.8431018590927,0.0,1.0,0.018312178408534767,1.2177622466099266e-05,,False,False,8.717179298400879e-07,,nonpositive_total_gain,,-390.9886548258364,1.0,False,False,0.015320923949903906,,8.189913508983157e-06,1563.5364426374435,0.0,False,False,0.01351491816470144,,1.0505657171074339e-05,1502.981496334076,0.0,False,False,0.014436038392185116,,8.160597982094182e-06,1533.2589694857597,0.0,False,False,,nonpositive_total_gain,,-209.60493979626602,0.978515625,False,False
confirm-M-w128-d61319-s1003-g04-random,10,M,128,61319,1003,random,False,977.8697309494019,1.9099018182605505,977.8697309494019,-0.0,977.8697309494019,0.0,1.0,0.023767734568478742,1.6105943021926534e-05,,False,False,8.381903171539307e-07,,nonpositive_total_gain,,-230.77126697078347,1.0,False,False,0.019739717919096622,,1.198222720623717e-05,1597.1305623054504,0.00390625,False,False,0.02079739620541536,,1.3427011427587008e-05,1567.2498743534088,0.0,False,False,0.020263446591437258,,1.159485280352426e-05,1582.1902183294296,0.0,False,False,,nonpositive_total_gain,,-123.57831201725907,0.888671875,False,False
confirm-M-w128-d61319-s1003-g04-random,20,M,128,61319,1003,random,False,1082.3418899774551,2.113949003862217,1082.3418899774551,-0.0,1082.3418899774551,0.0,1.0,0.04500960319553722,5.889172040865865e-05,,False,False,8.07146231185385e-07,,nonpositive_total_gain,,-72.34720907732844,1.0,False,False,0.043936143037395736,,6.271410983421563e-05,1688.7833049297333,0.00390625,False,False,0.03942226707069629,,4.783692965096813e-05,1630.5895606279373,0.0,False,False,0.04171677069836613,,5.3734219117504615e-05,1659.6864327788353,0.0,False,False,,nonpositive_total_gain,,-19.10615245276393,0.603515625,False,False
confirm-M-w128-d61319-s1003-g04-random,30,M,128,61319,1003,random,False,1103.8854781389236,2.1560263244900852,1103.8854781389236,-0.0,1103.8854781389236,0.0,1.0,0.09945153978413238,0.00018905541627755885,,False,False,8.667508759607756e-07,,nonpositive_total_gain,,-46.1774447709322,0.998046875,False,False,0.09311595539311383,,0.0001667257279902377,1738.7605730295181,0.005859375,False,False,0.09811398411754574,,0.00020979652244136295,1619.0732826143503,0.001953125,False,False,0.09552216259434691,,0.0001849335908860238,1678.9169278219342,0.0,False,False,8.0,,694.5845681778146,2.4374366623788823,0.56640625,False,True
confirm-M-w128-d61319-s1003-g04-uniform,1,M,128,61319,1003,uniform,False,829.7397863864899,1.620585520286113,829.7397863864899,-0.0,829.7397863864899,0.0,1.0,,,constant_weights,False,False,7.947285971532381e-07,,constant_weights,,-662.5725394226611,1.0,False,False,,constant_weights,,1564.846819281578,0.005859375,False,False,,constant_weights,,1586.9450656175613,0.0,False,False,,constant_weights,,1575.8959424495697,0.0,False,False,,constant_weights,,-271.708255745706,1.0,False,False
confirm-M-w128-d61319-s1003-g04-uniform,3,M,128,61319,1003,uniform,False,899.6060568094254,1.757043079705909,899.6060568094254,-0.0,899.6060568094254,0.0,1.0,,,constant_weights,False,False,8.23289155960083e-07,,constant_weights,,-402.84617469087243,1.0,False,False,,constant_weights,,1589.2084619998932,0.0,False,False,,constant_weights,,1512.4558502435684,0.0,False,False,,constant_weights,,1550.8321561217308,0.0,False,False,,constant_weights,,-201.84198532277054,0.982421875,False,False
confirm-M-w128-d61319-s1003-g04-uniform,5,M,128,61319,1003,uniform,False,962.0301115512848,1.878965061623603,962.0301115512848,-0.0,962.0301115512848,0.0,1.0,,,constant_weights,False,False,8.021791777501619e-07,,constant_weights,,-280.43700087442994,1.0,False,False,,constant_weights,,1614.0485336780548,0.001953125,False,False,,constant_weights,,1552.4787811040878,0.0,False,False,,constant_weights,,1583.2636573910713,0.0,False,False,,constant_weights,,-139.4179305809111,0.955078125,False,False
confirm-M-w128-d61319-s1003-g04-uniform,10,M,128,61319,1003,uniform,False,1095.098133802414,2.1388635425828397,1095.098133802414,-0.0,1095.098133802414,0.0,1.0,,,constant_weights,False,False,8.791685104370117e-07,,constant_weights,,-48.60990446433425,1.0,False,False,,constant_weights,,1672.5479719638824,0.005859375,False,False,,constant_weights,,1661.3563401699066,0.0,False,False,,constant_weights,,1666.9521560668945,0.0,False,False,,constant_weights,,-6.349903322991736,0.58203125,False,False
confirm-M-w128-d61319-s1003-g04-uniform,20,M,128,61319,1003,uniform,False,1190.915121793747,2.326006097253412,1190.915121793747,-0.0,1190.915121793747,0.0,1.0,,,constant_weights,False,False,8.369485535730803e-07,,constant_weights,,-9.015312425792217,0.9296875,False,False,,constant_weights,,1885.9457001686096,0.0,False,False,,constant_weights,,1695.8149588108063,0.0,False,False,,constant_weights,,1790.880329489708,0.0,False,False,,constant_weights,,89.46707906550463,0.08984375,False,False
confirm-M-w128-d61319-s1003-g04-uniform,30,M,128,61319,1003,uniform,False,1296.2050122022629,2.5316504144575447,1296.2050122022629,-0.0,1296.2050122022629,0.0,1.0,,,constant_weights,False,False,9.313225746154785e-07,,constant_weights,,-1.2564744874835014,0.501953125,False,False,,constant_weights,,2142.415857732296,0.0,False,False,,constant_weights,,1747.4556401968002,0.0,False,False,,constant_weights,,1944.935748964548,0.0,False,False,,constant_weights,,194.75697281188064,0.0234375,False,False
confirm-M-w128-d61319-s1003-g05-random,1,M,128,61319,1003,random,False,816.1097342967987,1.593964324798435,816.1097342967987,-0.0,816.1097342967987,0.0,1.0,0.006692324953914175,4.369992899354925e-06,,False,False,7.649262745434982e-07,,nonpositive_total_gain,,-716.6275382973254,1.0,False,False,0.005849593530979771,,4.763397357649033e-06,1563.1510646343231,0.005859375,False,False,0.0036117840625668786,,2.277121307732188e-06,1601.8056552410126,0.0,False,False,0.004716762660745966,,2.38772932611388e-06,1582.4783599376678,0.0,False,False,,nonpositive_total_gain,,-285.3383078353972,1.0,False,False
confirm-M-w128-d61319-s1003-g05-random,3,M,128,61319,1003,random,False,871.4244430065155,1.7020008652471006,871.4244430065155,-0.0,871.4244430065155,0.0,1.0,0.013806445955084502,8.700671381773282e-06,,False,False,8.021791775281173e-07,,nonpositive_total_gain,,-444.3302435018122,1.0,False,False,0.01209566264914843,,5.188212313963632e-06,1543.943581700325,0.0,False,False,0.009279557235618074,,7.294053535935023e-06,1514.6599856615067,0.0,False,False,0.010701553971510715,,5.3134848634625036e-06,1529.3017836809158,0.0,False,False,,nonpositive_total_gain,,-230.0235991256804,0.998046875,False,False
confirm-M-w128-d61319-s1003-g05-random,5,M,128,61319,1003,random,False,891.1924612522125,1.7406102758832276,891.1924612522125,-0.0,891.1924612522125,0.0,1.0,0.018301660015963873,1.2122840309634333e-05,,False,False,7.239480812604171e-07,,nonpositive_total_gain,,-392.8531587161124,1.0,False,False,0.015291401697508748,,8.145781700785444e-06,1563.4511555433273,0.0,False,False,0.013507194426923198,,1.0457786061373578e-05,1502.979368686676,0.0,False,False,0.01441717344759555,,8.112303576688232e-06,1533.2152621150017,0.0,False,False,,nonpositive_total_gain,,-210.25558099919266,0.98046875,False,False
confirm-M-w128-d61319-s1003-g05-random,10,M,128,61319,1003,random,False,974.8915797472,1.90408511669375,974.8915797472,-0.0,974.8915797472,0.0,1.0,0.02349898032878201,1.5771449958211575e-05,,False,False,8.23289155960083e-07,,nonpositive_total_gain,,-237.88350868597627,1.0,False,False,0.01946348217137369,,1.1762714582973092e-05,1595.615735054016,0.00390625,False,False,0.020531232239635995,,1.2969564610193116e-05,1566.942483663559,0.0,False,False,0.019992410690328165,,1.1272798008918775e-05,1581.2791093587875,0.0,False,False,,nonpositive_total_gain,,-126.55646286183304,0.892578125,False,False
confirm-M-w128-d61319-s1003-g05-random,20,M,128,61319,1003,random,False,1075.822845697403,2.10121649550274,1075.822845697403,-0.0,1075.822845697403,0.0,1.0,0.04233572646363078,5.2544240689740135e-05,,False,False,8.742014565576994e-07,,nonpositive_total_gain,,-86.25784827396274,1.0,False,False,0.04090435485115132,,5.569682494462561e-05,1683.02410531044,0.00390625,False,False,0.0367148362297498,,4.171065361046753e-05,1630.7022598981857,0.0,False,False,0.03884086984491421,,4.7209366443777335e-05,1656.863182604313,0.0,False,False,,nonpositive_total_gain,,-25.625198282536875,0.62109375,False,False
confirm-M-w128-d61319-s1003-g05-random,30,M,128,61319,1003,random,False,1101.1953600645065,2.1507721876259893,1101.1953600645065,-0.0,1101.1953600645065,0.0,1.0,0.08891723439793153,0.00017037523245432354,,False,False,9.189049401392424e-07,,nonpositive_total_gain,,-64.14612546935678,1.0,False,False,0.08281569992140422,,0.00014895335175414337,1739.8163791894913,0.005859375,False,False,0.08628966264279204,,0.0001846264771708204,1627.9157935082912,0.001953125,False,False,0.08449289165948771,,0.0001638883017170745,1683.8660863488913,0.0,False,False,,nonpositive_total_gain,,-0.2526855247587214,0.576171875,False,False
confirm-M-w128-d61319-s1003-g05-uniform,1,M,128,61319,1003,uniform,False,829.5805913209915,1.6202745924238116,829.5805913209915,-0.0,829.5805913209915,0.0,1.0,,,constant_weights,False,False,8.195638656616211e-07,,constant_weights,,-662.7929337956011,1.0,False,False,,constant_weights,,1564.7363080978394,0.005859375,False,False,,constant_weights,,1586.7983833551407,0.0,False,False,,constant_weights,,1575.76734572649,0.0,False,False,,constant_weights,,-271.8674508112044,1.0,False,False
confirm-M-w128-d61319-s1003-g05-uniform,3,M,128,61319,1003,uniform,False,899.1915432214737,1.7562334828544408,899.1915432214737,-0.0,899.1915432214737,0.0,1.0,,,constant_weights,False,False,7.251898448412675e-07,,constant_weights,,-403.93914649263024,1.0,False,False,,constant_weights,,1589.157346367836,0.0,False,False,,constant_weights,,1512.3564175367355,0.0,False,False,,constant_weights,,1550.7568819522858,0.0,False,False,,constant_weights,,-202.2564989107222,0.982421875,False,False
confirm-M-w128-d61319-s1003-g05-uniform,5,M,128,61319,1003,uniform,False,961.4561277627945,1.877843999536708,961.4561277627945,-0.0,961.4561277627945,0.0,1.0,,,constant_weights,False,False,7.338821887969971e-07,,constant_weights,,-281.90424709394574,1.0,False,False,,constant_weights,,1613.4605411291122,0.001953125,False,False,,constant_weights,,1552.8120678663254,0.0,False,False,,constant_weights,,1583.1363044977188,0.0,False,False,,constant_weights,,-139.99191460781998,0.955078125,False,False
confirm-M-w128-d61319-s1003-g05-uniform,10,M,128,61319,1003,uniform,False,1090.4410058259964,2.129767589503899,1090.4410058259964,-0.0,1090.4410058259964,0.0,1.0,,,constant_weights,False,False,8.617838225255525e-07,,constant_weights,,-56.81545760855079,1.0,False,False,,constant_weights,,1669.0876154899597,0.005859375,False,False,,constant_weights,,1659.0508451461792,0.0,False,False,,constant_weights,,1664.0692303180695,0.0,False,False,,constant_weights,,-11.007038094338782,0.615234375,False,False
confirm-M-w128-d61319-s1003-g05-uniform,20,M,128,61319,1003,uniform,False,1182.781760931015,2.3101206268183887,1182.781760931015,-0.0,1182.781760931015,0.0,1.0,,,constant_weights,False,False,8.381903171539307e-07,,constant_weights,,-16.054805923253298,1.0,False,False,,constant_weights,,1869.6433055400848,0.0,False,False,,constant_weights,,1694.7567672729492,0.0,False,False,,constant_weights,,1782.200036406517,0.0,False,False,,constant_weights,,81.33371748751698,0.103515625,False,False
confirm-M-w128-d61319-s1003-g05-uniform,30,M,128,61319,1003,uniform,False,1276.1613883972168,2.492502711713314,1276.1613883972168,-0.0,1276.1613883972168,0.0,1.0,,,constant_weights,False,False,8.593002953638518e-07,,constant_weights,,-10.847487952560186,0.99609375,False,False,,constant_weights,,2095.616133570671,0.0,False,False,,constant_weights,,1743.7155138254166,0.0,False,False,,constant_weights,,1919.6658236980438,0.0,False,False,,constant_weights,,174.71334686106735,0.02734375,False,False
confirm-M-w256-d61103-s1001-g04-random,1,M,256,61103,1001,random,False,1479.2987716197968,2.8892554133199155,1479.2987716197968,-0.0,1479.2987716197968,0.0,1.0,0.0015808794963476811,4.167485639021387e-06,,False,False,9.747842946161711e-07,,nonpositive_total_gain,,-763.7290444704704,1.0,False,False,0.0012147553922134853,,7.951486067106609e-06,2532.312458753586,0.0,False,False,0.0011769656473788596,,4.50814449513656e-06,2669.3128978013992,0.0,False,False,0.0011953434249892597,,2.900682018876917e-06,2600.8126782774925,0.0,False,False,,nonpositive_total_gain,,-294.43966791802353,1.0,False,False
confirm-M-w256-d61103-s1001-g04-random,3,M,256,61103,1001,random,False,1566.1918704509735,3.0589684969745576,1566.1918704509735,-0.0,1566.1918704509735,0.0,1.0,0.00818887524054485,3.5094411110298943e-06,,False,False,9.55536961555481e-07,,nonpositive_total_gain,,-411.46087310044095,1.0,False,False,0.008024486969033011,,8.478906464234224e-06,2548.9143130779266,0.0,False,False,0.006663293574555496,,1.5114544067590885e-06,2561.1221652030945,0.0,False,False,0.007341769309112341,,2.5453615820231884e-06,2555.0182391405106,0.0,False,False,,nonpositive_total_gain,,-207.54656908684677,0.96875,False,False
confirm-M-w256-d61103-s1001-g04-random,5,M,256,61103,1001,random,False,1628.7326921224594,3.1811185393016785,1628.7326921224594,-0.0,1628.7326921224594,0.0,1.0,0.013456493348912885,4.619302159925707e-06,,False,False,8.800998330116272e-07,,nonpositive_total_gain,,-279.48146769730374,1.0,False,False,0.012176817883761789,,1.0421084201261038e-05,2594.27438890934,0.0,False,False,0.011068754681113149,,1.8794250675882425e-06,2571.4051418304443,0.0,False,False,0.011624788221895794,,3.6952845469888606e-06,2582.839765369892,0.0,False,False,,nonpositive_total_gain,,-145.00574622326798,0.89453125,False,False
confirm-M-w256-d61103-s1001-g04-random,10,M,256,61103,1001,random,False,1774.1085897684097,3.4650558393914253,1774.1085897684097,-0.0,1774.1085897684097,0.0,1.0,0.0273633993289114,1.4260030191807083e-05,,False,False,1.0288010039438689e-06,,nonpositive_total_gain,,-52.95658291457221,1.0,False,False,0.03400928161621648,,3.201080847748075e-05,2674.604456603527,0.0,False,False,0.018344986708127058,,4.679328834211388e-06,2700.677902340889,0.001953125,False,False,0.026116834079682467,,1.3641403932238093e-05,2687.641179472208,0.0,False,False,8.0,,8048.4289532634,0.3701529127985097,0.53125,False,True
confirm-M-w256-d61103-s1001-g04-random,20,M,256,61103,1001,random,False,1849.5510680675507,3.612404429819435,1849.5510680675507,-0.0,1849.5510680675507,0.0,1.0,0.09470245826521287,6.566841844157506e-05,,False,False,1.0388903319835663e-06,,nonpositive_total_gain,,-23.14443326322362,1.0,False,False,0.09528485539185837,,6.422990278042505e-05,2847.0836058929563,0.001953125,False,False,0.09188889805215208,,7.324736634993052e-05,2724.714027918875,0.00390625,False,False,0.09362416065325824,,6.505366995561177e-05,2785.8988169059157,0.0,False,False,4.213393464315395,,1.0902818087186497,75.8126284924775,0.5078125,False,False
confirm-M-w256-d61103-s1001-g04-random,30,M,256,61103,1001,random,False,2032.3477613925934,3.969429221469909,2032.3477613925934,-0.0,2032.3477613925934,0.0,1.0,0.1293108775469307,4.999917268009285e-05,,False,False,1.149872938643881e-06,,nonpositive_total_gain,,-10.754409700166434,0.990234375,False,False,0.10240054303885202,,4.200053187297549e-05,3167.917464324273,0.001953125,False,False,0.1575226677830352,,7.5252608942452e-05,2939.8802292812616,0.01171875,False,False,0.1286897337634892,,4.9489748196102486e-05,3053.8988468027674,0.0,False,False,1.2840001884980956,,0.09394453141784191,258.60932419984334,0.3984375,False,False
confirm-M-w256-d61103-s1001-g04-uniform,1,M,256,61103,1001,uniform,False,1505.3299239873886,2.9400975077878684,1505.3299239873886,-0.0,1505.3299239873886,0.0,1.0,,,constant_weights,False,False,9.831661977877104e-07,,constant_weights,,-666.6842837664299,1.0,False,False,,constant_weights,,2531.416162252426,0.0,False,False,,constant_weights,,2651.257875442505,0.0,False,False,,constant_weights,,2591.3370188474655,0.0,False,False,,constant_weights,,-268.4085155504317,1.0,False,False
confirm-M-w256-d61103-s1001-g04-uniform,3,M,256,61103,1001,uniform,False,1626.9255520105362,3.1775889687705785,1626.9255520105362,-0.0,1626.9255520105362,0.0,1.0,,,constant_weights,False,False,1.021350423346945e-06,,constant_weights,,-358.37660745112225,1.0,False,False,,constant_weights,,2616.4056124687195,0.0,False,False,,constant_weights,,2622.747644662857,0.0,False,False,,constant_weights,,2619.5766285657883,0.0,False,False,,constant_weights,,-146.81288919621414,0.95703125,False,False
confirm-M-w256-d61103-s1001-g04-uniform,5,M,256,61103,1001,uniform,False,1746.625810623169,3.411378536373377,1746.625810623169,-0.0,1746.625810623169,0.0,1.0,,,constant_weights,False,False,9.300808110346281e-07,,constant_weights,,-106.17158063082024,1.0,False,False,,constant_weights,,2642.452323794365,0.0,False,False,,constant_weights,,2703.5966782569885,0.0,False,False,,constant_weights,,2673.0245010256767,0.0,False,False,,constant_weights,,-27.11262903386057,0.67578125,False,False
confirm-M-w256-d61103-s1001-g04-uniform,10,M,256,61103,1001,uniform,False,1905.8666987419128,3.7223958959802985,1905.8666987419128,-0.0,1905.8666987419128,0.0,1.0,,,constant_weights,False,False,1.0146759450435638e-06,,constant_weights,,-11.394546573515981,1.0,False,False,,constant_weights,,2948.5108321905136,0.0,False,False,,constant_weights,,2780.483800649643,0.001953125,False,False,,constant_weights,,2864.4973164200783,0.0,False,False,,constant_weights,,132.12825693911606,0.02734375,False,False
confirm-M-w256-d61103-s1001-g04-uniform,20,M,256,61103,1001,uniform,False,2210.71364235878,4.317800082731992,2210.71364235878,-0.0,2210.71364235878,0.0,1.0,,,constant_weights,False,False,1.0418395204325748e-06,,constant_weights,,-10.493699641432613,1.0,False,False,,constant_weights,,3767.275611843914,0.0,False,False,,constant_weights,,2875.3590049743652,0.001953125,False,False,,constant_weights,,3321.3173084091395,0.0,False,False,,constant_weights,,436.9752021057039,0.0,False,False
confirm-M-w256-d61103-s1001-g04-uniform,30,M,256,61103,1001,uniform,False,2508.854897737503,4.900107222143561,2508.854897737503,-0.0,2508.854897737503,0.0,1.0,,,constant_weights,False,False,9.813035530825687e-07,,constant_weights,,-2.019020482432097,0.845703125,False,False,,constant_weights,,3942.1388023616746,0.0,False,False,,constant_weights,,3586.444909349084,0.0,False,False,,constant_weights,,3764.2918558553793,0.0,False,False,,constant_weights,,735.1164607664081,0.0,False,False
confirm-M-w256-d61103-s1001-g05-random,1,M,256,61103,1001,random,False,1479.1439518928528,2.888953031040728,1479.1439518928528,-0.0,1479.1439518928528,0.0,1.0,0.0015832383259990028,4.168376878617127e-06,,False,False,9.747842946161711e-07,,nonpositive_total_gain,,-763.8453723522834,1.0,False,False,0.0012156548709263107,,7.95221890009163e-06,2532.15773332119,0.0,False,False,0.0011791003515413305,,4.510026666583393e-06,2669.1194944381714,0.0,False,False,0.001196877713199855,,2.9017604043861355e-06,2600.6386138796806,0.0,False,False,,nonpositive_total_gain,,-294.5944876449675,1.0,False,False
confirm-M-w256-d61103-s1001-g05-random,3,M,256,61103,1001,random,False,1565.8325177431107,3.058266636217013,1565.8325177431107,-0.0,1565.8325177431107,0.0,1.0,0.008181314424604853,3.5073488114179883e-06,,False,False,9.046246609578645e-07,,nonpositive_total_gain,,-411.98869967786595,1.0,False,False,0.008013232370617653,,8.478688180296947e-06,2548.7983400821686,0.0,False,False,0.006661323533943796,,1.5118763015717398e-06,2560.6879155635834,0.0,False,False,0.007335212237339687,,2.5436817904285124e-06,2554.743127822876,0.0,False,False,,nonpositive_total_gain,,-207.90592119866318,0.96875,False,False
confirm-M-w256-d61103-s1001-g05-random,5,M,256,61103,1001,random,False,1628.356433749199,3.180383659666404,1628.356433749199,-0.0,1628.356433749199,0.0,1.0,0.013409877768204712,4.578343312862018e-06,,False,False,9.350478649139404e-07,,nonpositive_total_gain,,-280.0434189173393,1.0,False,False,0.012134539436389827,,1.0375294447610992e-05,2593.7249134778976,0.0,False,False,0.011006569218177567,,1.8725185476368251e-06,2571.387812614441,0.0,False,False,0.01157253251217939,,3.661892646365247e-06,2582.5563630461693,0.0,False,False,,nonpositive_total_gain,,-145.38200495415634,0.900390625,False,False
confirm-M-w256-d61103-s1001-g05-random,10,M,256,61103,1001,random,False,1772.2586225271225,3.461442622123286,1772.2586225271225,-0.0,1772.2586225271225,0.0,1.0,0.02635901583322007,1.3218551732268152e-05,,False,False,1.1436641216278076e-06,,nonpositive_total_gain,,-57.42938749818131,1.0,False,False,0.03256287610423411,,2.9977263187411102e-05,2672.594151377678,0.0,False,False,0.017740807725044994,,4.2941493459746425e-06,2701.611095905304,0.001953125,False,False,0.02509169496150001,,1.2568566348262621e-05,2687.102623641491,0.0,False,False,,nonpositive_total_gain,,-1.479814268884077,0.544921875,False,False
confirm-M-w256-d61103-s1001-g05-random,20,M,256,61103,1001,random,False,1844.2139225006104,3.6019803173840046,1844.2139225006104,-0.0,1844.2139225006104,0.0,1.0,0.0898091780406334,6.764868874892519e-05,,False,False,9.757156171907866e-07,,nonpositive_total_gain,,-27.5412267758511,1.0,False,False,0.09109605226135682,,6.9636036914848e-05,2835.3248729258776,0.0,False,False,0.08610325458100371,,7.035514753981366e-05,2724.858095958829,0.00390625,False,False,0.08864778027066075,,6.677086376281759e-05,2780.0914844423532,0.0,False,False,4.410264856302385,,1.1468977839282375,70.47548101073798,0.513671875,False,False
confirm-M-w256-d61103-s1001-g05-random,30,M,256,61103,1001,random,False,2010.188704252243,3.926149812992662,2010.188704252243,-0.0,2010.188704252243,0.0,1.0,0.12503553695818131,2.822875515685545e-05,,False,False,1.0042761759976315e-06,,nonpositive_total_gain,,-14.870120962616056,1.0,False,False,0.10342888089166843,,2.6533723887044232e-05,3114.095074094832,0.001953125,False,False,0.14676664891251812,,4.1113375870071285e-05,2931.3411321155727,0.009765625,False,False,0.12427709855069598,,2.7736807054954255e-05,3022.7181031052023,0.0,False,False,1.4044804257685009,,0.10279255427345156,236.4502628219753,0.423828125,False,False
confirm-M-w256-d61103-s1001-g05-uniform,1,M,256,61103,1001,uniform,False,1505.2245473861694,2.939891694113612,1505.2245473861694,-0.0,1505.2245473861694,0.0,1.0,,,constant_weights,False,False,8.624047040939331e-07,,constant_weights,,-666.641727599781,1.0,False,False,,constant_weights,,2531.2737926244736,0.0,False,False,,constant_weights,,2651.041581392288,0.0,False,False,,constant_weights,,2591.157687008381,0.0,False,False,,constant_weights,,-268.51389215165085,1.0,False,False
confirm-M-w256-d61103-s1001-g05-uniform,3,M,256,61103,1001,uniform,False,1626.4131706953049,3.1765882240142673,1626.4131706953049,-0.0,1626.4131706953049,0.0,1.0,,,constant_weights,False,False,1.0319054126739502e-06,,constant_weights,,-359.01492175785825,1.0,False,False,,constant_weights,,2616.091913819313,0.0,False,False,,constant_weights,,2622.162502884865,0.0,False,False,,constant_weights,,2619.127208352089,0.0,False,False,,constant_weights,,-147.32526967698044,0.95703125,False,False
confirm-M-w256-d61103-s1001-g05-uniform,5,M,256,61103,1001,uniform,False,1744.6772549152374,3.407572763506323,1744.6772549152374,-0.0,1744.6772549152374,0.0,1.0,,,constant_weights,False,False,9.915481009592497e-07,,constant_weights,,-109.56401075376198,1.0,False,False,,constant_weights,,2640.795498728752,0.0,False,False,,constant_weights,,2702.8002591133118,0.0,False,False,,constant_weights,,2671.797878921032,0.0,False,False,,constant_weights,,-29.06118509941996,0.69140625,False,False
confirm-M-w256-d61103-s1001-g05-uniform,10,M,256,61103,1001,uniform,False,1901.8820416927338,3.7146133626811206,1901.8820416927338,-0.0,1901.8820416927338,0.0,1.0,,,constant_weights,False,False,1.0629494986424959e-06,,constant_weights,,-13.267076845746487,1.0,False,False,,constant_weights,,2939.379427075386,0.0,False,False,,constant_weights,,2779.533753156662,0.001953125,False,False,,constant_weights,,2859.456590116024,0.0,False,False,,constant_weights,,128.14360000914627,0.029296875,False,False
confirm-M-w256-d61103-s1001-g05-uniform,20,M,256,61103,1001,uniform,False,2187.9867899417877,4.273411699105054,2187.9867899417877,-0.0,2187.9867899417877,0.0,1.0,,,constant_weights,False,False,8.918965859194827e-07,,constant_weights,,-14.129968482535332,1.0,False,False,,constant_weights,,3712.5714907087386,0.0,False,False,,constant_weights,,2865.5188229084015,0.001953125,False,False,,constant_weights,,3289.04515680857,0.0,False,False,,constant_weights,,414.2483454567819,0.0,False,False
confirm-M-w256-d61103-s1001-g05-uniform,30,M,256,61103,1001,uniform,False,2479.1272547245026,4.842045419383794,2479.1272547245026,-0.0,2479.1272547245026,0.0,1.0,,,constant_weights,False,False,9.6453974673949e-07,,constant_weights,,-4.512993061449379,1.0,False,False,,constant_weights,,3932.7145991288126,0.0,False,False,,constant_weights,,3509.1801445782185,0.0,False,False,,constant_weights,,3720.9473718535155,0.0,False,False,,constant_weights,,705.3888135848077,0.0,False,False
confirm-M-w256-d61103-s1002-g04-random,1,M,256,61103,1002,random,False,1453.519492149353,2.838905258104205,1453.519492149353,-0.0,1453.519492149353,0.0,1.0,0.0,4.157188609838865e-06,,True,False,9.614353380094087e-07,,nonpositive_total_gain,,-808.8098078663461,1.0,False,False,0.0027724002070815676,,6.177306379438743e-06,2520.9680804014206,0.0,False,False,0.0,,6.2903040013450975e-06,2648.400237083435,0.0,True,False,0.0,,2.8675251380561447e-06,2584.684158742428,0.0,True,False,,nonpositive_total_gain,,-306.29968402558274,1.0,False,False
confirm-M-w256-d61103-s1002-g04-random,3,M,256,61103,1002,random,False,1554.479380607605,3.0360925402492285,1554.479380607605,-0.0,1554.479380607605,0.0,1.0,0.00744304927449017,2.215645811787177e-06,,False,False,1.239590346813202e-06,,nonpositive_total_gain,,-412.59746456099674,1.0,False,False,0.00905943301506502,,4.204919874738491e-06,2536.3601002693176,0.0,False,False,0.003792435313870253,,2.1651631021876545e-06,2539.675525665283,0.0,False,False,0.006425457719242149,,1.806447029676348e-06,2538.0178129673004,0.0,False,False,,nonpositive_total_gain,,-205.33979580574936,0.970703125,False,False
confirm-M-w256-d61103-s1002-g04-random,5,M,256,61103,1002,random,False,1607.8893427848816,3.140408872626722,1607.8893427848816,-0.0,1607.8893427848816,0.0,1.0,0.012675555504965644,3.0672312662699445e-06,,False,False,1.04090819741387e-06,,nonpositive_total_gain,,-326.5607140506618,1.0,False,False,0.013679328203717527,,3.9387201421275645e-06,2576.6355340480804,0.0,False,False,0.007613986663042492,,4.140250687074626e-06,2573.593217611313,0.0,False,False,0.01064984343987193,,2.5419357639688807e-06,2575.1143758296967,0.0,False,False,,nonpositive_total_gain,,-151.9298343437285,0.91015625,False,False
confirm-M-w256-d61103-s1002-g04-random,10,M,256,61103,1002,random,False,1738.3814256191254,3.3952762219123542,1738.3814256191254,-0.0,1738.3814256191254,0.0,1.0,0.028111277861035427,1.5103110427082864e-05,,False,False,9.359791874885559e-07,,nonpositive_total_gain,,-116.37776489881799,1.0,False,False,0.03368652347902783,,1.5243253323605903e-05,2669.699694097042,0.0,False,False,0.015901131324331144,,1.3424895522804279e-05,2661.822388648987,0.001953125,False,False,0.024800474105337103,,1.2674818342981205e-05,2665.7610413730145,0.0,False,False,,nonpositive_total_gain,,-21.437746562299154,0.60546875,False,False
confirm-M-w256-d61103-s1002-g04-random,20,M,256,61103,1002,random,False,1832.7158272266388,3.579523100052029,1832.7158272266388,-0.0,1832.7158272266388,0.0,1.0,0.09644295222543746,7.332380134701009e-05,,False,False,1.041218638420105e-06,,nonpositive_total_gain,,-39.895866504404694,1.0,False,False,0.09655585234091947,,5.3854977303260715e-05,2845.4357555396855,0.001953125,False,False,0.09116163200353496,,0.00010867332551015878,2692.6076223924756,0.001953125,False,False,0.09393895336456524,,7.382986828113422e-05,2769.0216889660805,0.0,False,False,4.277642567537385,,1.2076922614056311,72.8966493753224,0.515625,False,False
confirm-M-w256-d61103-s1002-g04-random,30,M,256,61103,1002,random,False,2018.9354803562164,3.943233360070735,2018.9354803562164,-0.0,2018.9354803562164,0.0,1.0,0.1273082470222649,4.971647468720999e-05,,False,False,1.0458752512931824e-06,,nonpositive_total_gain,,-14.896507599391043,0.984375,False,False,0.1063214569503513,,4.649490519934324e-05,3139.656503882259,0.00390625,False,False,0.1478916899145057,,6.346572181066083e-05,2932.0464664176106,0.005859375,False,False,0.12625316797103708,,4.870787728392858e-05,3035.851485149935,0.0,False,False,1.2027599778840132,,0.0815887330460282,259.1163039288923,0.39453125,False,False
confirm-M-w256-d61103-s1002-g04-uniform,1,M,256,61103,1002,uniform,False,1484.150729894638,2.898731894325465,1484.150729894638,-0.0,1484.150729894638,0.0,1.0,,,constant_weights,False,False,1.04090819741387e-06,,constant_weights,,-684.5570684368722,1.0,False,False,,constant_weights,,2517.8148735761642,0.0,False,False,,constant_weights,,2619.1944142580032,0.0,False,False,,constant_weights,,2568.5046439170837,0.0,False,False,,constant_weights,,-275.6684462802977,1.0,False,False
confirm-M-w256-d61103-s1002-g04-uniform,3,M,256,61103,1002,uniform,False,1610.9841760396957,3.1464534688275307,1610.9841760396957,-0.0,1610.9841760396957,0.0,1.0,,,constant_weights,False,False,1.0210399827847993e-06,,constant_weights,,-359.693215503823,1.0,False,False,,constant_weights,,2602.9403475522995,0.0,False,False,,constant_weights,,2589.7054047584534,0.0,False,False,,constant_weights,,2596.3228761553764,0.0,False,False,,constant_weights,,-148.83499977761215,0.962890625,False,False
confirm-M-w256-d61103-s1002-g04-uniform,5,M,256,61103,1002,uniform,False,1725.646285533905,3.3704029014334083,1725.646285533905,-0.0,1725.646285533905,0.0,1.0,,,constant_weights,False,False,1.2594585618863618e-06,,constant_weights,,-149.36536345584318,1.0,False,False,,constant_weights,,2642.4571722745895,0.0,False,False,,constant_weights,,2683.8470587730408,0.001953125,False,False,,constant_weights,,2663.152115523815,0.0,False,False,,constant_weights,,-34.17289314442576,0.72265625,False,False
confirm-M-w256-d61103-s1002-g04-uniform,10,M,256,61103,1002,uniform,False,1894.9078214168549,3.7009918387047946,1894.9078214168549,-0.0,1894.9078214168549,0.0,1.0,,,constant_weights,False,False,1.0762984556933475e-06,,constant_weights,,-15.124426804017276,1.0,False,False,,constant_weights,,2950.968234062195,0.0,False,False,,constant_weights,,2748.879679441452,0.001953125,False,False,,constant_weights,,2849.9239567518234,0.0,False,False,,constant_weights,,135.08864667243057,0.0390625,False,False
confirm-M-w256-d61103-s1002-g04-uniform,20,M,256,61103,1002,uniform,False,2205.0766978263855,4.306790425442159,2205.0766978263855,-0.0,2205.0766978263855,0.0,1.0,,,constant_weights,False,False,1.0225921869277954e-06,,constant_weights,,-8.148726174142212,0.998046875,False,False,,constant_weights,,3747.3487805724144,0.0,False,False,,constant_weights,,2876.0300612449646,0.001953125,False,False,,constant_weights,,3311.6894209086895,0.0,False,False,,constant_weights,,445.2575202805429,0.0,False,False
confirm-M-w256-d61103-s1002-g04-uniform,30,M,256,61103,1002,uniform,False,2503.1546890735626,4.888974002096802,2503.1546890735626,-0.0,2503.1546890735626,0.0,1.0,,,constant_weights,False,False,1.0672956705093384e-06,,constant_weights,,-4.471213232725859,0.9609375,False,False,,constant_weights,,3921.8646738640964,0.0,False,False,,constant_weights,,3592.0706417262554,0.0,False,False,,constant_weights,,3756.967657795176,0.0,False,False,,constant_weights,,743.3355174099537,0.0,False,False
confirm-M-w256-d61103-s1002-g05-random,1,M,256,61103,1002,random,False,1453.3510863780975,2.8385763405822217,1453.3510863780975,-0.0,1453.3510863780975,0.0,1.0,0.0,4.157469621032222e-06,,True,False,9.614353380094087e-07,,nonpositive_total_gain,,-808.9796616728418,1.0,False,False,0.0027733939628044116,,6.176649897289681e-06,2520.806903243065,0.0,False,False,0.0,,6.295187703328414e-06,2648.226037621498,0.0,True,False,0.0,,2.867641621455889e-06,2584.5164704322815,0.0,True,False,,nonpositive_total_gain,,-306.4680897968382,1.0,False,False
confirm-M-w256-d61103-s1002-g05-random,3,M,256,61103,1002,random,False,1554.0303426980972,3.035215513082221,1554.0303426980972,-0.0,1554.0303426980972,0.0,1.0,0.007443262581564563,2.2172228151487597e-06,,False,False,1.1601174869646513e-06,,nonpositive_total_gain,,-413.0533839757554,1.0,False,False,0.009060517166572944,,4.204627276583739e-06,2536.0655351877213,0.0,False,False,0.0037884763879697725,,2.167713081652066e-06,2539.078899025917,0.0,False,False,0.006424176138741829,,1.8069271563007338e-06,2537.572217106819,0.0,False,False,,nonpositive_total_gain,,-205.7888338344664,0.970703125,False,False
confirm-M-w256-d61103-s1002-g05-random,5,M,256,61103,1002,random,False,1607.3215816020966,3.139299964066595,1607.3215816020966,-0.0,1607.3215816020966,0.0,1.0,0.012597595044032756,3.0260761322924317e-06,,False,False,1.04090819741387e-06,,nonpositive_total_gain,,-328.5279835010879,1.0,False,False,0.01361025265489154,,3.9078271718441535e-06,2576.522507548332,0.0,False,False,0.007539818717672467,,4.071649082346668e-06,2573.970251917839,0.0,False,False,0.01057792155476358,,2.4992860860623417e-06,2575.2463797330856,0.0,False,False,,nonpositive_total_gain,,-152.4975936191649,0.912109375,False,False
confirm-M-w256-d61103-s1002-g05-random,10,M,256,61103,1002,random,False,1734.9521619081497,3.388578441226855,1734.9521619081497,-0.0,1734.9521619081497,0.0,1.0,0.027183978204107603,1.425787566337481e-05,,False,False,1.1601174869646513e-06,,nonpositive_total_gain,,-123.7116394485347,1.0,False,False,0.032549621758841754,,1.4257883504438194e-05,2665.397114753723,0.0,False,False,0.015168153863854464,,1.2639068763460467e-05,2663.1710233688354,0.001953125,False,False,0.023856603755589872,,1.1804447547571695e-05,2664.2840690612793,0.0,False,False,,nonpositive_total_gain,,-24.867015101251027,0.60546875,False,False
confirm-M-w256-d61103-s1002-g05-random,20,M,256,61103,1002,random,False,1829.9574221372604,3.574135590111837,1829.9574221372604,-0.0,1829.9574221372604,0.0,1.0,0.0909714975655803,7.502407994738104e-05,,False,False,1.0061388215909517e-06,,nonpositive_total_gain,,-44.66909121675417,1.0,False,False,0.09205577008281854,,5.873019307064131e-05,2835.184711806476,0.001953125,False,False,0.0845400211364266,,0.00010405667279532288,2699.3566569164395,0.001953125,False,False,0.0883955159537423,,7.539034502276894e-05,2767.270684361458,0.0,False,False,4.340055014229266,,1.1433267420742552,70.13824328011566,0.52734375,False,False
confirm-M-w256-d61103-s1002-g05-random,30,M,256,61103,1002,random,False,1996.9553810358047,3.900303478585556,1996.9553810358047,-0.0,1996.9553810358047,0.0,1.0,0.12387845619721768,3.201740718518534e-05,,False,False,1.0880952077130246e-06,,nonpositive_total_gain,,-21.837521327193826,1.0,False,False,0.1053780400053779,,2.9816553906883377e-05,3099.0323114059865,0.00390625,False,False,0.14085175267679767,,4.384891864312228e-05,2913.6713945381343,0.00390625,False,False,0.1224516173508658,,3.1109163668088586e-05,3006.3518529720604,0.0,False,False,1.3059693782698956,,0.09199637180617913,237.13620615727,0.41015625,False,False
confirm-M-w256-d61103-s1002-g05-uniform,1,M,256,61103,1002,uniform,False,1484.0561096668243,2.8985470891930163,1484.0561096668243,-0.0,1484.0561096668243,0.0,1.0,,,constant_weights,False,False,1.04090819741387e-06,,constant_weights,,-684.4430018956773,1.0,False,False,,constant_weights,,2517.651861190796,0.0,False,False,,constant_weights,,2618.959488749504,0.0,False,False,,constant_weights,,2568.30567497015,0.0,False,False,,constant_weights,,-275.7630665081114,1.0,False,False
confirm-M-w256-d61103-s1002-g05-uniform,3,M,256,61103,1002,uniform,False,1610.500119805336,3.145508046494797,1610.500119805336,-0.0,1610.500119805336,0.0,1.0,,,constant_weights,False,False,1.1005128421892607e-06,,constant_weights,,-360.7019742722623,1.0,False,False,,constant_weights,,2602.7183915376663,0.0,False,False,,constant_weights,,2589.483989238739,0.0,False,False,,constant_weights,,2596.1011903882027,0.0,False,False,,constant_weights,,-149.31905458146042,0.962890625,False,False
confirm-M-w256-d61103-s1002-g05-uniform,5,M,256,61103,1002,uniform,False,1723.5999788045883,3.3664062086027116,1723.5999788045883,-0.0,1723.5999788045883,0.0,1.0,,,constant_weights,False,False,1.1650845408439636e-06,,constant_weights,,-153.55186635581776,1.0,False,False,,constant_weights,,2641.0790218114853,0.0,False,False,,constant_weights,,2683.272834777832,0.001953125,False,False,,constant_weights,,2662.1759282946587,0.0,False,False,,constant_weights,,-36.2191915290922,0.732421875,False,False
confirm-M-w256-d61103-s1002-g05-uniform,10,M,256,61103,1002,uniform,False,1890.4219459295273,3.692230363143608,1890.4219459295273,-0.0,1890.4219459295273,0.0,1.0,,,constant_weights,False,False,1.0818863906969511e-06,,constant_weights,,-16.634320811834186,1.0,False,False,,constant_weights,,2940.1246611475945,0.0,False,False,,constant_weights,,2747.775516986847,0.001953125,False,False,,constant_weights,,2843.9500890672207,0.0,False,False,,constant_weights,,130.6027689201265,0.0390625,False,False
confirm-M-w256-d61103-s1002-g05-uniform,20,M,256,61103,1002,uniform,False,2186.5787966251373,4.270661712158471,2186.5787966251373,-0.0,2186.5787966251373,0.0,1.0,,,constant_weights,False,False,1.0300427675247192e-06,,constant_weights,,-10.096102659124881,1.0,False,False,,constant_weights,,3703.9262011796236,0.0,False,False,,constant_weights,,2865.9063133001328,0.001953125,False,False,,constant_weights,,3284.916257239878,0.0,False,False,,constant_weights,,426.75961818522507,0.0,False,False
confirm-M-w256-d61103-s1002-g05-uniform,30,M,256,61103,1002,uniform,False,2478.8415038585663,4.841487312223762,2478.8415038585663,-0.0,2478.8415038585663,0.0,1.0,,,constant_weights,False,False,9.726112084607053e-07,,constant_weights,,-6.446827305946499,1.0,False,False,,constant_weights,,3914.9911231901497,0.0,False,False,,constant_weights,,3527.9802386537194,0.0,False,False,,constant_weights,,3721.4856809219345,0.0,False,False,,constant_weights,,719.0223279891046,0.0,False,False
confirm-M-w256-d61103-s1003-g04-random,1,M,256,61103,1003,random,False,1463.187747836113,2.857788569992408,1463.187747836113,-0.0,1463.187747836113,0.0,1.0,0.003418936185023264,3.4377344420732983e-06,,False,False,9.772678217778719e-07,,nonpositive_total_gain,,-768.1205765148625,1.0,False,False,0.005758018121981437,,3.787320982845502e-06,2527.6218081712723,0.0,False,False,0.0,,2.610094822754021e-06,2630.0620028972626,0.0,True,False,0.0028109157569002514,,2.449930514988274e-06,2578.8419055342674,0.0,False,False,,nonpositive_total_gain,,-299.46636114293045,1.0,False,False
confirm-M-w256-d61103-s1003-g04-random,3,M,256,61103,1003,random,False,1559.2163175344467,3.0453443701844662,1559.2163175344467,-0.0,1559.2163175344467,0.0,1.0,0.010857630577177872,6.343297340697216e-06,,False,False,1.1703620352854216e-06,,nonpositive_total_gain,,-368.7797270556912,1.0,False,False,0.01170682948407405,,4.389976614051821e-06,2536.96584379673,0.0,False,False,0.005928758979915421,,7.28346636492672e-06,2509.462831377983,0.0,False,False,0.008835293090645652,,4.837047178709088e-06,2523.2143375873566,0.0,False,False,,nonpositive_total_gain,,-203.43779204064316,0.958984375,False,False
confirm-M-w256-d61103-s1003-g04-random,5,M,256,61103,1003,random,False,1623.967902302742,3.171812309185043,1623.967902302742,-0.0,1623.967902302742,0.0,1.0,0.015061859774549779,1.2835626930184485e-05,,False,False,1.130625605583191e-06,,nonpositive_total_gain,,-306.31313413288444,1.0,False,False,0.01485162668094889,,8.405658995351432e-06,2602.344985485077,0.0,False,False,0.009104579025439832,,1.2491473623286843e-05,2575.871831059456,0.0,False,False,0.011994202933273825,,9.196434678168656e-06,2589.1084082722664,0.0,False,False,,nonpositive_total_gain,,-138.68620667630142,0.88671875,False,False
confirm-M-w256-d61103-s1003-g04-random,10,M,256,61103,1003,random,False,1761.1829780340195,3.4398105039726943,1761.1829780340195,-0.0,1761.1829780340195,0.0,1.0,0.02951935415546482,3.069711805209985e-05,,False,False,1.1703620352854216e-06,,nonpositive_total_gain,,-70.71447263751179,1.0,False,False,0.03763616641352316,,3.446610804645894e-05,2678.8582711815834,0.0,False,False,0.017768440629005164,,2.3619636228138406e-05,2675.405113697052,0.001953125,False,False,0.02769718169120631,,2.78191125602414e-05,2677.1316924393177,0.0,False,False,,nonpositive_total_gain,,-1.471130408582109,0.578125,False,False
confirm-M-w256-d61103-s1003-g04-random,20,M,256,61103,1003,random,False,1840.2520965337753,3.59424237604253,1840.2520965337753,-0.0,1840.2520965337753,0.0,1.0,0.09387506933407515,0.00010753750552095699,,False,False,1.0272487998008728e-06,,nonpositive_total_gain,,-24.404679593630135,1.0,False,False,0.09780283238016531,,8.989837990320958e-05,2857.937180940062,0.0,False,False,0.0869081965875266,,0.00013410976710943656,2687.2237793132663,0.00390625,False,False,0.09252937256432432,,0.0001067312727015039,2772.580480126664,0.0,False,False,3.3771302513671384,,0.8006093167048197,77.59798836684521,0.501953125,False,False
confirm-M-w256-d61103-s1003-g04-random,30,M,256,61103,1003,random,False,2006.617047548294,3.919173920992762,2006.617047548294,-0.0,2006.617047548294,0.0,1.0,0.13525134458164056,6.77054758718895e-05,,False,False,1.0250757140894962e-06,,nonpositive_total_gain,,-14.053914972115308,0.986328125,False,False,0.11298577218972394,,6.048857690472323e-05,3147.5295891538262,0.00390625,False,False,0.1578300561020401,,8.576577902128688e-05,2886.375436121598,0.005859375,False,False,0.13426565148223313,,6.661796882966851e-05,3016.952512637712,0.0,False,False,1.2659505086752838,,0.10482243351561615,243.96293671964403,0.40625,False,False
confirm-M-w256-d61103-s1003-g04-uniform,1,M,256,61103,1003,uniform,False,1497.389053106308,2.924587994348258,1497.389053106308,-0.0,1497.389053106308,0.0,1.0,,,constant_weights,False,False,1.0576720037569487e-06,,constant_weights,,-645.7028947612271,1.0,False,False,,constant_weights,,2525.7135614156723,0.0,False,False,,constant_weights,,2612.15646982193,0.0,False,False,,constant_weights,,2568.935015618801,0.0,False,False,,constant_weights,,-265.26505599194473,1.0,False,False
confirm-M-w256-d61103-s1003-g04-uniform,3,M,256,61103,1003,uniform,False,1612.0025012493134,3.148442385252565,1612.0025012493134,-0.0,1612.0025012493134,0.0,1.0,,,constant_weights,False,False,1.1064112186431885e-06,,constant_weights,,-331.49079792108387,1.0,False,False,,constant_weights,,2602.7599524259567,0.0,False,False,,constant_weights,,2564.7383193969727,0.0,False,False,,constant_weights,,2583.7491359114647,0.0,False,False,,constant_weights,,-150.65160725289292,0.939453125,False,False
confirm-M-w256-d61103-s1003-g04-uniform,5,M,256,61103,1003,uniform,False,1743.8374418020248,3.4059325035195798,1743.8374418020248,-0.0,1743.8374418020248,0.0,1.0,,,constant_weights,False,False,1.0138998427500212e-06,,constant_weights,,-107.45426127593964,1.0,False,False,,constant_weights,,2654.1092077493668,0.0,False,False,,constant_weights,,2684.857356786728,0.001953125,False,False,,constant_weights,,2669.4832822680473,0.0,False,False,,constant_weights,,-18.81666681939066,0.658203125,False,False
confirm-M-w256-d61103-s1003-g04-uniform,10,M,256,61103,1003,uniform,False,1894.31178855896,3.6998277120292187,1894.31178855896,-0.0,1894.31178855896,0.0,1.0,,,constant_weights,False,False,1.0536362724522519e-06,,constant_weights,,-12.984990590251982,1.0,False,False,,constant_weights,,2946.0180317163467,0.0,False,False,,constant_weights,,2749.9023089408875,0.001953125,False,False,,constant_weights,,2847.960170328617,0.0,False,False,,constant_weights,,131.6576812488466,0.033203125,False,False
confirm-M-w256-d61103-s1003-g04-uniform,20,M,256,61103,1003,uniform,False,2202.2719292640686,4.301312361843884,2202.2719292640686,-0.0,2202.2719292640686,0.0,1.0,,,constant_weights,False,False,1.0617077350616455e-06,,constant_weights,,-6.94682630058378,1.0,False,False,,constant_weights,,3742.5324828885496,0.0,False,False,,constant_weights,,2871.2301079034805,0.001953125,False,False,,constant_weights,,3306.881295396015,0.0,False,False,,constant_weights,,439.61781933135086,0.0,False,False
confirm-M-w256-d61103-s1003-g04-uniform,30,M,256,61103,1003,uniform,False,2511.4764671325684,4.905227474868298,2511.4764671325684,-0.0,2511.4764671325684,0.0,1.0,,,constant_weights,False,False,1.0427708430071903e-06,,constant_weights,,-3.1698645781725645,0.927734375,False,False,,constant_weights,,3935.358438381925,0.0,False,False,,constant_weights,,3602.2408101409674,0.0,False,False,,constant_weights,,3768.7996242614463,0.0,False,False,,constant_weights,,748.8223589358362,0.0,False,False
confirm-M-w256-d61103-s1003-g05-random,1,M,256,61103,1003,random,False,1463.0122487545013,2.8574457983486354,1463.0122487545013,-0.0,1463.0122487545013,0.0,1.0,0.0034181502515136467,3.4390499000119925e-06,,False,False,9.854945042242491e-07,,nonpositive_total_gain,,-768.3988397261128,1.0,False,False,0.005757574357213429,,3.7879935618436124e-06,2527.4909110069275,0.0,False,False,0.0,,2.6106189312917662e-06,2629.944655418396,0.0,True,False,0.002809751703709237,,2.4502862695081555e-06,2578.7177832126617,0.0,False,False,,nonpositive_total_gain,,-299.6418602245421,1.0,False,False
confirm-M-w256-d61103-s1003-g05-random,3,M,256,61103,1003,random,False,1558.826321721077,3.0445826596114784,1558.826321721077,-0.0,1558.826321721077,0.0,1.0,0.010848279120452518,6.3587966725705764e-06,,False,False,1.0964771113286531e-06,,nonpositive_total_gain,,-368.8400246044621,1.0,False,False,0.011711038876229124,,4.390955071484188e-06,2536.654188990593,0.0,False,False,0.005917120651383388,,7.315869053533821e-06,2508.6647721529007,0.0,False,False,0.008831920848730832,,4.850047299532233e-06,2522.659480571747,0.0,False,False,,nonpositive_total_gain,,-203.82778821164078,0.958984375,False,False
confirm-M-w256-d61103-s1003-g05-random,5,M,256,61103,1003,random,False,1623.2613146305084,3.1704322551377118,1623.2613146305084,-0.0,1623.2613146305084,0.0,1.0,0.014990289958727848,1.2867759194798442e-05,,False,False,1.021350423346945e-06,,nonpositive_total_gain,,-307.1500156512484,1.0,False,False,0.014812267931280178,,8.39779298465003e-06,2601.533372282982,0.0,False,False,0.009061727801964348,,1.248323849883873e-05,2575.400570511818,0.0,False,False,0.011952918184242736,,9.191295607212186e-06,2588.4669713974,0.0,False,False,,nonpositive_total_gain,,-139.39279375248856,0.888671875,False,False
confirm-M-w256-d61103-s1003-g05-random,10,M,256,61103,1003,random,False,1758.7505997419357,3.4350597651209682,1758.7505997419357,-0.0,1758.7505997419357,0.0,1.0,0.028524007224470904,2.9281066061249485e-05,,False,False,1.0871638855824983e-06,,nonpositive_total_gain,,-75.90072642918676,1.0,False,False,0.03629182777808432,,3.272330504056277e-05,2675.6964218616486,0.0,False,False,0.01701399877948915,,2.2425284045326237e-05,2676.456073999405,0.001953125,False,False,0.026640862570076806,,2.6379383786343664e-05,2676.0762479305267,0.0,False,False,,nonpositive_total_gain,,-3.9035107272237717,0.583984375,False,False
confirm-M-w256-d61103-s1003-g05-random,20,M,256,61103,1003,random,False,1835.171007990837,3.5843183749821037,1835.171007990837,-0.0,1835.171007990837,0.0,1.0,0.08926051362178107,0.00010945642314991705,,False,False,9.890645742416382e-07,,nonpositive_total_gain,,-27.986942355521023,1.0,False,False,0.09385871500756927,,9.197416371441718e-05,2845.895702391863,0.0,False,False,0.08152998642169,,0.0001338314308834605,2687.6042485684156,0.00390625,False,False,0.08787588750835587,,0.00010810702339002818,2766.7499754801393,0.0,False,False,3.5060248764705415,,0.8341088663217987,72.51689922040995,0.5,False,False
confirm-M-w256-d61103-s1003-g05-random,30,M,256,61103,1003,random,False,1980.1963713169098,3.8675710377283394,1980.1963713169098,-0.0,1980.1963713169098,0.0,1.0,0.13216437090506727,5.637866086735869e-05,,False,False,1.0114163160324097e-06,,nonpositive_total_gain,,-15.685140522196889,1.0,False,False,0.11405758383997208,,4.80741859690907e-05,3094.020612284541,0.001953125,False,False,0.1499663537281853,,7.503404120757152e-05,2862.2536241859198,0.009765625,False,False,0.13118382048542088,,5.547354508090788e-05,2978.1371182352304,0.0,False,False,1.4140959055310498,,0.12881450949439022,217.54226274578568,0.421875,False,False
confirm-M-w256-d61103-s1003-g05-uniform,1,M,256,61103,1003,uniform,False,1497.2944840192795,2.9244032891001552,1497.2944840192795,-0.0,1497.2944840192795,0.0,1.0,,,constant_weights,False,False,9.781991443524873e-07,,constant_weights,,-645.5832334300503,1.0,False,False,,constant_weights,,2525.5427482128143,0.0,False,False,,constant_weights,,2611.9239275455475,0.0,False,False,,constant_weights,,2568.733337879181,0.0,False,False,,constant_weights,,-265.35962484055466,1.0,False,False
confirm-M-w256-d61103-s1003-g05-uniform,3,M,256,61103,1003,uniform,False,1611.572605729103,3.1476027455646545,1611.572605729103,-0.0,1611.572605729103,0.0,1.0,,,constant_weights,False,False,1.1026859283447266e-06,,constant_weights,,-332.24456163402647,1.0,False,False,,constant_weights,,2602.6346930265427,0.0,False,False,,constant_weights,,2564.3276559114456,0.0,False,False,,constant_weights,,2583.481174468994,0.0,False,False,,constant_weights,,-151.0815026538939,0.939453125,False,False
confirm-M-w256-d61103-s1003-g05-uniform,5,M,256,61103,1003,uniform,False,1741.8524255752563,3.4020555187016726,1741.8524255752563,-0.0,1741.8524255752563,0.0,1.0,,,constant_weights,False,False,1.105479896068573e-06,,constant_weights,,-110.32896372955292,1.0,False,False,,constant_weights,,2652.2945024967194,0.0,False,False,,constant_weights,,2683.591689348221,0.001953125,False,False,,constant_weights,,2667.94309592247,0.0,False,False,,constant_weights,,-20.80168960267008,0.673828125,False,False
confirm-M-w256-d61103-s1003-g05-uniform,10,M,256,61103,1003,uniform,False,1889.7374304533005,3.6908934188541025,1889.7374304533005,-0.0,1889.7374304533005,0.0,1.0,,,constant_weights,False,False,1.0138998431941104e-06,,constant_weights,,-14.759029409848154,1.0,False,False,,constant_weights,,2935.115236699581,0.0,False,False,,constant_weights,,2748.8560633659363,0.001953125,False,False,,constant_weights,,2841.9856500327587,0.0,False,False,,constant_weights,,127.08332052058275,0.03515625,False,False
confirm-M-w256-d61103-s1003-g05-uniform,20,M,256,61103,1003,uniform,False,2179.44828915596,4.2567349397577345,2179.44828915596,-0.0,2179.44828915596,0.0,1.0,,,constant_weights,False,False,9.918585419654846e-07,,constant_weights,,-9.438645776361227,1.0,False,False,,constant_weights,,3689.7078685835004,0.0,False,False,,constant_weights,,2858.075615644455,0.001953125,False,False,,constant_weights,,3273.8917421139777,0.0,False,False,,constant_weights,,416.7941790444284,0.0,False,False
confirm-M-w256-d61103-s1003-g05-uniform,30,M,256,61103,1003,uniform,False,2472.6276516914368,4.829350882209837,2472.6276516914368,-0.0,2472.6276516914368,0.0,1.0,,,constant_weights,False,False,1.0312845306614804e-06,,constant_weights,,-5.857232443057001,1.0,False,False,,constant_weights,,3920.181393120438,0.0,False,False,,constant_weights,,3503.5587600767612,0.0,False,False,,constant_weights,,3711.8700765985996,0.0,False,False,,constant_weights,,709.9735375118884,0.0,False,False
confirm-M-w256-d61211-s1001-g04-random,1,M,256,61211,1001,random,False,1472.8455684185028,2.8766515008173883,1472.8455684185028,-0.0,1472.8455684185028,0.0,1.0,0.009819088813277685,1.421520473615299e-06,,False,False,1.044633487712332e-06,,nonpositive_total_gain,,-800.5124185332097,1.0,False,False,0.006067244202675367,,5.105948528736812e-06,2577.0152757167816,0.0,False,False,0.01028132097089069,,2.4738492101738564e-06,2642.0337793827057,0.0,False,False,0.008196631596914479,,1.0304393789680253e-06,2609.5245275497437,0.0,False,False,,nonpositive_total_gain,,-301.09189531975693,1.0,False,False
confirm-M-w256-d61211-s1001-g04-random,3,M,256,61211,1001,random,False,1565.5866720676422,3.0577864688821137,1565.5866720676422,-0.0,1565.5866720676422,0.0,1.0,0.016260667485770687,2.8741559430130353e-06,,False,False,1.0843699178586519e-06,,nonpositive_total_gain,,-423.09649747097865,1.0,False,False,0.01163939325023498,,2.9273876185248533e-06,2563.9641584157944,0.0,False,False,0.01716733767025979,,6.220997929388881e-06,2555.892293214798,0.0,False,False,0.014393522686040872,,1.9600129030080466e-06,2559.928225815296,0.0,False,False,,nonpositive_total_gain,,-208.35079274350113,0.984375,False,False
confirm-M-w256-d61211-s1001-g04-random,5,M,256,61211,1001,random,False,1632.0130585432053,3.1875255049671978,1632.0130585432053,-0.0,1632.0130585432053,0.0,1.0,0.01961208733801354,6.036992015064618e-06,,False,False,9.850288429369414e-07,,nonpositive_total_gain,,-281.0083191492595,1.0,False,False,0.014799965935107625,,3.864405471327312e-06,2597.7432581186295,0.0,False,False,0.020167047017767628,,7.77252488465212e-06,2579.3041800260544,0.0,False,False,0.017469848809480056,,4.072780005532505e-06,2588.523719072342,0.0,False,False,,nonpositive_total_gain,,-141.92440531426377,0.91796875,False,False
confirm-M-w256-d61211-s1001-g04-random,10,M,256,61211,1001,random,False,1783.6607903242111,3.483712481101975,1783.6607903242111,-0.0,1783.6607903242111,0.0,1.0,0.03152544189462947,1.4463154057480343e-05,,False,False,9.99930004130789e-07,,nonpositive_total_gain,,-48.67879072809592,1.0,False,False,0.03138841418352034,,1.2594576672919991e-05,2711.717105269432,0.0,False,False,0.02949878380077048,,1.6275099848116e-05,2687.9440058469772,0.0,False,False,0.030448273455893064,,1.3069036892438502e-05,2699.8305555582047,0.0,False,False,8.0,,5.6556317051155975,9.723327062788597,0.5,False,True
confirm-M-w256-d61211-s1001-g04-random,20,M,256,61211,1001,random,False,1824.7316855192184,3.5639290732797235,1824.7316855192184,-0.0,1824.7316855192184,0.0,1.0,0.10597544154024681,9.556177709243078e-05,,False,False,9.853392839431763e-07,,nonpositive_total_gain,,-23.641731715295464,1.0,False,False,0.1034801758307913,,5.698431317241733e-05,2833.1203722134233,0.00390625,False,False,0.10630426306838418,,0.00014950906256417068,2664.7163589522243,0.00390625,False,False,0.10484353820025927,,9.409851602224652e-05,2748.9183655828238,0.0,False,False,6.17525134454731,,3.2117845346554876,50.79422192251977,0.53125,False,False
confirm-M-w256-d61211-s1001-g04-random,30,M,256,61211,1001,random,False,2026.7961802482605,3.958586289547384,2026.7961802482605,-0.0,2026.7961802482605,0.0,1.0,0.13828698144300522,4.714740630806595e-05,,False,False,1.0815759496907162e-06,,nonpositive_total_gain,,-14.279937407467514,0.984375,False,False,0.11168982993999318,,5.452610266503677e-05,3178.7014095615596,0.005859375,False,False,0.16583816970826615,,5.319177920093938e-05,2915.9670237377286,0.00390625,False,False,0.13727455890107781,,4.6105519285398e-05,3047.334216649644,0.0,False,False,1.324627979094923,,0.10163717367951632,252.858717527005,0.396484375,False,False
confirm-M-w256-d61211-s1001-g04-uniform,1,M,256,61211,1001,uniform,False,1498.2607678174973,2.9262905621435493,1498.2607678174973,-0.0,1498.2607678174973,0.0,1.0,,,constant_weights,False,False,1.0048970580101013e-06,,constant_weights,,-670.855348969344,1.0,False,False,,constant_weights,,2559.967438697815,0.0,False,False,,constant_weights,,2605.6701679229736,0.0,False,False,,constant_weights,,2582.8188033103943,0.0,False,False,,constant_weights,,-275.6766959207625,1.0,False,False
confirm-M-w256-d61211-s1001-g04-uniform,3,M,256,61211,1001,uniform,False,1621.0032333135605,3.166021940065548,1621.0032333135605,-0.0,1621.0032333135605,0.0,1.0,,,constant_weights,False,False,1.0048970580101013e-06,,constant_weights,,-377.2948814132251,1.0,False,False,,constant_weights,,2637.5296943187714,0.0,False,False,,constant_weights,,2602.7748254537582,0.0,False,False,,constant_weights,,2620.152259886265,0.0,False,False,,constant_weights,,-152.93423149758286,0.96484375,False,False
confirm-M-w256-d61211-s1001-g04-uniform,5,M,256,61211,1001,uniform,False,1746.663084745407,3.4114513373933733,1746.663084745407,-0.0,1746.663084745407,0.0,1.0,,,constant_weights,False,False,9.241824350247896e-07,,constant_weights,,-108.49882828304544,1.0,False,False,,constant_weights,,2667.705664873123,0.0,False,False,,constant_weights,,2680.782372355461,0.0,False,False,,constant_weights,,2674.244018614292,0.0,False,False,,constant_weights,,-27.274379350480444,0.712890625,False,False
confirm-M-w256-d61211-s1001-g04-uniform,10,M,256,61211,1001,uniform,False,1882.4574394226074,3.67667468637228,1882.4574394226074,-0.0,1882.4574394226074,0.0,1.0,,,constant_weights,False,False,9.319434566279483e-07,,constant_weights,,-12.268782739061862,1.0,False,False,,constant_weights,,2921.7887563705444,0.0,False,False,,constant_weights,,2737.852289199829,0.0,False,False,,constant_weights,,2829.8205227851868,0.0,False,False,,constant_weights,,108.51997508830125,0.0546875,False,False
confirm-M-w256-d61211-s1001-g04-uniform,20,M,256,61211,1001,uniform,False,2186.2776350975037,4.270073506049812,2186.2776350975037,-0.0,2186.2776350975037,0.0,1.0,,,constant_weights,False,False,1.016072928905487e-06,,constant_weights,,-9.995374768506736,1.0,False,False,,constant_weights,,3703.695027280599,0.0,False,False,,constant_weights,,2865.13320851326,0.0,False,False,,constant_weights,,3284.4141178969294,0.0,False,False,,constant_weights,,412.34017323679024,0.0,False,False
confirm-M-w256-d61211-s1001-g04-uniform,30,M,256,61211,1001,uniform,False,2525.563798427582,4.932741793803871,2525.563798427582,-0.0,2525.563798427582,0.0,1.0,,,constant_weights,False,False,1.0455648107310367e-06,,constant_weights,,-4.127643755637109,0.935546875,False,False,,constant_weights,,3974.660162033513,0.0,False,False,,constant_weights,,3606.1588223427534,0.0,False,False,,constant_weights,,3790.4094921881333,0.0,False,False,,constant_weights,,751.6263336387905,0.0,False,False
confirm-M-w256-d61211-s1001-g05-random,1,M,256,61211,1001,random,False,1472.628092288971,2.8762267427518964,1472.628092288971,-0.0,1472.628092288971,0.0,1.0,0.00982109801973632,1.4219717837722547e-06,,False,False,9.254241981615507e-07,,nonpositive_total_gain,,-800.8220534571446,1.0,False,False,0.0060678786683173724,,5.10602967828327e-06,2576.8575806617737,0.0,False,False,0.010282464307588612,,2.472564668366286e-06,2641.848701953888,0.0,False,False,0.008197514587078354,,1.0306355135529538e-06,2609.353141307831,0.0,False,False,,nonpositive_total_gain,,-301.3093714492888,1.0,False,False
confirm-M-w256-d61211-s1001-g05-random,3,M,256,61211,1001,random,False,1565.182801246643,3.0569976586848497,1565.182801246643,-0.0,1565.182801246643,0.0,1.0,0.01625653818817499,2.868473182684554e-06,,False,False,8.322919407000029e-07,,nonpositive_total_gain,,-423.4384583183564,1.0,False,False,0.011633444454452115,,2.928363237577531e-06,2563.6662024259567,0.0,False,False,0.017170720651155186,,6.2051456516016405e-06,2555.3206049203873,0.0,False,False,0.014392078381913597,,1.9569948430424754e-06,2559.493403673172,0.0,False,False,,nonpositive_total_gain,,-208.7546620147795,0.984375,False,False
confirm-M-w256-d61211-s1001-g05-random,5,M,256,61211,1001,random,False,1631.5342239141464,3.1865902810823172,1631.5342239141464,-0.0,1631.5342239141464,0.0,1.0,0.019529379331426622,5.96171850278422e-06,,False,False,1.0744358101000273e-06,,nonpositive_total_gain,,-283.2723064669408,1.0,False,False,0.014722610974443759,,3.840480684212134e-06,2597.9103243350983,0.0,False,False,0.020065400149946677,,7.717675813482567e-06,2579.964587330818,0.0,False,False,0.01738066335873155,,4.02874670884004e-06,2588.937455832958,0.0,False,False,,nonpositive_total_gain,,-142.40323934727616,0.91796875,False,False
confirm-M-w256-d61211-s1001-g05-random,10,M,256,61211,1001,random,False,1781.8614020347595,3.4801980508491397,1781.8614020347595,-0.0,1781.8614020347595,0.0,1.0,0.030658898615679442,1.366094552795148e-05,,False,False,9.91237660397104e-07,,nonpositive_total_gain,,-52.45200543710962,1.0,False,False,0.03026139515597276,,1.1753933623328342e-05,2709.368065595627,0.0,False,False,0.02884049053487589,,1.5562281047896393e-05,2688.6680978536606,0.0,False,False,0.029554102527344854,,1.2271776375221441e-05,2699.0180817246437,0.0,False,False,8.0,,8.388698389974742,7.9239382964998395,0.509765625,False,True
confirm-M-w256-d61211-s1001-g05-random,20,M,256,61211,1001,random,False,1823.4530882835388,3.5614318130537868,1823.4530882835388,-0.0,1823.4530882835388,0.0,1.0,0.10018844081814691,9.630212328652048e-05,,False,False,9.182840585708618e-07,,nonpositive_total_gain,,-29.332564630080014,1.0,False,False,0.09847839779769868,,6.051655112054726e-05,2825.957515411079,0.00390625,False,False,0.09934746783114429,,0.00014372606640776942,2673.734271556139,0.00390625,False,False,0.0988995361194413,,9.468289738952175e-05,2749.845893483609,0.0,False,False,6.151222052635183,,2.9472210606438507,49.5156263557702,0.53515625,False,False
confirm-M-w256-d61211-s1001-g05-random,30,M,256,61211,1001,random,False,2005.9681437015533,3.9179065306670964,2005.9681437015533,-0.0,2005.9681437015533,0.0,1.0,0.13499833483810558,3.2854210224085516e-05,,False,False,9.654710688700163e-07,,nonpositive_total_gain,,-18.410934987012297,1.0,False,False,0.11148504476931917,,3.6924823664417555e-05,3141.61749047786,0.005859375,False,False,0.15864163614667032,,4.724264063728533e-05,2894.6978156026453,0.001953125,False,False,0.13382422520413728,,3.20011884262792e-05,3018.1576530402526,0.0,False,False,1.446760374106499,,0.11422149759707088,232.03067715442472,0.41015625,False,False
confirm-M-w256-d61211-s1001-g05-uniform,1,M,256,61211,1001,uniform,False,1498.2039161920547,2.926179523812607,1498.2039161920547,-0.0,1498.2039161920547,0.0,1.0,,,constant_weights,False,False,9.133170046915495e-07,,constant_weights,,-670.603213454131,1.0,False,False,,constant_weights,,2559.803479909897,0.0,False,False,,constant_weights,,2605.4114413261414,0.0,False,False,,constant_weights,,2582.607460618019,0.0,False,False,,constant_weights,,-275.733547546205,1.0,False,False
confirm-M-w256-d61211-s1001-g05-uniform,3,M,256,61211,1001,uniform,False,1620.5384603738785,3.1651141804177314,1620.5384603738785,-0.0,1620.5384603738785,0.0,1.0,,,constant_weights,False,False,1.0247652730832613e-06,,constant_weights,,-378.22165560210124,1.0,False,False,,constant_weights,,2637.324261903763,0.0,False,False,,constant_weights,,2602.512728571892,0.0,False,False,,constant_weights,,2619.9184952378273,0.0,False,False,,constant_weights,,-153.39900348359055,0.966796875,False,False
confirm-M-w256-d61211-s1001-g05-uniform,5,M,256,61211,1001,uniform,False,1744.4738030433655,3.407175396569073,1744.4738030433655,-0.0,1744.4738030433655,0.0,1.0,,,constant_weights,False,False,9.977569184194124e-07,,constant_weights,,-112.21206390717998,1.0,False,False,,constant_weights,,2666.340211868286,0.0,False,False,,constant_weights,,2679.293216943741,0.0,False,False,,constant_weights,,2672.8167144060135,0.0,False,False,,constant_weights,,-29.46365854912699,0.720703125,False,False
confirm-M-w256-d61211-s1001-g05-uniform,10,M,256,61211,1001,uniform,False,1879.0749435424805,3.670068249106407,1879.0749435424805,-0.0,1879.0749435424805,0.0,1.0,,,constant_weights,False,False,9.561578431238615e-07,,constant_weights,,-13.937497046310455,1.0,False,False,,constant_weights,,2914.3162739276886,0.0,False,False,,constant_weights,,2736.8460042476654,0.0,False,False,,constant_weights,,2825.581139087677,0.0,False,False,,constant_weights,,105.13748171156938,0.060546875,False,False
confirm-M-w256-d61211-s1001-g05-uniform,20,M,256,61211,1001,uniform,False,2162.4632086753845,4.22356095444411,2162.4632086753845,-0.0,2162.4632086753845,0.0,1.0,,,constant_weights,False,False,1.0126580791691708e-06,,constant_weights,,-12.508173297625035,1.0,False,False,,constant_weights,,3646.8156047686934,0.0,False,False,,constant_weights,,2853.082140684128,0.0,False,False,,constant_weights,,3249.9488727264106,0.0,False,False,,constant_weights,,388.52574410265976,0.0,False,False
confirm-M-w256-d61211-s1001-g05-uniform,30,M,256,61211,1001,uniform,False,2486.5146629810333,4.856473951134831,2486.5146629810333,-0.0,2486.5146629810333,0.0,1.0,,,constant_weights,False,False,1.005207498572247e-06,,constant_weights,,-7.896650181617588,1.0,False,False,,constant_weights,,3959.6699441242963,0.0,False,False,,constant_weights,,3507.770651742816,0.0,False,False,,constant_weights,,3733.720297933556,0.0,False,False,,constant_weights,,712.5772009154291,0.0,False,False
confirm-M-w256-d61211-s1002-g04-random,1,M,256,61211,1002,random,False,1469.3396508693695,2.8698040056042373,1469.3396508693695,-0.0,1469.3396508693695,0.0,1.0,0.0005016716942761252,3.6551038418589386e-06,,True,False,1.373390356551596e-06,,nonpositive_total_gain,,-771.9974672892131,1.0,False,False,0.0,,6.72492236462373e-06,2554.6916667222977,0.0,True,False,0.002757474295185437,,4.696137195625804e-06,2625.3247706890106,0.0,False,False,5.3244514533402966e-05,,2.5004757948951665e-06,2590.008218705654,0.0,True,False,,nonpositive_total_gain,,-300.82484290772385,1.0,False,False
confirm-M-w256-d61211-s1002-g04-random,3,M,256,61211,1002,random,False,1565.1228008270264,3.056880470365286,1565.1228008270264,-0.0,1565.1228008270264,0.0,1.0,0.008441515215360424,4.3043961996172246e-06,,False,False,1.1386970677484953e-06,,nonpositive_total_gain,,-407.0529077448882,1.0,False,False,0.0033340315778719286,,5.596715055401782e-06,2560.2855672836304,0.0,False,False,0.010764188769355549,,2.7250340699801573e-06,2542.135777235031,0.0,False,False,0.007038287230302247,,2.589145342372008e-06,2551.2106722593307,0.0,False,False,,nonpositive_total_gain,,-205.04169306927628,0.9765625,False,False
confirm-M-w256-d61211-s1002-g04-random,5,M,256,61211,1002,random,False,1605.6354607343674,3.1360067592468113,1605.6354607343674,-0.0,1605.6354607343674,0.0,1.0,0.014447241813237387,9.11532969043188e-06,,False,False,1.2579063572992766e-06,,nonpositive_total_gain,,-284.8289874070324,1.0,False,False,0.008401295348233261,,8.759982637630678e-06,2568.421110510826,0.0,False,False,0.01580494865552457,,5.514290033727621e-06,2533.314283967018,0.0,False,False,0.012078714399376338,,5.950476689399519e-06,2550.867697238922,0.0,False,False,,nonpositive_total_gain,,-164.52903208905167,0.927734375,False,False
confirm-M-w256-d61211-s1002-g04-random,10,M,256,61211,1002,random,False,1761.055006980896,3.4395605605095625,1761.055006980896,-0.0,1761.055006980896,0.0,1.0,0.025512047999677823,2.0114688804494285e-05,,False,False,1.1675680675615752e-06,,nonpositive_total_gain,,-87.07129550958052,1.0,False,False,0.02176764708907726,,2.7568836651794266e-05,2700.0981535315514,0.0,False,False,0.024941881482010438,,1.3206140245239653e-05,2670.1381942033768,0.0,False,False,0.023347558524572765,,1.8089266890218207e-05,2685.118173867464,0.0,False,False,,nonpositive_total_gain,,-9.109484888848675,0.576171875,False,False
confirm-M-w256-d61211-s1002-g04-random,20,M,256,61211,1002,random,False,1799.0742884874344,3.5138169697020203,1799.0742884874344,-0.0,1799.0742884874344,0.0,1.0,0.10369205040920353,0.00010451791978386248,,False,False,1.1225541434178865e-06,,nonpositive_total_gain,,-22.25602291384712,1.0,False,False,0.09799433988127274,,9.001479120801703e-05,2785.7226822525263,0.0,False,False,0.10744670678456855,,0.00012473598311365941,2633.7562326788902,0.0,False,False,0.10257607917134037,,0.00010389538211106707,2709.7394574657083,0.0,False,False,8.0,,13.138628421690107,28.90979317552145,0.53125,False,True
confirm-M-w256-d61211-s1002-g04-random,30,M,256,61211,1002,random,False,1999.1339094638824,3.9045584169216454,1999.1339094638824,-0.0,1999.1339094638824,0.0,1.0,0.12846867128139416,4.089487009806766e-05,,False,False,1.3709068298339844e-06,,nonpositive_total_gain,,-10.559424116741866,0.9765625,False,False,0.1076166629207804,,3.723389668786804e-05,3128.4154577422887,0.0,False,False,0.14996550299318662,,5.5236185887136214e-05,2879.5457192845643,0.001953125,False,False,0.12775048624075852,,4.0376907708951834e-05,3003.9805885134265,0.0,False,False,1.376145408620025,,0.11942442915555773,228.96941430284375,0.388671875,False,False
confirm-M-w256-d61211-s1002-g04-uniform,1,M,256,61211,1002,uniform,False,1499.7617042064667,2.9292220785282552,1499.7617042064667,-0.0,1499.7617042064667,0.0,1.0,,,constant_weights,False,False,1.2371068200955904e-06,,constant_weights,,-675.8686222531833,1.0,False,False,,constant_weights,,2561.5637439489365,0.0,False,False,,constant_weights,,2613.5900161266327,0.0,False,False,,constant_weights,,2587.5768800377846,0.0,False,False,,constant_weights,,-270.4027895706267,1.0,False,False
confirm-M-w256-d61211-s1002-g04-uniform,3,M,256,61211,1002,uniform,False,1616.1912559270859,3.1566235467325896,1616.1912559270859,-0.0,1616.1912559270859,0.0,1.0,,,constant_weights,False,False,1.1604279279708862e-06,,constant_weights,,-365.0185126909055,1.0,False,False,,constant_weights,,2620.5348575115204,0.0,False,False,,constant_weights,,2593.057446718216,0.0,False,False,,constant_weights,,2606.796152114868,0.0,False,False,,constant_weights,,-153.97323832684464,0.958984375,False,False
confirm-M-w256-d61211-s1002-g04-uniform,5,M,256,61211,1002,uniform,False,1727.1983820199966,3.373434339882806,1727.1983820199966,-0.0,1727.1983820199966,0.0,1.0,,,constant_weights,False,False,1.387360195170828e-06,,constant_weights,,-144.97716282168403,1.0,False,False,,constant_weights,,2660.9882308244705,0.0,False,False,,constant_weights,,2665.5841060876846,0.0,False,False,,constant_weights,,2663.2861684560776,0.0,False,False,,constant_weights,,-42.96611271077097,0.78125,False,False
confirm-M-w256-d61211-s1002-g04-uniform,10,M,256,61211,1002,uniform,False,1869.064749956131,3.6505170897580683,1869.064749956131,-0.0,1869.064749956131,0.0,1.0,,,constant_weights,False,False,1.2793267769595218e-06,,constant_weights,,-12.244950341526419,1.0,False,False,,constant_weights,,2891.11500620842,0.0,False,False,,constant_weights,,2728.324229478836,0.0,False,False,,constant_weights,,2809.719617843628,0.0,False,False,,constant_weights,,98.90025713271197,0.060546875,False,False
confirm-M-w256-d61211-s1002-g04-uniform,20,M,256,61211,1002,uniform,False,2171.5367393493652,4.241282694041729,2171.5367393493652,-0.0,2171.5367393493652,0.0,1.0,,,constant_weights,False,False,1.2495244545718265e-06,,constant_weights,,-6.516259386669844,1.0,False,False,,constant_weights,,3702.1379118598998,0.0,False,False,,constant_weights,,2818.988585472107,0.0,False,False,,constant_weights,,3260.5632486660033,0.0,False,False,,constant_weights,,401.37224342650467,0.0,False,False
confirm-M-w256-d61211-s1002-g04-uniform,30,M,256,61211,1002,uniform,False,2515.2692651748657,4.91263528354466,2515.2692651748657,-0.0,2515.2692651748657,0.0,1.0,,,constant_weights,False,False,1.1973703903933597e-06,,constant_weights,,-4.06346690049395,0.966796875,False,False,,constant_weights,,3975.242706956342,0.0,False,False,,constant_weights,,3574.628584355116,0.0,False,False,,constant_weights,,3774.935645655729,0.0,False,False,,constant_weights,,745.1047726978989,0.0,False,False
confirm-M-w256-d61211-s1002-g05-random,1,M,256,61211,1002,random,False,1469.1596058607101,2.8694523551966995,1469.1596058607101,-0.0,1469.1596058607101,0.0,1.0,0.0005020300652592207,3.6550229751207926e-06,,True,False,1.1576339602470398e-06,,nonpositive_total_gain,,-772.1882194378413,1.0,False,False,0.0,,6.724671132798597e-06,2554.5296705961227,0.0,True,False,0.002758301079319147,,4.696011840349873e-06,2625.1374039649963,0.0,False,False,5.371094374566312e-05,,2.5004983936720758e-06,2589.8335372805595,0.0,True,False,,nonpositive_total_gain,,-301.0048879163832,1.0,False,False
confirm-M-w256-d61211-s1002-g05-random,3,M,256,61211,1002,random,False,1564.6988312005997,3.0560524046886712,1564.6988312005997,-0.0,1564.6988312005997,0.0,1.0,0.008430874483468836,4.293182842806202e-06,,False,False,1.2777745723724365e-06,,nonpositive_total_gain,,-407.878274241928,1.0,False,False,0.00333119394456146,,5.5882680113984795e-06,2560.162963986397,0.0,False,False,0.010754999680702027,,2.7296583975937066e-06,2541.811812400818,0.0,False,False,0.007032127171855288,,2.5869244831222063e-06,2550.9873881936073,0.0,False,False,,nonpositive_total_gain,,-205.46566269570297,0.978515625,False,False
confirm-M-w256-d61211-s1002-g05-random,5,M,256,61211,1002,random,False,1605.386866927147,3.135521224467084,1605.386866927147,-0.0,1605.386866927147,0.0,1.0,0.014340081882643362,9.05859526875605e-06,,False,False,1.3078873357663667e-06,,nonpositive_total_gain,,-287.0665555023588,1.0,False,False,0.008294462767303917,,8.723848569128475e-06,2569.08445084095,0.0,False,False,0.0157064202161228,,5.511615995354714e-06,2534.142719388008,0.0,False,False,0.011976130131647968,,5.927997448654454e-06,2551.613585114479,0.0,False,False,,nonpositive_total_gain,,-164.77762589627213,0.927734375,False,False
confirm-M-w256-d61211-s1002-g05-random,10,M,256,61211,1002,random,False,1758.5640124082565,3.434695336734876,1758.5640124082565,-0.0,1758.5640124082565,0.0,1.0,0.02461709445595308,1.906946881518222e-05,,False,False,1.2628734111785889e-06,,nonpositive_total_gain,,-92.76843805843964,1.0,False,False,0.020649831417767148,,2.610712119619569e-05,2697.697561085224,0.0,False,False,0.024198684439420144,,1.2428967894277933e-05,2670.762931704521,0.0,False,False,0.022417150333022724,,1.7031850519143683e-05,2684.2302463948727,0.0,False,False,,nonpositive_total_gain,,-11.600483156976116,0.591796875,False,False
confirm-M-w256-d61211-s1002-g05-random,20,M,256,61211,1002,random,False,1803.1773371696472,3.521830736659467,1803.1773371696472,-0.0,1803.1773371696472,0.0,1.0,0.09580091324188848,0.00010617679558495109,,False,False,1.289260883829968e-06,,nonpositive_total_gain,,-29.0281451982446,1.0,False,False,0.09101296000269035,,9.928414458990378e-05,2784.220028884709,0.0,False,False,0.09817386463141523,,0.00011570649461370793,2654.340150333941,0.0,False,False,0.0945024636487739,,0.00010498497674754866,2719.280089609325,0.0,False,False,8.0,,8.19509872035732,33.012844174864846,0.53125,False,True
confirm-M-w256-d61211-s1002-g05-random,30,M,256,61211,1002,random,False,1974.248250246048,3.8559536137618124,1974.248250246048,-0.0,1974.248250246048,0.0,1.0,0.1252793937058051,3.153937862677773e-05,,False,False,1.3395523028592038e-06,,nonpositive_total_gain,,-15.348560841288418,1.0,False,False,0.10792469734181476,,2.519499109659245e-05,3074.4914377480745,0.0,False,False,0.14248343506862982,,4.770752022417059e-05,2863.6018950790167,0.001953125,False,False,0.12446973028989256,,3.123643639930222e-05,2969.0466664135456,0.0,False,False,1.5435631947441335,,0.14788937410212902,204.08375790505403,0.408203125,False,False
confirm-M-w256-d61211-s1002-g05-uniform,1,M,256,61211,1002,uniform,False,1499.6583932638168,2.9290202993433923,1499.6583932638168,-0.0,1499.6583932638168,0.0,1.0,,,constant_weights,False,False,1.1585652828216553e-06,,constant_weights,,-675.7437030770816,1.0,False,False,,constant_weights,,2561.3810229301453,0.0,False,False,,constant_weights,,2613.337893486023,0.0,False,False,,constant_weights,,2587.359458208084,0.0,False,False,,constant_weights,,-270.5061005132765,1.0,False,False
confirm-M-w256-d61211-s1002-g05-uniform,3,M,256,61211,1002,uniform,False,1615.726324081421,3.155715476721525,1615.726324081421,-0.0,1615.726324081421,0.0,1.0,,,constant_weights,False,False,1.2777745723724365e-06,,constant_weights,,-365.8329603844322,1.0,False,False,,constant_weights,,2620.294867515564,0.0,False,False,,constant_weights,,2592.7170927524567,0.0,False,False,,constant_weights,,2606.5059801340103,0.0,False,False,,constant_weights,,-154.43817064934677,0.958984375,False,False
confirm-M-w256-d61211-s1002-g05-uniform,5,M,256,61211,1002,uniform,False,1725.318307042122,3.3697623184416443,1725.318307042122,-0.0,1725.318307042122,0.0,1.0,,,constant_weights,False,False,1.1576339602470398e-06,,constant_weights,,-148.96147942030802,1.0,False,False,,constant_weights,,2659.9285938739777,0.0,False,False,,constant_weights,,2664.987818837166,0.0,False,False,,constant_weights,,2662.4582063555717,0.0,False,False,,constant_weights,,-44.84618983441294,0.78515625,False,False
confirm-M-w256-d61211-s1002-g05-uniform,10,M,256,61211,1002,uniform,False,1865.6709510087967,3.643888576189056,1865.6709510087967,-0.0,1865.6709510087967,0.0,1.0,,,constant_weights,False,False,1.2939174967030453e-06,,constant_weights,,-13.94772293092683,1.0,False,False,,constant_weights,,2883.3333743810654,0.0,False,False,,constant_weights,,2727.627233982086,0.0,False,False,,constant_weights,,2805.480304181576,0.0,False,False,,constant_weights,,95.50645830458697,0.068359375,False,False
confirm-M-w256-d61211-s1002-g05-uniform,20,M,256,61211,1002,uniform,False,2149.7684786319733,4.198766559828073,2149.7684786319733,-0.0,2149.7684786319733,0.0,1.0,,,constant_weights,False,False,1.2063731746891904e-06,,constant_weights,,-9.383225552272052,1.0,False,False,,constant_weights,,3645.636555030942,0.0,False,False,,constant_weights,,2813.0521245002747,0.0,False,False,,constant_weights,,3229.3443397656083,0.0,False,False,,constant_weights,,379.6039834839731,0.0,False,False
confirm-M-w256-d61211-s1002-g05-uniform,30,M,256,61211,1002,uniform,False,2480.969343662262,4.845643249340355,2480.969343662262,-0.0,2480.969343662262,0.0,1.0,,,constant_weights,False,False,1.244557400248425e-06,,constant_weights,,-6.624095311854035,1.0,False,False,,constant_weights,,3963.9671939350665,0.0,False,False,,constant_weights,,3485.5649605095387,0.0,False,False,,constant_weights,,3724.7660772223026,0.0,False,False,,constant_weights,,710.8048510996134,0.0,False,False
confirm-M-w256-d61211-s1003-g04-random,1,M,256,61211,1003,random,False,1457.787009716034,2.847240253351629,1457.787009716034,-0.0,1457.787009716034,0.0,1.0,0.0,1.0962947942277794e-05,,True,False,1.062328616630026e-06,,nonpositive_total_gain,,-793.0579381235875,1.0,False,False,0.0,,1.9428655364733244e-05,2543.050981283188,0.0,True,False,0.0,,4.034919680792427e-06,2623.36801469326,0.0,True,False,0.0,,8.314983100751855e-06,2583.209497988224,0.0,True,False,,nonpositive_total_gain,,-308.4848832862944,1.0,False,False
confirm-M-w256-d61211-s1003-g04-random,3,M,256,61211,1003,random,False,1553.1729490756989,3.0335409161634743,1553.1729490756989,-0.0,1553.1729490756989,0.0,1.0,0.004165743689631804,1.920723545912446e-06,,False,False,1.0132789611816406e-06,,nonpositive_total_gain,,-395.86323058092967,1.0,False,False,0.00041129907587990637,,5.516364799880012e-06,2531.27004635334,0.0,True,False,0.005101316254218922,,2.335686061857244e-06,2524.112057685852,0.0,False,False,0.0027502676773008125,,1.5544612300556599e-06,2527.691052019596,0.0,False,False,,nonpositive_total_gain,,-213.09894416504807,0.96875,False,False
confirm-M-w256-d61211-s1003-g04-random,5,M,256,61211,1003,random,False,1589.4043880701065,3.1043054454494268,1589.4043880701065,-0.0,1589.4043880701065,0.0,1.0,0.011963296423087279,7.328840861112214e-06,,False,False,1.0725731649507964e-06,,nonpositive_total_gain,,-274.4978197836317,1.0,False,False,0.006584903357054297,,7.025780838863472e-06,2535.220731854439,0.0,False,False,0.012713114640091346,,8.26372306260273e-06,2507.4902925491333,0.0,False,False,0.009628137204668919,,5.529668595496418e-06,2521.355512201786,0.0,False,False,,nonpositive_total_gain,,-176.86750457459397,0.904296875,False,False
confirm-M-w256-d61211-s1003-g04-random,10,M,256,61211,1003,random,False,1736.387705564499,3.391382237430662,1736.387705564499,-0.0,1736.387705564499,0.0,1.0,0.023380096490994783,2.0950831447582463e-05,,False,False,1.0033448538671053e-06,,nonpositive_total_gain,,-66.89703994104639,1.0,False,False,0.02335865045805046,,2.527265776817267e-05,2637.9331971406937,0.0,False,False,0.02063464935406597,,1.7118912259225004e-05,2638.126963496208,0.0,False,False,0.021996573704214893,,1.8880177641262213e-05,2638.030080318451,0.0,False,False,,nonpositive_total_gain,,-29.884189523991953,0.634765625,False,False
confirm-M-w256-d61211-s1003-g04-random,20,M,256,61211,1003,random,False,1829.986193060875,3.5741917833220214,1829.986193060875,-0.0,1829.986193060875,0.0,1.0,0.08358623230969206,7.965603082014476e-05,,False,False,9.96515154838562e-07,,nonpositive_total_gain,,-31.671317021828145,1.0,False,False,0.08328601311672772,,5.034945990315354e-05,2823.8486164212227,0.0,False,False,0.08081246476527891,,0.00012081109932196642,2697.781321540475,0.0,False,False,0.08208096379200513,,7.874688341230947e-05,2760.814968980849,0.0,False,False,4.111747000859422,,1.2792530485161038,63.71430166042146,0.52734375,False,False
confirm-M-w256-d61211-s1003-g04-random,30,M,256,61211,1003,random,False,2021.769212603569,3.9487679933663458,2021.769212603569,-0.0,2021.769212603569,0.0,1.0,0.12836559088963123,5.7472880843159366e-05,,False,False,1.1113782720784116e-06,,nonpositive_total_gain,,-12.39975325530395,0.99609375,False,False,0.10354460551827437,,5.136884625573244e-05,3163.51665558666,0.001953125,False,False,0.15398955492368366,,7.572874861831693e-05,2914.1907726041973,0.005859375,False,False,0.1275501957308285,,5.660181591955514e-05,3038.8537140954286,0.0,False,False,1.212190494841948,,0.09421897763120156,255.49732137168493,0.39453125,False,False
confirm-M-w256-d61211-s1003-g04-uniform,1,M,256,61211,1003,uniform,False,1482.2419661283493,2.8950038400944322,1482.2419661283493,-0.0,1482.2419661283493,0.0,1.0,,,constant_weights,False,False,1.0405977568517244e-06,,constant_weights,,-711.8883863934316,1.0,False,False,,constant_weights,,2546.0398057699203,0.0,False,False,,constant_weights,,2612.574509382248,0.0,False,False,,constant_weights,,2579.307157576084,0.0,False,False,,constant_weights,,-284.02992687397904,1.0,False,False
confirm-M-w256-d61211-s1003-g04-uniform,3,M,256,61211,1003,uniform,False,1595.8684161901474,3.1169305003713816,1595.8684161901474,-0.0,1595.8684161901474,0.0,1.0,,,constant_weights,False,False,1.1523564658055818e-06,,constant_weights,,-432.6886460953392,1.0,False,False,,constant_weights,,2616.7833576202393,0.0,False,False,,constant_weights,,2603.5105764865875,0.0,False,False,,constant_weights,,2610.1469670534134,0.0,False,False,,constant_weights,,-170.40347645455307,0.974609375,False,False
confirm-M-w256-d61211-s1003-g04-uniform,5,M,256,61211,1003,uniform,False,1725.6088191270828,3.3703297248575836,1725.6088191270828,-0.0,1725.6088191270828,0.0,1.0,,,constant_weights,False,False,1.0828177132715666e-06,,constant_weights,,-137.96116719255224,1.0,False,False,,constant_weights,,2655.179705262184,0.0,False,False,,constant_weights,,2659.6079404354095,0.0,False,False,,constant_weights,,2657.393822848797,0.0,False,False,,constant_weights,,-40.66307399445475,0.7734375,False,False
confirm-M-w256-d61211-s1003-g04-uniform,10,M,256,61211,1003,uniform,False,1861.5022823810577,3.6357466452755034,1861.5022823810577,-0.0,1861.5022823810577,0.0,1.0,,,constant_weights,False,False,1.0747462511062622e-06,,constant_weights,,-12.425652601290494,1.0,False,False,,constant_weights,,2870.1166899204254,0.0,False,False,,constant_weights,,2726.8158462047577,0.0,False,False,,constant_weights,,2798.4662680625916,0.0,False,False,,constant_weights,,95.23039140528735,0.048828125,False,False
confirm-M-w256-d61211-s1003-g04-uniform,20,M,256,61211,1003,uniform,False,2179.191007375717,4.256232436280698,2179.191007375717,-0.0,2179.191007375717,0.0,1.0,,,constant_weights,False,False,9.98377799987793e-07,,constant_weights,,-8.106324616353959,0.998046875,False,False,,constant_weights,,3709.2979289852083,0.0,False,False,,constant_weights,,2836.3814644813538,0.0,False,False,,constant_weights,,3272.839696733281,0.0,False,False,,constant_weights,,412.9191191417604,0.0,False,False
confirm-M-w256-d61211-s1003-g04-uniform,30,M,256,61211,1003,uniform,False,2508.661984205246,4.899730437900871,2508.661984205246,-0.0,2508.661984205246,0.0,1.0,,,constant_weights,False,False,1.1604279279708862e-06,,constant_weights,,-3.591241978574544,0.923828125,False,False,,constant_weights,,3968.355815688148,0.0,False,False,,constant_weights,,3561.221420377493,0.0,False,False,,constant_weights,,3764.7886180328205,0.0,False,False,,constant_weights,,742.3900958818825,0.0,False,False
confirm-M-w256-d61211-s1003-g05-random,1,M,256,61211,1003,random,False,1457.606539964676,2.8468877733685076,1457.606539964676,-0.0,1457.606539964676,0.0,1.0,0.0,1.0967382258691065e-05,,True,False,9.636084237207854e-07,,nonpositive_total_gain,,-793.2908758171834,1.0,False,False,0.0,,1.943204704240343e-05,2542.914092540741,0.0,True,False,0.0,,4.034987632733358e-06,2623.1964309215546,0.0,True,False,0.0,,8.316188167439346e-06,2583.0552617311478,0.0,True,False,,nonpositive_total_gain,,-308.66535303765244,1.0,False,False
confirm-M-w256-d61211-s1003-g05-random,3,M,256,61211,1003,random,False,1552.8160806894302,3.0328439075965434,1552.8160806894302,-0.0,1552.8160806894302,0.0,1.0,0.0041603615737725,1.9192760911359837e-06,,False,False,1.0225921869277954e-06,,nonpositive_total_gain,,-396.1157302209176,1.0,False,False,0.0004084699383598827,,5.516084717042475e-06,2530.990093231201,0.0,True,False,0.005105955117346376,,2.3307278470813227e-06,2523.5739130973816,0.0,False,False,0.002751044850840354,,1.5550694474244727e-06,2527.2820031642914,0.0,False,False,,nonpositive_total_gain,,-213.4558133857817,0.96875,False,False
confirm-M-w256-d61211-s1003-g05-random,5,M,256,61211,1003,random,False,1588.9904857873917,3.1034970425534993,1588.9904857873917,-0.0,1588.9904857873917,0.0,1.0,0.011884045836230601,7.2210453249948475e-06,,False,False,1.0331471762548006e-06,,nonpositive_total_gain,,-276.4509373852052,1.0,False,False,0.006519593202161838,,6.956449837520824e-06,2535.49383354187,0.0,False,False,0.012647801234440596,,8.147840025689088e-06,2507.928612112999,0.0,False,False,0.009562922154148393,,5.434630481564399e-06,2521.7112228274345,0.0,False,False,,nonpositive_total_gain,,-177.2814069765181,0.908203125,False,False
confirm-M-w256-d61211-s1003-g05-random,10,M,256,61211,1003,random,False,1733.2296122312546,3.385214086389169,1733.2296122312546,-0.0,1733.2296122312546,0.0,1.0,0.022657731473099886,1.984501519952316e-05,,False,False,1.0629494986424959e-06,,nonpositive_total_gain,,-73.19047291437164,1.0,False,False,0.022396465918945986,,2.3660428627323752e-05,2635.1476939320564,0.0,False,False,0.020023956759691444,,1.6293881900169955e-05,2637.731652855873,0.0,False,False,0.02120967515686939,,1.772144546330288e-05,2636.4396733939648,0.0,False,False,,nonpositive_total_gain,,-33.042278029260046,0.65234375,False,False
confirm-M-w256-d61211-s1003-g05-random,20,M,256,61211,1003,random,False,1824.5824689865112,3.5636376347392797,1824.5824689865112,-0.0,1824.5824689865112,0.0,1.0,0.07842932445052143,7.948806172788964e-05,,False,False,1.1865049600601196e-06,,nonpositive_total_gain,,-38.89673357317224,1.0,False,False,0.07843192267727167,,5.364245353996305e-05,2811.038497813046,0.0,False,False,0.07496463351372953,,0.00011365584482858136,2701.6056709885597,0.0,False,False,0.07673675020368742,,7.817450353595143e-05,2756.322084400803,0.0,False,False,4.339685072180852,,1.3802498103930572,58.31057443446216,0.533203125,False,False
confirm-M-w256-d61211-s1003-g05-random,30,M,256,61211,1003,random,False,1993.1992679834366,3.8929673202801496,1993.1992679834366,-0.0,1993.1992679834366,0.0,1.0,0.12626861440744003,3.8033655975887534e-05,,False,False,1.0306636490930998e-06,,nonpositive_total_gain,,-18.039177902508527,1.0,False,False,0.10501309550993655,,3.253103214130205e-05,3108.3978303931653,0.001953125,False,False,0.14732916740775448,,5.44641752484681e-05,2889.2391960266978,0.0,False,False,0.12524568779851797,,3.712946809048042e-05,2998.8185132099316,0.0,False,False,1.3671360320445323,,0.12012732190140872,226.9273807292312,0.4296875,False,False
confirm-M-w256-d61211-s1003-g05-uniform,1,M,256,61211,1003,uniform,False,1482.1442687511444,2.894813024904579,1482.1442687511444,-0.0,1482.1442687511444,0.0,1.0,,,constant_weights,False,False,1.0331471762548006e-06,,constant_weights,,-711.8387726792134,1.0,False,False,,constant_weights,,2545.9033946990967,0.0,False,False,,constant_weights,,2612.368216276169,0.0,False,False,,constant_weights,,2579.1358054876328,0.0,False,False,,constant_weights,,-284.12762425118393,1.0,False,False
confirm-M-w256-d61211-s1003-g05-uniform,3,M,256,61211,1003,uniform,False,1595.386590719223,3.1159894349984825,1595.386590719223,-0.0,1595.386590719223,0.0,1.0,,,constant_weights,False,False,1.0235235095024109e-06,,constant_weights,,-434.0687227123417,1.0,False,False,,constant_weights,,2616.768552541733,0.0,False,False,,constant_weights,,2603.4599722623825,0.0,False,False,,constant_weights,,2610.1142624020576,0.0,False,False,,constant_weights,,-170.8853034751982,0.974609375,False,False
confirm-M-w256-d61211-s1003-g05-uniform,5,M,256,61211,1003,uniform,False,1723.5653188228607,3.3663385133259,1723.5653188228607,-0.0,1723.5653188228607,0.0,1.0,,,constant_weights,False,False,8.425364890207732e-07,,constant_weights,,-142.8034607307054,1.0,False,False,,constant_weights,,2654.331973195076,0.0,False,False,,constant_weights,,2659.1674624681473,0.0,False,False,,constant_weights,,2656.7497178316116,0.0,False,False,,constant_weights,,-42.70657525235117,0.775390625,False,False
confirm-M-w256-d61211-s1003-g05-uniform,10,M,256,61211,1003,uniform,False,1858.0252586603165,3.6289555833209306,1858.0252586603165,-0.0,1858.0252586603165,0.0,1.0,,,constant_weights,False,False,1.1070321006556583e-06,,constant_weights,,-14.171352031175047,1.0,False,False,,constant_weights,,2862.2900121212006,0.0,False,False,,constant_weights,,2725.95716547966,0.0,False,False,,constant_weights,,2794.1235888004303,0.0,False,False,,constant_weights,,91.75336983031329,0.060546875,False,False
confirm-M-w256-d61211-s1003-g05-uniform,20,M,256,61211,1003,uniform,False,2157.3233771324158,4.2135222209617496,2157.3233771324158,-0.0,2157.3233771324158,0.0,1.0,,,constant_weights,False,False,1.0107954340199399e-06,,constant_weights,,-11.087628219742328,1.0,False,False,,constant_weights,,3654.5065774694085,0.0,False,False,,constant_weights,,2828.5512026548386,0.0,False,False,,constant_weights,,3241.5288900621235,0.0,False,False,,constant_weights,,391.0514815670877,0.0,False,False
confirm-M-w256-d61211-s1003-g05-uniform,30,M,256,61211,1003,uniform,False,2473.4480996131897,4.830953319557011,2473.4480996131897,-0.0,2473.4480996131897,0.0,1.0,,,constant_weights,False,False,9.071081876754761e-07,,constant_weights,,-7.368731356691569,1.0,False,False,,constant_weights,,3956.8050472382456,0.0,False,False,,constant_weights,,3470.908005669713,0.0,False,False,,constant_weights,,3713.8565264539793,0.0,False,False,,constant_weights,,707.1762034741672,0.0,False,False
confirm-M-w256-d61319-s1001-g04-random,1,M,256,61319,1001,random,False,1467.396305680275,2.866008409531787,1467.396305680275,-0.0,1467.396305680275,0.0,1.0,0.003172135877968431,9.208653514771036e-06,,False,False,8.950009942054749e-07,,nonpositive_total_gain,,-795.1341964825988,1.0,False,False,0.003130017313358,,1.0202975128519798e-05,2571.482963323593,0.0,False,False,0.001486883327356539,,5.685679715344221e-06,2625.840177297592,0.0,False,False,0.0022997563645569827,,5.7534945828686985e-06,2598.6615703105927,0.0,False,False,,nonpositive_total_gain,,-306.8730119245619,1.0,False,False
confirm-M-w256-d61319-s1001-g04-random,3,M,256,61319,1001,random,False,1561.2657190561295,3.049347107531503,1561.2657190561295,-0.0,1561.2657190561295,0.0,1.0,0.011007077577660923,1.6350792570276368e-05,,False,False,9.347374239077055e-07,,nonpositive_total_gain,,-406.6009109839797,1.0,False,False,0.009284676451908103,,1.385233325533091e-05,2568.3201743364334,0.0,False,False,0.008696724084287278,,1.490247156728605e-05,2522.0779079198837,0.0,False,False,0.008993424680164161,,1.2564293689642559e-05,2545.1990411281586,0.0,False,False,,nonpositive_total_gain,,-213.00359866791672,0.9765625,False,False
confirm-M-w256-d61319-s1001-g04-random,5,M,256,61319,1001,random,False,1618.6753900051117,3.161475371103734,1618.6753900051117,-0.0,1618.6753900051117,0.0,1.0,0.015398540335307222,2.2126939429044543e-05,,False,False,1.0241443910707915e-06,,nonpositive_total_gain,,-298.5105230361223,1.0,False,False,0.014235218423539742,,2.061855920696372e-05,2603.5325903892517,0.0,False,False,0.011886175741376216,,1.8263505054038384e-05,2551.004118323326,0.0,False,False,0.0130725031380339,,1.7663394159569e-05,2577.268354356289,0.0,False,False,,nonpositive_total_gain,,-155.59392926865524,0.91015625,False,False
confirm-M-w256-d61319-s1001-g04-random,10,M,256,61319,1001,random,False,1767.738897562027,3.452615034300834,1767.738897562027,-0.0,1767.738897562027,0.0,1.0,0.0266687238961233,3.803182580778182e-05,,False,False,9.521221118191647e-07,,nonpositive_total_gain,,-61.37172615528107,1.0,False,False,0.02993655242774436,,4.2340210820391666e-05,2711.393801033497,0.0,False,False,0.019790341544579176,,3.201616571389326e-05,2653.194627404213,0.0,False,False,0.024912184434382305,,3.549871652738869e-05,2682.294214218855,0.0,False,False,,nonpositive_total_gain,,-6.530420817670234,0.556640625,False,False
confirm-M-w256-d61319-s1001-g04-random,20,M,256,61319,1001,random,False,1840.3172075748444,3.594369546044618,1840.3172075748444,-0.0,1840.3172075748444,0.0,1.0,0.09804179701501875,0.0001226247304871549,,False,False,1.0306636490930998e-06,,nonpositive_total_gain,,-24.575205742381513,1.0,False,False,0.09832544411697063,,9.646015022634128e-05,2877.51309183985,0.00390625,False,False,0.09501915395840947,,0.00016340166176960827,2668.0137517154217,0.0,False,False,0.09673834553022184,,0.00012089286733495831,2772.763421777636,0.0,False,False,4.806963020601199,,1.6096001471517376,66.04788880771693,0.521484375,False,False
confirm-M-w256-d61319-s1001-g04-random,30,M,256,61319,1001,random,False,1997.412368297577,3.901196031831205,1997.412368297577,-0.0,1997.412368297577,0.0,1.0,0.14277210114347938,7.706396430717113e-05,,False,False,1.0672956705093384e-06,,nonpositive_total_gain,,-13.286069365683943,0.990234375,False,False,0.11871823673785542,,7.873912161304508e-05,3147.6651459578425,0.001953125,False,False,0.16792698960586588,,7.846370210422071e-05,2857.858047053218,0.005859375,False,False,0.14188922862899828,,7.605884596415738e-05,3002.76159650553,0.0,False,False,1.5663890050939773,,0.19624450289562942,223.14305383874768,0.423828125,False,False
confirm-M-w256-d61319-s1001-g04-uniform,1,M,256,61319,1001,uniform,False,1498.790437221527,2.927325072698295,1498.790437221527,-0.0,1498.790437221527,0.0,1.0,,,constant_weights,False,False,9.744738540540254e-07,,constant_weights,,-689.0256379470229,1.0,False,False,,constant_weights,,2573.356885790825,0.0,False,False,,constant_weights,,2612.0400809049606,0.0,False,False,,constant_weights,,2592.6984833478928,0.0,False,False,,constant_weights,,-275.4788803833098,0.998046875,False,False
confirm-M-w256-d61319-s1001-g04-uniform,3,M,256,61319,1001,uniform,False,1616.5629932880402,3.1573495962657034,1616.5629932880402,-0.0,1616.5629932880402,0.0,1.0,,,constant_weights,False,False,1.0704000792394197e-06,,constant_weights,,-365.2489337474108,1.0,False,False,,constant_weights,,2630.1408153772354,0.0,False,False,,constant_weights,,2584.797114610672,0.0,False,False,,constant_weights,,2607.4689649939537,0.0,False,False,,constant_weights,,-157.7063234823317,0.96484375,False,False
confirm-M-w256-d61319-s1001-g04-uniform,5,M,256,61319,1001,uniform,False,1741.1838784217834,3.400749762542546,1741.1838784217834,-0.0,1741.1838784217834,0.0,1.0,,,constant_weights,False,False,8.999680480847871e-07,,constant_weights,,-105.99201322719455,1.0,False,False,,constant_weights,,2666.1517704725266,0.0,False,False,,constant_weights,,2663.391874551773,0.0,False,False,,constant_weights,,2664.77182251215,0.0,False,False,,constant_weights,,-33.085440971192725,0.71875,False,False
confirm-M-w256-d61319-s1001-g04-uniform,10,M,256,61319,1001,uniform,False,1867.878366470337,3.648199934512377,1867.878366470337,-0.0,1867.878366470337,0.0,1.0,,,constant_weights,False,False,1.1917824549456668e-06,,constant_weights,,-12.278321521356702,1.0,False,False,,constant_weights,,2893.4908732175827,0.0,False,False,,constant_weights,,2722.4225680828094,0.0,False,False,,constant_weights,,2807.956720650196,0.0,False,False,,constant_weights,,93.60905017680224,0.072265625,False,False
confirm-M-w256-d61319-s1001-g04-uniform,20,M,256,61319,1001,uniform,False,2180.1906876564026,4.258184936828911,2180.1906876564026,-0.0,2180.1906876564026,0.0,1.0,,,constant_weights,False,False,1.1582548422595096e-06,,constant_weights,,-10.907963063567877,1.0,False,False,,constant_weights,,3713.4448355287313,0.0,False,False,,constant_weights,,2838.0352215766907,0.0,False,False,,constant_weights,,3275.740028552711,0.0,False,False,,constant_weights,,405.9213763100534,0.0,False,False
confirm-M-w256-d61319-s1001-g04-uniform,30,M,256,61319,1001,uniform,False,2503.2612841129303,4.889182195533067,2503.2612841129303,-0.0,2503.2612841129303,0.0,1.0,,,constant_weights,False,False,1.0899578528622555e-06,,constant_weights,,-2.9683069051243365,0.923828125,False,False,,constant_weights,,3992.14780170843,0.0,False,False,,constant_weights,,3520.6043679118156,0.0,False,False,,constant_weights,,3756.376084810123,0.0,False,False,,constant_weights,,728.9919671004147,0.0,False,False
confirm-M-w256-d61319-s1001-g05-random,1,M,256,61319,1001,random,False,1467.2038511037827,2.8656325216870755,1467.2038511037827,-0.0,1467.2038511037827,0.0,1.0,0.0031717727385863464,9.207463503064124e-06,,False,False,1.0334576168169463e-06,,nonpositive_total_gain,,-795.3639181479812,1.0,False,False,0.0031317532978430212,,1.0202677298402265e-05,2571.3208783864975,0.0,False,False,0.0014839344648675868,,5.684594992878885e-06,2625.6546018123627,0.0,False,False,0.0022991278521234506,,5.7525555464405496e-06,2598.48774009943,0.0,False,False,,nonpositive_total_gain,,-307.06546650105423,1.0,False,False
confirm-M-w256-d61319-s1001-g05-random,3,M,256,61319,1001,random,False,1560.8562469482422,3.0485473573207855,1560.8562469482422,-0.0,1560.8562469482422,0.0,1.0,0.011004322938885171,1.63434456904188e-05,,False,False,1.0539467134584868e-06,,nonpositive_total_gain,,-407.0439764931798,1.0,False,False,0.009286641371113857,,1.3845338274592213e-05,2568.0250178575516,0.0,False,False,0.008690981982366352,,1.4894108626229188e-05,2521.5876992940903,0.0,False,False,0.008991583778559072,,1.2557088879575481e-05,2544.806358575821,0.0,False,False,,nonpositive_total_gain,,-213.4130706565947,0.9765625,False,False
confirm-M-w256-d61319-s1001-g05-random,5,M,256,61319,1001,random,False,1618.1751059293747,3.16049825376831,1618.1751059293747,-0.0,1618.1751059293747,0.0,1.0,0.015323333250463696,2.1984738742662676e-05,,False,False,9.347374239077055e-07,,nonpositive_total_gain,,-300.29566945135593,1.0,False,False,0.014158449705204242,,2.0447015608210104e-05,2603.5654604434967,0.0,False,False,0.011796915832590883,,1.815429956316846e-05,2551.2555321455,0.0,False,False,0.012989506458010142,,1.7526453949861104e-05,2577.4104962944984,0.0,False,False,,nonpositive_total_gain,,-156.09421096020645,0.912109375,False,False
confirm-M-w256-d61319-s1001-g05-random,10,M,256,61319,1001,random,False,1765.865446448326,3.448955950094387,1765.865446448326,-0.0,1765.865446448326,0.0,1.0,0.02576315941476849,3.6539239636135835e-05,,False,False,8.979501826544833e-07,,nonpositive_total_gain,,-65.560866586864,1.0,False,False,0.028772320854043743,,4.0543159938710694e-05,2709.0613003373146,0.0,False,False,0.019106357413550802,,3.0713006508919186e-05,2654.0959208011627,0.0,False,False,0.023983144718718805,,3.396823706850517e-05,2681.5786105692387,0.0,False,False,,nonpositive_total_gain,,-8.40387067967356,0.560546875,False,False
confirm-M-w256-d61319-s1001-g05-random,20,M,256,61319,1001,random,False,1839.8068096637726,3.593372675124556,1839.8068096637726,-0.0,1839.8068096637726,0.0,1.0,0.09127795993501579,0.00012313551022489553,,False,False,9.909272193908691e-07,,nonpositive_total_gain,,-30.20628042332828,1.0,False,False,0.09228216263994349,,0.00010059263112377354,2870.9177814871073,0.001953125,False,False,0.08717165373673356,,0.0001559062079806314,2678.7089244276285,0.0,False,False,0.0898190664970172,,0.00012094516702806357,2774.813352957368,0.0,False,False,4.666643964553163,,1.3547362121698214,65.53749311691817,0.521484375,False,False
confirm-M-w256-d61319-s1001-g05-random,30,M,256,61319,1001,random,False,1986.095407485962,3.8790925927460194,1986.095407485962,-0.0,1986.095407485962,0.0,1.0,0.13631462867866162,6.032483988600496e-05,,False,False,1.0533258318901062e-06,,nonpositive_total_gain,,-18.24524422828108,1.0,False,False,0.11740097565855573,,6.325853280961046e-05,3110.6649491526186,0.001953125,False,False,0.15492186707357697,,6.067461500691125e-05,2865.8665092419833,0.00390625,False,False,0.1352337837362807,,5.9601393161245626e-05,2988.265729197301,0.0,False,False,1.6324615290349866,,0.18694744613945027,211.8260876478135,0.43359375,False,False
confirm-M-w256-d61319-s1001-g05-uniform,1,M,256,61319,1001,uniform,False,1498.6969212293625,2.9271424242760986,1498.6969212293625,-0.0,1498.6969212293625,0.0,1.0,,,constant_weights,False,False,9.909272193908691e-07,,constant_weights,,-688.8985628709197,1.0,False,False,,constant_weights,,2573.1831179857254,0.0,False,False,,constant_weights,,2611.806215763092,0.0,False,False,,constant_weights,,2592.4946668744087,0.0,False,False,,constant_weights,,-275.5723963754744,0.998046875,False,False
confirm-M-w256-d61319-s1001-g05-uniform,3,M,256,61319,1001,uniform,False,1616.0532575845718,3.156354018719867,1616.0532575845718,-0.0,1616.0532575845718,0.0,1.0,,,constant_weights,False,False,1.0306636490930998e-06,,constant_weights,,-366.6933996453881,1.0,False,False,,constant_weights,,2630.0878831148148,0.0,False,False,,constant_weights,,2584.765313267708,0.0,False,False,,constant_weights,,2607.4265981912613,0.0,False,False,,constant_weights,,-158.216058351335,0.96484375,False,False
confirm-M-w256-d61319-s1001-g05-uniform,5,M,256,61319,1001,uniform,False,1739.356500864029,3.3971806657500565,1739.356500864029,-0.0,1739.356500864029,0.0,1.0,,,constant_weights,False,False,1.1200706162561858e-06,,constant_weights,,-109.70577923953533,1.0,False,False,,constant_weights,,2665.0798218250275,0.0,False,False,,constant_weights,,2662.6954674720764,0.0,False,False,,constant_weights,,2663.887644648552,0.0,False,False,,constant_weights,,-34.912817217645056,0.732421875,False,False
confirm-M-w256-d61319-s1001-g05-uniform,10,M,256,61319,1001,uniform,False,1864.1317927837372,3.6408824077807367,1864.1317927837372,-0.0,1864.1317927837372,0.0,1.0,,,constant_weights,False,False,1.1684993905802799e-06,,constant_weights,,-14.27130550891161,1.0,False,False,,constant_weights,,2885.078344464302,0.0,False,False,,constant_weights,,2721.5883452892303,0.0,False,False,,constant_weights,,2803.333344876766,0.0,False,False,,constant_weights,,89.86247374838885,0.076171875,False,False
confirm-M-w256-d61319-s1001-g05-uniform,20,M,256,61319,1001,uniform,False,2155.257005214691,4.209486338309944,2155.257005214691,-0.0,2155.257005214691,0.0,1.0,,,constant_weights,False,False,1.0365620255470276e-06,,constant_weights,,-14.734452235512435,1.0,False,False,,constant_weights,,3655.849764995277,0.0,False,False,,constant_weights,,2824.655699968338,0.0,False,False,,constant_weights,,3240.2527324818075,0.0,False,False,,constant_weights,,380.987682960692,0.001953125,False,False
confirm-M-w256-d61319-s1001-g05-uniform,30,M,256,61319,1001,uniform,False,2464.078526496887,4.812653372064233,2464.078526496887,-0.0,2464.078526496887,0.0,1.0,,,constant_weights,False,False,1.10051284263335e-06,,constant_weights,,-5.906865526922047,1.0,False,False,,constant_weights,,3978.0174108818173,0.0,False,False,,constant_weights,,3420.1250534951687,0.0,False,False,,constant_weights,,3699.071232188493,0.0,False,False,,constant_weights,,689.8092108068497,0.0,False,False
confirm-M-w256-d61319-s1002-g04-random,1,M,256,61319,1002,random,False,1470.0053434371948,2.871104186400771,1470.0053434371948,-0.0,1470.0053434371948,0.0,1.0,0.0024283051512836292,3.675063828261513e-06,,False,False,9.982225797067201e-07,,nonpositive_total_gain,,-771.9352443320677,1.0,False,False,0.0,,1.9044663490558663e-05,2572.6708072423935,0.0,True,False,0.008566612406412537,,1.6370713275577776e-06,2609.2804884910583,0.0,False,False,0.0019016376010001492,,2.5478490356314737e-06,2590.975647866726,0.0,False,False,,nonpositive_total_gain,,-295.51126239472336,1.0,False,False
confirm-M-w256-d61319-s1002-g04-random,3,M,256,61319,1002,random,False,1556.9067424535751,3.040833481354639,1556.9067424535751,-0.0,1556.9067424535751,0.0,1.0,0.009394473860037434,9.379647768191477e-06,,False,False,1.1827796697616577e-06,,nonpositive_total_gain,,-408.0090748174116,1.0,False,False,0.0011760095186361618,,1.4410441829498778e-05,2559.412218809128,0.0,False,False,0.013891178806672306,,3.1632701664201214e-06,2519.3171093463898,0.0,False,False,0.007491611156536227,,7.122705810809624e-06,2539.364664077759,0.0,False,False,,nonpositive_total_gain,,-208.60986349755234,0.9765625,False,False
confirm-M-w256-d61319-s1002-g04-random,5,M,256,61319,1002,random,False,1595.7313742637634,3.116662840358913,1595.7313742637634,-0.0,1595.7313742637634,0.0,1.0,0.016372448344811705,1.658393055074149e-05,,False,False,1.123175024986267e-06,,nonpositive_total_gain,,-245.3392169130966,1.0,False,False,0.007392289181508471,,2.4069622573131983e-05,2550.734195590019,0.0,False,False,0.019727696684952493,,7.2418566581623535e-06,2481.7991605997086,0.0,False,False,0.013483616817861272,,1.3928611859166002e-05,2516.266678094864,0.0,False,False,,nonpositive_total_gain,,-169.78523144894547,0.91015625,False,False
confirm-M-w256-d61319-s1002-g04-random,10,M,256,61319,1002,random,False,1737.3359493017197,3.393234275979921,1737.3359493017197,-0.0,1737.3359493017197,0.0,1.0,0.024880117865313293,2.8700968813488583e-05,,False,False,1.053636272896341e-06,,nonpositive_total_gain,,-67.15496279206127,1.0,False,False,0.019762645052389588,,5.3650526208233586e-05,2667.359303891659,0.001953125,False,False,0.02569703034374545,,1.1526847205934475e-05,2611.803519487381,0.0,False,False,0.022706591159888857,,2.7569686974301602e-05,2639.58141168952,0.0,False,False,,nonpositive_total_gain,,-28.180656768617048,0.62890625,False,False
confirm-M-w256-d61319-s1002-g04-random,20,M,256,61319,1002,random,False,1787.4492001533508,3.4911117190495133,1787.4492001533508,-0.0,1787.4492001533508,0.0,1.0,0.09463808497056668,0.00014271340108567773,,False,False,1.2870877981185913e-06,,nonpositive_total_gain,,-35.80700527597219,1.0,False,False,0.08827378153582209,,0.00017386074773109394,2785.806490369141,0.001953125,False,False,0.0973107472170453,,0.0001170642790107585,2612.3481199145317,0.001953125,False,False,0.09264903091280173,,0.00014225092493491651,2699.0773051418364,0.0,False,False,8.0,,19.643716372770623,21.932593822243767,0.583984375,False,True
confirm-M-w256-d61319-s1002-g04-random,30,M,256,61319,1002,random,False,1967.587352156639,3.8429440471809357,1967.587352156639,-0.0,1967.587352156639,0.0,1.0,0.13547017757833762,4.509628424075727e-05,,False,False,1.137920965899042e-06,,nonpositive_total_gain,,-12.638296073768288,0.98828125,False,False,0.10988263824280038,,3.8378743931288206e-05,3070.295263050124,0.0,False,False,0.16142020327211265,,6.0866013602542944e-05,2845.1051029656082,0.005859375,False,False,0.13453531286593295,,4.4877610457855006e-05,2957.700183007866,0.0,False,False,1.6157552991160622,,0.20115431230303057,202.0707464811831,0.44140625,False,False
confirm-M-w256-d61319-s1002-g04-uniform,1,M,256,61319,1002,uniform,False,1499.1854617595673,2.928096604999155,1499.1854617595673,-0.0,1499.1854617595673,0.0,1.0,,,constant_weights,False,False,1.123175024986267e-06,,constant_weights,,-683.5746599538252,1.0,False,False,,constant_weights,,2579.1795040369034,0.0,False,False,,constant_weights,,2601.951558113098,0.0,False,False,,constant_weights,,2590.5655310750008,0.0,False,False,,constant_weights,,-266.3311440723509,1.0,False,False
confirm-M-w256-d61319-s1002-g04-uniform,3,M,256,61319,1002,uniform,False,1609.8873858451843,3.1443113004788756,1609.8873858451843,-0.0,1609.8873858451843,0.0,1.0,,,constant_weights,False,False,1.143043240059427e-06,,constant_weights,,-356.11174375843257,1.0,False,False,,constant_weights,,2617.9036972522736,0.0,False,False,,constant_weights,,2567.87022125721,0.0,False,False,,constant_weights,,2592.8869592547417,0.0,False,False,,constant_weights,,-155.62921903305954,0.96875,False,False
confirm-M-w256-d61319-s1002-g04-uniform,5,M,256,61319,1002,uniform,False,1721.809996008873,3.36291014845483,1721.809996008873,-0.0,1721.809996008873,0.0,1.0,,,constant_weights,False,False,9.882884719480955e-07,,constant_weights,,-133.8278142651543,1.0,False,False,,constant_weights,,2661.144135594368,0.0,False,False,,constant_weights,,2638.113682746887,0.0,False,False,,constant_weights,,2649.6289091706276,0.0,False,False,,constant_weights,,-43.70660815411509,0.77734375,False,False
confirm-M-w256-d61319-s1002-g04-uniform,10,M,256,61319,1002,uniform,False,1853.0966149568558,3.619329326087609,1853.0966149568558,-0.0,1853.0966149568558,0.0,1.0,,,constant_weights,False,False,1.0896474123001099e-06,,constant_weights,,-13.81820545066148,1.0,False,False,,constant_weights,,2870.801689863205,0.0,False,False,,constant_weights,,2702.306367635727,0.0,False,False,,constant_weights,,2786.554028749466,0.0,False,False,,constant_weights,,87.5800081712633,0.087890625,False,False
confirm-M-w256-d61319-s1002-g04-uniform,20,M,256,61319,1002,uniform,False,2161.65252661705,4.221977591048926,2161.65252661705,-0.0,2161.65252661705,0.0,1.0,,,constant_weights,False,False,1.1778126163264346e-06,,constant_weights,,-8.015721663832664,1.0,False,False,,constant_weights,,3668.985440708697,0.0,False,False,,constant_weights,,2823.9878710508347,0.0,False,False,,constant_weights,,3246.4866558797657,0.0,False,False,,constant_weights,,396.1359186989694,0.0,False,False
confirm-M-w256-d61319-s1002-g04-uniform,30,M,256,61319,1002,uniform,False,2499.922110557556,4.882660372182727,2499.922110557556,-0.0,2499.922110557556,0.0,1.0,,,constant_weights,False,False,1.244867841698749e-06,,constant_weights,,-3.3362562232650816,0.9375,False,False,,constant_weights,,3977.085395012051,0.0,False,False,,constant_weights,,3526.0171939730644,0.0,False,False,,constant_weights,,3751.5512944925576,0.0,False,False,,constant_weights,,734.4055004490049,0.0,False,False
confirm-M-w256-d61319-s1002-g05-random,1,M,256,61319,1002,random,False,1469.8519191741943,2.8708045296370983,1469.8519191741943,-0.0,1469.8519191741943,0.0,1.0,0.0024274043973318256,3.675819545192891e-06,,False,False,1.0834385952840364e-06,,nonpositive_total_gain,,-771.9506765706465,1.0,False,False,0.0,,1.904622182436571e-05,2572.457218170166,0.0,True,False,0.008565256392051891,,1.6370533884012311e-06,2609.0492366552353,0.0,False,False,0.0019008876186252703,,2.5482086930877455e-06,2590.7532274127007,0.0,False,False,,nonpositive_total_gain,,-295.66468665772385,1.0,False,False
confirm-M-w256-d61319-s1002-g05-random,3,M,256,61319,1002,random,False,1556.4583472013474,3.0399577093776315,1556.4583472013474,-0.0,1556.4583472013474,0.0,1.0,0.009390155966601008,9.377051547604217e-06,,False,False,1.0039657354354858e-06,,nonpositive_total_gain,,-408.34996909927577,1.0,False,False,0.0011740198616048735,,1.4418432438312753e-05,2558.9834202528,0.0,False,False,0.013894834946395693,,3.155332634210131e-06,2518.7416095733643,0.0,False,False,0.007492246583543569,,7.119849558792353e-06,2538.862514913082,0.0,False,False,,nonpositive_total_gain,,-209.05825803452439,0.9765625,False,False
confirm-M-w256-d61319-s1002-g05-random,5,M,256,61319,1002,random,False,1595.1109342575073,3.115451043471694,1595.1109342575073,-0.0,1595.1109342575073,0.0,1.0,0.01630040520265264,1.6522954863606755e-05,,False,False,1.143043240059427e-06,,nonpositive_total_gain,,-246.09700519870967,1.0,False,False,0.007342577464770614,,2.4003126528016814e-05,2549.9993299245834,0.0,False,False,0.01967851522635418,,7.1895848927162904e-06,2481.4304716587067,0.0,False,False,0.013434613920198762,,1.386551098537882e-05,2515.714900791645,0.0,False,False,,nonpositive_total_gain,,-170.40567383938736,0.912109375,False,False
confirm-M-w256-d61319-s1002-g05-random,10,M,256,61319,1002,random,False,1735.6115260124207,3.389866261743009,1735.6115260124207,-0.0,1735.6115260124207,0.0,1.0,0.024101132936010274,2.7316508889881647e-05,,False,False,1.1796752610315764e-06,,nonpositive_total_gain,,-72.06804382335395,1.0,False,False,0.01874148216199846,,5.1247869618000534e-05,2665.7025372982025,0.001953125,False,False,0.02509595445719258,,1.0810025584463631e-05,2613.200108408928,0.0,False,False,0.021895510721546836,,2.6126487495015252e-05,2639.451322853565,0.0,False,False,,nonpositive_total_gain,,-29.905076243218794,0.626953125,False,False
confirm-M-w256-d61319-s1002-g05-random,20,M,256,61319,1002,random,False,1784.0496413707733,3.4844719558022916,1784.0496413707733,-0.0,1784.0496413707733,0.0,1.0,0.08986308584979409,0.00014140177393192696,,False,False,1.1197601752499509e-06,,nonpositive_total_gain,,-41.422013816423714,1.0,False,False,0.08412083559554867,,0.0001757462325659879,2779.4938040971756,0.001953125,False,False,0.09163384344273702,,0.0001117510320999086,2614.0771298855543,0.0,False,False,0.08776558845589218,,0.00014025781882524385,2696.785466991365,0.0,False,False,8.0,,25.44347519609908,18.53303422010239,0.587890625,False,True
confirm-M-w256-d61319-s1002-g05-random,30,M,256,61319,1002,random,False,1947.90190243721,3.804495903197676,1947.90190243721,-0.0,1947.90190243721,0.0,1.0,0.1288039104260021,4.550365411901587e-05,,False,False,1.1598070464025056e-06,,nonpositive_total_gain,,-18.42810959368944,1.0,False,False,0.10629408388685267,,4.8652844363458764e-05,3035.1459083482623,0.0,False,False,0.15069184399986163,,4.713958510319441e-05,2826.987924568355,0.005859375,False,False,0.1276011766583373,,4.591350518192587e-05,2931.0669164583087,0.0,False,False,1.7621984900880578,,0.22086864130336928,182.38529742299312,0.46484375,False,False
confirm-M-w256-d61319-s1002-g05-uniform,1,M,256,61319,1002,uniform,False,1499.054407119751,2.9278406389057636,1499.054407119751,-0.0,1499.054407119751,0.0,1.0,,,constant_weights,False,False,1.0437021651377165e-06,,constant_weights,,-683.4645410878584,1.0,False,False,,constant_weights,,2578.95019030571,0.0,False,False,,constant_weights,,2601.677592277527,0.0,False,False,,constant_weights,,2590.3138912916183,0.0,False,False,,constant_weights,,-266.4621987121672,1.0,False,False
confirm-M-w256-d61319-s1002-g05-uniform,3,M,256,61319,1002,uniform,False,1609.397427201271,3.1433543500024825,1609.397427201271,-0.0,1609.397427201271,0.0,1.0,,,constant_weights,False,False,1.2423843145370483e-06,,constant_weights,,-357.20275918673724,1.0,False,False,,constant_weights,,2617.6797288656235,0.0,False,False,,constant_weights,,2567.715321779251,0.0,False,False,,constant_weights,,2592.6975253224373,0.0,False,False,,constant_weights,,-156.11917863064713,0.96875,False,False
confirm-M-w256-d61319-s1002-g05-uniform,5,M,256,61319,1002,uniform,False,1720.3526867628098,3.360063841333613,1720.3526867628098,-0.0,1720.3526867628098,0.0,1.0,,,constant_weights,False,False,1.2026478848348177e-06,,constant_weights,,-136.7520643239841,1.0,False,False,,constant_weights,,2660.098575234413,0.0,False,False,,constant_weights,,2637.7115885019302,0.0,False,False,,constant_weights,,2648.9050818681717,0.0,False,False,,constant_weights,,-45.163913466271765,0.787109375,False,False
confirm-M-w256-d61319-s1002-g05-uniform,10,M,256,61319,1002,uniform,False,1849.3907115459442,3.6120912334881723,1849.3907115459442,-0.0,1849.3907115459442,0.0,1.0,,,constant_weights,False,False,1.021350423346945e-06,,constant_weights,,-15.351938753388822,1.0,False,False,,constant_weights,,2862.3371337652206,0.0,False,False,,constant_weights,,2701.186970472336,0.0,False,False,,constant_weights,,2781.7620521187782,0.0,False,False,,constant_weights,,83.87411000556048,0.087890625,False,False
confirm-M-w256-d61319-s1002-g05-uniform,20,M,256,61319,1002,uniform,False,2135.891679048538,4.171663435641676,2135.891679048538,-0.0,2135.891679048538,0.0,1.0,,,constant_weights,False,False,1.2274831533432007e-06,,constant_weights,,-11.040887341834605,1.0,False,False,,constant_weights,,3604.0343763679266,0.0,False,False,,constant_weights,,2814.6815651655197,0.0,False,False,,constant_weights,,3209.357970766723,0.0,False,False,,constant_weights,,370.3750763756662,0.0,False,False
confirm-M-w256-d61319-s1002-g05-uniform,30,M,256,61319,1002,uniform,False,2463.9668340682983,4.812435222789645,2463.9668340682983,-0.0,2463.9668340682983,0.0,1.0,,,constant_weights,False,False,1.175484309889896e-06,,constant_weights,,-7.338909553363919,1.0,False,False,,constant_weights,,3958.4755717627704,0.0,False,False,,constant_weights,,3440.763855457306,0.0,False,False,,constant_weights,,3699.619713610038,0.0,False,False,,constant_weights,,698.4502283853919,0.0,False,False
confirm-M-w256-d61319-s1003-g04-random,1,M,256,61319,1003,random,False,1430.0181596279144,2.7930042180232704,1430.0181596279144,-0.0,1430.0181596279144,0.0,1.0,0.006191420413385251,1.8313701887702628e-06,,False,False,1.0629494986424959e-06,,nonpositive_total_gain,,-811.3933818549849,1.0,False,False,0.005383071209028152,,3.9260582925475105e-06,2507.827097058296,0.0,False,False,0.004939835606149988,,1.3538493999004426e-06,2593.6207568645477,0.0,False,False,0.005157564795942938,,9.93750966661239e-07,2550.723926961422,0.0,False,False,,nonpositive_total_gain,,-317.9115850704283,1.0,False,False
confirm-M-w256-d61319-s1003-g04-random,3,M,256,61319,1003,random,False,1542.7165647745132,3.013118290575221,1542.7165647745132,-0.0,1542.7165647745132,0.0,1.0,0.011528507124329738,5.495685603937734e-06,,False,False,1.1258137724290407e-06,,nonpositive_total_gain,,-417.3828993351199,1.0,False,False,0.010532322994843878,,5.42986817303143e-06,2516.949543118477,0.0,False,False,0.00971530257569405,,3.915602980227115e-06,2528.5830532312393,0.0,False,False,0.010122781635149295,,3.547627959175898e-06,2522.766298174858,0.0,False,False,,nonpositive_total_gain,,-205.21317968541092,0.9765625,False,False
confirm-M-w256-d61319-s1003-g04-random,5,M,256,61319,1003,random,False,1601.7925862073898,3.1285011449363083,1601.7925862073898,-0.0,1601.7925862073898,0.0,1.0,0.015608790940381312,6.3107482388407576e-06,,False,False,9.903063378224886e-07,,nonpositive_total_gain,,-273.9623773456551,1.0,False,False,0.013456229767691903,,6.280096540352077e-06,2538.9060148000717,0.0,False,False,0.013862022128235583,,5.730151242343158e-06,2540.434136867523,0.0,False,False,0.013659180120712745,,4.8531827717759786e-06,2539.6700758337975,0.0,False,False,,nonpositive_total_gain,,-146.1371574180693,0.8984375,False,False
confirm-M-w256-d61319-s1003-g04-random,10,M,256,61319,1003,random,False,1743.991099357605,3.4062326159328222,1743.991099357605,-0.0,1743.991099357605,0.0,1.0,0.023502423988487814,1.3369714371713124e-05,,False,False,1.0176251330484831e-06,,nonpositive_total_gain,,-45.22812091792002,1.0,False,False,0.024386250699574376,,1.694647432570703e-05,2638.567654490471,0.0,False,False,0.02074464954496736,,1.1646088573096914e-05,2638.6337591409683,0.0,False,False,0.022564516798791345,,1.2642091201010401e-05,2638.6007068157196,0.0,False,False,,nonpositive_total_gain,,-3.938646771249185,0.55078125,False,False
confirm-M-w256-d61319-s1003-g04-random,20,M,256,61319,1003,random,False,1775.9003403186798,3.4685553521849215,1775.9003403186798,-0.0,1775.9003403186798,0.0,1.0,0.09871927164655686,0.00010798057406858788,,False,False,9.989986815561736e-07,,nonpositive_total_gain,,-34.419610358309,1.0,False,False,0.08769420498419579,,7.880686499933559e-05,2778.432742513716,0.001953125,False,False,0.10655384353579374,,0.0001456486901110604,2583.6878905147314,0.00390625,False,False,0.0967429639761342,,0.00010724511116216577,2681.060316514224,0.0,False,False,8.0,,10.426750398504533,27.970593876901233,0.55859375,False,True
confirm-M-w256-d61319-s1003-g04-random,30,M,256,61319,1003,random,False,1967.054561138153,3.8419034397229552,1967.054561138153,-0.0,1967.054561138153,0.0,1.0,0.14381777360499715,6.735323917925015e-05,,False,False,1.1425775787721193e-06,,nonpositive_total_gain,,-12.497407365124673,0.99609375,False,False,0.11900924410356178,,5.809690258882355e-05,3085.0718785943463,0.0,False,False,0.16930338543241935,,8.557358771064465e-05,2828.589180054143,0.01171875,False,False,0.14288724280758192,,6.64444594420699e-05,2956.8305293242447,0.0,False,False,1.4319218711856276,,0.16578248479826657,219.1248098199695,0.40625,False,False
confirm-M-w256-d61319-s1003-g04-uniform,1,M,256,61319,1003,uniform,False,1472.255923628807,2.875499850837514,1472.255923628807,-0.0,1472.255923628807,0.0,1.0,,,constant_weights,False,False,9.887541332354033e-07,,constant_weights,,-666.9732486815192,1.0,False,False,,constant_weights,,2511.0981771945953,0.0,False,False,,constant_weights,,2572.6428513526917,0.0,False,False,,constant_weights,,2541.8705142736435,0.0,False,False,,constant_weights,,-275.6738210695357,1.0,False,False
confirm-M-w256-d61319-s1003-g04-uniform,3,M,256,61319,1003,uniform,False,1595.971027135849,3.117130912374705,1595.971027135849,-0.0,1595.971027135849,0.0,1.0,,,constant_weights,False,False,1.245023061979822e-06,,constant_weights,,-345.59446358541027,1.0,False,False,,constant_weights,,2573.890117049217,0.0,False,False,,constant_weights,,2559.6174451112747,0.0,False,False,,constant_weights,,2566.753781080246,0.0,False,False,,constant_weights,,-151.95871780091232,0.962890625,False,False
confirm-M-w256-d61319-s1003-g04-uniform,5,M,256,61319,1003,uniform,False,1720.1843874454498,3.359735131729394,1720.1843874454498,-0.0,1720.1843874454498,0.0,1.0,,,constant_weights,False,False,1.1151035628209627e-06,,constant_weights,,-96.76515242317691,1.0,False,False,,constant_weights,,2617.03733086586,0.0,False,False,,constant_weights,,2640.2809870243073,0.0,False,False,,constant_weights,,2628.6591589450836,0.0,False,False,,constant_weights,,-27.745357848939307,0.69921875,False,False
confirm-M-w256-d61319-s1003-g04-uniform,10,M,256,61319,1003,uniform,False,1840.1045137643814,3.5939541284460574,1840.1045137643814,-0.0,1840.1045137643814,0.0,1.0,,,constant_weights,False,False,1.1225541429737973e-06,,constant_weights,,-13.546548208687454,1.0,False,False,,constant_weights,,2836.4468923807144,0.0,False,False,,constant_weights,,2697.41317987442,0.0,False,False,,constant_weights,,2766.9300361275673,0.0,False,False,,constant_weights,,92.17476584738787,0.087890625,False,False
confirm-M-w256-d61319-s1003-g04-uniform,20,M,256,61319,1003,uniform,False,2143.414008140564,4.186355484649539,2143.414008140564,-0.0,2143.414008140564,0.0,1.0,,,constant_weights,False,False,1.0098641114453244e-06,,constant_weights,,-8.73391587054357,1.0,False,False,,constant_weights,,3617.325397517532,0.0,False,False,,constant_weights,,2821.650549054146,0.0,False,False,,constant_weights,,3219.487973285839,0.0,False,False,,constant_weights,,395.484263144198,0.0,False,False
confirm-M-w256-d61319-s1003-g04-uniform,30,M,256,61319,1003,uniform,False,2476.0539290905,4.836042830254883,2476.0539290905,-0.0,2476.0539290905,0.0,1.0,,,constant_weights,False,False,9.754051761845517e-07,,constant_weights,,-2.975657664705068,0.927734375,False,False,,constant_weights,,3923.6365697858855,0.0,False,False,,constant_weights,,3507.5008880272508,0.0,False,False,,constant_weights,,3715.568728906568,0.0,False,False,,constant_weights,,728.1241880280406,0.0,False,False
confirm-M-w256-d61319-s1003-g05-random,1,M,256,61319,1003,random,False,1429.86452627182,2.7927041528746486,1429.86452627182,-0.0,1429.86452627182,0.0,1.0,0.006191537963058892,1.8318461169661658e-06,,False,False,1.0300427675247192e-06,,nonpositive_total_gain,,-811.5909449071623,1.0,False,False,0.005382294185328096,,3.926800648667532e-06,2507.6953599452972,0.0,False,False,0.004939569149459854,,1.3538950487628183e-06,2593.489147901535,0.0,False,False,0.005157047427585883,,9.94210603424725e-07,2550.592253923416,0.0,False,False,,nonpositive_total_gain,,-318.0652184265227,1.0,False,False
confirm-M-w256-d61319-s1003-g05-random,3,M,256,61319,1003,random,False,1542.2951481342316,3.012295211199671,1542.2951481342316,-0.0,1542.2951481342316,0.0,1.0,0.011526328303624652,5.49015342480087e-06,,False,False,9.704381227493286e-07,,nonpositive_total_gain,,-417.8632583380677,1.0,False,False,0.01052457773974318,,5.418666286134038e-06,2516.618066549301,0.0,False,False,0.009717325612995056,,3.9177364937401695e-06,2528.130637407303,0.0,False,False,0.01011994397163389,,3.5443985498280573e-06,2522.374351978302,0.0,False,False,,nonpositive_total_gain,,-205.63459668332047,0.9765625,False,False
confirm-M-w256-d61319-s1003-g05-random,5,M,256,61319,1003,random,False,1601.3457235097885,3.1276283662300557,1601.3457235097885,-0.0,1601.3457235097885,0.0,1.0,0.015535206481290326,6.268491869279681e-06,,False,False,1.2020270028223479e-06,,nonpositive_total_gain,,-275.11034863302484,1.0,False,False,0.01337677377468998,,6.242849624766329e-06,2538.645140528679,0.0,False,False,0.013834927433023548,,5.689428078001385e-06,2540.5023778676987,0.0,False,False,0.01360592685024159,,4.8177831361398406e-06,2539.573759198189,0.0,False,False,,nonpositive_total_gain,,-146.58402202301926,0.8984375,False,False
confirm-M-w256-d61319-s1003-g05-random,10,M,256,61319,1003,random,False,1742.0610773563385,3.4024630417115986,1742.0610773563385,-0.0,1742.0610773563385,0.0,1.0,0.022798954506079147,1.2457259415486242e-05,,False,False,1.1045485734939575e-06,,nonpositive_total_gain,,-49.596877011004835,1.0,False,False,0.023551284769386484,,1.590213974562511e-05,2636.1986780166626,0.0,False,False,0.020082808299132324,,1.0823749878911807e-05,2639.581442832947,0.0,False,False,0.021815087287482188,,1.1712139728106504e-05,2637.8900604248047,0.0,False,False,,nonpositive_total_gain,,-5.8686674016088345,0.55859375,False,False
confirm-M-w256-d61319-s1003-g05-random,20,M,256,61319,1003,random,False,1774.7783164978027,3.466363899409771,1774.7783164978027,-0.0,1774.7783164978027,0.0,1.0,0.0932661508570236,0.0001110002893014026,,False,False,1.0811102888474977e-06,,nonpositive_total_gain,,-38.725386219564825,1.0,False,False,0.08322825708539092,,8.200854834302067e-05,2771.451727204025,0.001953125,False,False,0.09988203672457308,,0.00014780730688609267,2591.6086084097624,0.00390625,False,False,0.0912450893640874,,0.00010999053287143684,2681.5301678068936,0.0,False,False,8.0,,10.035675839007956,26.848573893073166,0.552734375,False,True
confirm-M-w256-d61319-s1003-g05-random,30,M,256,61319,1003,random,False,1958.931891322136,3.8260388502385467,1958.931891322136,-0.0,1958.931891322136,0.0,1.0,0.13725123223561847,4.883657470959709e-05,,False,False,1.1598070459584164e-06,,nonpositive_total_gain,,-18.620776967611164,1.0,False,False,0.1159460678617106,,4.339857094938637e-05,3060.54794383049,0.0,False,False,0.158052941859203,,6.154085081892581e-05,2834.868512444198,0.005859375,False,False,0.1360531029059665,,4.829635815480791e-05,2947.708228137344,0.0,False,False,1.4615965304001919,,0.15000810173218215,211.00214689946466,0.41015625,False,False
confirm-M-w256-d61319-s1003-g05-uniform,1,M,256,61319,1003,uniform,False,1472.2035868167877,2.8753976305015385,1472.2035868167877,-0.0,1472.2035868167877,0.0,1.0,,,constant_weights,False,False,1.06977919722695e-06,,constant_weights,,-666.7377400011756,1.0,False,False,,constant_weights,,2510.9283804893494,0.0,False,False,,constant_weights,,2572.420108795166,0.0,False,False,,constant_weights,,2541.6742446422577,0.0,False,False,,constant_weights,,-275.72615776234574,1.0,False,False
confirm-M-w256-d61319-s1003-g05-uniform,3,M,256,61319,1003,uniform,False,1595.536746621132,3.1162827082443982,1595.536746621132,-0.0,1595.536746621132,0.0,1.0,,,constant_weights,False,False,1.0033448538671053e-06,,constant_weights,,-346.2122825072147,1.0,False,False,,constant_weights,,2573.6209498643875,0.0,False,False,,constant_weights,,2559.2015846967697,0.0,False,False,,constant_weights,,2566.4112672805786,0.0,False,False,,constant_weights,,-152.39299724274582,0.96484375,False,False
confirm-M-w256-d61319-s1003-g05-uniform,5,M,256,61319,1003,uniform,False,1718.4241265058517,3.3562971220817417,1718.4241265058517,-0.0,1718.4241265058517,0.0,1.0,,,constant_weights,False,False,9.719903268923247e-07,,constant_weights,,-99.94703233474866,1.0,False,False,,constant_weights,,2615.9043258428574,0.0,False,False,,constant_weights,,2639.3151009082794,0.0,False,False,,constant_weights,,2627.6097133755684,0.0,False,False,,constant_weights,,-29.505615331467993,0.70703125,False,False
confirm-M-w256-d61319-s1003-g05-uniform,10,M,256,61319,1003,uniform,False,1836.2298200130463,3.586386367212981,1836.2298200130463,-0.0,1836.2298200130463,0.0,1.0,,,constant_weights,False,False,9.921689825276303e-07,,constant_weights,,-15.060441298875958,1.0,False,False,,constant_weights,,2827.0815354585648,0.0,False,False,,constant_weights,,2696.668370962143,0.0,False,False,,constant_weights,,2761.874953210354,0.0,False,False,,constant_weights,,88.30007424181994,0.08984375,False,False
confirm-M-w256-d61319-s1003-g05-uniform,20,M,256,61319,1003,uniform,False,2124.4554975032806,4.149327143561095,2124.4554975032806,-0.0,2124.4554975032806,0.0,1.0,,,constant_weights,False,False,1.1208467185497284e-06,,constant_weights,,-11.636280942242593,1.0,False,False,,constant_weights,,3570.8187711834908,0.0,False,False,,constant_weights,,2814.1839735507965,0.0,False,False,,constant_weights,,3192.5013723671436,0.0,False,False,,constant_weights,,376.52574475831085,0.0,False,False
confirm-M-w256-d61319-s1003-g05-uniform,30,M,256,61319,1003,uniform,False,2432.604703426361,4.7511810613796115,2432.604703426361,-0.0,2432.604703426361,0.0,1.0,,,constant_weights,False,False,1.1421119170407223e-06,,constant_weights,,-6.7207808955572546,1.0,False,False,,constant_weights,,3901.6911118403077,0.0,False,False,,constant_weights,,3402.8437848091125,0.0,False,False,,constant_weights,,3652.26744832471,0.0,False,False,,constant_weights,,684.6749586907656,0.0,False,False
confirm-M-w64-d61103-s1001-g04-random,1,M,64,61103,1001,random,False,363.1985170841217,0.7093721036799252,363.1985170841217,-0.0,363.1985170841217,0.0,1.0,0.007636422913406328,5.773117873362887e-06,,False,False,7.053216298791298e-07,,nonpositive_total_gain,,-464.80851778388023,1.0,False,False,0.009062042993594189,,9.591046389866503e-06,760.0168553590775,0.001953125,False,False,0.003265612730242163,,3.937200168858031e-06,794.3872231245041,0.001953125,False,False,0.006095504846046299,,2.566509911158714e-06,777.2020392417908,0.0,False,False,,nonpositive_total_gain,,-271.108489491281,0.998046875,False,False
confirm-M-w64-d61103-s1001-g04-random,3,M,64,61103,1001,random,False,396.10551953315735,0.773643592838198,396.10551953315735,-0.0,396.10551953315735,0.0,1.0,0.01982603744658936,9.97341600358286e-06,,False,False,6.308158239098915e-07,,nonpositive_total_gain,,-345.59471771121025,1.0,False,False,0.017625686211374163,,1.2947035767419411e-05,784.2728592157364,0.001953125,False,False,0.012253526298114822,,1.5912675084929884e-06,749.63842689991,0.001953125,False,False,0.014996788763667546,,4.687966659352109e-06,766.9556430578232,0.0,False,False,,nonpositive_total_gain,,-238.20148704224533,0.984375,False,False
confirm-M-w64-d61103-s1001-g04-random,5,M,64,61103,1001,random,False,412.9454268217087,0.8065340367611498,412.9454268217087,-0.0,412.9454268217087,0.0,1.0,0.02742154395145325,1.3199640849983586e-05,,False,False,6.308158239098915e-07,,nonpositive_total_gain,,-341.21355870366096,1.0,False,False,0.023864685165415622,,1.868229460487458e-05,826.8480567932129,0.0,False,False,0.01706571441359979,,2.0417455124735158e-06,753.2017847299576,0.001953125,False,False,0.02061786311228935,,7.3015759376903775e-06,790.0249207615852,0.0,False,False,,nonpositive_total_gain,,-221.361579753694,0.982421875,False,False
confirm-M-w64-d61103-s1001-g04-random,10,M,64,61103,1001,random,False,458.05979180336,0.8946480308659375,458.05979180336,-0.0,458.05979180336,0.0,1.0,0.0341513572619076,1.9917390058595973e-05,,False,False,7.798274358483681e-07,,nonpositive_total_gain,,-269.5196835696697,1.0,False,False,0.030217572978911554,,2.4072355943027046e-05,858.1420582532883,0.0,False,False,0.02200089549340198,,5.121118544235822e-06,785.5570157766342,0.00390625,False,False,0.026282365261964813,,1.1353190618203384e-05,821.8495370149612,0.0,False,False,,nonpositive_total_gain,,-176.24721477204267,0.96875,False,False
confirm-M-w64-d61103-s1001-g04-random,20,M,64,61103,1001,random,False,504.795977473259,0.9859296435024589,504.795977473259,-0.0,504.795977473259,0.0,1.0,0.04188300140030793,2.337363471477346e-05,,False,False,7.400910059240928e-07,,nonpositive_total_gain,,-191.3401142656803,1.0,False,False,0.03570216768534647,,2.9989527049781043e-05,869.3309767246246,0.0,False,False,0.02584197938568516,,5.948668067824957e-06,836.3970799446106,0.00390625,False,False,0.030854716414255724,,1.383078010878225e-05,852.8640283346176,0.0,False,False,,nonpositive_total_gain,,-129.5110291021437,0.923828125,False,False
confirm-M-w64-d61103-s1001-g04-random,30,M,64,61103,1001,random,False,547.1738766431808,1.0686989778187126,547.1738766431808,-0.0,547.1738766431808,0.0,1.0,0.05024596269422904,3.815301791632704e-05,,False,False,7.500251133496505e-07,,nonpositive_total_gain,,-135.90914505720139,0.998046875,False,False,0.04379085510581128,,4.0061654368186876e-05,901.7524039745331,0.001953125,False,False,0.033381653234934874,,1.2236950509253828e-05,875.6783876419067,0.00390625,False,False,0.03865068656790287,,2.294239529506643e-05,888.7153958082199,0.0,False,False,,nonpositive_total_gain,,-87.1331299322218,0.8125,False,False
confirm-M-w64-d61103-s1001-g04-uniform,1,M,64,61103,1001,uniform,False,364.44422924518585,0.7118051352445036,364.44422924518585,-0.0,364.44422924518585,0.0,1.0,,,constant_weights,False,False,6.407499313354492e-07,,constant_weights,,-511.56170079112053,1.0,False,False,,constant_weights,,784.8848839998245,0.001953125,False,False,,constant_weights,,820.0095245838165,0.001953125,False,False,,constant_weights,,802.4472042918205,0.0,False,False,,constant_weights,,-269.86277733021683,1.0,False,False
confirm-M-w64-d61103-s1001-g04-uniform,3,M,64,61103,1001,uniform,False,412.58389139175415,0.8058279128745198,412.58389139175415,-0.0,412.58389139175415,0.0,1.0,,,constant_weights,False,False,6.308158239098915e-07,,constant_weights,,-372.4773506820202,1.0,False,False,,constant_weights,,833.4680812358856,0.001953125,False,False,,constant_weights,,776.7609474658966,0.001953125,False,False,,constant_weights,,805.1145143508911,0.0,False,False,,constant_weights,,-221.72311518364853,0.986328125,False,False
confirm-M-w64-d61103-s1001-g04-uniform,5,M,64,61103,1001,uniform,False,438.2165809869766,0.8558917597401887,438.2165809869766,-0.0,438.2165809869766,0.0,1.0,,,constant_weights,False,False,5.861123402173263e-07,,constant_weights,,-330.49254843592644,1.0,False,False,,constant_weights,,867.951877117157,0.0,False,False,,constant_weights,,777.1904258728027,0.001953125,False,False,,constant_weights,,822.5711514949799,0.0,False,False,,constant_weights,,-196.09042558842606,0.982421875,False,False
confirm-M-w64-d61103-s1001-g04-uniform,10,M,64,61103,1001,uniform,False,503.06872165203094,0.9825560969766229,503.06872165203094,-0.0,503.06872165203094,0.0,1.0,,,constant_weights,False,False,7.500251133496505e-07,,constant_weights,,-216.27886232733727,1.0,False,False,,constant_weights,,875.714968085289,0.0,False,False,,constant_weights,,849.7700773477554,0.001953125,False,False,,constant_weights,,862.7425227165222,0.0,False,False,,constant_weights,,-131.23828492337174,0.955078125,False,False
confirm-M-w64-d61103-s1001-g04-uniform,20,M,64,61103,1001,uniform,False,590.9334570169449,1.1541669082362205,590.9334570169449,-0.0,590.9334570169449,0.0,1.0,,,constant_weights,False,False,6.258487701416016e-07,,constant_weights,,-35.04625751078129,0.8671875,False,False,,constant_weights,,899.0093901157379,0.001953125,False,False,,constant_weights,,908.8372410535812,0.001953125,False,False,,constant_weights,,903.9233155846596,0.0,False,False,,constant_weights,,-43.37354955845774,0.828125,False,False
confirm-M-w64-d61103-s1001-g04-uniform,30,M,64,61103,1001,uniform,False,642.2209395170212,1.254337772494182,642.2209395170212,-0.0,642.2209395170212,0.0,1.0,,,constant_weights,False,False,6.556510925292969e-07,,constant_weights,,49.7419638261199,0.0,False,False,,constant_weights,,942.7820237874985,0.001953125,False,False,,constant_weights,,934.1388357877731,0.005859375,False,False,,constant_weights,,938.4604297876358,0.0,False,False,,constant_weights,,7.913932941618555,0.453125,False,False
confirm-M-w64-d61103-s1002-g04-random,1,M,64,61103,1002,random,False,356.79974722862244,0.6968745063059032,356.79974722862244,-0.0,356.79974722862244,0.0,1.0,2.4790807110079432e-05,4.939181577990777e-06,,True,False,5.960464477539062e-07,,nonpositive_total_gain,,-434.62506371736526,1.0,False,False,0.0030280239747531483,,6.97488652873142e-06,735.3049639463425,0.001953125,False,False,0.0,,6.951823271652684e-06,769.7193356752396,0.001953125,True,False,0.0,,2.4415665297012227e-06,752.512149810791,0.0,True,False,,nonpositive_total_gain,,-274.1698827522368,1.0,False,False
confirm-M-w64-d61103-s1002-g04-random,3,M,64,61103,1002,random,False,385.0157904624939,0.7519839657470584,385.0157904624939,-0.0,385.0157904624939,0.0,1.0,0.01303172592698175,7.356773537254867e-06,,False,False,8.145968118933311e-07,,nonpositive_total_gain,,-344.76911294460297,1.0,False,False,0.012007872645961336,,5.856159157317317e-06,760.1310497522354,0.0,False,False,0.00573833392202187,,6.43174941728679e-06,739.685418844223,0.001953125,False,False,0.008919594155307655,,3.7937201055134347e-06,749.9082342982292,0.0,False,False,,nonpositive_total_gain,,-245.95383951836533,0.986328125,False,False
confirm-M-w64-d61103-s1002-g04-random,5,M,64,61103,1002,random,False,402.60642993450165,0.7863406834658235,402.60642993450165,-0.0,402.60642993450165,0.0,1.0,0.020389355850236733,1.0820096952988952e-05,,False,False,5.761782329027909e-07,,nonpositive_total_gain,,-319.29393595457077,1.0,False,False,0.017116850359035242,,6.600735710873772e-06,794.639786362648,0.0,False,False,0.011879822026449625,,1.0732128932496552e-05,732.4734464883804,0.001953125,False,False,0.0146080731931848,,5.968989384614816e-06,763.5566164255142,0.0,False,False,,nonpositive_total_gain,,-228.36320004635758,0.984375,False,False
confirm-M-w64-d61103-s1002-g04-random,10,M,64,61103,1002,random,False,451.05427181720734,0.8809653746429831,451.05427181720734,-0.0,451.05427181720734,0.0,1.0,0.026760485821334917,1.6255589666816402e-05,,False,False,6.159146626050216e-07,,nonpositive_total_gain,,-288.55857622623444,1.0,False,False,0.020757035618361133,,6.932333702994716e-06,844.487579703331,0.0,False,False,0.01668516401210251,,2.0281698030143786e-05,797.2338042259216,0.00390625,False,False,0.018783353229044,,9.744244111214629e-06,820.8606919646263,0.0,False,False,,nonpositive_total_gain,,-179.9153581636519,0.970703125,False,False
confirm-M-w64-d61103-s1002-g04-random,20,M,64,61103,1002,random,False,503.37863171100616,0.9831613900605589,503.37863171100616,-0.0,503.37863171100616,0.0,1.0,0.031429691556168884,2.9945292820377435e-05,,False,False,5.960464477539062e-07,,nonpositive_total_gain,,-187.38751745224,1.0,False,False,0.02618083307980234,,1.245248088657589e-05,857.0353490114212,0.0,False,False,0.01704549165637413,,2.40628082693309e-05,840.4880491495132,0.005859375,False,False,0.021662130364094256,,1.5666924640604502e-05,848.7616990804672,0.0,False,False,,nonpositive_total_gain,,-127.59099826985306,0.916015625,False,False
confirm-M-w64-d61103-s1002-g04-random,30,M,64,61103,1002,random,False,557.4710277318954,1.0888106010388583,557.4710277318954,-0.0,557.4710277318954,0.0,1.0,0.03691295951788279,3.53342767248359e-05,,False,False,5.56310017829631e-07,,nonpositive_total_gain,,-90.03892633318901,0.98046875,False,False,0.034357861310904375,,2.065530492667815e-05,882.9912790060043,0.001953125,False,False,0.021932801318016684,,3.109799258525674e-05,879.4607145786285,0.00390625,False,False,0.028160587274938434,,2.3697602955568666e-05,881.2259967923164,0.0,False,False,,nonpositive_total_gain,,-73.49860224896373,0.802734375,False,False
confirm-M-w64-d61103-s1002-g04-uniform,1,M,64,61103,1002,uniform,False,357.28790509700775,0.6978279396425933,357.28790509700775,-0.0,357.28790509700775,0.0,1.0,,,constant_weights,False,False,6.457169851037392e-07,,constant_weights,,-501.26189863681793,1.0,False,False,,constant_weights,,767.6476362943649,0.001953125,False,False,,constant_weights,,805.4779804944992,0.001953125,False,False,,constant_weights,,786.5628083944321,0.0,False,False,,constant_weights,,-273.6817248838515,1.0,False,False
confirm-M-w64-d61103-s1002-g04-uniform,3,M,64,61103,1002,uniform,False,406.0917499065399,0.7931479490362108,406.0917499065399,-0.0,406.0917499065399,0.0,1.0,,,constant_weights,False,False,7.152557373046875e-07,,constant_weights,,-376.3298929333687,1.0,False,False,,constant_weights,,820.9095442295074,0.0,False,False,,constant_weights,,773.6955943107605,0.001953125,False,False,,constant_weights,,797.302569270134,0.0,False,False,,constant_weights,,-224.8778800743193,0.990234375,False,False
confirm-M-w64-d61103-s1002-g04-uniform,5,M,64,61103,1002,uniform,False,435.2756289243698,0.8501477127429098,435.2756289243698,-0.0,435.2756289243698,0.0,1.0,,,constant_weights,False,False,5.861123403283486e-07,,constant_weights,,-322.1637697815895,1.0,False,False,,constant_weights,,856.3170537948608,0.0,False,False,,constant_weights,,771.6735953092575,0.001953125,False,False,,constant_weights,,813.9953245520592,0.0,False,False,,constant_weights,,-195.6940010564894,0.982421875,False,False
confirm-M-w64-d61103-s1002-g04-uniform,10,M,64,61103,1002,uniform,False,504.5459152460098,0.9854412407148629,504.5459152460098,-0.0,504.5459152460098,0.0,1.0,,,constant_weights,False,False,6.357828776781815e-07,,constant_weights,,-219.2879566848278,1.0,False,False,,constant_weights,,872.9637174606323,0.0,False,False,,constant_weights,,859.961971282959,0.005859375,False,False,,constant_weights,,866.4628443717957,0.0,False,False,,constant_weights,,-126.4237147348494,0.955078125,False,False
confirm-M-w64-d61103-s1002-g04-uniform,20,M,64,61103,1002,uniform,False,599.1173774003983,1.1701511277351528,599.1173774003983,-0.0,599.1173774003983,0.0,1.0,,,constant_weights,False,False,5.960464477539062e-07,,constant_weights,,-1.1736865192651749,0.44140625,False,False,,constant_weights,,888.2797182798386,0.001953125,False,False,,constant_weights,,910.24609541893,0.00390625,False,False,,constant_weights,,899.2629068493843,0.0,False,False,,constant_weights,,-31.852252580460913,0.775390625,False,False
confirm-M-w64-d61103-s1002-g04-uniform,30,M,64,61103,1002,uniform,False,640.4403800964355,1.2508601173758507,640.4403800964355,-0.0,640.4403800964355,0.0,1.0,,,constant_weights,False,False,7.251898448412675e-07,,constant_weights,,57.457370296120644,0.0,False,False,,constant_weights,,934.5560675859451,0.001953125,False,False,,constant_weights,,929.3076863288879,0.005859375,False,False,,constant_weights,,931.9318769574165,0.0,False,False,,constant_weights,,9.47075011557638,0.474609375,False,False
confirm-M-w64-d61103-s1003-g04-random,1,M,64,61103,1003,random,False,355.48558151721954,0.6943077764008194,355.48558151721954,-0.0,355.48558151721954,0.0,1.0,0.0024519439703760033,2.0258486437934507e-05,,False,False,7.748603820800781e-07,,nonpositive_total_gain,,-467.77243331074715,1.0,False,False,0.004732081044262605,,1.336697720350619e-05,753.1795530319214,0.001953125,False,False,0.0,,1.0294087391284237e-05,781.0496182441711,0.001953125,True,False,0.0012086047480755762,,9.016356804626116e-06,767.1145856380463,0.0,False,False,,nonpositive_total_gain,,-281.7369962709517,1.0,False,False
confirm-M-w64-d61103-s1003-g04-random,3,M,64,61103,1003,random,False,389.60667395591736,0.7609505350701511,389.60667395591736,-0.0,389.60667395591736,0.0,1.0,0.012934683893375015,4.1103840447189026e-05,,False,False,6.854534149169922e-07,,nonpositive_total_gain,,-359.72009667754173,1.0,False,False,0.012857878906249894,,2.140151934859771e-05,785.1291252374649,0.0,False,False,0.00377843708758744,,2.317251859688873e-05,743.4109996557236,0.001953125,False,False,0.008443571627939045,,2.0519783038398426e-05,764.2700624465942,0.0,False,False,,nonpositive_total_gain,,-247.61590383225388,0.98828125,False,False
confirm-M-w64-d61103-s1003-g04-random,5,M,64,61103,1003,random,False,405.33235335350037,0.7916647526435554,405.33235335350037,-0.0,405.33235335350037,0.0,1.0,0.01883392076024694,6.50978520149795e-05,,False,False,7.251898447302452e-07,,nonpositive_total_gain,,-344.7707866728306,1.0,False,False,0.015890853925681243,,3.2554476034465414e-05,821.8787900209427,0.0,False,False,0.00863869293511681,,3.973341610612653e-05,738.8890520334244,0.001953125,False,False,0.012459620232593203,,3.382836977620412e-05,780.3839210271835,0.0,False,False,,nonpositive_total_gain,,-231.89022443467087,0.984375,False,False
confirm-M-w64-d61103-s1003-g04-random,10,M,64,61103,1003,random,False,444.05908715724945,0.8673029046040028,444.05908715724945,-0.0,444.05908715724945,0.0,1.0,0.026232302065171964,9.93318608296567e-05,,False,False,6.755193073804122e-07,,nonpositive_total_gain,,-299.3770247399807,1.0,False,False,0.021505292306217373,,4.024103861535809e-05,864.8307157754898,0.0,False,False,0.015096196786747125,,6.845524078545641e-05,766.7235578298569,0.001953125,False,False,0.01849806809447057,,4.965267929344475e-05,815.7771368026733,0.0,False,False,,nonpositive_total_gain,,-193.16349063092179,0.9609375,False,False
confirm-M-w64-d61103-s1003-g04-random,20,M,64,61103,1003,random,False,497.75054717063904,0.9721690374426544,497.75054717063904,-0.0,497.75054717063904,0.0,1.0,0.03366116949578324,9.725669849485167e-05,,False,False,8.543332417065841e-07,,nonpositive_total_gain,,-215.5523726940155,1.0,False,False,0.02876173072967631,,5.445503316226303e-05,883.8909375667572,0.0,False,False,0.01661217392377754,,6.36503146137631e-05,824.9130563735962,0.005859375,False,False,0.02289883568329712,,5.565683526542374e-05,854.4019969701767,0.0,False,False,,nonpositive_total_gain,,-139.4720306175322,0.9140625,False,False
confirm-M-w64-d61103-s1003-g04-random,30,M,64,61103,1003,random,False,551.2045118808746,1.0765713122673333,551.2045118808746,-0.0,551.2045118808746,0.0,1.0,0.03855783125167947,9.958379921169621e-05,,False,False,6.854534149169922e-07,,nonpositive_total_gain,,-130.1192090511322,0.99609375,False,False,0.034901679648103645,,6.922099683844255e-05,914.0460432767868,0.001953125,False,False,0.02060936625627985,,7.415564643214303e-05,869.6866919994354,0.0078125,False,False,0.02793343258013247,,6.905377068349309e-05,891.8663676381111,0.0,False,False,,nonpositive_total_gain,,-86.01806590729657,0.84375,False,False
confirm-M-w64-d61103-s1003-g04-uniform,1,M,64,61103,1003,uniform,False,360.84707283973694,0.7047794391401112,360.84707283973694,-0.0,360.84707283973694,0.0,1.0,,,constant_weights,False,False,5.960464477539062e-07,,constant_weights,,-504.0839196741581,1.0,False,False,,constant_weights,,783.2166857719421,0.001953125,False,False,,constant_weights,,803.4084521532059,0.001953125,False,False,,constant_weights,,793.312568962574,0.0,False,False,,constant_weights,,-276.3755049484343,1.0,False,False
confirm-M-w64-d61103-s1003-g04-uniform,3,M,64,61103,1003,uniform,False,408.7322988510132,0.7983052711933851,408.7322988510132,-0.0,408.7322988510132,0.0,1.0,,,constant_weights,False,False,5.960464477539062e-07,,constant_weights,,-382.52153155207634,1.0,False,False,,constant_weights,,840.6011154651642,0.0,False,False,,constant_weights,,768.1173206567764,0.001953125,False,False,,constant_weights,,804.3592180609703,0.0,False,False,,constant_weights,,-228.49027893715805,0.990234375,False,False
confirm-M-w64-d61103-s1003-g04-uniform,5,M,64,61103,1003,uniform,False,434.7085862159729,0.8490402074530721,434.7085862159729,-0.0,434.7085862159729,0.0,1.0,,,constant_weights,False,False,6.357828776781815e-07,,constant_weights,,-330.3644433915615,1.0,False,False,,constant_weights,,873.3605005741119,0.0,False,False,,constant_weights,,761.1296941041946,0.001953125,False,False,,constant_weights,,817.2450973391533,0.0,False,False,,constant_weights,,-202.51399157219834,0.984375,False,False
confirm-M-w64-d61103-s1003-g04-uniform,10,M,64,61103,1003,uniform,False,504.3355851173401,0.9850304396823049,504.3355851173401,-0.0,504.3355851173401,0.0,1.0,,,constant_weights,False,False,8.74201456779744e-07,,constant_weights,,-205.00878965854645,1.0,False,False,,constant_weights,,884.7224168777466,0.0,False,False,,constant_weights,,833.2931154966354,0.00390625,False,False,,constant_weights,,859.007766187191,0.0,False,False,,constant_weights,,-132.88699267083115,0.9453125,False,False
confirm-M-w64-d61103-s1003-g04-uniform,20,M,64,61103,1003,uniform,False,589.6238389015198,1.1516090603545308,589.6238389015198,-0.0,589.6238389015198,0.0,1.0,,,constant_weights,False,False,6.357828776781815e-07,,constant_weights,,-27.582743734121323,0.779296875,False,False,,constant_weights,,909.0104174613953,0.001953125,False,False,,constant_weights,,887.4438426494598,0.00390625,False,False,,constant_weights,,898.2271300554276,0.0,False,False,,constant_weights,,-47.598738886651404,0.84765625,False,False
confirm-M-w64-d61103-s1003-g04-uniform,30,M,64,61103,1003,uniform,False,636.2062746286392,1.242590380134061,636.2062746286392,-0.0,636.2062746286392,0.0,1.0,,,constant_weights,False,False,6.407499313354492e-07,,constant_weights,,46.355155900120735,0.001953125,False,False,,constant_weights,,944.807558298111,0.001953125,False,False,,constant_weights,,917.456103682518,0.005859375,False,False,,constant_weights,,931.1318309903145,0.0,False,False,,constant_weights,,-1.016303159531958,0.560546875,False,False
confirm-M-w64-d61211-s1001-g04-random,1,M,64,61211,1001,random,False,357.59143829345703,0.6984207779169083,357.59143829345703,-0.0,357.59143829345703,0.0,1.0,0.01797918768013832,4.8567972478906235e-06,,False,False,6.308158239098915e-07,,nonpositive_total_gain,,-505.4225780516863,1.0,False,False,0.008394942221685367,,1.1879049433737268e-05,777.986298084259,0.0,False,False,0.014650251678981523,,3.7953259502456084e-06,800.2105901241302,0.0,False,False,0.011559007398575832,,2.1522036998397615e-06,789.0984441041946,0.0,False,False,,nonpositive_total_gain,,-277.7454056518645,1.0,False,False
confirm-M-w64-d61211-s1001-g04-random,3,M,64,61211,1001,random,False,389.2323784828186,0.7602194892242551,389.2323784828186,-0.0,389.2323784828186,0.0,1.0,0.025335786333449524,8.447555131638192e-06,,False,False,6.407499313354492e-07,,nonpositive_total_gain,,-371.9773490577936,1.0,False,False,0.013760134001321037,,8.401021804243637e-06,787.4252700805664,0.0,False,False,0.022620381344005056,,4.018113861310512e-06,752.2492014169693,0.0,False,False,0.018083188333276275,,4.202254050102808e-06,769.8372357487679,0.0,False,False,,nonpositive_total_gain,,-246.1044654625029,0.998046875,False,False
confirm-M-w64-d61211-s1001-g04-random,5,M,64,61211,1001,random,False,404.96859312057495,0.790954283438623,404.96859312057495,-0.0,404.96859312057495,0.0,1.0,0.03132419457415492,1.3112126364160005e-05,,False,False,5.612770717089433e-07,,nonpositive_total_gain,,-349.67109955847263,1.0,False,False,0.01843214508919363,,9.884162017277035e-06,814.4808390140533,0.0,False,False,0.02809403857450536,,9.161310155109655e-06,750.0960364341736,0.0,False,False,0.023055712536759705,,6.796096788200717e-06,782.2884377241135,0.0,False,False,,nonpositive_total_gain,,-230.36825082474655,0.998046875,False,False
confirm-M-w64-d61211-s1001-g04-random,10,M,64,61211,1001,random,False,444.2460960149765,0.867668156279251,444.2460960149765,-0.0,444.2460960149765,0.0,1.0,0.039666440266453246,1.967182510982591e-05,,False,False,5.463759105150956e-07,,nonpositive_total_gain,,-304.3725448399782,1.0,False,False,0.023780051827961703,,1.424948791204719e-05,852.6815189123154,0.0,False,False,0.0360151310567831,,1.1017010154764223e-05,784.4293028116226,0.0,False,False,0.02963353639857383,,1.0730229224028814e-05,818.555410861969,0.0,False,False,,nonpositive_total_gain,,-191.090747930345,0.990234375,False,False
confirm-M-w64-d61211-s1001-g04-random,20,M,64,61211,1001,random,False,498.9111430644989,0.9744358262978494,498.9111430644989,-0.0,498.9111430644989,0.0,1.0,0.0422934494445609,2.715227732528693e-05,,False,False,5.861123403283486e-07,,nonpositive_total_gain,,-218.10440801084042,1.0,False,False,0.027760460547623704,,1.9462348055148807e-05,869.4847403764725,0.001953125,False,False,0.03608568757730052,,1.5318389996128058e-05,845.3530957698822,0.0,False,False,0.03185906981141284,,1.4538769695527593e-05,857.4189180731773,0.0,False,False,,nonpositive_total_gain,,-136.4257008808226,0.953125,False,False
confirm-M-w64-d61211-s1001-g04-random,30,M,64,61211,1001,random,False,548.8016611337662,1.071878244401887,548.8016611337662,-0.0,548.8016611337662,0.0,1.0,0.04679904042063389,3.2056277642833006e-05,,False,False,5.463759104040733e-07,,nonpositive_total_gain,,-111.72043949365616,0.9921875,False,False,0.03439684527717128,,2.8323919470627755e-05,885.7959005832672,0.001953125,False,False,0.038929242266355454,,2.382776755606235e-05,872.3295279741287,0.0,False,False,0.036643297893325086,,2.225159021107653e-05,879.062714278698,0.0,False,False,,nonpositive_total_gain,,-86.5351828115553,0.857421875,False,False
confirm-M-w64-d61211-s1001-g04-uniform,1,M,64,61211,1001,uniform,False,359.13313841819763,0.7014319109730422,359.13313841819763,-0.0,359.13313841819763,0.0,1.0,,,constant_weights,False,False,5.910793939856163e-07,,constant_weights,,-538.7455054074526,1.0,False,False,,constant_weights,,798.5688600540161,0.0,False,False,,constant_weights,,817.5760490894318,0.0,False,False,,constant_weights,,808.0724545717239,0.0,False,False,,constant_weights,,-276.2037055271239,1.0,False,False
confirm-M-w64-d61211-s1001-g04-uniform,3,M,64,61211,1001,uniform,False,405.27389538288116,0.7915505769196898,405.27389538288116,-0.0,405.27389538288116,0.0,1.0,,,constant_weights,False,False,5.16573588016378e-07,,constant_weights,,-383.13422007858753,1.0,False,False,,constant_weights,,825.4701528549194,0.0,False,False,,constant_weights,,773.4857527017593,0.0,False,False,,constant_weights,,799.4779527783394,0.0,False,False,,constant_weights,,-230.06294856244034,0.998046875,False,False
confirm-M-w64-d61211-s1001-g04-uniform,5,M,64,61211,1001,uniform,False,430.05862963199615,0.8399582609999925,430.05862963199615,-0.0,430.05862963199615,0.0,1.0,,,constant_weights,False,False,7.549921671179405e-07,,constant_weights,,-331.0968224555254,1.0,False,False,,constant_weights,,853.9981163740158,0.0,False,False,,constant_weights,,767.2745950222015,0.0,False,False,,constant_weights,,810.6363556981087,0.0,False,False,,constant_weights,,-205.27821431332535,0.98828125,False,False
confirm-M-w64-d61211-s1001-g04-uniform,10,M,64,61211,1001,uniform,False,495.65839743614197,0.9680828074924648,495.65839743614197,-0.0,495.65839743614197,0.0,1.0,,,constant_weights,False,False,5.662441253662109e-07,,constant_weights,,-229.48416610062122,1.0,False,False,,constant_weights,,880.189031124115,0.0,False,False,,constant_weights,,836.2703300714493,0.0,False,False,,constant_weights,,858.2296805977821,0.0,False,False,,constant_weights,,-139.67844650917954,0.98046875,False,False
confirm-M-w64-d61211-s1001-g04-uniform,20,M,64,61211,1001,uniform,False,590.1438727378845,1.1526247514411807,590.1438727378845,-0.0,590.1438727378845,0.0,1.0,,,constant_weights,False,False,5.364418029785156e-07,,constant_weights,,-25.292840838432312,0.77734375,False,False,,constant_weights,,900.3068044185638,0.0,False,False,,constant_weights,,895.4176456928253,0.0,False,False,,constant_weights,,897.8622250556946,0.0,False,False,,constant_weights,,-45.192971207436926,0.85546875,False,False
confirm-M-w64-d61211-s1001-g04-uniform,30,M,64,61211,1001,uniform,False,635.1528438329697,1.2405328981112689,635.1528438329697,-0.0,635.1528438329697,0.0,1.0,,,constant_weights,False,False,5.314747493212479e-07,,constant_weights,,55.661858573555946,0.0,False,False,,constant_weights,,929.4265685081482,0.0,False,False,,constant_weights,,920.3701040744781,0.001953125,False,False,,constant_weights,,924.8983362913132,0.0,False,False,,constant_weights,,-0.18400011235178226,0.541015625,False,False
confirm-M-w64-d61211-s1002-g04-random,1,M,64,61211,1002,random,False,355.657928109169,0.6946443908382207,355.657928109169,-0.0,355.657928109169,0.0,1.0,0.004761090939154394,5.612482860005338e-06,,False,False,5.662441253662109e-07,,nonpositive_total_gain,,-432.6543911844492,1.0,False,False,0.0,,1.1869899216402695e-05,746.4766463041306,0.0,True,False,0.009226904618048131,,7.224770578001603e-06,753.1515493392944,0.0,False,False,0.002925339461231113,,2.9449379535813313e-06,749.8140978217125,0.0,False,False,,nonpositive_total_gain,,-278.61151061230606,1.0,False,False
confirm-M-w64-d61211-s1002-g04-random,3,M,64,61211,1002,random,False,385.7937693595886,0.7535034557804465,385.7937693595886,-0.0,385.7937693595886,0.0,1.0,0.017817941441109285,8.546964483633601e-06,,False,False,6.705522537231445e-07,,nonpositive_total_gain,,-336.1252066642046,1.0,False,False,0.005967876551457066,,1.0226965029186588e-05,768.3298773765564,0.0,False,False,0.02024849241329471,,3.5495893729735355e-06,725.1766372919083,0.0,False,False,0.012907833440125933,,4.025242870921113e-06,746.7532573342323,0.0,False,False,,nonpositive_total_gain,,-248.47566936188645,0.9921875,False,False
confirm-M-w64-d61211-s1002-g04-random,5,M,64,61211,1002,random,False,403.36029052734375,0.7878130674362183,403.36029052734375,-0.0,403.36029052734375,0.0,1.0,0.02583209516999231,1.6747864439705385e-05,,False,False,6.705522537231445e-07,,nonpositive_total_gain,,-320.4366829544306,1.0,False,False,0.011015388659117584,,1.665520564928977e-05,802.8615064620972,0.0,False,False,0.027334623133394916,,4.2311230058995544e-06,727.65605032444,0.0,False,False,0.018783352537310026,,6.9738659022668785e-06,765.2587783932686,0.0,False,False,,nonpositive_total_gain,,-230.90914819413132,0.986328125,False,False
confirm-M-w64-d61211-s1002-g04-random,10,M,64,61211,1002,random,False,454.74437749385834,0.8881726122926921,454.74437749385834,-0.0,454.74437749385834,0.0,1.0,0.03328668390690155,2.2850235141403452e-05,,False,False,6.755193074914345e-07,,nonpositive_total_gain,,-274.35572116076946,1.0,False,False,0.015857925142677864,,2.414003346413935e-05,853.3247463703156,0.0,False,False,0.03465909237062191,,1.0526394991639012e-05,785.264123082161,0.0,False,False,0.024873079710476913,,1.372125701682249e-05,819.2944347262383,0.0,False,False,,nonpositive_total_gain,,-179.52506122761673,0.984375,False,False
confirm-M-w64-d61211-s1002-g04-random,20,M,64,61211,1002,random,False,512.3621090650558,1.0007072442676872,512.3621090650558,-0.0,512.3621090650558,0.0,1.0,0.03559339671524936,2.3346691816300264e-05,,False,False,5.563100179406533e-07,,nonpositive_total_gain,,-157.81597478687763,1.0,False,False,0.019074972409114106,,3.0206219673844695e-05,871.8655042648315,0.0,False,False,0.035833868362928636,,7.661494038927108e-06,823.0368094444275,0.0,False,False,0.027226962856781764,,1.4070856442038886e-05,847.4511568546295,0.0,False,False,,nonpositive_total_gain,,-121.90732965641922,0.927734375,False,False
confirm-M-w64-d61211-s1002-g04-random,30,M,64,61211,1002,random,False,555.4369525909424,1.0848377980291843,555.4369525909424,-0.0,555.4369525909424,0.0,1.0,0.040949587569581156,3.006732808165276e-05,,False,False,6.655852000658768e-07,,nonpositive_total_gain,,-75.6966922879219,0.96875,False,False,0.025315865173595867,,4.7961344682820064e-05,887.0860908031464,0.0,False,False,0.04007365831971854,,8.543192974183283e-06,854.9214553833008,0.0,False,False,0.03257655901747396,,2.1459191035718276e-05,871.0037730932236,0.0,False,False,,nonpositive_total_gain,,-78.83248613053264,0.845703125,False,False
confirm-M-w64-d61211-s1002-g04-uniform,1,M,64,61211,1002,uniform,False,357.118359208107,0.697496795328334,357.118359208107,-0.0,357.118359208107,0.0,1.0,,,constant_weights,False,False,6.258487701416016e-07,,constant_weights,,-493.5822879821062,1.0,False,False,,constant_weights,,781.2012540102005,0.0,False,False,,constant_weights,,783.7361142635345,0.0,False,False,,constant_weights,,782.4686841368675,0.0,False,False,,constant_weights,,-277.1510795133681,1.0,False,False
confirm-M-w64-d61211-s1002-g04-uniform,3,M,64,61211,1002,uniform,False,402.62229120731354,0.7863716625142843,402.62229120731354,-0.0,402.62229120731354,0.0,1.0,,,constant_weights,False,False,5.960464477539062e-07,,constant_weights,,-381.1131062656641,1.0,False,False,,constant_weights,,826.7927476167679,0.0,False,False,,constant_weights,,762.1872409582138,0.0,False,False,,constant_weights,,794.4899942874908,0.0,False,False,,constant_weights,,-231.64714751416153,0.99609375,False,False
confirm-M-w64-d61211-s1002-g04-uniform,5,M,64,61211,1002,uniform,False,433.2856320142746,0.8462610000278801,433.2856320142746,-0.0,433.2856320142746,0.0,1.0,,,constant_weights,False,False,6.854534149169922e-07,,constant_weights,,-304.0944959074259,1.0,False,False,,constant_weights,,849.3239591121674,0.0,False,False,,constant_weights,,754.6274455785751,0.0,False,False,,constant_weights,,801.9757023453712,0.0,False,False,,constant_weights,,-200.98380670720047,0.98828125,False,False
confirm-M-w64-d61211-s1002-g04-uniform,10,M,64,61211,1002,uniform,False,504.03404474258423,0.9844414936378598,504.03404474258423,-0.0,504.03404474258423,0.0,1.0,,,constant_weights,False,False,5.712111790234786e-07,,constant_weights,,-191.77710296213627,1.0,False,False,,constant_weights,,876.4863826036453,0.0,False,False,,constant_weights,,827.3928623199463,0.0,False,False,,constant_weights,,851.9396224617958,0.0,False,False,,constant_weights,,-130.23539397889084,0.970703125,False,False
confirm-M-w64-d61211-s1002-g04-uniform,20,M,64,61211,1002,uniform,False,597.9468898773193,1.1678650192916393,597.9468898773193,-0.0,597.9468898773193,0.0,1.0,,,constant_weights,False,False,6.506840388720292e-07,,constant_weights,,9.258148357272148,0.265625,False,False,,constant_weights,,899.7553400993347,0.0,False,False,,constant_weights,,884.8271915912628,0.0,False,False,,constant_weights,,892.2912658452988,0.0,False,False,,constant_weights,,-36.322548844155676,0.806640625,False,False
confirm-M-w64-d61211-s1002-g04-uniform,30,M,64,61211,1002,uniform,False,627.8710318803787,1.2263106091413647,627.8710318803787,-0.0,627.8710318803787,0.0,1.0,,,constant_weights,False,False,5.662441253662109e-07,,constant_weights,,59.01970726251602,0.0,False,False,,constant_weights,,921.318784236908,0.001953125,False,False,,constant_weights,,903.2746200561523,0.0,False,False,,constant_weights,,912.2967021465302,0.0,False,False,,constant_weights,,-6.398406841096289,0.630859375,False,False
confirm-M-w64-d61211-s1003-g04-random,1,M,64,61211,1003,random,False,354.6839133501053,0.6927420182619244,354.7069203853607,0.02300703525543213,354.72992742061615,0.001953125,0.9998702842163742,0.002168889380445985,1.0559439436816787e-05,,False,False,6.010135015221962e-07,,nonpositive_total_gain,,-453.1341076642275,1.0,False,False,0.0,,1.015055104630768e-05,750.2232489585876,0.0,True,False,0.0038373641273652392,,5.096477402952087e-06,766.9625990390778,0.0,False,False,0.0013351782609014842,,5.317591585258224e-06,758.5929239988327,0.0,False,False,,nonpositive_total_gain,,-275.8228356617064,0.998046875,False,False
confirm-M-w64-d61211-s1003-g04-random,3,M,64,61211,1003,random,False,382.1629331111908,0.7464119787327945,382.1629331111908,-0.0,382.1629331111908,0.0,1.0,0.012921911505252463,4.88981159295895e-06,,False,False,5.662441253662109e-07,,nonpositive_total_gain,,-337.3654002100229,1.0,False,False,0.006004282875520059,,7.077709341807943e-06,760.4947922229767,0.0,False,False,0.01285093475983223,,2.5386952991869854e-06,723.359409570694,0.0,False,False,0.009343858042510592,,3.0429081551491373e-06,741.9271008968353,0.0,False,False,,nonpositive_total_gain,,-248.34381590062088,0.9921875,False,False
confirm-M-w64-d61211-s1003-g04-random,5,M,64,61211,1003,random,False,392.876712679863,0.7673373294528574,392.876712679863,-0.0,392.876712679863,0.0,1.0,0.02282426890525127,1.0798719022850178e-05,,False,False,5.662441253662109e-07,,nonpositive_total_gain,,-321.61174370348454,1.0,False,False,0.0121721196355312,,1.2224806058671509e-05,782.4308537244797,0.0,False,False,0.0212551257059539,,4.421113198759573e-06,717.8110437393188,0.0,False,False,0.016520971638441795,,5.950954366497509e-06,750.1209487318993,0.0,False,False,,nonpositive_total_gain,,-237.6300363319487,0.986328125,False,False
confirm-M-w64-d61211-s1003-g04-random,10,M,64,61211,1003,random,False,419.292893409729,0.818931432440877,419.3091803789139,0.01628696918487549,419.32546734809875,0.001953125,0.9999223182446424,0.036048718172549565,2.9354768688604597e-05,,False,False,6.556510925292969e-07,,nonpositive_total_gain,,-285.9226109534502,1.0,False,False,0.02009293099240271,,2.3316142058426676e-05,806.8824840784073,0.0,False,False,0.033248662305037216,,1.2085181384880167e-05,736.9188063144684,0.0,False,False,0.02637441208860012,,1.525281138096177e-05,771.9006451964378,0.0,False,False,,nonpositive_total_gain,,-211.21385560208267,0.970703125,False,False
confirm-M-w64-d61211-s1003-g04-random,20,M,64,61211,1003,random,False,476.7214344739914,0.9310965517070144,476.7214344739914,-0.0,476.7214344739914,0.0,1.0,0.041150621477275204,3.339559575946845e-05,,False,False,7.053216298791298e-07,,nonpositive_total_gain,,-201.0341326147318,1.0,False,False,0.026470927490240673,,2.823974487780078e-05,834.4774445295334,0.0,False,False,0.03469128921717836,,1.4648559733498559e-05,796.7209955453873,0.0,False,False,0.03048771901343081,,1.9435583604358138e-05,815.5992200374603,0.0,False,False,,nonpositive_total_gain,,-153.78531453782028,0.9296875,False,False
confirm-M-w64-d61211-s1003-g04-random,30,M,64,61211,1003,random,False,529.9964298009872,1.0351492769550532,529.9964298009872,-0.0,529.9964298009872,0.0,1.0,0.04574906756925694,4.302028787313698e-05,,False,False,5.463759105150956e-07,,nonpositive_total_gain,,-128.14672647416592,0.99609375,False,False,0.029995383435988232,,4.731221667547426e-05,872.4219928979874,0.001953125,False,False,0.037925624987262166,,1.8747823881217594e-05,845.7140219211578,0.001953125,False,False,0.03390366601871368,,3.0293636510470524e-05,859.0680074095726,0.0,False,False,,nonpositive_total_gain,,-100.5103192108244,0.8359375,False,False
confirm-M-w64-d61211-s1003-g04-uniform,1,M,64,61211,1003,uniform,False,358.52994406223297,0.7002537969965488,358.54409897327423,0.014154911041259766,358.5582538843155,0.001953125,0.9999210454039871,,,constant_weights,False,False,6.953875223425499e-07,,constant_weights,,-502.37292321026325,1.0,False,False,,constant_weights,,781.3071601390839,0.0,False,False,,constant_weights,,796.655590057373,0.0,False,False,,constant_weights,,788.9813750982285,0.0,False,False,,constant_weights,,-271.9768049495787,1.0,False,False
confirm-M-w64-d61211-s1003-g04-uniform,3,M,64,61211,1003,uniform,False,400.15203189849854,0.781546937301755,400.15203189849854,-0.0,400.15203189849854,0.0,1.0,,,constant_weights,False,False,5.463759104040733e-07,,constant_weights,,-375.87108989059925,1.0,False,False,,constant_weights,,817.0618553161621,0.0,False,False,,constant_weights,,759.2653291225433,0.0,False,False,,constant_weights,,788.1635922193527,0.0,False,False,,constant_weights,,-230.35471711331314,0.994140625,False,False
confirm-M-w64-d61211-s1003-g04-uniform,5,M,64,61211,1003,uniform,False,422.87568402290344,0.8259290703572333,422.87568402290344,-0.0,422.87568402290344,0.0,1.0,,,constant_weights,False,False,6.407499313354492e-07,,constant_weights,,-330.4516058117151,1.0,False,False,,constant_weights,,843.3083280324936,0.0,False,False,,constant_weights,,755.7703354358673,0.0,False,False,,constant_weights,,799.5393317341805,0.0,False,False,,constant_weights,,-207.63106498890824,0.9921875,False,False
confirm-M-w64-d61211-s1003-g04-uniform,10,M,64,61211,1003,uniform,False,490.7672699689865,0.9585298241581768,490.7672699689865,-0.0,490.7672699689865,0.0,1.0,,,constant_weights,False,False,5.761782327917686e-07,,constant_weights,,-205.75739394128323,1.0,False,False,,constant_weights,,858.8313530683517,0.001953125,False,False,,constant_weights,,819.2278510332108,0.0,False,False,,constant_weights,,839.0296020507812,0.0,False,False,,constant_weights,,-139.73947904282517,0.978515625,False,False
confirm-M-w64-d61211-s1003-g04-uniform,20,M,64,61211,1003,uniform,False,581.145413517952,1.13504963577725,581.145413517952,-0.0,581.145413517952,0.0,1.0,,,constant_weights,False,False,6.854534149169922e-07,,constant_weights,,-28.05220800638199,0.79296875,False,False,,constant_weights,,887.9657108783722,0.001953125,False,False,,constant_weights,,883.5227289199829,0.0,False,False,,constant_weights,,885.7442198991776,0.0,False,False,,constant_weights,,-49.361335493859656,0.873046875,False,False
confirm-M-w64-d61211-s1003-g04-uniform,30,M,64,61211,1003,uniform,False,619.5705903768539,1.2100988093297929,619.5705903768539,-0.0,619.5705903768539,0.0,1.0,,,constant_weights,False,False,5.165735881274003e-07,,constant_weights,,44.75516825914383,0.0078125,False,False,,constant_weights,,907.7354571819305,0.0,False,False,,constant_weights,,906.2211549282074,0.0,False,False,,constant_weights,,906.978306055069,0.0,False,False,,constant_weights,,-10.936158634957678,0.625,False,False
confirm-M-w64-d61319-s1001-g04-random,1,M,64,61319,1001,random,False,356.76698446273804,0.6968105165287852,356.76698446273804,-0.0,356.76698446273804,0.0,1.0,0.008308761634373895,3.5771955971139916e-05,,False,False,6.059805551794639e-07,,nonpositive_total_gain,,-480.94522356987,1.0,False,False,0.005857071619934005,,1.9284713652370906e-05,768.6785064935684,0.005859375,False,False,0.0044582749724206335,,1.948167876399154e-05,782.5676667690277,0.0,False,False,0.0051515877870686975,,1.6384079019842232e-05,775.6230866312981,0.0,False,False,,nonpositive_total_gain,,-278.0704979675383,1.0,False,False
confirm-M-w64-d61319-s1001-g04-random,3,M,64,61319,1001,random,False,388.73351871967316,0.7592451537493616,388.73351871967316,-0.0,388.73351871967316,0.0,1.0,0.020090692000494355,5.128797646449793e-05,,False,False,7.251898447302452e-07,,nonpositive_total_gain,,-359.31674033403397,1.0,False,False,0.014297162538931135,,2.637323171315791e-05,779.6985758543015,0.00390625,False,False,0.01327332766175145,,3.781695909656194e-05,745.8187220096588,0.0,False,False,0.01379691201674382,,2.8540885262575466e-05,762.7586489319801,0.0,False,False,,nonpositive_total_gain,,-246.10396371060318,0.998046875,False,False
confirm-M-w64-d61319-s1001-g04-random,5,M,64,61319,1001,random,False,404.63995695114136,0.790312415920198,404.63995695114136,-0.0,404.63995695114136,0.0,1.0,0.02790917788105024,7.323141606003841e-05,,False,False,5.761782327917686e-07,,nonpositive_total_gain,,-342.80091655254364,1.0,False,False,0.01942106144283256,,3.6325430587221994e-05,811.4728902578354,0.00390625,False,False,0.02061625472462219,,5.70682725373217e-05,745.2479057312012,0.0,False,False,0.019992662038098935,,4.243321623334796e-05,778.3603979945183,0.0,False,False,,nonpositive_total_gain,,-230.19752547913498,0.9921875,False,False
confirm-M-w64-d61319-s1001-g04-random,10,M,64,61319,1001,random,False,443.99587512016296,0.8671794435940683,443.99587512016296,-0.0,443.99587512016296,0.0,1.0,0.033426269972086975,9.948182854465727e-05,,False,False,6.854534149169922e-07,,nonpositive_total_gain,,-280.9277905523777,1.0,False,False,0.023998324041681465,,5.0049425097935905e-05,841.735459446907,0.00390625,False,False,0.025940045493101,,8.235358915947209e-05,771.17995262146,0.0,False,False,0.024925443703099244,,6.21055128691037e-05,806.4577060341835,0.0,False,False,,nonpositive_total_gain,,-190.84160731011337,0.9765625,False,False
confirm-M-w64-d61319-s1001-g04-random,20,M,64,61319,1001,random,False,509.5429799556732,0.9952011327259243,509.5429799556732,-0.0,509.5429799556732,0.0,1.0,0.033789473966237535,8.99545861401727e-05,,False,False,7.500251133496505e-07,,nonpositive_total_gain,,-176.46247175335884,1.0,False,False,0.026379622691852227,,5.058490256937871e-05,869.2905168533325,0.00390625,False,False,0.023346713030814106,,6.726885828967893e-05,835.8008918762207,0.001953125,False,False,0.024893597847371482,,5.641635373104542e-05,852.5457043647766,0.0,False,False,,nonpositive_total_gain,,-125.29450247460312,0.927734375,False,False
confirm-M-w64-d61319-s1001-g04-random,30,M,64,61319,1001,random,False,565.6208703517914,1.1047282624058425,565.6208703517914,-0.0,565.6208703517914,0.0,1.0,0.03806611660949519,9.525135291447104e-05,,False,False,6.705522537231445e-07,,nonpositive_total_gain,,-72.97626321017742,0.953125,False,False,0.033906801580397855,,7.139793069933567e-05,895.4620747566223,0.005859375,False,False,0.027576084267885582,,8.015236745056069e-05,874.3767961263657,0.0,False,False,0.030778356849563093,,7.328802178834383e-05,884.919435441494,0.0,False,False,,nonpositive_total_gain,,-69.21661207848491,0.8203125,False,False
confirm-M-w64-d61319-s1001-g04-uniform,1,M,64,61319,1001,uniform,False,359.4184527397156,0.701989165507257,359.4184527397156,-0.0,359.4184527397156,0.0,1.0,,,constant_weights,False,False,5.861123403283486e-07,,constant_weights,,-529.2869658470154,1.0,False,False,,constant_weights,,795.6078500747681,0.005859375,False,False,,constant_weights,,811.9344735145569,0.0,False,False,,constant_weights,,803.7711617946625,0.0,False,False,,constant_weights,,-275.41902969056076,1.0,False,False
confirm-M-w64-d61319-s1001-g04-uniform,3,M,64,61319,1001,uniform,False,403.5203627347946,0.7881257084663957,403.5203627347946,-0.0,403.5203627347946,0.0,1.0,,,constant_weights,False,False,6.308158239098915e-07,,constant_weights,,-385.09876692295074,1.0,False,False,,constant_weights,,820.5441293716431,0.00390625,False,False,,constant_weights,,775.1157276630402,0.0,False,False,,constant_weights,,797.8299285173416,0.0,False,False,,constant_weights,,-231.31711969548172,0.998046875,False,False
confirm-M-w64-d61319-s1001-g04-uniform,5,M,64,61319,1001,uniform,False,429.2786999940872,0.8384349609259516,429.2786999940872,-0.0,429.2786999940872,0.0,1.0,,,constant_weights,False,False,5.761782329027909e-07,,constant_weights,,-327.1868399977684,1.0,False,False,,constant_weights,,843.5276464223862,0.00390625,False,False,,constant_weights,,771.4952967166901,0.0,False,False,,constant_weights,,807.5114715695381,0.0,False,False,,constant_weights,,-205.55878243618912,0.990234375,False,False
confirm-M-w64-d61319-s1001-g04-uniform,10,M,64,61319,1001,uniform,False,501.2917318344116,0.9790854137390852,501.2917318344116,-0.0,501.2917318344116,0.0,1.0,,,constant_weights,False,False,7.500251133496505e-07,,constant_weights,,-192.02994176745415,1.0,False,False,,constant_weights,,860.4213396310806,0.00390625,False,False,,constant_weights,,835.4838135242462,0.0,False,False,,constant_weights,,847.9525765776634,0.0,False,False,,constant_weights,,-133.54575059586472,0.953125,False,False
confirm-M-w64-d61319-s1001-g04-uniform,20,M,64,61319,1001,uniform,False,601.955689072609,1.1756947052199394,601.955689072609,-0.0,601.955689072609,0.0,1.0,,,constant_weights,False,False,5.314747493212479e-07,,constant_weights,,9.319122895598412,0.24609375,False,False,,constant_weights,,894.7571038007736,0.005859375,False,False,,constant_weights,,901.7908461093903,0.001953125,False,False,,constant_weights,,898.2739749550819,0.0,False,False,,constant_weights,,-32.881793357667334,0.818359375,False,False
confirm-M-w64-d61319-s1001-g04-uniform,30,M,64,61319,1001,uniform,False,635.6066842079163,1.2414193050935864,635.6066842079163,-0.0,635.6066842079163,0.0,1.0,,,constant_weights,False,False,6.233652432019454e-07,,constant_weights,,62.96983704715967,0.0,False,False,,constant_weights,,924.4560400247574,0.005859375,False,False,,constant_weights,,919.394184589386,0.005859375,False,False,,constant_weights,,921.9251123070717,0.0,False,False,,constant_weights,,0.769201777639978,0.5390625,False,False
confirm-M-w64-d61319-s1002-g04-random,1,M,64,61319,1002,random,False,342.5352121591568,0.6690140862483531,342.5352121591568,-0.0,342.5352121591568,0.0,1.0,0.007290411942562386,7.234430792409062e-06,,False,False,5.960464477539062e-07,,nonpositive_total_gain,,-427.80204842984676,1.0,False,False,0.0,,2.004978128106323e-05,721.9753524065018,0.005859375,True,False,0.010876882928010659,,2.1708658643296276e-06,733.4323296546936,0.0,False,False,0.004650887668565362,,3.41708756300962e-06,727.7038410305977,0.0,False,False,,nonpositive_total_gain,,-282.9094723241896,0.998046875,False,False
confirm-M-w64-d61319-s1002-g04-random,3,M,64,61319,1002,random,False,377.36663591861725,0.7370442107785493,377.36663591861725,-0.0,377.36663591861725,0.0,1.0,0.018603729411711324,2.2927232819269024e-05,,False,False,5.960464477539062e-07,,nonpositive_total_gain,,-342.0294381827116,1.0,False,False,0.005989254367200091,,3.0527552887217956e-05,751.6258320808411,0.005859375,False,False,0.0208674309348442,,3.6112480851518786e-06,722.5035164356232,0.0,False,False,0.013299234698833099,,1.204110396606821e-05,737.0646742582321,0.0,False,False,,nonpositive_total_gain,,-248.07804856472916,0.99609375,False,False
confirm-M-w64-d61319-s1002-g04-random,5,M,64,61319,1002,random,False,393.3617260456085,0.7682846211828291,393.3617260456085,-0.0,393.3617260456085,0.0,1.0,0.026986485174552606,3.911609966630839e-05,,False,False,5.563100179406533e-07,,nonpositive_total_gain,,-324.2002360075712,1.0,False,False,0.01114070953931389,,4.7834693458586984e-05,779.7805751562119,0.005859375,False,False,0.02728475069272298,,8.713633224916034e-06,724.5048350095749,0.0,False,False,0.01893589462405479,,2.2125560681352016e-05,752.1427050828934,0.0,False,False,,nonpositive_total_gain,,-232.0829584377379,0.990234375,False,False
confirm-M-w64-d61319-s1002-g04-random,10,M,64,61319,1002,random,False,444.07498133182526,0.8673339479137212,444.07498133182526,-0.0,444.07498133182526,0.0,1.0,0.03353938419308858,4.856755642631545e-05,,False,False,6.258487701416016e-07,,nonpositive_total_gain,,-265.65715838968754,1.0,False,False,0.014232405404820046,,5.8283562524558846e-05,821.4113520383835,0.0078125,False,False,0.03335369941246835,,1.324141285669082e-05,776.4707472324371,0.001953125,False,False,0.02354603642961727,,2.9670825978046138e-05,798.9410496354103,0.0,False,False,,nonpositive_total_gain,,-181.36970315152115,0.97265625,False,False
confirm-M-w64-d61319-s1002-g04-random,20,M,64,61319,1002,random,False,494.284854888916,0.9654001072049141,494.284854888916,-0.0,494.284854888916,0.0,1.0,0.03877788515712377,5.103276606133485e-05,,False,False,7.351239521558028e-07,,nonpositive_total_gain,,-176.14626796543598,1.0,False,False,0.019667744959467236,,6.004660499229626e-05,840.4078923463821,0.005859375,False,False,0.03634857818697773,,1.864083861849124e-05,818.5929436683655,0.00390625,False,False,0.02791370033259717,,3.440990016161266e-05,829.5004180073738,0.0,False,False,,nonpositive_total_gain,,-131.1598295944304,0.921875,False,False
confirm-M-w64-d61319-s1002-g04-random,30,M,64,61319,1002,random,False,541.5620502233505,1.0577383793424815,541.5620502233505,-0.0,541.5620502233505,0.0,1.0,0.043466102829356756,6.811175298888652e-05,,False,False,5.364418029785156e-07,,nonpositive_total_gain,,-95.76634880900383,0.98046875,False,False,0.023055483347943294,,9.021816370387447e-05,869.346848487854,0.005859375,False,False,0.043590750809861814,,2.5169923723380473e-05,851.1056555509567,0.00390625,False,False,0.03323813621600165,,5.137760324573018e-05,860.2262520194054,0.0,False,False,,nonpositive_total_gain,,-83.88263425999585,0.798828125,False,False
confirm-M-w64-d61319-s1002-g04-uniform,1,M,64,61319,1002,uniform,False,350.1976571083069,0.6839797990396619,350.1976571083069,-0.0,350.1976571083069,0.0,1.0,,,constant_weights,False,False,5.016724268225303e-07,,constant_weights,,-482.4110953658819,1.0,False,False,,constant_weights,,762.0081031322479,0.005859375,False,False,,constant_weights,,770.9959738254547,0.0,False,False,,constant_weights,,766.5020384788513,0.0,False,False,,constant_weights,,-275.2470273750395,0.998046875,False,False
confirm-M-w64-d61319-s1002-g04-uniform,3,M,64,61319,1002,uniform,False,395.971394777298,0.7733816304244101,395.971394777298,-0.0,395.971394777298,0.0,1.0,,,constant_weights,False,False,5.861123402173263e-07,,constant_weights,,-364.57908426225185,1.0,False,False,,constant_weights,,801.9642498493195,0.005859375,False,False,,constant_weights,,750.5290355682373,0.0,False,False,,constant_weights,,776.2466427087784,0.0,False,False,,constant_weights,,-229.47328970604843,0.99609375,False,False
confirm-M-w64-d61319-s1002-g04-uniform,5,M,64,61319,1002,uniform,False,426.93761217594147,0.8338625237811357,426.93761217594147,-0.0,426.93761217594147,0.0,1.0,,,constant_weights,False,False,5.463759104040733e-07,,constant_weights,,-303.81476233899593,1.0,False,False,,constant_weights,,829.565088391304,0.005859375,False,False,,constant_weights,,755.0625222921371,0.0,False,False,,constant_weights,,792.3138053417206,0.0,False,False,,constant_weights,,-198.50707230740494,0.98828125,False,False
confirm-M-w64-d61319-s1002-g04-uniform,10,M,64,61319,1002,uniform,False,495.95278084278107,0.9686577750835568,495.95278084278107,-0.0,495.95278084278107,0.0,1.0,,,constant_weights,False,False,6.854534149169922e-07,,constant_weights,,-191.0505771189928,1.0,False,False,,constant_weights,,851.5807945728302,0.005859375,False,False,,constant_weights,,827.3281289339066,0.0,False,False,,constant_weights,,839.4544617533684,0.0,False,False,,constant_weights,,-129.49190364056534,0.9609375,False,False
confirm-M-w64-d61319-s1002-g04-uniform,20,M,64,61319,1002,uniform,False,586.0543766021729,1.1446374543011189,586.0543766021729,-0.0,586.0543766021729,0.0,1.0,,,constant_weights,False,False,5.165735881274003e-07,,constant_weights,,0.34541550278663635,0.39453125,False,False,,constant_weights,,876.5631188154221,0.005859375,False,False,,constant_weights,,881.2546029090881,0.00390625,False,False,,constant_weights,,878.9088608622551,0.0,False,False,,constant_weights,,-39.3903078811735,0.83203125,False,False
confirm-M-w64-d61319-s1002-g04-uniform,30,M,64,61319,1002,uniform,False,619.5679976940155,1.210093745496124,619.5679976940155,-0.0,619.5679976940155,0.0,1.0,,,constant_weights,False,False,6.010135015221962e-07,,constant_weights,,60.40467435866594,0.0,False,False,,constant_weights,,898.4970887899399,0.005859375,False,False,,constant_weights,,899.8022332191467,0.0078125,False,False,,constant_weights,,899.1496610045433,0.0,False,False,,constant_weights,,-5.876686789330847,0.60546875,False,False
confirm-M-w64-d61319-s1003-g04-random,1,M,64,61319,1003,random,False,346.0151666402817,0.6758108723443002,346.0151666402817,-0.0,346.0151666402817,0.0,1.0,0.011568050417667383,7.064059704665388e-06,,False,False,5.861123403283486e-07,,nonpositive_total_gain,,-455.53838190436363,1.0,False,False,0.008263308687453338,,1.1483671739514771e-05,740.6172448396683,0.005859375,False,False,0.006229998170643883,,3.7264777840480485e-06,752.9666259288788,0.0,False,False,0.007236131189839427,,3.154151270621019e-06,746.7919353842735,0.0,False,False,,nonpositive_total_gain,,-277.2137971895308,1.0,False,False
confirm-M-w64-d61319-s1003-g04-random,3,M,64,61319,1003,random,False,372.0257531404495,0.7266127991024405,372.0257531404495,-0.0,372.0257531404495,0.0,1.0,0.021382083453107874,1.6271725800593482e-05,,False,False,6.258487701416016e-07,,nonpositive_total_gain,,-363.5777441561222,1.0,False,False,0.015187212600313922,,1.0965812844237e-05,754.1494829654694,0.005859375,False,False,0.01378263426247171,,6.675898623626819e-06,725.5055088996887,0.0,False,False,0.014498059407749113,,7.198803644323885e-06,739.827495932579,0.0,False,False,,nonpositive_total_gain,,-251.20321068936295,0.998046875,False,False
confirm-M-w64-d61319-s1003-g04-random,5,M,64,61319,1003,random,False,387.74790239334106,0.7573201218619943,387.74790239334106,-0.0,387.74790239334106,0.0,1.0,0.026732523877177936,1.927857825647553e-05,,False,False,5.662441253662109e-07,,nonpositive_total_gain,,-340.15874484181404,1.0,False,False,0.01851079310176855,,1.423355333993066e-05,777.4892930984497,0.005859375,False,False,0.01891003758099776,,8.417707033385588e-06,725.9131469726562,0.0,False,False,0.018703748900982205,,8.989326091710105e-06,751.701220035553,0.0,False,False,,nonpositive_total_gain,,-235.4810614364714,0.99609375,False,False
confirm-M-w64-d61319-s1003-g04-random,10,M,64,61319,1003,random,False,427.52164816856384,0.8350032190792263,427.52164816856384,-0.0,427.52164816856384,0.0,1.0,0.032627790243058785,3.130205670974065e-05,,False,False,5.265076954419357e-07,,nonpositive_total_gain,,-275.4914638698101,1.0,False,False,0.022619571503332714,,2.4705360749418403e-05,809.0230983495712,0.005859375,False,False,0.02821789836771163,,1.7607681065025278e-05,749.0333046913147,0.0,False,False,0.025312404532108437,,1.880148829849977e-05,779.028201520443,0.0,False,False,,nonpositive_total_gain,,-195.70731566124863,0.986328125,False,False
confirm-M-w64-d61319-s1003-g04-random,20,M,64,61319,1003,random,False,489.46392238140106,0.955984223401174,489.46392238140106,-0.0,489.46392238140106,0.0,1.0,0.03282160722688229,3.901694660357936e-05,,False,False,6.159146627160439e-07,,nonpositive_total_gain,,-181.9698676764965,1.0,False,False,0.02365532171400997,,3.8628138345065584e-05,837.1258041858673,0.005859375,False,False,0.02744009262088535,,1.7369747373128072e-05,813.2358109951019,0.0,False,False,0.025522848106062652,,2.4881008580918177e-05,825.1808075904846,0.0,False,False,,nonpositive_total_gain,,-133.7650414484114,0.939453125,False,False
confirm-M-w64-d61319-s1003-g04-random,30,M,64,61319,1003,random,False,538.6414449214935,1.052034072112292,538.6414449214935,-0.0,538.6414449214935,0.0,1.0,0.0371980191615499,4.0545699174763474e-05,,False,False,5.56310017829631e-07,,nonpositive_total_gain,,-93.17446860671043,0.994140625,False,False,0.029432439657941116,,4.6949177766106266e-05,861.447335600853,0.005859375,False,False,0.02916265738607844,,1.6071329541209258e-05,847.6514604091644,0.0,False,False,0.029298374195316418,,2.787620724430753e-05,854.5493980050087,0.0,False,False,,nonpositive_total_gain,,-84.5875189083189,0.837890625,False,False
confirm-M-w64-d61319-s1003-g04-uniform,1,M,64,61319,1003,uniform,False,350.0235950946808,0.6836398341692984,350.0235950946808,-0.0,350.0235950946808,0.0,1.0,,,constant_weights,False,False,6.357828775671592e-07,,constant_weights,,-499.66766968369484,1.0,False,False,,constant_weights,,770.6822859048843,0.005859375,False,False,,constant_weights,,779.0561649799347,0.0,False,False,,constant_weights,,774.8692254424095,0.0,False,False,,constant_weights,,-273.2053687351317,1.0,False,False
confirm-M-w64-d61319-s1003-g04-uniform,3,M,64,61319,1003,uniform,False,390.63184440135956,0.7629528210964054,390.63184440135956,-0.0,390.63184440135956,0.0,1.0,,,constant_weights,False,False,5.861123403283486e-07,,constant_weights,,-382.1737153828144,1.0,False,False,,constant_weights,,803.1294319629669,0.00390625,False,False,,constant_weights,,750.9398221969604,0.0,False,False,,constant_weights,,777.0346270799637,0.0,False,False,,constant_weights,,-232.5971194284529,0.998046875,False,False
confirm-M-w64-d61319-s1003-g04-uniform,5,M,64,61319,1003,uniform,False,416.46629774570465,0.8134107377845794,416.46629774570465,-0.0,416.46629774570465,0.0,1.0,,,constant_weights,False,False,6.258487701416016e-07,,constant_weights,,-317.00565734505653,1.0,False,False,,constant_weights,,822.806324005127,0.00390625,False,False,,constant_weights,,743.5982331037521,0.0,False,False,,constant_weights,,783.2022785544395,0.0,False,False,,constant_weights,,-206.76266608410782,0.990234375,False,False
confirm-M-w64-d61319-s1003-g04-uniform,10,M,64,61319,1003,uniform,False,487.95427763462067,0.9530356985051185,487.95427763462067,-0.0,487.95427763462067,0.0,1.0,,,constant_weights,False,False,5.761782327917686e-07,,constant_weights,,-185.62769427895546,1.0,False,False,,constant_weights,,841.8029893636703,0.005859375,False,False,,constant_weights,,807.6875326633453,0.0,False,False,,constant_weights,,824.7452610135078,0.0,False,False,,constant_weights,,-135.2746861951918,0.958984375,False,False
confirm-M-w64-d61319-s1003-g04-uniform,20,M,64,61319,1003,uniform,False,574.0080946683884,1.121109559899196,574.0080946683884,-0.0,574.0080946683884,0.0,1.0,,,constant_weights,False,False,5.960464477539062e-07,,constant_weights,,-15.568496525287628,0.634765625,False,False,,constant_weights,,873.4260042905807,0.005859375,False,False,,constant_weights,,864.1667737960815,0.0,False,False,,constant_weights,,868.7963890433311,0.0,False,False,,constant_weights,,-49.22086916142405,0.845703125,False,False
confirm-M-w64-d61319-s1003-g04-uniform,30,M,64,61319,1003,uniform,False,610.9323585033417,1.1932272627018392,610.9323585033417,-0.0,610.9323585033417,0.0,1.0,,,constant_weights,False,False,6.059805552904862e-07,,constant_weights,,48.56004183739424,0.00390625,False,False,,constant_weights,,894.9115189313889,0.005859375,False,False,,constant_weights,,889.3255033493042,0.00390625,False,False,,constant_weights,,892.1185111403465,0.0,False,False,,constant_weights,,-12.29660532647074,0.66796875,False,False
confirm-U-w128-d61103-s1001-g00-random,1,U,128,61103,1001,random,False,0.08216345310211182,0.00016047549434006214,1.7947883605957031,1.7126249074935913,3.5074132680892944,0.50390625,0.02342565498330094,8.0,5.9075900632994,,False,True,4.818042119345521e-07,0.2828869549713737,,0.00328924437697322,0.08944998681545258,0.21875,False,False,5.559060642788493,,1.0431112247721346,0.2980525493621826,0.517578125,False,False,,nonpositive_total_gain,,-0.14099788665771484,0.513671875,False,False,8.0,,15.95944759011811,0.07852733135223389,0.505859375,False,True,,nonpositive_total_gain,,-13.491349555787451,0.947265625,False,False
confirm-U-w128-d61103-s1001-g00-random,3,U,128,61103,1001,random,False,0.11298108100891113,0.00022066617384552956,3.4611769914627075,3.3481959104537964,6.809372901916504,0.484375,0.016591994980494094,8.0,24.61202554710683,,False,True,4.3958425521850586e-07,0.16048485595551126,,0.0009382487703366512,0.19801991805434227,0.169921875,False,False,8.0,,2.903717375084159,0.45720982551574707,0.48046875,False,True,,nonpositive_total_gain,,-0.3162844181060791,0.494140625,False,False,8.0,,155.76210554300837,0.07046270370483398,0.486328125,False,True,,nonpositive_total_gain,,-13.460531927880652,0.89453125,False,False
confirm-U-w128-d61103-s1001-g00-random,5,U,128,61103,1001,random,False,0.2844325304031372,0.0005555322859436274,4.358369946479797,4.07393741607666,8.432307362556458,0.49609375,0.033731281151604585,8.0,5.319197819606747,,False,True,3.948807716369629e-07,0.09598085081580467,,0.0003498959418809759,0.35779739171266556,0.07421875,False,False,4.172534943949924,,0.4716112875736349,1.120166540145874,0.4765625,False,False,,nonpositive_total_gain,,-0.6246654987335205,0.5,False,False,8.0,,18.265438221090346,0.24775052070617676,0.5,False,True,,nonpositive_total_gain,,-13.289080478486426,0.8515625,False,False
confirm-U-w128-d61103-s1001-g00-random,10,U,128,61103,1001,random,False,1.8520363569259644,0.003617258509621024,5.790150165557861,3.938113808631897,9.728263974189758,0.451171875,0.1903768608499561,1.6595371588976877,0.027585961363847982,,False,False,5.091230074558833e-07,0.07776014944539822,,0.00019646634079100543,0.579009871929884,0.05859375,False,False,0.7214753109041292,,0.0028226229999409247,5.043559789657593,0.40625,False,False,,nonpositive_total_gain,,-0.06645965576171875,0.501953125,False,False,1.9269716962699799,,0.04606476950071471,2.488550066947937,0.455078125,False,False,,nonpositive_total_gain,,-11.721476651963599,0.798828125,False,False
confirm-U-w128-d61103-s1001-g00-random,20,U,128,61103,1001,random,False,6.962175369262695,0.013597998768091202,13.117637872695923,6.1554625034332275,19.27310037612915,0.455078125,0.3612379551494347,0.9364611168576749,0.0010750165384265568,,False,False,4.172325134277344e-07,,nonpositive_total_gain,,-1.3207114152610302,0.935546875,False,False,0.3871323354375127,,0.0006842175745410095,24.752957344055176,0.357421875,False,False,,nonpositive_total_gain,,-2.5457217693328857,0.55078125,False,False,0.8370008669583082,,0.0005580358357220025,11.103617787361145,0.443359375,False,False,,nonpositive_total_gain,,-6.611337639626868,0.66796875,False,False
confirm-U-w128-d61103-s1001-g00-random,30,U,128,61103,1001,random,False,12.638566493988037,0.024684700183570385,25.395421862602234,12.756855368614197,38.15227723121643,0.419921875,0.3312663728404417,1.394045884633921,0.011913940225472078,,False,False,5.103647708892822e-07,,nonpositive_total_gain,,-10.827999845147133,0.998046875,False,False,0.47009146896868026,,0.0006127767812015079,56.34637176990509,0.349609375,False,False,,nonpositive_total_gain,,-7.602667570114136,0.583984375,False,False,0.9348213549246898,,0.001304087444142416,24.371852099895477,0.3984375,False,False,,nonpositive_total_gain,,-0.9349465149015259,0.552734375,False,False
confirm-U-w128-d61103-s1001-g00-uniform,1,U,128,61103,1001,uniform,False,0.690259575843811,0.0013481632340699434,1.4405430555343628,0.7502834796905518,2.1908265352249146,0.396484375,0.31506811002403146,,,constant_weights,False,False,4.470348358154297e-07,,constant_weights,,0.18789846077561378,0.046875,False,False,,constant_weights,,1.2746789455413818,0.40234375,False,False,,constant_weights,,0.6082010269165039,0.435546875,False,False,,constant_weights,,0.9414399862289429,0.408203125,False,False,,constant_weights,,-12.883253433045752,0.955078125,False,False
confirm-U-w128-d61103-s1001-g00-uniform,3,U,128,61103,1001,uniform,False,1.730926275253296,0.0033807153813540936,2.8723009824752808,1.1413747072219849,4.013675689697266,0.359375,0.4312571341268114,,,constant_weights,False,False,4.172325134277344e-07,,constant_weights,,0.4296436570584774,0.001953125,False,False,,constant_weights,,3.109279155731201,0.36328125,False,False,,constant_weights,,1.6538677215576172,0.4296875,False,False,,constant_weights,,2.381573438644409,0.37109375,False,False,,constant_weights,,-11.842586733636267,0.92578125,False,False
confirm-U-w128-d61103-s1001-g00-uniform,5,U,128,61103,1001,uniform,False,2.672964930534363,0.005220634629949927,3.624367833137512,0.9514029026031494,4.575770735740662,0.287109375,0.5841562186794529,,,constant_weights,False,False,4.53243652979822e-07,,constant_weights,,0.6517213210463524,0.001953125,False,False,,constant_weights,,5.336362600326538,0.31640625,False,False,,constant_weights,,2.0308098793029785,0.408203125,False,False,,constant_weights,,3.6835862398147583,0.294921875,False,False,,constant_weights,,-10.9005480783552,0.890625,False,False
confirm-U-w128-d61103-s1001-g00-uniform,10,U,128,61103,1001,uniform,False,5.75667142868042,0.011243498884141445,6.588476061820984,0.831804633140564,7.420280694961548,0.234375,0.7758023807090294,,,constant_weights,False,False,4.07298405965097e-07,,constant_weights,,1.0981978178024292,0.00390625,False,False,,constant_weights,,12.979248285293579,0.25,False,False,,constant_weights,,3.1925742626190186,0.40625,False,False,,constant_weights,,8.085911273956299,0.25390625,False,False,,constant_weights,,-7.816841580209143,0.765625,False,False
confirm-U-w128-d61103-s1001-g00-uniform,20,U,128,61103,1001,uniform,False,20.652380347251892,0.04033668036572635,22.976988792419434,2.3246084451675415,25.301597237586975,0.255859375,0.8162480871591614,,,constant_weights,False,False,3.7128726641452725e-07,,constant_weights,,-2.392875500023365,0.96484375,False,False,,constant_weights,,61.08670127391815,0.212890625,False,False,,constant_weights,,3.263312578201294,0.501953125,False,False,,constant_weights,,32.17500692605972,0.244140625,False,False,,constant_weights,,7.078867338362329,0.5,False,False
confirm-U-w128-d61103-s1001-g00-uniform,30,U,128,61103,1001,uniform,False,43.87374246120453,0.0856909032445401,46.30313563346863,2.429393172264099,48.73252880573273,0.150390625,0.9002968558455635,,,constant_weights,False,False,4.3834249179031115e-07,,constant_weights,,-10.124265436083078,1.0,False,False,,constant_weights,,136.12040841579437,0.11328125,False,False,,constant_weights,,5.625091552734375,0.48046875,False,False,,constant_weights,,70.87274998426437,0.125,False,False,,constant_weights,,30.300229452314966,0.3046875,False,False
confirm-U-w128-d61103-s1001-g02-random,1,U,128,61103,1001,random,False,-0.3251863718032837,-0.0006351296324282885,3.78104567527771,4.106232047080994,7.887277722358704,0.513671875,0.04122922803662049,,,nonpositive_total_gain,False,False,4.2716662089145596e-07,,nonpositive_total_gain,,-0.04803357273340225,0.591796875,False,False,8.0,,204.67209308879762,0.07265090942382812,0.501953125,False,True,,nonpositive_total_gain,,-1.0001790523529053,0.517578125,False,False,,nonpositive_total_gain,,-0.4637640714645386,0.515625,False,False,,nonpositive_total_gain,,-13.898699380692847,0.8828125,False,False
confirm-U-w128-d61103-s1001-g02-random,3,U,128,61103,1001,random,False,0.8063088655471802,0.0015748220030218363,5.687729239463806,4.881420373916626,10.569149613380432,0.47265625,0.0762889063966321,4.693880991347955,0.7039761463087474,,False,False,4.209578037261963e-07,0.12064067473906472,,0.00038233181088147316,0.38226211071014404,0.14453125,False,False,1.7162541759619834,,0.04912699630217571,2.7122180461883545,0.46875,False,False,,nonpositive_total_gain,,-0.6755564212799072,0.51171875,False,False,5.512267716403642,,1.1339682098628157,1.0183308124542236,0.478515625,False,False,,nonpositive_total_gain,,-12.767204143342383,0.81640625,False,False
confirm-U-w128-d61103-s1001-g02-random,5,U,128,61103,1001,random,False,3.1841689348220825,0.00621907995082438,7.293840169906616,4.109671235084534,11.40351140499115,0.451171875,0.2792270575033948,1.0694031751568733,0.0036974162099007077,,False,False,3.9363900820529873e-07,0.0938018132190928,,0.00038953817506628084,0.5407933779060841,0.15625,False,False,0.47642699817648004,,0.0010169354497586594,9.188977003097534,0.380859375,False,False,,nonpositive_total_gain,,-0.1772596836090088,0.498046875,False,False,1.1635770958945844,,0.0053301916816547185,4.505858659744263,0.4609375,False,False,,nonpositive_total_gain,,-10.38934407406748,0.75390625,False,False
confirm-U-w128-d61103-s1001-g02-random,10,U,128,61103,1001,random,False,12.706391215324402,0.024817170342430472,21.781492710113525,9.075101494789124,30.85659420490265,0.39453125,0.4117885185561259,0.9133952827303087,0.0014278701080299694,,False,False,3.998478253688237e-07,,nonpositive_total_gain,,-7.993025619536638,0.998046875,False,False,0.3551664159647486,,0.0007335955258415725,51.79274117946625,0.341796875,False,False,,nonpositive_total_gain,,-5.680533409118652,0.5625,False,False,0.6658536419976819,,0.0005388877021963203,23.056103885173798,0.373046875,False,False,,nonpositive_total_gain,,-0.8671217935651612,0.5703125,False,False
confirm-U-w128-d61103-s1001-g02-random,20,U,128,61103,1001,random,False,30.479039669036865,0.05952937435358763,48.58103406429291,18.101994395256042,66.68302845954895,0.37890625,0.45707341692685666,1.211772400729303,0.00601376535617088,,False,False,4.3710072833436087e-07,,nonpositive_total_gain,,-21.313655622303486,1.0,False,False,0.5197364875486454,,0.0001952156766909767,121.33165109157562,0.2734375,False,False,,nonpositive_total_gain,,-8.580870389938354,0.53515625,False,False,0.8538296839918638,,0.0006338721323099806,56.375390350818634,0.345703125,False,False,2.717230135471732,,0.1504535246244497,16.905526660147302,0.458984375,False,False
confirm-U-w128-d61103-s1001-g02-random,30,U,128,61103,1001,random,False,48.52923685312271,0.0947836657287553,72.85827285051346,24.329035997390747,97.1873088479042,0.34765625,0.4993371812472943,1.2203457802426958,0.0066850793916076795,,False,False,5.153318246159388e-07,,nonpositive_total_gain,,-14.561538882553577,1.0,False,False,0.5732724347247375,,0.00015009876867359126,178.8226020336151,0.2734375,False,False,,nonpositive_total_gain,,-18.673344373703003,0.55859375,False,False,1.041278453664531,,0.0027689174081703895,80.07462882995605,0.3359375,False,False,1.9726246390972206,,0.04972222251358518,34.95572384423315,0.40625,False,False
confirm-U-w128-d61103-s1001-g02-uniform,1,U,128,61103,1001,uniform,False,1.6432945728302002,0.0032095597125589848,2.9149293899536133,1.271634817123413,4.186564207077026,0.3828125,0.3925162714696582,,,constant_weights,False,False,4.917383193969727e-07,,constant_weights,,0.23120129480957985,0.15234375,False,False,,constant_weights,,3.3694896697998047,0.36328125,False,False,,constant_weights,,1.3292012214660645,0.419921875,False,False,,constant_weights,,2.3493454456329346,0.390625,False,False,,constant_weights,,-11.930218436059363,0.9140625,False,False
confirm-U-w128-d61103-s1001-g02-uniform,3,U,128,61103,1001,uniform,False,4.5394638776779175,0.008866140386089683,5.346001625061035,0.8065377473831177,6.152539372444153,0.234375,0.7378195575649886,,,constant_weights,False,False,5.128482977547789e-07,,constant_weights,,0.95041124522686,0.00390625,False,False,,constant_weights,,9.37043285369873,0.24609375,False,False,,constant_weights,,3.297562599182129,0.400390625,False,False,,constant_weights,,6.33399772644043,0.248046875,False,False,,constant_weights,,-9.034049131211646,0.82421875,False,False
confirm-U-w128-d61103-s1001-g02-uniform,5,U,128,61103,1001,uniform,False,9.188071370124817,0.017945451894775033,10.178776621818542,0.9907052516937256,11.169481873512268,0.2109375,0.8226049761460965,,,constant_weights,False,False,4.284083843231201e-07,,constant_weights,,1.0403564386069775,0.021484375,False,False,,constant_weights,,22.684728145599365,0.212890625,False,False,,constant_weights,,3.839132308959961,0.439453125,False,False,,constant_weights,,13.261930227279663,0.21484375,False,False,,constant_weights,,-4.385441638764746,0.68359375,False,False
confirm-U-w128-d61103-s1001-g02-uniform,10,U,128,61103,1001,uniform,False,35.48431992530823,0.06930531235411763,37.87106907367706,2.3867491483688354,40.2578182220459,0.158203125,0.8814268008661329,,,constant_weights,False,False,3.973642985002912e-07,,constant_weights,,-7.86888937279582,0.998046875,False,False,,constant_weights,,109.13573729991913,0.12890625,False,False,,constant_weights,,5.186114072799683,0.490234375,False,False,,constant_weights,,57.160925686359406,0.14453125,False,False,,constant_weights,,21.910806916418665,0.34375,False,False
confirm-U-w128-d61103-s1001-g02-uniform,20,U,128,61103,1001,uniform,False,96.16677796840668,0.1878257382195443,97.51738739013672,1.3506094217300415,98.86799681186676,0.0546875,0.9726785316728915,,,constant_weights,False,False,4.5696894327568183e-07,,constant_weights,,-6.463503714650869,0.98046875,False,False,,constant_weights,,286.49868726730347,0.05078125,False,False,,constant_weights,,8.465152978897095,0.4765625,False,False,,constant_weights,,147.48192012310028,0.0546875,False,False,,constant_weights,,82.59326495951709,0.09375,False,False
confirm-U-w128-d61103-s1001-g02-uniform,30,U,128,61103,1001,uniform,False,137.88551485538483,0.2693076462019235,138.38818275928497,0.5026679039001465,138.89085066318512,0.02734375,0.9927616844234163,,,constant_weights,False,False,4.259248574389751e-07,,constant_weights,,-0.45978520810604095,0.51171875,False,False,,constant_weights,,398.3407492041588,0.025390625,False,False,,constant_weights,,15.775582790374756,0.423828125,False,False,,constant_weights,,207.05816599726677,0.02734375,False,False,,constant_weights,,124.31200184649522,0.037109375,False,False
confirm-U-w128-d61103-s1001-g04-random,1,U,128,61103,1001,random,False,-0.810787558555603,-0.0015835694503039122,6.154125094413757,6.96491265296936,13.119037747383118,0.515625,0.0618023649423017,,,nonpositive_total_gain,False,False,4.197160402927974e-07,,nonpositive_total_gain,,-1.4311974458396435,0.970703125,False,False,7.964902891688179,,3.7864774584868877,0.7870571613311768,0.48046875,False,False,,nonpositive_total_gain,,-1.7882263660430908,0.525390625,False,False,,nonpositive_total_gain,,-0.500584602355957,0.50390625,False,False,,nonpositive_total_gain,,-14.384300567445166,0.787109375,False,False
confirm-U-w128-d61103-s1001-g04-random,3,U,128,61103,1001,random,False,8.1270831823349,0.01587320934049785,13.904127955436707,5.777044773101807,19.681172728538513,0.427734375,0.41293693696160155,0.7649990697004523,0.00036270337840998263,,False,False,3.774960835763175e-07,,nonpositive_total_gain,,-0.7387689352035522,0.748046875,False,False,0.38520123955048324,,0.0008309967494751326,25.484852075576782,0.35546875,False,False,,nonpositive_total_gain,,-0.36484384536743164,0.53125,False,False,0.7184089529605051,,0.0004298377488043851,12.560004115104675,0.423828125,False,False,,nonpositive_total_gain,,-5.446429826554663,0.640625,False,False
confirm-U-w128-d61103-s1001-g04-random,5,U,128,61103,1001,random,False,16.95404064655304,0.033113360637798905,30.06140124797821,13.107360601425171,43.16876184940338,0.41796875,0.39273863600022046,1.104062851602401,0.004520278612469131,,False,False,4.3710072835517755e-07,,nonpositive_total_gain,,-15.587882280349731,0.998046875,False,False,0.4219893838976361,,0.0005007933008821727,72.29853653907776,0.326171875,False,False,,nonpositive_total_gain,,-5.848532199859619,0.55078125,False,False,0.7139568668043044,,0.0003331207965520414,33.22500216960907,0.369140625,False,False,6.631617969977314,,2.9838557476471554,3.3805276376634765,0.537109375,False,False
confirm-U-w128-d61103-s1001-g04-random,10,U,128,61103,1001,random,False,47.72553479671478,0.09321393514983356,66.23370444774628,18.508169651031494,84.74187409877777,0.330078125,0.5631871528010391,0.9085592802245845,0.0009232109680324351,,False,False,4.271666208810476e-07,,nonpositive_total_gain,,-17.60654442757368,1.0,False,False,0.4652525584038072,,0.0002203131324241561,172.72102296352386,0.2421875,False,False,,nonpositive_total_gain,,-11.9378662109375,0.537109375,False,False,0.7433975156924182,,0.00015215319635901935,80.39157837629318,0.30859375,False,False,1.5324846332135724,,0.016970882192050712,34.15202178782522,0.3828125,False,False
confirm-U-w128-d61103-s1001-g04-random,20,U,128,61103,1001,random,False,75.31931662559509,0.14710804028436542,114.82581865787506,39.50650203227997,154.33232069015503,0.37890625,0.48803333150681877,1.7196227366241867,0.03222839709499993,,False,False,4.6441952389342234e-07,,nonpositive_total_gain,,-10.919434882700443,0.892578125,False,False,0.8893499698257172,,0.0024531127061420037,247.1273459494114,0.294921875,False,False,,nonpositive_total_gain,,-10.24996554851532,0.5546875,False,False,1.5983092237119219,,0.024158277157448328,118.43869020044804,0.376953125,False,False,2.2512301142998528,,0.08473599474552221,61.745803735914805,0.416015625,False,False
confirm-U-w128-d61103-s1001-g04-random,30,U,128,61103,1001,random,False,102.2892375588417,0.1997836671071127,170.5421639084816,68.25292634963989,238.7950902581215,0.40625,0.4283556979679687,2.1469588866345166,0.10279758536082723,,False,False,4.1226545968719996e-07,,nonpositive_total_gain,,-1.355949029326439,0.482421875,False,False,1.1032224509505397,,0.010422906346585365,303.41671903431416,0.32421875,False,False,8.0,,312.12862032354474,4.8069469928741455,0.52734375,False,True,2.128264948468405,,0.09974436708979767,154.11183301359415,0.40625,False,False,2.5424713468216056,,0.1797867169776548,88.71572431153353,0.43359375,False,False
confirm-U-w128-d61103-s1001-g04-uniform,1,U,128,61103,1001,uniform,False,3.217349886894226,0.006283886497840285,6.578400135040283,3.361050248146057,9.93945038318634,0.37890625,0.3236949492033003,,,constant_weights,False,False,3.948807716369629e-07,,constant_weights,,0.2623840160667896,0.298828125,False,False,,constant_weights,,7.924086093902588,0.37109375,False,False,,constant_weights,,1.4655799865722656,0.45703125,False,False,,constant_weights,,4.694833040237427,0.384765625,False,False,,constant_weights,,-10.356163121995337,0.763671875,False,False
confirm-U-w128-d61103-s1001-g04-uniform,3,U,128,61103,1001,uniform,False,20.470747590065002,0.03998192888684571,21.922526836395264,1.4517792463302612,23.374306082725525,0.169921875,0.8757799062618437,,,constant_weights,False,False,3.725290298461914e-07,,constant_weights,,-0.9303058981895447,0.74609375,False,False,,constant_weights,,56.715062379837036,0.16015625,False,False,,constant_weights,,5.627485036849976,0.48046875,False,False,,constant_weights,,31.171273708343506,0.16015625,False,False,,constant_weights,,6.897234581175439,0.462890625,False,False
confirm-U-w128-d61103-s1001-g04-uniform,5,U,128,61103,1001,uniform,False,52.29545271396637,0.10213955608196557,54.594003677368164,2.2985509634017944,56.89255464076996,0.1171875,0.9191967744139715,,,constant_weights,False,False,3.899137178964285e-07,,constant_weights,,-12.608047887682915,1.0,False,False,,constant_weights,,162.65087008476257,0.09375,False,False,,constant_weights,,6.843541145324707,0.46484375,False,False,,constant_weights,,84.74720561504364,0.09375,False,False,,constant_weights,,38.72193970507681,0.2265625,False,False
confirm-U-w128-d61103-s1001-g04-uniform,10,U,128,61103,1001,uniform,False,122.48238015174866,0.2392233987338841,122.90205717086792,0.4196770191192627,123.32173418998718,0.025390625,0.993193786612298,,,constant_weights,False,False,4.1350722312927246e-07,,constant_weights,,-1.1605131551623344,0.609375,False,False,,constant_weights,,354.0909272432327,0.0234375,False,False,,constant_weights,,14.516729354858398,0.42578125,False,False,,constant_weights,,184.30382829904556,0.0234375,False,False,,constant_weights,,108.90886714285905,0.041015625,False,False
confirm-U-w128-d61103-s1001-g04-uniform,20,U,128,61103,1001,uniform,False,215.2670990228653,0.4204435527790338,215.33582043647766,0.06872141361236572,215.40454185009003,0.00390625,0.9993619316192488,,,constant_weights,False,False,4.507601261138916e-07,,constant_weights,,4.979924883693457,0.107421875,False,False,,constant_weights,,605.7078437209129,0.001953125,False,False,,constant_weights,,35.11353278160095,0.349609375,False,False,,constant_weights,,320.41068825125694,0.00390625,False,False,,constant_weights,,201.69358601397568,0.00390625,False,False
confirm-U-w128-d61103-s1001-g04-uniform,30,U,128,61103,1001,uniform,False,331.2893656492233,0.6470495422836393,331.2893656492233,-0.0,331.2893656492233,0.0,1.0,,,constant_weights,False,False,3.849466642114052e-07,,constant_weights,,8.621782574802637,0.048828125,False,False,,constant_weights,,895.0278282612562,0.0,False,False,,constant_weights,,90.21848726272583,0.232421875,False,False,,constant_weights,,492.623157761991,0.0,False,False,,constant_weights,,317.71585281914764,0.0,False,False
confirm-U-w128-d61103-s1002-g00-random,1,U,128,61103,1002,random,False,0.4186840057373047,0.0008177421987056732,1.862959623336792,1.4442756175994873,3.3072352409362793,0.447265625,0.12659637891944303,0.5812695319555738,0.0206182319288205,,False,False,3.526608149213503e-07,0.055828689060432896,,0.014574576457449228,0.1810535341501236,0.1171875,False,False,0.3537174746957805,,0.011245387684186602,0.7703146934509277,0.455078125,False,False,4.19053127024521,,0.15510183687509,0.3047065734863281,0.501953125,False,False,0.8950629802027243,,0.026209442582288193,0.5375106334686279,0.44921875,False,False,,nonpositive_total_gain,,-13.440407015618689,0.955078125,False,False
confirm-U-w128-d61103-s1002-g00-random,3,U,128,61103,1002,random,False,0.6591233015060425,0.0012873501982539892,3.6725146770477295,3.013391375541687,6.6859060525894165,0.462890625,0.09858399090887128,2.242078583536312,0.010506731428889762,,False,False,5.314747492475222e-07,0.04286834015544612,,0.004821997538830874,0.35403864458203316,0.0546875,False,False,0.35760043363591654,,0.01698754521056477,1.5064458847045898,0.482421875,False,False,8.0,,23.238094433108454,0.11690306663513184,0.498046875,False,True,3.2825481260534293,,0.019854261960454714,0.8116744756698608,0.466796875,False,False,,nonpositive_total_gain,,-13.199967719849951,0.888671875,False,False
confirm-U-w128-d61103-s1002-g00-random,5,U,128,61103,1002,random,False,0.9081931114196777,0.001773814670741558,4.496298313140869,3.5881052017211914,8.08440351486206,0.45703125,0.11233891402749628,2.055904211300339,0.0050276855709624636,,False,False,3.9736429850376065e-07,0.037063658361421406,,0.0024333373528953924,0.5131187923252583,0.025390625,False,False,0.3408329691034211,,0.009850738679072418,2.4150354862213135,0.466796875,False,False,,nonpositive_total_gain,,-0.20355939865112305,0.50390625,False,False,2.9996983172244693,,0.022369390900944863,1.1057380437850952,0.466796875,False,False,,nonpositive_total_gain,,-12.950897909936316,0.849609375,False,False
confirm-U-w128-d61103-s1002-g00-random,10,U,128,61103,1002,random,False,2.2021206617355347,0.004301016917452216,5.813377857208252,3.6112571954727173,9.42463505268097,0.41796875,0.2336558019940635,0.6720367495387596,0.005740849043924861,,False,False,4.0729840596531383e-07,0.029684813432014436,,0.000823323191951396,0.8754527941346169,0.015625,False,False,0.2652579108056293,,0.004244170023727354,5.004862546920776,0.451171875,False,False,8.0,,1.4158214143846066,0.7260532379150391,0.48046875,False,True,0.894121752861704,,0.0052688709780339535,2.8654578924179077,0.427734375,False,False,,nonpositive_total_gain,,-11.656970359620459,0.8125,False,False
confirm-U-w128-d61103-s1002-g00-random,20,U,128,61103,1002,random,False,5.863034963607788,0.011451240163296461,9.834550499916077,3.9715155363082886,13.806066036224365,0.361328125,0.4246709343722066,0.49316087306308176,0.0025357535565766203,,False,False,5.165735880528072e-07,0.04584825423244061,,0.0005836814989561464,0.9838588982820511,0.076171875,False,False,0.25854357502365255,,0.0013878896819740209,14.498311996459961,0.365234375,False,False,5.028471193575779,,0.3468455257611859,2.10695481300354,0.453125,False,False,0.5333527484088036,,0.0026108630065503446,8.30263340473175,0.37109375,False,False,,nonpositive_total_gain,,-7.996056057748206,0.69921875,False,False
confirm-U-w128-d61103-s1002-g00-random,30,U,128,61103,1002,random,False,10.545185923576355,0.02059606625698507,19.150035500526428,8.604849576950073,27.7548850774765,0.42578125,0.3799398157888223,0.9536696607106494,0.0006334724605694699,,False,False,5.190571149213397e-07,,nonpositive_total_gain,,-2.639780431985855,0.982421875,False,False,0.3965878900992953,,0.0008921802497135746,34.21090805530548,0.37890625,False,False,8.0,,5949.700866191297,0.06444406509399414,0.521484375,False,True,0.8288185180422274,,0.00038028768147394974,17.137676060199738,0.416015625,False,False,,nonpositive_total_gain,,-3.3139050977796387,0.58203125,False,False
confirm-U-w128-d61103-s1002-g00-uniform,1,U,128,61103,1002,uniform,False,0.74591064453125,0.0014568567276000977,1.8087751865386963,1.0628645420074463,2.8716397285461426,0.4140625,0.259750774833057,,,constant_weights,False,False,4.371007283527923e-07,,constant_weights,,0.26907723397016525,0.01953125,False,False,,constant_weights,,1.1304559707641602,0.4375,False,False,,constant_weights,,0.8382036685943604,0.4296875,False,False,,constant_weights,,0.9843298196792603,0.423828125,False,False,,constant_weights,,-13.113180376824744,0.9453125,False,False
confirm-U-w128-d61103-s1002-g00-uniform,3,U,128,61103,1002,uniform,False,1.737467646598816,0.0033934914972633123,2.982962727546692,1.245495080947876,4.228457808494568,0.3515625,0.4108986598159758,,,constant_weights,False,False,3.948807716369629e-07,,constant_weights,,0.5763444229960442,0.0,False,False,,constant_weights,,2.9329235553741455,0.376953125,False,False,,constant_weights,,1.7031488418579102,0.390625,False,False,,constant_weights,,2.318036198616028,0.376953125,False,False,,constant_weights,,-12.121623374757178,0.923828125,False,False
confirm-U-w128-d61103-s1002-g00-uniform,5,U,128,61103,1002,uniform,False,2.608163356781006,0.005094069056212902,3.594724416732788,0.9865610599517822,4.58128547668457,0.298828125,0.5693081930944209,,,constant_weights,False,False,4.221995671587278e-07,,constant_weights,,0.8531044386327267,0.0,False,False,,constant_weights,,4.588695764541626,0.3359375,False,False,,constant_weights,,2.3827035427093506,0.3828125,False,False,,constant_weights,,3.4856996536254883,0.322265625,False,False,,constant_weights,,-11.250927664574988,0.908203125,False,False
confirm-U-w128-d61103-s1002-g00-uniform,10,U,128,61103,1002,uniform,False,4.961040496826172,0.009689532220363617,5.732717990875244,0.7716774940490723,6.504395484924316,0.19921875,0.7627212257195485,,,constant_weights,False,False,4.6193599700927734e-07,,constant_weights,,1.507214691489935,0.0,False,False,,constant_weights,,9.396658897399902,0.234375,False,False,,constant_weights,,3.9792544841766357,0.33203125,False,False,,constant_weights,,6.687956690788269,0.21875,False,False,,constant_weights,,-8.898050524529822,0.837890625,False,False
confirm-U-w128-d61103-s1002-g00-uniform,20,U,128,61103,1002,uniform,False,16.665385961532593,0.032549581956118345,18.47577667236328,1.8103907108306885,20.28616738319397,0.212890625,0.8215147615975502,,,constant_weights,False,False,4.917383193969727e-07,,constant_weights,,0.6573440693318844,0.201171875,False,False,,constant_weights,,43.559613943099976,0.21875,False,False,,constant_weights,,5.77921724319458,0.44140625,False,False,,constant_weights,,24.669415593147278,0.212890625,False,False,,constant_weights,,2.806294940176599,0.541015625,False,False
confirm-U-w128-d61103-s1002-g00-uniform,30,U,128,61103,1002,uniform,False,41.59764564037323,0.08124540164135396,44.15977931022644,2.5621336698532104,46.72191298007965,0.162109375,0.8903241110463264,,,constant_weights,False,False,3.899137179033674e-07,,constant_weights,,-8.768794246017933,0.998046875,False,False,,constant_weights,,124.37003135681152,0.134765625,False,False,,constant_weights,,9.191706895828247,0.419921875,False,False,,constant_weights,,66.78086912631989,0.14453125,False,False,,constant_weights,,27.738554619017236,0.29296875,False,False
confirm-U-w128-d61103-s1002-g02-random,1,U,128,61103,1002,random,False,0.3973275423049927,0.0007760303560644388,4.000565409660339,3.6032378673553467,7.603803277015686,0.46484375,0.052253790350680195,5.561052058275661,0.1042825433948608,,False,False,4.2219956715959517e-07,0.07788088656424905,,0.021057755574532353,0.1798190101981163,0.302734375,False,False,0.7560116482879375,,0.020283575256373965,1.17863130569458,0.46875,False,False,,nonpositive_total_gain,,-0.16644072532653809,0.529296875,False,False,6.983219418851112,,0.21336637263591215,0.506095290184021,0.466796875,False,False,,nonpositive_total_gain,,-13.461763479051001,0.884765625,False,False
confirm-U-w128-d61103-s1002-g02-random,3,U,128,61103,1002,random,False,1.5683434009552002,0.0030631707049906254,5.768667936325073,4.200324535369873,9.968992471694946,0.44140625,0.1573221572198206,1.166781961234903,0.006767473619165521,,False,False,4.14748986561804e-07,0.04100561660303932,,0.001631734716596105,0.6376095190644264,0.046875,False,False,0.31906702726309655,,0.006873633771475273,3.6200246810913086,0.453125,False,False,8.0,,4.1130911171168245,0.44741225242614746,0.46484375,False,True,1.7061799104219522,,0.004634754453804157,2.033718466758728,0.447265625,False,False,,nonpositive_total_gain,,-12.290747620400793,0.8125,False,False
confirm-U-w128-d61103-s1002-g02-random,5,U,128,61103,1002,random,False,3.199365019798279,0.006248759804293513,6.961694717407227,3.7623296976089478,10.724024415016174,0.404296875,0.29833623050301994,0.6139825750251744,0.002931147556441325,,False,False,3.7997961044311523e-07,0.030760156238923336,,0.0004925496816804447,1.0735722407698631,0.015625,False,False,0.25806506802686024,,0.002771721397985223,7.65558385848999,0.421875,False,False,8.0,,1.9167390537665336,0.8689389228820801,0.4921875,False,True,0.7492019017337805,,0.0026082438984623493,4.262261390686035,0.41796875,False,False,,nonpositive_total_gain,,-10.659726001557715,0.76953125,False,False
confirm-U-w128-d61103-s1002-g02-random,10,U,128,61103,1002,random,False,9.560147166252136,0.018672162434086204,16.983501434326172,7.423354268074036,24.406855702400208,0.431640625,0.39169925380072523,0.8322763311631536,0.0004356006738126686,,False,False,4.520018895490252e-07,,nonpositive_total_gain,,-0.7336266562342644,0.72265625,False,False,0.3834282948970401,,0.0009429808063693457,28.743294835090637,0.36328125,False,False,8.0,,35.55092891740249,0.6707932949066162,0.517578125,False,True,0.7939868065545475,,0.00043359724561129804,14.707044064998627,0.42578125,False,False,,nonpositive_total_gain,,-4.2989438551038575,0.59765625,False,False
confirm-U-w128-d61103-s1002-g02-random,20,U,128,61103,1002,random,False,21.67633616924286,0.04233659408055246,43.253437757492065,21.577101588249207,64.83053934574127,0.41015625,0.33435378431209645,1.800242985904239,0.02373724178491208,,False,False,4.6193599700927734e-07,,nonpositive_total_gain,,-18.925919987261295,0.998046875,False,False,0.5395760844310515,,0.0008484950559547737,90.31862902641296,0.32421875,False,False,,nonpositive_total_gain,,-6.363694906234741,0.53515625,False,False,1.195874656744159,,0.0025896367937079754,41.97746706008911,0.37890625,False,False,6.9148082157396145,,1.349648445985306,7.817245147886865,0.498046875,False,False
confirm-U-w128-d61103-s1002-g02-random,30,U,128,61103,1002,random,False,34.95153307914734,0.06826471304520965,68.57184326648712,33.62031018733978,102.1921534538269,0.419921875,0.3420177762957051,2.3574215863802213,0.07635891406359764,,False,False,5.016724268780415e-07,,nonpositive_total_gain,,-16.735518895089626,0.998046875,False,False,0.7088452202702267,,0.0003485578357541893,144.94076871871948,0.298828125,False,False,,nonpositive_total_gain,,-23.35064125061035,0.546875,False,False,1.905292452676568,,0.03415452094652355,60.795063734054565,0.408203125,False,False,4.632351000967411,,0.5358329556761209,21.09244205779134,0.48046875,False,False
confirm-U-w128-d61103-s1002-g02-uniform,1,U,128,61103,1002,uniform,False,1.6169416904449463,0.0031580892391502857,3.219769597053528,1.6028279066085815,4.822597503662109,0.384765625,0.3352843958503894,,,constant_weights,False,False,4.470348358154297e-07,,constant_weights,,0.3517773896455765,0.076171875,False,False,,constant_weights,,2.8046157360076904,0.41015625,False,False,,constant_weights,,1.6944351196289062,0.396484375,False,False,,constant_weights,,2.2495254278182983,0.392578125,False,False,,constant_weights,,-12.242149330911047,0.92578125,False,False
confirm-U-w128-d61103-s1002-g02-uniform,3,U,128,61103,1002,uniform,False,4.182032227516174,0.008168031694367528,5.305871605873108,1.1238393783569336,6.4297109842300415,0.248046875,0.6504230497721155,,,constant_weights,False,False,4.818042119343353e-07,,constant_weights,,1.1745693795382977,0.0,False,False,,constant_weights,,7.8055665493011475,0.27734375,False,False,,constant_weights,,3.5659759044647217,0.353515625,False,False,,constant_weights,,5.685771226882935,0.267578125,False,False,,constant_weights,,-9.67705879383982,0.8515625,False,False
confirm-U-w128-d61103-s1002-g02-uniform,5,U,128,61103,1002,uniform,False,7.545511841773987,0.014737327815964818,8.198883533477783,0.6533716917037964,8.85225522518158,0.16015625,0.8523829973078088,,,constant_weights,False,False,4.0481487909894975e-07,,constant_weights,,1.8671929873526096,0.0,False,False,,constant_weights,,15.461090087890625,0.185546875,False,False,,constant_weights,,5.308262586593628,0.333984375,False,False,,constant_weights,,10.384676337242126,0.173828125,False,False,,constant_weights,,-6.313579179582007,0.736328125,False,False
confirm-U-w128-d61103-s1002-g02-uniform,10,U,128,61103,1002,uniform,False,33.743738651275635,0.06590573955327272,35.8301819562912,2.086443305015564,37.91662526130676,0.166015625,0.8899457274672204,,,constant_weights,False,False,3.8743019104003906e-07,,constant_weights,,-7.089078098535538,0.99609375,False,False,,constant_weights,,99.211270570755,0.138671875,False,False,,constant_weights,,9.109034538269043,0.421875,False,False,,constant_weights,,54.160152554512024,0.154296875,False,False,,constant_weights,,19.88464762991964,0.345703125,False,False
confirm-U-w128-d61103-s1002-g02-uniform,20,U,128,61103,1002,uniform,False,99.58170580863953,0.19449551915749907,100.6389752626419,1.0572694540023804,101.69624471664429,0.048828125,0.9792073058951538,,,constant_weights,False,False,4.420677820748953e-07,,constant_weights,,-5.0923597402870655,0.97265625,False,False,,constant_weights,,285.98776292800903,0.048828125,False,False,,constant_weights,,17.849744081497192,0.37890625,False,False,,constant_weights,,151.9187535047531,0.046875,False,False,,constant_weights,,85.7226147872835,0.087890625,False,False
confirm-U-w128-d61103-s1002-g02-uniform,30,U,128,61103,1002,uniform,False,142.75702273845673,0.2788223100360483,143.09457540512085,0.33755266666412354,143.43212807178497,0.01171875,0.9952932070213002,,,constant_weights,False,False,3.8122137385743216e-07,,constant_weights,,2.112536571919918,0.166015625,False,False,,constant_weights,,395.6197327375412,0.009765625,False,False,,constant_weights,,30.53881859779358,0.341796875,False,False,,constant_weights,,213.0792756676674,0.009765625,False,False,,constant_weights,,128.89793171710068,0.02734375,False,False
confirm-U-w128-d61103-s1002-g04-random,1,U,128,61103,1002,random,False,0.20500433444976807,0.00040039909072220325,5.835520625114441,5.630516290664673,11.466036915779114,0.48046875,0.017879266912846678,8.0,7.088183113889986,,False,True,4.122654596976083e-07,,nonpositive_total_gain,,-1.823651272803545,0.99609375,False,False,0.4489504074092501,,0.0167287378767458,2.860970973968506,0.498046875,False,False,,nonpositive_total_gain,,-0.42229247093200684,0.53125,False,False,4.576283925450277,,0.09147614342245969,1.2193392515182495,0.462890625,False,False,,nonpositive_total_gain,,-13.654086686906226,0.814453125,False,False
confirm-U-w128-d61103-s1002-g04-random,3,U,128,61103,1002,random,False,6.15805184841156,0.012027445016428828,10.880210518836975,4.722158670425415,15.60236918926239,0.37109375,0.39468697181256,0.5252634948980883,0.0021163883956033303,,False,False,4.793206850686217e-07,0.09573758803157827,,0.0007190270832799934,0.8510441184043884,0.18359375,False,False,0.2680663916864109,,0.001515333671730205,15.339670658111572,0.384765625,False,False,4.812375852959341,,0.3636512422203057,2.2834627628326416,0.47265625,False,False,0.556480199385381,,0.002176227261574337,8.811566710472107,0.37109375,False,False,,nonpositive_total_gain,,-7.701039172944434,0.66796875,False,False
confirm-U-w128-d61103-s1002-g04-random,5,U,128,61103,1002,random,False,15.89349377155304,0.03104198002256453,23.64167010784149,7.748176336288452,31.389846444129944,0.3828125,0.5063259484190692,0.5953707957286525,0.0008633311095826568,,False,False,3.8494666417410867e-07,,nonpositive_total_gain,,-8.16571518778801,0.998046875,False,False,0.2730365238925191,,0.0010161236263871954,52.3287912607193,0.291015625,False,False,8.0,,1.1537546142795323,3.517406702041626,0.505859375,False,True,0.47024028455872324,,0.0012314532165157103,27.923098981380463,0.34375,False,False,8.0,,3.393890227442076,2.034402750197046,0.5234375,False,True
confirm-U-w128-d61103-s1002-g04-random,10,U,128,61103,1002,random,False,32.516043305397034,0.06350789708085358,59.65709567070007,27.14105236530304,86.79814803600311,0.376953125,0.37461678666127374,1.740758640302143,0.025892269125540154,,False,False,4.172325134277344e-07,,nonpositive_total_gain,,-16.56161931157112,0.998046875,False,False,0.5959914565119258,,0.00035167069100746723,126.86419308185577,0.3046875,False,False,,nonpositive_total_gain,,-12.754432082176208,0.529296875,False,False,1.3693008174502999,,0.008365681179261819,57.05488049983978,0.359375,False,False,3.6603022452440053,,0.32013264582473866,18.656952284041036,0.4453125,False,False
confirm-U-w128-d61103-s1002-g04-random,20,U,128,61103,1002,random,False,60.721421897411346,0.11859652714338154,121.26931756734848,60.547895669937134,181.8172132372856,0.45703125,0.3339695995569196,2.817249132080847,0.19936604787697015,,False,False,4.1226545968719996e-07,,nonpositive_total_gain,,-8.868579797446728,0.7890625,False,False,1.1580063243032939,,0.008513980637955085,206.57545724511147,0.34765625,False,False,,nonpositive_total_gain,,-15.542592406272888,0.5625,False,False,2.640387171864636,,0.16285365914649552,95.51643241941929,0.451171875,False,False,3.883949323835435,,0.49329506568008696,46.862331084671595,0.486328125,False,False
confirm-U-w128-d61103-s1002-g04-random,30,U,128,61103,1002,random,False,79.37622439861298,0.15503168827854097,180.8950115442276,101.51878714561462,282.4137986898422,0.51171875,0.2810635484769178,3.354921261773071,0.5182368502413314,,False,False,5.016724269335526e-07,,nonpositive_total_gain,,-3.675485409796238,0.458984375,False,False,1.551018776060527,,0.0534661905687043,235.72648146748543,0.41015625,False,False,8.0,,435.35219229141757,6.077692165970802,0.548828125,False,True,3.2853102279862854,,0.48825462752411003,120.90208681672812,0.515625,False,False,4.159810368436981,,0.9261322717876591,65.51713376468715,0.529296875,False,False
confirm-U-w128-d61103-s1002-g04-uniform,1,U,128,61103,1002,uniform,False,2.699517250061035,0.005272494629025459,5.140269637107849,2.440752387046814,7.581022024154663,0.357421875,0.35608882832154154,,,constant_weights,False,False,4.122654596976083e-07,,constant_weights,,0.138544462621212,0.3984375,False,False,,constant_weights,,6.022753000259399,0.353515625,False,False,,constant_weights,,1.9372587203979492,0.451171875,False,False,,constant_weights,,3.9800058603286743,0.357421875,False,False,,constant_weights,,-11.159573771294959,0.822265625,False,False
confirm-U-w128-d61103-s1002-g04-uniform,3,U,128,61103,1002,uniform,False,17.984814405441284,0.03512659063562751,19.527064561843872,1.542250156402588,21.06931471824646,0.189453125,0.8536022479110849,,,constant_weights,False,False,4.271666208949254e-07,,constant_weights,,1.5700562968850136,0.056640625,False,False,,constant_weights,,45.89429211616516,0.20703125,False,False,,constant_weights,,6.490103721618652,0.41015625,False,False,,constant_weights,,26.192197918891907,0.197265625,False,False,,constant_weights,,4.1257233840852905,0.51953125,False,False
confirm-U-w128-d61103-s1002-g04-uniform,5,U,128,61103,1002,uniform,False,50.64196169376373,0.09891008143313229,52.86498737335205,2.223025679588318,55.08801305294037,0.130859375,0.9192918547469862,,,constant_weights,False,False,3.9239724477016513e-07,,constant_weights,,-10.537071347236633,0.998046875,False,False,,constant_weights,,151.48260068893433,0.103515625,False,False,,constant_weights,,10.980366945266724,0.396484375,False,False,,constant_weights,,81.23148381710052,0.115234375,False,False,,constant_weights,,36.78287067240774,0.236328125,False,False
confirm-U-w128-d61103-s1002-g04-uniform,10,U,128,61103,1002,uniform,False,125.0675778388977,0.24427261296659708,125.51170706748962,0.44412922859191895,125.95583629608154,0.01953125,0.9929478578896827,,,constant_weights,False,False,4.271666208810476e-07,,constant_weights,,-2.4553531520068645,0.6640625,False,False,,constant_weights,,352.81767213344574,0.021484375,False,False,,constant_weights,,24.840428113937378,0.3671875,False,False,,constant_weights,,188.82905012369156,0.017578125,False,False,,constant_weights,,111.20848681754167,0.044921875,False,False
confirm-U-w128-d61103-s1002-g04-uniform,20,U,128,61103,1002,uniform,False,234.81925982236862,0.4586313668405637,234.81925982236862,-0.0,234.81925982236862,0.0,1.0,,,constant_weights,False,False,4.0978193283081055e-07,,constant_weights,,7.515038426965475,0.0390625,False,False,,constant_weights,,627.1894404292107,0.0,False,False,,constant_weights,,69.75331318378448,0.291015625,False,False,,constant_weights,,348.4713768064976,0.0,False,False,,constant_weights,,220.96016880101257,0.0,False,False
confirm-U-w128-d61103-s1002-g04-uniform,30,U,128,61103,1002,uniform,False,344.22294437885284,0.672310438239947,344.22294437885284,-0.0,344.22294437885284,0.0,1.0,,,constant_weights,False,False,3.762543201446533e-07,,constant_weights,,10.939259776845574,0.0078125,False,False,,constant_weights,,868.0018386542797,0.0,False,False,,constant_weights,,153.7277479171753,0.171875,False,False,,constant_weights,,510.8647932857275,0.0,False,False,,constant_weights,,330.3638535363107,0.0,False,False
confirm-U-w128-d61103-s1003-g00-random,1,U,128,61103,1003,random,False,0.432204008102417,0.0008441484533250332,1.8449201583862305,1.4127161502838135,3.257636308670044,0.462890625,0.13267411311450777,0.3896191929537439,0.03187772063838841,,False,False,5.041559537252152e-07,0.06717668690960672,,6.257021602088356e-05,0.09249153733253479,0.107421875,False,False,1.077507168529022,,0.012898028518155871,0.44884634017944336,0.5078125,False,False,0.09107673416345702,,0.06582761542138643,0.7552530765533447,0.466796875,False,False,0.4293688695508028,,0.036259010946138016,0.602049708366394,0.466796875,False,False,,nonpositive_total_gain,,-12.658020355042822,0.927734375,False,False
confirm-U-w128-d61103-s1003-g00-random,3,U,128,61103,1003,random,False,1.091052770614624,0.0021309624426066875,3.3369914293289185,2.2459386587142944,5.582930088043213,0.4296875,0.19542655082701066,0.41950340626898575,0.00469263546596161,,False,False,4.284083843231201e-07,0.058766543304277954,,0.0006115816198925205,0.25202054530382156,0.07421875,False,False,0.3020709164604908,,0.0018551277977222514,1.9490811824798584,0.46484375,False,False,1.0336865474806962,,0.028309631244380993,1.072028398513794,0.455078125,False,False,0.45864429250396244,,0.005142521395608188,1.5105547904968262,0.4296875,False,False,,nonpositive_total_gain,,-11.999171592530615,0.890625,False,False
confirm-U-w128-d61103-s1003-g00-random,5,U,128,61103,1003,random,False,1.67011296749115,0.003261939389631152,4.174342513084412,2.5042295455932617,6.678572058677673,0.408203125,0.2500703672607861,0.3674181808455689,0.0038045058403643928,,False,False,3.8370490074157715e-07,0.049241866844810245,,0.0003563446497889851,0.3742683529853821,0.0625,False,False,0.24073256208052907,,0.0010310723112082751,3.0579569339752197,0.4296875,False,False,0.9747941092277375,,0.01798637266342873,1.5780925750732422,0.435546875,False,False,0.39985471167255027,,0.004132043136504982,2.318024754524231,0.41796875,False,False,,nonpositive_total_gain,,-11.42011139565409,0.85546875,False,False
confirm-U-w128-d61103-s1003-g00-random,10,U,128,61103,1003,random,False,3.116756558418274,0.006087415153160691,5.504700660705566,2.3879441022872925,7.892644762992859,0.3671875,0.3948938096178058,0.33509459386518714,0.0024626236558693525,,False,False,4.172325134277344e-07,0.05224935100157159,,0.0002770879681932913,0.5352114289999008,0.08203125,False,False,0.21178623590334306,,0.0007830984828650304,6.217751741409302,0.392578125,False,False,0.990435219353939,,0.00794467897706125,2.597285032272339,0.42578125,False,False,0.3559956615329958,,0.002605947303536203,4.40751838684082,0.373046875,False,False,,nonpositive_total_gain,,-9.973467804726965,0.806640625,False,False
confirm-U-w128-d61103-s1003-g00-random,20,U,128,61103,1003,random,False,7.425891876220703,0.01450369507074356,11.117028951644897,3.6911370754241943,14.808166027069092,0.357421875,0.5014727591955879,0.3997042535247711,0.003095705579876665,,False,False,3.6259492237900037e-07,,nonpositive_total_gain,,-0.07844867557287216,0.486328125,False,False,0.24962774482687228,,0.001431757051873526,19.02430498600006,0.34375,False,False,2.8189159878015824,,0.0234218329408908,3.33178973197937,0.45703125,False,False,0.3937515326392832,,0.0030993235772750777,11.178047358989716,0.35546875,False,False,,nonpositive_total_gain,,-5.664332486924536,0.642578125,False,False
confirm-U-w128-d61103-s1003-g00-random,30,U,128,61103,1003,random,False,12.383832216262817,0.024187172297388315,22.504106402397156,10.120274186134338,32.624380588531494,0.40234375,0.3795882708840188,0.9617430966741629,0.0013826089476192758,,False,False,4.296501477582537e-07,,nonpositive_total_gain,,-5.109305500984192,1.0,False,False,0.3906115699535141,,0.0020286694874854004,40.977855801582336,0.380859375,False,False,8.0,,12.605173460143542,1.2829210758209229,0.51171875,False,True,0.7472648496382053,,0.002327200157017777,21.13038843870163,0.388671875,False,False,,nonpositive_total_gain,,-0.7063921468824219,0.56640625,False,False
confirm-U-w128-d61103-s1003-g00-uniform,1,U,128,61103,1003,uniform,False,0.7723667621612549,0.001508528832346201,1.8968144655227661,1.1244477033615112,3.0212621688842773,0.41796875,0.2556437405915298,,,constant_weights,False,False,4.048148790998171e-07,,constant_weights,,0.15584227442741394,0.025390625,False,False,,constant_weights,,1.1958329677581787,0.46875,False,False,,constant_weights,,0.9654111862182617,0.447265625,False,False,,constant_weights,,1.0806220769882202,0.427734375,False,False,,constant_weights,,-12.317857600983984,0.931640625,False,False
confirm-U-w128-d61103-s1003-g00-uniform,3,U,128,61103,1003,uniform,False,1.8100340366363525,0.003535222727805376,2.9918538331985474,1.1818197965621948,4.173673629760742,0.333984375,0.4336788635627251,,,constant_weights,False,False,4.470348358154297e-07,,constant_weights,,0.427134919911623,0.00390625,False,False,,constant_weights,,3.220651865005493,0.375,False,False,,constant_weights,,1.7822942733764648,0.404296875,False,False,,constant_weights,,2.501473069190979,0.341796875,False,False,,constant_weights,,-11.280190326508887,0.91796875,False,False
confirm-U-w128-d61103-s1003-g00-uniform,5,U,128,61103,1003,uniform,False,2.7791486978530884,0.005428024800494313,3.678017020225525,0.8988683223724365,4.576885342597961,0.27734375,0.6072139653547821,,,constant_weights,False,False,3.986060619354248e-07,,constant_weights,,0.6671497188508511,0.001953125,False,False,,constant_weights,,4.915144205093384,0.328125,False,False,,constant_weights,,2.7551403045654297,0.373046875,False,False,,constant_weights,,3.8351422548294067,0.306640625,False,False,,constant_weights,,-10.311075665292151,0.89453125,False,False
confirm-U-w128-d61103-s1003-g00-uniform,10,U,128,61103,1003,uniform,False,5.45850682258606,0.010661146137863398,6.017351388931274,0.5588445663452148,6.576195955276489,0.177734375,0.8300401721159726,,,constant_weights,False,False,4.3461720148664507e-07,,constant_weights,,1.1902760565280914,0.00390625,False,False,,constant_weights,,10.714461088180542,0.21484375,False,False,,constant_weights,,4.470767974853516,0.326171875,False,False,,constant_weights,,7.592614531517029,0.19921875,False,False,,constant_weights,,-7.63171754055918,0.787109375,False,False
confirm-U-w128-d61103-s1003-g00-uniform,20,U,128,61103,1003,uniform,False,20.87140202522278,0.04076445708051324,22.849913835525513,1.9785118103027344,24.828425645828247,0.20703125,0.8406252705245393,,,constant_weights,False,False,4.6814481417106757e-07,,constant_weights,,-1.089839793741703,0.833984375,False,False,,constant_weights,,57.27042496204376,0.208984375,False,False,,constant_weights,,6.433597803115845,0.388671875,False,False,,constant_weights,,31.852011382579803,0.197265625,False,False,,constant_weights,,7.781177662077539,0.5,False,False
confirm-U-w128-d61103-s1003-g00-uniform,30,U,128,61103,1003,uniform,False,46.377593994140625,0.09058123826980591,48.30735123157501,1.9297572374343872,50.2371084690094,0.13671875,0.9231740322544707,,,constant_weights,False,False,4.4082601865363946e-07,,constant_weights,,-10.238942679017782,1.0,False,False,,constant_weights,,138.01635456085205,0.103515625,False,False,,constant_weights,,11.355348825454712,0.396484375,False,False,,constant_weights,,74.68585169315338,0.109375,False,False,,constant_weights,,33.287369630995386,0.259765625,False,False
confirm-U-w128-d61103-s1003-g02-random,1,U,128,61103,1003,random,False,0.7540808916091919,0.001472814241424203,3.845996856689453,3.0919159650802612,6.937912821769714,0.466796875,0.10868987705395264,0.6852307921058429,0.03335144280434702,,False,False,3.8743019104003906e-07,0.11925868229813802,,0.0020957420629559116,0.1206754557788372,0.240234375,False,False,1.1092938262652443,,0.012296378671119039,0.938481330871582,0.515625,False,False,0.3651623106629187,,0.09785490050087506,1.203070878982544,0.474609375,False,False,0.7486375293510164,,0.0355964098995456,1.070776104927063,0.47265625,False,False,,nonpositive_total_gain,,-12.336143471536047,0.857421875,False,False
confirm-U-w128-d61103-s1003-g02-random,3,U,128,61103,1003,random,False,2.609330892562866,0.005096349399536848,5.28837776184082,2.679046869277954,7.967424631118774,0.396484375,0.32749991538940576,0.3748381269143801,0.0015611806232861116,,False,False,3.774960835780522e-07,0.05215465395609231,,0.0005986422953495169,0.4087624251842499,0.109375,False,False,0.22681876227981856,,0.0007811508085838249,5.417571544647217,0.40625,False,False,1.348923636564836,,0.00872904449578947,2.0016422271728516,0.4375,False,False,0.3962086082134533,,0.001613098552680755,3.709606885910034,0.400390625,False,False,,nonpositive_total_gain,,-10.480893470582373,0.806640625,False,False
confirm-U-w128-d61103-s1003-g02-random,5,U,128,61103,1003,random,False,4.672716856002808,0.009126400109380484,7.245756983757019,2.5730401277542114,9.81879711151123,0.357421875,0.47589504120873116,0.3066858213472724,0.002416736811224792,,False,False,4.1474898656267134e-07,0.0576895689067619,,0.00033347701964206986,0.5982117131352425,0.099609375,False,False,0.2042730793413342,,0.0010068409587537161,9.745226383209229,0.369140625,False,False,0.8291523636850848,,0.006725675765295497,3.6746997833251953,0.431640625,False,False,0.31982049376960986,,0.002519401872574892,6.709963083267212,0.361328125,False,False,,nonpositive_total_gain,,-8.417507507142432,0.744140625,False,False
confirm-U-w128-d61103-s1003-g02-random,10,U,128,61103,1003,random,False,12.299784779548645,0.024023017147555947,19.30834174156189,7.008556962013245,26.316898703575134,0.380859375,0.46737212154400726,0.5751587268049192,0.0034536157752867594,,False,False,4.520018895559641e-07,,nonpositive_total_gain,,-2.7994529865682125,0.970703125,False,False,0.3028109421899554,,0.002034563741308999,35.86509847640991,0.361328125,False,False,5.544953069285199,,0.30525216267850835,3.8336920738220215,0.490234375,False,False,0.5077451888619646,,0.0035313487339920747,19.849395275115967,0.37109375,False,False,,nonpositive_total_gain,,-0.7904395835965943,0.5859375,False,False
confirm-U-w128-d61103-s1003-g02-random,20,U,128,61103,1003,random,False,29.10806429386139,0.056851688073948026,51.58236837387085,22.47430408000946,74.05667245388031,0.388671875,0.39305120429207496,1.6736580469332552,0.009755034024022243,,False,False,4.420677820748953e-07,,nonpositive_total_gain,,-18.695694755762815,1.0,False,False,0.6253575497651651,,0.00041116505929538486,104.61300712823868,0.328125,False,False,8.0,,110.75306871030736,1.4068546295166016,0.501953125,False,True,1.209351894855693,,0.0009827860985702072,53.00993087887764,0.36328125,False,False,3.800279548877169,,0.24661391256655435,16.017839930716146,0.4609375,False,False
confirm-U-w128-d61103-s1003-g02-random,30,U,128,61103,1003,random,False,50.19704681634903,0.0980411070631817,79.05044656991959,28.853399753570557,107.90384632349014,0.3671875,0.4652016450448011,1.615828711521461,0.011951013100785288,,False,False,4.6441952389342234e-07,,nonpositive_total_gain,,-15.99950249120593,1.0,False,False,0.6311689880744877,,0.00016758396127777947,167.41093069314957,0.291015625,False,False,,nonpositive_total_gain,,-0.8203098773956299,0.521484375,False,False,1.3759686022288062,,0.00478610730438774,83.29531040787697,0.35546875,False,False,2.4849165558793707,,0.07425808764090443,37.106822572413066,0.40625,False,False
confirm-U-w128-d61103-s1003-g02-uniform,1,U,128,61103,1003,uniform,False,1.6610404253005981,0.0032442195806652308,3.55049729347229,1.889456868171692,5.439954161643982,0.41796875,0.3053408863280979,,,constant_weights,False,False,4.867712656659792e-07,,constant_weights,,0.25054774060845375,0.05859375,False,False,,constant_weights,,2.6897284984588623,0.421875,False,False,,constant_weights,,2.042815685272217,0.451171875,False,False,,constant_weights,,2.3662720918655396,0.421875,False,False,,constant_weights,,-11.429183937844641,0.88671875,False,False
confirm-U-w128-d61103-s1003-g02-uniform,3,U,128,61103,1003,uniform,False,4.5283485651016235,0.008844430791214108,5.234883666038513,0.7065351009368896,5.941418766975403,0.212890625,0.7621662001459745,,,constant_weights,False,False,4.023313522338867e-07,,constant_weights,,0.9371527060866356,0.00390625,False,False,,constant_weights,,8.922994613647461,0.259765625,False,False,,constant_weights,,3.724883794784546,0.35546875,False,False,,constant_weights,,6.323939204216003,0.22265625,False,False,,constant_weights,,-8.561875798043616,0.822265625,False,False
confirm-U-w128-d61103-s1003-g02-uniform,5,U,128,61103,1003,uniform,False,8.679492592811584,0.016952133970335126,9.36825692653656,0.6887643337249756,10.057021260261536,0.150390625,0.8630281639263306,,,constant_weights,False,False,3.91155481338501e-07,,constant_weights,,1.5359156057238579,0.0,False,False,,constant_weights,,18.422902822494507,0.19140625,False,False,,constant_weights,,6.079631090164185,0.337890625,False,False,,constant_weights,,12.251266956329346,0.169921875,False,False,,constant_weights,,-4.410731770333655,0.662109375,False,False
confirm-U-w128-d61103-s1003-g02-uniform,10,U,128,61103,1003,uniform,False,38.170668601989746,0.07455208711326122,39.61216056346893,1.441491961479187,41.05365252494812,0.125,0.9297752149773666,,,constant_weights,False,False,4.3213367462158203e-07,,constant_weights,,-8.465243142098188,1.0,False,False,,constant_weights,,112.04757475852966,0.103515625,False,False,,constant_weights,,10.929666519165039,0.380859375,False,False,,constant_weights,,61.48862063884735,0.1015625,False,False,,constant_weights,,25.080444238844507,0.298828125,False,False
confirm-U-w128-d61103-s1003-g02-uniform,20,U,128,61103,1003,uniform,False,104.83280491828918,0.20475157210603356,105.51423454284668,0.6814296245574951,106.19566416740417,0.03515625,0.987166526432128,,,constant_weights,False,False,4.6441952387954455e-07,,constant_weights,,-5.544412150979042,0.982421875,False,False,,constant_weights,,299.2062757611275,0.03125,False,False,,constant_weights,,20.836545705795288,0.404296875,False,False,,constant_weights,,160.02141073346138,0.033203125,False,False,,constant_weights,,91.74258055514392,0.080078125,False,False
confirm-U-w128-d61103-s1003-g02-uniform,30,U,128,61103,1003,uniform,False,147.26963198184967,0.28763599996455014,147.5693382024765,0.29970622062683105,147.86904442310333,0.017578125,0.9959463291076762,,,constant_weights,False,False,3.986060619354248e-07,,constant_weights,,0.8451400063931942,0.3203125,False,False,,constant_weights,,407.2849581837654,0.013671875,False,False,,constant_weights,,33.67877984046936,0.35546875,False,False,,constant_weights,,220.4818690121174,0.017578125,False,False,,constant_weights,,134.17940761870437,0.025390625,False,False
confirm-U-w128-d61103-s1003-g04-random,1,U,128,61103,1003,random,False,2.1456714868545532,0.004190764622762799,5.536843419075012,3.391171932220459,8.928015351295471,0.419921875,0.24033017444836857,0.37383941634853346,0.0027164527990399313,,False,False,4.904965559653085e-07,,nonpositive_total_gain,,-0.3910258300602436,0.744140625,False,False,0.1497341842814941,,0.0011722163875346405,4.776121139526367,0.421875,False,False,1.2183207642538378,,0.004790295817440806,2.051898956298828,0.46484375,False,False,0.3393897469142986,,0.002506681799163727,3.4140100479125977,0.41015625,False,False,,nonpositive_total_gain,,-10.944552876290686,0.78125,False,False
confirm-U-w128-d61103-s1003-g04-random,3,U,128,61103,1003,random,False,5.45027768611908,0.010645073605701327,12.856474757194519,7.4061970710754395,20.26267182826996,0.373046875,0.2689811951904088,1.1627648185564983,0.007743296211116733,,False,False,4.842877388000488e-07,,nonpositive_total_gain,,-0.6134036332368851,0.646484375,False,False,0.6624698930680306,,0.01030223226912481,14.878995418548584,0.380859375,False,False,5.943211690989697,,0.5552658147353443,2.0852255821228027,0.48046875,False,False,1.0854023218470839,,0.006144993773077082,8.482110500335693,0.373046875,False,False,,nonpositive_total_gain,,-7.63994667702616,0.638671875,False,False
confirm-U-w128-d61103-s1003-g04-random,5,U,128,61103,1003,random,False,16.902273893356323,0.03301225369796157,27.86014974117279,10.957875847816467,38.81802558898926,0.375,0.4354233281290498,0.8314538123659532,0.0015719941681216103,,False,False,4.5696894327568183e-07,,nonpositive_total_gain,,-10.464871570467949,1.0,False,False,0.34869323604951674,,0.00192056293685802,56.68695425987244,0.33984375,False,False,6.776666638389182,,0.8668179842121617,4.4847187995910645,0.482421875,False,False,0.5909346868185323,,0.002668394393586001,30.58583652973175,0.33984375,False,False,6.755546405279504,,1.1018563153205305,3.812049530211083,0.515625,False,False
confirm-U-w128-d61103-s1003-g04-random,10,U,128,61103,1003,random,False,31.337749898433685,0.06120654277037829,66.01431673765182,34.67656683921814,100.69088357686996,0.423828125,0.31122728081445084,2.7074358729788592,0.09077787862005167,,False,False,4.246830940246582e-07,,nonpositive_total_gain,,-18.326698917895555,1.0,False,False,0.8317343096372731,,0.00020563762140108553,127.43913131952286,0.33203125,False,False,,nonpositive_total_gain,,-15.099202632904053,0.541015625,False,False,2.1262256917387377,,0.03484590818343269,56.1699643433094,0.40234375,False,False,4.943690427488554,,0.6960924710227997,18.247525475683794,0.484375,False,False
confirm-U-w128-d61103-s1003-g04-random,20,U,128,61103,1003,random,False,73.44911354780197,0.14345529989805073,129.18597394227982,55.736860394477844,184.92283433675766,0.44140625,0.3971879071139798,2.2726366073575153,0.10913132277302366,,False,False,3.986060619354248e-07,,nonpositive_total_gain,,-8.626500684767962,0.892578125,False,False,1.074792401208633,,0.006810208322976922,220.92111697793007,0.337890625,False,False,8.0,,68.00421051153316,8.052707076072693,0.533203125,False,True,2.1634914453064633,,0.09087863943722621,114.48691202700138,0.4375,False,False,2.8528564541662536,,0.2369262653289191,60.358889363470645,0.47265625,False,False
confirm-U-w128-d61103-s1003-g04-random,30,U,128,61103,1003,random,False,93.44521701335907,0.18251018947921693,188.70457196235657,95.2593549489975,283.96392691135406,0.46875,0.32907425259874706,2.616126074544445,0.31356816849188357,,False,False,3.998478254052529e-07,,nonpositive_total_gain,,-4.350634932518005,0.505859375,False,False,1.3877852620290674,,0.04061836729298829,251.6451452150941,0.369140625,False,False,8.0,,12.318573214289323,33.04111951589584,0.54296875,False,True,2.5667610666429916,,0.2939906773282492,142.34313236549497,0.470703125,False,False,3.0416876266089687,,0.5131363517556445,80.35499256080682,0.494140625,False,False
confirm-U-w128-d61103-s1003-g04-uniform,1,U,128,61103,1003,uniform,False,3.390621542930603,0.006622307701036334,5.744905233383179,2.3542836904525757,8.099188923835754,0.36328125,0.4186371715508537,,,constant_weights,False,False,3.8246313730817827e-07,,constant_weights,,0.3637343794107437,0.205078125,False,False,,constant_weights,,6.665302515029907,0.3671875,False,False,,constant_weights,,3.1428065299987793,0.451171875,False,False,,constant_weights,,4.904054522514343,0.3671875,False,False,,constant_weights,,-9.699602820214636,0.8046875,False,False
confirm-U-w128-d61103-s1003-g04-uniform,3,U,128,61103,1003,uniform,False,21.304607152938843,0.04161056084558368,24.880366802215576,3.5757596492767334,28.45612645149231,0.240234375,0.7486826145946359,,,constant_weights,False,False,4.197160402841238e-07,,constant_weights,,-0.6334502287209034,0.6484375,False,False,,constant_weights,,57.888521671295166,0.240234375,False,False,,constant_weights,,6.658734321594238,0.400390625,False,False,,constant_weights,,32.2736279964447,0.23046875,False,False,,constant_weights,,8.214382789793603,0.470703125,False,False
confirm-U-w128-d61103-s1003-g04-uniform,5,U,128,61103,1003,uniform,False,58.32732653617859,0.1139205596409738,60.42077386379242,2.0934473276138306,62.51422119140625,0.1171875,0.9330249249621424,,,constant_weights,False,False,4.4082601864670057e-07,,constant_weights,,-12.011540312319994,1.0,False,False,,constant_weights,,173.60159492492676,0.103515625,False,False,,constant_weights,,13.391900777816772,0.40625,False,False,,constant_weights,,93.49674785137177,0.09765625,False,False,,constant_weights,,45.23710217303335,0.21484375,False,False
confirm-U-w128-d61103-s1003-g04-uniform,10,U,128,61103,1003,uniform,False,134.56345403194427,0.26281924615614116,135.0228464603424,0.4593924283981323,135.48223888874054,0.021484375,0.9932184110306091,,,constant_weights,False,False,4.221995671682688e-07,,constant_weights,,-0.9779888391494751,0.560546875,False,False,,constant_weights,,375.03915363550186,0.013671875,False,False,,constant_weights,,29.629169940948486,0.357421875,False,False,,constant_weights,,202.33416178822517,0.01953125,False,False,,constant_weights,,121.473229668799,0.03125,False,False
confirm-U-w128-d61103-s1003-g04-uniform,20,U,128,61103,1003,uniform,False,242.31896823644638,0.47327923483680934,242.37522691488266,0.0562586784362793,242.43148559331894,0.00390625,0.9995358797699185,,,constant_weights,False,False,3.923972447528179e-07,,constant_weights,,6.180177979171276,0.0703125,False,False,,constant_weights,,648.721967458725,0.0078125,False,False,,constant_weights,,72.05474829673767,0.2265625,False,False,,constant_weights,,360.3883578777313,0.00390625,False,False,,constant_weights,,229.22874387330108,0.00390625,False,False
confirm-U-w128-d61103-s1003-g04-uniform,30,U,128,61103,1003,uniform,False,352.6742646098137,0.6888169230660424,352.6742646098137,-0.0,352.6742646098137,0.0,1.0,,,constant_weights,False,False,3.303090730932823e-07,,constant_weights,,8.84768651612103,0.044921875,False,False,,constant_weights,,892.6561721563339,0.0,False,False,,constant_weights,,156.51891350746155,0.16796875,False,False,,constant_weights,,524.5875428318977,0.0,False,False,,constant_weights,,339.58404018706375,0.0,False,False
confirm-U-w128-d61211-s1001-g00-random,1,U,128,61211,1001,random,False,0.32693910598754883,0.0006385529413819313,1.1429367065429688,0.8159976005554199,1.9589343070983887,0.462890625,0.1668964113818688,0.4605491096758816,0.0208085640802387,,False,False,3.8246313730904563e-07,0.03595677514774524,,4.6498569069269695e-05,0.11531135439872742,0.07421875,False,False,3.6419727729486633,,0.031104649197614118,0.2667725086212158,0.498046875,False,False,0.1663740504000713,,0.02009799982767276,0.5987467765808105,0.48046875,False,False,0.586197249955664,,0.024176913592976728,0.4327596426010132,0.46875,False,False,,nonpositive_total_gain,,-13.201712943848975,0.970703125,False,False
confirm-U-w128-d61211-s1001-g00-random,3,U,128,61211,1001,random,False,0.4058738946914673,0.000792722450569272,3.0884333848953247,2.6825594902038574,5.770992875099182,0.4765625,0.07032999407133939,3.9363187295983155,0.1250913690608807,,False,False,4.259248574597918e-07,0.0332123659785747,,3.687101710254372e-05,0.23079577833414078,0.09375,False,False,,nonpositive_total_gain,,-0.006692171096801758,0.494140625,False,False,2.104965158523434,,0.03058939365429306,0.9935204982757568,0.46484375,False,False,4.795211205415783,,0.2838512913526327,0.49341416358947754,0.48046875,False,False,,nonpositive_total_gain,,-13.122778155145056,0.9296875,False,False
confirm-U-w128-d61211-s1001-g00-random,5,U,128,61211,1001,random,False,0.8866297006607056,0.0017316986341029406,3.67112135887146,2.7844916582107544,6.455613017082214,0.45703125,0.13734244886033167,1.8477914186186393,0.010188540563799899,,False,False,4.507601261138916e-07,0.022310310034258263,,2.18009353067648e-05,0.3850453197956085,0.037109375,False,False,5.7941488463351565,,0.41699875379115275,0.6007821559906006,0.4921875,False,False,1.1519445210880384,,0.02371723769303773,1.674072265625,0.462890625,False,False,2.3465075129725004,,0.01974881051793273,1.1374272108078003,0.458984375,False,False,,nonpositive_total_gain,,-12.642022349175818,0.90234375,False,False
confirm-U-w128-d61211-s1001-g00-random,10,U,128,61211,1001,random,False,1.9796921014785767,0.003866586135700345,5.0967116355896,3.117019534111023,8.213731169700623,0.4140625,0.2410222663217176,0.7779310535767525,0.006991611127929017,,False,False,3.886719544725706e-07,0.020232181518002934,,2.7506244977364326e-05,0.6685979515314102,0.02734375,False,False,0.9894071655912953,,0.004067921375356557,2.728856086730957,0.431640625,False,False,1.0542610782454438,,0.015032212470955427,2.541630744934082,0.443359375,False,False,1.0166484387573358,,0.005879083517819527,2.6352434158325195,0.427734375,False,False,,nonpositive_total_gain,,-11.548959948357947,0.84765625,False,False
confirm-U-w128-d61211-s1001-g00-random,20,U,128,61211,1001,random,False,5.458576083183289,0.01066128141246736,8.462862253189087,3.0042861700057983,11.467148423194885,0.33203125,0.4760186126257938,0.4153248593537643,0.004183620352696531,,False,False,4.5821070671081543e-07,0.025076251326596105,,9.913187641280201e-05,0.8679048717021942,0.06640625,False,False,0.33872745511835267,,0.002485162104629747,11.100022792816162,0.34375,False,False,1.0281780361748631,,0.010743975076277255,4.407803297042847,0.453125,False,False,0.4473860913793374,,0.00430861138492015,7.753913044929504,0.337890625,False,False,,nonpositive_total_gain,,-8.070075966653235,0.7109375,False,False
confirm-U-w128-d61211-s1001-g00-random,30,U,128,61211,1001,random,False,8.696840167045593,0.016986015951260924,15.354081988334656,6.6572418212890625,22.01132380962372,0.375,0.39510754747259635,0.9678457243836829,0.0005666573258653097,,False,False,3.750125567121218e-07,,nonpositive_total_gain,,-2.034997623413801,0.92578125,False,False,0.5671950076825258,,0.0006823793236164558,23.765320777893066,0.373046875,False,False,3.883990804402973,,0.07411542621451102,4.360193729400635,0.484375,False,False,0.8380843381540384,,0.00048796007116734904,14.06275725364685,0.369140625,False,False,,nonpositive_total_gain,,-4.83181188279093,0.62109375,False,False
confirm-U-w128-d61211-s1001-g00-uniform,1,U,128,61211,1001,uniform,False,0.6125177145004272,0.001196323661133647,1.5494294166564941,0.9369117021560669,2.486341118812561,0.427734375,0.24635304860861426,,,constant_weights,False,False,4.1226545969630726e-07,,constant_weights,,0.1884554848074913,0.021484375,False,False,,constant_weights,,1.2180914878845215,0.44921875,False,False,,constant_weights,,0.43102145195007324,0.513671875,False,False,,constant_weights,,0.8245564699172974,0.431640625,False,False,,constant_weights,,-12.916134335336096,0.96484375,False,False
confirm-U-w128-d61211-s1001-g00-uniform,3,U,128,61211,1001,uniform,False,1.6640616655349731,0.0032501204404979944,2.67609965801239,1.012037992477417,3.688137650489807,0.34765625,0.4511929388844735,,,constant_weights,False,False,4.085401693980622e-07,,constant_weights,,0.456515658646822,0.0,False,False,,constant_weights,,3.164168119430542,0.35546875,False,False,,constant_weights,,1.3715109825134277,0.443359375,False,False,,constant_weights,,2.267839550971985,0.359375,False,False,,constant_weights,,-11.86459038430155,0.93359375,False,False
confirm-U-w128-d61211-s1001-g00-uniform,5,U,128,61211,1001,uniform,False,2.547722101211548,0.004976019728928804,3.460277795791626,0.9125556945800781,4.372833490371704,0.2890625,0.5826249974578803,,,constant_weights,False,False,4.023313522338867e-07,,constant_weights,,0.7100184075534344,0.0,False,False,,constant_weights,,4.875092506408691,0.30859375,False,False,,constant_weights,,2.0580596923828125,0.390625,False,False,,constant_weights,,3.466576099395752,0.318359375,False,False,,constant_weights,,-10.980929948624976,0.904296875,False,False
confirm-U-w128-d61211-s1001-g00-uniform,10,U,128,61211,1001,uniform,False,4.965489387512207,0.00969822145998478,5.541722893714905,0.5762335062026978,6.1179563999176025,0.18359375,0.8116254943528337,,,constant_weights,False,False,4.172325134277344e-07,,constant_weights,,1.2686986029148102,0.001953125,False,False,,constant_weights,,10.013120651245117,0.205078125,False,False,,constant_weights,,3.6146581172943115,0.392578125,False,False,,constant_weights,,6.813889384269714,0.208984375,False,False,,constant_weights,,-8.563162662324316,0.822265625,False,False
confirm-U-w128-d61211-s1001-g00-uniform,20,U,128,61211,1001,uniform,False,14.471350312232971,0.028264356078580022,15.967628002166748,1.4962776899337769,17.463905692100525,0.205078125,0.8286434070002348,,,constant_weights,False,False,3.712872664136599e-07,,constant_weights,,0.4079016409814358,0.279296875,False,False,,constant_weights,,36.935835123062134,0.1875,False,False,,constant_weights,,6.070324420928955,0.462890625,False,False,,constant_weights,,21.503079771995544,0.20703125,False,False,,constant_weights,,0.9426982623964477,0.56640625,False,False
confirm-U-w128-d61211-s1001-g00-uniform,30,U,128,61211,1001,uniform,False,33.803011417388916,0.06602150667458773,36.150983691215515,2.347972273826599,38.498955965042114,0.158203125,0.8780241066298728,,,constant_weights,False,False,3.8494666416977186e-07,,constant_weights,,-5.3429495096206665,1.0,False,False,,constant_weights,,96.08448553085327,0.150390625,False,False,,constant_weights,,10.66751766204834,0.400390625,False,False,,constant_weights,,53.376001596450806,0.146484375,False,False,,constant_weights,,20.274359367552393,0.322265625,False,False
confirm-U-w128-d61211-s1001-g02-random,1,U,128,61211,1001,random,False,0.6840887069702148,0.0013361107558012009,2.577648162841797,1.893559455871582,4.471207618713379,0.458984375,0.15299864495379129,0.7216055759939317,0.021288362743603854,,False,False,4.0605664253234863e-07,0.12428405596572038,,0.0011314340207353804,0.08311590179800987,0.302734375,False,False,2.0553823204379436,,0.007757719880234374,0.8003275394439697,0.482421875,False,False,0.35992671322686065,,0.03376056038299825,1.1688270568847656,0.490234375,False,False,0.7937349424538498,,0.021873169636715956,0.9845772981643677,0.458984375,False,False,,nonpositive_total_gain,,-12.844563342866309,0.939453125,False,False
confirm-U-w128-d61211-s1001-g02-random,3,U,128,61211,1001,random,False,1.0530316829681396,0.0020567025057971478,5.186050653457642,4.133018970489502,9.319069623947144,0.44921875,0.1129975121402862,2.8306623072694523,0.034099264229763816,,False,False,3.8370490074157715e-07,0.02846587228773057,,7.99613935524135e-05,0.3693898767232895,0.140625,False,False,3.710623979768856,,0.09192488518540655,1.3585104942321777,0.455078125,False,False,2.9842298841276373,,0.07198149611666183,1.4312047958374023,0.474609375,False,False,3.2695356434202907,,0.06593757000289915,1.39485764503479,0.453125,False,False,,nonpositive_total_gain,,-12.475620366868384,0.830078125,False,False
confirm-U-w128-d61211-s1001-g02-random,5,U,128,61211,1001,random,False,3.5094951391220093,0.006854482693597674,6.03278374671936,2.523288607597351,8.556072354316711,0.357421875,0.41017595384772526,0.41282445558735514,0.004740347519224952,,False,False,4.495183626813601e-07,0.017093954156325405,,6.339616363250502e-05,0.8710786253213882,0.029296875,False,False,0.4752665380028729,,0.0021219531577177588,5.6207499504089355,0.388671875,False,False,0.45221892894299,,0.015231045223578538,4.036670923233032,0.443359375,False,False,0.46671981238753435,,0.0049716066777971135,4.828710436820984,0.3671875,False,False,,nonpositive_total_gain,,-10.019156910714514,0.806640625,False,False
confirm-U-w128-d61211-s1001-g02-random,10,U,128,61211,1001,random,False,8.176391243934631,0.015969514148309827,13.533318400382996,5.356927156448364,18.89024555683136,0.3671875,0.43283668385018786,0.6906615525498194,0.000997493766337915,,False,False,4.048148791041539e-07,,nonpositive_total_gain,,-0.32689302042126656,0.576171875,False,False,0.4910744912738584,,0.001102933831617893,19.362305402755737,0.357421875,False,False,2.0446372871791025,,0.007538712620458519,5.49375581741333,0.462890625,False,False,0.6699524109816151,,0.0010482019522866065,12.428030610084534,0.365234375,False,False,,nonpositive_total_gain,,-5.352260805901892,0.630859375,False,False
confirm-U-w128-d61211-s1001-g02-random,20,U,128,61211,1001,random,False,21.604320764541626,0.04219593899324536,38.97486090660095,17.370540142059326,56.34540104866028,0.400390625,0.3834265150741226,1.737403878692417,0.021441749896849112,,False,False,4.18474276862868e-07,,nonpositive_total_gain,,-12.628347247838974,1.0,False,False,0.7652012909096051,,0.000436414610942531,72.61839878559113,0.328125,False,False,8.0,,3.4126997138480912,4.822913289070129,0.498046875,False,True,1.2982575905215192,,0.005683013534683834,38.72065603733063,0.375,False,False,5.743367290512834,,1.042382282362353,8.075668714705103,0.490234375,False,False
confirm-U-w128-d61211-s1001-g02-random,30,U,128,61211,1001,random,False,32.5819947719574,0.06363670853897929,66.37555158138275,33.793556809425354,100.1691083908081,0.4296875,0.3252698890444276,2.8476793575340094,0.15146712878053206,,False,False,4.3461720147797145e-07,,nonpositive_total_gain,,-12.797117050737143,1.0,False,False,1.2664681694415485,,0.008616874022172696,113.41489899158478,0.3359375,False,False,,nonpositive_total_gain,,-2.8717872500419617,0.52734375,False,False,2.419389552485655,,0.08960707045645265,55.27155587077141,0.412109375,False,False,5.2634857093946446,,0.9052446408511465,19.053342722120874,0.486328125,False,False
confirm-U-w128-d61211-s1001-g02-uniform,1,U,128,61211,1001,uniform,False,1.4494847059249878,0.0028310248162597418,3.1438971757888794,1.6944124698638916,4.838309645652771,0.4140625,0.29958494021302506,,,constant_weights,False,False,4.6814481417366965e-07,,constant_weights,,0.17475586012005806,0.1875,False,False,,constant_weights,,3.1169395446777344,0.435546875,False,False,,constant_weights,,1.056762456893921,0.50390625,False,False,,constant_weights,,2.0868510007858276,0.416015625,False,False,,constant_weights,,-12.079167343911536,0.923828125,False,False
confirm-U-w128-d61211-s1001-g02-uniform,3,U,128,61211,1001,uniform,False,4.138361096382141,0.00808273651637137,4.911670088768005,0.7733089923858643,5.68497908115387,0.263671875,0.7279465829700442,,,constant_weights,False,False,4.035731156672856e-07,,constant_weights,,0.9753305353224277,0.009765625,False,False,,constant_weights,,8.530665636062622,0.24609375,False,False,,constant_weights,,2.9090921878814697,0.427734375,False,False,,constant_weights,,5.719878911972046,0.27734375,False,False,,constant_weights,,-9.390290953454382,0.84765625,False,False
confirm-U-w128-d61211-s1001-g02-uniform,5,U,128,61211,1001,uniform,False,7.5017783641815186,0.014651910867542028,8.262720704078674,0.7609423398971558,9.02366304397583,0.18359375,0.8313451341902314,,,constant_weights,False,False,5.140900611877441e-07,,constant_weights,,1.5698431767523289,0.001953125,False,False,,constant_weights,,16.088390827178955,0.181640625,False,False,,constant_weights,,4.847103118896484,0.40234375,False,False,,constant_weights,,10.46774697303772,0.1953125,False,False,,constant_weights,,-6.026873685655005,0.740234375,False,False
confirm-U-w128-d61211-s1001-g02-uniform,10,U,128,61211,1001,uniform,False,26.536415457725525,0.051828936440870166,28.501108050346375,1.9646925926208496,30.465800642967224,0.169921875,0.8710230782610742,,,constant_weights,False,False,4.1847427685939853e-07,,constant_weights,,-3.3891824446618557,0.9609375,False,False,,constant_weights,,73.487619638443,0.150390625,False,False,,constant_weights,,9.510821104049683,0.41015625,False,False,,constant_weights,,41.49922037124634,0.162109375,False,False,,constant_weights,,13.007763407889001,0.380859375,False,False
confirm-U-w128-d61211-s1001-g02-uniform,20,U,128,61211,1001,uniform,False,81.59661626815796,0.159368391148746,82.86999702453613,1.2733807563781738,84.1433777809143,0.060546875,0.9697330725254767,,,constant_weights,False,False,3.973642984933523e-07,,constant_weights,,-3.4222307279706,0.890625,False,False,,constant_weights,,228.3434669971466,0.0390625,False,False,,constant_weights,,19.86861491203308,0.380859375,False,False,,constant_weights,,124.10604095458984,0.05859375,False,False,,constant_weights,,68.06796421832144,0.1015625,False,False
confirm-U-w128-d61211-s1001-g02-uniform,30,U,128,61211,1001,uniform,False,126.59506011009216,0.24725597677752376,127.39676237106323,0.8017022609710693,128.1984646320343,0.03515625,0.9874927946559706,,,constant_weights,False,False,3.501772880554199e-07,,constant_weights,,0.997380081564188,0.29296875,False,False,,constant_weights,,345.50557589530945,0.0234375,False,False,,constant_weights,,33.282231092453,0.359375,False,False,,constant_weights,,189.39390349388123,0.03515625,False,False,,constant_weights,,113.0664080602556,0.060546875,False,False
confirm-U-w128-d61211-s1001-g04-random,1,U,128,61211,1001,random,False,0.7034298181533813,0.001373886363580823,5.034078240394592,4.330648422241211,9.364726662635803,0.474609375,0.07511482646471536,3.6559667023416695,0.04990032929856242,,False,False,4.122654596976083e-07,,nonpositive_total_gain,,-1.619905959814787,0.982421875,False,False,0.3634299911490124,,0.008647584846978695,2.646500587463379,0.419921875,False,False,3.94516833900816,,0.14839350826679243,1.0837016105651855,0.48828125,False,False,1.2959023403790586,,0.01233126256755067,1.8651010990142822,0.45703125,False,False,,nonpositive_total_gain,,-12.825222231683142,0.841796875,False,False
confirm-U-w128-d61211-s1001-g04-random,3,U,128,61211,1001,random,False,6.086315274238586,0.011887334519997239,9.875998258590698,3.789682984352112,13.66568124294281,0.3671875,0.4453722552164506,0.4535497792723622,0.004619965759762106,,False,False,4.4206778208183417e-07,0.05115834150050738,,0.00035322657478616994,0.8367323316633701,0.169921875,False,False,0.37791208132583476,,0.002727795118671016,12.723382234573364,0.373046875,False,False,1.0991604593594322,,0.012129780689918901,4.698840856552124,0.470703125,False,False,0.48235509056342085,,0.004712752778426582,8.711111545562744,0.376953125,False,False,,nonpositive_total_gain,,-7.442336775597937,0.666015625,False,False
confirm-U-w128-d61211-s1001-g04-random,5,U,128,61211,1001,random,False,10.551533818244934,0.020608464488759637,19.60790479183197,9.056370973587036,28.664275765419006,0.375,0.36810746256406224,1.1061587935368964,0.001501861208070573,,False,False,4.3834249178337226e-07,,nonpositive_total_gain,,-4.9227741956710815,0.9921875,False,False,0.6596794045716559,,0.0005715426527237602,31.016445875167847,0.361328125,False,False,2.96577552597147,,0.02795688253942746,5.560935974121094,0.482421875,False,False,0.8489966629635117,,0.0004706235072322547,18.28869092464447,0.365234375,False,False,,nonpositive_total_gain,,-2.9771182315915894,0.5390625,False,False
confirm-U-w128-d61211-s1001-g04-random,10,U,128,61211,1001,random,False,37.35098910331726,0.07295115059241652,56.480388045310974,19.129398941993713,75.60978698730469,0.37109375,0.4939967508384689,1.3065848403575862,0.00845106110711752,,False,False,4.4330954551696777e-07,,nonpositive_total_gain,,-13.584664110094309,1.0,False,False,0.6343221167869031,,0.0001566929218373381,119.69924688339233,0.296875,False,False,8.0,,5.681380867800647,5.938385009765625,0.494140625,False,True,1.0834132613698748,,0.003234751381066608,62.81881594657898,0.333984375,False,False,2.4912747995745077,,0.09773603614935707,23.822337053480737,0.443359375,False,False
confirm-U-w128-d61211-s1001-g04-random,20,U,128,61211,1001,random,False,44.1743044257164,0.08627793833147734,121.0380762219429,76.8637717962265,197.9018480181694,0.5,0.22321319819944657,4.58942003317934,0.8722360366241796,,False,False,4.1226545971495554e-07,,nonpositive_total_gain,,-7.211116544902325,0.84375,False,False,1.9715791444276585,,0.07151983235298873,161.16219618916512,0.4140625,False,False,,nonpositive_total_gain,,-21.428157448768616,0.564453125,False,False,4.333663791608314,,0.7419173884679042,69.86701937019825,0.4921875,False,False,6.63643719382192,,2.3616093212411644,30.645652584496123,0.505859375,False,False
confirm-U-w128-d61211-s1001-g04-random,30,U,128,61211,1001,random,False,63.95603156089783,0.12491412414237857,183.7384682893753,119.78243672847748,303.5209050178528,0.515625,0.21071376140347237,4.620676034082475,1.2963705324410835,,False,False,4.3585896492004395e-07,,nonpositive_total_gain,,-5.172568615525961,0.681640625,False,False,2.2795419967955937,,0.19367045124485482,191.54402339458466,0.423828125,False,False,8.0,,635.8605225870991,5.496656596660614,0.55859375,False,True,4.491822783073083,,1.1978900668959205,98.52033999562263,0.513671875,False,False,5.7954711655895546,,2.42540592051445,50.42737992829379,0.529296875,False,False
confirm-U-w128-d61211-s1001-g04-uniform,1,U,128,61211,1001,uniform,False,2.2874449491500854,0.004467665916308761,6.081016659736633,3.793571710586548,9.874588370323181,0.412109375,0.23164965093883916,,,constant_weights,False,False,4.07298405965097e-07,,constant_weights,,-0.34029077738523483,0.65234375,False,False,,constant_weights,,5.604869365692139,0.39453125,False,False,,constant_weights,,1.5977535247802734,0.4375,False,False,,constant_weights,,3.601311445236206,0.404296875,False,False,,constant_weights,,-11.241207100686438,0.8125,False,False
confirm-U-w128-d61211-s1001-g04-uniform,3,U,128,61211,1001,uniform,False,13.780636548995972,0.026915305759757757,14.911916017532349,1.131279468536377,16.043195486068726,0.162109375,0.8589708054709256,,,constant_weights,False,False,4.520018895464231e-07,,constant_weights,,2.0028867535293102,0.017578125,False,False,,constant_weights,,31.49871301651001,0.1640625,False,False,,constant_weights,,7.840320348739624,0.3671875,False,False,,constant_weights,,19.669516682624817,0.171875,False,False,,constant_weights,,0.2519844991594482,0.533203125,False,False
confirm-U-w128-d61211-s1001-g04-uniform,5,U,128,61211,1001,uniform,False,34.814770579338074,0.06799759878776968,36.18695938587189,1.3721888065338135,37.5591481924057,0.115234375,0.926931846297235,,,constant_weights,False,False,4.0108958880048784e-07,,constant_weights,,-9.018693529069424,0.9921875,False,False,,constant_weights,,99.01064920425415,0.08984375,False,False,,constant_weights,,14.452365398406982,0.3828125,False,False,,constant_weights,,56.731507301330566,0.09765625,False,False,,constant_weights,,21.28611852950155,0.287109375,False,False
confirm-U-w128-d61211-s1001-g04-uniform,10,U,128,61211,1001,uniform,False,105.44211399555206,0.20594162889756262,106.38131272792816,0.9391987323760986,107.32051146030426,0.02734375,0.9824973116583872,,,constant_weights,False,False,4.482765992436244e-07,,constant_weights,,-0.29654524102807045,0.46875,False,False,,constant_weights,,288.5939464569092,0.02734375,False,False,,constant_weights,,28.028948545455933,0.349609375,False,False,,constant_weights,,158.31144750118256,0.02734375,False,False,,constant_weights,,91.9134619457155,0.0625,False,False
confirm-U-w128-d61211-s1001-g04-uniform,20,U,128,61211,1001,uniform,False,217.54889500141144,0.4249001855496317,217.85816299915314,0.3092679977416992,218.16743099689484,0.005859375,0.9971648564010812,,,constant_weights,False,False,3.6383668583495066e-07,,constant_weights,,3.9952175989747047,0.162109375,False,False,,constant_weights,,568.5231174826622,0.005859375,False,False,,constant_weights,,80.12835192680359,0.259765625,False,False,,constant_weights,,324.3257347047329,0.005859375,False,False,,constant_weights,,204.02024295157486,0.009765625,False,False
confirm-U-w128-d61211-s1001-g04-uniform,30,U,128,61211,1001,uniform,False,354.4269413948059,0.6922401199117303,354.47833144664764,0.05139005184173584,354.5297214984894,0.001953125,0.9997100945352365,,,constant_weights,False,False,3.265837828503315e-07,,constant_weights,,4.69775334186852,0.158203125,False,False,,constant_weights,,860.3193394839764,0.0,False,False,,constant_weights,,198.26374316215515,0.15234375,False,False,,constant_weights,,529.2915413230658,0.001953125,False,False,,constant_weights,,340.89828952378326,0.001953125,False,False
confirm-U-w128-d61211-s1002-g00-random,1,U,128,61211,1002,random,False,0.1689896583557129,0.00033005792647600174,2.185481905937195,2.016492247581482,4.201974153518677,0.53125,0.04021672960891566,8.0,1.297804108710452,,False,True,3.91155481338501e-07,0.0,,0.00018450791891837421,0.07740520685911179,0.18359375,True,False,,nonpositive_total_gain,,-0.4588031768798828,0.515625,False,False,1.2772677827330066,,0.10120391504602616,0.8883614540100098,0.478515625,False,False,8.0,,2.015928874031535,0.21477913856506348,0.53125,False,True,,nonpositive_total_gain,,-13.590145565804846,0.931640625,False,False
confirm-U-w128-d61211-s1002-g00-random,3,U,128,61211,1002,random,False,0.21076464653015137,0.0004116497002542019,3.8678629398345947,3.6570982933044434,7.524961233139038,0.5,0.02800873519480324,8.0,6.606156058767394,,False,True,4.991888999938965e-07,0.00260657161729406,,2.1541847929542833e-05,0.3092093802988529,0.017578125,False,False,,nonpositive_total_gain,,-0.5726401805877686,0.525390625,False,False,3.4878052069521055,,1.1354377099679807,0.8957207202911377,0.49609375,False,False,8.0,,29.933738799014453,0.16154026985168457,0.505859375,False,True,,nonpositive_total_gain,,-13.548370577630408,0.880859375,False,False
confirm-U-w128-d61211-s1002-g00-random,5,U,128,61211,1002,random,False,0.3708333969116211,0.00072428397834301,4.7229121923446655,4.352078795433044,9.07499098777771,0.490234375,0.040863224813232686,8.0,3.1303814835292214,,False,True,4.3461720148751243e-07,0.004541623409919111,,1.445724513713115e-05,0.48142262175679207,0.001953125,False,False,,nonpositive_total_gain,,-0.05747509002685547,0.529296875,False,False,7.592557803841392,,4.032267189337055,0.6885526180267334,0.513671875,False,False,8.0,,12.00067655563228,0.31553876399993896,0.49609375,False,True,,nonpositive_total_gain,,-13.388301827248938,0.859375,False,False
confirm-U-w128-d61211-s1002-g00-random,10,U,128,61211,1002,random,False,1.5368263721466064,0.0030016140080988407,5.992745041847229,4.455918669700623,10.448663711547852,0.458984375,0.14708353283952547,2.1478709738428825,0.10836067076356193,,False,False,4.2716662089145596e-07,0.007738978146038354,,1.2356001490404334e-05,0.7502410784363747,0.0078125,False,False,1.8405896560131998,,0.0251543408174782,2.437371015548706,0.4765625,False,False,4.040881572202262,,1.0506389606037096,1.422867774963379,0.50390625,False,False,2.7231225871238087,,0.21059750397226928,1.9301193952560425,0.46875,False,False,,nonpositive_total_gain,,-12.222308852013953,0.82421875,False,False
confirm-U-w128-d61211-s1002-g00-random,20,U,128,61211,1002,random,False,4.48130989074707,0.008752558380365372,11.631668329238892,7.150358438491821,18.782026767730713,0.423828125,0.2385956503078987,2.0225588091131828,0.0366596839109112,,False,False,4.197160402980016e-07,,nonpositive_total_gain,,-0.6241547651588917,0.7890625,False,False,0.7766037952892602,,0.001014013566496986,13.70004391670227,0.404296875,False,False,8.0,,93.11681789088064,0.36803627014160156,0.517578125,False,True,1.8840770766313994,,0.028042567463038195,7.034040093421936,0.423828125,False,False,,nonpositive_total_gain,,-9.277825333413489,0.673828125,False,False
confirm-U-w128-d61211-s1002-g00-random,30,U,128,61211,1002,random,False,6.081530570983887,0.011877989396452904,20.03520178794861,13.953671216964722,33.98887300491333,0.4609375,0.17892710270519294,3.916451318386357,0.24135599455088522,,False,False,4.1102369627288304e-07,,nonpositive_total_gain,,-5.992176435887814,1.0,False,False,0.8337986634225518,,0.0009802671282830703,28.02789604663849,0.40625,False,False,,nonpositive_total_gain,,-3.7911264896392822,0.513671875,False,False,2.6217190907548082,,0.07053614626342104,12.118384778499603,0.4375,False,False,,nonpositive_total_gain,,-7.677604653176672,0.62109375,False,False
confirm-U-w128-d61211-s1002-g00-uniform,1,U,128,61211,1002,uniform,False,0.646190881729126,0.0012620915658771992,1.6079429388046265,0.9617520570755005,2.569694995880127,0.421875,0.25146598439314155,,,constant_weights,False,False,4.7062834103916637e-07,,constant_weights,,0.20112557336688042,0.0,False,False,,constant_weights,,0.920194149017334,0.40625,False,False,,constant_weights,,0.8172521591186523,0.455078125,False,False,,constant_weights,,0.8687231540679932,0.423828125,False,False,,constant_weights,,-13.112944342431433,0.955078125,False,False
confirm-U-w128-d61211-s1002-g00-uniform,3,U,128,61211,1002,uniform,False,1.622543454170227,0.0031690301839262247,2.548823118209839,0.9262796640396118,3.4751027822494507,0.330078125,0.46690516967096635,,,constant_weights,False,False,4.3213367462158203e-07,,constant_weights,,0.5385431237518787,0.0,False,False,,constant_weights,,2.8290436267852783,0.34765625,False,False,,constant_weights,,1.5000343322753906,0.3984375,False,False,,constant_weights,,2.1645389795303345,0.341796875,False,False,,constant_weights,,-12.136591769990332,0.943359375,False,False
confirm-U-w128-d61211-s1002-g00-uniform,5,U,128,61211,1002,uniform,False,2.460731863975525,0.004806116921827197,3.5150824785232544,1.0543506145477295,4.569433093070984,0.314453125,0.5385201651616127,,,constant_weights,False,False,3.46451997756958e-07,,constant_weights,,0.8168462961912155,0.0,False,False,,constant_weights,,4.623541831970215,0.30078125,False,False,,constant_weights,,1.9417948722839355,0.412109375,False,False,,constant_weights,,3.282668352127075,0.33203125,False,False,,constant_weights,,-11.298403360185034,0.91796875,False,False
confirm-U-w128-d61211-s1002-g00-uniform,10,U,128,61211,1002,uniform,False,4.684736728668213,0.009149876423180103,5.272741675376892,0.5880049467086792,5.860746622085571,0.1953125,0.7993412837562887,,,constant_weights,False,False,3.9363900820443137e-07,,constant_weights,,1.477460764348507,0.0,False,False,,constant_weights,,8.997999668121338,0.234375,False,False,,constant_weights,,3.5787394046783447,0.375,False,False,,constant_weights,,6.288369536399841,0.216796875,False,False,,constant_weights,,-9.074398495492346,0.865234375,False,False
confirm-U-w128-d61211-s1002-g00-uniform,20,U,128,61211,1002,uniform,False,12.480347752571106,0.02437567920424044,13.858136534690857,1.377788782119751,15.235925316810608,0.224609375,0.8191394676108626,,,constant_weights,False,False,3.650784492492676e-07,,constant_weights,,1.5193551555275917,0.005859375,False,False,,constant_weights,,29.69951558113098,0.205078125,False,False,,constant_weights,,6.2221598625183105,0.4296875,False,False,,constant_weights,,17.960837721824646,0.236328125,False,False,,constant_weights,,-1.2787874715894532,0.583984375,False,False
confirm-U-w128-d61211-s1002-g00-uniform,30,U,128,61211,1002,uniform,False,28.256892919540405,0.055189243983477354,30.757513284683228,2.5006203651428223,33.25813364982605,0.173828125,0.8496235302033611,,,constant_weights,False,False,3.973642985020259e-07,,constant_weights,,-3.0989315919578075,0.98046875,False,False,,constant_weights,,77.5972820520401,0.16015625,False,False,,constant_weights,,10.272321701049805,0.443359375,False,False,,constant_weights,,43.93480187654495,0.158203125,False,False,,constant_weights,,14.497757695379846,0.376953125,False,False
confirm-U-w128-d61211-s1002-g02-random,1,U,128,61211,1002,random,False,-0.5213136672973633,-0.0010181907564401627,4.435123920440674,4.956437587738037,9.391561508178711,0.546875,0.05550873162502033,,,nonpositive_total_gain,False,False,4.4455130894863193e-07,,nonpositive_total_gain,,-0.2018902525305748,0.802734375,False,False,,nonpositive_total_gain,,-2.0184285640716553,0.5390625,False,False,7.65776992249965,,2.972240110589769,0.6563720703125,0.5078125,False,False,,nonpositive_total_gain,,-0.6810282468795776,0.546875,False,False,,nonpositive_total_gain,,-14.280448891457922,0.857421875,False,False
confirm-U-w128-d61211-s1002-g02-random,3,U,128,61211,1002,random,False,0.9374294281005859,0.001830916851758957,5.884205937385559,4.946776509284973,10.830982446670532,0.484375,0.08655072914357402,3.93637171896279,0.5403184677217309,,False,False,3.948807716369629e-07,0.012514257487225278,,1.6413034849876294e-05,0.5468361899256706,0.029296875,False,False,5.3700905919336765,,0.3531027346079487,1.1432690620422363,0.4765625,False,False,5.453730342663539,,2.121878860431815,1.1221911907196045,0.498046875,False,False,5.413644304948845,,1.0189463639270333,1.1327301263809204,0.490234375,False,False,,nonpositive_total_gain,,-12.821705796059973,0.8125,False,False
confirm-U-w128-d61211-s1002-g02-random,5,U,128,61211,1002,random,False,2.379432797431946,0.004647329682484269,7.3966532945632935,5.017220497131348,12.413873791694641,0.439453125,0.19167528503664005,1.8475616165808337,0.056554557271197535,,False,False,3.998478253679563e-07,0.018029109073022534,,2.2353642463354666e-05,0.7459094896912575,0.033203125,False,False,0.9008109096542687,,0.003350301328952057,5.170562028884888,0.4453125,False,False,7.884345841263169,,3.023241077515296,1.2218337059020996,0.498046875,False,False,2.149965068324921,,0.09064105169433656,3.1961978673934937,0.453125,False,False,,nonpositive_total_gain,,-11.379702426728613,0.771484375,False,False
confirm-U-w128-d61211-s1002-g02-random,10,U,128,61211,1002,random,False,5.452598690986633,0.010649606818333268,17.871586322784424,12.41898763179779,30.290573954582214,0.44921875,0.1800097515207958,3.5353280106434304,0.19207549195054605,,False,False,4.445513089451625e-07,,nonpositive_total_gain,,-4.494138680398464,1.0,False,False,0.8755766510490817,,0.0008596856541144255,23.649218797683716,0.412109375,False,False,,nonpositive_total_gain,,-2.797285795211792,0.5234375,False,False,2.5249257393116533,,0.06480106426196636,10.425966501235962,0.439453125,False,False,,nonpositive_total_gain,,-8.306536533173926,0.619140625,False,False
confirm-U-w128-d61211-s1002-g02-random,20,U,128,61211,1002,random,False,11.50249469280243,0.022465809946879745,39.13672888278961,27.634234189987183,66.7709630727768,0.4609375,0.17226791652331452,5.39167085867569,0.7656933613646665,,False,False,4.6193599700927734e-07,,nonpositive_total_gain,,-15.76952587813139,1.0,False,False,1.0519851330054553,,0.0019308612183976533,65.82339143753052,0.345703125,False,False,,nonpositive_total_gain,,-15.54638123512268,0.53125,False,False,3.277015129063163,,0.2114744229111748,25.13850510120392,0.43359375,False,False,,nonpositive_total_gain,,-2.2566405313581317,0.54296875,False,False
confirm-U-w128-d61211-s1002-g02-random,30,U,128,61211,1002,random,False,25.022516429424286,0.04887210240121931,61.21795588731766,36.19543945789337,97.41339534521103,0.45703125,0.25686935909327613,3.767524050057208,0.35739436385501,,False,False,4.023313522338867e-07,,nonpositive_total_gain,,-14.129919357597828,1.0,False,False,1.1254962353327302,,0.0034788790660789702,106.8670317530632,0.3515625,False,False,,nonpositive_total_gain,,-17.669573664665222,0.548828125,False,False,3.003169251971943,,0.18872870048594892,44.59872904419899,0.42578125,False,False,8.0,,3.572400026765397,11.263381145659075,0.51953125,False,True
confirm-U-w128-d61211-s1002-g02-uniform,1,U,128,61211,1002,uniform,False,1.4917519092559814,0.0029135779477655888,2.803349256515503,1.3115973472595215,4.114946603775024,0.38671875,0.36252035637290125,,,constant_weights,False,False,4.271666208901549e-07,,constant_weights,,0.31247542798519135,0.056640625,False,False,,constant_weights,,2.7161505222320557,0.37890625,False,False,,constant_weights,,1.4466369152069092,0.447265625,False,False,,constant_weights,,2.0813937187194824,0.390625,False,False,,constant_weights,,-12.267383314904578,0.9375,False,False
confirm-U-w128-d61211-s1002-g02-uniform,3,U,128,61211,1002,uniform,False,3.949662446975708,0.00771418446674943,4.827531695365906,0.8778692483901978,5.7054009437561035,0.232421875,0.6922672895229481,,,constant_weights,False,False,4.2716662089145596e-07,,constant_weights,,1.2245125249028206,0.0,False,False,,constant_weights,,7.152306795120239,0.25390625,False,False,,constant_weights,,3.472160577774048,0.357421875,False,False,,constant_weights,,5.3122336864471436,0.24609375,False,False,,constant_weights,,-9.809472777184851,0.876953125,False,False
confirm-U-w128-d61211-s1002-g02-uniform,5,U,128,61211,1002,uniform,False,6.846220970153809,0.013371525332331657,7.7095959186553955,0.8633749485015869,8.572970867156982,0.216796875,0.7985820873813597,,,constant_weights,False,False,4.2219956715902596e-07,,constant_weights,,1.9455071948468685,0.0,False,False,,constant_weights,,13.951037168502808,0.189453125,False,False,,constant_weights,,4.642122983932495,0.40625,False,False,,constant_weights,,9.296580076217651,0.2421875,False,False,,constant_weights,,-6.9129142540067505,0.748046875,False,False
confirm-U-w128-d61211-s1002-g02-uniform,10,U,128,61211,1002,uniform,False,22.602578163146973,0.04414566047489643,24.843108773231506,2.2405306100845337,27.08363938331604,0.185546875,0.8345473015369761,,,constant_weights,False,False,4.172325134277344e-07,,constant_weights,,-1.156925443559885,0.779296875,False,False,,constant_weights,,59.462186098098755,0.1796875,False,False,,constant_weights,,9.502456188201904,0.447265625,False,False,,constant_weights,,34.48232114315033,0.181640625,False,False,,constant_weights,,8.843442938986414,0.439453125,False,False
confirm-U-w128-d61211-s1002-g02-uniform,20,U,128,61211,1002,uniform,False,79.826984167099,0.15591207845136523,81.28236591815948,1.4553817510604858,82.73774766921997,0.0703125,0.9648194012513126,,,constant_weights,False,False,4.035731156759592e-07,,constant_weights,,-3.600361257791519,0.94140625,False,False,,constant_weights,,223.82608580589294,0.0546875,False,False,,constant_weights,,19.25523853302002,0.384765625,False,False,,constant_weights,,121.54066216945648,0.068359375,False,False,,constant_weights,,66.06784894293844,0.115234375,False,False
confirm-U-w128-d61211-s1002-g02-uniform,30,U,128,61211,1002,uniform,False,124.49962675571442,0.24316333350725472,125.19820547103882,0.6985787153244019,125.89678418636322,0.03515625,0.9889023580730973,,,constant_weights,False,False,3.650784492492676e-07,,constant_weights,,1.5744959861040115,0.208984375,False,False,,constant_weights,,337.57975721359253,0.01953125,False,False,,constant_weights,,34.344621896743774,0.357421875,False,False,,constant_weights,,185.96218955516815,0.03515625,False,False,,constant_weights,,110.74049153155381,0.044921875,False,False
confirm-U-w128-d61211-s1002-g04-random,1,U,128,61211,1002,random,False,-1.1483315229415894,-0.0022428350057452917,6.571476221084595,7.719807744026184,14.291283965110779,0.544921875,0.08035187921148329,,,nonpositive_total_gain,False,False,4.470348358154297e-07,,nonpositive_total_gain,,-0.8725401423871517,0.9609375,False,False,,nonpositive_total_gain,,-1.5392496585845947,0.53125,False,False,,nonpositive_total_gain,,-1.0332057476043701,0.548828125,False,False,,nonpositive_total_gain,,-1.2862277030944824,0.537109375,False,False,,nonpositive_total_gain,,-14.907466747102148,0.787109375,False,False
confirm-U-w128-d61211-s1002-g04-random,3,U,128,61211,1002,random,False,5.071679472923279,0.009905623970553279,12.016176462173462,6.944496989250183,18.960673451423645,0.42578125,0.26748414215964866,1.660575927190854,0.02878643621073349,,False,False,4.172325134277344e-07,,nonpositive_total_gain,,-0.8941092863678932,0.81640625,False,False,0.6676058162134788,,0.0008958511737871348,14.428634881973267,0.392578125,False,False,8.0,,4.159612571070859,1.6805143356323242,0.513671875,False,True,1.518454846992324,,0.02040961516522527,8.054574608802795,0.419921875,False,False,,nonpositive_total_gain,,-8.68745575123728,0.66796875,False,False
confirm-U-w128-d61211-s1002-g04-random,5,U,128,61211,1002,random,False,7.725472927093506,0.015088814310729504,22.127989530563354,14.402516603469849,36.5305061340332,0.4375,0.21148004078421906,3.1818313543881147,0.18515046100064378,,False,False,3.725290298461914e-07,,nonpositive_total_gain,,-12.218321986496449,1.0,False,False,0.6674339062797143,,0.0004312918701662278,38.145227551460266,0.361328125,False,False,,nonpositive_total_gain,,-2.7504851818084717,0.51171875,False,False,1.7712116267725797,,0.022257369550586496,17.697371184825897,0.400390625,False,False,,nonpositive_total_gain,,-6.033662297067053,0.5703125,False,False
confirm-U-w128-d61211-s1002-g04-random,10,U,128,61211,1002,random,False,23.38747775554657,0.045678667491301894,51.936055421829224,28.548577666282654,80.48463308811188,0.423828125,0.29058314436176585,2.775088946240467,0.13699119313695146,,False,False,4.221995671682688e-07,,nonpositive_total_gain,,-19.36953428387642,1.0,False,False,0.7425747826984577,,0.000331943764599998,101.22376972436905,0.3203125,False,False,,nonpositive_total_gain,,-11.691809058189392,0.517578125,False,False,1.9937142785502124,,0.04143592165518571,44.76598033308983,0.400390625,False,False,8.0,,2.362223502987049,9.628342531386009,0.470703125,False,True
confirm-U-w128-d61211-s1002-g04-random,20,U,128,61211,1002,random,False,34.63875585794449,0.06765382003504783,111.85246652364731,77.21371066570282,189.06617718935013,0.509765625,0.18320969077009322,5.876242036507843,1.4151318982941432,,False,False,4.246830940246582e-07,,nonpositive_total_gain,,-6.877629172056913,0.84375,False,False,1.6664381537595272,,0.03828173036571069,155.60605311393738,0.37109375,False,False,,nonpositive_total_gain,,-44.812159299850464,0.61328125,False,False,5.420606564042779,,1.1751837709439659,55.39694690704346,0.509765625,False,False,8.0,,5.224290135024961,20.879620663586238,0.53515625,False,True
confirm-U-w128-d61211-s1002-g04-random,30,U,128,61211,1002,random,False,56.56641060113907,0.11048127070534974,167.87415558099747,111.3077449798584,279.18190056085587,0.5390625,0.20261489189485893,4.870323266690627,1.3825307087373364,,False,False,4.904965559826557e-07,,nonpositive_total_gain,,-0.6804321780800819,0.439453125,False,False,2.0566808010216104,,0.12703758554334868,184.91877169907093,0.44140625,False,False,,nonpositive_total_gain,,-14.539104342460632,0.564453125,False,False,4.838406335414951,,1.3631470276162894,85.18983367830515,0.541015625,False,False,6.7485873485744055,,2.8872604060393705,42.80727487033899,0.55078125,False,False
confirm-U-w128-d61211-s1002-g04-uniform,1,U,128,61211,1002,uniform,False,2.572357177734375,0.005024135112762451,5.160664319992065,2.5883071422576904,7.748971462249756,0.390625,0.33196111126050576,,,constant_weights,False,False,3.625949223824698e-07,,constant_weights,,0.2765623405575752,0.29296875,False,False,,constant_weights,,6.877732515335083,0.365234375,False,False,,constant_weights,,0.5627715587615967,0.51171875,False,False,,constant_weights,,3.72025203704834,0.390625,False,False,,constant_weights,,-11.186778046426184,0.818359375,False,False
confirm-U-w128-d61211-s1002-g04-uniform,3,U,128,61211,1002,uniform,False,13.99296522140503,0.027330010198056698,15.226238012313843,1.2332727909088135,16.459510803222656,0.181640625,0.8501446603543834,,,constant_weights,False,False,4.6938657760620117e-07,,constant_weights,,2.2319190204143524,0.001953125,False,False,,constant_weights,,32.228087186813354,0.162109375,False,False,,constant_weights,,7.51888108253479,0.404296875,False,False,,constant_weights,,19.873484134674072,0.19140625,False,False,,constant_weights,,0.23382999724447018,0.548828125,False,False
confirm-U-w128-d61211-s1002-g04-uniform,5,U,128,61211,1002,uniform,False,34.20857560634613,0.06681362423114479,36.493855714797974,2.2852801084518433,38.77913582324982,0.146484375,0.8821386779288818,,,constant_weights,False,False,4.557271798405482e-07,,constant_weights,,-3.5727118104696274,0.921875,False,False,,constant_weights,,93.55406284332275,0.130859375,False,False,,constant_weights,,12.644361734390259,0.400390625,False,False,,constant_weights,,53.099212288856506,0.140625,False,False,,constant_weights,,20.44944038218557,0.298828125,False,False
confirm-U-w128-d61211-s1002-g04-uniform,10,U,128,61211,1002,uniform,False,105.31031334400177,0.20568420575000346,106.22587168216705,0.9155583381652832,107.14143002033234,0.0390625,0.9829093500433672,,,constant_weights,False,False,3.750125567164586e-07,,constant_weights,,-1.6994576901197433,0.634765625,False,False,,constant_weights,,292.43069183826447,0.0234375,False,False,,constant_weights,,25.19970154762268,0.392578125,False,False,,constant_weights,,158.81519669294357,0.0390625,False,False,,constant_weights,,91.55117811984118,0.05859375,False,False
confirm-U-w128-d61211-s1002-g04-uniform,20,U,128,61211,1002,uniform,False,215.1010284423828,0.42011919617652893,215.22604155540466,0.12501311302185059,215.3510546684265,0.005859375,0.9988389830436231,,,constant_weights,False,False,4.246830940246582e-07,,constant_weights,,6.651898253709078,0.048828125,False,False,,constant_weights,,561.2138321995735,0.00390625,False,False,,constant_weights,,77.4373517036438,0.275390625,False,False,,constant_weights,,319.32559195160866,0.005859375,False,False,,constant_weights,,201.3418932182222,0.005859375,False,False
confirm-U-w128-d61211-s1002-g04-uniform,30,U,128,61211,1002,uniform,False,337.1535202860832,0.6585029693087563,337.1535202860832,-0.0,337.1535202860832,0.0,1.0,,,constant_weights,False,False,3.8246313732726023e-07,,constant_weights,,7.315834928303957,0.076171875,False,False,,constant_weights,,814.2891411483288,0.0,False,False,,constant_weights,,189.85558247566223,0.15625,False,False,,constant_weights,,502.0723618119955,0.0,False,False,,constant_weights,,323.39438488310867,0.0,False,False
confirm-U-w128-d61211-s1003-g00-random,1,U,128,61211,1003,random,False,0.42368006706237793,0.0008275001309812069,2.1712546348571777,1.7475745677947998,3.9188292026519775,0.451171875,0.1081139404533533,1.5331203080610551,0.05523469377709126,,False,False,3.91155481338501e-07,0.0,,0.000248989629160439,0.08128746598958969,0.14453125,True,False,1.5308406435600217,,0.041195436709432036,0.7154030799865723,0.478515625,False,False,1.797156591276989,,0.1963940092091107,0.4743382930755615,0.4609375,False,False,1.6564527022162432,,0.07275423184599641,0.5948706865310669,0.44921875,False,False,,nonpositive_total_gain,,-13.048675514993079,0.9296875,False,False
confirm-U-w128-d61211-s1003-g00-random,3,U,128,61211,1003,random,False,0.4404256343841553,0.0008602063171565533,3.9745153188705444,3.534089684486389,7.508605003356934,0.505859375,0.05865611977021705,4.8950795542704455,1.0020091483960458,,False,False,4.072984059652054e-07,0.01572257478562432,,0.00011637359588397704,0.1997520551085472,0.11328125,False,False,6.990380661872988,,1.8364526108620558,0.5564532279968262,0.529296875,False,False,4.42671093266873,,1.4469394124373818,0.5650663375854492,0.474609375,False,False,5.777641738470315,,1.5778175904333551,0.5607597827911377,0.509765625,False,False,,nonpositive_total_gain,,-13.031929947671301,0.86328125,False,False
confirm-U-w128-d61211-s1003-g00-random,5,U,128,61211,1003,random,False,0.521246075630188,0.001018058741465211,4.922453284263611,4.401207208633423,9.323660492897034,0.521484375,0.05590573316427432,5.841742561959463,1.4652071038047987,,False,False,4.3213367462158203e-07,0.02626220219517636,,9.404638662363572e-05,0.27110831812024117,0.107421875,False,False,6.519899872116706,,1.3674490877516094,0.8204560279846191,0.525390625,False,False,8.0,,5.223995160590139,0.4721517562866211,0.490234375,False,True,7.1503995247044365,,2.422123196503885,0.6463038921356201,0.51953125,False,False,,nonpositive_total_gain,,-12.951109506425269,0.828125,False,False
confirm-U-w128-d61211-s1003-g00-random,10,U,128,61211,1003,random,False,1.3912535905838013,0.002717292169108987,6.45264208316803,5.0613884925842285,11.514030575752258,0.478515625,0.12083115303807547,3.171560739095365,0.18492658699910178,,False,False,4.4082601864670057e-07,0.045731832944696474,,0.00010862909584758748,0.4015328660607338,0.1015625,False,False,2.141720857467994,,0.04200500379283549,3.105081558227539,0.50390625,False,False,8.0,,4.645199186920209,0.6671380996704102,0.490234375,False,True,3.590896741723963,,0.26636869259519275,1.8861098289489746,0.48046875,False,False,,nonpositive_total_gain,,-12.081101991471655,0.783203125,False,False
confirm-U-w128-d61211-s1003-g00-random,20,U,128,61211,1003,random,False,4.257201790809631,0.008314847247675061,12.027243494987488,7.7700417041778564,19.797285199165344,0.462890625,0.2150396757929777,2.5636042305112237,0.05606624762110883,,False,False,4.284083843231201e-07,,nonpositive_total_gain,,-1.0400682911276817,0.884765625,False,False,0.9207722009178043,,0.002793612504287388,14.496365547180176,0.439453125,False,False,,nonpositive_total_gain,,-0.684701681137085,0.525390625,False,False,2.253252007610158,,0.03593627136711604,6.905831933021545,0.4609375,False,False,,nonpositive_total_gain,,-9.215153791245825,0.67578125,False,False
confirm-U-w128-d61211-s1003-g00-random,30,U,128,61211,1003,random,False,6.972141623497009,0.013617464108392596,22.31983244419098,15.34769082069397,37.66752326488495,0.52734375,0.18509689565909676,4.018937019623957,0.2663828458748888,,False,False,3.923972447736346e-07,,nonpositive_total_gain,,-7.5593203864991665,1.0,False,False,1.365467987635459,,0.005322021144970776,30.77801012992859,0.453125,False,False,,nonpositive_total_gain,,-2.3022732734680176,0.53515625,False,False,2.5867544537963143,,0.07150568964583867,14.237868428230286,0.490234375,False,False,,nonpositive_total_gain,,-6.500213958558447,0.599609375,False,False
confirm-U-w128-d61211-s1003-g00-uniform,1,U,128,61211,1003,uniform,False,0.7369672060012817,0.0014393890742212534,1.806698203086853,1.0697309970855713,2.8764292001724243,0.41015625,0.2562090546004418,,,constant_weights,False,False,4.0978193283081055e-07,,constant_weights,,0.16317538172006607,0.041015625,False,False,,constant_weights,,1.439213514328003,0.435546875,False,False,,constant_weights,,0.6085095405578613,0.453125,False,False,,constant_weights,,1.0238615274429321,0.416015625,False,False,,constant_weights,,-12.735388376054175,0.953125,False,False
confirm-U-w128-d61211-s1003-g00-uniform,3,U,128,61211,1003,uniform,False,1.7042121887207031,0.0033285394310951233,2.8955949544906616,1.1913827657699585,4.08697772026062,0.337890625,0.4169859258767939,,,constant_weights,False,False,4.917383193969727e-07,,constant_weights,,0.41263075172901154,0.001953125,False,False,,constant_weights,,3.211763858795166,0.341796875,False,False,,constant_weights,,1.4882147312164307,0.41796875,False,False,,constant_weights,,2.3499892950057983,0.345703125,False,False,,constant_weights,,-11.768143393334753,0.921875,False,False
confirm-U-w128-d61211-s1003-g00-uniform,5,U,128,61211,1003,uniform,False,2.5548441410064697,0.004989929962903261,3.37113094329834,0.8162868022918701,4.18741774559021,0.28125,0.6101240182441765,,,constant_weights,False,False,4.172325134277344e-07,,constant_weights,,0.6174727864563465,0.0,False,False,,constant_weights,,4.760796070098877,0.28125,False,False,,constant_weights,,2.286237955093384,0.375,False,False,,constant_weights,,3.5235170125961304,0.291015625,False,False,,constant_weights,,-10.917511441048987,0.919921875,False,False
confirm-U-w128-d61211-s1003-g00-uniform,10,U,128,61211,1003,uniform,False,4.712679147720337,0.009204451460391283,5.401478409767151,0.688799262046814,6.090277671813965,0.208984375,0.7738036591551144,,,constant_weights,False,False,4.246830940246582e-07,,constant_weights,,1.17199981585145,0.0,False,False,,constant_weights,,9.260190725326538,0.224609375,False,False,,constant_weights,,3.705836772918701,0.369140625,False,False,,constant_weights,,6.48301374912262,0.2265625,False,False,,constant_weights,,-8.75967643433512,0.841796875,False,False
confirm-U-w128-d61211-s1003-g00-uniform,20,U,128,61211,1003,uniform,False,11.582403779029846,0.02262188238091767,12.362628102302551,0.7802243232727051,13.142852425575256,0.150390625,0.8812701690609518,,,constant_weights,False,False,4.470348358154297e-07,,constant_weights,,1.526479136198759,0.017578125,False,False,,constant_weights,,26.037204027175903,0.15234375,False,False,,constant_weights,,7.183501958847046,0.37109375,False,False,,constant_weights,,16.610352993011475,0.15625,False,False,,constant_weights,,-1.8899518030256104,0.6015625,False,False
confirm-U-w128-d61211-s1003-g00-uniform,30,U,128,61211,1003,uniform,False,31.853858590126038,0.06221456755883992,34.16764163970947,2.313783049583435,36.48142468929291,0.162109375,0.8731528130115753,,,constant_weights,False,False,4.544854164123535e-07,,constant_weights,,-5.235857296735048,1.0,False,False,,constant_weights,,89.99910593032837,0.14453125,False,False,,constant_weights,,10.79831838607788,0.4140625,False,False,,constant_weights,,50.398712158203125,0.1328125,False,False,,constant_weights,,18.38150300807058,0.353515625,False,False
confirm-U-w128-d61211-s1003-g02-random,1,U,128,61211,1003,random,False,0.08067190647125244,0.00015756231732666492,4.651218771934509,4.570546865463257,9.221765637397766,0.490234375,0.008747989229318211,8.0,59.995187421906046,,False,True,4.048148791006845e-07,0.12484326984287715,,0.016160063308099736,0.024625279009342194,0.4453125,False,False,6.278420211886396,,3.0146020468754173,0.4816131591796875,0.49609375,False,False,,nonpositive_total_gain,,-0.2642357349395752,0.4765625,False,False,8.0,,75.13668020950708,0.10868871212005615,0.48828125,False,True,,nonpositive_total_gain,,-13.391683675584204,0.85546875,False,False
confirm-U-w128-d61211-s1003-g02-random,3,U,128,61211,1003,random,False,0.4407767057418823,0.0008608920034021139,6.4252684116363525,5.98449170589447,12.409760117530823,0.498046875,0.03551855165348546,8.0,5.272184689761559,,False,True,4.6690305074287286e-07,0.07155307958599763,,0.0002881998755590232,0.25461525097489357,0.224609375,False,False,7.100797005789305,,1.3690321774810241,1.2043724060058594,0.533203125,False,False,,nonpositive_total_gain,,-0.13667058944702148,0.484375,False,False,8.0,,8.704665947583917,0.533850908279419,0.50390625,False,True,,nonpositive_total_gain,,-13.031578876313574,0.779296875,False,False
confirm-U-w128-d61211-s1003-g02-random,5,U,128,61211,1003,random,False,2.6607656478881836,0.005196807906031609,7.724989295005798,5.064223647117615,12.789212942123413,0.458984375,0.20804764608496795,1.8547473862441866,0.03336500675112428,,False,False,4.3585896492004395e-07,0.12916467882806798,,0.000489659317759644,0.2366495616734028,0.310546875,False,False,0.9740299644378161,,0.004503868234099365,6.360956907272339,0.4609375,False,False,5.591398501114505,,1.4453815442778715,1.38468337059021,0.5,False,False,1.9334652942933168,,0.03828803172530801,3.8728201389312744,0.4609375,False,False,,nonpositive_total_gain,,-10.811589934167273,0.75,False,False
confirm-U-w128-d61211-s1003-g02-random,10,U,128,61211,1003,random,False,7.041792392730713,0.013753500767052174,18.98851180076599,11.946719408035278,30.93523120880127,0.501953125,0.22763018466554336,2.7877575382334037,0.09189378041368254,,False,False,3.8494666416977186e-07,,nonpositive_total_gain,,-4.991058565676212,0.998046875,False,False,0.9612515908010748,,0.0018492117323396689,27.292352199554443,0.44140625,False,False,,nonpositive_total_gain,,-1.1759288311004639,0.54296875,False,False,1.993850825110461,,0.03028638615391783,13.05821168422699,0.478515625,False,False,,nonpositive_total_gain,,-6.430563189324744,0.60546875,False,False
confirm-U-w128-d61211-s1003-g02-random,20,U,128,61211,1003,random,False,19.52237093448639,0.03812963073141873,43.33745980262756,23.815088868141174,67.15254867076874,0.470703125,0.2907167534355164,2.7615885113673686,0.1207102808566159,,False,False,3.725290298461914e-07,,nonpositive_total_gain,,-17.854151114821434,1.0,False,False,1.0758313439309433,,0.0018149604271353416,79.08685410022736,0.37109375,False,False,,nonpositive_total_gain,,-2.665598154067993,0.541015625,False,False,1.881356499997692,,0.030659195701368314,38.21062797307968,0.4375,False,False,8.0,,4.6164678546947195,6.050015352430931,0.54296875,False,True
confirm-U-w128-d61211-s1003-g02-random,30,U,128,61211,1003,random,False,13.470946609973907,0.026310442597605288,64.25419479608536,50.78324818611145,115.03744298219681,0.501953125,0.11710053927449231,7.734973478744804,3.261319611203648,,False,False,4.743536313397967e-07,,nonpositive_total_gain,,-16.052473429590464,1.0,False,False,2.205163995682734,,0.08124352373542137,83.60893195867538,0.431640625,False,False,,nonpositive_total_gain,,-27.14361572265625,0.58203125,False,False,5.536020639927881,,1.321637918285803,28.232658118009567,0.48828125,False,False,,nonpositive_total_gain,,-0.0014090316861992136,0.541015625,False,False
confirm-U-w128-d61211-s1003-g02-uniform,1,U,128,61211,1003,uniform,False,1.5550614595413208,0.003037229413166642,3.2674909830093384,1.7124295234680176,4.979920506477356,0.41015625,0.31226632182555136,,,constant_weights,False,False,4.942218462620357e-07,,constant_weights,,0.23392939195036888,0.107421875,False,False,,constant_weights,,3.262284755706787,0.40234375,False,False,,constant_weights,,1.1689653396606445,0.4609375,False,False,,constant_weights,,2.215625047683716,0.412109375,False,False,,constant_weights,,-11.917294122514136,0.908203125,False,False
confirm-U-w128-d61211-s1003-g02-uniform,3,U,128,61211,1003,uniform,False,4.054751634597778,0.007919436786323786,5.067641496658325,1.0128898620605469,6.080531358718872,0.23828125,0.6668416615899319,,,constant_weights,False,False,4.2219956715959517e-07,,constant_weights,,0.9235474243760109,0.0,False,False,,constant_weights,,7.858297109603882,0.2734375,False,False,,constant_weights,,3.3823914527893066,0.40234375,False,False,,constant_weights,,5.620344281196594,0.25390625,False,False,,constant_weights,,-9.417603947457678,0.857421875,False,False
confirm-U-w128-d61211-s1003-g02-uniform,5,U,128,61211,1003,uniform,False,6.730048656463623,0.013144626282155514,7.18346893787384,0.4534202814102173,7.636889219284058,0.140625,0.8812552419209442,,,constant_weights,False,False,3.7873784700971636e-07,,constant_weights,,1.5380662120878696,0.001953125,False,False,,constant_weights,,13.097887516021729,0.166015625,False,False,,constant_weights,,5.554179906845093,0.32421875,False,False,,constant_weights,,9.32603371143341,0.15234375,False,False,,constant_weights,,-6.7423069255918335,0.771484375,False,False
confirm-U-w128-d61211-s1003-g02-uniform,10,U,128,61211,1003,uniform,False,23.158238768577576,0.04523093509487808,24.99428927898407,1.8360505104064941,26.830339789390564,0.169921875,0.8631362461438138,,,constant_weights,False,False,4.271666208949254e-07,,constant_weights,,-1.2124884277582169,0.763671875,False,False,,constant_weights,,60.355605244636536,0.16015625,False,False,,constant_weights,,10.331580400466919,0.40234375,False,False,,constant_weights,,35.34359282255173,0.162109375,False,False,,constant_weights,,9.685883186522119,0.43359375,False,False
confirm-U-w128-d61211-s1003-g02-uniform,20,U,128,61211,1003,uniform,False,86.47742474079132,0.16890122019685805,87.86551141738892,1.3880866765975952,89.25359809398651,0.0703125,0.9688956701748673,,,constant_weights,False,False,4.0729840597442113e-07,,constant_weights,,-4.719411216676235,0.958984375,False,False,,constant_weights,,245.074267745018,0.052734375,False,False,,constant_weights,,19.077409029006958,0.396484375,False,False,,constant_weights,,132.07583838701248,0.068359375,False,False,,constant_weights,,73.00506915873586,0.11328125,False,False
confirm-U-w128-d61211-s1003-g02-uniform,30,U,128,61211,1003,uniform,False,134.83061754703522,0.26334104989655316,135.1777205467224,0.3471029996871948,135.5248235464096,0.02734375,0.9948776469047631,,,constant_weights,False,False,4.76837158203125e-07,,constant_weights,,0.33852605149149895,0.388671875,False,False,,constant_weights,,371.70748913288116,0.02734375,False,False,,constant_weights,,32.44583439826965,0.34765625,False,False,,constant_weights,,202.0766617655754,0.02734375,False,False,,constant_weights,,121.35826196497972,0.046875,False,False
confirm-U-w128-d61211-s1003-g04-random,1,U,128,61211,1003,random,False,-1.5428283214569092,-0.0030133365653455257,7.307378768920898,8.850207090377808,16.157585859298706,0.525390625,0.09548631428555956,,,nonpositive_total_gain,False,False,4.3089191118644843e-07,,nonpositive_total_gain,,-0.8727545514702797,0.931640625,False,False,,nonpositive_total_gain,,-0.45638561248779297,0.53125,False,False,,nonpositive_total_gain,,-3.2993507385253906,0.529296875,False,False,,nonpositive_total_gain,,-1.8778681755065918,0.5234375,False,False,,nonpositive_total_gain,,-15.015183903512366,0.76953125,False,False
confirm-U-w128-d61211-s1003-g04-random,3,U,128,61211,1003,random,False,3.937662124633789,0.007690746337175369,13.575788497924805,9.638126373291016,23.21391487121582,0.484375,0.16962507816879727,3.402387038487061,0.13958010236594243,,False,False,4.1474898656267134e-07,,nonpositive_total_gain,,-1.0025935024023056,0.810546875,False,False,1.1004690653632903,,0.0037919138196085295,15.150601863861084,0.439453125,False,False,,nonpositive_total_gain,,-2.3350372314453125,0.53515625,False,False,3.035891634605282,,0.09511111775687033,6.407782316207886,0.474609375,False,False,,nonpositive_total_gain,,-9.534693457421668,0.658203125,False,False
confirm-U-w128-d61211-s1003-g04-random,5,U,128,61211,1003,random,False,12.896409153938293,0.02518829912878573,25.220858693122864,12.32444953918457,37.545308232307434,0.453125,0.3434892337051328,1.649529235886463,0.0164759459992198,,False,False,4.3461720148491034e-07,,nonpositive_total_gain,,-15.608590632677078,1.0,False,False,0.5082361415205985,,0.0014982850232599949,53.5723090171814,0.361328125,False,False,8.0,,93.47212083236184,0.725494384765625,0.513671875,False,True,0.935098258472352,,0.0008264828174188919,27.14890170097351,0.408203125,False,False,,nonpositive_total_gain,,-0.5759464281171631,0.564453125,False,False
confirm-U-w128-d61211-s1003-g04-random,10,U,128,61211,1003,random,False,23.051303267478943,0.04502207669429481,59.64091420173645,36.58961093425751,96.23052513599396,0.447265625,0.23954252805856152,3.594327323510491,0.3276774362286655,,False,False,4.544854164123535e-07,,nonpositive_total_gain,,-18.301858443766832,0.998046875,False,False,1.3482091508705754,,0.008271174255340187,99.12929338216782,0.390625,False,False,,nonpositive_total_gain,,-11.673538565635681,0.541015625,False,False,2.6872988593257645,,0.1297871992388506,43.72787740826607,0.42578125,False,False,8.0,,4.1752570803297715,9.578947685423483,0.5,False,True
confirm-U-w128-d61211-s1003-g04-random,20,U,128,61211,1003,random,False,42.65365558862686,0.08330792107153684,117.63736003637314,74.98370444774628,192.62106448411942,0.4921875,0.22143816774589276,4.19125763617996,0.9038636061874392,,False,False,4.818042119159038e-07,,nonpositive_total_gain,,-8.48988675698638,0.85546875,False,False,1.7849572292343936,,0.06474218521731478,153.52285885810852,0.39453125,False,False,,nonpositive_total_gain,,-17.072010934352875,0.560546875,False,False,3.9243569265760345,,0.7409776260476791,68.22542396187782,0.48828125,False,False,6.012047402353373,,2.5729699358010576,29.181300006571387,0.5234375,False,False
confirm-U-w128-d61211-s1003-g04-random,30,U,128,61211,1003,random,False,64.91151684522629,0.1267803063383326,181.71892648935318,116.80740964412689,298.5263361334801,0.521484375,0.21743983357033667,3.8978241688704665,1.1574793306381495,,False,False,4.296501477929482e-07,,nonpositive_total_gain,,-3.0212273597717285,0.50390625,False,False,1.9145624012412927,,0.13662292752143088,197.05721159279346,0.41015625,False,False,7.999999999960792,,42069.91371317005,0.6985622346401215,0.55859375,False,True,3.8351168061671776,,1.100332884616027,98.8778869137168,0.521484375,False,False,4.785617570404835,,2.176618380311519,51.439160726729,0.53515625,False,False
confirm-U-w128-d61211-s1003-g04-uniform,1,U,128,61211,1003,uniform,False,2.788388967514038,0.005446072202175856,5.523292064666748,2.73490309715271,8.258195161819458,0.365234375,0.3376511347668001,,,constant_weights,False,False,4.3213367462158203e-07,,constant_weights,,0.12041179090738297,0.400390625,False,False,,constant_weights,,6.489725828170776,0.359375,False,False,,constant_weights,,1.7550182342529297,0.455078125,False,False,,constant_weights,,4.122372031211853,0.365234375,False,False,,constant_weights,,-10.683966614541418,0.8203125,False,False
confirm-U-w128-d61211-s1003-g04-uniform,3,U,128,61211,1003,uniform,False,14.504062414169312,0.028328246902674437,15.62424898147583,1.1201865673065186,16.74443554878235,0.166015625,0.8662019314962244,,,constant_weights,False,False,3.762543201446533e-07,,constant_weights,,1.4705503955483437,0.041015625,False,False,,constant_weights,,34.24677634239197,0.154296875,False,False,,constant_weights,,7.794848680496216,0.384765625,False,False,,constant_weights,,21.020812511444092,0.17578125,False,False,,constant_weights,,1.031706832113855,0.521484375,False,False
confirm-U-w128-d61211-s1003-g04-uniform,5,U,128,61211,1003,uniform,False,38.76885211467743,0.07572041428647935,41.077956199645996,2.309104084968567,43.38706028461456,0.138671875,0.8935579377896965,,,constant_weights,False,False,3.899137179051021e-07,,constant_weights,,-7.157513912767172,1.0,False,False,,constant_weights,,110.81412518024445,0.109375,False,False,,constant_weights,,12.649925470352173,0.400390625,False,False,,constant_weights,,61.73202532529831,0.125,False,False,,constant_weights,,25.296496532621973,0.28125,False,False
confirm-U-w128-d61211-s1003-g04-uniform,10,U,128,61211,1003,uniform,False,113.77969014644623,0.2222259573172778,114.90988981723785,1.130199670791626,116.04008948802948,0.044921875,0.9805205308651849,,,constant_weights,False,False,3.961225350512798e-07,,constant_weights,,-2.032445013523102,0.703125,False,False,,constant_weights,,317.0188875198364,0.041015625,False,False,,constant_weights,,26.352607488632202,0.390625,False,False,,constant_weights,,171.6857475042343,0.044921875,False,False,,constant_weights,,100.30733456439074,0.076171875,False,False
confirm-U-w128-d61211-s1003-g04-uniform,20,U,128,61211,1003,uniform,False,222.69783568382263,0.4349567103199661,222.73453080654144,0.036695122718811035,222.77122592926025,0.001953125,0.9996705577880111,,,constant_weights,False,False,3.725290298461914e-07,,constant_weights,,3.1377585232257843,0.2421875,False,False,,constant_weights,,600.9585253596306,0.00390625,False,False,,constant_weights,,63.997225284576416,0.2734375,False,False,,constant_weights,,332.4778753221035,0.001953125,False,False,,constant_weights,,209.22548010176712,0.001953125,False,False
confirm-U-w128-d61211-s1003-g04-uniform,30,U,128,61211,1003,uniform,False,348.48680210113525,0.6806382853537798,348.48680210113525,-0.0,348.48680210113525,0.0,1.0,,,constant_weights,False,False,3.241002559661865e-07,,constant_weights,,5.804288446903229,0.11328125,False,False,,constant_weights,,892.444410726428,0.0,False,False,,constant_weights,,147.2116985321045,0.16015625,False,False,,constant_weights,,519.8280546292663,0.0,False,False,,constant_weights,,335.0144464594751,0.0,False,False
confirm-U-w128-d61319-s1001-g00-random,1,U,128,61319,1001,random,False,0.1883152723312378,0.0003678032662719488,2.1952327489852905,2.0069174766540527,4.202150225639343,0.474609375,0.04481402668144408,4.71923505197149,0.40021072228212495,,False,False,4.892547925301749e-07,0.1274265014520854,,0.00632742313353626,0.21334702149033546,0.11328125,False,False,0.9057858491702608,,0.01245833931065158,0.9024031162261963,0.43359375,False,False,,nonpositive_total_gain,,-0.5508055686950684,0.529296875,False,False,8.0,,1.5705981514682918,0.17579877376556396,0.48046875,False,True,,nonpositive_total_gain,,-13.290450550851233,0.9375,False,False
confirm-U-w128-d61319-s1001-g00-random,3,U,128,61319,1001,random,False,0.4198366403579712,0.0008199934381991625,3.480514645576477,3.060678005218506,6.541192650794983,0.474609375,0.06418350028369008,3.8549574554585826,0.2353502635608807,,False,False,4.4579307238376553e-07,0.08573838127233917,,0.001642189492003877,0.3989792615175247,0.041015625,False,False,1.05341410429165,,0.01934558876835874,1.4716062545776367,0.458984375,False,False,,nonpositive_total_gain,,-0.6110727787017822,0.484375,False,False,5.831858255966215,,0.7998617001737873,0.43026673793792725,0.4765625,False,False,,nonpositive_total_gain,,-13.0589291828245,0.88671875,False,False
confirm-U-w128-d61319-s1001-g00-random,5,U,128,61319,1001,random,False,0.6525943279266357,0.0012745982967317104,4.045175909996033,3.392581582069397,7.43775749206543,0.4609375,0.08774073753047484,3.161016456584765,0.1143298697716407,,False,False,4.072984059640128e-07,0.07436857349357841,,0.0008511427610587538,0.5382018871605396,0.015625,False,False,0.8453589662256675,,0.010217018902545533,2.0560808181762695,0.443359375,False,False,,nonpositive_total_gain,,-0.636483907699585,0.48046875,False,False,4.521701270443941,,0.3738430619743495,0.7097984552383423,0.46484375,False,False,,nonpositive_total_gain,,-12.826171495255835,0.87109375,False,False
confirm-U-w128-d61319-s1001-g00-random,10,U,128,61319,1001,random,False,1.720243215560913,0.0033598500303924084,5.055265784263611,3.3350225687026978,8.390288352966309,0.4296875,0.20502790168739993,1.1537318857911525,0.0015143875814086348,,False,False,4.79320685068188e-07,0.05779246091013959,,0.00028789015868799066,0.8750207349658012,0.005859375,False,False,0.38869245995137414,,0.007496362257217804,4.27020788192749,0.400390625,False,False,8.0,,6005.240099251733,0.015494585037231445,0.47265625,False,True,1.578498895917626,,0.0056515119352829905,2.142851233482361,0.44140625,False,False,,nonpositive_total_gain,,-11.758522607621558,0.83203125,False,False
confirm-U-w128-d61319-s1001-g00-random,20,U,128,61319,1001,random,False,4.399122595787048,0.008592036319896579,7.640813708305359,3.2416911125183105,10.88250482082367,0.392578125,0.4042380562395276,0.5772652227671942,0.0012282341537622349,,False,False,3.8867195447343794e-07,0.06527350078921683,,0.0001934342865215557,1.1280913315713406,0.046875,False,False,0.24481504842673885,,0.0030942447740135224,10.837876558303833,0.337890625,False,False,6.938423519811579,,1.517783269348254,1.231407642364502,0.482421875,False,False,0.6550176771722254,,0.001038142140865345,6.0346421003341675,0.40625,False,False,,nonpositive_total_gain,,-9.079643227395422,0.73046875,False,False
confirm-U-w128-d61319-s1001-g00-random,30,U,128,61319,1001,random,False,9.963458776473999,0.01945988042280078,17.20869481563568,7.245236039161682,24.453930854797363,0.423828125,0.40743792217435554,0.7738522053316608,0.0004945612153425992,,False,False,4.0854016940261584e-07,,nonpositive_total_gain,,-2.3614871725440025,0.90234375,False,False,0.269865435912491,,0.0018805545829246762,33.53757882118225,0.365234375,False,False,,nonpositive_total_gain,,-1.2857208251953125,0.525390625,False,False,0.6692429656042045,,0.0006480015661903396,16.12592899799347,0.40625,False,False,,nonpositive_total_gain,,-3.5153070467084717,0.595703125,False,False
confirm-U-w128-d61319-s1001-g00-uniform,1,U,128,61319,1001,uniform,False,0.6682993173599243,0.0013052721042186022,1.7916631698608398,1.1233638525009155,2.9150270223617554,0.416015625,0.22926007623026015,,,constant_weights,False,False,4.7435363133751986e-07,,constant_weights,,0.32267677411437035,0.01953125,False,False,,constant_weights,,0.9722177982330322,0.439453125,False,False,,constant_weights,,0.7100138664245605,0.451171875,False,False,,constant_weights,,0.8411158323287964,0.4296875,False,False,,constant_weights,,-12.810466505822546,0.939453125,False,False
confirm-U-w128-d61319-s1001-g00-uniform,3,U,128,61319,1001,uniform,False,1.5547376871109009,0.0030365970451384783,2.867877244949341,1.31313955783844,4.181016802787781,0.349609375,0.37185635945644774,,,constant_weights,False,False,3.551443417867386e-07,,constant_weights,,0.6333261989057064,0.0,False,False,,constant_weights,,2.632408618927002,0.380859375,False,False,,constant_weights,,1.3984827995300293,0.43359375,False,False,,constant_weights,,2.0154457092285156,0.35546875,False,False,,constant_weights,,-11.92402813607157,0.91015625,False,False
confirm-U-w128-d61319-s1001-g00-uniform,5,U,128,61319,1001,uniform,False,2.2938899993896484,0.004480253905057907,3.410194993019104,1.1163049936294556,4.52649998664856,0.31640625,0.5067690282018656,,,constant_weights,False,False,4.3089191118818315e-07,,constant_weights,,0.889019250869751,0.0,False,False,,constant_weights,,3.8969242572784424,0.33984375,False,False,,constant_weights,,2.0957210063934326,0.396484375,False,False,,constant_weights,,2.9963226318359375,0.333984375,False,False,,constant_weights,,-11.184875823792822,0.896484375,False,False
confirm-U-w128-d61319-s1001-g00-uniform,10,U,128,61319,1001,uniform,False,4.2918461561203,0.008382512023672462,5.0369713306427,0.7451251745223999,5.7820965051651,0.20703125,0.7422647049018343,,,constant_weights,False,False,4.5821070671081543e-07,,constant_weights,,1.5324821881949902,0.0,False,False,,constant_weights,,7.8704729080200195,0.25,False,False,,constant_weights,,3.4725825786590576,0.35546875,False,False,,constant_weights,,5.671527743339539,0.2421875,False,False,,constant_weights,,-9.18691966706217,0.828125,False,False
confirm-U-w128-d61319-s1001-g00-uniform,20,U,128,61319,1001,uniform,False,13.248955965042114,0.02587686711922288,15.124233841896057,1.8752778768539429,16.99951171875,0.240234375,0.7793727363609435,,,constant_weights,False,False,3.700455029828631e-07,,constant_weights,,1.0078718774020672,0.142578125,False,False,,constant_weights,,32.95772385597229,0.234375,False,False,,constant_weights,,5.781270265579224,0.458984375,False,False,,constant_weights,,19.369497060775757,0.251953125,False,False,,constant_weights,,-0.22980985814035648,0.595703125,False,False
confirm-U-w128-d61319-s1001-g00-uniform,30,U,128,61319,1001,uniform,False,28.710185170173645,0.0560745804104954,31.248656272888184,2.5384711027145386,33.78712737560272,0.216796875,0.8497373822583367,,,constant_weights,False,False,3.6135315895080566e-07,,constant_weights,,-2.8433175161480904,0.904296875,False,False,,constant_weights,,80.20583140850067,0.171875,False,False,,constant_weights,,8.768032789230347,0.43359375,False,False,,constant_weights,,44.48693209886551,0.205078125,False,False,,constant_weights,,15.231419346991174,0.38671875,False,False
confirm-U-w128-d61319-s1001-g02-random,1,U,128,61319,1001,random,False,-0.22731316089630127,-0.0004439710173755884,4.235684037208557,4.462997198104858,8.698681235313416,0.50390625,0.026131910659456546,,,nonpositive_total_gain,False,False,3.861884276083749e-07,0.2852752460367617,,0.029446219096836642,0.10579575970768929,0.525390625,False,False,1.852321349065503,,0.049122894765029734,1.1547837257385254,0.466796875,False,False,,nonpositive_total_gain,,-1.942521095275879,0.53125,False,False,,nonpositive_total_gain,,-0.39386868476867676,0.505859375,False,False,,nonpositive_total_gain,,-13.706078984078772,0.859375,False,False
confirm-U-w128-d61319-s1001-g02-random,3,U,128,61319,1001,random,False,1.3927435874938965,0.0027202023193240166,5.254699468612671,3.8619558811187744,9.116655349731445,0.439453125,0.15276913890738705,1.4647788820544512,0.005694587318328395,,False,False,3.9736429850376065e-07,0.07468797621506408,,0.0004920155575792252,0.6779192537069321,0.01953125,False,False,0.43540676742631645,,0.01674077756649425,3.5523300170898438,0.419921875,False,False,,nonpositive_total_gain,,-0.05202603340148926,0.474609375,False,False,1.9242629139282523,,0.015670778390226642,1.7501519918441772,0.451171875,False,False,,nonpositive_total_gain,,-12.086022235688574,0.83203125,False,False
confirm-U-w128-d61319-s1001-g02-random,5,U,128,61319,1001,random,False,2.8421642780303955,0.005551102105528116,5.741748809814453,2.8995845317840576,8.64133334159851,0.39453125,0.32890344182749,0.6655789420461302,0.0013082633299711806,,False,False,4.2592485745632236e-07,0.060358199098363444,,0.00020473680844709617,1.0540734268724918,0.0234375,False,False,0.30826241453731673,,0.0037142373075254326,6.6615355014801025,0.373046875,False,False,7.763268041961701,,1.5596073115239204,0.8108775615692139,0.466796875,False,False,0.8213984375966397,,0.0008781384107412784,3.736206531524658,0.412109375,False,False,,nonpositive_total_gain,,-10.636601545152075,0.794921875,False,False
confirm-U-w128-d61319-s1001-g02-random,10,U,128,61319,1001,random,False,9.200048685073853,0.017968845088034868,14.407273054122925,5.207224369049072,19.614497423171997,0.400390625,0.4690433043777702,0.5690938829735945,0.0007426820549698222,,False,False,4.246830940246582e-07,,nonpositive_total_gain,,-0.4732583872973919,0.642578125,False,False,0.22441302425140203,,0.001599788350361729,27.574669122695923,0.337890625,False,False,8.0,,56.82123775279587,0.4987306594848633,0.509765625,False,True,0.5471204406753278,,0.0007963051260209212,14.036699891090393,0.40234375,False,False,,nonpositive_total_gain,,-4.278717138108618,0.60546875,False,False
confirm-U-w128-d61319-s1001-g02-random,20,U,128,61319,1001,random,False,19.412065505981445,0.03791419044137001,40.7355010509491,21.32343554496765,62.05893659591675,0.43359375,0.3128004856476817,2.3062472225393758,0.0493692056146866,,False,False,4.1599074999953967e-07,,nonpositive_total_gain,,-13.390691801905632,0.998046875,False,False,0.6393660898508478,,0.0009322988935264031,80.5758661031723,0.34765625,False,False,,nonpositive_total_gain,,-8.948974013328552,0.529296875,False,False,1.6720490905841952,,0.013098572952782729,35.813446044921875,0.396484375,False,False,8.0,,2.806785876120445,5.933299682798975,0.5234375,False,True
confirm-U-w128-d61319-s1001-g02-random,30,U,128,61319,1001,random,False,37.8694087266922,0.0739636889193207,63.775501132011414,25.906092405319214,89.68159353733063,0.408203125,0.4222651185488667,1.8991149656240798,0.028679171229246903,,False,False,5.041559537205531e-07,,nonpositive_total_gain,,-11.712843883782625,0.99609375,False,False,0.7250025297921974,,0.00020173370289884804,134.33250772953033,0.3125,False,False,,nonpositive_total_gain,,-9.011443138122559,0.51953125,False,False,1.6340442306881,,0.015000529513260096,62.66053229570389,0.388671875,False,False,3.358636477305689,,0.21592202544831246,24.390642903509722,0.462890625,False,False
confirm-U-w128-d61319-s1001-g02-uniform,1,U,128,61319,1001,uniform,False,1.428977370262146,0.002790971426293254,3.2569501399993896,1.8279727697372437,5.084922909736633,0.404296875,0.28102242563519175,,,constant_weights,False,False,3.750125567116881e-07,,constant_weights,,0.4264540374279022,0.025390625,False,False,,constant_weights,,2.3918979167938232,0.40234375,False,False,,constant_weights,,1.4685862064361572,0.45703125,False,False,,constant_weights,,1.9302420616149902,0.408203125,False,False,,constant_weights,,-12.049788452920325,0.900390625,False,False
confirm-U-w128-d61319-s1001-g02-uniform,3,U,128,61319,1001,uniform,False,3.676875352859497,0.007181397173553705,4.845187067985535,1.1683117151260376,6.013498783111572,0.28515625,0.6114369496815574,,,constant_weights,False,False,4.76837158203125e-07,,constant_weights,,1.2510613575577736,0.0,False,False,,constant_weights,,6.9303154945373535,0.302734375,False,False,,constant_weights,,2.8492608070373535,0.388671875,False,False,,constant_weights,,4.8897881507873535,0.3046875,False,False,,constant_weights,,-9.801890470322974,0.828125,False,False
confirm-U-w128-d61319-s1001-g02-uniform,5,U,128,61319,1001,uniform,False,6.636439085006714,0.012961795087903738,7.50082790851593,0.8643888235092163,8.365216732025146,0.185546875,0.7933373751812034,,,constant_weights,False,False,3.899137179033674e-07,,constant_weights,,1.9125406928360462,0.0,False,False,,constant_weights,,13.272645950317383,0.23046875,False,False,,constant_weights,,4.724133491516113,0.380859375,False,False,,constant_weights,,8.998389720916748,0.216796875,False,False,,constant_weights,,-6.842326738175757,0.72265625,False,False
confirm-U-w128-d61319-s1001-g02-uniform,10,U,128,61319,1001,uniform,False,23.318479537963867,0.04554390534758568,25.707122087478638,2.3886425495147705,28.095764636993408,0.2265625,0.829964225542403,,,constant_weights,False,False,3.787378470114511e-07,,constant_weights,,-1.986182063817978,0.833984375,False,False,,constant_weights,,64.0731633901596,0.177734375,False,False,,constant_weights,,7.868467330932617,0.44140625,False,False,,constant_weights,,35.97081536054611,0.21484375,False,False,,constant_weights,,9.839713714781396,0.453125,False,False
confirm-U-w128-d61319-s1001-g02-uniform,20,U,128,61319,1001,uniform,False,67.69140076637268,0.13220976712182164,70.08954083919525,2.398140072822571,72.48768091201782,0.125,0.9338331688184832,,,constant_weights,False,False,3.8246313730644355e-07,,constant_weights,,-1.448480512946844,0.673828125,False,False,,constant_weights,,192.12458419799805,0.09765625,False,False,,constant_weights,,12.398103952407837,0.435546875,False,False,,constant_weights,,102.26134407520294,0.119140625,False,False,,constant_weights,,54.212634943190196,0.1875,False,False
confirm-U-w128-d61319-s1001-g02-uniform,30,U,128,61319,1001,uniform,False,107.02087020874023,0.20902513712644577,108.32365334033966,1.3027831315994263,109.62643647193909,0.0546875,0.976232318161087,,,constant_weights,False,False,3.91155481338501e-07,,constant_weights,,1.956240739673376,0.169921875,False,False,,constant_weights,,296.6379894018173,0.0546875,False,False,,constant_weights,,22.468382120132446,0.40234375,False,False,,constant_weights,,159.55318576097488,0.0546875,False,False,,constant_weights,,93.54210438555774,0.091796875,False,False
confirm-U-w128-d61319-s1001-g04-random,1,U,128,61319,1001,random,False,0.616801381111145,0.0012046901974827051,5.0754759311676025,4.4586745500564575,9.53415048122406,0.466796875,0.06469390034548267,3.8352535067971094,0.27289188032767603,,False,False,4.246830940246582e-07,,nonpositive_total_gain,,-0.5228705033659935,0.880859375,False,False,0.1950938853143936,,0.034725715659893915,3.0017528533935547,0.462890625,False,False,,nonpositive_total_gain,,-0.6284756660461426,0.48828125,False,False,2.77514338731518,,0.10061517422570562,1.186638593673706,0.462890625,False,False,,nonpositive_total_gain,,-12.861964442071326,0.83203125,False,False
confirm-U-w128-d61319-s1001-g04-random,3,U,128,61319,1001,random,False,5.948015213012695,0.01161721721291542,10.777556896209717,4.8295416831970215,15.607098579406738,0.388671875,0.3811096074488172,0.5290354013020957,0.00171852104193092,,False,False,3.7873784700798163e-07,0.11353577394551105,,0.00037822510835074964,0.7823821343481541,0.197265625,False,False,0.24898578833519608,,0.0030203264994082776,16.186617851257324,0.353515625,False,False,8.0,,4.675847072929175,0.8750338554382324,0.486328125,False,True,0.5573232157239714,,0.0017196851671586245,8.530825853347778,0.392578125,False,False,,nonpositive_total_gain,,-7.530750610169775,0.64453125,False,False
confirm-U-w128-d61319-s1001-g04-random,5,U,128,61319,1001,random,False,14.06040358543396,0.027461725752800703,21.02165722846985,6.961253643035889,27.982910871505737,0.375,0.5024639377224798,0.6352676655039524,0.0010171780993276452,,False,False,4.991888999938965e-07,,nonpositive_total_gain,,-8.757050648331642,0.994140625,False,False,0.22435951427906964,,0.0018025141094721831,48.927520394325256,0.283203125,False,False,8.0,,5.5392950591825665,2.010758876800537,0.490234375,False,True,0.4605940301676732,,0.0015098786216526554,25.469139635562897,0.333984375,False,False,8.0,,43.76020523856656,0.5816377622514892,0.537109375,False,True
confirm-U-w128-d61319-s1001-g04-random,10,U,128,61319,1001,random,False,28.277052879333496,0.055228618904948235,50.37325406074524,22.096201181411743,72.46945524215698,0.408203125,0.3901927064974562,1.9249534098089058,0.027112911169090457,,False,False,3.973642985028933e-07,,nonpositive_total_gain,,-16.996368020772934,0.998046875,False,False,0.5465251261880253,,0.0005691545342633407,115.48351740837097,0.30078125,False,False,,nonpositive_total_gain,,-13.65598464012146,0.53515625,False,False,1.4415725415154101,,0.006996777174540443,50.913766384124756,0.388671875,False,False,4.31618579835734,,0.43719371938269164,14.798287056151025,0.474609375,False,False
confirm-U-w128-d61319-s1001-g04-random,20,U,128,61319,1001,random,False,48.603401839733124,0.09492851921822876,113.35605818033218,64.75265634059906,178.10871452093124,0.470703125,0.2728861525415214,3.8688380129664477,0.49883775038966144,,False,False,4.0729840596748224e-07,,nonpositive_total_gain,,-8.664822854101658,0.87109375,False,False,1.4841377158082008,,0.02282096512717499,182.62588220834732,0.369140625,False,False,,nonpositive_total_gain,,-28.15085870027542,0.576171875,False,False,3.6256095744314734,,0.4095569327586533,77.23751175403595,0.470703125,False,False,5.401925521078205,,1.3001067294838728,35.12463550991116,0.505859375,False,False
confirm-U-w128-d61319-s1001-g04-random,30,U,128,61319,1001,random,False,64.79978996515274,0.12656208977568895,183.52873998880386,118.72895002365112,302.257690012455,0.521484375,0.21438591012351932,4.547732675682093,1.2267858830012084,,False,False,3.650784492492676e-07,,nonpositive_total_gain,,-4.918690837919712,0.642578125,False,False,1.953917429260592,,0.10882547311364311,214.42927902936935,0.419921875,False,False,,nonpositive_total_gain,,-15.111218512058258,0.576171875,False,False,4.427920820090034,,1.1371942594545534,99.65903025865555,0.517578125,False,False,5.678305132425581,,2.2819172125061673,51.32102420157489,0.541015625,False,False
confirm-U-w128-d61319-s1001-g04-uniform,1,U,128,61319,1001,uniform,False,1.9068669080734253,0.0037243494298309088,5.593152046203613,3.686285138130188,9.279437184333801,0.447265625,0.2054938106906669,,,constant_weights,False,False,5.414088567097259e-07,,constant_weights,,0.25296688079833984,0.359375,False,False,,constant_weights,,4.716860294342041,0.455078125,False,False,,constant_weights,,0.7507786750793457,0.505859375,False,False,,constant_weights,,2.7338194847106934,0.447265625,False,False,,constant_weights,,-11.571898915109045,0.7890625,False,False
confirm-U-w128-d61319-s1001-g04-uniform,3,U,128,61319,1001,uniform,False,13.003421783447266,0.02539730817079544,15.503054141998291,2.4996323585510254,18.002686500549316,0.248046875,0.7223045173313711,,,constant_weights,False,False,3.973642985072301e-07,,constant_weights,,1.9211010076105595,0.048828125,False,False,,constant_weights,,31.69479990005493,0.251953125,False,False,,constant_weights,,5.394371509552002,0.443359375,False,False,,constant_weights,,18.544585704803467,0.259765625,False,False,,constant_weights,,-0.4753440397352051,0.56640625,False,False
confirm-U-w128-d61319-s1001-g04-uniform,5,U,128,61319,1001,uniform,False,30.036085844039917,0.05866423016414046,32.24759566783905,2.2115098237991333,34.459105491638184,0.162109375,0.8716443858743939,,,constant_weights,False,False,4.90496555968778e-07,,constant_weights,,-3.01246727257967,0.861328125,False,False,,constant_weights,,83.99185478687286,0.13671875,False,False,,constant_weights,,9.128867387771606,0.42578125,False,False,,constant_weights,,46.560361087322235,0.158203125,False,False,,constant_weights,,16.557320020857446,0.328125,False,False
confirm-U-w128-d61319-s1001-g04-uniform,10,U,128,61319,1001,uniform,False,87.35637378692627,0.17061791755259037,89.63793671131134,2.281562924385071,91.91949963569641,0.083984375,0.9503573684924839,,,constant_weights,False,False,4.706283410343959e-07,,constant_weights,,-0.3916221223771572,0.515625,False,False,,constant_weights,,249.0010153055191,0.078125,False,False,,constant_weights,,13.459739208221436,0.43359375,False,False,,constant_weights,,131.23037725687027,0.080078125,False,False,,constant_weights,,73.87760796374378,0.12890625,False,False
confirm-U-w128-d61319-s1001-g04-uniform,20,U,128,61319,1001,uniform,False,184.33166640996933,0.36002278595697135,184.93879956007004,0.607133150100708,185.54593271017075,0.02734375,0.9934557104946183,,,constant_weights,False,False,4.4330954551696777e-07,,constant_weights,,2.1202782094478607,0.265625,False,False,,constant_weights,,502.7029274702072,0.029296875,False,False,,constant_weights,,48.17179870605469,0.328125,False,False,,constant_weights,,275.43736308813095,0.029296875,False,False,,constant_weights,,170.8529005867868,0.041015625,False,False
confirm-U-w128-d61319-s1001-g04-uniform,30,U,128,61319,1001,uniform,False,309.4742049574852,0.6044418065575883,309.49596470594406,0.021759748458862305,309.5177244544029,0.001953125,0.9998593957842175,,,constant_weights,False,False,3.5762786865234375e-07,,constant_weights,,6.270034048706293,0.10546875,False,False,,constant_weights,,793.7630190104246,0.001953125,False,False,,constant_weights,,128.3895651102066,0.212890625,False,False,,constant_weights,,461.0762920603156,0.001953125,False,False,,constant_weights,,295.995439074698,0.001953125,False,False
confirm-U-w128-d61319-s1002-g00-random,1,U,128,61319,1002,random,False,0.06130719184875488,0.00011974060907959938,2.389573574066162,2.3282663822174072,4.717839956283569,0.4765625,0.012994758706704626,8.0,28.64487712410926,,False,True,4.855295022325803e-07,0.0,,0.04273999327385881,0.00782092660665512,0.37109375,True,False,6.692778931592691,,2.9656363785871314,0.21760201454162598,0.4921875,False,False,,nonpositive_total_gain,,-0.04149961471557617,0.484375,False,False,8.0,,31.47583446923044,0.0880511999130249,0.4765625,False,True,,nonpositive_total_gain,,-13.67894003563822,0.951171875,False,False
confirm-U-w128-d61319-s1002-g00-random,3,U,128,61319,1002,random,False,-0.31167662143707275,-0.0006087434012442827,4.991332769393921,5.303009390830994,10.294342160224915,0.5,0.030276497185155068,,,nonpositive_total_gain,False,False,4.0978193283081055e-07,0.05209369096287318,,7.470586668278352e-05,0.2017439752817154,0.11328125,False,False,,nonpositive_total_gain,,-0.3246614933013916,0.498046875,False,False,,nonpositive_total_gain,,-0.8121237754821777,0.505859375,False,False,,nonpositive_total_gain,,-0.5683926343917847,0.501953125,False,False,,nonpositive_total_gain,,-14.051923848924048,0.845703125,False,False
confirm-U-w128-d61319-s1002-g00-random,5,U,128,61319,1002,random,False,-0.36847150325775146,-0.0007196709048002958,6.0793561935424805,6.447827696800232,12.527183890342712,0.4921875,0.029413753839903998,,,nonpositive_total_gain,False,False,4.731118679046631e-07,0.04357022197675367,,2.6529747215014977e-05,0.36940641328692436,0.052734375,False,False,,nonpositive_total_gain,,-0.33739519119262695,0.501953125,False,False,,nonpositive_total_gain,,-1.137413740158081,0.49609375,False,False,,nonpositive_total_gain,,-0.737404465675354,0.494140625,False,False,,nonpositive_total_gain,,-14.108718730744727,0.794921875,False,False
confirm-U-w128-d61319-s1002-g00-random,10,U,128,61319,1002,random,False,0.6569488048553467,0.001283103134483099,7.4106045961380005,6.753655791282654,14.164260387420654,0.45703125,0.046380734813290074,8.0,2.829896267541566,,False,True,4.2219956715786044e-07,0.029672348618478304,,2.7118396355851335e-05,0.6566309593617916,0.04296875,False,False,2.953691735148806,,0.253636328656207,1.9316105842590332,0.462890625,False,False,,nonpositive_total_gain,,-0.6173951625823975,0.494140625,False,False,8.0,,7.617047383276312,0.6571077108383179,0.45703125,False,True,,nonpositive_total_gain,,-13.083298422631628,0.751953125,False,False
confirm-U-w128-d61319-s1002-g00-random,20,U,128,61319,1002,random,False,1.413857340812683,0.0027614401187747717,12.750010371208191,11.336153030395508,24.0861634016037,0.47265625,0.058699981281308836,8.0,4.596471196126289,,False,True,5.016724268606942e-07,,nonpositive_total_gain,,-0.28346510231494904,0.630859375,False,False,1.8586630772100579,,0.07413684003146295,7.6383960247039795,0.4453125,False,False,,nonpositive_total_gain,,-3.1133618354797363,0.537109375,False,False,8.0,,3.889711386214167,2.2625170946121216,0.47265625,False,True,,nonpositive_total_gain,,-12.326389886674292,0.6640625,False,False
confirm-U-w128-d61319-s1002-g00-random,30,U,128,61319,1002,random,False,1.0171581506729126,0.0019866370130330324,18.771174550056458,17.754016399383545,36.52519094944,0.509765625,0.02784812684705506,8.0,35.871641373640614,,False,True,4.544854164123535e-07,,nonpositive_total_gain,,-3.489587415009737,0.98828125,False,False,2.167314937978544,,0.13145339363556854,13.153820633888245,0.455078125,False,False,,nonpositive_total_gain,,-6.6127636432647705,0.55859375,False,False,8.0,,6.329591627165239,3.270528495311737,0.498046875,False,True,,nonpositive_total_gain,,-12.723089076814063,0.6328125,False,False
confirm-U-w128-d61319-s1002-g00-uniform,1,U,128,61319,1002,uniform,False,0.5738598108291626,0.0011208199430257082,1.7586318254470825,1.18477201461792,2.9434038400650024,0.4609375,0.19496468782771223,,,constant_weights,False,False,3.8246313730861195e-07,,constant_weights,,0.13753080740571022,0.029296875,False,False,,constant_weights,,0.8550808429718018,0.46484375,False,False,,constant_weights,,0.7289679050445557,0.4921875,False,False,,constant_weights,,0.7920243740081787,0.466796875,False,False,,constant_weights,,-13.166387416657813,0.96875,False,False
confirm-U-w128-d61319-s1002-g00-uniform,3,U,128,61319,1002,uniform,False,1.5307791233062744,0.002989802975207567,2.802660346031189,1.2718812227249146,4.0745415687561035,0.341796875,0.3756935835541367,,,constant_weights,False,False,4.2219956715786044e-07,,constant_weights,,0.5031744204461575,0.0,False,False,,constant_weights,,2.476140022277832,0.3828125,False,False,,constant_weights,,1.613022804260254,0.390625,False,False,,constant_weights,,2.044581413269043,0.353515625,False,False,,constant_weights,,-12.2094681041807,0.935546875,False,False
confirm-U-w128-d61319-s1002-g00-uniform,5,U,128,61319,1002,uniform,False,2.3078755140304565,0.0045075693633407354,3.3876925706863403,1.0798170566558838,4.467509627342224,0.294921875,0.5165910555414829,,,constant_weights,False,False,4.023313522338867e-07,,constant_weights,,0.7993771694600582,0.0,False,False,,constant_weights,,3.9141621589660645,0.33984375,False,False,,constant_weights,,2.210078239440918,0.373046875,False,False,,constant_weights,,3.062120199203491,0.3125,False,False,,constant_weights,,-11.432371713456519,0.916015625,False,False
confirm-U-w128-d61319-s1002-g00-uniform,10,U,128,61319,1002,uniform,False,4.358058333396912,0.008511832682415843,5.238938093185425,0.8808797597885132,6.119817852973938,0.232421875,0.7121222294678434,,,constant_weights,False,False,4.246830940246582e-07,,constant_weights,,1.4783260151743889,0.0,False,False,,constant_weights,,8.009978532791138,0.26171875,False,False,,constant_weights,,3.585872173309326,0.373046875,False,False,,constant_weights,,5.797925353050232,0.26171875,False,False,,constant_weights,,-9.382188894090064,0.82421875,False,False
confirm-U-w128-d61319-s1002-g00-uniform,20,U,128,61319,1002,uniform,False,12.00499939918518,0.023447264451533556,13.83652377128601,1.83152437210083,15.66804814338684,0.255859375,0.7662089935721983,,,constant_weights,False,False,4.6690305074287286e-07,,constant_weights,,1.5599307529628277,0.0,False,False,,constant_weights,,27.547636032104492,0.251953125,False,False,,constant_weights,,6.907424449920654,0.44140625,False,False,,constant_weights,,17.227530241012573,0.26953125,False,False,,constant_weights,,-1.7352478283017945,0.580078125,False,False
confirm-U-w128-d61319-s1002-g00-uniform,30,U,128,61319,1002,uniform,False,25.843714714050293,0.05047600530087948,28.61197566986084,2.768260955810547,31.380236625671387,0.224609375,0.8235665977390431,,,constant_weights,False,False,4.445513089494993e-07,,constant_weights,,-1.7951878309249878,0.875,False,False,,constant_weights,,69.18491053581238,0.208984375,False,False,,constant_weights,,10.141422510147095,0.412109375,False,False,,constant_weights,,39.663166522979736,0.21875,False,False,,constant_weights,,12.103467486563318,0.4296875,False,False
confirm-U-w128-d61319-s1002-g02-random,1,U,128,61319,1002,random,False,-0.7749499082565308,-0.0015135740395635366,5.004089117050171,5.779039025306702,10.783128142356873,0.51171875,0.07186689224367779,,,nonpositive_total_gain,False,False,3.7873784701015004e-07,,nonpositive_total_gain,,-0.10401216894388199,0.6328125,False,False,,nonpositive_total_gain,,-0.8308515548706055,0.51171875,False,False,,nonpositive_total_gain,,-1.389993667602539,0.517578125,False,False,,nonpositive_total_gain,,-1.1104226112365723,0.509765625,False,False,,nonpositive_total_gain,,-14.515197135743506,0.84375,False,False
confirm-U-w128-d61319-s1002-g02-random,3,U,128,61319,1002,random,False,-0.5511531829833984,-0.00107647106051445,7.6545069217681885,8.205660104751587,15.860167026519775,0.494140625,0.03475078049694026,,,nonpositive_total_gain,False,False,3.725290298461914e-07,0.04839699106098366,,5.365978155244817e-05,0.4689178727567196,0.083984375,False,False,,nonpositive_total_gain,,-0.21132397651672363,0.48046875,False,False,,nonpositive_total_gain,,-1.9110462665557861,0.509765625,False,False,,nonpositive_total_gain,,-1.0611851215362549,0.5,False,False,,nonpositive_total_gain,,-14.291400410470374,0.748046875,False,False
confirm-U-w128-d61319-s1002-g02-random,5,U,128,61319,1002,random,False,1.496655821800232,0.002923155901953578,8.778622150421143,7.281966328620911,16.060588479042053,0.45703125,0.09318810601200966,4.711032089193468,0.5731906476437912,,False,False,4.5324365298068936e-07,0.029626840464575067,,7.990037874812766e-05,0.7210677415132523,0.07421875,False,False,1.864354935592043,,0.035165766891818474,3.940326690673828,0.443359375,False,False,,nonpositive_total_gain,,-0.1714315414428711,0.478515625,False,False,5.788561419806609,,0.9737176903264244,1.8844475746154785,0.4609375,False,False,,nonpositive_total_gain,,-12.243591405686743,0.708984375,False,False
confirm-U-w128-d61319-s1002-g02-random,10,U,128,61319,1002,random,False,-0.014700174331665039,-2.871127799153328e-05,17.23782479763031,17.252524971961975,34.490349769592285,0.51171875,0.0004262112280642961,,,nonpositive_total_gain,False,False,4.6690305074287286e-07,,nonpositive_total_gain,,-2.5891737677156925,0.97265625,False,False,2.2758035926452167,,0.1504823197780842,11.082466721534729,0.453125,False,False,,nonpositive_total_gain,,-8.537379026412964,0.580078125,False,False,8.0,,43.165829278701274,1.2725438475608826,0.501953125,False,True,,nonpositive_total_gain,,-13.75494740181864,0.642578125,False,False
confirm-U-w128-d61319-s1002-g02-random,20,U,128,61319,1002,random,False,8.29139518737793,0.01619413122534752,35.32423794269562,27.032842755317688,62.357080698013306,0.4921875,0.13296637838984168,7.1329069552606725,1.2145788909377178,,False,False,4.4206778210265085e-07,,nonpositive_total_gain,,-12.491834126412868,1.0,False,False,1.2256555415982961,,0.005580262631736797,47.298846900463104,0.390625,False,False,,nonpositive_total_gain,,-9.932826280593872,0.5625,False,False,4.0401173143848155,,0.3283933699725401,18.683010309934616,0.470703125,False,False,,nonpositive_total_gain,,-5.448852040109046,0.568359375,False,False
confirm-U-w128-d61319-s1002-g02-random,30,U,128,61319,1002,random,False,19.05224597454071,0.037211417919024825,53.22802925109863,34.17578327655792,87.40381252765656,0.501953125,0.21797957575949156,4.806180692663854,0.4331025514727777,,False,False,4.296501477651926e-07,,nonpositive_total_gain,,-16.782658115029335,1.0,False,False,1.3008245925124595,,0.003985996966129941,79.8782616853714,0.388671875,False,False,,nonpositive_total_gain,,-5.938874244689941,0.544921875,False,False,3.3668338397985598,,0.16199598124119075,36.96969372034073,0.482421875,False,False,8.0,,13.118743932703598,5.311998687449087,0.564453125,False,True
confirm-U-w128-d61319-s1002-g02-uniform,1,U,128,61319,1002,uniform,False,1.2860571146011353,0.0025118303019553423,3.120606780052185,1.8345496654510498,4.955156445503235,0.40625,0.25953915456457927,,,constant_weights,False,False,3.973642985020259e-07,,constant_weights,,0.22749439626932144,0.09375,False,False,,constant_weights,,2.0201289653778076,0.447265625,False,False,,constant_weights,,1.610553503036499,0.455078125,False,False,,constant_weights,,1.8153412342071533,0.408203125,False,False,,constant_weights,,-12.45419011288584,0.923828125,False,False
confirm-U-w128-d61319-s1002-g02-uniform,3,U,128,61319,1002,uniform,False,3.6332353353500366,0.00709616276435554,4.809311747550964,1.1760764122009277,5.985388159751892,0.259765625,0.6070174963390582,,,constant_weights,False,False,3.750125567116881e-07,,constant_weights,,1.1941934823989868,0.0,False,False,,constant_weights,,6.42130184173584,0.302734375,False,False,,constant_weights,,3.2842071056365967,0.341796875,False,False,,constant_weights,,4.852754473686218,0.28515625,False,False,,constant_weights,,-10.107011892136939,0.861328125,False,False
confirm-U-w128-d61319-s1002-g02-uniform,5,U,128,61319,1002,uniform,False,6.369383454322815,0.012440202059224248,7.169167399406433,0.7997839450836182,7.968951344490051,0.19921875,0.7992749834928756,,,constant_weights,False,False,4.0108958880048784e-07,,constant_weights,,1.9698506221175194,0.0,False,False,,constant_weights,,12.229578495025635,0.21875,False,False,,constant_weights,,4.908726453781128,0.353515625,False,False,,constant_weights,,8.569152474403381,0.216796875,False,False,,constant_weights,,-7.37086377316416,0.74609375,False,False
confirm-U-w128-d61319-s1002-g02-uniform,10,U,128,61319,1002,uniform,False,20.315381169319153,0.03967847884632647,22.867679953575134,2.5522987842559814,25.419978737831116,0.240234375,0.7991895421645228,,,constant_weights,False,False,4.718701044695295e-07,,constant_weights,,0.012516874819993973,0.48828125,False,False,,constant_weights,,51.94597053527832,0.21875,False,False,,constant_weights,,8.987642765045166,0.419921875,False,False,,constant_weights,,30.466806650161743,0.234375,False,False,,constant_weights,,6.575133941832178,0.466796875,False,False
confirm-U-w128-d61319-s1002-g02-uniform,20,U,128,61319,1002,uniform,False,67.08130776882172,0.13101817923597991,68.8944022655487,1.8130944967269897,70.7074967622757,0.083984375,0.9487156361135861,,,constant_weights,False,False,3.9239724478057347e-07,,constant_weights,,-2.870218198746443,0.82421875,False,False,,constant_weights,,186.14400351047516,0.080078125,False,False,,constant_weights,,17.970138788223267,0.3984375,False,False,,constant_weights,,102.05707114934921,0.080078125,False,False,,constant_weights,,53.34106054133474,0.181640625,False,False
confirm-U-w128-d61319-s1002-g02-uniform,30,U,128,61319,1002,uniform,False,112.1020736694336,0.2189493626356125,112.86826801300049,0.7661943435668945,113.63446235656738,0.037109375,0.9865147539280347,,,constant_weights,False,False,3.8867195448211156e-07,,constant_weights,,2.60873456671834,0.107421875,False,False,,constant_weights,,300.51306265592575,0.04296875,False,False,,constant_weights,,33.184425830841064,0.326171875,False,False,,constant_weights,,166.8487442433834,0.037109375,False,False,,constant_weights,,98.36182644194659,0.064453125,False,False
confirm-U-w128-d61319-s1002-g04-random,1,U,128,61319,1002,random,False,-1.6595304012298584,-0.003241270314902067,7.989028573036194,9.648558974266052,17.637587547302246,0.513671875,0.09409055500244372,,,nonpositive_total_gain,False,False,3.8246313730644355e-07,,nonpositive_total_gain,,-0.4840177074074745,0.759765625,False,False,,nonpositive_total_gain,,-1.9715042114257812,0.494140625,False,False,,nonpositive_total_gain,,-2.5230729579925537,0.501953125,False,False,,nonpositive_total_gain,,-2.2472885847091675,0.51171875,False,False,,nonpositive_total_gain,,-15.399777628716834,0.755859375,False,False
confirm-U-w128-d61319-s1002-g04-random,3,U,128,61319,1002,random,False,2.8259745836257935,0.005519481608644128,13.114916324615479,10.288941740989685,23.403858065605164,0.4765625,0.12074823628241488,4.90466021044013,0.5321932353654897,,False,False,3.9736429850256803e-07,,nonpositive_total_gain,,-0.5366713181138039,0.6484375,False,False,1.155597623960546,,0.004106889847094423,10.253451585769653,0.439453125,False,False,,nonpositive_total_gain,,-1.238851547241211,0.51953125,False,False,4.505157598229507,,0.42641257614046296,4.507300019264221,0.474609375,False,False,,nonpositive_total_gain,,-10.914272643861182,0.642578125,False,False
confirm-U-w128-d61319-s1002-g04-random,5,U,128,61319,1002,random,False,4.9196165800094604,0.009608626132830977,21.924196481704712,17.00457990169525,38.92877638339996,0.51171875,0.12637480643001373,5.782517538981132,0.9409343393504129,,False,False,3.948807716369629e-07,,nonpositive_total_gain,,-6.625401169061661,0.99609375,False,False,1.20181626857226,,0.008362086314778524,24.250532388687134,0.421875,False,False,,nonpositive_total_gain,,-2.8662824630737305,0.53125,False,False,3.570462204778961,,0.27575886167311886,10.692124962806702,0.49609375,False,False,,nonpositive_total_gain,,-8.820630647477515,0.603515625,False,False
confirm-U-w128-d61319-s1002-g04-random,10,U,128,61319,1002,random,False,19.88555556535721,0.0388389757135883,46.73241263628006,26.84685707092285,73.57926970720291,0.451171875,0.27026030082234626,2.9508613772132897,0.12469619287150517,,False,False,3.986060619354248e-07,,nonpositive_total_gain,,-15.230091944336891,1.0,False,False,0.8352661725107169,,0.0006633691572630725,78.16913241147995,0.359375,False,False,,nonpositive_total_gain,,-3.2823675870895386,0.55078125,False,False,2.13070177022943,,0.03838786775864211,37.443382412195206,0.4296875,False,False,8.0,,4.721356473197937,6.1453083378702305,0.515625,False,True
confirm-U-w128-d61319-s1002-g04-random,20,U,128,61319,1002,random,False,24.05699747800827,0.0469863231992349,102.15648776292801,78.09949028491974,180.25597804784775,0.53515625,0.13346019221411065,8.0,2.9366482559394655,,False,True,4.221995671405132e-07,,nonpositive_total_gain,,-6.387347709387541,0.755859375,False,False,2.604334311054151,,0.14621870145547491,109.03382679820061,0.44921875,False,False,,nonpositive_total_gain,,-30.475475192070007,0.5546875,False,False,7.999999999862771,,2.3357537862003324,39.2791758030653,0.53125,False,True,8.0,,21.65217371446997,10.316750578346827,0.560546875,False,True
confirm-U-w128-d61319-s1002-g04-random,30,U,128,61319,1002,random,False,55.21096533536911,0.1078339166706428,163.63855999708176,108.42759466171265,272.0661546587944,0.552734375,0.20293213393121495,4.922928003086243,1.291806269350127,,False,False,4.172325134277344e-07,,nonpositive_total_gain,,-3.8932880125939846,0.56640625,False,False,2.4441621862707885,,0.20417626040360526,156.51555575430393,0.458984375,False,False,8.0,,84.10830156615468,13.010626763105392,0.548828125,False,True,4.779800154634136,,1.20212066127168,84.76309125870466,0.55078125,False,False,6.897011108216259,,2.7682603164799002,41.47071773535308,0.5703125,False,False
confirm-U-w128-d61319-s1002-g04-uniform,1,U,128,61319,1002,uniform,False,1.2734915018081665,0.002487288089469075,5.702377080917358,4.428885579109192,10.13126266002655,0.46484375,0.12569918918722706,,,constant_weights,False,False,4.246830940246582e-07,,constant_weights,,0.06403092667460442,0.375,False,False,,constant_weights,,2.6773781776428223,0.44140625,False,False,,constant_weights,,1.0790619850158691,0.478515625,False,False,,constant_weights,,1.8782200813293457,0.46484375,False,False,,constant_weights,,-12.466755725678809,0.814453125,False,False
confirm-U-w128-d61319-s1002-g04-uniform,3,U,128,61319,1002,uniform,False,12.53044331073761,0.024473522091284394,13.685564160346985,1.155120849609375,14.84068500995636,0.197265625,0.8443305212886839,,,constant_weights,False,False,3.8494666417410867e-07,,constant_weights,,2.99992036819458,0.0,False,False,,constant_weights,,26.77208423614502,0.220703125,False,False,,constant_weights,,7.8193347454071045,0.40625,False,False,,constant_weights,,17.295709490776062,0.2109375,False,False,,constant_weights,,-1.2098039167493653,0.583984375,False,False
confirm-U-w128-d61319-s1002-g04-uniform,5,U,128,61319,1002,uniform,False,29.34414553642273,0.057312784250825644,31.671014428138733,2.3268688917160034,33.997883319854736,0.177734375,0.8631168376087041,,,constant_weights,False,False,3.986060619354248e-07,,constant_weights,,-1.6231882609426975,0.736328125,False,False,,constant_weights,,77.95512676239014,0.171875,False,False,,constant_weights,,11.700503587722778,0.390625,False,False,,constant_weights,,44.82781517505646,0.1640625,False,False,,constant_weights,,15.603898308935754,0.361328125,False,False
confirm-U-w128-d61319-s1002-g04-uniform,10,U,128,61319,1002,uniform,False,91.41343355178833,0.17854186240583658,92.6815037727356,1.2680702209472656,93.94957399368286,0.05078125,0.9730053013112645,,,constant_weights,False,False,3.7997961044311523e-07,,constant_weights,,0.31242817267775536,0.369140625,False,False,,constant_weights,,250.1540676355362,0.048828125,False,False,,constant_weights,,23.77380609512329,0.3828125,False,False,,constant_weights,,136.96393686532974,0.05078125,False,False,,constant_weights,,77.67318632430134,0.080078125,False,False
confirm-U-w128-d61319-s1002-g04-uniform,20,U,128,61319,1002,uniform,False,206.68563348054886,0.403682877891697,207.14773505926132,0.4621015787124634,207.60983663797379,0.015625,0.9955483652779106,,,constant_weights,False,False,3.7749608355897024e-07,,constant_weights,,5.831788055598736,0.087890625,False,False,,constant_weights,,535.5936701893806,0.01171875,False,False,,constant_weights,,78.63144528865814,0.25390625,False,False,,constant_weights,,307.1125577390194,0.015625,False,False,,constant_weights,,192.94538625306183,0.017578125,False,False
confirm-U-w128-d61319-s1002-g04-uniform,30,U,128,61319,1002,uniform,False,323.5480864048004,0.6319298562593758,323.5662684440613,0.018182039260864258,323.58445048332214,0.001953125,0.999887621056984,,,constant_weights,False,False,3.427267074584961e-07,,constant_weights,,8.216276612132788,0.06640625,False,False,,constant_weights,,784.2734218537807,0.001953125,False,False,,constant_weights,,178.1545639038086,0.140625,False,False,,constant_weights,,481.21399287879467,0.001953125,False,False,,constant_weights,,309.8078392965227,0.001953125,False,False
confirm-U-w128-d61319-s1003-g00-random,1,U,128,61319,1003,random,False,0.24730396270751953,0.0004830155521631241,1.894934892654419,1.6476309299468994,3.5425658226013184,0.474609375,0.06980927810281966,1.7511952203229244,0.11601774437194404,,False,False,4.718701044718063e-07,0.18369854659676782,,0.002269821381499351,0.13789033144712448,0.099609375,False,False,1.1096998130560989,,0.06676050681253666,0.6391098499298096,0.490234375,False,False,,nonpositive_total_gain,,-0.035089731216430664,0.509765625,False,False,2.151751681580301,,0.2194570515444355,0.30201005935668945,0.48046875,False,False,,nonpositive_total_gain,,-12.918363072213538,0.939453125,False,False
confirm-U-w128-d61319-s1003-g00-random,3,U,128,61319,1003,random,False,0.6866132020950317,0.0013410414103418589,3.21420955657959,2.527596354484558,5.741805911064148,0.431640625,0.11958140221562791,1.2760216707035545,0.01840925748758825,,False,False,4.6193599700927734e-07,0.11147105820358859,,0.000585452793639857,0.29463960602879524,0.05859375,False,False,1.0105761057408449,,0.030159182125702504,1.4043588638305664,0.478515625,False,False,3.8296971441157,,0.4361533192317972,0.36083436012268066,0.455078125,False,False,1.5303923406199713,,0.03690916833279371,0.8825966119766235,0.4375,False,False,,nonpositive_total_gain,,-12.479053832826025,0.88671875,False,False
confirm-U-w128-d61319-s1003-g00-random,5,U,128,61319,1003,random,False,1.1374170780181885,0.0022215177305042744,3.785776734352112,2.6483596563339233,6.434136390686035,0.396484375,0.17677851524327295,0.8816604196983142,0.0022221318958318696,,False,False,4.818042119341184e-07,0.08591111906352442,,0.0002787506308920823,0.44044529274106026,0.03515625,False,False,0.827362659368506,,0.010803292336959343,2.146792411804199,0.453125,False,False,2.00572150105489,,0.04965209602459148,0.8250167369842529,0.4375,False,False,1.0586561106178514,,0.004921569024711398,1.485904574394226,0.404296875,False,False,,nonpositive_total_gain,,-12.028249956902869,0.857421875,False,False
confirm-U-w128-d61319-s1003-g00-random,10,U,128,61319,1003,random,False,2.0363775491714478,0.003977299900725484,5.036104202270508,2.99972665309906,8.035830855369568,0.369140625,0.25341219667543574,0.7472818957290974,0.000827913038211334,,False,False,3.948807716369629e-07,0.06952827083149687,,0.00015065556423982497,0.6626864783465862,0.046875,False,False,0.5895008794421059,,0.0025537543851614024,4.19413685798645,0.419921875,False,False,2.3412446764787433,,0.05785221915539558,1.2523043155670166,0.4453125,False,False,0.872836464828392,,0.0014881893646343366,2.7232205867767334,0.375,False,False,,nonpositive_total_gain,,-11.12928948574961,0.80859375,False,False
confirm-U-w128-d61319-s1003-g00-random,20,U,128,61319,1003,random,False,5.188638091087341,0.010134058771654963,8.500004887580872,3.3113667964935303,11.811371684074402,0.34765625,0.4392917461130552,0.496072007270448,0.0014396314972862452,,False,False,3.9239724477016513e-07,0.1339025618653248,,0.0005688305704478704,0.5121362544596195,0.18359375,False,False,0.33012418150370193,,0.0010722028448676246,11.955788373947144,0.3515625,False,False,1.8246847283272962,,0.015044889295277091,3.0979866981506348,0.419921875,False,False,0.5122544445653137,,0.0014286947587367523,7.526887536048889,0.349609375,False,False,,nonpositive_total_gain,,-7.977028943833716,0.6953125,False,False
confirm-U-w128-d61319-s1003-g00-random,30,U,128,61319,1003,random,False,8.948318004608154,0.0174771836027503,17.858336925506592,8.910018920898438,26.76835584640503,0.40234375,0.33428717310667055,1.149134580851947,0.0029404007709807026,,False,False,4.259248574528529e-07,,nonpositive_total_gain,,-3.0942244045436382,0.986328125,False,False,0.4692408873154511,,0.0024500041080458405,28.328607439994812,0.38671875,False,False,7.905168626216801,,6.045763143415761,1.6105659008026123,0.494140625,False,False,0.9462919063848003,,0.0013839428468945074,14.969586670398712,0.388671875,False,False,,nonpositive_total_gain,,-4.217349030312903,0.595703125,False,False
confirm-U-w128-d61319-s1003-g00-uniform,1,U,128,61319,1003,uniform,False,0.6851760149002075,0.0013382344041019678,1.6848080158233643,0.9996320009231567,2.684440016746521,0.42578125,0.25523983051430776,,,constant_weights,False,False,3.762543201446533e-07,,constant_weights,,0.2151716686785221,0.005859375,False,False,,constant_weights,,1.1975483894348145,0.42578125,False,False,,constant_weights,,0.6428148746490479,0.484375,False,False,,constant_weights,,0.9201816320419312,0.4296875,False,False,,constant_weights,,-12.48049102002085,0.947265625,False,False
confirm-U-w128-d61319-s1003-g00-uniform,3,U,128,61319,1003,uniform,False,1.608222246170044,0.003141059074550867,2.8490160703659058,1.2407938241958618,4.089809894561768,0.3359375,0.3932266505366183,,,constant_weights,False,False,4.3710072835257546e-07,,constant_weights,,0.49609772115945816,0.0,False,False,,constant_weights,,2.6864521503448486,0.390625,False,False,,constant_weights,,1.642106294631958,0.40625,False,False,,constant_weights,,2.1642792224884033,0.353515625,False,False,,constant_weights,,-11.557444788751013,0.912109375,False,False
confirm-U-w128-d61319-s1003-g00-uniform,5,U,128,61319,1003,uniform,False,2.4109995365142822,0.0047089834697544575,3.4948272705078125,1.0838277339935303,4.578655004501343,0.296875,0.5265737501829671,,,constant_weights,False,False,4.010895888013552e-07,,constant_weights,,0.74797248467803,0.0,False,False,,constant_weights,,4.210954666137695,0.3359375,False,False,,constant_weights,,2.274076223373413,0.380859375,False,False,,constant_weights,,3.242515444755554,0.302734375,False,False,,constant_weights,,-10.754667498406775,0.890625,False,False
confirm-U-w128-d61319-s1003-g00-uniform,10,U,128,61319,1003,uniform,False,4.508273124694824,0.008805220946669579,5.315746188163757,0.8074730634689331,6.12321925163269,0.208984375,0.7362586475231541,,,constant_weights,False,False,4.6938657760620117e-07,,constant_weights,,1.3243594989180565,0.0,False,False,,constant_weights,,8.418641090393066,0.24609375,False,False,,constant_weights,,3.7818143367767334,0.353515625,False,False,,constant_weights,,6.1002277135849,0.23046875,False,False,,constant_weights,,-8.657393910226233,0.81640625,False,False
confirm-U-w128-d61319-s1003-g00-uniform,20,U,128,61319,1003,uniform,False,12.9973965883255,0.025385540211573243,15.109673976898193,2.112277388572693,17.221951365470886,0.267578125,0.754699413121361,,,constant_weights,False,False,3.737707932795903e-07,,constant_weights,,1.031857669353485,0.056640625,False,False,,constant_weights,,31.58230996131897,0.255859375,False,False,,constant_weights,,6.378030776977539,0.451171875,False,False,,constant_weights,,18.980170369148254,0.283203125,False,False,,constant_weights,,-0.16827044659555668,0.57421875,False,False
confirm-U-w128-d61319-s1003-g00-uniform,30,U,128,61319,1003,uniform,False,28.290044903755188,0.05525399395264685,31.134713292121887,2.844668388366699,33.979381680488586,0.19921875,0.8325650292806743,,,constant_weights,False,False,4.010895887987531e-07,,constant_weights,,-3.923571728169918,0.986328125,False,False,,constant_weights,,79.07532668113708,0.181640625,False,False,,constant_weights,,9.718377590179443,0.423828125,False,False,,constant_weights,,44.396852135658264,0.185546875,False,False,,constant_weights,,15.12437786883413,0.396484375,False,False
confirm-U-w128-d61319-s1003-g02-random,1,U,128,61319,1003,random,False,0.16268253326416016,0.0003177393227815628,3.9555938243865967,3.7929112911224365,7.748505115509033,0.474609375,0.020995344371463685,4.883887077058004,4.4671594928601746,,False,False,4.0854016939741167e-07,0.41049041865597824,,0.009458916363728523,0.08121655136346817,0.369140625,False,False,1.4319317942159646,,0.15772074948532355,1.0955240726470947,0.5,False,False,,nonpositive_total_gain,,-0.6887052059173584,0.521484375,False,False,5.362072638199877,,6.653234086904703,0.20340943336486816,0.474609375,False,False,,nonpositive_total_gain,,-13.002984501656897,0.859375,False,False
confirm-U-w128-d61319-s1003-g02-random,3,U,128,61319,1003,random,False,1.471516728401184,0.0028740561101585627,5.4070271253585815,3.9355103969573975,9.342537522315979,0.412109375,0.15750717884581755,1.1886513766900655,0.007189655345046906,,False,False,4.3461720148664507e-07,0.09899331411740472,,0.00030482895506888595,0.47784632444381714,0.087890625,False,False,0.76518035138353,,0.008121990036242867,3.2720210552215576,0.4453125,False,False,4.52496054958222,,0.7235802717876496,0.6646766662597656,0.447265625,False,False,1.3759787013426807,,0.013891169899481021,1.9683488607406616,0.421875,False,False,,nonpositive_total_gain,,-11.694150306519873,0.7890625,False,False
confirm-U-w128-d61319-s1003-g02-random,5,U,128,61319,1003,random,False,3.468231678009033,0.006773889996111393,6.087170481681824,2.6189388036727905,8.706109285354614,0.3203125,0.398367578941753,0.4559995082418081,0.0012266532640324037,,False,False,3.8122137387608043e-07,0.07307956855363165,,0.0001038234668910116,0.8177246190607548,0.044921875,False,False,0.38678498554904595,,0.0007750005255633182,6.864844799041748,0.376953125,False,False,0.9859337311305998,,0.007060730425310925,2.722125768661499,0.412109375,False,False,0.49948958681162714,,0.0012143777898550577,4.7934852838516235,0.33203125,False,False,,nonpositive_total_gain,,-9.697435356912024,0.7734375,False,False
confirm-U-w128-d61319-s1003-g02-random,10,U,128,61319,1003,random,False,7.810735702514648,0.015255343168973923,16.109651684761047,8.298915982246399,24.408567667007446,0.412109375,0.3199997561951272,1.0150272729786929,0.00113909859177121,,False,False,4.3585896492004395e-07,,nonpositive_total_gain,,-1.4797021597623825,0.888671875,False,False,0.42644193717824996,,0.002770170026885571,23.2625572681427,0.3984375,False,False,6.622770169176895,,3.980367127454889,1.6493539810180664,0.505859375,False,False,0.9036323961684447,,0.0009074195829021193,12.455955624580383,0.40234375,False,False,,nonpositive_total_gain,,-5.354931332406409,0.611328125,False,False
confirm-U-w128-d61319-s1003-g02-random,20,U,128,61319,1003,random,False,16.28235900402069,0.03180148242972791,39.20739948749542,22.92504048347473,62.132439970970154,0.439453125,0.2620589021069866,2.7820915880183854,0.10490338765990109,,False,False,5.041559537344309e-07,,nonpositive_total_gain,,-14.948182977735996,0.998046875,False,False,0.7923701372976939,,0.0010398088189629074,67.40079474449158,0.361328125,False,False,,nonpositive_total_gain,,-3.6055381298065186,0.5234375,False,False,1.9224012005254894,,0.024032844586923528,31.89762830734253,0.42578125,False,False,8.0,,13.087026139117885,3.116691969099632,0.521484375,False,True
confirm-U-w128-d61319-s1003-g02-random,30,U,128,61319,1003,random,False,25.97514283657074,0.050732700852677226,62.04850959777832,36.07336676120758,98.1218763589859,0.462890625,0.2647232584662244,3.3863284831014293,0.24394376209317362,,False,False,4.296501477582537e-07,,nonpositive_total_gain,,-13.637169189751148,0.998046875,False,False,1.2859168585133847,,0.0034948250250731684,98.0077868103981,0.376953125,False,False,,nonpositive_total_gain,,-6.445185661315918,0.537109375,False,False,2.788489330202456,,0.12556561869628072,45.78130057454109,0.443359375,False,False,6.8481424869926135,,2.144488302840706,12.80947586125432,0.5078125,False,False
confirm-U-w128-d61319-s1003-g02-uniform,1,U,128,61319,1003,uniform,False,1.474041223526001,0.0028789867646992207,3.3311275243759155,1.8570863008499146,5.18821382522583,0.3828125,0.28411342962755387,,,constant_weights,False,False,4.0978193283081055e-07,,constant_weights,,0.3854922913014889,0.01953125,False,False,,constant_weights,,2.8068439960479736,0.388671875,False,False,,constant_weights,,1.229785680770874,0.455078125,False,False,,constant_weights,,2.018314838409424,0.392578125,False,False,,constant_weights,,-11.691625811395056,0.892578125,False,False
confirm-U-w128-d61319-s1003-g02-uniform,3,U,128,61319,1003,uniform,False,3.7545593976974487,0.0073331238236278296,4.8545472621917725,1.0999878644943237,5.954535126686096,0.265625,0.6305377863791343,,,constant_weights,False,False,3.8370490074157715e-07,,constant_weights,,1.0980491749942303,0.0,False,False,,constant_weights,,6.755927562713623,0.30078125,False,False,,constant_weights,,3.4096860885620117,0.3828125,False,False,,constant_weights,,5.082806825637817,0.27734375,False,False,,constant_weights,,-9.411107637223608,0.841796875,False,False
confirm-U-w128-d61319-s1003-g02-uniform,5,U,128,61319,1003,uniform,False,6.557843208312988,0.012808287516236305,7.44396710395813,0.8861238956451416,8.330090999603271,0.193359375,0.7872474872873912,,,constant_weights,False,False,3.849466641732413e-07,,constant_weights,,1.7154277637600899,0.0,False,False,,constant_weights,,12.847412347793579,0.2265625,False,False,,constant_weights,,5.1106977462768555,0.3671875,False,False,,constant_weights,,8.979055047035217,0.2265625,False,False,,constant_weights,,-6.607823826608069,0.724609375,False,False
confirm-U-w128-d61319-s1003-g02-uniform,10,U,128,61319,1003,uniform,False,22.255511164665222,0.04346779524348676,24.207895278930664,1.952384114265442,26.160279393196106,0.1875,0.8507367536163832,,,constant_weights,False,False,3.5266081492568713e-07,,constant_weights,,-2.2495080158114433,0.927734375,False,False,,constant_weights,,59.45298218727112,0.18359375,False,False,,constant_weights,,9.563057661056519,0.408203125,False,False,,constant_weights,,34.50801992416382,0.171875,False,False,,constant_weights,,9.089844129744165,0.431640625,False,False
confirm-U-w128-d61319-s1003-g02-uniform,20,U,128,61319,1003,uniform,False,76.23136222362518,0.14888937934301794,77.96186137199402,1.7304991483688354,79.69236052036285,0.072265625,0.9565705134828661,,,constant_weights,False,False,3.8991371791030627e-07,,constant_weights,,-3.9969149455428123,0.943359375,False,False,,constant_weights,,215.0499564409256,0.06640625,False,False,,constant_weights,,17.641037702560425,0.380859375,False,False,,constant_weights,,116.34549707174301,0.064453125,False,False,,constant_weights,,63.06569518870411,0.12890625,False,False
confirm-U-w128-d61319-s1003-g02-uniform,30,U,128,61319,1003,uniform,False,126.15848636627197,0.24640329368412495,127.0520567893982,0.8935704231262207,127.94562721252441,0.041015625,0.9860320287204196,,,constant_weights,False,False,4.246830940246582e-07,,constant_weights,,-0.12510999664664268,0.4453125,False,False,,constant_weights,,346.8701870441437,0.04296875,False,False,,constant_weights,,31.730382919311523,0.314453125,False,False,,constant_weights,,189.3002849817276,0.041015625,False,False,,constant_weights,,112.99281933135089,0.056640625,False,False
confirm-U-w128-d61319-s1003-g04-random,1,U,128,61319,1003,random,False,0.46153414249420166,0.0009014338720589876,5.993640184402466,5.532106041908264,11.52574622631073,0.478515625,0.04004375364786544,3.6641106236091745,0.8025998143184726,,False,False,4.7062834103960005e-07,,nonpositive_total_gain,,-1.2976588942110538,0.970703125,False,False,0.49358268630463775,,0.012848269586371199,3.1743011474609375,0.453125,False,False,,nonpositive_total_gain,,-0.4920363426208496,0.5,False,False,1.9959064369731676,,0.06897031914043526,1.341132402420044,0.470703125,False,False,,nonpositive_total_gain,,-12.704132892426856,0.779296875,False,False
confirm-U-w128-d61319-s1003-g04-random,3,U,128,61319,1003,random,False,5.058223605155945,0.009879342978820205,11.994929194450378,6.936705589294434,18.931634783744812,0.427734375,0.2671836670702662,0.9089352019156891,0.0011496747867485023,,False,False,4.234413305912593e-07,8.0,,33.130857407113844,0.009649500250816345,0.45703125,False,True,0.38750892539802784,,0.000837084481245939,14.731643438339233,0.384765625,False,False,8.0,,33.573902182867656,0.43336963653564453,0.494140625,False,True,0.8958546271763177,,0.001071947610964261,7.582506537437439,0.4296875,False,False,,nonpositive_total_gain,,-8.107443429765112,0.6484375,False,False
confirm-U-w128-d61319-s1003-g04-random,5,U,128,61319,1003,random,False,9.69245159626007,0.01893056952394545,22.966313123703003,13.273861527442932,36.240174651145935,0.451171875,0.26745046594176913,1.7824887420374043,0.018050348070436564,,False,False,4.76837158203125e-07,,nonpositive_total_gain,,-8.908959034830332,0.998046875,False,False,0.5908659955361844,,0.002448179170303985,36.22437834739685,0.3984375,False,False,8.0,,8.877704616408305,1.7619428634643555,0.513671875,False,True,1.142743292343464,,0.001908686525893513,18.993160605430603,0.416015625,False,False,,nonpositive_total_gain,,-3.4732154386609864,0.583984375,False,False
confirm-U-w128-d61319-s1003-g04-random,10,U,128,61319,1003,random,False,20.329303085803986,0.03970567008946091,52.59210056066513,32.262797474861145,84.85489803552628,0.4609375,0.2395772495925067,3.409686406869572,0.24908523936137644,,False,False,4.6938657760620117e-07,,nonpositive_total_gain,,-15.377593971788883,1.0,False,False,1.0864426416152342,,0.0008119696830999169,87.36373716592789,0.380859375,False,False,,nonpositive_total_gain,,-10.998237490653992,0.5546875,False,False,2.629633882197381,,0.09670586402165471,38.18274983763695,0.43359375,False,False,8.0,,5.125076246534823,7.163636050882927,0.517578125,False,True
confirm-U-w128-d61319-s1003-g04-random,20,U,128,61319,1003,random,False,48.72651708126068,0.09516897867433727,106.323113322258,57.596596240997314,163.9197095632553,0.4765625,0.29725843958049175,3.1740286182564166,0.30475846401707873,,False,False,4.3089191117950953e-07,,nonpositive_total_gain,,-7.845670849084854,0.837890625,False,False,1.50630753218197,,0.021242288697217095,152.29609525203705,0.38671875,False,False,8.0,,1299.0047652159571,1.7291370630264282,0.53125,False,True,2.9880221557578936,,0.24945225472931523,77.01261615753174,0.462890625,False,False,4.3609564926195805,,0.8350980084008679,35.56084980792104,0.5078125,False,False
confirm-U-w128-d61319-s1003-g04-random,30,U,128,61319,1003,random,False,57.41208964586258,0.11213298758957535,157.11772102117538,99.7056313753128,256.8233523964882,0.517578125,0.22354699878393003,4.067778971079778,1.0574099578699259,,False,False,5.041559537240226e-07,,nonpositive_total_gain,,-3.326533652842045,0.578125,False,False,1.904268292490097,,0.09569526416411112,182.2070250660181,0.40625,False,False,,nonpositive_total_gain,,-6.64422732591629,0.580078125,False,False,3.9894248844854405,,0.9941912122702827,87.78139887005091,0.513671875,False,False,5.112906764344286,,2.1443602852435326,44.24642235762175,0.54296875,False,False
confirm-U-w128-d61319-s1003-g04-uniform,1,U,128,61319,1003,uniform,False,2.2835261821746826,0.004460012074559927,5.951419711112976,3.6678935289382935,9.61931324005127,0.4296875,0.23738973097028618,,,constant_weights,False,False,4.221995671613299e-07,,constant_weights,,0.20195701718330383,0.30859375,False,False,,constant_weights,,5.29172682762146,0.412109375,False,False,,constant_weights,,1.3568880558013916,0.455078125,False,False,,constant_weights,,3.324307441711426,0.427734375,False,False,,constant_weights,,-10.882140852746375,0.779296875,False,False
confirm-U-w128-d61319-s1003-g04-uniform,3,U,128,61319,1003,uniform,False,14.689485311508179,0.02869040099903941,16.617972493171692,1.9284871816635132,18.546459674835205,0.224609375,0.7920371633751552,,,constant_weights,False,False,4.296501477582537e-07,,constant_weights,,0.5818117037415504,0.173828125,False,False,,constant_weights,,36.02788209915161,0.208984375,False,False,,constant_weights,,7.458756923675537,0.39453125,False,False,,constant_weights,,21.743319511413574,0.224609375,False,False,,constant_weights,,1.5238182765871215,0.509765625,False,False
confirm-U-w128-d61319-s1003-g04-uniform,5,U,128,61319,1003,uniform,False,34.36431539058685,0.06711780349723995,36.690648436546326,2.3263330459594727,39.0169814825058,0.15234375,0.8807527923705456,,,constant_weights,False,False,4.3585896492004395e-07,,constant_weights,,-4.196526393294334,0.95703125,False,False,,constant_weights,,95.84244620800018,0.14453125,False,False,,constant_weights,,11.447019577026367,0.40234375,False,False,,constant_weights,,53.644732892513275,0.140625,False,False,,constant_weights,,21.198648355665796,0.3046875,False,False
confirm-U-w128-d61319-s1003-g04-uniform,10,U,128,61319,1003,uniform,False,103.45791721343994,0.20206624455749989,105.63549363613129,2.177576422691345,107.81307005882263,0.06640625,0.9596045929959464,,,constant_weights,False,False,3.91155481338501e-07,,constant_weights,,-1.1817757673561573,0.607421875,False,False,,constant_weights,,287.702913582325,0.0625,False,False,,constant_weights,,23.852622270584106,0.369140625,False,False,,constant_weights,,155.77776792645454,0.064453125,False,False,,constant_weights,,90.29225017851886,0.09375,False,False
confirm-U-w128-d61319-s1003-g04-uniform,20,U,128,61319,1003,uniform,False,215.16234016418457,0.420238945633173,215.59921193122864,0.4368717670440674,216.0360836982727,0.015625,0.995955566685293,,,constant_weights,False,False,3.365178902758892e-07,,constant_weights,,3.190888848155737,0.208984375,False,False,,constant_weights,,570.4713940322399,0.009765625,False,False,,constant_weights,,71.82472801208496,0.228515625,False,False,,constant_weights,,321.14806102216244,0.015625,False,False,,constant_weights,,201.99667312926346,0.015625,False,False
confirm-U-w128-d61319-s1003-g04-uniform,30,U,128,61319,1003,uniform,False,338.29842418432236,0.6607391097350046,338.29842418432236,-0.0,338.29842418432236,0.0,1.0,,,constant_weights,False,False,4.1350722312927246e-07,,constant_weights,,7.4733722396194935,0.0390625,False,False,,constant_weights,,830.3489777743816,0.001953125,False,False,,constant_weights,,177.0729137659073,0.13671875,False,False,,constant_weights,,503.71094577014446,0.001953125,False,False,,constant_weights,,325.13275714940124,0.00390625,False,False
confirm-U-w256-d61103-s1001-g00-random,1,U,256,61103,1001,random,False,-0.375280499458313,-0.0007329697255045176,2.746182084083557,3.12146258354187,5.867644667625427,0.525390625,0.06395760491921283,,,nonpositive_total_gain,False,False,4.6193599700927734e-07,,nonpositive_total_gain,,-0.033655333798378706,0.73828125,False,False,,nonpositive_total_gain,,-0.21776962280273438,0.517578125,False,False,,nonpositive_total_gain,,-0.8744146823883057,0.525390625,False,False,,nonpositive_total_gain,,-0.54609215259552,0.525390625,False,False,,nonpositive_total_gain,,-2.5828393476575684,0.6484375,False,False
confirm-U-w256-d61103-s1001-g00-random,3,U,256,61103,1001,random,False,-0.9731111526489258,-0.0019006077200174332,4.468925476074219,5.4420366287231445,9.910962104797363,0.529296875,0.09818533683807498,,,nonpositive_total_gain,False,False,3.7159770727157593e-07,,nonpositive_total_gain,,-0.013762423302978277,0.580078125,False,False,,nonpositive_total_gain,,-1.1069700717926025,0.494140625,False,False,,nonpositive_total_gain,,-1.7986068725585938,0.51171875,False,False,,nonpositive_total_gain,,-1.4527884721755981,0.52734375,False,False,,nonpositive_total_gain,,-3.180670000848181,0.607421875,False,False
confirm-U-w256-d61103-s1001-g00-random,5,U,256,61103,1001,random,False,-0.19021892547607422,-0.00037152133882045746,4.886669397354126,5.0768883228302,9.963557720184326,0.5234375,0.019091466202953374,,,nonpositive_total_gain,False,False,4.2313088973421065e-07,,nonpositive_total_gain,,-0.04100108612328768,0.67578125,False,False,8.0,,4.2155315772037225,0.6386806964874268,0.486328125,False,True,,nonpositive_total_gain,,-1.1683461666107178,0.5078125,False,False,,nonpositive_total_gain,,-0.2648327350616455,0.521484375,False,False,,nonpositive_total_gain,,-2.3977777736753296,0.595703125,False,False
confirm-U-w256-d61103-s1001-g00-random,10,U,256,61103,1001,random,False,2.560038447380066,0.005000075092539191,6.994249582290649,4.4342111349105835,11.428460717201233,0.4375,0.22400553414222218,1.6733774371197305,0.026345399915073626,,False,False,3.8463622331619263e-07,,nonpositive_total_gain,,-0.2685280009172857,0.990234375,False,False,0.6253186832731785,,0.0005954734860794223,7.632203817367554,0.408203125,False,False,8.0,,35.70732656467038,0.31642770767211914,0.498046875,False,True,1.5893851935618102,,0.02154067113568686,3.9743157625198364,0.435546875,False,False,8.0,,13.732801899101592,0.3524795991808105,0.501953125,False,True
confirm-U-w256-d61103-s1001-g00-random,20,U,256,61103,1001,random,False,17.770265698432922,0.0347075501922518,32.51890969276428,14.74864399433136,47.26755368709564,0.41015625,0.37595061119662565,1.2667479543441065,0.005445348987501641,,False,False,4.3461720148664507e-07,,nonpositive_total_gain,,-5.610474336426705,1.0,False,False,0.5771300844641194,,0.0008389204879382125,63.656102657318115,0.35546875,False,False,,nonpositive_total_gain,,-4.73484206199646,0.552734375,False,False,1.0777612127429133,,0.002224724135015022,29.460630297660828,0.396484375,False,False,1.5505070712718947,,0.014803432356421231,15.562706850233665,0.4375,False,False
confirm-U-w256-d61103-s1001-g00-random,30,U,256,61103,1001,random,False,31.453105211257935,0.06143184611573815,55.33772647380829,23.884621262550354,79.22234773635864,0.396484375,0.3970231394294152,1.6380848037694484,0.02058652476534721,,False,False,4.4765571753646594e-07,,nonpositive_total_gain,,-12.173171564470977,1.0,False,False,0.7222295974955639,,0.0005870593317473571,116.1952628493309,0.328125,False,False,,nonpositive_total_gain,,-9.66278088092804,0.548828125,False,False,1.3656053628267144,,0.008711281564298262,53.26624098420143,0.37890625,False,False,1.8175175997047215,,0.03166154077128039,29.245546363058672,0.412109375,False,False
confirm-U-w256-d61103-s1001-g00-uniform,1,U,256,61103,1001,uniform,False,0.7137367725372314,0.0013940171338617802,2.076952815055847,1.3632160425186157,3.440168857574463,0.421875,0.2074714358761044,,,constant_weights,False,False,3.6352624495838634e-07,,constant_weights,,0.006035261787474155,0.326171875,False,False,,constant_weights,,1.456636905670166,0.41796875,False,False,,constant_weights,,0.6785323619842529,0.4375,False,False,,constant_weights,,1.0675846338272095,0.419921875,False,False,,constant_weights,,-1.493822075662024,0.619140625,False,False
confirm-U-w256-d61103-s1001-g00-uniform,3,U,256,61103,1001,uniform,False,1.7313085794448853,0.0033814620692282915,3.151176333427429,1.419867753982544,4.571044087409973,0.375,0.37875560732687497,,,constant_weights,False,False,3.768752018604854e-07,,constant_weights,,0.02407254697754979,0.208984375,False,False,,constant_weights,,3.24589467048645,0.3984375,False,False,,constant_weights,,1.923949956893921,0.4296875,False,False,,constant_weights,,2.5849223136901855,0.376953125,False,False,,constant_weights,,-0.47625026875437015,0.53515625,False,False
confirm-U-w256-d61103-s1001-g00-uniform,5,U,256,61103,1001,uniform,False,2.8833811283111572,0.005631603766232729,3.9942047595977783,1.110823631286621,5.105028390884399,0.263671875,0.5648119672477743,,,constant_weights,False,False,4.5355409383773804e-07,,constant_weights,,-0.0007236488163471222,0.490234375,False,False,,constant_weights,,6.152690887451172,0.318359375,False,False,,constant_weights,,2.498163938522339,0.400390625,False,False,,constant_weights,,4.325427412986755,0.263671875,False,False,,constant_weights,,0.6758222801119018,0.46875,False,False
confirm-U-w256-d61103-s1001-g00-uniform,10,U,256,61103,1001,uniform,False,11.340975642204285,0.022150343051180243,13.156553149223328,1.815577507019043,14.97213065624237,0.236328125,0.7574723933814899,,,constant_weights,False,False,4.2809794346498724e-07,,constant_weights,,-0.5033788695000112,1.0,False,False,,constant_weights,,30.73682475090027,0.25,False,False,,constant_weights,,3.7894725799560547,0.4296875,False,False,,constant_weights,,17.26314866542816,0.232421875,False,False,,constant_weights,,9.13341679400503,0.33984375,False,False
confirm-U-w256-d61103-s1001-g00-uniform,20,U,256,61103,1001,uniform,False,62.43802607059479,0.12194926966913044,64.65049982070923,2.212473750114441,66.86297357082367,0.1328125,0.933820659418597,,,constant_weights,False,False,3.8494666417671075e-07,,constant_weights,,-9.844861576799303,1.0,False,False,,constant_weights,,189.97602593898773,0.091796875,False,False,,constant_weights,,7.182896852493286,0.462890625,False,False,,constant_weights,,98.57946139574051,0.107421875,False,False,,constant_weights,,60.230467222395525,0.158203125,False,False
confirm-U-w256-d61103-s1001-g00-uniform,30,U,256,61103,1001,uniform,False,107.6616040468216,0.21027657040394843,109.03082966804504,1.3692256212234497,110.4000552892685,0.0625,0.9751952004437711,,,constant_weights,False,False,3.855675458908081e-07,,constant_weights,,-9.367101304698735,1.0,False,False,,constant_weights,,321.87703919410706,0.05859375,False,False,,constant_weights,,10.474867343902588,0.443359375,False,False,,constant_weights,,166.17595326900482,0.05078125,False,False,,constant_weights,,105.4540451986223,0.068359375,False,False
confirm-U-w256-d61103-s1001-g02-random,1,U,256,61103,1001,random,False,-1.7103525400161743,-0.0033405323047190905,4.931930184364319,6.642282724380493,11.574212908744812,0.54296875,0.14777268687738843,,,nonpositive_total_gain,False,False,3.812213738747794e-07,,nonpositive_total_gain,,-0.22125534946098924,1.0,False,False,,nonpositive_total_gain,,-1.93564772605896,0.513671875,False,False,,nonpositive_total_gain,,-2.9741618633270264,0.53125,False,False,,nonpositive_total_gain,,-2.454904794692993,0.5390625,False,False,,nonpositive_total_gain,,-3.9179113882154297,0.6015625,False,False
confirm-U-w256-d61103-s1001-g02-random,3,U,256,61103,1001,random,False,1.1052356958389282,0.0021586634684354067,5.833108305931091,4.727872610092163,10.560980916023254,0.478515625,0.10465275002647251,4.2263968438146735,0.4030161528929205,,False,False,3.644575675351702e-07,,nonpositive_total_gain,,-0.23513890290632844,0.98046875,False,False,1.5031035876280252,,0.02297546748769664,3.3946244716644287,0.447265625,False,False,8.0,,124.41717451246866,0.15621685981750488,0.4921875,False,True,3.9087761741629627,,0.31779257771070285,1.7754206657409668,0.4765625,False,False,,nonpositive_total_gain,,-1.1023231523603272,0.544921875,False,False
confirm-U-w256-d61103-s1001-g02-random,5,U,256,61103,1001,random,False,4.6838319301605225,0.00914810923859477,11.008240699768066,6.324408769607544,17.33264946937561,0.423828125,0.2702317345329232,1.151180071767533,0.002922894404876704,,False,False,4.805624485015869e-07,,nonpositive_total_gain,,-0.6817699051462114,0.998046875,False,False,0.4020641218490064,,0.0011414352631066342,16.03940200805664,0.376953125,False,False,,nonpositive_total_gain,,-1.306147575378418,0.5078125,False,False,1.0605229274679076,,0.0018588460655810414,7.366627216339111,0.419921875,False,False,2.9148836294133873,,0.1396620754971124,2.476273081961267,0.505859375,False,False
confirm-U-w256-d61103-s1001-g02-random,10,U,256,61103,1001,random,False,27.483681797981262,0.05367906601168215,46.44061243534088,18.95693063735962,65.3975430727005,0.390625,0.42025557087715776,1.23720543886831,0.004058699378046098,,False,False,4.172325134277344e-07,,nonpositive_total_gain,,-12.501099566463381,1.0,False,False,0.5272490798195761,,0.0006815035095081777,101.25847440958023,0.3125,False,False,,nonpositive_total_gain,,-6.306345224380493,0.537109375,False,False,0.9743630632351867,,0.0009288875894406847,47.47606459259987,0.365234375,False,False,1.413237251336751,,0.008294388759340722,25.276122949782,0.412109375,False,False
confirm-U-w256-d61103-s1001-g02-random,20,U,256,61103,1001,random,False,58.58527338504791,0.1144243620801717,101.44387745857239,42.858604073524475,144.30248153209686,0.396484375,0.4059893687414996,2.1389309183109035,0.07617817814443174,,False,False,4.367902874946594e-07,,nonpositive_total_gain,,-13.896744546014816,1.0,False,False,1.1141729147896173,,0.008805798372909226,197.3194416165352,0.32421875,False,False,,nonpositive_total_gain,,-7.666887044906616,0.552734375,False,False,1.9309018417234118,,0.052771445453475375,94.82627728581429,0.3828125,False,False,2.248857588186297,,0.0903054219787638,56.37771477526723,0.40234375,False,False
confirm-U-w256-d61103-s1001-g02-random,30,U,256,61103,1001,random,False,91.00411683320999,0.17774241568986326,154.14119285345078,63.137076020240784,217.27826887369156,0.412109375,0.4188367171045191,2.1942755440759947,0.11181096122258113,,False,False,4.0605664253234863e-07,,nonpositive_total_gain,,-9.241215410176665,1.0,False,False,1.2425562225030546,,0.02071392965778225,267.1819536983967,0.3359375,False,False,8.0,,16.911967213297768,15.071603924036026,0.54296875,False,True,2.1022453116892463,,0.09697124679501729,141.12677881121635,0.40625,False,False,2.262945911883597,,0.12344393293781332,88.79655798501071,0.412109375,False,False
confirm-U-w256-d61103-s1001-g02-uniform,1,U,256,61103,1001,uniform,False,1.227752685546875,0.0023979544639587402,4.147511124610901,2.919758439064026,7.067269563674927,0.42578125,0.1737237662275405,,,constant_weights,False,False,4.402051369347716e-07,,constant_weights,,-0.0934327351860702,0.900390625,False,False,,constant_weights,,2.6125476360321045,0.42578125,False,False,,constant_weights,,1.1641263961791992,0.466796875,False,False,,constant_weights,,1.8883370161056519,0.42578125,False,False,,constant_weights,,-0.9798061626523804,0.533203125,False,False
confirm-U-w256-d61103-s1001-g02-uniform,3,U,256,61103,1001,uniform,False,5.6412142515182495,0.011017996584996581,6.5975353717803955,0.956321120262146,7.5538564920425415,0.216796875,0.7467992352596152,,,constant_weights,False,False,4.1909515857696533e-07,,constant_weights,,-0.18157564802095294,0.95703125,False,False,,constant_weights,,12.930939435958862,0.22265625,False,False,,constant_weights,,4.174262523651123,0.380859375,False,False,,constant_weights,,8.552600979804993,0.21484375,False,False,,constant_weights,,3.433655403318994,0.376953125,False,False
confirm-U-w256-d61103-s1001-g02-uniform,5,U,256,61103,1001,uniform,False,20.696561217308044,0.040422971127554774,23.769931316375732,3.073370099067688,26.84330141544342,0.2421875,0.7710140007369195,,,constant_weights,False,False,4.520018895490252e-07,,constant_weights,,-1.7592208408750594,1.0,False,False,,constant_weights,,59.50728797912598,0.25390625,False,False,,constant_weights,,4.341606140136719,0.466796875,False,False,,constant_weights,,31.924447059631348,0.23046875,False,False,,constant_weights,,18.48900236910879,0.31640625,False,False
confirm-U-w256-d61103-s1001-g02-uniform,10,U,256,61103,1001,uniform,False,85.38204979896545,0.1667618160136044,86.83638334274292,1.4543335437774658,88.29071688652039,0.076171875,0.9670557994076158,,,constant_weights,False,False,3.7532299757003784e-07,,constant_weights,,-11.398822242859751,1.0,False,False,,constant_weights,,257.7445641756058,0.0625,False,False,,constant_weights,,9.800391435623169,0.443359375,False,False,,constant_weights,,133.77247780561447,0.06640625,False,False,,constant_weights,,83.17449095076617,0.095703125,False,False
confirm-U-w256-d61103-s1001-g02-uniform,20,U,256,61103,1001,uniform,False,183.70476412773132,0.35879836743697524,183.8411704301834,0.1364063024520874,183.9775767326355,0.005859375,0.9985171420900893,,,constant_weights,False,False,3.750125567025808e-07,,constant_weights,,-5.1758677321486175,1.0,False,False,,constant_weights,,533.9497438371181,0.0078125,False,False,,constant_weights,,22.34040379524231,0.373046875,False,False,,constant_weights,,278.14507381618023,0.00390625,False,False,,constant_weights,,181.497205279532,0.0078125,False,False
confirm-U-w256-d61103-s1001-g02-uniform,30,U,256,61103,1001,uniform,False,279.57818818092346,0.5460511487908661,279.6091332435608,0.0309450626373291,279.6400783061981,0.001953125,0.9997786793450727,,,constant_weights,False,False,3.582487503872578e-07,,constant_weights,,-3.23842904670164,1.0,False,False,,constant_weights,,796.7016496807337,0.001953125,False,False,,constant_weights,,45.271334767341614,0.306640625,False,False,,constant_weights,,420.98649222403765,0.001953125,False,False,,constant_weights,,277.3706292731195,0.001953125,False,False
confirm-U-w256-d61103-s1001-g04-random,1,U,256,61103,1001,random,False,-3.7140039205551147,-0.0072539139073342085,6.8848079442977905,10.598811864852905,17.483619809150696,0.583984375,0.21242763003867507,,,nonpositive_total_gain,False,False,3.8277357816696167e-07,,nonpositive_total_gain,,-1.350598864722997,1.0,False,False,,nonpositive_total_gain,,-4.360332250595093,0.552734375,False,False,,nonpositive_total_gain,,-5.431101322174072,0.576171875,False,False,,nonpositive_total_gain,,-4.8957167863845825,0.572265625,False,False,,nonpositive_total_gain,,-5.92156276875437,0.62890625,False,False
confirm-U-w256-d61103-s1001-g04-random,3,U,256,61103,1001,random,False,14.126215100288391,0.027590263867750764,24.352392554283142,10.226177453994751,34.57857000827789,0.390625,0.4085251384573354,0.8199759115049843,0.0009807507493831383,,False,False,3.880510727610753e-07,,nonpositive_total_gain,,-4.887976652476937,1.0,False,False,0.3816657905162385,,0.0012047879445694868,47.751928210258484,0.345703125,False,False,,nonpositive_total_gain,,-0.4853212833404541,0.5078125,False,False,0.6839556157865856,,0.0007741128559283462,23.633303463459015,0.375,False,False,1.0851154061998174,,0.0033924220306332997,11.918656252089136,0.421875,False,False
confirm-U-w256-d61103-s1001-g04-random,5,U,256,61103,1001,random,False,31.15118181705475,0.060842151986435056,53.68269741535187,22.53151559829712,76.21421301364899,0.390625,0.40873192263332786,1.3500780062149014,0.012335423168616189,,False,False,3.700455029759242e-07,,nonpositive_total_gain,,-16.118584514129907,1.0,False,False,0.6035544342143038,,0.00043877752119451355,118.37330186367035,0.326171875,False,False,,nonpositive_total_gain,,-8.801182508468628,0.521484375,False,False,1.055505081996555,,0.003376848381295456,54.78605967760086,0.359375,False,False,1.5025491901145305,,0.01967065514071912,28.943622968855486,0.39453125,False,False
confirm-U-w256-d61103-s1001-g04-random,10,U,256,61103,1001,random,False,55.20675051212311,0.10782568459399045,118.3918707370758,63.1851202249527,181.5769909620285,0.466796875,0.30404045259053764,3.159556882547571,0.28537240354064514,,False,False,4.2716662085329205e-07,,nonpositive_total_gain,,-18.009605350438505,1.0,False,False,1.6041465541751068,,0.040199531126821106,195.70063604414463,0.388671875,False,False,,nonpositive_total_gain,,-12.07078731060028,0.548828125,False,False,2.7983897034742813,,0.19430551429572776,91.81492436677217,0.4609375,False,False,3.3085228008363594,,0.32856695637662514,52.999191991749385,0.46875,False,False
confirm-U-w256-d61103-s1001-g04-random,20,U,256,61103,1001,random,False,137.0401644706726,0.26765657123178244,267.15091943740845,130.11075496673584,397.2616744041443,0.462890625,0.34496195656482637,2.3796812343061777,0.2960070360286506,,False,False,5.050872762257796e-07,,nonpositive_total_gain,,-9.939174418803304,0.99609375,False,False,1.1465614209417279,,0.036328116651479225,385.00952472165227,0.361328125,False,False,8.0,,22.356914347962842,36.05013555660844,0.546875,False,True,2.314626019910535,,0.27155707538753737,210.52983013913035,0.462890625,False,False,2.4210521634739273,,0.31221024608677583,134.8326060844093,0.46484375,False,False
confirm-U-w256-d61103-s1001-g04-random,30,U,256,61103,1001,random,False,267.176473736763,0.5218290502671152,412.25140738487244,145.07493364810944,557.3263410329819,0.38671875,0.47938963954505037,1.2385650474389647,0.09487145638293244,,False,False,4.836668570096236e-07,,nonpositive_total_gain,,-3.974305604118854,0.693359375,False,False,0.7174545124422866,,0.018788729495321854,575.758175750263,0.2890625,False,False,2.4378558728679756,,0.7128719596635276,229.74554948881269,0.439453125,False,False,1.2303186384992433,,0.09277377167357358,402.75186261953786,0.38671875,False,False,1.2493435452606003,,0.0976326776249582,264.9689148159205,0.384765625,False,False
confirm-U-w256-d61103-s1001-g04-uniform,1,U,256,61103,1001,uniform,False,2.0682202577590942,0.004039492690935731,6.685416221618652,4.617195963859558,11.30261218547821,0.435546875,0.1829860410867126,,,constant_weights,False,False,3.970538576432425e-07,,constant_weights,,-0.9551546475850046,1.0,False,False,,constant_weights,,5.719177961349487,0.404296875,False,False,,constant_weights,,1.4406354427337646,0.4765625,False,False,,constant_weights,,3.579906702041626,0.43359375,False,False,,constant_weights,,-0.13933859044016117,0.486328125,False,False
confirm-U-w256-d61103-s1001-g04-uniform,3,U,256,61103,1001,uniform,False,38.17745625972748,0.07456534425728023,43.47282421588898,5.295367956161499,48.768192172050476,0.212890625,0.7828351751289101,,,constant_weights,False,False,4.029522339502609e-07,,constant_weights,,-8.344358764123172,1.0,False,False,,constant_weights,,121.14616239070892,0.17578125,False,False,,constant_weights,,1.7305607795715332,0.48828125,False,False,,constant_weights,,61.43836158514023,0.205078125,False,False,,constant_weights,,35.96989741152822,0.25390625,False,False
confirm-U-w256-d61103-s1001-g04-uniform,5,U,256,61103,1001,uniform,False,95.41754746437073,0.18636239739134908,97.78281903266907,2.36527156829834,100.14809060096741,0.087890625,0.9527645199403234,,,constant_weights,False,False,4.3710072836211644e-07,,constant_weights,,-10.97748675243929,1.0,False,False,,constant_weights,,285.76946169137955,0.08984375,False,False,,constant_weights,,11.460660696029663,0.4375,False,False,,constant_weights,,148.6150611937046,0.080078125,False,False,,constant_weights,,93.20998861617144,0.107421875,False,False
confirm-U-w256-d61103-s1001-g04-uniform,10,U,256,61103,1001,uniform,False,215.10380947589874,0.42012462788261473,215.24378323554993,0.13997375965118408,215.3837569952011,0.005859375,0.9987002384803391,,,constant_weights,False,False,4.029522339410452e-07,,constant_weights,,-5.947919162455946,1.0,False,False,,constant_weights,,619.4976998269558,0.005859375,False,False,,constant_weights,,31.761642456054688,0.345703125,False,False,,constant_weights,,325.62967114150524,0.005859375,False,False,,constant_weights,,212.89625062769943,0.005859375,False,False
confirm-U-w256-d61103-s1001-g04-uniform,20,U,256,61103,1001,uniform,False,505.1107441186905,0.9865444221068174,505.1107441186905,-0.0,505.1107441186905,0.0,1.0,,,constant_weights,False,False,3.7563343835422813e-07,,constant_weights,,-5.51388507662341,0.994140625,False,False,,constant_weights,,1302.8665999975055,0.0,False,False,,constant_weights,,217.97950315475464,0.123046875,False,False,,constant_weights,,760.4230515761301,0.0,False,False,,constant_weights,,502.903184138003,0.0,False,False
confirm-U-w256-d61103-s1001-g04-uniform,30,U,256,61103,1001,uniform,False,808.941816329956,1.5799644850194454,808.941816329956,-0.0,808.941816329956,0.0,1.0,,,constant_weights,False,False,3.514190514142257e-07,,constant_weights,,-2.0613569291308522,0.669921875,False,False,,constant_weights,,1385.055841202382,0.0,False,False,,constant_weights,,1043.830957390368,0.0,False,False,,constant_weights,,1214.443399296375,0.0,False,False,,constant_weights,,806.7342572545143,0.0,False,False
confirm-U-w256-d61103-s1002-g00-random,1,U,256,61103,1002,random,False,0.061860084533691406,0.00012082047760486603,2.9287933111190796,2.866933226585388,5.795726537704468,0.501953125,0.01067339601536696,8.0,7.859562409443707,,False,True,4.377216100692749e-07,,nonpositive_total_gain,,-0.0024168211966753006,0.490234375,False,False,4.753112888439156,,0.05251832554178575,0.4640016555786133,0.505859375,False,False,,nonpositive_total_gain,,-0.27599310874938965,0.552734375,False,False,8.0,,7.616718161048237,0.09400427341461182,0.50390625,False,True,,nonpositive_total_gain,,-2.5001152532666993,0.62890625,False,False
confirm-U-w256-d61103-s1002-g00-random,3,U,256,61103,1002,random,False,-0.00627744197845459,-1.226062886416912e-05,4.484254240989685,4.49053168296814,8.974785923957825,0.5,0.000699453115833907,,,nonpositive_total_gain,False,False,4.886339108152102e-07,0.06181525622588274,,0.0006105184372926151,0.01360080111771822,0.2890625,False,False,5.410803864662666,,0.03204990454391505,0.75628662109375,0.50390625,False,False,,nonpositive_total_gain,,-0.7887201309204102,0.5234375,False,False,,nonpositive_total_gain,,-0.016216754913330078,0.5,False,False,,nonpositive_total_gain,,-2.5682527797788453,0.57421875,False,False
confirm-U-w256-d61103-s1002-g00-random,5,U,256,61103,1002,random,False,0.3694213628768921,0.0007215260993689299,4.768576622009277,4.399155259132385,9.167731881141663,0.498046875,0.0402958297282673,8.0,1.0528675636620877,,False,True,4.579002658502973e-07,2.36603762711086,,24.286465286569424,0.00011405069380998611,0.423828125,False,False,0.5992352039573685,,0.01560431013433483,2.1039767265319824,0.5,False,False,,nonpositive_total_gain,,-0.9958305358886719,0.533203125,False,False,8.0,,1.0528224592187725,0.5540730953216553,0.498046875,False,True,,nonpositive_total_gain,,-2.1925539749234986,0.56640625,False,False
confirm-U-w256-d61103-s1002-g00-random,10,U,256,61103,1002,random,False,2.168013572692871,0.004234401509165764,6.00879979133606,3.8407862186431885,9.849586009979248,0.45703125,0.22011215197230802,1.270155565931605,0.0027361580019118004,,False,False,4.246830940246582e-07,,nonpositive_total_gain,,-0.18566802982240915,0.923828125,False,False,0.38092842852029274,,0.00479862454726566,5.605696201324463,0.458984375,False,False,7.006367296313768,,0.8732830923461044,1.0840163230895996,0.494140625,False,False,1.195570398153301,,0.002921734802203672,3.3448562622070312,0.455078125,False,False,,nonpositive_total_gain,,-0.39396176510751957,0.533203125,False,False
confirm-U-w256-d61103-s1002-g00-random,20,U,256,61103,1002,random,False,11.85314953327179,0.023150682682171464,19.510708928108215,7.657559394836426,27.16826832294464,0.392578125,0.4362865307562261,0.8138250760348038,0.0007456218579602513,,False,False,3.942598899211308e-07,,nonpositive_total_gain,,-2.0927507635205984,1.0,False,False,0.3717094061397107,,0.00149737619225008,34.85269367694855,0.357421875,False,False,8.0,,2.054866486459703,2.7995073795318604,0.509765625,False,True,0.7387980635731544,,0.0009227567616149714,18.826100528240204,0.380859375,False,False,1.2582780201010202,,0.003027165713139672,9.291174195471399,0.439453125,False,False
confirm-U-w256-d61103-s1002-g00-random,30,U,256,61103,1002,random,False,17.0567786693573,0.033314020838588476,43.392263770103455,26.335485100746155,69.72774887084961,0.431640625,0.2446196664250559,3.06801588913839,0.2019608915796025,,False,False,4.2747706174850464e-07,,nonpositive_total_gain,,-9.020697600208223,1.0,False,False,1.0975078825921534,,0.003952516111746414,69.55818104743958,0.373046875,False,False,,nonpositive_total_gain,,-9.367158889770508,0.533203125,False,False,2.4795629696652726,,0.10388284206224951,30.095511078834534,0.419921875,False,False,3.7901776176113056,,0.3669094822856596,14.49480333155691,0.4375,False,False
confirm-U-w256-d61103-s1002-g00-uniform,1,U,256,61103,1002,uniform,False,0.6764482259750366,0.0013211879413574934,2.5075727701187134,1.8311245441436768,4.33869731426239,0.44921875,0.15591044430580142,,,constant_weights,False,False,6.084640820809561e-07,,constant_weights,,0.016229482367634773,0.119140625,False,False,,constant_weights,,1.1368916034698486,0.45703125,False,False,,constant_weights,,0.8762240409851074,0.44140625,False,False,,constant_weights,,1.006557822227478,0.44921875,False,False,,constant_weights,,-1.885527111825354,0.625,False,False
confirm-U-w256-d61103-s1002-g00-uniform,3,U,256,61103,1002,uniform,False,1.6316560506820679,0.003186828223988414,3.124310255050659,1.4926542043685913,4.6169644594192505,0.373046875,0.3534045074471523,,,constant_weights,False,False,4.1816383600234985e-07,,constant_weights,,0.04516581352800131,0.03515625,False,False,,constant_weights,,3.071126699447632,0.384765625,False,False,,constant_weights,,1.7786705493927002,0.412109375,False,False,,constant_weights,,2.424898624420166,0.373046875,False,False,,constant_weights,,-0.9303192871183228,0.568359375,False,False
confirm-U-w256-d61103-s1002-g00-uniform,5,U,256,61103,1002,uniform,False,2.6336612701416016,0.0051438696682453156,3.6447908878326416,1.01112961769104,4.655920505523682,0.314453125,0.5656585560292715,,,constant_weights,False,False,5.792826414108276e-07,,constant_weights,,0.04109916742891073,0.169921875,False,False,,constant_weights,,5.20575475692749,0.3359375,False,False,,constant_weights,,2.6541337966918945,0.384765625,False,False,,constant_weights,,3.9299442768096924,0.314453125,False,False,,constant_weights,,0.0716859323412109,0.509765625,False,False
confirm-U-w256-d61103-s1002-g00-uniform,10,U,256,61103,1002,uniform,False,7.143088102340698,0.013951343949884176,8.027226209640503,0.8841381072998047,8.911364316940308,0.205078125,0.801570651618613,,,constant_weights,False,False,4.7093878189664873e-07,,constant_weights,,-0.1361592337489128,0.89453125,False,False,,constant_weights,,16.548773527145386,0.19140625,False,False,,constant_weights,,5.01665735244751,0.34765625,False,False,,constant_weights,,10.782715439796448,0.203125,False,False,,constant_weights,,4.581112764540308,0.341796875,False,False
confirm-U-w256-d61103-s1002-g00-uniform,20,U,256,61103,1002,uniform,False,56.49282956123352,0.11033755773678422,58.84272813796997,2.34989857673645,61.19262671470642,0.123046875,0.9231966757141445,,,constant_weights,False,False,3.7656476100517144e-07,,constant_weights,,-9.861261338926852,1.0,False,False,,constant_weights,,170.15994477272034,0.111328125,False,False,,constant_weights,,9.179809331893921,0.416015625,False,False,,constant_weights,,89.66987705230713,0.1015625,False,False,,constant_weights,,53.93085422343312,0.150390625,False,False
confirm-U-w256-d61103-s1002-g00-uniform,30,U,256,61103,1002,uniform,False,102.45458519458771,0.20010661170817912,103.99234533309937,1.5377601385116577,105.53010547161102,0.05859375,0.970856465429662,,,constant_weights,False,False,4.0822972852128103e-07,,constant_weights,,-9.987419209443033,1.0,False,False,,constant_weights,,305.23825442790985,0.056640625,False,False,,constant_weights,,12.112916707992554,0.423828125,False,False,,constant_weights,,158.6755855679512,0.044921875,False,False,,constant_weights,,99.89260985678727,0.068359375,False,False
confirm-U-w256-d61103-s1002-g02-random,1,U,256,61103,1002,random,False,-0.7105332612991333,-0.0013877602759748697,4.997471332550049,5.708004593849182,10.705475926399231,0.517578125,0.06637101107733002,,,nonpositive_total_gain,False,False,5.255763729414796e-07,,nonpositive_total_gain,,-0.05561923049390316,0.8359375,False,False,,nonpositive_total_gain,,-0.2979886531829834,0.509765625,False,False,,nonpositive_total_gain,,-1.7779769897460938,0.55859375,False,False,,nonpositive_total_gain,,-1.0379828214645386,0.517578125,False,False,,nonpositive_total_gain,,-3.272508599099524,0.59765625,False,False
confirm-U-w256-d61103-s1002-g02-random,3,U,256,61103,1002,random,False,1.2744708061218262,0.0024892007932066917,5.364565372467041,4.090094566345215,9.454659938812256,0.453125,0.13479816454212226,2.5211945719485898,0.011984766266329527,,False,False,4.3275455633914883e-07,,nonpositive_total_gain,,-0.14711976516991854,0.89453125,False,False,0.5786000816664787,,0.005817937053795982,3.2919561862945557,0.443359375,False,False,8.0,,1.9543428684577389,0.6785776615142822,0.478515625,False,True,2.3524447889254003,,0.00867082556646315,1.985266923904419,0.44921875,False,False,,nonpositive_total_gain,,-1.2875045316785645,0.533203125,False,False
confirm-U-w256-d61103-s1002-g02-random,5,U,256,61103,1002,random,False,3.505064368247986,0.006845828844234347,7.631649732589722,4.126585364341736,11.758235096931458,0.419921875,0.29809442823291576,0.9461080208194013,0.0016936313920313426,,False,False,4.1350722312927246e-07,,nonpositive_total_gain,,-0.4898667586967349,1.0,False,False,0.32729271557288764,,0.0033791851342642306,9.50342059135437,0.396484375,False,False,7.259216715805721,,0.8540443093386232,1.501638412475586,0.509765625,False,False,0.8642688435401586,,0.0020648386760295707,5.502529501914978,0.412109375,False,False,6.8823440247741425,,0.8825043749590537,0.9430890304475952,0.501953125,False,False
confirm-U-w256-d61103-s1002-g02-random,10,U,256,61103,1002,random,False,18.14210045337677,0.035433789948001504,33.57019305229187,15.4280925989151,48.99828565120697,0.396484375,0.3702599022039433,1.5315775806953669,0.014008425985353666,,False,False,4.7621627649596654e-07,,nonpositive_total_gain,,-6.792045469395816,1.0,False,False,0.60198474403156,,0.0002906415487531321,62.193533301353455,0.349609375,False,False,,nonpositive_total_gain,,-0.9751954078674316,0.49609375,False,False,1.2797680758381258,,0.005492740240181844,30.60916894674301,0.37890625,False,False,1.913595373706844,,0.03728104038248333,15.58012511557638,0.4140625,False,False
confirm-U-w256-d61103-s1002-g02-random,20,U,256,61103,1002,random,False,43.38090270757675,0.08472832560073584,93.72890883684158,50.34800612926483,144.07691496610641,0.44921875,0.30109544417842343,3.216955901439757,0.27752577831388003,,False,False,4.5727938413619995e-07,,nonpositive_total_gain,,-17.478453998453915,1.0,False,False,1.1869207558921362,,0.008723656329633154,170.1401852965355,0.345703125,False,False,,nonpositive_total_gain,,-22.519023895263672,0.568359375,False,False,2.7386403984870746,,0.17134290341098937,73.81058070063591,0.431640625,False,False,3.4730794105412226,,0.3444542482208224,40.818927488985636,0.453125,False,False
confirm-U-w256-d61103-s1002-g02-random,30,U,256,61103,1002,random,False,70.9989595413208,0.1386698428541422,159.9825894832611,88.98362994194031,248.96621942520142,0.5,0.2851750719645381,3.406459355902595,0.4895662303055519,,False,False,4.3213367462158203e-07,,nonpositive_total_gain,,-11.391257234849036,1.0,False,False,1.4105662486412434,,0.03544527295921194,239.75804302841425,0.375,False,False,,nonpositive_total_gain,,-15.36990937590599,0.5546875,False,False,3.199066192940272,,0.4109061036671907,112.19406682625413,0.494140625,False,False,3.5569523522230204,,0.5505006401019178,68.43698412901458,0.501953125,False,False
confirm-U-w256-d61103-s1002-g02-uniform,1,U,256,61103,1002,uniform,False,1.3071506023406982,0.0025530285201966763,3.2736682891845703,1.966517686843872,5.240185976028442,0.408203125,0.2494473685324033,,,constant_weights,False,False,4.591420292854309e-07,,constant_weights,,-0.12101765908300877,0.9765625,False,False,,constant_weights,,2.530282497406006,0.3984375,False,False,,constant_weights,,1.5121750831604004,0.43359375,False,False,,constant_weights,,2.021228790283203,0.40234375,False,False,,constant_weights,,-1.2548247354596924,0.591796875,False,False
confirm-U-w256-d61103-s1002-g02-uniform,3,U,256,61103,1002,uniform,False,4.51088273525238,0.008810317842289805,5.615254998207092,1.104372262954712,6.719627261161804,0.24609375,0.67129954682523,,,constant_weights,False,False,4.25303975742225e-07,,constant_weights,,-0.13630988355726004,0.892578125,False,False,,constant_weights,,9.724636554718018,0.240234375,False,False,,constant_weights,,3.944314956665039,0.3671875,False,False,,constant_weights,,6.834475755691528,0.244140625,False,False,,constant_weights,,1.9489073974519897,0.40625,False,False
confirm-U-w256-d61103-s1002-g02-uniform,5,U,256,61103,1002,uniform,False,14.93758487701416,0.02917497046291828,16.783735275268555,1.8461503982543945,18.62988567352295,0.201171875,0.8018076513611494,,,constant_weights,False,False,4.498288035392761e-07,,constant_weights,,-0.7576524876058102,1.0,False,False,,constant_weights,,39.10645914077759,0.2109375,False,False,,constant_weights,,6.463932991027832,0.388671875,False,False,,constant_weights,,22.78519606590271,0.1953125,False,False,,constant_weights,,12.37560953921377,0.298828125,False,False
confirm-U-w256-d61103-s1002-g02-uniform,10,U,256,61103,1002,uniform,False,81.6424742937088,0.1594579576049,82.90897190570831,1.2664976119995117,84.17546951770782,0.048828125,0.9699081544954595,,,constant_weights,False,False,4.380320509367319e-07,,constant_weights,,-12.7241638218984,1.0,False,False,,constant_weights,,245.6364630460739,0.0546875,False,False,,constant_weights,,12.015130758285522,0.4140625,False,False,,constant_weights,,128.82579690217972,0.044921875,False,False,,constant_weights,,79.08049895590838,0.064453125,False,False
confirm-U-w256-d61103-s1002-g02-uniform,20,U,256,61103,1002,uniform,False,186.65174186229706,0.36455418332479894,186.9370483160019,0.285306453704834,187.22235476970673,0.013671875,0.9969522180825492,,,constant_weights,False,False,4.234413306103413e-07,,constant_weights,,-5.422879576683044,1.0,False,False,,constant_weights,,538.1944080889225,0.01171875,False,False,,constant_weights,,27.183691263198853,0.35546875,False,False,,constant_weights,,282.6890496760607,0.01171875,False,False,,constant_weights,,184.0897665244966,0.017578125,False,False
confirm-U-w256-d61103-s1002-g02-uniform,30,U,256,61103,1002,uniform,False,288.90820014476776,0.5642738284077495,288.90820014476776,-0.0,288.90820014476776,0.0,1.0,,,constant_weights,False,False,4.327545563009849e-07,,constant_weights,,-3.1614520233124495,1.0,False,False,,constant_weights,,813.6491076797247,0.001953125,False,False,,constant_weights,,56.23695087432861,0.287109375,False,False,,constant_weights,,434.94302927702665,0.0,False,False,,constant_weights,,286.3462248069673,0.0,False,False
confirm-U-w256-d61103-s1002-g04-random,1,U,256,61103,1002,random,False,-0.5057898759841919,-0.0009878708515316248,5.133513569831848,5.63930344581604,10.772817015647888,0.525390625,0.04695056782729296,,,nonpositive_total_gain,False,False,4.026417930909354e-07,,nonpositive_total_gain,,-1.8029444953426719,1.0,False,False,2.673234957884436,,0.09027399047720397,1.262223720550537,0.501953125,False,False,,nonpositive_total_gain,,-0.9766509532928467,0.52734375,False,False,8.0,,42.6344522483425,0.14278638362884521,0.509765625,False,True,,nonpositive_total_gain,,-3.0677652137845826,0.564453125,False,False
confirm-U-w256-d61103-s1002-g04-random,3,U,256,61103,1002,random,False,7.566237092018127,0.014777806820347905,15.088628649711609,7.5223915576934814,22.61102020740509,0.396484375,0.33462608155735457,0.9373049692993571,0.0009239776828830333,,False,False,3.9674341678619385e-07,,nonpositive_total_gain,,-2.3342203916981816,1.0,False,False,0.3261707737069336,,0.0031033484797802066,23.73410940170288,0.37109375,False,False,8.0,,7.309416433791341,1.298816442489624,0.501953125,False,True,0.7834795612700955,,0.0013871369534540455,12.516462922096252,0.38671875,False,False,1.9243070017081676,,0.018805064444133865,5.004261754217737,0.44921875,False,False
confirm-U-w256-d61103-s1002-g04-random,5,U,256,61103,1002,random,False,28.18553340435028,0.05504986993037164,41.66744565963745,13.48191225528717,55.14935791492462,0.33984375,0.5110763655277781,0.868308553036623,0.0003274522709556767,,False,False,4.709387818879751e-07,,nonpositive_total_gain,,-16.451997180469334,1.0,False,False,0.3601063253423197,,0.0008967805193570893,99.42341649532318,0.25390625,False,False,8.0,,43.7799415611347,1.5851750373840332,0.49609375,False,True,0.6459037005325539,,0.0006575462885839398,50.50429576635361,0.302734375,False,False,1.0292681139163342,,0.0008350133118371879,25.62355806654989,0.357421875,False,False
confirm-U-w256-d61103-s1002-g04-random,10,U,256,61103,1002,random,False,49.83206784725189,0.09732825751416385,108.30824732780457,58.47617948055267,166.78442680835724,0.44140625,0.29878129991423696,3.235665462361342,0.29388296648065304,,False,False,4.4579307240111277e-07,,nonpositive_total_gain,,-20.686545782722533,1.0,False,False,1.2427564946623968,,0.012470432783866503,197.09064763784409,0.353515625,False,False,,nonpositive_total_gain,,-26.907891750335693,0.5625,False,False,2.731131204626986,,0.1756749346619806,85.0913779437542,0.41796875,False,False,3.4549569320534435,,0.353865560478765,47.2700923902422,0.44921875,False,False
confirm-U-w256-d61103-s1002-g04-random,20,U,256,61103,1002,random,False,115.2619080543518,0.22512091416865587,260.4188185930252,145.1569105386734,405.5757291316986,0.4921875,0.28419330787154656,2.697317369834406,0.5496253848422599,,False,False,4.892547924573165e-07,,nonpositive_total_gain,,-15.73255769815296,1.0,False,False,1.1535548139747638,,0.0371632709896486,355.99667206034064,0.36328125,False,False,8.0,,1385.5562149732307,5.521597340703011,0.5234375,False,True,2.5671101075031424,,0.4728385851097398,180.75913470052183,0.4921875,False,False,2.760255602344421,,0.5886057489152838,112.69993219128543,0.5,False,False
confirm-U-w256-d61103-s1002-g04-random,30,U,256,61103,1002,random,False,265.7986522912979,0.5191379927564412,400.9550191164017,135.15636682510376,536.1113859415054,0.390625,0.4957899780929087,1.1789059201754992,0.08752083680003589,,False,False,6.423021357004899e-07,,nonpositive_total_gain,,-7.894010968506336,0.814453125,False,False,0.6845900294366443,,0.015150285265561558,566.527074245736,0.2734375,False,False,2.1433887833202863,,0.6332695934630266,238.76289693266153,0.443359375,False,False,1.1633964365129068,,0.08345149184622544,402.64498558919877,0.390625,False,False,1.1907416540571445,,0.09059576615118846,263.2366783625885,0.390625,False,False
confirm-U-w256-d61103-s1002-g04-uniform,1,U,256,61103,1002,uniform,False,0.6855738162994385,0.0013390113599598408,6.2340357303619385,5.5484619140625,11.782497644424438,0.4453125,0.05818578004332187,,,constant_weights,False,False,4.448617498082827e-07,,constant_weights,,-0.8803179301321507,1.0,False,False,,constant_weights,,3.0895321369171143,0.451171875,False,False,,constant_weights,,-0.15249180793762207,0.4765625,False,False,,constant_weights,,1.468520164489746,0.439453125,False,False,,constant_weights,,-1.8764015215009522,0.525390625,False,False
confirm-U-w256-d61103-s1002-g04-uniform,3,U,256,61103,1002,uniform,False,31.88365125656128,0.06227275636047125,34.78365874290466,2.900007486343384,37.68366622924805,0.193359375,0.8460867650880236,,,constant_weights,False,False,4.929800828251674e-07,,constant_weights,,-7.242443467490375,1.0,False,False,,constant_weights,,96.60053086280823,0.162109375,False,False,,constant_weights,,6.292859792709351,0.43359375,False,False,,constant_weights,,51.44669532775879,0.166015625,False,False,,constant_weights,,29.32167591876089,0.22265625,False,False
confirm-U-w256-d61103-s1002-g04-uniform,5,U,256,61103,1002,uniform,False,94.34856379032135,0.1842745386529714,96.19793701171875,1.8493732213974,98.04731023311615,0.064453125,0.9622759009502586,,,constant_weights,False,False,4.104028145449079e-07,,constant_weights,,-11.659794147126377,1.0,False,False,,constant_weights,,280.5965800881386,0.05078125,False,False,,constant_weights,,14.10890507698059,0.412109375,False,False,,constant_weights,,147.35274258255959,0.0546875,False,False,,constant_weights,,91.78658845252093,0.064453125,False,False
confirm-U-w256-d61103-s1002-g04-uniform,10,U,256,61103,1002,uniform,False,225.61947524547577,0.44066303758881986,225.72791373729706,0.10843849182128906,225.83635222911835,0.00390625,0.9990396719504991,,,constant_weights,False,False,4.929800828668007e-07,,constant_weights,,-4.947270467877388,1.0,False,False,,constant_weights,,640.6875423789024,0.0,False,False,,constant_weights,,41.1181480884552,0.326171875,False,False,,constant_weights,,340.9028452336788,0.00390625,False,False,,constant_weights,,223.05749990767532,0.00390625,False,False
confirm-U-w256-d61103-s1002-g04-uniform,20,U,256,61103,1002,uniform,False,536.4330722689629,1.047720844275318,536.4330722689629,-0.0,536.4330722689629,0.0,1.0,,,constant_weights,False,False,3.688037395477295e-07,,constant_weights,,-4.058787127956748,0.9765625,False,False,,constant_weights,,1285.2530348021537,0.0,False,False,,constant_weights,,328.104966878891,0.080078125,False,False,,constant_weights,,806.6790008405223,0.0,False,False,,constant_weights,,533.8710970801742,0.0,False,False
confirm-U-w256-d61103-s1002-g04-uniform,30,U,256,61103,1002,uniform,False,811.026898264885,1.5840369106736034,811.026898264885,-0.0,811.026898264885,0.0,1.0,,,constant_weights,False,False,3.2751510548045815e-07,,constant_weights,,-2.0260474886745214,0.701171875,False,False,,constant_weights,,1381.6521917898208,0.0,False,False,,constant_weights,,1053.4545487388968,0.0,False,False,,constant_weights,,1217.5533702643588,0.0,False,False,,constant_weights,,808.4649227780733,0.0,False,False
confirm-U-w256-d61103-s1003-g00-random,1,U,256,61103,1003,random,False,0.16583895683288574,0.00032390421256422997,2.6892203092575073,2.5233813524246216,5.212601661682129,0.5,0.03181500670806463,3.279144271636155,0.5379976543147532,,False,False,4.6938657760620117e-07,0.07709210747463764,,0.0019704322889131935,0.00794325489550829,0.3203125,False,False,,nonpositive_total_gain,,-0.06708240509033203,0.529296875,False,False,0.280865773135652,,0.31163326726790636,0.5566558837890625,0.4921875,False,False,3.3298761693607863,,0.5592680193252956,0.24478673934936523,0.5,False,False,,nonpositive_total_gain,,-2.3658827322095703,0.634765625,False,False
confirm-U-w256-d61103-s1003-g00-random,3,U,256,61103,1003,random,False,0.7264515161514282,0.0014188506174832582,3.7603070735931396,3.0338555574417114,6.794162631034851,0.462890625,0.10692289184145994,1.1020048760722383,0.011856194236561939,,False,False,3.6973506212234497e-07,0.24045345992227773,,0.005431682692858176,0.01033177599310875,0.357421875,False,False,0.4717630111262473,,0.007089895385013798,1.730391025543213,0.466796875,False,False,5.37902146565723,,0.6291600526313562,0.4386284351348877,0.470703125,False,False,1.1077938806965113,,0.012023956847352364,1.0845097303390503,0.462890625,False,False,,nonpositive_total_gain,,-1.8052701728910279,0.587890625,False,False
confirm-U-w256-d61103-s1003-g00-random,5,U,256,61103,1003,random,False,1.3113179206848145,0.0025611678138375282,4.262619256973267,2.951301336288452,7.213920593261719,0.44921875,0.18177604032815006,0.6894188555480452,0.002832974505878913,,False,False,4.4455130894863193e-07,,nonpositive_total_gain,,-0.013347241096198559,0.54296875,False,False,0.3731166034909067,,0.0013957533076219095,2.7800676822662354,0.455078125,False,False,2.0803823741596514,,0.04293910819084483,1.1672356128692627,0.46484375,False,False,0.6840421912220871,,0.00282218282379125,1.973651647567749,0.44921875,False,False,,nonpositive_total_gain,,-1.2204037683576416,0.544921875,False,False
confirm-U-w256-d61103-s1003-g00-random,10,U,256,61103,1003,random,False,2.795412540435791,0.005459790118038654,5.779711127281189,2.984298586845398,8.764009714126587,0.41015625,0.31896502076325906,0.6190946107365929,0.0012848600926673678,,False,False,3.7066638469696045e-07,,nonpositive_total_gain,,-0.22399751655757427,0.916015625,False,False,0.3350380811096494,,0.0007722521190078652,6.445516109466553,0.423828125,False,False,2.1251609984043123,,0.025099121026512575,2.164715051651001,0.45703125,False,False,0.5927117519335181,,0.0013427519236478343,4.305115580558777,0.404296875,False,False,8.0,,6.8475366745813435,0.2636908513933349,0.51171875,False,True
confirm-U-w256-d61103-s1003-g00-random,20,U,256,61103,1003,random,False,5.340053081512451,0.010429791174829006,22.769914150238037,17.429861068725586,40.19977521896362,0.431640625,0.1328378841032266,5.0443307098837,0.6207748076431507,,False,False,4.5821070671081543e-07,,nonpositive_total_gain,,-3.131648979149759,1.0,False,False,1.4756366215325918,,0.020123996570919813,24.758493423461914,0.375,False,False,,nonpositive_total_gain,,-5.606690168380737,0.55078125,False,False,4.103993799966919,,0.33792703798914514,9.575901627540588,0.4296875,False,False,8.0,,3.716353389726434,2.808331392469995,0.466796875,False,True
confirm-U-w256-d61103-s1003-g00-random,30,U,256,61103,1003,random,False,8.472687005996704,0.016548216808587313,42.68603301048279,34.213346004486084,76.89937901496887,0.48046875,0.11017887419282607,8.0,2.259000535878079,,False,True,4.166116317101676e-07,,nonpositive_total_gain,,-11.646758397109807,1.0,False,False,1.8967945188855366,,0.027949357851888193,54.7762376666069,0.369140625,False,False,,nonpositive_total_gain,,-17.711422085762024,0.5625,False,False,5.717423929063437,,0.76324224767677,18.53240779042244,0.453125,False,False,8.0,,5.547158519437958,5.940965316954244,0.484375,False,True
confirm-U-w256-d61103-s1003-g00-uniform,1,U,256,61103,1003,uniform,False,0.6662595272064209,0.0013012881390750408,2.5056800842285156,1.8394205570220947,4.34510064125061,0.455078125,0.15333581019533246,,,constant_weights,False,False,4.6659260988235474e-07,,constant_weights,,0.01393935177475214,0.189453125,False,False,,constant_weights,,1.0921707153320312,0.462890625,False,False,,constant_weights,,0.8926801681518555,0.466796875,False,False,,constant_weights,,0.9924254417419434,0.455078125,False,False,,constant_weights,,-1.8654621618360352,0.623046875,False,False
confirm-U-w256-d61103-s1003-g00-uniform,3,U,256,61103,1003,uniform,False,1.5625081062316895,0.0030517736449837685,2.891022801399231,1.3285146951675415,4.2195374965667725,0.3359375,0.37030316889067216,,,constant_weights,False,False,4.280979434647704e-07,,constant_weights,,0.02900003921240568,0.208984375,False,False,,constant_weights,,3.0683698654174805,0.38671875,False,False,,constant_weights,,1.590151071548462,0.427734375,False,False,,constant_weights,,2.329260468482971,0.333984375,False,False,,constant_weights,,-0.9692135828107666,0.546875,False,False
confirm-U-w256-d61103-s1003-g00-uniform,5,U,256,61103,1003,uniform,False,2.59419584274292,0.0050667887553572655,3.6749597787857056,1.0807639360427856,4.755723714828491,0.310546875,0.5454891827828724,,,constant_weights,False,False,4.1909515857696533e-07,,constant_weights,,0.010042350739240646,0.400390625,False,False,,constant_weights,,5.019703388214111,0.33984375,False,False,,constant_weights,,2.752849578857422,0.373046875,False,False,,constant_weights,,3.8862764835357666,0.310546875,False,False,,constant_weights,,0.06247415370046383,0.4921875,False,False
confirm-U-w256-d61103-s1003-g00-uniform,10,U,256,61103,1003,uniform,False,6.541383981704712,0.012776140589267015,7.38744044303894,0.8460564613342285,8.233496904373169,0.197265625,0.7944842947873458,,,constant_weights,False,False,4.159907499960702e-07,,constant_weights,,-0.2289501093327999,0.962890625,False,False,,constant_weights,,15.076554536819458,0.21875,False,False,,constant_weights,,4.776538610458374,0.37890625,False,False,,constant_weights,,9.926546573638916,0.1953125,False,False,,constant_weights,,4.009662292662256,0.37109375,False,False
confirm-U-w256-d61103-s1003-g00-uniform,20,U,256,61103,1003,uniform,False,46.97936677932739,0.09175657574087381,49.84993278980255,2.8705660104751587,52.72049880027771,0.158203125,0.8911024714940657,,,constant_weights,False,False,4.8832346995209e-07,,constant_weights,,-7.69663593173027,1.0,False,False,,constant_weights,,142.2306705713272,0.123046875,False,False,,constant_weights,,6.4040608406066895,0.466796875,False,False,,constant_weights,,74.31736570596695,0.1328125,False,False,,constant_weights,,44.44764509028493,0.189453125,False,False
confirm-U-w256-d61103-s1003-g00-uniform,30,U,256,61103,1003,uniform,False,92.1118974685669,0.17990604974329472,93.9649658203125,1.8530683517456055,95.8180341720581,0.06640625,0.9613210943481038,,,constant_weights,False,False,4.2902926604415637e-07,,constant_weights,,-10.792784103192389,1.0,False,False,,constant_weights,,278.5729293823242,0.064453125,False,False,,constant_weights,,8.555546283721924,0.45703125,False,False,,constant_weights,,143.56423783302307,0.05859375,False,False,,constant_weights,,89.58017577952441,0.078125,False,False
confirm-U-w256-d61103-s1003-g02-random,1,U,256,61103,1003,random,False,0.2130136489868164,0.0004160422831773758,4.4834229946136475,4.270409345626831,8.753832340240479,0.49609375,0.024333759284789393,4.88708718161189,0.9627063193408648,,False,False,4.6690305074070446e-07,,nonpositive_total_gain,,-0.0752559071406722,0.900390625,False,False,6.678926877645169,,11.065199175109647,0.13481950759887695,0.505859375,False,False,3.5277303776142768,,0.30354273425168765,0.5794646739959717,0.494140625,False,False,4.425294638047096,,0.6899030799746707,0.3571420907974243,0.49609375,False,False,,nonpositive_total_gain,,-2.3187080400556397,0.587890625,False,False
confirm-U-w256-d61103-s1003-g02-random,3,U,256,61103,1003,random,False,2.1737470626831055,0.00424559973180294,4.963639974594116,2.7898929119110107,7.753532886505127,0.421875,0.2803556900450464,0.6095160939071729,0.0007609964904099798,,False,False,4.799415667852127e-07,,nonpositive_total_gain,,-0.16393789742141962,0.908203125,False,False,0.3538083720377785,,0.0013851040533456355,5.080984115600586,0.40625,False,False,2.071374877930686,,0.028419760359073464,1.6042015552520752,0.44921875,False,False,0.5863396179056612,,0.000750186068260334,3.3425928354263306,0.419921875,False,False,,nonpositive_total_gain,,-0.3579746263593506,0.517578125,False,False
confirm-U-w256-d61103-s1003-g02-random,5,U,256,61103,1003,random,False,2.239282488822937,0.004373598610982299,9.585503220558167,7.3462207317352295,16.931723952293396,0.38671875,0.1322536615369061,2.929921483633822,0.34302775939194186,,False,False,4.3834249178597434e-07,,nonpositive_total_gain,,-0.5044464226812124,0.994140625,False,False,2.028211497446342,,0.3054628926894454,6.049312114715576,0.357421875,False,False,6.812214594702235,,0.47500390015550076,1.1729812622070312,0.458984375,False,False,2.6680248877841266,,0.2696511687601369,3.6111466884613037,0.38671875,False,False,,nonpositive_total_gain,,-0.2924392002195191,0.46875,False,False
confirm-U-w256-d61103-s1003-g02-random,10,U,256,61103,1003,random,False,18.67256510257721,0.03646985371597111,32.341747999191284,13.669182896614075,46.01093089580536,0.3984375,0.4058288919401002,1.232837981794416,0.000708091803838702,,False,False,3.6942462126876574e-07,,nonpositive_total_gain,,-7.465174020268023,1.0,False,False,0.5137663521469376,,0.0012252394094613495,62.29852640628815,0.333984375,False,False,8.0,,40.838793844672644,1.184342622756958,0.51953125,False,True,0.9743363882696812,,0.0005626498931125533,31.741434514522552,0.380859375,False,False,1.5903599518455374,,0.0043055815078490225,16.14084341353475,0.419921875,False,False
confirm-U-w256-d61103-s1003-g02-random,20,U,256,61103,1003,random,False,39.044758677482605,0.07625929429195821,79.05358254909515,40.00882387161255,119.0624064207077,0.435546875,0.3279352387647678,2.859174717875291,0.1298740260216019,,False,False,4.7124922275543213e-07,,nonpositive_total_gain,,-17.390518481843174,1.0,False,False,1.1652009306675106,,0.003619941665537927,139.58063447475433,0.341796875,False,False,,nonpositive_total_gain,,-5.05583131313324,0.533203125,False,False,2.3777434964434523,,0.06777576215820307,67.26240158081055,0.4140625,False,False,3.114101322445387,,0.1709112878281254,36.513037226858714,0.4453125,False,False
confirm-U-w256-d61103-s1003-g02-random,30,U,256,61103,1003,random,False,55.823275208473206,0.10902983439154923,122.48757934570312,66.66430413722992,189.15188348293304,0.44921875,0.2951240779662132,3.266339716393207,0.3439111961633102,,False,False,4.5262277126312256e-07,,nonpositive_total_gain,,-10.429219737648964,1.0,False,False,1.507293462564728,,0.027405877650091812,187.37309498339891,0.353515625,False,False,,nonpositive_total_gain,,-9.474038779735565,0.53125,False,False,3.0535451722657982,,0.275818633337734,88.94952810183167,0.447265625,False,False,3.4350412354048565,,0.40192586080905235,53.29155344492492,0.455078125,False,False
confirm-U-w256-d61103-s1003-g02-uniform,1,U,256,61103,1003,uniform,False,1.1540082693099976,0.002253922400996089,3.7130470275878906,2.559038758277893,6.272085785865784,0.4375,0.18399114883131354,,,constant_weights,False,False,4.0605664253234863e-07,,constant_weights,,-0.06258737202733755,0.8984375,False,False,,constant_weights,,1.649139642715454,0.44921875,False,False,,constant_weights,,1.8754775524139404,0.451171875,False,False,,constant_weights,,1.7623085975646973,0.4375,False,False,,constant_weights,,-1.3777134197324585,0.556640625,False,False
confirm-U-w256-d61103-s1003-g02-uniform,3,U,256,61103,1003,uniform,False,4.233612537384033,0.00826877448707819,5.423993110656738,1.190380573272705,6.614373683929443,0.2734375,0.6400624971749319,,,constant_weights,False,False,4.830459753670836e-07,,constant_weights,,-0.12123510893434286,0.869140625,False,False,,constant_weights,,9.411891222000122,0.28515625,False,False,,constant_weights,,3.410194158554077,0.4140625,False,False,,constant_weights,,6.4110426902771,0.26953125,False,False,,constant_weights,,1.7018908483415771,0.421875,False,False
confirm-U-w256-d61103-s1003-g02-uniform,5,U,256,61103,1003,uniform,False,12.210455298423767,0.02384854550473392,13.636489629745483,1.4260343313217163,15.0625239610672,0.203125,0.810651344355348,,,constant_weights,False,False,4.138176639897906e-07,,constant_weights,,-1.0183299342170358,1.0,False,False,,constant_weights,,31.6408371925354,0.1953125,False,False,,constant_weights,,6.008856534957886,0.412109375,False,False,,constant_weights,,18.824846863746643,0.19921875,False,False,,constant_weights,,9.678733609381311,0.314453125,False,False
confirm-U-w256-d61103-s1003-g02-uniform,10,U,256,61103,1003,uniform,False,70.05784332752228,0.13683172524906695,72.01804208755493,1.9601987600326538,73.97824084758759,0.080078125,0.947006072662065,,,constant_weights,False,False,4.818042119436594e-07,,constant_weights,,-12.685283708386123,1.0,False,False,,constant_weights,,213.41448783874512,0.068359375,False,False,,constant_weights,,9.44433069229126,0.451171875,False,False,,constant_weights,,111.42940926551819,0.0703125,False,False,,constant_weights,,67.52612163847982,0.099609375,False,False
confirm-U-w256-d61103-s1003-g02-uniform,20,U,256,61103,1003,uniform,False,167.77182519435883,0.3276793460827321,168.27059662342072,0.49877142906188965,168.7693680524826,0.009765625,0.9940893133058745,,,constant_weights,False,False,5.345791578292847e-07,,constant_weights,,-7.381318622268736,1.0,False,False,,constant_weights,,491.5520036816597,0.01171875,False,False,,constant_weights,,19.14478874206543,0.39453125,False,False,,constant_weights,,255.34839621186256,0.009765625,False,False,,constant_weights,,165.2401035053163,0.01171875,False,False
confirm-U-w256-d61103-s1003-g02-uniform,30,U,256,61103,1003,uniform,False,271.56479346752167,0.5303999872412533,271.6607698202133,0.09597635269165039,271.75674617290497,0.001953125,0.999293659833338,,,constant_weights,False,False,4.653508464680378e-07,,constant_weights,,-4.910597416572273,1.0,False,False,,constant_weights,,784.9144946038723,0.00390625,False,False,,constant_weights,,34.69048547744751,0.328125,False,False,,constant_weights,,409.8024900406599,0.001953125,False,False,,constant_weights,,269.0330718380838,0.001953125,False,False
confirm-U-w256-d61103-s1003-g04-random,1,U,256,61103,1003,random,False,-0.7890889644622803,-0.0015411893837153912,5.937700152397156,6.726789116859436,12.664489269256592,0.5078125,0.06230720779066995,,,nonpositive_total_gain,False,False,5.311643083887388e-07,,nonpositive_total_gain,,-1.1469750693067908,1.0,False,False,0.404397210147617,,0.08962696175919183,1.557420253753662,0.4609375,False,False,,nonpositive_total_gain,,-2.777709484100342,0.5234375,False,False,,nonpositive_total_gain,,-0.6101446151733398,0.501953125,False,False,,nonpositive_total_gain,,-3.3208106535047364,0.57421875,False,False
confirm-U-w256-d61103-s1003-g04-random,3,U,256,61103,1003,random,False,6.441558361053467,0.012581168673932552,11.650284171104431,5.208725810050964,16.859009981155396,0.400390625,0.38208402321688456,0.7221242233105878,0.0004935332480174552,,False,False,4.5262277126312256e-07,,nonpositive_total_gain,,-2.4427860993891954,1.0,False,False,0.3286916485576842,,0.0008600693182835077,20.410725831985474,0.32421875,False,False,7.7070981994160555,,2.271992803472583,1.356734275817871,0.474609375,False,False,0.60093926560093,,0.0005348260283603014,10.883730053901672,0.38671875,False,False,1.5897628373168167,,0.016500865269450122,3.9098366720110107,0.443359375,False,False
confirm-U-w256-d61103-s1003-g04-random,5,U,256,61103,1003,random,False,19.024166703224182,0.03715657559223473,40.361145973205566,21.336979269981384,61.69812524318695,0.41796875,0.30834270293042554,1.9997285514263923,0.02012263888637316,,False,False,4.4517219066619873e-07,,nonpositive_total_gain,,-14.336838436312973,1.0,False,False,0.6974410436889042,,0.0008557126711035314,74.42472606897354,0.375,False,False,,nonpositive_total_gain,,-3.0153870582580566,0.533203125,False,False,1.3978230029893108,,0.0026344643417358293,35.70466950535774,0.388671875,False,False,2.4489856582504075,,0.048286737482535196,16.492445014181722,0.439453125,False,False
confirm-U-w256-d61103-s1003-g04-random,10,U,256,61103,1003,random,False,39.85052531957626,0.07783305726479739,95.6218244433403,55.77129912376404,151.39312356710434,0.466796875,0.26322546480727504,3.4983019157479944,0.3693629805178772,,False,False,4.886339108056692e-07,,nonpositive_total_gain,,-19.246752911247313,1.0,False,False,1.3092861660605748,,0.013360304402595937,165.66951216757298,0.373046875,False,False,,nonpositive_total_gain,,-26.871167302131653,0.5625,False,False,2.956832579183011,,0.21346477328986505,69.39917243272066,0.455078125,False,False,3.7539973810006115,,0.4593871555837184,37.31880395835934,0.474609375,False,False
confirm-U-w256-d61103-s1003-g04-random,20,U,256,61103,1003,random,False,114.24819159507751,0.22314099920913577,222.83618414402008,108.58799254894257,331.42417669296265,0.4609375,0.34471894215767823,2.317372113281777,0.2850294261783394,,False,False,4.7062834096500694e-07,,nonpositive_total_gain,,-10.962308894842863,1.0,False,False,1.144557424185562,,0.030518892105968046,333.1699122507125,0.357421875,False,False,8.0,,47.752933747710415,20.53696535527706,0.537109375,False,True,2.237367334700768,,0.25297031577591483,176.8534388029948,0.4609375,False,False,2.371286234009557,,0.3070597120803875,111.71646990603503,0.462890625,False,False
confirm-U-w256-d61103-s1003-g04-random,30,U,256,61103,1003,random,False,246.53407633304596,0.4815118678379804,376.9194338321686,130.38535749912262,507.3047913312912,0.388671875,0.485968357771825,1.2315430359018333,0.09224069187433367,,False,False,5.432715017850143e-07,,nonpositive_total_gain,,-7.323821519501507,0.87109375,False,False,0.6501379455192542,,0.012923902250503733,580.248425193131,0.255859375,False,False,2.8844518532829384,,1.3988782028745774,166.6776191536337,0.48046875,False,False,1.2169073387156,,0.08834369404037427,373.46302217338234,0.388671875,False,False,1.2438341093814267,,0.09565013219642798,244.00235345097923,0.388671875,False,False
confirm-U-w256-d61103-s1003-g04-uniform,1,U,256,61103,1003,uniform,False,0.05678379535675049,0.0001109058503061533,6.575639486312866,6.518855690956116,13.094495177268982,0.505859375,0.00433646311583838,,,constant_weights,False,False,4.7062834103960005e-07,,constant_weights,,-0.7858779178932309,1.0,False,False,,constant_weights,,3.1499342918395996,0.453125,False,False,,constant_weights,,-2.1937034130096436,0.53515625,False,False,,constant_weights,,0.478115439414978,0.5,False,False,,constant_weights,,-2.4749378936857056,0.568359375,False,False
confirm-U-w256-d61103-s1003-g04-uniform,3,U,256,61103,1003,uniform,False,25.49617564678192,0.04979721806012094,29.4930419921875,3.9968663454055786,33.48990833759308,0.22265625,0.7613092096212746,,,constant_weights,False,False,4.104028145518468e-07,,constant_weights,,-3.607888240367174,1.0,False,False,,constant_weights,,73.81640315055847,0.216796875,False,False,,constant_weights,,6.280009508132935,0.447265625,False,False,,constant_weights,,40.0482063293457,0.2109375,False,False,,constant_weights,,22.964453957739465,0.267578125,False,False
confirm-U-w256-d61103-s1003-g04-uniform,5,U,256,61103,1003,uniform,False,79.95492231845856,0.15616195765323937,82.36816310882568,2.4132407903671265,84.78140389919281,0.103515625,0.9430714595564723,,,constant_weights,False,False,4.172325134277344e-07,,constant_weights,,-14.950322371907532,1.0,False,False,,constant_weights,,243.80718088150024,0.08984375,False,False,,constant_weights,,11.007917404174805,0.439453125,False,False,,constant_weights,,127.40754914283752,0.091796875,False,False,,constant_weights,,77.42320062941609,0.109375,False,False
confirm-U-w256-d61103-s1003-g04-uniform,10,U,256,61103,1003,uniform,False,203.365904211998,0.39719903166405857,203.50325298309326,0.13734877109527588,203.64060175418854,0.00390625,0.9986510669295598,,,constant_weights,False,False,3.7439167499542236e-07,,constant_weights,,-6.631574280560017,1.0,False,False,,constant_weights,,585.6058441698551,0.009765625,False,False,,constant_weights,,31.12344479560852,0.34765625,False,False,,constant_weights,,308.3646444827318,0.00390625,False,False,,constant_weights,,200.83418252295547,0.00390625,False,False
confirm-U-w256-d61103-s1003-g04-uniform,20,U,256,61103,1003,uniform,False,509.90207427740097,0.9959024888230488,509.90207427740097,-0.0,509.90207427740097,0.0,1.0,,,constant_weights,False,False,3.7873784697328716e-07,,constant_weights,,-5.258274642750621,0.984375,False,False,,constant_weights,,1332.8771072663367,0.0,False,False,,constant_weights,,202.08739984035492,0.130859375,False,False,,constant_weights,,767.4822535533458,0.0,False,False,,constant_weights,,507.3703533632189,0.0,False,False
confirm-U-w256-d61103-s1003-g04-uniform,30,U,256,61103,1003,uniform,False,798.9148380756378,1.5603805431164801,798.9148380756378,-0.0,798.9148380756378,0.0,1.0,,,constant_weights,False,False,3.7935872865269005e-07,,constant_weights,,-2.886080321855843,0.779296875,False,False,,constant_weights,,1391.3611525436863,0.0,False,False,,constant_weights,,1008.2694402784109,0.0,False,False,,constant_weights,,1199.8152964110486,0.0,False,False,,constant_weights,,796.3831160550448,0.0,False,False
confirm-U-w256-d61211-s1001-g00-random,1,U,256,61211,1001,random,False,0.1156538724899292,0.00022588646970689297,2.0358846187591553,1.920230746269226,3.9561153650283813,0.50390625,0.029234201184398345,5.331170137124703,0.32941047541076907,,False,False,4.3213367462158203e-07,0.02768939351379343,,0.00021568685467801332,0.01218344084918499,0.18359375,False,False,,nonpositive_total_gain,,-0.14661335945129395,0.501953125,False,False,0.7731775190036034,,0.06895707586751983,0.4813957214355469,0.513671875,False,False,5.48093028359427,,0.3679650964072994,0.16739118099212646,0.50390625,False,False,,nonpositive_total_gain,,-2.3118984478086304,0.654296875,False,False
confirm-U-w256-d61211-s1001-g00-random,3,U,256,61211,1001,random,False,-0.4857332706451416,-0.0009486977942287922,3.83838152885437,4.324114799499512,8.162496328353882,0.5078125,0.05950793128786604,,,nonpositive_total_gain,False,False,3.7035594383991177e-07,0.028817806499431636,,0.004083391827249003,0.006044632289558649,0.373046875,False,False,,nonpositive_total_gain,,-1.6241848468780518,0.509765625,False,False,8.0,,19.130824765538772,0.16095280647277832,0.484375,False,True,,nonpositive_total_gain,,-0.7316160202026367,0.5078125,False,False,,nonpositive_total_gain,,-2.913285590943701,0.603515625,False,False
confirm-U-w256-d61211-s1001-g00-random,5,U,256,61211,1001,random,False,0.34949326515197754,0.0006826040334999561,3.9174184799194336,3.567925214767456,7.48534369468689,0.48046875,0.04669034307670448,6.003219382476521,1.0849446822203388,,False,False,4.041939973831177e-07,,nonpositive_total_gain,,-0.009130063466727734,0.52734375,False,False,,nonpositive_total_gain,,-0.4752655029296875,0.5078125,False,False,2.229726023923786,,0.030083632366100177,1.5328783988952637,0.466796875,False,False,5.9603762125885815,,1.0581930962127182,0.5288064479827881,0.48046875,False,False,,nonpositive_total_gain,,-2.078059055146582,0.572265625,False,False
confirm-U-w256-d61211-s1001-g00-random,10,U,256,61211,1001,random,False,1.5088582038879395,0.0029469886794686317,5.427756071090698,3.918897867202759,9.346653938293457,0.4296875,0.1614329805991974,2.3151115296350944,0.011967493346372399,,False,False,4.759058356285095e-07,,nonpositive_total_gain,,-0.18421850679442286,0.96875,False,False,2.4645835192280887,,0.0156929591807954,1.9760558605194092,0.447265625,False,False,1.9942097628138953,,0.010686630973177815,2.7347500324249268,0.453125,False,False,2.1762088681979215,,0.008745297624646098,2.355402946472168,0.4296875,False,False,,nonpositive_total_gain,,-0.9186941164106202,0.509765625,False,False
confirm-U-w256-d61211-s1001-g00-random,20,U,256,61211,1001,random,False,6.285778164863586,0.012276910478249192,12.615848064422607,6.330069899559021,18.94591796398163,0.37890625,0.33177480113729907,1.3537127670990774,0.0009539065962988326,,False,False,4.048148791006845e-07,,nonpositive_total_gain,,-1.2882538917474449,1.0,False,False,0.5134446030365774,,0.0015865923583616055,14.923496007919312,0.3671875,False,False,4.176816408362598,,0.11520089022953502,5.222090482711792,0.447265625,False,False,1.186186920249619,,0.0008005610701352461,10.072793245315552,0.37109375,False,False,2.8640236697143444,,0.04415043502615634,3.858225844565027,0.427734375,False,False
confirm-U-w256-d61211-s1001-g00-random,30,U,256,61211,1001,random,False,15.009583115577698,0.02931559202261269,36.38636589050293,21.376782774925232,57.76314866542816,0.4296875,0.2598470385074609,3.093941580942699,0.10914514184682414,,False,False,4.2406221231749974e-07,,nonpositive_total_gain,,-8.214709205087274,1.0,False,False,0.9541261124878988,,0.00030359594513910856,54.22965884208679,0.349609375,False,False,,nonpositive_total_gain,,-0.9861905574798584,0.51171875,False,False,2.453007199517816,,0.04803414524140491,26.621734142303467,0.416015625,False,False,3.8221919338516037,,0.2152212737224728,12.582030795279138,0.44140625,False,False
confirm-U-w256-d61211-s1001-g00-uniform,1,U,256,61211,1001,uniform,False,0.5031822919845581,0.00098277791403234,2.411595344543457,1.908413052558899,4.320008397102356,0.490234375,0.11647715599860117,,,constant_weights,False,False,4.36479846635876e-07,,constant_weights,,0.011201034300029278,0.24609375,False,False,,constant_weights,,1.3151962757110596,0.482421875,False,False,,constant_weights,,0.18315553665161133,0.5078125,False,False,,constant_weights,,0.7491759061813354,0.490234375,False,False,,constant_weights,,-1.9243700283140015,0.6328125,False,False
confirm-U-w256-d61211-s1001-g00-uniform,3,U,256,61211,1001,uniform,False,1.4148451089859009,0.0027633693534880877,2.8550658226013184,1.4402207136154175,4.295286536216736,0.3828125,0.3293948138398442,,,constant_weights,False,False,5.075708031654358e-07,,constant_weights,,0.03651573555544019,0.126953125,False,False,,constant_weights,,2.9245316982269287,0.369140625,False,False,,constant_weights,,1.2834911346435547,0.43359375,False,False,,constant_weights,,2.1040114164352417,0.3828125,False,False,,constant_weights,,-1.0127072113126587,0.5625,False,False
confirm-U-w256-d61211-s1001-g00-uniform,5,U,256,61211,1001,uniform,False,2.2482935190200806,0.004391198279336095,3.4776629209518433,1.2293694019317627,4.707032322883606,0.31640625,0.4776456511865928,,,constant_weights,False,False,4.647299647331238e-07,,constant_weights,,0.027711285278201103,0.28125,False,False,,constant_weights,,4.531871557235718,0.3515625,False,False,,constant_weights,,2.1852965354919434,0.4140625,False,False,,constant_weights,,3.3585840463638306,0.31640625,False,False,,constant_weights,,-0.17925880127847904,0.5234375,False,False
confirm-U-w256-d61211-s1001-g00-uniform,10,U,256,61211,1001,uniform,False,5.053170800209045,0.009869474219158292,5.855023741722107,0.8018529415130615,6.6568766832351685,0.216796875,0.7590903423124943,,,constant_weights,False,False,4.849086205158809e-07,,constant_weights,,-0.08430943358689547,0.748046875,False,False,,constant_weights,,10.865905523300171,0.21484375,False,False,,constant_weights,,4.377923250198364,0.369140625,False,False,,constant_weights,,7.621914386749268,0.2109375,False,False,,constant_weights,,2.625618479910486,0.404296875,False,False
confirm-U-w256-d61211-s1001-g00-uniform,20,U,256,61211,1001,uniform,False,35.64286172389984,0.06961496430449188,38.76398468017578,3.12112295627594,41.88510763645172,0.1640625,0.8509674138423513,,,constant_weights,False,False,4.4299910466338854e-07,,constant_weights,,-4.778542172629386,1.0,False,False,,constant_weights,,97.93301773071289,0.150390625,False,False,,constant_weights,,13.774118185043335,0.408203125,False,False,,constant_weights,,55.85356795787811,0.158203125,False,False,,constant_weights,,33.21530940360128,0.2109375,False,False
confirm-U-w256-d61211-s1001-g00-uniform,30,U,256,61211,1001,uniform,False,84.87954926490784,0.16578036965802312,87.08067560195923,2.2011263370513916,89.28180193901062,0.078125,0.9506926094848532,,,constant_weights,False,False,3.9798518021438856e-07,,constant_weights,,-9.134206338319927,1.0,False,False,,constant_weights,,237.58679521083832,0.06640625,False,False,,constant_weights,,26.186054944992065,0.37890625,False,False,,constant_weights,,131.8864250779152,0.076171875,False,False,,constant_weights,,82.45199694460926,0.0859375,False,False
confirm-U-w256-d61211-s1001-g02-random,1,U,256,61211,1001,random,False,0.2146608829498291,0.00041925953701138496,3.1281023025512695,2.9134414196014404,6.04154372215271,0.49609375,0.03553080020967581,6.7099707605435865,0.44259409571594,,False,False,4.799415667857548e-07,,nonpositive_total_gain,,-0.08795710699632764,0.939453125,False,False,8.0,,0.37579850945371346,0.2746849060058594,0.48046875,False,True,4.231123326626737,,0.3588513428484712,0.45724987983703613,0.53515625,False,False,6.0077146596378626,,0.2866052554169202,0.36596739292144775,0.494140625,False,False,,nonpositive_total_gain,,-2.2128914373487305,0.61328125,False,False
confirm-U-w256-d61211-s1001-g02-random,3,U,256,61211,1001,random,False,0.3982117176055908,0.0007777572609484196,5.13812518119812,4.739913463592529,9.87803864479065,0.470703125,0.04031283252931942,7.999999999960792,2.177278511655766,,False,True,4.2685618003093784e-07,,nonpositive_total_gain,,-0.2198597458191216,0.994140625,False,False,8.0,,8.530328350988027,0.32855987548828125,0.466796875,False,True,4.69222708913503,,0.450607832180486,1.0859291553497314,0.490234375,False,False,6.989475426507669,,1.3682881765291084,0.7072445154190063,0.466796875,False,False,,nonpositive_total_gain,,-2.029340602692969,0.556640625,False,False
confirm-U-w256-d61211-s1001-g02-random,5,U,256,61211,1001,random,False,2.6556843519210815,0.005186883499845862,6.9325467348098755,4.276862382888794,11.20940911769867,0.41796875,0.2369156414969269,1.3938162490726644,0.002374059940423402,,False,False,4.327545563374141e-07,,nonpositive_total_gain,,-0.469836815726012,0.998046875,False,False,1.160250704322063,,0.0032902608888338326,4.271949291229248,0.4375,False,False,1.3680892836704426,,0.01698915861267386,4.164941310882568,0.458984375,False,False,1.2385835844163187,,0.0024738524909688284,4.218445301055908,0.41796875,False,False,8.0,,16.361156595757958,0.22813203162252194,0.48828125,False,True
confirm-U-w256-d61211-s1001-g02-random,10,U,256,61211,1001,random,False,12.179720520973206,0.023788516642525792,23.793999195098877,11.614278674125671,35.40827786922455,0.388671875,0.3439794662128804,1.7395758627346045,0.014197345519838967,,False,False,4.842877388000488e-07,,nonpositive_total_gain,,-5.3254109914414585,1.0,False,False,0.6456075344803054,,0.0006394890019711619,36.03440451622009,0.345703125,False,False,6.909138549564932,,1.0575643349644042,5.830170154571533,0.490234375,False,False,1.3862198430440742,,0.004533730578728916,20.932287335395813,0.369140625,False,False,2.3730504587272483,,0.04855410511582312,9.752168200674646,0.435546875,False,False
confirm-U-w256-d61211-s1001-g02-random,20,U,256,61211,1001,random,False,39.843273878097534,0.07781889429315925,93.49977600574493,53.6565021276474,147.15627813339233,0.4609375,0.27075483549523394,3.6964201594866237,0.3347640355666078,,False,False,4.731118679046631e-07,,nonpositive_total_gain,,-11.980214125011116,1.0,False,False,1.4395425804480242,,0.008267394316654653,143.22297552227974,0.369140625,False,False,,nonpositive_total_gain,,-11.71293818950653,0.546875,False,False,3.3155564217037976,,0.23807038056575286,65.7550186663866,0.45703125,False,False,3.9508536366290157,,0.4098305584106414,37.41572131938038,0.470703125,False,False
confirm-U-w256-d61211-s1001-g02-random,30,U,256,61211,1001,random,False,57.308013796806335,0.11192971444688737,160.39023637771606,103.08222258090973,263.4724589586258,0.515625,0.21751045260410182,4.617265215567888,1.0276023208475835,,False,False,4.687656959267983e-07,,nonpositive_total_gain,,-8.886967309284955,1.0,False,False,1.8299561566517974,,0.053460579615082354,202.9172906279564,0.396484375,False,False,,nonpositive_total_gain,,-22.106272757053375,0.55078125,False,False,4.3846794266320375,,0.8869057832964945,90.40550893545151,0.51171875,False,False,4.814805087778897,,1.1564356366764046,54.88046046322879,0.515625,False,False
confirm-U-w256-d61211-s1001-g02-uniform,1,U,256,61211,1001,uniform,False,0.9504287242889404,0.0018563061021268368,4.019374847412109,3.068946123123169,7.088320970535278,0.470703125,0.1340837595023816,,,constant_weights,False,False,4.5758982499498335e-07,,constant_weights,,-0.13327120011672378,0.943359375,False,False,,constant_weights,,2.579624891281128,0.431640625,False,False,,constant_weights,,0.4049251079559326,0.447265625,False,False,,constant_weights,,1.4922749996185303,0.470703125,False,False,,constant_weights,,-1.4771235960096192,0.56640625,False,False
confirm-U-w256-d61211-s1001-g02-uniform,3,U,256,61211,1001,uniform,False,3.5077056884765625,0.006850987672805786,5.008374094963074,1.5006684064865112,6.509042501449585,0.330078125,0.538897339769311,,,constant_weights,False,False,3.656993309668344e-07,,constant_weights,,-0.14473566599190235,0.923828125,False,False,,constant_weights,,7.961146831512451,0.306640625,False,False,,constant_weights,,2.7066988945007324,0.4453125,False,False,,constant_weights,,5.333922863006592,0.326171875,False,False,,constant_weights,,1.080153368178003,0.46875,False,False
confirm-U-w256-d61211-s1001-g02-uniform,5,U,256,61211,1001,uniform,False,8.311527609825134,0.016233452362939715,9.37885320186615,1.0673255920410156,10.446178793907166,0.205078125,0.7956524365323818,,,constant_weights,False,False,4.122654596958736e-07,,constant_weights,,-0.2974412706680596,0.958984375,False,False,,constant_weights,,19.058582544326782,0.181640625,False,False,,constant_weights,,6.173441171646118,0.396484375,False,False,,constant_weights,,12.61601185798645,0.19921875,False,False,,constant_weights,,5.883975289526575,0.314453125,False,False
confirm-U-w256-d61211-s1001-g02-uniform,10,U,256,61211,1001,uniform,False,60.45360517501831,0.11807344760745764,63.429259181022644,2.9756540060043335,66.40491318702698,0.10546875,0.9103784987227221,,,constant_weights,False,False,4.3213367462158203e-07,,constant_weights,,-9.580580657813698,1.0,False,False,,constant_weights,,171.2449643611908,0.10546875,False,False,,constant_weights,,19.69642996788025,0.384765625,False,False,,constant_weights,,95.47069716453552,0.095703125,False,False,,constant_weights,,58.02605285471975,0.134765625,False,False
confirm-U-w256-d61211-s1001-g02-uniform,20,U,256,61211,1001,uniform,False,174.14891624450684,0.3401346020400524,174.7359675168991,0.587051272392273,175.32301878929138,0.021484375,0.9933032036928613,,,constant_weights,False,False,3.818422555923462e-07,,constant_weights,,-6.007814998272806,1.0,False,False,,constant_weights,,477.0685471892357,0.01171875,False,False,,constant_weights,,51.386016607284546,0.2890625,False,False,,constant_weights,,264.2272818982601,0.021484375,False,False,,constant_weights,,171.72136392420822,0.021484375,False,False
confirm-U-w256-d61211-s1001-g02-uniform,30,U,256,61211,1001,uniform,False,303.6714482307434,0.5931082973256707,303.6952563524246,0.02380812168121338,303.71906447410583,0.001953125,0.9998432227379441,,,constant_weights,False,False,3.4583111602204397e-07,,constant_weights,,-5.613319969270378,1.0,False,False,,constant_weights,,805.7470460236073,0.001953125,False,False,,constant_weights,,110.88062310218811,0.208984375,False,False,,constant_weights,,458.3138345628977,0.001953125,False,False,,constant_weights,,301.2438959104448,0.001953125,False,False
confirm-U-w256-d61211-s1001-g04-random,1,U,256,61211,1001,random,False,-2.7218562364578247,-0.005316125461831689,6.399373292922974,9.121229529380798,15.520602822303772,0.521484375,0.17537052314401091,,,nonpositive_total_gain,False,False,4.420677820853036e-07,,nonpositive_total_gain,,-1.8207543878816068,1.0,False,False,,nonpositive_total_gain,,-2.240311861038208,0.466796875,False,False,,nonpositive_total_gain,,-4.104492425918579,0.48828125,False,False,,nonpositive_total_gain,,-3.1724021434783936,0.51171875,False,False,,nonpositive_total_gain,,-5.149408556756384,0.576171875,False,False
confirm-U-w256-d61211-s1001-g04-random,3,U,256,61211,1001,random,False,3.4298324584960938,0.006698891520500183,12.609829068183899,9.179996609687805,21.789825677871704,0.466796875,0.15740522706334467,2.930148033032317,0.18382912918468292,,False,False,4.01089588805692e-07,,nonpositive_total_gain,,-2.3218541187234223,1.0,False,False,0.9851131741622663,,0.009264412437913084,11.281242847442627,0.423828125,False,False,8.0,,7.153561461066249,1.33009672164917,0.501953125,False,True,2.2662173196947903,,0.07958514192192254,6.305669784545898,0.451171875,False,False,8.0,,5.706006211168781,1.0022801381975341,0.5234375,False,True
confirm-U-w256-d61211-s1001-g04-random,5,U,256,61211,1001,random,False,18.194021224975586,0.03553519770503044,34.434770822525024,16.24074959754944,50.67552042007446,0.41015625,0.3590297854695194,1.6305518659178357,0.008318087536155639,,False,False,5.004306634082134e-07,,nonpositive_total_gain,,-10.972226953599602,1.0,False,False,0.5499462699618316,,0.0012341739504997849,61.50483429431915,0.322265625,False,False,8.0,,5.264099055963442,4.049460291862488,0.53515625,False,True,1.1948268723808315,,0.0011488535940520428,32.77714729309082,0.380859375,False,False,2.0059293111686207,,0.021723562933216516,15.766468904677026,0.423828125,False,False
confirm-U-w256-d61211-s1001-g04-random,10,U,256,61211,1001,random,False,50.17010635137558,0.09798848896753043,104.42162638902664,54.25152003765106,158.6731464266777,0.451171875,0.31618523664027176,3.029603844075771,0.20577575354709468,,False,False,3.759438793049519e-07,,nonpositive_total_gain,,-15.260798276867718,1.0,False,False,1.2331385503361072,,0.006575534812557965,174.22991558909416,0.34375,False,False,,nonpositive_total_gain,,-8.458806574344635,0.51953125,False,False,2.6892674251656166,,0.13930201609222398,82.88555450737476,0.44140625,False,False,3.199735360118746,,0.24435629151219437,47.742554031077006,0.45703125,False,False
confirm-U-w256-d61211-s1001-g04-random,20,U,256,61211,1001,random,False,101.65784364938736,0.1985504758777097,250.38334065675735,148.72549700737,399.10883766412735,0.5,0.25471208366209663,3.3361973874941824,0.7516638295538157,,False,False,5.041559537066753e-07,,nonpositive_total_gain,,-12.242964066099375,1.0,False,False,1.387957271329162,,0.045676515297112544,314.93199365213513,0.365234375,False,False,8.0,,8434.289239181699,2.2845155596733093,0.53515625,False,True,3.203188578042726,,0.6650134356740087,158.60825460590422,0.498046875,False,False,3.4108824322313303,,0.8038328241588121,99.2302914296716,0.50390625,False,False
confirm-U-w256-d61211-s1001-g04-random,30,U,256,61211,1001,random,False,264.88667100667953,0.517356779309921,411.52082961797714,146.6341586112976,558.1549882292747,0.39453125,0.47457547919982285,1.2526108243264096,0.09843585036470845,,False,False,4.855295021588546e-07,,nonpositive_total_gain,,-7.8187454380095005,0.880859375,False,False,0.691536835877613,,0.014702275289577665,576.9292157711461,0.265625,False,False,2.4960926382934714,,0.8340987458563153,225.54954417888075,0.439453125,False,False,1.2367556540231348,,0.09427818292688755,401.23937997501343,0.388671875,False,False,1.2632674991389155,,0.10138537016603362,262.4591196586817,0.39453125,False,False
confirm-U-w256-d61211-s1001-g04-uniform,1,U,256,61211,1001,uniform,False,-2.1985089778900146,-0.004293962847441435,7.5243693590164185,9.722878336906433,17.24724769592285,0.55078125,0.12747013417159478,,,constant_weights,False,False,4.343067606243922e-07,,constant_weights,,-1.1890638624317944,1.0,False,False,,constant_weights,,-2.733877420425415,0.529296875,False,False,,constant_weights,,-2.6725897789001465,0.51171875,False,False,,constant_weights,,-2.7032335996627808,0.546875,False,False,,constant_weights,,-4.626061298188574,0.576171875,False,False
confirm-U-w256-d61211-s1001-g04-uniform,3,U,256,61211,1001,uniform,False,19.640243411064148,0.038359850412234664,23.179927229881287,3.5396838188171387,26.719611048698425,0.2578125,0.7350497496115637,,,constant_weights,False,False,4.6938657760620117e-07,,constant_weights,,-3.502341467421502,1.0,False,False,,constant_weights,,53.391377449035645,0.203125,False,False,,constant_weights,,9.031700372695923,0.439453125,False,False,,constant_weights,,31.211538910865784,0.251953125,False,False,,constant_weights,,17.21269109076559,0.296875,False,False
confirm-U-w256-d61211-s1001-g04-uniform,5,U,256,61211,1001,uniform,False,68.10708773136139,0.1330216557253152,70.2552444934845,2.148156762123108,72.4034012556076,0.080078125,0.9406614406265414,,,constant_weights,False,False,5.265076955182635e-07,,constant_weights,,-12.91238696174696,1.0,False,False,,constant_weights,,194.51373517513275,0.0703125,False,False,,constant_weights,,22.719920873641968,0.39453125,False,False,,constant_weights,,108.61682802438736,0.07421875,False,False,,constant_weights,,65.67953541106283,0.095703125,False,False
confirm-U-w256-d61211-s1001-g04-uniform,10,U,256,61211,1001,uniform,False,211.95880162715912,0.41398203442804515,212.40894317626953,0.4501415491104126,212.85908472537994,0.01171875,0.9957705206738894,,,constant_weights,False,False,3.8060049217802927e-07,,constant_weights,,-8.511450569611043,1.0,False,False,,constant_weights,,582.2100427150726,0.005859375,False,False,,constant_weights,,62.1778199672699,0.287109375,False,False,,constant_weights,,322.19393134117126,0.01171875,False,False,,constant_weights,,209.5312493068605,0.013671875,False,False
confirm-U-w256-d61211-s1001-g04-uniform,20,U,256,61211,1001,uniform,False,551.7319511771202,1.077601467142813,551.7319511771202,-0.0,551.7319511771202,0.0,1.0,,,constant_weights,False,False,3.5762786865234375e-07,,constant_weights,,-5.492026420775801,0.9921875,False,False,,constant_weights,,1267.3720352612436,0.0,False,False,,constant_weights,,393.3158438503742,0.048828125,False,False,,constant_weights,,830.3439395558089,0.0,False,False,,constant_weights,,549.3043991399437,0.0,False,False
confirm-U-w256-d61211-s1001-g04-uniform,30,U,256,61211,1001,uniform,False,843.1010656356812,1.6466817688196898,843.1010656356812,-0.0,843.1010656356812,0.0,1.0,,,constant_weights,False,False,3.0981997656276405e-07,,constant_weights,,-1.5389292119070888,0.630859375,False,False,,constant_weights,,1382.8518712762743,0.0,False,False,,constant_weights,,1147.9902573600411,0.0,False,False,,constant_weights,,1265.4210643181577,0.0,False,False,,constant_weights,,840.6735132706795,0.0,False,False
confirm-U-w256-d61211-s1002-g00-random,1,U,256,61211,1002,random,False,-0.23291504383087158,-0.00045491219498217106,3.4747843742370605,3.707699418067932,7.182483792304993,0.529296875,0.03242820319071334,,,nonpositive_total_gain,False,False,4.5231233040260443e-07,,nonpositive_total_gain,,-0.008590037934482098,0.509765625,False,False,,nonpositive_total_gain,,-1.37040376663208,0.53515625,False,False,3.0590175422799053,,1.2110181842725884,0.6802351474761963,0.5,False,False,,nonpositive_total_gain,,-0.3450843095779419,0.529296875,False,False,,nonpositive_total_gain,,-2.7218400018781495,0.61328125,False,False
confirm-U-w256-d61211-s1002-g00-random,3,U,256,61211,1002,random,False,-0.4289048910140991,-0.0008377048652619123,4.851028203964233,5.2799330949783325,10.130961298942566,0.5078125,0.04233605068246255,,,nonpositive_total_gain,False,False,4.0760884682322987e-07,0.02792007345526664,,0.0010900768274884347,0.020282979123294353,0.28125,False,False,,nonpositive_total_gain,,-1.5650091171264648,0.537109375,False,False,8.0,,49.26483087395167,0.2579987049102783,0.515625,False,True,,nonpositive_total_gain,,-0.6535052061080933,0.5078125,False,False,,nonpositive_total_gain,,-2.917829849061377,0.587890625,False,False
confirm-U-w256-d61211-s1002-g00-random,5,U,256,61211,1002,random,False,-0.19993364810943604,-0.00039049540646374226,5.433673143386841,5.633606791496277,11.067279934883118,0.4921875,0.018065292401185436,,,nonpositive_total_gain,False,False,4.1599074999260077e-07,0.06111352174699737,,0.0018362053696068341,0.017076042480766773,0.328125,False,False,,nonpositive_total_gain,,-0.6131901741027832,0.54296875,False,False,,nonpositive_total_gain,,-0.003685474395751953,0.517578125,False,False,,nonpositive_total_gain,,-0.3084378242492676,0.4921875,False,False,,nonpositive_total_gain,,-2.688858606156714,0.578125,False,False
confirm-U-w256-d61211-s1002-g00-random,10,U,256,61211,1002,random,False,1.7951633930206299,0.0035061785019934177,7.020872354507446,5.225708961486816,12.246581315994263,0.490234375,0.14658485880268587,2.827299701274373,0.2603242556422072,,False,False,3.886719544717032e-07,,nonpositive_total_gain,,-0.16514404024928808,0.943359375,False,False,1.9053093443375242,,0.03279871142264236,3.4889681339263916,0.4921875,False,False,3.898524952027863,,1.0445747791674689,2.061663866043091,0.50390625,False,False,2.721690138753751,,0.2336397925209912,2.775315999984741,0.48828125,False,False,,nonpositive_total_gain,,-0.693761565026648,0.548828125,False,False
confirm-U-w256-d61211-s1002-g00-random,20,U,256,61211,1002,random,False,7.260419487953186,0.014180506812408566,18.547683358192444,11.287263870239258,29.8349472284317,0.453125,0.24335285168643606,2.530132334420079,0.10858496683473844,,False,False,4.3616940578056207e-07,,nonpositive_total_gain,,-2.22825319878757,1.0,False,False,1.0515424651986773,,0.0017251365332839601,22.250874757766724,0.412109375,False,False,8.0,,14.917645979689901,1.758622407913208,0.48828125,False,True,2.2218955902813486,,0.06952636484289154,12.004748582839966,0.44921875,False,False,4.416576428445302,,0.5191400984505915,4.771494529905908,0.486328125,False,False
confirm-U-w256-d61211-s1002-g00-random,30,U,256,61211,1002,random,False,8.598175525665283,0.016793311573565006,37.87831008434296,29.280134558677673,67.15844464302063,0.505859375,0.12802821106666054,8.0,1.9122641762763204,,False,True,4.0140002965927124e-07,,nonpositive_total_gain,,-9.644707458093762,1.0,False,False,2.1212187448637554,,0.042639460388944346,43.927749156951904,0.4140625,False,False,,nonpositive_total_gain,,-8.488516449928284,0.572265625,False,False,5.707425718301287,,0.769033225659144,17.71961635351181,0.48828125,False,False,8.0,,4.617030962963625,6.109250567618004,0.517578125,False,True
confirm-U-w256-d61211-s1002-g00-uniform,1,U,256,61211,1002,uniform,False,0.6303567886352539,0.0012311656028032303,2.1763741970062256,1.5460174083709717,3.7223916053771973,0.453125,0.16934187894811206,,,constant_weights,False,False,4.032626748085022e-07,,constant_weights,,0.02259213849902153,0.076171875,False,False,,constant_weights,,0.9674537181854248,0.43359375,False,False,,constant_weights,,0.9010276794433594,0.453125,False,False,,constant_weights,,0.9342406988143921,0.453125,False,False,,constant_weights,,-1.858568169412024,0.6484375,False,False
confirm-U-w256-d61211-s1002-g00-uniform,3,U,256,61211,1002,uniform,False,1.501689076423645,0.0029329864773899317,2.6859560012817383,1.1842669248580933,3.8702229261398315,0.333984375,0.38801100222963975,,,constant_weights,False,False,4.104028145466426e-07,,constant_weights,,0.05042794439941645,0.037109375,False,False,,constant_weights,,2.8423819541931152,0.330078125,False,False,,constant_weights,,1.6122581958770752,0.359375,False,False,,constant_weights,,2.227320075035095,0.333984375,False,False,,constant_weights,,-0.9872358816236328,0.578125,False,False
confirm-U-w256-d61211-s1002-g00-uniform,5,U,256,61211,1002,uniform,False,2.395068407058716,0.004677867982536554,3.867411494255066,1.47234308719635,5.339754581451416,0.349609375,0.4485352969925641,,,constant_weights,False,False,3.8618842760750755e-07,,constant_weights,,0.05303012114018202,0.103515625,False,False,,constant_weights,,5.232945203781128,0.33984375,False,False,,constant_weights,,1.8992254734039307,0.4453125,False,False,,constant_weights,,3.5660853385925293,0.349609375,False,False,,constant_weights,,-0.09385655098856205,0.521484375,False,False
confirm-U-w256-d61211-s1002-g00-uniform,10,U,256,61211,1002,uniform,False,5.889393210411072,0.011502721114084125,6.828097939491272,0.9387047290802002,7.766802668571472,0.21875,0.7582776931159361,,,constant_weights,False,False,3.684932986906808e-07,,constant_weights,,-0.09396134782582521,0.81640625,False,False,,constant_weights,,13.561162233352661,0.21484375,False,False,,constant_weights,,4.200966119766235,0.37890625,False,False,,constant_weights,,8.881064176559448,0.21875,False,False,,constant_weights,,3.400468252363794,0.380859375,False,False
confirm-U-w256-d61211-s1002-g00-uniform,20,U,256,61211,1002,uniform,False,38.85059118270874,0.07588006090372801,41.36998963356018,2.5193984508514404,43.88938808441162,0.16015625,0.8851932751486109,,,constant_weights,False,False,3.9270768562959905e-07,,constant_weights,,-5.893178729340434,1.0,False,False,,constant_weights,,112.55096793174744,0.134765625,False,False,,constant_weights,,9.893985748291016,0.416015625,False,False,,constant_weights,,61.222476840019226,0.142578125,False,False,,constant_weights,,36.36166622466146,0.1953125,False,False
confirm-U-w256-d61211-s1002-g00-uniform,30,U,256,61211,1002,uniform,False,82.4818583726883,0.16109737963415682,83.94747304916382,1.465614676475525,85.41308772563934,0.0703125,0.9656817306222831,,,constant_weights,False,False,3.7780652444030505e-07,,constant_weights,,-9.933397887274623,1.0,False,False,,constant_weights,,242.68830007314682,0.0546875,False,False,,constant_weights,,14.690666437149048,0.400390625,False,False,,constant_weights,,128.68948325514793,0.060546875,False,False,,constant_weights,,79.99293341464099,0.078125,False,False
confirm-U-w256-d61211-s1002-g02-random,1,U,256,61211,1002,random,False,-1.7500488758087158,-0.003418064210563898,5.79237163066864,7.542420506477356,13.334792137145996,0.57421875,0.13123930675557371,,,nonpositive_total_gain,False,False,3.9581209421157837e-07,,nonpositive_total_gain,,-0.14422901067882776,0.970703125,False,False,,nonpositive_total_gain,,-4.093996524810791,0.552734375,False,False,,nonpositive_total_gain,,-1.0119192600250244,0.529296875,False,False,,nonpositive_total_gain,,-2.5529578924179077,0.568359375,False,False,,nonpositive_total_gain,,-4.238973833855994,0.625,False,False
confirm-U-w256-d61211-s1002-g02-random,3,U,256,61211,1002,random,False,0.8199846744537354,0.0016015325672924519,6.3780070543289185,5.558022379875183,11.936029434204102,0.490234375,0.0686982785166374,6.664572741308151,1.8224328157469007,,False,False,3.781169652938843e-07,,nonpositive_total_gain,,-0.12497508060187101,0.900390625,False,False,8.0,,2.4378829228457826,0.7911789417266846,0.494140625,False,True,4.18608312930642,,1.3486029194095162,1.7937486171722412,0.490234375,False,False,6.2126980339781115,,1.5932025909879455,1.292463779449463,0.490234375,False,False,,nonpositive_total_gain,,-1.6689402835935425,0.583984375,False,False
confirm-U-w256-d61211-s1002-g02-random,5,U,256,61211,1002,random,False,1.9021555185317993,0.0037151474971324205,9.733591794967651,7.831436276435852,17.565028071403503,0.47265625,0.1082921991812001,4.512551413949134,0.807433054837173,,False,False,3.868093093259417e-07,,nonpositive_total_gain,,-0.5262403134256601,1.0,False,False,1.881225510463997,,0.03083026101518562,5.4809160232543945,0.447265625,False,False,8.0,,29.932314104529688,0.7517766952514648,0.513671875,False,True,4.059027027260173,,0.6183959694833345,3.1163463592529297,0.470703125,False,False,,nonpositive_total_gain,,-0.5867694395154786,0.525390625,False,False
confirm-U-w256-d61211-s1002-g02-random,10,U,256,61211,1002,random,False,9.268611907958984,0.01810275763273239,30.44082534313202,21.172213435173035,51.613038778305054,0.5,0.17957888408335568,4.432658263603445,0.49638887649702296,,False,False,4.808728893690439e-07,,nonpositive_total_gain,,-7.444484494626522,1.0,False,False,1.5311509833266315,,0.013671693534282298,37.95789706707001,0.416015625,False,False,,nonpositive_total_gain,,-2.7075743675231934,0.525390625,False,False,3.295104714081282,,0.21473117571647998,17.625161349773407,0.486328125,False,False,6.593550378465814,,1.2855043440221228,6.7796869499117065,0.513671875,False,False
confirm-U-w256-d61211-s1002-g02-random,20,U,256,61211,1002,random,False,10.379455327987671,0.02027237368747592,85.32597327232361,74.94651794433594,160.27249121665955,0.556640625,0.0647613027612862,8.0,14.642369316597344,,False,True,3.560756643983254e-07,,nonpositive_total_gain,,-14.826238114386797,1.0,False,False,3.1324879119781404,,0.2508426282467125,86.33826515078545,0.43359375,False,False,,nonpositive_total_gain,,-40.373666286468506,0.59765625,False,False,8.0,,5.899877119615533,22.98229943215847,0.548828125,False,True,8.0,,26.978847628111975,7.890530429545031,0.564453125,False,True
confirm-U-w256-d61211-s1002-g02-random,30,U,256,61211,1002,random,False,56.92168724536896,0.11117517040111125,139.7873306274414,82.86564338207245,222.65297400951385,0.50390625,0.255652041022981,4.1587037068834825,0.5920223255320998,,False,False,4.389633734835918e-07,,nonpositive_total_gain,,-9.641947720199823,1.0,False,False,1.8261960598155111,,0.062043169401983844,182.5791341215372,0.396484375,False,False,,nonpositive_total_gain,,-2.1721261143684387,0.578125,False,False,3.8851995394881795,,0.4955104241556199,90.20350400358438,0.5,False,False,4.40108039688536,,0.6803567007187593,54.43276218301353,0.501953125,False,False
confirm-U-w256-d61211-s1002-g02-uniform,1,U,256,61211,1002,uniform,False,1.1030454635620117,0.002154385671019554,3.4720691442489624,2.3690236806869507,5.841092824935913,0.4453125,0.18884231026993037,,,constant_weights,False,False,3.840153415986258e-07,,constant_weights,,-0.08685810584574938,0.8125,False,False,,constant_weights,,2.9243128299713135,0.451171875,False,False,,constant_weights,,0.4716780185699463,0.529296875,False,False,,constant_weights,,1.6979954242706299,0.4453125,False,False,,constant_weights,,-1.3858794944852662,0.583984375,False,False
confirm-U-w256-d61211-s1002-g02-uniform,3,U,256,61211,1002,uniform,False,4.088077425956726,0.00798452622257173,5.441375017166138,1.3532975912094116,6.794672608375549,0.265625,0.6016592206249202,,,constant_weights,False,False,3.7439167499542236e-07,,constant_weights,,-0.06620836723595858,0.720703125,False,False,,constant_weights,,8.416164875030518,0.248046875,False,False,,constant_weights,,3.9142696857452393,0.365234375,False,False,,constant_weights,,6.165217280387878,0.263671875,False,False,,constant_weights,,1.5991524679094482,0.404296875,False,False
confirm-U-w256-d61211-s1002-g02-uniform,5,U,256,61211,1002,uniform,False,10.777023673057556,0.02104887436144054,12.780214667320251,2.0031909942626953,14.783405661582947,0.24609375,0.7289946525017157,,,constant_weights,False,False,3.976747393608093e-07,,constant_weights,,-0.4490752350538969,0.9921875,False,False,,constant_weights,,26.887620449066162,0.21875,False,False,,constant_weights,,5.892513990402222,0.400390625,False,False,,constant_weights,,16.390067219734192,0.2421875,False,False,,constant_weights,,8.288098715010278,0.318359375,False,False
confirm-U-w256-d61211-s1002-g02-uniform,10,U,256,61211,1002,uniform,False,57.21879732608795,0.11175546352751553,58.93011748790741,1.711320161819458,60.64143764972687,0.08984375,0.9435593802474053,,,constant_weights,False,False,3.5266081491874823e-07,,constant_weights,,-10.963928597047925,1.0,False,False,,constant_weights,,169.0602434873581,0.06640625,False,False,,constant_weights,,13.560065269470215,0.40625,False,False,,constant_weights,,91.31015437841415,0.078125,False,False,,constant_weights,,54.729872368040674,0.1171875,False,False
confirm-U-w256-d61211-s1002-g02-uniform,20,U,256,61211,1002,uniform,False,161.52136659622192,0.31547141913324594,162.0028579235077,0.4814913272857666,162.48434925079346,0.01171875,0.9940733820887255,,,constant_weights,False,False,3.961225350512798e-07,,constant_weights,,-5.229948201216757,1.0,False,False,,constant_weights,,457.38246190547943,0.01953125,False,False,,constant_weights,,32.4115834236145,0.31640625,False,False,,constant_weights,,244.89702266454697,0.009765625,False,False,,constant_weights,,159.0324416381746,0.015625,False,False
confirm-U-w256-d61211-s1002-g02-uniform,30,U,256,61211,1002,uniform,False,270.65235620737076,0.528617883217521,270.70189875364304,0.04954254627227783,270.7514412999153,0.001953125,0.9996340366940658,,,constant_weights,False,False,3.3527612686157227e-07,,constant_weights,,-3.9225413911044598,1.0,False,False,,constant_weights,,746.5636696517467,0.001953125,False,False,,constant_weights,,69.3159339427948,0.267578125,False,False,,constant_weights,,407.9398017972708,0.001953125,False,False,,constant_weights,,268.1634312493234,0.001953125,False,False
confirm-U-w256-d61211-s1002-g04-random,1,U,256,61211,1002,random,False,-3.134104609489441,-0.006121298065409064,7.216982364654541,10.351086974143982,17.568069338798523,0.564453125,0.17839778230883177,,,nonpositive_total_gain,False,False,4.1847427685939853e-07,,nonpositive_total_gain,,-1.2902846736833453,1.0,False,False,,nonpositive_total_gain,,-2.516263961791992,0.53125,False,False,,nonpositive_total_gain,,-5.595768213272095,0.5390625,False,False,,nonpositive_total_gain,,-4.0560160875320435,0.55078125,False,False,,nonpositive_total_gain,,-5.623029567536719,0.591796875,False,False
confirm-U-w256-d61211-s1002-g04-random,3,U,256,61211,1002,random,False,5.274396538734436,0.010301555739715695,16.47589898109436,11.201502442359924,27.677401423454285,0.4609375,0.1905668981721971,3.3137159891893426,0.25295098061938337,,False,False,4.5231233040433916e-07,,nonpositive_total_gain,,-4.030776494182646,1.0,False,False,1.1554330983404952,,0.0077739716605336445,18.06780195236206,0.419921875,False,False,8.0,,10.850827283001141,1.786163330078125,0.5078125,False,True,2.418760859498799,,0.10424852455807966,9.926982641220093,0.44140625,False,False,7.874915638463731,,1.8110886483449433,2.785471580687158,0.482421875,False,False
confirm-U-w256-d61211-s1002-g04-random,5,U,256,61211,1002,random,False,13.677363753318787,0.026713601080700755,37.46134269237518,23.783978939056396,61.24532163143158,0.439453125,0.2233209556091131,3.3884236500240945,0.22392498887964246,,False,False,4.805624485015869e-07,,nonpositive_total_gain,,-18.474087519571185,1.0,False,False,0.8778168427045996,,0.0006187264087727546,62.37081968784332,0.361328125,False,False,,nonpositive_total_gain,,-2.86464786529541,0.529296875,False,False,2.0471204512169106,,0.04164763434159122,29.753085911273956,0.404296875,False,False,4.427234409516547,,0.45713861610460915,11.188438795271507,0.453125,False,False
confirm-U-w256-d61211-s1002-g04-random,10,U,256,61211,1002,random,False,31.18819934129715,0.060914451838470995,92.49996453523636,61.31176519393921,153.81172972917557,0.4921875,0.2027686665783673,4.945457409765036,0.7236558616817133,,False,False,4.0295223396880075e-07,,nonpositive_total_gain,,-22.059311097487807,1.0,False,False,1.499067514863813,,0.01701006348979676,139.78009882569313,0.3828125,False,False,,nonpositive_total_gain,,-24.156187772750854,0.5703125,False,False,3.785260680920089,,0.3578693720274031,57.81195552647114,0.4609375,False,False,5.5095337123036074,,0.930161920700335,28.699274562063792,0.4921875,False,False
confirm-U-w256-d61211-s1002-g04-random,20,U,256,61211,1002,random,False,94.49899625778198,0.18456835206598043,233.5096516609192,139.0106554031372,372.5203070640564,0.494140625,0.2536747513244493,3.298042779582732,0.7586671545423079,,False,False,4.5883158844572947e-07,,nonpositive_total_gain,,-13.846187223680317,0.998046875,False,False,1.4475492920352306,,0.06577345691770502,291.7809543646872,0.384765625,False,False,8.0,,1066.5646499151233,5.562213860452175,0.54296875,False,True,3.1252024481415517,,0.6508019923752786,148.6715841125697,0.48828125,False,False,3.395937000591869,,0.8201553348225877,92.01007123267942,0.501953125,False,False
confirm-U-w256-d61211-s1002-g04-random,30,U,256,61211,1002,random,False,238.73866510391235,0.4662864552810788,380.5503660440445,141.81170094013214,522.3620669841766,0.396484375,0.4570367570567566,1.3332352494691584,0.11738051558616323,,False,False,4.1785339521815956e-07,,nonpositive_total_gain,,-8.045183925889432,0.8984375,False,False,0.8525050392830815,,0.028764551351599967,494.00008854828775,0.287109375,False,False,2.2113465565142687,,0.581710259116103,230.2610794696957,0.44140625,False,False,1.3148594991895397,,0.11160117425584457,362.1305840089917,0.396484375,False,False,1.3473468982496812,,0.12174614246138701,236.2497402278214,0.3984375,False,False
confirm-U-w256-d61211-s1002-g04-uniform,1,U,256,61211,1002,uniform,False,-0.8915203809738159,-0.0017412507440894842,7.230035305023193,8.12155568599701,15.351590991020203,0.51171875,0.05807348446785118,,,constant_weights,False,False,3.6818285783363214e-07,,constant_weights,,-1.0782684860751033,1.0,False,False,,constant_weights,,2.969484329223633,0.46484375,False,False,,constant_weights,,-4.565788984298706,0.529296875,False,False,,constant_weights,,-0.7981523275375366,0.49609375,False,False,,constant_weights,,-3.380445339021094,0.564453125,False,False
confirm-U-w256-d61211-s1002-g04-uniform,3,U,256,61211,1002,uniform,False,18.2580589056015,0.03566027130000293,21.09257400035858,2.83451509475708,23.92708909511566,0.203125,0.7630706281496062,,,constant_weights,False,False,4.0978193283081055e-07,,constant_weights,,-2.919273673556745,1.0,False,False,,constant_weights,,49.728347301483154,0.16796875,False,False,,constant_weights,,7.965103387832642,0.40625,False,False,,constant_weights,,28.846725344657898,0.19140625,False,False,,constant_weights,,15.769133947554224,0.24609375,False,False
confirm-U-w256-d61211-s1002-g04-uniform,5,U,256,61211,1002,uniform,False,60.68378984928131,0.11852302704937756,63.478434562683105,2.7946447134017944,66.2730792760849,0.1171875,0.9156627474103121,,,constant_weights,False,False,3.9798518022826634e-07,,constant_weights,,-12.396976063027978,1.0,False,False,,constant_weights,,179.52413058280945,0.0859375,False,False,,constant_weights,,14.924206495285034,0.443359375,False,False,,constant_weights,,97.22416853904724,0.099609375,False,False,,constant_weights,,58.19486489123403,0.13671875,False,False
confirm-U-w256-d61211-s1002-g04-uniform,10,U,256,61211,1002,uniform,False,187.5022554397583,0.36621534265577793,187.97980272769928,0.477547287940979,188.45735001564026,0.005859375,0.9949320385975782,,,constant_weights,False,False,4.2282044887542725e-07,,constant_weights,,-7.4602590799331665,1.0,False,False,,constant_weights,,517.2730822861195,0.005859375,False,False,,constant_weights,,52.69393217563629,0.294921875,False,False,,constant_weights,,284.9835072308779,0.005859375,False,False,,constant_weights,,185.01333048171097,0.005859375,False,False
confirm-U-w256-d61211-s1002-g04-uniform,20,U,256,61211,1002,uniform,False,537.2429730892181,1.0493026818148792,537.2429730892181,-0.0,537.2429730892181,0.0,1.0,,,constant_weights,False,False,3.023693958548179e-07,,constant_weights,,-4.869804778136313,0.994140625,False,False,,constant_weights,,1233.5422059856355,0.0,False,False,,constant_weights,,383.05650767683983,0.0859375,False,False,,constant_weights,,808.2993568312377,0.0,False,False,,constant_weights,,534.7540482503802,0.0,False,False
confirm-U-w256-d61211-s1002-g04-uniform,30,U,256,61211,1002,uniform,False,822.9236736297607,1.6072728000581264,822.9236736297607,-0.0,822.9236736297607,0.0,1.0,,,constant_weights,False,False,2.638747294003707e-07,,constant_weights,,-2.1513543063774705,0.6953125,False,False,,constant_weights,,1371.463739988394,0.0,False,False,,constant_weights,,1099.4586324319243,0.0,False,False,,constant_weights,,1235.4611862101592,0.0,False,False,,constant_weights,,820.434748854253,0.0,False,False
confirm-U-w256-d61211-s1003-g00-random,1,U,256,61211,1003,random,False,-0.03630495071411133,-7.090810686349869e-05,3.351203203201294,3.3875081539154053,6.738711357116699,0.482421875,0.005387521261875976,,,nonpositive_total_gain,False,False,3.9519121249401157e-07,,nonpositive_total_gain,,-0.025626939721405506,0.619140625,False,False,8.0,,27.215880660624496,0.13081026077270508,0.5078125,False,True,,nonpositive_total_gain,,-0.21408748626708984,0.4921875,False,False,,nonpositive_total_gain,,-0.04163861274719238,0.482421875,False,False,,nonpositive_total_gain,,-2.5142761247724366,0.625,False,False
confirm-U-w256-d61211-s1003-g00-random,3,U,256,61211,1003,random,False,-0.9761618375778198,-0.0019065660890191793,5.208416700363159,6.184578537940979,11.392995238304138,0.5390625,0.08568087822031976,,,nonpositive_total_gain,False,False,4.131967822722238e-07,,nonpositive_total_gain,,-0.01785704493522644,0.578125,False,False,,nonpositive_total_gain,,-1.7692875862121582,0.556640625,False,False,,nonpositive_total_gain,,-1.1413326263427734,0.517578125,False,False,,nonpositive_total_gain,,-1.4553101062774658,0.537109375,False,False,,nonpositive_total_gain,,-3.454133011636145,0.59375,False,False
confirm-U-w256-d61211-s1003-g00-random,5,U,256,61211,1003,random,False,-0.3381195068359375,-0.0006603896617889404,5.47826623916626,5.816385746002197,11.294651985168457,0.515625,0.029936248348327886,,,nonpositive_total_gain,False,False,3.5297125577926636e-07,,nonpositive_total_gain,,-0.038906668312847614,0.708984375,False,False,,nonpositive_total_gain,,-0.5072681903839111,0.5546875,False,False,,nonpositive_total_gain,,-0.4681735038757324,0.509765625,False,False,,nonpositive_total_gain,,-0.4877208471298218,0.515625,False,False,,nonpositive_total_gain,,-2.8160906808942627,0.59375,False,False
confirm-U-w256-d61211-s1003-g00-random,10,U,256,61211,1003,random,False,0.9746948480606079,0.0019037008751183748,6.87019157409668,5.895496726036072,12.765688300132751,0.48046875,0.07635270618745031,6.0944910574304645,1.3179798546326347,,False,False,4.104028145449079e-07,,nonpositive_total_gain,,-0.2567710466682911,0.984375,False,False,2.844586806168017,,0.09404437877003141,3.201496124267578,0.482421875,False,False,,nonpositive_total_gain,,-0.0206301212310791,0.501953125,False,False,5.563534073301455,,1.0352217986176178,1.5904330015182495,0.478515625,False,False,,nonpositive_total_gain,,-1.5032763259977173,0.5390625,False,False
confirm-U-w256-d61211-s1003-g00-random,20,U,256,61211,1003,random,False,2.2242143154144287,0.004344168584793806,19.250744938850403,17.026530623435974,36.27727556228638,0.53515625,0.061311503715199264,8.0,8.118493061365712,,False,True,4.7155966360901136e-07,,nonpositive_total_gain,,-2.5033289901912212,0.998046875,False,False,3.0521362814419013,,0.1502563402637844,15.75602114200592,0.486328125,False,False,,nonpositive_total_gain,,-6.580032110214233,0.5703125,False,False,8.0,,3.7487258360212294,4.5879945158958435,0.521484375,False,True,,nonpositive_total_gain,,-0.2537568586438965,0.5625,False,False
confirm-U-w256-d61211-s1003-g00-random,30,U,256,61211,1003,random,False,7.322404623031616,0.014301571529358625,34.80421853065491,27.48181390762329,62.2860324382782,0.5234375,0.11756094161701003,8.0,2.8097877949991297,,False,True,4.1350722312927246e-07,,nonpositive_total_gain,,-9.929593124426901,1.0,False,False,2.7851155743539007,,0.10694648095040721,39.03143322467804,0.474609375,False,False,,nonpositive_total_gain,,-7.1346176862716675,0.5546875,False,False,5.7312755983139265,,0.9995724592654505,15.948407769203186,0.49609375,False,False,8.0,,7.885338789130147,4.84443344897329,0.54296875,False,True
confirm-U-w256-d61211-s1003-g00-uniform,1,U,256,61211,1003,uniform,False,0.6384906768798828,0.0012470521032810211,2.3621668815612793,1.7236762046813965,4.085843086242676,0.443359375,0.1562690155747112,,,constant_weights,False,False,3.712872664132262e-07,,constant_weights,,0.016179341822862625,0.30859375,False,False,,constant_weights,,1.5109679698944092,0.43359375,False,False,,constant_weights,,0.3883352279663086,0.466796875,False,False,,constant_weights,,0.9496515989303589,0.447265625,False,False,,constant_weights,,-1.8394804971784424,0.654296875,False,False
confirm-U-w256-d61211-s1003-g00-uniform,3,U,256,61211,1003,uniform,False,1.5489894151687622,0.0030253699515014887,2.994619131088257,1.4456297159194946,4.4402488470077515,0.35546875,0.3488519379296982,,,constant_weights,False,False,3.6663065354028434e-07,,constant_weights,,0.043761253356933594,0.1171875,False,False,,constant_weights,,3.056642770767212,0.392578125,False,False,,constant_weights,,1.546576976776123,0.427734375,False,False,,constant_weights,,2.3016098737716675,0.357421875,False,False,,constant_weights,,-0.928981758889563,0.576171875,False,False
confirm-U-w256-d61211-s1003-g00-uniform,5,U,256,61211,1003,uniform,False,2.4282397031784058,0.004742655670270324,3.3715099096298218,0.943270206451416,4.314780116081238,0.302734375,0.5627725255635454,,,constant_weights,False,False,4.110236962624747e-07,,constant_weights,,0.02781379409134388,0.314453125,False,False,,constant_weights,,4.5179290771484375,0.3203125,False,False,,constant_weights,,2.738990545272827,0.400390625,False,False,,constant_weights,,3.6284598112106323,0.302734375,False,False,,constant_weights,,-0.04973147087991947,0.525390625,False,False
confirm-U-w256-d61211-s1003-g00-uniform,10,U,256,61211,1003,uniform,False,5.0850989818573,0.009931833948940039,6.248433351516724,1.1633343696594238,7.4117677211761475,0.240234375,0.6860845041498903,,,constant_weights,False,False,4.1102369626334206e-07,,constant_weights,,-0.07371964864432812,0.73046875,False,False,,constant_weights,,10.552047967910767,0.255859375,False,False,,constant_weights,,4.776975870132446,0.396484375,False,False,,constant_weights,,7.6645119190216064,0.236328125,False,False,,constant_weights,,2.6071278077989746,0.400390625,False,False
confirm-U-w256-d61211-s1003-g00-uniform,20,U,256,61211,1003,uniform,False,23.653461456298828,0.04619816690683365,26.158279180526733,2.5048177242279053,28.66309690475464,0.21484375,0.8252235107356871,,,constant_weights,False,False,3.9084504047798285e-07,,constant_weights,,-1.8318693628534675,0.998046875,False,False,,constant_weights,,60.731847524642944,0.193359375,False,False,,constant_weights,,12.06041407585144,0.40625,False,False,,constant_weights,,36.39613080024719,0.205078125,False,False,,constant_weights,,21.175490282240503,0.26953125,False,False
confirm-U-w256-d61211-s1003-g00-uniform,30,U,256,61211,1003,uniform,False,69.73642086982727,0.1362039470113814,71.31962597370148,1.5832051038742065,72.90283107757568,0.078125,0.9565667044620113,,,constant_weights,False,False,3.7780652443336615e-07,,constant_weights,,-9.063355936668813,1.0,False,False,,constant_weights,,196.88294327259064,0.064453125,False,False,,constant_weights,,21.389686822891235,0.38671875,False,False,,constant_weights,,109.13631504774094,0.06640625,False,False,,constant_weights,,67.25844969576895,0.095703125,False,False
confirm-U-w256-d61211-s1003-g02-random,1,U,256,61211,1003,random,False,-1.9000911712646484,-0.0037111155688762665,6.084375381469727,7.984466552734375,14.068841934204102,0.544921875,0.13505668626819636,,,nonpositive_total_gain,False,False,4.150594274179853e-07,,nonpositive_total_gain,,-0.2508258279412985,0.98828125,False,False,,nonpositive_total_gain,,-2.2746083736419678,0.546875,False,False,,nonpositive_total_gain,,-3.1748294830322266,0.521484375,False,False,,nonpositive_total_gain,,-2.724718928337097,0.544921875,False,False,,nonpositive_total_gain,,-4.378062345322974,0.599609375,False,False
confirm-U-w256-d61211-s1003-g02-random,3,U,256,61211,1003,random,False,0.06186175346374512,0.00012082373723387718,6.549029111862183,6.4871673583984375,13.03619647026062,0.505859375,0.004745383640456009,8.0,478.1170269925681,,False,True,3.806004921572126e-07,,nonpositive_total_gain,,-0.22749490290880203,0.98046875,False,False,6.7137706858581225,,1.3550909401198983,1.34224271774292,0.52734375,False,False,,nonpositive_total_gain,,-0.9291481971740723,0.513671875,False,False,8.0,,91.06405801980945,0.20654726028442383,0.505859375,False,True,,nonpositive_total_gain,,-2.41610942059458,0.5546875,False,False
confirm-U-w256-d61211-s1003-g02-random,5,U,256,61211,1003,random,False,2.303489565849304,0.004499003058299422,8.611693501472473,6.308203935623169,14.919897437095642,0.4609375,0.15439044239822264,3.3444943209458424,0.2930437640021431,,False,False,4.818042119367205e-07,,nonpositive_total_gain,,-0.6331570856273174,0.99609375,False,False,1.3258228128495646,,0.009490396250121332,6.956004619598389,0.47265625,False,False,8.0,,31.708055183711217,0.5876331329345703,0.51171875,False,True,2.99622749139547,,0.21321213037490513,3.7718188762664795,0.45703125,False,False,,nonpositive_total_gain,,-0.17448160820902103,0.529296875,False,False
confirm-U-w256-d61211-s1003-g02-random,10,U,256,61211,1003,random,False,7.257330775260925,0.014174474170431495,28.830772519111633,21.573441743850708,50.40421426296234,0.509765625,0.14398261894132341,6.246704395370479,1.2484418595801903,,False,False,3.79358728722079e-07,,nonpositive_total_gain,,-7.111445103771985,1.0,False,False,1.8515844010315345,,0.027776346239598543,35.20550537109375,0.466796875,False,False,,nonpositive_total_gain,,-6.322059154510498,0.55078125,False,False,4.556698272624936,,0.5268208782858683,14.441723108291626,0.486328125,False,False,8.0,,3.8689378899983504,4.779359601202599,0.5234375,False,True
confirm-U-w256-d61211-s1003-g02-random,20,U,256,61211,1003,random,False,21.632112622261047,0.04225021996535361,75.24836099147797,53.61624836921692,128.86460936069489,0.533203125,0.16786697860319652,6.478939345635865,1.6593277749701942,,False,False,3.939494490623474e-07,,nonpositive_total_gain,,-16.59891700465232,1.0,False,False,2.460299134362464,,0.10033254971163627,89.3527372777462,0.423828125,False,False,,nonpositive_total_gain,,-7.857459127902985,0.537109375,False,False,5.105082557473634,,0.8539054581690769,40.74763907492161,0.513671875,False,False,7.372402518393359,,2.3167026665428434,19.154141507807353,0.537109375,False,False
confirm-U-w256-d61211-s1003-g02-random,30,U,256,61211,1003,random,False,36.52279818058014,0.07133359019644558,129.6685699224472,93.14577174186707,222.81434166431427,0.548828125,0.1639158319333158,5.972365920797234,2.278920710526271,,False,False,4.256144165992737e-07,,nonpositive_total_gain,,-12.184872125275433,1.0,False,False,2.6052756361401816,,0.21033541507734144,130.9979843199253,0.447265625,False,False,,nonpositive_total_gain,,-9.244706124067307,0.564453125,False,False,5.410332410192684,,1.7089702277117078,60.876639097929,0.541015625,False,False,6.390716032566756,,2.744525763554656,34.04482720023689,0.552734375,False,False
confirm-U-w256-d61211-s1003-g02-uniform,1,U,256,61211,1003,uniform,False,1.1116310358047485,0.0021711543668061495,3.6343199014663696,2.522688865661621,6.157008767127991,0.43359375,0.18054725563161442,,,constant_weights,False,False,3.6476800839091786e-07,,constant_weights,,-0.16522900853306055,0.962890625,False,False,,constant_weights,,2.681257724761963,0.41796875,False,False,,constant_weights,,0.818880558013916,0.458984375,False,False,,constant_weights,,1.7500691413879395,0.427734375,False,False,,constant_weights,,-1.3663401382535767,0.556640625,False,False
confirm-U-w256-d61211-s1003-g02-uniform,3,U,256,61211,1003,uniform,False,3.812557578086853,0.007446401519700885,5.587959885597229,1.775402307510376,7.363362193107605,0.3203125,0.5177740111243687,,,constant_weights,False,False,3.9270768563068326e-07,,constant_weights,,-0.08420524466782808,0.771484375,False,False,,constant_weights,,8.374022483825684,0.345703125,False,False,,constant_weights,,3.147859573364258,0.45703125,False,False,,constant_weights,,5.760941028594971,0.318359375,False,False,,constant_weights,,1.3345864040285278,0.458984375,False,False
confirm-U-w256-d61211-s1003-g02-uniform,5,U,256,61211,1003,uniform,False,7.5152342319488525,0.014678191859275103,8.741439580917358,1.2262053489685059,9.967644929885864,0.22265625,0.7539628753644726,,,constant_weights,False,False,4.3958425521850586e-07,,constant_weights,,-0.2934662261977792,0.955078125,False,False,,constant_weights,,16.008519172668457,0.2109375,False,False,,constant_weights,,6.830641031265259,0.35546875,False,False,,constant_weights,,11.419580101966858,0.21875,False,False,,constant_weights,,5.037263057890527,0.333984375,False,False
confirm-U-w256-d61211-s1003-g02-uniform,10,U,256,61211,1003,uniform,False,47.29602015018463,0.09237503935582936,49.395965576171875,2.0999454259872437,51.49591100215912,0.126953125,0.9184422457969839,,,constant_weights,False,False,4.470348358154297e-07,,constant_weights,,-7.737478534691036,1.0,False,False,,constant_weights,,132.3424857854843,0.095703125,False,False,,constant_weights,,17.28305435180664,0.39453125,False,False,,constant_weights,,74.81277006864548,0.1171875,False,False,,constant_weights,,44.818048976126306,0.154296875,False,False
confirm-U-w256-d61211-s1003-g02-uniform,20,U,256,61211,1003,uniform,False,165.6761536002159,0.3235862375004217,166.39269667863846,0.7165430784225464,167.109239757061,0.017578125,0.9914242554216124,,,constant_weights,False,False,4.0046870708465576e-07,,constant_weights,,-6.539925024844706,1.0,False,False,,constant_weights,,454.7058535218239,0.021484375,False,False,,constant_weights,,48.862544775009155,0.3125,False,False,,constant_weights,,251.78419914841652,0.017578125,False,False,,constant_weights,,163.19818242615753,0.017578125,False,False
confirm-U-w256-d61211-s1003-g02-uniform,30,U,256,61211,1003,uniform,False,290.29065960645676,0.5669739445438609,290.4031038880348,0.11244428157806396,290.5155481696129,0.001953125,0.9992258983569966,,,constant_weights,False,False,3.8432578242098003e-07,,constant_weights,,-4.169086386449635,1.0,False,False,,constant_weights,,763.2184060961008,0.001953125,False,False,,constant_weights,,111.8226729631424,0.228515625,False,False,,constant_weights,,437.5205395296216,0.001953125,False,False,,constant_weights,,287.81268855160766,0.001953125,False,False
confirm-U-w256-d61211-s1003-g04-random,1,U,256,61211,1003,random,False,-5.249866008758545,-0.010253644548356533,7.40257728099823,12.652443289756775,20.055020570755005,0.55078125,0.26177315501805565,,,nonpositive_total_gain,False,False,4.2902926603721747e-07,,nonpositive_total_gain,,-1.2867557043209672,0.998046875,False,False,,nonpositive_total_gain,,-6.169050216674805,0.55078125,False,False,,nonpositive_total_gain,,-8.29378867149353,0.552734375,False,False,,nonpositive_total_gain,,-7.2314194440841675,0.53515625,False,False,,nonpositive_total_gain,,-7.72783718281687,0.59765625,False,False
confirm-U-w256-d61211-s1003-g04-random,3,U,256,61211,1003,random,False,2.815085768699646,0.005498214391991496,15.043358564376831,12.228272795677185,27.271631360054016,0.47265625,0.10322395941531494,5.699475109783089,1.0687157059734513,,False,False,3.8618842761184435e-07,,nonpositive_total_gain,,-3.349302508868277,0.998046875,False,False,1.073553736290207,,0.0029460227653152365,17.24685287475586,0.416015625,False,False,,nonpositive_total_gain,,-5.452277183532715,0.55859375,False,False,4.02432725772921,,0.3716821272693639,5.897287845611572,0.46484375,False,False,8.0,,158.27996264992078,0.33711459464132076,0.513671875,False,True
confirm-U-w256-d61211-s1003-g04-random,5,U,256,61211,1003,random,False,10.347590804100037,0.020210138289257884,33.3438196182251,22.99622881412506,56.34004843235016,0.50390625,0.18366315067202718,4.772938134415938,0.4957994590518021,,False,False,3.973642985072301e-07,,nonpositive_total_gain,,-16.993287490680814,1.0,False,False,0.8478576632199855,,0.000796612553476853,59.7223014831543,0.400390625,False,False,,nonpositive_total_gain,,-11.686239957809448,0.58203125,False,False,2.7307295067570707,,0.0863540401489897,24.018030762672424,0.462890625,False,False,6.577306199831341,,1.1815799788647146,7.8696196300417105,0.517578125,False,False
confirm-U-w256-d61211-s1003-g04-random,10,U,256,61211,1003,random,False,34.73937517404556,0.06785034213680774,91.44548839330673,56.70611321926117,148.1516016125679,0.490234375,0.23448531636460265,4.355374154428624,0.681556199905862,,False,False,5.690380930900574e-07,,nonpositive_total_gain,,-19.717641131021082,1.0,False,False,1.722733870197442,,0.03286495141689056,132.95996353030205,0.39453125,False,False,,nonpositive_total_gain,,-9.02418828010559,0.55859375,False,False,3.6134979160740635,,0.3796534646263555,61.96788762509823,0.4765625,False,False,4.712697700840886,,0.8590386139437189,32.26140361255703,0.501953125,False,False
confirm-U-w256-d61211-s1003-g04-random,20,U,256,61211,1003,random,False,98.1668706536293,0.19173216924536973,226.68214625120163,128.51527559757233,355.19742184877396,0.5078125,0.2763727004060971,2.9117282762401246,0.6203567147631187,,False,False,4.7000745928560406e-07,,nonpositive_total_gain,,-12.39139527734369,0.998046875,False,False,1.4759826653985928,,0.07759572146929983,275.7039819918573,0.404296875,False,False,8.0,,27.17231439497699,31.188034489750862,0.546875,False,True,2.7924422769494535,,0.541115169756982,153.44600824080408,0.498046875,False,False,2.986454099491011,,0.6712618415823014,95.68889963230785,0.5078125,False,False
confirm-U-w256-d61211-s1003-g04-random,30,U,256,61211,1003,random,False,258.8463999032974,0.5055593748111278,402.0846687555313,143.2382688522339,545.3229376077652,0.396484375,0.47466626113108423,1.1985192282485917,0.10444194212666286,,False,False,5.618979533883461e-07,,nonpositive_total_gain,,-5.007938721682876,0.8203125,False,False,0.7509259264107904,,0.02195707073974614,539.0289575839415,0.26953125,False,False,2.027177815366099,,0.6164776524946799,242.51819321326911,0.4296875,False,False,1.1891304535149545,,0.10159025252042402,390.7735753986053,0.396484375,False,False,1.2103978708408447,,0.1080826741624294,256.3684283669546,0.3984375,False,False
confirm-U-w256-d61211-s1003-g04-uniform,1,U,256,61211,1003,uniform,False,-2.1117987632751465,-0.0041246069595217705,6.64284360408783,8.754642367362976,15.397485971450806,0.537109375,0.13715217972536106,,,constant_weights,False,False,3.992269436529916e-07,,constant_weights,,-1.7462642695754766,0.998046875,False,False,,constant_weights,,-1.3065457344055176,0.494140625,False,False,,constant_weights,,-3.2825698852539062,0.537109375,False,False,,constant_weights,,-2.294557809829712,0.525390625,False,False,,constant_weights,,-4.589769937333472,0.58203125,False,False
confirm-U-w256-d61211-s1003-g04-uniform,3,U,256,61211,1003,uniform,False,15.388107299804688,0.03005489706993103,18.373867392539978,2.9857600927352905,21.35962748527527,0.228515625,0.720429572585609,,,constant_weights,False,False,4.0077914794170444e-07,,constant_weights,,-1.9754667077213526,0.998046875,False,False,,constant_weights,,39.62032628059387,0.19921875,False,False,,constant_weights,,8.5194833278656,0.40234375,False,False,,constant_weights,,24.069904804229736,0.224609375,False,False,,constant_weights,,12.910136125746362,0.2890625,False,False
confirm-U-w256-d61211-s1003-g04-uniform,5,U,256,61211,1003,uniform,False,53.80976986885071,0.10509720677509904,56.61152136325836,2.801751494407654,59.413272857666016,0.119140625,0.9056860071950691,,,constant_weights,False,False,3.9177636305259833e-07,,constant_weights,,-14.792435589246452,1.0,False,False,,constant_weights,,159.98477470874786,0.09375,False,False,,constant_weights,,16.23698401451111,0.3984375,False,False,,constant_weights,,88.11087936162949,0.091796875,False,False,,constant_weights,,51.33179869479238,0.142578125,False,False
confirm-U-w256-d61211-s1003-g04-uniform,10,U,256,61211,1003,uniform,False,189.891117811203,0.37088108947500587,190.33439004421234,0.4432722330093384,190.77766227722168,0.01171875,0.9953529964911173,,,constant_weights,False,False,4.175429542951914e-07,,constant_weights,,-8.185111820697784,1.0,False,False,,constant_weights,,520.0427410006523,0.0078125,False,False,,constant_weights,,57.81573510169983,0.27734375,False,False,,constant_weights,,288.92923805117607,0.01171875,False,False,,constant_weights,,187.41314663714462,0.01171875,False,False
confirm-U-w256-d61211-s1003-g04-uniform,20,U,256,61211,1003,uniform,False,550.0037184357643,1.0742260125698522,550.0037184357643,-0.0,550.0037184357643,0.0,1.0,,,constant_weights,False,False,4.1350722312927246e-07,,constant_weights,,-5.699092295020819,0.98828125,False,False,,constant_weights,,1276.5805427990854,0.0,False,False,,constant_weights,,379.1297193169594,0.060546875,False,False,,constant_weights,,827.8551310580224,0.0,False,False,,constant_weights,,547.5257485134036,0.0,False,False
confirm-U-w256-d61211-s1003-g04-uniform,30,U,256,61211,1003,uniform,False,840.3179457187653,1.6412459877319634,840.3179457187653,-0.0,840.3179457187653,0.0,1.0,,,constant_weights,False,False,2.7877589059421837e-07,,constant_weights,,-2.2829326698556542,0.748046875,False,False,,constant_weights,,1380.1816960936412,0.0,False,False,,constant_weights,,1143.0550828240812,0.0,False,False,,constant_weights,,1261.6183894588612,0.0,False,False,,constant_weights,,837.8399747421477,0.0,False,False
confirm-U-w256-d61319-s1001-g00-random,1,U,256,61319,1001,random,False,-0.36066579818725586,-0.0007044253870844841,3.4918036460876465,3.8524694442749023,7.344273090362549,0.5078125,0.04910844051544544,,,nonpositive_total_gain,False,False,4.150594274201537e-07,,nonpositive_total_gain,,-0.019620774313807487,0.62109375,False,False,3.5012541731328692,,0.5930445547868581,0.4107074737548828,0.48046875,False,False,,nonpositive_total_gain,,-1.4730780124664307,0.537109375,False,False,,nonpositive_total_gain,,-0.5311852693557739,0.5078125,False,False,,nonpositive_total_gain,,-2.5460732954114746,0.6015625,False,False
confirm-U-w256-d61319-s1001-g00-random,3,U,256,61319,1001,random,False,-0.03763401508331299,-7.350393570959568e-05,4.2136183977127075,4.2512524127960205,8.464870810508728,0.482421875,0.00444590542794725,,,nonpositive_total_gain,False,False,4.5945247014334695e-07,,nonpositive_total_gain,,-0.0005235681310296059,0.466796875,False,False,2.891175007237239,,0.17069739755889243,0.8562960624694824,0.4765625,False,False,,nonpositive_total_gain,,-0.9686679840087891,0.470703125,False,False,,nonpositive_total_gain,,-0.05618596076965332,0.482421875,False,False,,nonpositive_total_gain,,-2.2230415123075318,0.583984375,False,False
confirm-U-w256-d61319-s1001-g00-random,5,U,256,61319,1001,random,False,0.569495677947998,0.0011122962459921837,4.290868759155273,3.7213730812072754,8.012241840362549,0.47265625,0.07107819375584758,4.812289547718683,0.45150470682371396,,False,False,3.9612253506862705e-07,,nonpositive_total_gain,,-0.02111263107508421,0.615234375,False,False,1.2920583065713545,,0.008342374850139844,1.973444938659668,0.447265625,False,False,,nonpositive_total_gain,,-0.24384403228759766,0.470703125,False,False,4.750410945140399,,0.43295434814809686,0.8648004531860352,0.470703125,False,False,,nonpositive_total_gain,,-1.6159118192762207,0.576171875,False,False
confirm-U-w256-d61319-s1001-g00-random,10,U,256,61319,1001,random,False,1.995398759841919,0.003897263202816248,5.7519073486328125,3.7565085887908936,9.508415937423706,0.4453125,0.209856065718405,1.75607329191145,0.00981450804720756,,False,False,4.653508464506906e-07,,nonpositive_total_gain,,-0.24894720315933228,0.982421875,False,False,0.511842300758925,,0.007860785438748116,4.918620586395264,0.392578125,False,False,6.37401461265581,,0.982359235871355,1.3165194988250732,0.466796875,False,False,1.63979305618277,,0.00692663627559985,3.1175700426101685,0.4453125,False,False,,nonpositive_total_gain,,-0.19000873738229984,0.525390625,False,False
confirm-U-w256-d61319-s1001-g00-random,20,U,256,61319,1001,random,False,7.968864560127258,0.015564188593998551,14.723734378814697,6.754869818687439,21.478604197502136,0.41796875,0.37101407926004804,1.2562592619670232,0.0013459824201270429,,False,False,4.402051369326032e-07,,nonpositive_total_gain,,-1.5845545660704374,1.0,False,False,0.4126520271853441,,0.0037352552308588492,20.645379304885864,0.3515625,False,False,4.948506112088892,,0.5591603883436354,4.845771789550781,0.466796875,False,False,1.112458582256819,,0.0004947936750210949,12.745575547218323,0.408203125,False,False,2.147105135411121,,0.02472475100478352,5.7834570629030395,0.447265625,False,False
confirm-U-w256-d61319-s1001-g00-random,30,U,256,61319,1001,random,False,13.651638984680176,0.02666335739195347,40.09749495983124,26.445855975151062,66.5433509349823,0.50390625,0.20515406562586277,4.551531985081062,0.38976127929019827,,False,False,4.3989469607555454e-07,,nonpositive_total_gain,,-9.613612639717758,1.0,False,False,1.229260514943661,,0.0009784360741776003,58.409608244895935,0.380859375,False,False,,nonpositive_total_gain,,-7.841071367263794,0.556640625,False,False,3.5379988823103727,,0.1765258869491645,25.28426843881607,0.498046875,False,False,5.535517673591802,,0.684152173445655,11.466231487455957,0.515625,False,False
confirm-U-w256-d61319-s1001-g00-uniform,1,U,256,61319,1001,uniform,False,0.6092116832733154,0.0011898665688931942,2.4841225147247314,1.874910831451416,4.3590333461761475,0.45703125,0.1397584360779738,,,constant_weights,False,False,4.78699803352356e-07,,constant_weights,,0.012711421586573124,0.265625,False,False,,constant_weights,,0.9456534385681152,0.46875,False,False,,constant_weights,,0.8692679405212402,0.451171875,False,False,,constant_weights,,0.9074606895446777,0.45703125,False,False,,constant_weights,,-1.5761958139509034,0.599609375,False,False
confirm-U-w256-d61319-s1001-g00-uniform,3,U,256,61319,1001,uniform,False,1.461585283279419,0.002854658756405115,3.0793620347976685,1.6177767515182495,4.697138786315918,0.373046875,0.3111650197642502,,,constant_weights,False,False,3.896032770463187e-07,,constant_weights,,0.035467700101435184,0.134765625,False,False,,constant_weights,,2.7251908779144287,0.400390625,False,False,,constant_weights,,1.6240880489349365,0.41796875,False,False,,constant_weights,,2.1746394634246826,0.373046875,False,False,,constant_weights,,-0.7238222139447998,0.537109375,False,False
confirm-U-w256-d61319-s1001-g00-uniform,5,U,256,61319,1001,uniform,False,2.2943806648254395,0.004481212235987186,3.579238533973694,1.2848578691482544,4.864096403121948,0.333984375,0.4716972022496974,,,constant_weights,False,False,4.3337543805411355e-07,,constant_weights,,0.028043929487466812,0.267578125,False,False,,constant_weights,,4.139174699783325,0.357421875,False,False,,constant_weights,,2.7159295082092285,0.375,False,False,,constant_weights,,3.427552103996277,0.3359375,False,False,,constant_weights,,0.10897316760122067,0.494140625,False,False
confirm-U-w256-d61319-s1001-g00-uniform,10,U,256,61319,1001,uniform,False,5.2030171155929565,0.010162142803892493,6.196650981903076,0.9936338663101196,7.190284848213196,0.224609375,0.7236176626418243,,,constant_weights,False,False,3.9208680391311646e-07,,constant_weights,,-0.12052798364311457,0.908203125,False,False,,constant_weights,,10.289564847946167,0.23046875,False,False,,constant_weights,,5.440011501312256,0.3359375,False,False,,constant_weights,,7.864788174629211,0.224609375,False,False,,constant_weights,,3.0176096183687378,0.380859375,False,False
confirm-U-w256-d61319-s1001-g00-uniform,20,U,256,61319,1001,uniform,False,31.972903966903687,0.06244707806035876,35.323063015937805,3.3501590490341187,38.673222064971924,0.216796875,0.8267452841966065,,,constant_weights,False,False,3.762543201446533e-07,,constant_weights,,-3.572586069814861,1.0,False,False,,constant_weights,,85.23566949367523,0.19921875,False,False,,constant_weights,,14.25561785697937,0.421875,False,False,,constant_weights,,49.7456436753273,0.19921875,False,False,,constant_weights,,29.787496469679468,0.259765625,False,False
confirm-U-w256-d61319-s1001-g00-uniform,30,U,256,61319,1001,uniform,False,74.82080209255219,0.146134379087016,76.86751246452332,2.0467103719711304,78.91422283649445,0.1015625,0.9481282258532333,,,constant_weights,False,False,4.4455130894863193e-07,,constant_weights,,-7.5816668178886175,1.0,False,False,,constant_weights,,209.73900282382965,0.078125,False,False,,constant_weights,,22.30506134033203,0.3828125,False,False,,constant_weights,,116.02203208208084,0.0859375,False,False,,constant_weights,,72.63539459532795,0.11328125,False,False
confirm-U-w256-d61319-s1001-g02-random,1,U,256,61319,1001,random,False,-1.023768663406372,-0.0019995481707155704,5.0709779262542725,6.0947465896606445,11.165724515914917,0.51171875,0.09168851174387806,,,nonpositive_total_gain,False,False,4.6131511529344527e-07,,nonpositive_total_gain,,-0.18032512720674276,0.99609375,False,False,,nonpositive_total_gain,,-0.0006349086761474609,0.505859375,False,False,,nonpositive_total_gain,,-2.8903446197509766,0.5234375,False,False,,nonpositive_total_gain,,-1.445489764213562,0.509765625,False,False,,nonpositive_total_gain,,-3.209176160630591,0.5703125,False,False
confirm-U-w256-d61319-s1001-g02-random,3,U,256,61319,1001,random,False,1.2564418315887451,0.002453987952321768,5.779961943626404,4.523520112037659,10.303482055664062,0.4609375,0.1219434192053598,2.6876615814327165,0.04385183657989617,,False,False,4.122654596976083e-07,,nonpositive_total_gain,,-0.20692860335111618,0.96484375,False,False,0.7740314695183532,,0.018760386619581088,3.4885494709014893,0.431640625,False,False,8.0,,6.255664252204893,0.4877002239227295,0.470703125,False,True,2.4941336063702524,,0.03210866669718424,1.9881248474121094,0.45703125,False,False,,nonpositive_total_gain,,-0.9289656656354737,0.525390625,False,False
confirm-U-w256-d61319-s1001-g02-random,5,U,256,61319,1001,random,False,3.6610440015792847,0.00715047656558454,7.592168688774109,3.931124687194824,11.523293375968933,0.408203125,0.31770813101176004,1.0095750833199273,0.00037135994894460343,,False,False,4.1816383600234985e-07,,nonpositive_total_gain,,-0.5216003255918622,0.998046875,False,False,0.42074735671584373,,0.003870843101153023,8.498811960220337,0.35546875,False,False,2.9409895714992524,,0.11493012000111032,3.0059125423431396,0.43359375,False,False,0.924463314156051,,0.0003688805398850449,5.752362251281738,0.400390625,False,False,3.983786042789075,,0.22400926328491627,1.4756365043550659,0.47265625,False,False
confirm-U-w256-d61319-s1001-g02-random,10,U,256,61319,1001,random,False,15.426817774772644,0.03013050346635282,29.312801480293274,13.88598370552063,43.198785185813904,0.43359375,0.35711230555248746,1.8977281505283532,0.014957947721129055,,False,False,4.4020513693607266e-07,,nonpositive_total_gain,,-6.826445543207228,1.0,False,False,0.4809368132883176,,0.0030240356462812317,51.23929417133331,0.328125,False,False,8.0,,42.77584518870697,1.8676042556762695,0.5234375,False,True,1.502464609640171,,0.0043687593382620285,26.55344921350479,0.41015625,False,False,2.376795722858969,,0.03962329161309855,13.241410277548425,0.462890625,False,False
confirm-U-w256-d61319-s1001-g02-random,20,U,256,61319,1001,random,False,17.345621526241302,0.033878167043440044,89.06601601839066,71.72039449214935,160.78641051054,0.52734375,0.10787989775481832,8.0,5.020316811318613,,False,True,4.3213367462158203e-07,,nonpositive_total_gain,,-13.893623198382556,1.0,False,False,2.7534816153402213,,0.11632032246617693,103.85871478915215,0.408203125,False,False,,nonpositive_total_gain,,-37.92823338508606,0.5859375,False,False,8.0,,2.7649580940199563,32.96524070203304,0.51953125,False,True,8.0,,6.9266246182289475,15.160213850203144,0.53515625,False,True
confirm-U-w256-d61319-s1001-g02-random,30,U,256,61319,1001,random,False,49.63235366344452,0.09693819074891508,152.75906145572662,103.1267077922821,255.88576924800873,0.5234375,0.19396293044862536,5.526721301097438,1.495516878726009,,False,False,4.50449685218679e-07,,nonpositive_total_gain,,-9.182457533665001,1.0,False,False,2.1683444546971127,,0.09938395018885579,178.1812266409397,0.431640625,False,False,,nonpositive_total_gain,,-20.101701483130455,0.55859375,False,False,5.199316011784211,,1.264644632065527,79.03976257890463,0.521484375,False,False,5.780336358034073,,1.6881251767413559,47.446946121516795,0.5234375,False,False
confirm-U-w256-d61319-s1001-g02-uniform,1,U,256,61319,1001,uniform,False,1.0628421306610107,0.0020758635364472866,3.7318748235702515,2.6690326929092407,6.400907516479492,0.453125,0.16604553774986822,,,constant_weights,False,False,4.5634806156158447e-07,,constant_weights,,-0.0936590088531375,0.908203125,False,False,,constant_weights,,1.9610681533813477,0.462890625,False,False,,constant_weights,,1.3211228847503662,0.46875,False,False,,constant_weights,,1.641095519065857,0.453125,False,False,,constant_weights,,-1.122565366563208,0.56640625,False,False
confirm-U-w256-d61319-s1001-g02-uniform,3,U,256,61319,1001,uniform,False,3.9174927473068237,0.00765135302208364,5.638372898101807,1.720880150794983,7.3592530488967896,0.30078125,0.5323220605784288,,,constant_weights,False,False,4.116445779800415e-07,,constant_weights,,-0.11490237060934305,0.88671875,False,False,,constant_weights,,8.0986807346344,0.310546875,False,False,,constant_weights,,3.768702507019043,0.392578125,False,False,,constant_weights,,5.933691620826721,0.30078125,False,False,,constant_weights,,1.732085250082605,0.4296875,False,False
confirm-U-w256-d61319-s1001-g02-uniform,5,U,256,61319,1001,uniform,False,9.790319561958313,0.01912171789444983,11.771280407905579,1.9809608459472656,13.752241253852844,0.24609375,0.7119071997966474,,,constant_weights,False,False,4.0605664253234863e-07,,constant_weights,,-0.42740635201334953,0.98828125,False,False,,constant_weights,,21.74590539932251,0.26953125,False,False,,constant_weights,,8.05247163772583,0.384765625,False,False,,constant_weights,,14.89918851852417,0.24609375,False,False,,constant_weights,,7.604912064734094,0.328125,False,False
confirm-U-w256-d61319-s1001-g02-uniform,10,U,256,61319,1001,uniform,False,52.709466338157654,0.10294817644171417,55.60253465175629,2.893068313598633,58.49560296535492,0.138671875,0.901084246783058,,,constant_weights,False,False,3.675619761195348e-07,,constant_weights,,-8.656680190935731,1.0,False,False,,constant_weights,,151.7491990327835,0.111328125,False,False,,constant_weights,,15.035873174667358,0.404296875,False,False,,constant_weights,,83.39253610372543,0.115234375,False,False,,constant_weights,,50.524058840933435,0.16015625,False,False
confirm-U-w256-d61319-s1001-g02-uniform,20,U,256,61319,1001,uniform,False,161.6143718957901,0.31565307010896504,162.85524106025696,1.240869164466858,164.09611022472382,0.029296875,0.9848763122688584,,,constant_weights,False,False,4.3958425521850586e-07,,constant_weights,,-4.854971392080188,1.0,False,False,,constant_weights,,444.94611155986786,0.033203125,False,False,,constant_weights,,44.7519770860672,0.31640625,False,False,,constant_weights,,244.84904432296753,0.029296875,False,False,,constant_weights,,159.42896439856582,0.03125,False,False
confirm-U-w256-d61319-s1001-g02-uniform,30,U,256,61319,1001,uniform,False,281.6313895583153,0.5500613077310845,282.14105159044266,0.5096620321273804,282.65071362257004,0.009765625,0.9963936971848021,,,constant_weights,False,False,3.6818285781281546e-07,,constant_weights,,-3.22406635992229,1.0,False,False,,constant_weights,,739.6040241122246,0.013671875,False,False,,constant_weights,,108.51420772075653,0.216796875,False,False,,constant_weights,,424.05911591649055,0.009765625,False,False,,constant_weights,,279.445982061091,0.009765625,False,False
confirm-U-w256-d61319-s1001-g04-random,1,U,256,61319,1001,random,False,-1.6325421333312988,-0.003188558854162693,5.679155588150024,7.311697721481323,12.990853309631348,0.55859375,0.12566858345794274,,,nonpositive_total_gain,False,False,3.992269436512569e-07,,nonpositive_total_gain,,-1.7279657628387213,0.998046875,False,False,,nonpositive_total_gain,,-1.513155460357666,0.501953125,False,False,,nonpositive_total_gain,,-1.6565046310424805,0.546875,False,False,,nonpositive_total_gain,,-1.5848300457000732,0.54296875,False,False,,nonpositive_total_gain,,-3.8179496305555176,0.603515625,False,False
confirm-U-w256-d61319-s1001-g04-random,3,U,256,61319,1001,random,False,5.634505271911621,0.011004893109202385,13.421257972717285,7.786752700805664,21.20801067352295,0.41796875,0.26567816089162927,1.9963378926790316,0.019456266095281775,,False,False,4.6193599700927734e-07,,nonpositive_total_gain,,-2.2304627802222967,0.998046875,False,False,0.38884608109623864,,0.0037262752456953562,18.289283394813538,0.369140625,False,False,8.0,,40.74196871224634,0.8447043895721436,0.484375,False,True,1.5995912664116663,,0.007734263908256226,9.56699389219284,0.408203125,False,False,4.1256615550937195,,0.21096363705433982,3.4490977746874023,0.44921875,False,False
confirm-U-w256-d61319-s1001-g04-random,5,U,256,61319,1001,random,False,6.584594488143921,0.012860536109656096,34.27928674221039,27.694692254066467,61.973978996276855,0.521484375,0.10624772839806682,7.688403354251157,2.2449163593239834,,False,False,3.747021158490016e-07,,nonpositive_total_gain,,-18.961222509853542,1.0,False,False,1.165401117804636,,0.0011641547287093528,49.50573170185089,0.39453125,False,False,,nonpositive_total_gain,,-10.79071831703186,0.580078125,False,False,3.7305458334537436,,0.28264976200281494,19.357506692409515,0.486328125,False,False,8.0,,6.130144482455317,4.3991869909197,0.52734375,False,True
confirm-U-w256-d61319-s1001-g04-random,10,U,256,61319,1001,random,False,31.292322397232056,0.06111781718209386,98.76461923122406,67.472296833992,166.23691606521606,0.515625,0.18823931012384654,5.8300507619315125,1.299703765966722,,False,False,4.2437265318495676e-07,,nonpositive_total_gain,,-19.06462889444083,1.0,False,False,1.796974027800256,,0.02850178629991792,144.37709146738052,0.392578125,False,False,,nonpositive_total_gain,,-31.435486018657684,0.578125,False,False,4.794564821824226,,0.7459838517696106,56.47080272436142,0.509765625,False,False,6.279075441803379,,1.5851276900177553,29.106914721193895,0.521484375,False,False
confirm-U-w256-d61319-s1001-g04-random,20,U,256,61319,1001,random,False,104.64685136079788,0.20438838156405836,259.2312074303627,154.58435606956482,413.8155634999275,0.494140625,0.2528828313650804,3.2716268571640046,0.7839389253582217,,False,False,5.299225449562073e-07,,nonpositive_total_gain,,-10.885188269428909,1.0,False,False,1.4968349290716598,,0.0735344442877805,306.7812132500112,0.37890625,False,False,8.0,,129.14763426390567,18.044531114399433,0.548828125,False,True,3.158947054387576,,0.704941189301859,162.41287218220532,0.494140625,False,False,3.3369565516689,,0.8325310274602639,102.46144412434394,0.494140625,False,False
confirm-U-w256-d61319-s1001-g04-random,30,U,256,61319,1001,random,False,249.95002764463425,0.48818364774342626,413.5676044821739,163.61757683753967,577.1851813197136,0.40234375,0.43304997379373517,1.3658350145587486,0.13949449374179537,,False,False,5.013619859273177e-07,,nonpositive_total_gain,,-5.7386516141705215,0.865234375,False,False,0.8832421140045636,,0.033065426704461796,506.45804078504443,0.30859375,False,False,2.2332487065738182,,0.6483655748092646,249.13068986311555,0.44140625,False,False,1.3530673302886322,,0.13523341924417184,377.79436532408,0.40234375,False,False,1.3771524123412036,,0.1436441670465562,247.76462026755058,0.40625,False,False
confirm-U-w256-d61319-s1001-g04-uniform,1,U,256,61319,1001,uniform,False,0.9128626585006714,0.0017829348798841238,6.38948667049408,5.476624011993408,11.866110682487488,0.48046875,0.07693023290671921,,,constant_weights,False,False,4.6162555615222867e-07,,constant_weights,,-1.2065353663638234,1.0,False,False,,constant_weights,,4.243999481201172,0.48046875,False,False,,constant_weights,,-0.2988748550415039,0.544921875,False,False,,constant_weights,,1.972562313079834,0.466796875,False,False,,constant_weights,,-1.2725448387235474,0.525390625,False,False
confirm-U-w256-d61319-s1001-g04-uniform,3,U,256,61319,1001,uniform,False,18.769997596740723,0.036660151556134224,22.81217396259308,4.042176365852356,26.854350328445435,0.2578125,0.6989555646355975,,,constant_weights,False,False,4.091610511097743e-07,,constant_weights,,-2.6718007773160934,1.0,False,False,,constant_weights,,50.346572399139404,0.232421875,False,False,,constant_weights,,8.635223388671875,0.46484375,False,False,,constant_weights,,29.49089789390564,0.24609375,False,False,,constant_weights,,16.584590099516504,0.3046875,False,False
confirm-U-w256-d61319-s1001-g04-uniform,5,U,256,61319,1001,uniform,False,59.29213559627533,0.11580495233647525,62.851712465286255,3.5595768690109253,66.41128933429718,0.138671875,0.8928020550514254,,,constant_weights,False,False,3.750125567025808e-07,,constant_weights,,-10.818758263252676,1.0,False,False,,constant_weights,,173.05576360225677,0.111328125,False,False,,constant_weights,,15.639407396316528,0.3828125,False,False,,constant_weights,,94.34758549928665,0.119140625,False,False,,constant_weights,,57.106728099051104,0.15234375,False,False
confirm-U-w256-d61319-s1001-g04-uniform,10,U,256,61319,1001,uniform,False,186.34400391578674,0.363953132648021,187.53431797027588,1.1903140544891357,188.72463202476501,0.0234375,0.9873857053875942,,,constant_weights,False,False,3.948807716369629e-07,,constant_weights,,-5.31348027382046,1.0,False,False,,constant_weights,,514.450712621212,0.0234375,False,False,,constant_weights,,49.89479100704193,0.298828125,False,False,,constant_weights,,282.17275181412697,0.0234375,False,False,,constant_weights,,184.15859641856247,0.0234375,False,False
confirm-U-w256-d61319-s1001-g04-uniform,20,U,256,61319,1001,uniform,False,540.7369904518127,1.0561269344761968,540.7369904518127,-0.0,540.7369904518127,0.0,1.0,,,constant_weights,False,False,3.386909762648216e-07,,constant_weights,,-4.892036420293152,0.9765625,False,False,,constant_weights,,1226.7144766896963,0.0,False,False,,constant_weights,,400.38853174448013,0.04296875,False,False,,constant_weights,,813.5515042170882,0.0,False,False,,constant_weights,,538.5515835208327,0.0,False,False
confirm-U-w256-d61319-s1001-g04-uniform,30,U,256,61319,1001,uniform,False,842.0929498672485,1.6447127927094698,842.0929498672485,-0.0,842.0929498672485,0.0,1.0,,,constant_weights,False,False,3.337239224965316e-07,,constant_weights,,-2.6585175190120935,0.73046875,False,False,,constant_weights,,1368.7590240389109,0.0,False,False,,constant_weights,,1160.1783398129046,0.0,False,False,,constant_weights,,1264.4686819259077,0.0,False,False,,constant_weights,,839.9075418410334,0.0,False,False
confirm-U-w256-d61319-s1002-g00-random,1,U,256,61319,1002,random,False,-0.44191813468933105,-0.0008631213568150997,3.687677502632141,4.129595637321472,7.817273139953613,0.509765625,0.05653098296267966,,,nonpositive_total_gain,False,False,4.2406221231056085e-07,2.0172101278238017,,0.17801947960985579,0.038982813246548176,0.646484375,False,False,,nonpositive_total_gain,,-0.5651021003723145,0.525390625,False,False,,nonpositive_total_gain,,-0.7996394634246826,0.501953125,False,False,,nonpositive_total_gain,,-0.6823707818984985,0.51171875,False,False,,nonpositive_total_gain,,-2.8501627224057984,0.599609375,False,False
confirm-U-w256-d61319-s1002-g00-random,3,U,256,61319,1002,random,False,-1.624791145324707,-0.0031734202057123184,6.45068895816803,8.075480103492737,14.526169061660767,0.51171875,0.11185269415685473,,,nonpositive_total_gain,False,False,4.880130290985107e-07,1.3257909201504194,,0.04065662092896383,0.06108427979052067,0.443359375,False,False,,nonpositive_total_gain,,-2.2525670528411865,0.51171875,False,False,,nonpositive_total_gain,,-2.6828954219818115,0.51953125,False,False,,nonpositive_total_gain,,-2.467731237411499,0.51171875,False,False,,nonpositive_total_gain,,-4.033035733041174,0.576171875,False,False
confirm-U-w256-d61319-s1002-g00-random,5,U,256,61319,1002,random,False,-1.4343883991241455,-0.0028015398420393467,6.8010231256484985,8.235411524772644,15.036434650421143,0.509765625,0.09539418302755506,,,nonpositive_total_gain,False,False,4.200264811515808e-07,1.260321483944285,,0.0365678164625717,0.06364357564598322,0.482421875,False,False,,nonpositive_total_gain,,-1.826873779296875,0.5078125,False,False,,nonpositive_total_gain,,-2.539945602416992,0.48828125,False,False,,nonpositive_total_gain,,-2.1834096908569336,0.509765625,False,False,,nonpositive_total_gain,,-3.842632986840613,0.572265625,False,False
confirm-U-w256-d61319-s1002-g00-random,10,U,256,61319,1002,random,False,-0.11442458629608154,-0.00022348552010953426,7.646386981010437,7.7608115673065186,15.407198548316956,0.4765625,0.007426696419679813,,,nonpositive_total_gain,False,False,3.840153415951564e-07,,nonpositive_total_gain,,-0.05923541355878115,0.876953125,False,False,4.853664048529253,,1.2051160537144212,1.2807185649871826,0.490234375,False,False,,nonpositive_total_gain,,-1.564755916595459,0.501953125,False,False,,nonpositive_total_gain,,-0.14201867580413818,0.4765625,False,False,,nonpositive_total_gain,,-2.522669174012549,0.537109375,False,False
confirm-U-w256-d61319-s1002-g00-random,20,U,256,61319,1002,random,False,4.889113187789917,0.009549049194902182,12.885074496269226,7.995961308479309,20.881035804748535,0.42578125,0.23414131528274515,2.443751787331392,0.06265842612753257,,False,False,3.802900513001639e-07,,nonpositive_total_gain,,-1.1715470980852842,0.998046875,False,False,0.8177014621222667,,0.0010649341486490065,14.39185094833374,0.40234375,False,False,8.0,,9.645879590890225,1.4470300674438477,0.5,False,True,2.185589902735175,,0.04065083473216779,7.919440507888794,0.419921875,False,False,6.059118797991742,,0.8483323211272564,2.4808686000734497,0.458984375,False,False
confirm-U-w256-d61319-s1002-g00-random,30,U,256,61319,1002,random,False,9.935921669006348,0.019406097009778023,36.80641174316406,26.870490074157715,63.67690181732178,0.49609375,0.1560365122271624,6.086692073178852,0.8207798743620739,,False,False,3.6011139553648874e-07,,nonpositive_total_gain,,-8.233019277453423,0.998046875,False,False,1.7367620021909138,,0.03397018679025288,45.257712960243225,0.439453125,False,False,,nonpositive_total_gain,,-7.216931581497192,0.53515625,False,False,4.32722772039383,,0.3681116909850139,19.020390689373016,0.470703125,False,False,8.0,,1.8241919264695277,7.527677081289879,0.50390625,False,True
confirm-U-w256-d61319-s1002-g00-uniform,1,U,256,61319,1002,uniform,False,0.6132748126983643,0.0011978023685514927,2.903255343437195,2.2899805307388306,5.193235874176025,0.4921875,0.11809107607608296,,,constant_weights,False,False,3.67872416973114e-07,,constant_weights,,0.08160276059061289,0.267578125,False,False,,constant_weights,,0.9130029678344727,0.490234375,False,False,,constant_weights,,0.8452131748199463,0.50390625,False,False,,constant_weights,,0.8791080713272095,0.49609375,False,False,,constant_weights,,-1.794969775018103,0.609375,False,False
confirm-U-w256-d61319-s1002-g00-uniform,3,U,256,61319,1002,uniform,False,1.4278446435928345,0.002788759069517255,3.131187319755554,1.7033426761627197,4.834529995918274,0.376953125,0.29534301055083817,,,constant_weights,False,False,3.9177636305487516e-07,,constant_weights,,0.12096028681844473,0.041015625,False,False,,constant_weights,,2.524843692779541,0.404296875,False,False,,constant_weights,,1.6377220153808594,0.400390625,False,False,,constant_weights,,2.0812828540802,0.380859375,False,False,,constant_weights,,-0.9803999441236328,0.560546875,False,False
confirm-U-w256-d61319-s1002-g00-uniform,5,U,256,61319,1002,uniform,False,2.185111403465271,0.004267795709893107,3.3230714797973633,1.1379600763320923,4.461031556129456,0.310546875,0.48982200102640583,,,constant_weights,False,False,4.3647984663761075e-07,,constant_weights,,0.13866936694830656,0.056640625,False,False,,constant_weights,,4.125012397766113,0.34765625,False,False,,constant_weights,,2.2916419506073,0.404296875,False,False,,constant_weights,,3.2083271741867065,0.310546875,False,False,,constant_weights,,-0.22313318425119633,0.552734375,False,False
confirm-U-w256-d61319-s1002-g00-uniform,10,U,256,61319,1002,uniform,False,4.521682024002075,0.008831410203129053,5.669785022735596,1.1481029987335205,6.817888021469116,0.2578125,0.66320860796827,,,constant_weights,False,False,3.9581209421157837e-07,,constant_weights,,0.08011598605662584,0.431640625,False,False,,constant_weights,,9.395856618881226,0.302734375,False,False,,constant_weights,,4.0890727043151855,0.390625,False,False,,constant_weights,,6.742464661598206,0.2578125,False,False,,constant_weights,,2.113437436285608,0.412109375,False,False
confirm-U-w256-d61319-s1002-g00-uniform,20,U,256,61319,1002,uniform,False,27.53701615333557,0.05378323467448354,29.827901363372803,2.2908852100372314,32.118786573410034,0.1640625,0.8573492055933538,,,constant_weights,False,False,3.653888901167246e-07,,constant_weights,,-2.5784416142851114,0.99609375,False,False,,constant_weights,,75.00116562843323,0.197265625,False,False,,constant_weights,,10.188328742980957,0.380859375,False,False,,constant_weights,,42.59474718570709,0.158203125,False,False,,constant_weights,,25.128771565619104,0.234375,False,False
confirm-U-w256-d61319-s1002-g00-uniform,30,U,256,61319,1002,uniform,False,71.96059203147888,0.1405480313114822,74.84393048286438,2.883338451385498,77.72726893424988,0.11328125,0.9258088315485641,,,constant_weights,False,False,4.302710294723511e-07,,constant_weights,,-8.736521544866264,0.998046875,False,False,,constant_weights,,208.25828927755356,0.126953125,False,False,,constant_weights,,16.359992742538452,0.359375,False,False,,constant_weights,,112.309141010046,0.103515625,False,False,,constant_weights,,69.5523474437624,0.126953125,False,False
confirm-U-w256-d61319-s1002-g02-random,1,U,256,61319,1002,random,False,-2.8788095712661743,-0.005622674943879247,7.026856064796448,9.905665636062622,16.93252170085907,0.53515625,0.1700165883218752,,,nonpositive_total_gain,False,False,3.908450404814523e-07,,nonpositive_total_gain,,-0.19806230440735817,0.970703125,False,False,,nonpositive_total_gain,,-3.9911093711853027,0.546875,False,False,,nonpositive_total_gain,,-4.44725775718689,0.51171875,False,False,,nonpositive_total_gain,,-4.219183564186096,0.537109375,False,False,,nonpositive_total_gain,,-5.287054158982642,0.587890625,False,False
confirm-U-w256-d61319-s1002-g02-random,3,U,256,61319,1002,random,False,-1.0277652740478516,-0.00200735405087471,7.468599319458008,8.49636459350586,15.964963912963867,0.50390625,0.06437629797667666,,,nonpositive_total_gain,False,False,3.8308401902517586e-07,,nonpositive_total_gain,,-0.09704958740621805,0.962890625,False,False,,nonpositive_total_gain,,-0.6284449100494385,0.49609375,False,False,,nonpositive_total_gain,,-2.3578007221221924,0.513671875,False,False,,nonpositive_total_gain,,-1.4931228160858154,0.50390625,False,False,,nonpositive_total_gain,,-3.436009861764319,0.552734375,False,False
confirm-U-w256-d61319-s1002-g02-random,5,U,256,61319,1002,random,False,0.6844894886016846,0.0013368935324251652,8.113234281539917,7.428744792938232,15.54197907447815,0.478515625,0.04404133381737085,8.0,5.135310878537039,,False,True,3.6725153525684825e-07,,nonpositive_total_gain,,-0.35115819424390793,0.9921875,False,False,2.6543690938414053,,0.08557317249871002,3.1777453422546387,0.474609375,False,False,,nonpositive_total_gain,,-0.773120641708374,0.509765625,False,False,8.0,,3.4113222981358433,1.2023123502731323,0.47265625,False,True,,nonpositive_total_gain,,-1.7237550991147828,0.50390625,False,False
confirm-U-w256-d61319-s1002-g02-random,10,U,256,61319,1002,random,False,4.796613931655884,0.009368386585265398,26.41452467441559,21.617910742759705,48.03243541717529,0.498046875,0.09986197639149326,8.0,1.8116665134696155,,False,True,4.4082601865017e-07,,nonpositive_total_gain,,-4.024625585414469,0.998046875,False,False,1.9741260088368997,,0.06045805609964445,24.879568457603455,0.4765625,False,False,,nonpositive_total_gain,,-6.465105295181274,0.560546875,False,False,6.255036615262061,,0.8917329412661954,9.20723158121109,0.4921875,False,False,8.0,,10.31323344597597,2.3883693439394156,0.53125,False,True
confirm-U-w256-d61319-s1002-g02-random,20,U,256,61319,1002,random,False,13.411395013332367,0.02619413088541478,83.20548993349075,69.79409492015839,152.99958485364914,0.533203125,0.08765641440243749,8.0,7.142901979933956,,False,True,3.4086406230926514e-07,,nonpositive_total_gain,,-14.073047588579357,0.998046875,False,False,3.2932813593118158,,0.3113436803840939,80.29698964953423,0.474609375,False,False,,nonpositive_total_gain,,-25.989773750305176,0.55078125,False,False,8.0,,3.4046256930991796,27.153607949614525,0.525390625,False,True,8.0,,11.349383478747175,11.003150366011239,0.537109375,False,True
confirm-U-w256-d61319-s1002-g02-random,30,U,256,61319,1002,random,False,28.654009222984314,0.05596486176364124,131.83964598178864,103.18563675880432,235.02528274059296,0.548828125,0.12191883736445036,8.0,4.375613224513829,,False,True,4.110236963006386e-07,,nonpositive_total_gain,,-9.367520827800035,0.998046875,False,False,3.308793285677602,,0.454448790726251,115.67275355756283,0.482421875,False,False,,nonpositive_total_gain,,-20.343210637569427,0.56640625,False,False,8.0,,3.368117145680399,47.6647714599967,0.5390625,False,True,8.0,,5.4234783258108985,26.245764828982914,0.548828125,False,True
confirm-U-w256-d61319-s1002-g02-uniform,1,U,256,61319,1002,uniform,False,1.0930155515670776,0.0021347959991544485,3.9588669538497925,2.865851402282715,6.824718356132507,0.443359375,0.16015540781766086,,,constant_weights,False,False,3.557652235031128e-07,,constant_weights,,-0.08229752723127604,0.9609375,False,False,,constant_weights,,1.7379505634307861,0.46484375,False,False,,constant_weights,,1.6233952045440674,0.4609375,False,False,,constant_weights,,1.6806728839874268,0.439453125,False,False,,constant_weights,,-1.3152290361493897,0.544921875,False,False
confirm-U-w256-d61319-s1002-g02-uniform,3,U,256,61319,1002,uniform,False,3.4546945095062256,0.006747450213879347,4.656190037727356,1.2014955282211304,5.857685565948486,0.310546875,0.5897712450782318,,,constant_weights,False,False,4.4827659924882857e-07,,constant_weights,,0.038078770972788334,0.64453125,False,False,,constant_weights,,6.643393516540527,0.33203125,False,False,,constant_weights,,3.6825993061065674,0.3828125,False,False,,constant_weights,,5.162996411323547,0.30859375,False,False,,constant_weights,,1.0464499217897583,0.4453125,False,False
confirm-U-w256-d61319-s1002-g02-uniform,5,U,256,61319,1002,uniform,False,6.601757287979126,0.01289405720308423,7.889796733856201,1.2880394458770752,9.177836179733276,0.240234375,0.7193152240565471,,,constant_weights,False,False,5.041559537251068e-07,,constant_weights,,-0.09176210779696703,0.82421875,False,False,,constant_weights,,14.309609651565552,0.2421875,False,False,,constant_weights,,5.587422132492065,0.357421875,False,False,,constant_weights,,9.948515892028809,0.240234375,False,False,,constant_weights,,4.193512700262659,0.35546875,False,False
confirm-U-w256-d61319-s1002-g02-uniform,10,U,256,61319,1002,uniform,False,46.854483246803284,0.09151266259141266,49.91196155548096,3.0574783086776733,52.96943986415863,0.154296875,0.8845568948239344,,,constant_weights,False,False,4.0885061025619507e-07,,constant_weights,,-7.606965153478086,0.998046875,False,False,,constant_weights,,134.89191222190857,0.15625,False,False,,constant_weights,,13.278503179550171,0.392578125,False,False,,constant_weights,,74.08520770072937,0.1328125,False,False,,constant_weights,,44.446238659086816,0.1796875,False,False
confirm-U-w256-d61319-s1002-g02-uniform,20,U,256,61319,1002,uniform,False,158.7617231607437,0.31008149054832757,160.08074116706848,1.319018006324768,161.39975917339325,0.03125,0.9836552667354636,,,constant_weights,False,False,4.212682445936533e-07,,constant_weights,,-6.080620996654034,0.998046875,False,False,,constant_weights,,442.2554085254669,0.0390625,False,False,,constant_weights,,40.110379457473755,0.29296875,False,False,,constant_weights,,241.18289399147034,0.03125,False,False,,constant_weights,,156.3534785730272,0.033203125,False,False
confirm-U-w256-d61319-s1002-g02-uniform,30,U,256,61319,1002,uniform,False,272.95049691200256,0.533106439281255,273.3211019039154,0.3706049919128418,273.69170689582825,0.01171875,0.9972918069303875,,,constant_weights,False,False,3.65388890088969e-07,,constant_weights,,-3.5832984736189246,0.998046875,False,False,,constant_weights,,729.9059927463531,0.01953125,False,False,,constant_weights,,92.52879405021667,0.21875,False,False,,constant_weights,,411.2173933982849,0.01171875,False,False,,constant_weights,,270.54225232428604,0.01171875,False,False
confirm-U-w256-d61319-s1002-g04-random,1,U,256,61319,1002,random,False,-9.093249559402466,-0.01776025304570794,9.003965616226196,18.097215175628662,27.10118079185486,0.60546875,0.33552964460262197,,,nonpositive_total_gain,False,False,3.3962229888107043e-07,,nonpositive_total_gain,,-6.244799015112221,1.0,False,False,,nonpositive_total_gain,,-10.495419263839722,0.580078125,False,False,,nonpositive_total_gain,,-10.539527654647827,0.552734375,False,False,,nonpositive_total_gain,,-10.517473459243774,0.5859375,False,False,,nonpositive_total_gain,,-11.501494147118933,0.634765625,False,False
confirm-U-w256-d61319-s1002-g04-random,3,U,256,61319,1002,random,False,2.833615303039551,0.005534404888749123,12.022825002670288,9.189209699630737,21.212034702301025,0.451171875,0.133585266232483,4.754743480656857,0.35657980253829075,,False,False,3.923972447666957e-07,,nonpositive_total_gain,,-1.6798924840986729,0.99609375,False,False,0.693231307899189,,0.0025110269864172165,12.30230164527893,0.435546875,False,False,,nonpositive_total_gain,,-2.121574878692627,0.533203125,False,False,3.677829213693386,,0.1787877144602203,5.090363383293152,0.4453125,False,False,8.0,,46.3797553792186,0.42537071532308346,0.5,False,True
confirm-U-w256-d61319-s1002-g04-random,5,U,256,61319,1002,random,False,11.452829241752625,0.022368807112798095,31.262692093849182,19.809862852096558,51.07255494594574,0.482421875,0.22424625621087665,3.276015097799547,0.15024720563598035,,False,False,3.4458935260772705e-07,,nonpositive_total_gain,,-14.0163817377761,0.998046875,False,False,0.5929821815450749,,0.000919616534146881,58.77172386646271,0.390625,False,False,,nonpositive_total_gain,,-10.396856546401978,0.552734375,False,False,2.007807919856505,,0.023889686152446535,24.187433660030365,0.431640625,False,False,4.494037672244133,,0.37292694462623444,9.044584654036157,0.5,False,False
confirm-U-w256-d61319-s1002-g04-random,10,U,256,61319,1002,random,False,19.5372673869133,0.03815872536506504,83.31148356199265,63.774216175079346,147.085699737072,0.525390625,0.13282914261439285,8.0,2.4720166930610015,,False,True,4.150594274249242e-07,,nonpositive_total_gain,,-20.361590871587396,0.998046875,False,False,2.2053575132032317,,0.08658519555965866,104.31854456663132,0.416015625,False,False,,nonpositive_total_gain,,-25.345154881477356,0.5625,False,False,5.975042135775455,,1.0609294010579151,39.48669484257698,0.5078125,False,False,8.0,,3.470044218442206,17.129022739592173,0.529296875,False,True
confirm-U-w256-d61319-s1002-g04-random,20,U,256,61319,1002,random,False,68.16785454750061,0.13314034091308713,208.4631530046463,140.2952984571457,348.758451461792,0.5390625,0.19545864555190198,4.531005012439112,1.485885032769921,,False,False,3.7563343835422813e-07,,nonpositive_total_gain,,-14.88001696486026,0.998046875,False,False,1.8300047193976754,,0.12346256245768707,232.91499833762646,0.43359375,False,False,,nonpositive_total_gain,,-13.531416270881891,0.552734375,False,False,4.180051426702274,,1.212042513511406,109.69179103337228,0.53515625,False,False,4.716209332928437,,1.638103662774475,65.75961026153263,0.5390625,False,False
confirm-U-w256-d61319-s1002-g04-random,30,U,256,61319,1002,random,False,200.32504910230637,0.3912598615279421,343.86441534757614,143.53936624526978,487.4037815928459,0.431640625,0.41100429801270694,1.5829028659208615,0.17327600064403148,,False,False,4.88323469882701e-07,,nonpositive_total_gain,,-8.064289779402316,0.919921875,False,False,0.9700246523010447,,0.034559956907034964,442.1745669879019,0.3203125,False,False,3.025045761515047,,1.1838616803017492,166.8648510351777,0.45703125,False,False,1.5584829571530467,,0.16408431152635142,304.5197090115398,0.427734375,False,False,1.6017356713014053,,0.18068068450285701,197.9168046393871,0.431640625,False,False
confirm-U-w256-d61319-s1002-g04-uniform,1,U,256,61319,1002,uniform,False,-2.3614437580108643,-0.004612194839864969,6.963752627372742,9.325196385383606,16.288949012756348,0.529296875,0.1449721376229706,,,constant_weights,False,False,4.0636708339286676e-07,,constant_weights,,-1.7609019484370947,0.998046875,False,False,,constant_weights,,-1.4701642990112305,0.49609375,False,False,,constant_weights,,-3.8532791137695312,0.51953125,False,False,,constant_weights,,-2.661721706390381,0.521484375,False,False,,constant_weights,,-4.769688345727332,0.57421875,False,False
confirm-U-w256-d61319-s1002-g04-uniform,3,U,256,61319,1002,uniform,False,17.124884843826294,0.03344704071059823,20.28927493095398,3.1643900871276855,23.453665018081665,0.255859375,0.7301581578241106,,,constant_weights,False,False,4.579002658502973e-07,,constant_weights,,-1.477129453793168,0.99609375,False,False,,constant_weights,,45.26941156387329,0.248046875,False,False,,constant_weights,,7.582363128662109,0.447265625,False,False,,constant_weights,,26.4258873462677,0.248046875,False,False,,constant_weights,,14.716640256109827,0.326171875,False,False
confirm-U-w256-d61319-s1002-g04-uniform,5,U,256,61319,1002,uniform,False,57.626932978630066,0.11255260347388685,61.46073758602142,3.8338046073913574,65.29454219341278,0.15234375,0.8825689107051239,,,constant_weights,False,False,3.6756197611606534e-07,,constant_weights,,-8.937551509588957,0.998046875,False,False,,constant_weights,,168.07948088645935,0.150390625,False,False,,constant_weights,,13.738861799240112,0.390625,False,False,,constant_weights,,90.90917134284973,0.142578125,False,False,,constant_weights,,55.2186883909136,0.166015625,False,False
confirm-U-w256-d61319-s1002-g04-uniform,10,U,256,61319,1002,uniform,False,187.41729295253754,0.3660494002979249,188.40102899074554,0.9837360382080078,189.38476502895355,0.021484375,0.9896112441984696,,,constant_weights,False,False,3.7532299757003784e-07,,constant_weights,,-6.43306303024292,0.998046875,False,False,,constant_weights,,524.2424753904343,0.025390625,False,False,,constant_weights,,44.44246220588684,0.3203125,False,False,,constant_weights,,284.34246879816055,0.021484375,False,False,,constant_weights,,185.009048364821,0.0234375,False,False
confirm-U-w256-d61319-s1002-g04-uniform,20,U,256,61319,1002,uniform,False,520.2421447634697,1.0160979389911518,520.2421447634697,-0.0,520.2421447634697,0.0,1.0,,,constant_weights,False,False,2.939874927943009e-07,,constant_weights,,-4.810898644849658,0.96875,False,False,,constant_weights,,1248.607600081712,0.0,False,False,,constant_weights,,316.9297302365303,0.07421875,False,False,,constant_weights,,782.7686651591212,0.0,False,False,,constant_weights,,517.8339003545672,0.0,False,False
confirm-U-w256-d61319-s1002-g04-uniform,30,U,256,61319,1002,uniform,False,818.9806051254272,1.5995714943856,818.9806051254272,-0.0,818.9806051254272,0.0,1.0,,,constant_weights,False,False,3.4458935260772705e-07,,constant_weights,,-2.6909878659062088,0.75390625,False,False,,constant_weights,,1368.7456583119929,0.0,False,False,,constant_weights,,1090.8871429339051,0.0,False,False,,constant_weights,,1229.816400622949,0.0,False,False,,constant_weights,,816.572361293945,0.0,False,False
confirm-U-w256-d61319-s1003-g00-random,1,U,256,61319,1003,random,False,-0.08251333236694336,-0.00016115885227918625,3.0559418201446533,3.1384551525115967,6.19439697265625,0.509765625,0.013320640044733913,,,nonpositive_total_gain,False,False,4.324441154786307e-07,,nonpositive_total_gain,,-0.02293892204761505,0.646484375,False,False,1.797556847626923,,0.4079836604783628,0.5688683986663818,0.505859375,False,False,,nonpositive_total_gain,,-0.7934737205505371,0.548828125,False,False,,nonpositive_total_gain,,-0.11230266094207764,0.509765625,False,False,,nonpositive_total_gain,,-2.300372220811255,0.6015625,False,False
confirm-U-w256-d61319-s1003-g00-random,3,U,256,61319,1003,random,False,0.19683754444122314,0.00038444832898676395,4.129437685012817,3.9326001405715942,8.062037825584412,0.484375,0.024415358585464654,5.304357949940916,4.596352354793242,,False,False,3.9425988992026345e-07,0.09185215921351213,,0.0004703747336837602,0.025783264078199863,0.181640625,False,False,1.9306884721467803,,0.3070804046923393,0.9958641529083252,0.494140625,False,False,,nonpositive_total_gain,,-0.43113160133361816,0.462890625,False,False,5.434784300519734,,5.1108826936507645,0.2823662757873535,0.484375,False,False,,nonpositive_total_gain,,-2.0210213440030884,0.56640625,False,False
confirm-U-w256-d61319-s1003-g00-random,5,U,256,61319,1003,random,False,0.9930433034896851,0.0019395377021282911,4.152270674705505,3.1592273712158203,7.311498045921326,0.423828125,0.13581940352752309,1.627412910592335,0.03788200823412011,,False,False,3.7128726641279253e-07,0.14416257167705837,,0.001599158257881042,0.017579613253474236,0.341796875,False,False,0.9699097049683942,,0.01680544854576415,2.2795727252960205,0.458984375,False,False,3.8861278981769436,,0.5218515061727549,0.6819696426391602,0.427734375,False,False,1.6370516403938469,,0.03890993729895687,1.4807711839675903,0.423828125,False,False,,nonpositive_total_gain,,-1.2248155849546265,0.521484375,False,False
confirm-U-w256-d61319-s1003-g00-random,10,U,256,61319,1003,random,False,2.2527613639831543,0.004399924539029598,5.867216110229492,3.614454746246338,9.48167085647583,0.408203125,0.23759117966476911,1.307317789733533,0.016957243529853235,,False,False,3.91155481338501e-07,,nonpositive_total_gain,,-0.1580291809514165,0.939453125,False,False,0.6573361340043185,,0.0032394844007252416,5.323775053024292,0.388671875,False,False,3.2462025583174423,,0.41988068605387296,1.592545509338379,0.42578125,False,False,1.2667047356159569,,0.014790501823724102,3.4581602811813354,0.408203125,False,False,8.0,,1018.8262266718308,0.03490247553884274,0.494140625,False,True
confirm-U-w256-d61319-s1003-g00-random,20,U,256,61319,1003,random,False,6.445260763168335,0.012588399928063154,18.77893888950348,12.333678126335144,31.112617015838623,0.44921875,0.20715906861474304,2.4822953505765564,0.11858322331623837,,False,False,4.091610511236521e-07,,nonpositive_total_gain,,-2.129688400775194,1.0,False,False,0.9762231894053162,,0.0033684532638290654,20.01186716556549,0.408203125,False,False,8.0,,21.50063572294253,1.4536058902740479,0.46875,False,True,2.1999539815412854,,0.07458673242123293,10.73273652791977,0.443359375,False,False,3.847370457892399,,0.5372853917785517,4.227401874724023,0.478515625,False,False
confirm-U-w256-d61319-s1003-g00-random,30,U,256,61319,1003,random,False,9.68850553035736,0.01892286236397922,34.278202295303345,24.589696764945984,58.86789906024933,0.478515625,0.16458045360921578,4.609786694377162,0.7654258608489146,,False,False,3.632158041000366e-07,,nonpositive_total_gain,,-5.887242168188095,1.0,False,False,1.3047415759988814,,0.00821231161142434,44.65262293815613,0.384765625,False,False,,nonpositive_total_gain,,-9.69985830783844,0.544921875,False,False,3.82380480276124,,0.42529440546812475,17.476382315158844,0.46875,False,False,5.948823121323092,,1.6026533203242908,7.470646641913048,0.5,False,False
confirm-U-w256-d61319-s1003-g00-uniform,1,U,256,61319,1003,uniform,False,0.6335312128067017,0.0012373656500130892,2.430737853050232,1.7972066402435303,4.227944493293762,0.45703125,0.1498437866938863,,,constant_weights,False,False,4.675239324569702e-07,,constant_weights,,6.150640547275543e-05,0.447265625,False,False,,constant_weights,,1.3238966464996338,0.4609375,False,False,,constant_weights,,0.5766417980194092,0.484375,False,False,,constant_weights,,0.9502692222595215,0.45703125,False,False,,constant_weights,,-1.58432767563761,0.595703125,False,False
confirm-U-w256-d61319-s1003-g00-uniform,3,U,256,61319,1003,uniform,False,1.5163990259170532,0.0029617168474942446,3.043831944465637,1.527432918548584,4.571264863014221,0.376953125,0.3317241663650098,,,constant_weights,False,False,4.2188912630081177e-07,,constant_weights,,0.04403518792241812,0.07421875,False,False,,constant_weights,,2.639881134033203,0.390625,False,False,,constant_weights,,1.8652763366699219,0.404296875,False,False,,constant_weights,,2.2525787353515625,0.376953125,False,False,,constant_weights,,-0.7014598625272583,0.55078125,False,False
confirm-U-w256-d61319-s1003-g00-uniform,5,U,256,61319,1003,uniform,False,2.483333110809326,0.004850259982049465,3.8068093061447144,1.3234761953353882,5.1302855014801025,0.330078125,0.4840535892384307,,,constant_weights,False,False,4.330649971961975e-07,,constant_weights,,0.054059301503002644,0.150390625,False,False,,constant_weights,,4.797965049743652,0.34765625,False,False,,constant_weights,,2.5979864597320557,0.396484375,False,False,,constant_weights,,3.697975754737854,0.33203125,False,False,,constant_weights,,0.2654742223650146,0.494140625,False,False
confirm-U-w256-d61319-s1003-g00-uniform,10,U,256,61319,1003,uniform,False,5.82763147354126,0.011382092721760273,7.095280766487122,1.2676492929458618,8.362930059432983,0.244140625,0.6968408718147739,,,constant_weights,False,False,4.2313088973366855e-07,,constant_weights,,-0.10275228787213564,0.83203125,False,False,,constant_weights,,12.36730146408081,0.271484375,False,False,,constant_weights,,5.218345880508423,0.37109375,False,False,,constant_weights,,8.792823672294617,0.2421875,False,False,,constant_weights,,3.609772585096948,0.41015625,False,False
confirm-U-w256-d61319-s1003-g00-uniform,20,U,256,61319,1003,uniform,False,29.18738090991974,0.05700660333968699,33.11154890060425,3.9241679906845093,37.03571689128876,0.244140625,0.7880873751031658,,,constant_weights,False,False,4.1350722312927246e-07,,constant_weights,,-3.047200250439346,1.0,False,False,,constant_weights,,79.9058039188385,0.205078125,False,False,,constant_weights,,10.703545331954956,0.42578125,False,False,,constant_weights,,45.30467462539673,0.232421875,False,False,,constant_weights,,26.969522021475427,0.29296875,False,False
confirm-U-w256-d61319-s1003-g00-uniform,30,U,256,61319,1003,uniform,False,70.04412019252777,0.1368049222510308,72.24860370159149,2.2044835090637207,74.45308721065521,0.111328125,0.9407819449359722,,,constant_weights,False,False,3.6756197613341257e-07,,constant_weights,,-7.213068050332367,1.0,False,False,,constant_weights,,201.8734152317047,0.08984375,False,False,,constant_weights,,15.472015619277954,0.4140625,False,False,,constant_weights,,108.67271542549133,0.09765625,False,False,,constant_weights,,67.82626130408345,0.1328125,False,False
confirm-U-w256-d61319-s1003-g02-random,1,U,256,61319,1003,random,False,-0.6586282253265381,-0.0012863832525908947,5.007861375808716,5.666489601135254,10.67435097694397,0.5234375,0.06170194579034735,,,nonpositive_total_gain,False,False,4.675239324569702e-07,,nonpositive_total_gain,,-0.3205609302967787,0.998046875,False,False,2.8187713245976256,,2.13949661516886,0.49514317512512207,0.517578125,False,False,,nonpositive_total_gain,,-2.150472640991211,0.537109375,False,False,,nonpositive_total_gain,,-0.8276647329330444,0.515625,False,False,,nonpositive_total_gain,,-2.8764871137708496,0.591796875,False,False
confirm-U-w256-d61319-s1003-g02-random,3,U,256,61319,1003,random,False,0.876816987991333,0.0017125331796705723,6.127460956573486,5.250643968582153,11.37810492515564,0.462890625,0.077061777313443,3.2607730438844857,0.5689585669192747,,False,False,4.1350722312927246e-07,,nonpositive_total_gain,,-0.13962522614747286,0.9375,False,False,1.124920383966094,,0.03450873172119118,3.1539719104766846,0.455078125,False,False,,nonpositive_total_gain,,-0.38388895988464355,0.45703125,False,False,3.113879791564911,,0.483045242422205,1.3850414752960205,0.462890625,False,False,,nonpositive_total_gain,,-1.3410419004529786,0.52734375,False,False
confirm-U-w256-d61319-s1003-g02-random,5,U,256,61319,1003,random,False,3.506445050239563,0.0068485254887491465,8.217761874198914,4.711316823959351,12.929078698158264,0.41015625,0.271206103087535,1.25802528830922,0.011317674126104516,,False,False,4.951531688349164e-07,,nonpositive_total_gain,,-0.8449955247342587,0.998046875,False,False,0.4253649401329659,,0.0021491297495378646,8.940412282943726,0.35546875,False,False,3.4192664906312333,,0.6969751098182813,2.4239206314086914,0.4296875,False,False,1.1272604828279564,,0.00698080107683189,5.6821664571762085,0.396484375,False,False,3.8635465808537375,,0.7043757405899274,1.2885861617952514,0.47265625,False,False
confirm-U-w256-d61319-s1003-g02-random,10,U,256,61319,1003,random,False,7.561619162559509,0.014768787426874042,26.668840408325195,19.107221245765686,45.77606165409088,0.482421875,0.16518719368431617,3.802956695900762,0.4474882167341156,,False,False,4.426886638098093e-07,,nonpositive_total_gain,,-4.5356663931161165,1.0,False,False,1.1729810301577577,,0.004817982712709566,30.891008734703064,0.400390625,False,False,,nonpositive_total_gain,,-3.670470356941223,0.537109375,False,False,3.153149094076119,,0.23560121046273103,13.61026918888092,0.470703125,False,False,5.278866458599254,,1.2698268603541256,5.343760274115198,0.49609375,False,False
confirm-U-w256-d61319-s1003-g02-random,20,U,256,61319,1003,random,False,23.14419060945511,0.04520349728409201,68.43219178915024,45.28800117969513,113.72019296884537,0.4765625,0.2035187419686815,4.680833116684869,0.8315253602885456,,False,False,4.77458039938039e-07,,nonpositive_total_gain,,-11.201047896407545,1.0,False,False,1.7220183475044593,,0.024338291891931336,91.89501422643661,0.384765625,False,False,,nonpositive_total_gain,,-11.261400818824768,0.548828125,False,False,4.014539748814339,,0.519894747475656,40.31680670380592,0.4609375,False,False,5.1763322503112565,,1.1124362083641417,20.92633172101079,0.48046875,False,False
confirm-U-w256-d61319-s1003-g02-random,30,U,256,61319,1003,random,False,30.017065167427063,0.05862708040513098,118.20366096496582,88.18659579753876,206.39025676250458,0.529296875,0.14543838279133503,6.535343858032555,3.0558542112568365,,False,False,5.165735880441336e-07,,nonpositive_total_gain,,-9.763113411143422,1.0,False,False,2.4018973209825965,,0.1310141389856065,125.94851312041283,0.4140625,False,False,,nonpositive_total_gain,,-26.134200915694237,0.560546875,False,False,5.939573491933085,,2.3334530677818845,49.907156102359295,0.529296875,False,False,7.018613132679091,,3.7000349796188385,27.79920614487228,0.529296875,False,False
confirm-U-w256-d61319-s1003-g02-uniform,1,U,256,61319,1003,uniform,False,1.0851728916168213,0.002119478303939104,3.7976934909820557,2.7125205993652344,6.51021409034729,0.4296875,0.16668774276191772,,,constant_weights,False,False,3.734603524208069e-07,,constant_weights,,-0.12947911769151688,0.90625,False,False,,constant_weights,,2.2495903968811035,0.427734375,False,False,,constant_weights,,1.1354215145111084,0.45703125,False,False,,constant_weights,,1.692505955696106,0.4296875,False,False,,constant_weights,,-1.1326859968274903,0.54296875,False,False
confirm-U-w256-d61319-s1003-g02-uniform,3,U,256,61319,1003,uniform,False,3.9217945337295532,0.007659754948690534,5.771840333938599,1.8500458002090454,7.621886134147644,0.30078125,0.5145438366179591,,,constant_weights,False,False,3.5297125577926636e-07,,constant_weights,,-0.13499713689088821,0.8984375,False,False,,constant_weights,,8.230488777160645,0.328125,False,False,,constant_weights,,3.669890880584717,0.3828125,False,False,,constant_weights,,5.950189828872681,0.30078125,False,False,,constant_weights,,1.7039356452852417,0.443359375,False,False
confirm-U-w256-d61319-s1003-g02-uniform,5,U,256,61319,1003,uniform,False,9.027051210403442,0.017630959395319223,10.757523775100708,1.7304725646972656,12.487996339797974,0.248046875,0.722858252419177,,,constant_weights,False,False,3.9301812648773193e-07,,constant_weights,,-0.6524750469252467,0.99609375,False,False,,constant_weights,,21.021528244018555,0.25,False,False,,constant_weights,,6.712102651596069,0.388671875,False,False,,constant_weights,,13.866815447807312,0.236328125,False,False,,constant_weights,,6.809192321959131,0.3515625,False,False
confirm-U-w256-d61319-s1003-g02-uniform,10,U,256,61319,1003,uniform,False,47.820563316345215,0.09339953772723675,50.506267070770264,2.685703754425049,53.19197082519531,0.142578125,0.8990184528694726,,,constant_weights,False,False,4.203369220086295e-07,,constant_weights,,-7.690966311842203,1.0,False,False,,constant_weights,,138.9575103521347,0.1171875,False,False,,constant_weights,,12.195149898529053,0.416015625,False,False,,constant_weights,,75.57633012533188,0.138671875,False,False,,constant_weights,,45.6027044279009,0.166015625,False,False
confirm-U-w256-d61319-s1003-g02-uniform,20,U,256,61319,1003,uniform,False,153.60346734523773,0.30000677215866745,154.51729774475098,0.9138303995132446,155.43112814426422,0.03125,0.988241346370914,,,constant_weights,False,False,4.246830940246582e-07,,constant_weights,,-5.3953351974487305,1.0,False,False,,constant_weights,,427.17774271965027,0.033203125,False,False,,constant_weights,,39.02799034118652,0.333984375,False,False,,constant_weights,,233.1028665304184,0.029296875,False,False,,constant_weights,,151.38560845679336,0.037109375,False,False
confirm-U-w256-d61319-s1003-g02-uniform,30,U,256,61319,1003,uniform,False,259.9863197207451,0.5077857807045802,260.326121032238,0.3398013114929199,260.6659223437309,0.005859375,0.9973928213673835,,,constant_weights,False,False,3.86809309305125e-07,,constant_weights,,-3.443563505075872,1.0,False,False,,constant_weights,,689.819095492363,0.0078125,False,False,,constant_weights,,93.58343350887299,0.25390625,False,False,,constant_weights,,391.701264500618,0.005859375,False,False,,constant_weights,,257.7684608323007,0.005859375,False,False
confirm-U-w256-d61319-s1003-g04-random,1,U,256,61319,1003,random,False,-3.2282652854919434,-0.006305205635726452,6.7209930419921875,9.94925832748413,16.67025136947632,0.57421875,0.1936542655501275,,,nonpositive_total_gain,False,False,4.1443854570388794e-07,,nonpositive_total_gain,,-1.781150633469224,1.0,False,False,,nonpositive_total_gain,,-3.1477231979370117,0.515625,False,False,,nonpositive_total_gain,,-4.755923271179199,0.5234375,False,False,,nonpositive_total_gain,,-3.9518232345581055,0.5625,False,False,,nonpositive_total_gain,,-5.446124173936255,0.6015625,False,False
confirm-U-w256-d61319-s1003-g04-random,3,U,256,61319,1003,random,False,-0.43791139125823975,-0.0008552956860512495,15.286318063735962,15.724229454994202,31.010547518730164,0.46875,0.014121369221028562,,,nonpositive_total_gain,False,False,3.964329759326146e-07,,nonpositive_total_gain,,-2.8339868681505322,1.0,False,False,1.9957452036203729,,0.0927596974612016,8.388785600662231,0.40234375,False,False,,nonpositive_total_gain,,-6.868537783622742,0.52734375,False,False,8.0,,60.66414903186545,0.7601239085197449,0.45703125,False,True,,nonpositive_total_gain,,-2.6557702797025513,0.50390625,False,False
confirm-U-w256-d61319-s1003-g04-random,5,U,256,61319,1003,random,False,11.25488817691803,0.021982203470543027,31.037073016166687,19.782184839248657,50.819257855415344,0.46484375,0.22146895983682097,3.131959557184498,0.17266561178256948,,False,False,3.5514434178901544e-07,,nonpositive_total_gain,,-11.625174140557647,1.0,False,False,0.7772811386873708,,0.0008554375005219308,50.22692000865936,0.390625,False,False,,nonpositive_total_gain,,-4.837081670761108,0.51953125,False,False,2.1417644086755696,,0.04278348436569515,22.694919168949127,0.431640625,False,False,3.9885291994028598,,0.3829363902167107,9.037029288473718,0.482421875,False,False
confirm-U-w256-d61319-s1003-g04-random,10,U,256,61319,1003,random,False,25.500690162181854,0.049806035473011434,82.5310315489769,57.030341386795044,139.56137293577194,0.51171875,0.18272025866295843,5.340673884251945,1.3836712594034235,,False,False,4.246830940246582e-07,,nonpositive_total_gain,,-19.463510245084763,1.0,False,False,1.6706409069290489,,0.023800635665464805,120.0907091498375,0.37109375,False,False,,nonpositive_total_gain,,-24.125118911266327,0.556640625,False,False,4.280335105414333,,0.7012842747638636,47.98279511928558,0.490234375,False,False,5.822010174498597,,1.77082391948674,23.282831482353792,0.5234375,False,False
confirm-U-w256-d61319-s1003-g04-random,20,U,256,61319,1003,random,False,83.86508852243423,0.16379900102037936,230.09420293569565,146.2291144132614,376.32331734895706,0.498046875,0.2228538191925743,3.3506115163866577,1.1122202073410077,,False,False,5.497907598073226e-07,,nonpositive_total_gain,,-12.05727385636419,1.0,False,False,1.625575636846424,,0.11224141083209502,252.19286630675197,0.392578125,False,False,8.0,,265.3000739366403,11.459678277373314,0.546875,False,True,3.206307337532056,,0.9676271869253561,131.82627229206264,0.498046875,False,False,3.4308218240207764,,1.1960731031088947,81.6472296339899,0.498046875,False,False
confirm-U-w256-d61319-s1003-g04-random,30,U,256,61319,1003,random,False,226.24770855903625,0.4418900557793677,394.26897406578064,168.02126550674438,562.290239572525,0.416015625,0.40236819463741463,1.405547768562431,0.17614987482620248,,False,False,5.631397166361296e-07,,nonpositive_total_gain,,-8.647350719198585,0.9140625,False,False,0.8751015181475124,,0.03631210128377088,485.3635391872376,0.31640625,False,False,2.4409456389856743,,1.0621029881387651,202.02694622799754,0.43359375,False,False,1.3858540909255836,,0.1676129325031193,343.6952427076176,0.4140625,False,False,1.4179235119030755,,0.1816738842795987,224.0298497031882,0.416015625,False,False
confirm-U-w256-d61319-s1003-g04-uniform,1,U,256,61319,1003,uniform,False,-0.6641532182693481,-0.0012971742544323206,6.964722514152527,7.628875732421875,14.593598246574402,0.513671875,0.04550990146828571,,,constant_weights,False,False,4.783893624944399e-07,,constant_weights,,-0.9670514082536101,1.0,False,False,,constant_weights,,0.5605401992797852,0.505859375,False,False,,constant_weights,,-1.5859360694885254,0.525390625,False,False,,constant_weights,,-0.5126979351043701,0.509765625,False,False,,constant_weights,,-2.8820121067136597,0.556640625,False,False
confirm-U-w256-d61319-s1003-g04-uniform,3,U,256,61319,1003,uniform,False,17.632421851158142,0.034438323928043246,20.49891209602356,2.8664902448654175,23.365402340888977,0.2265625,0.754638058181509,,,constant_weights,False,False,4.082297285420977e-07,,constant_weights,,-2.234298919327557,1.0,False,False,,constant_weights,,48.27867364883423,0.19140625,False,False,,constant_weights,,6.852888107299805,0.439453125,False,False,,constant_weights,,27.565780878067017,0.21875,False,False,,constant_weights,,15.41456296271383,0.279296875,False,False
confirm-U-w256-d61319-s1003-g04-uniform,5,U,256,61319,1003,uniform,False,55.14164340496063,0.10769852227531374,58.219165086746216,3.0775216817855835,61.2966867685318,0.138671875,0.8995860349383351,,,constant_weights,False,False,4.302710294723511e-07,,constant_weights,,-11.07833209168166,1.0,False,False,,constant_weights,,164.25918841362,0.10546875,False,False,,constant_weights,,12.244070768356323,0.412109375,False,False,,constant_weights,,88.25162959098816,0.12109375,False,False,,constant_weights,,52.92378451651632,0.15234375,False,False
confirm-U-w256-d61319-s1003-g04-uniform,10,U,256,61319,1003,uniform,False,196.58681750297546,0.38395862793549895,197.2719897031784,0.6851722002029419,197.95716190338135,0.025390625,0.9930775709894512,,,constant_weights,False,False,3.663202126635845e-07,,constant_weights,,-6.296422102488577,1.0,False,False,,constant_weights,,538.3675433397293,0.017578125,False,False,,constant_weights,,57.68934082984924,0.267578125,False,False,,constant_weights,,298.0284420847893,0.0234375,False,False,,constant_weights,,194.3689586145311,0.02734375,False,False
confirm-U-w256-d61319-s1003-g04-uniform,20,U,256,61319,1003,uniform,False,553.7230359315872,1.0814903045538813,553.7230359315872,-0.0,553.7230359315872,0.0,1.0,,,constant_weights,False,False,3.681828577573043e-07,,constant_weights,,-4.615324323065579,0.984375,False,False,,constant_weights,,1250.5151262320578,0.0,False,False,,constant_weights,,415.2693065702915,0.046875,False,False,,constant_weights,,832.8922164011747,0.0,False,False,,constant_weights,,551.5051772070557,0.0,False,False
confirm-U-w256-d61319-s1003-g04-uniform,30,U,256,61319,1003,uniform,False,844.5151634216309,1.6494436785578728,844.5151634216309,-0.0,844.5151634216309,0.0,1.0,,,constant_weights,False,False,3.0950953555652916e-07,,constant_weights,,-2.481768198311329,0.787109375,False,False,,constant_weights,,1379.8306438000873,0.0,False,False,,constant_weights,,1156.1966183260083,0.0,False,False,,constant_weights,,1268.0136310630478,0.0,False,False,,constant_weights,,842.2973043022189,0.0,False,False
confirm-U-w64-d61103-s1001-g04-random,1,U,64,61103,1001,random,False,3.800187349319458,0.007422240916639566,6.558151841163635,2.7579644918441772,9.316116333007812,0.376953125,0.4079154031015116,0.424080220231823,0.0008793638480150312,,False,False,4.172325134277344e-07,0.01811239481217953,,5.673970451458295e-05,6.02140200138092,0.013671875,False,False,0.5959331419747225,,0.003198961314795974,4.96274209022522,0.41015625,False,False,8.0,,4.3931354978365,0.4164102077484131,0.48046875,False,True,1.2942585993232392,,0.01074047542988559,2.6895761489868164,0.4375,False,False,,nonpositive_total_gain,,-74.90670321160258,0.998046875,False,False
confirm-U-w64-d61103-s1001-g04-random,3,U,64,61103,1001,random,False,13.064989566802979,0.025517557747662067,14.496415853500366,1.4314262866973877,15.927842140197754,0.185546875,0.8202611158375511,0.19140155496507355,0.0004742621178498562,,False,False,4.967053731236293e-07,0.0030331767469592673,,1.667455890001526e-05,24.44588789343834,0.0,False,False,0.3571224568018314,,0.0006012084378904399,11.970075607299805,0.35546875,False,False,2.9930560462163385,,0.10584964027683792,2.7790112495422363,0.466796875,False,False,0.6335155953447933,,0.0007037579175608808,7.3745434284210205,0.40234375,False,False,,nonpositive_total_gain,,-65.64190099411906,0.990234375,False,False
confirm-U-w64-d61103-s1001-g04-random,5,U,64,61103,1001,random,False,21.285404324531555,0.041573055321350694,21.916738271713257,0.6313339471817017,22.54807221889496,0.09375,0.9440010710403302,0.16261292827281404,0.0003375405100076983,,False,False,5.066394805908203e-07,0.0019367271047591797,,1.0074035385890136e-05,37.71686106920242,0.0,False,False,0.2984458185588684,,0.0005583235391191085,21.454301118850708,0.318359375,False,False,1.7705042265303668,,0.02556395854552746,4.685051202774048,0.49609375,False,False,0.4558130641034628,,0.00030006599134091004,13.069676160812378,0.353515625,False,False,,nonpositive_total_gain,,-57.42148623639048,0.966796875,False,False
confirm-U-w64-d61103-s1001-g04-random,10,U,64,61103,1001,random,False,30.254438757896423,0.05909070069901645,37.23759412765503,6.983155369758606,44.220749497413635,0.2421875,0.6841683847910794,0.3992917293762156,0.0007193996106077376,,False,False,3.7749608357284803e-07,0.007169815546168858,,1.3488588291171418e-05,50.20195320248604,0.0,False,False,0.6868520247748517,,0.0009198113094883341,38.82694756984711,0.35546875,False,False,8.0,,13.016887780346897,1.7344071865081787,0.4921875,False,True,1.3049733515059052,,0.009516531349165682,20.280677378177643,0.373046875,False,False,,nonpositive_total_gain,,-48.45245180302561,0.833984375,False,False
confirm-U-w64-d61103-s1001-g04-random,20,U,64,61103,1001,random,False,51.35394537448883,0.1003006745595485,64.26655435562134,12.912608981132507,77.17916333675385,0.265625,0.6653861373233276,0.6255996870077143,0.0003079874823777662,,False,False,5.165735880510725e-07,0.009685766120828748,,1.5754906464647875e-05,64.387425750494,0.00390625,False,False,0.8063412046322462,,0.0010093877364255725,82.13090789318085,0.314453125,False,False,8.0,,2.79945549410843,7.543498158454895,0.474609375,False,True,1.4728571641727841,,0.011326152652540774,44.83720302581787,0.35546875,False,False,,nonpositive_total_gain,,-27.352945186433203,0.662109375,False,False
confirm-U-w64-d61103-s1001-g04-random,30,U,64,61103,1001,random,False,74.66737771034241,0.14583472209051251,89.74765169620514,15.080273985862732,104.82792568206787,0.255859375,0.7122851780621964,0.7405243096980743,5.1842207323830076e-05,,False,False,4.867712656668466e-07,0.009630210647453109,,1.205700376712768e-05,77.44494357705116,0.0078125,False,False,0.6905555601809505,,0.0001862758683220588,139.19313895702362,0.28515625,False,False,8.0,,12.151150982487941,7.364045023918152,0.501953125,False,True,1.4773304469023048,,0.00986811521881373,73.27859199047089,0.365234375,False,False,,nonpositive_total_gain,,-4.039512850579627,0.56640625,False,False
confirm-U-w64-d61103-s1001-g04-uniform,1,U,64,61103,1001,uniform,False,7.714595079421997,0.015067568514496088,7.9959187507629395,0.2813236713409424,8.277242422103882,0.099609375,0.9320247838604595,,,constant_weights,False,False,4.967053731288334e-07,,constant_weights,,10.704184651374817,0.0,False,False,,constant_weights,,8.638864517211914,0.27734375,False,False,,constant_weights,,3.800752878189087,0.38671875,False,False,,constant_weights,,6.2198086977005005,0.25390625,False,False,,constant_weights,,-70.99229548150004,0.998046875,False,False
confirm-U-w64-d61103-s1001-g04-uniform,3,U,64,61103,1001,uniform,False,20.456194043159485,0.03995350399054587,20.456194043159485,-0.0,20.456194043159485,0.0,1.0,,,constant_weights,False,False,4.5696894327568183e-07,,constant_weights,,33.84781691431999,0.0,False,False,,constant_weights,,19.34941053390503,0.12890625,False,False,,constant_weights,,8.171355485916138,0.2734375,False,False,,constant_weights,,13.760383009910583,0.1015625,False,False,,constant_weights,,-58.25069651776255,0.994140625,False,False
confirm-U-w64-d61103-s1001-g04-uniform,5,U,64,61103,1001,uniform,False,32.177497148513794,0.062846674118191,32.177497148513794,-0.0,32.177497148513794,0.0,1.0,,,constant_weights,False,False,4.0729840596054334e-07,,constant_weights,,50.51060971617699,0.0,False,False,,constant_weights,,35.4003643989563,0.095703125,False,False,,constant_weights,,10.621524333953857,0.3046875,False,False,,constant_weights,,23.010944366455078,0.09375,False,False,,constant_weights,,-46.52939341240824,0.94140625,False,False
confirm-U-w64-d61103-s1001-g04-uniform,10,U,64,61103,1001,uniform,False,65.55204999446869,0.12803134764544666,65.71967303752899,0.16762304306030273,65.8872960805893,0.009765625,0.9949118251003873,,,constant_weights,False,False,4.1226545969413886e-07,,constant_weights,,74.7441949993372,0.0,False,False,,constant_weights,,103.98419189453125,0.11328125,False,False,,constant_weights,,17.927764177322388,0.3203125,False,False,,constant_weights,,60.95597803592682,0.103515625,False,False,,constant_weights,,-13.154840566453345,0.654296875,False,False
confirm-U-w64-d61103-s1001-g04-uniform,20,U,64,61103,1001,uniform,False,124.74083125591278,0.24363443604670465,124.79658591747284,0.055754661560058594,124.8523405790329,0.00390625,0.9991068703830224,,,constant_weights,False,False,4.867712656564382e-07,,constant_weights,,105.017956122756,0.0,False,False,,constant_weights,,239.8507524728775,0.029296875,False,False,,constant_weights,,29.353781938552856,0.380859375,False,False,,constant_weights,,134.60226720571518,0.046875,False,False,,constant_weights,,46.03394069499075,0.236328125,False,False
confirm-U-w64-d61103-s1001-g04-uniform,30,U,64,61103,1001,uniform,False,168.72429883480072,0.32953964616172016,168.82465720176697,0.10035836696624756,168.92501556873322,0.009765625,0.9988117998198388,,,constant_weights,False,False,4.3710072836211644e-07,,constant_weights,,119.12311960756779,0.0,False,False,,constant_weights,,348.1776984333992,0.02734375,False,False,,constant_weights,,38.872074842453,0.384765625,False,False,,constant_weights,,193.5248866379261,0.037109375,False,False,,constant_weights,,90.01740827387866,0.08984375,False,False
confirm-U-w64-d61103-s1002-g04-random,1,U,64,61103,1002,random,False,3.549850583076477,0.006933301920071244,6.435694932937622,2.885844349861145,9.321539282798767,0.36328125,0.3808223594173004,0.18659368600789877,0.0035361724608567796,,False,False,4.172325134277344e-07,0.009012640477671637,,1.2797797222478604e-05,6.189196318387985,0.00390625,False,False,0.25454343848714645,,0.004278515825600229,3.853743553161621,0.42578125,False,False,6.579129912030222,,0.44094199149007507,0.6066110134124756,0.5,False,False,0.5811991257764906,,0.01148392293850696,2.2301772832870483,0.431640625,False,False,,nonpositive_total_gain,,-73.50563976937235,1.0,False,False
confirm-U-w64-d61103-s1002-g04-random,3,U,64,61103,1002,random,False,12.744224786758423,0.024891064036637545,13.861261487007141,1.1170367002487183,14.97829818725586,0.1796875,0.8508459791247662,0.1113690732544291,0.0006671688825526793,,False,False,4.5696894327568183e-07,0.005775709101009276,,2.4378511429820072e-06,24.771746665239334,0.0,False,False,0.1877695001766717,,0.0013366897115958776,10.649291276931763,0.37109375,False,False,1.793432441802473,,0.006122941065255021,2.8116302490234375,0.4453125,False,False,0.34721606103713554,,0.0030412890089746964,6.7304607629776,0.341796875,False,False,,nonpositive_total_gain,,-64.3112655656904,0.99609375,False,False
confirm-U-w64-d61103-s1002-g04-random,5,U,64,61103,1002,random,False,19.47578525543213,0.03803864307701588,21.461750030517578,1.9859647750854492,23.447714805603027,0.162109375,0.8306048336436703,0.17660415205356428,0.0008358498790911122,,False,False,4.5696894327568183e-07,0.006695808050251875,,1.98954551076166e-06,36.573514968156815,0.0,False,False,0.2968038244704696,,0.0014230182688204555,20.63150906562805,0.365234375,False,False,8.0,,2.855132574687349,1.2223320007324219,0.49609375,False,True,0.5710071718152421,,0.0013724800823552855,10.926920533180237,0.375,False,False,,nonpositive_total_gain,,-57.5797050970167,0.9609375,False,False
confirm-U-w64-d61103-s1002-g04-random,10,U,64,61103,1002,random,False,32.99010729789734,0.06443380331620574,37.08820188045502,4.098094582557678,41.186296463012695,0.208984375,0.800997179426513,0.2662983626987231,0.0009972021166001458,,False,False,4.6690305073593397e-07,0.007783594167561025,,2.4212201206526905e-06,53.62678782641888,0.0,False,False,0.3978638106001734,,0.0009782980581074189,43.37538146972656,0.357421875,False,False,8.0,,6.017180649811287,1.9681422710418701,0.482421875,False,True,0.732677107985124,,0.0004063612745212957,22.671761870384216,0.37109375,False,False,,nonpositive_total_gain,,-44.06538305455149,0.859375,False,False
confirm-U-w64-d61103-s1002-g04-random,20,U,64,61103,1002,random,False,53.27418911457062,0.10405115061439574,63.98120892047882,10.707019805908203,74.68822872638702,0.26171875,0.7132876227355098,0.49061092172786436,0.0006568566125708225,,False,False,4.867712656564382e-07,0.01107836812110961,,2.9872531628911874e-06,72.29290197789669,0.0,False,False,0.49380124529878777,,0.0007550391758935436,93.60427296161652,0.3125,False,False,,nonpositive_total_gain,,-6.074611186981201,0.51171875,False,False,1.2199309620862953,,0.0043209542135655135,43.76483088731766,0.37890625,False,False,,nonpositive_total_gain,,-23.78130123787821,0.63671875,False,False
confirm-U-w64-d61103-s1002-g04-random,30,U,64,61103,1002,random,False,73.66935986280441,0.14388546848203987,91.85427409410477,18.184914231300354,110.03918832540512,0.2890625,0.6694829449754867,0.7702459193443896,0.00013009623120118993,,False,False,3.6259492239287816e-07,0.012821913188826629,,7.88769090270901e-06,85.40774676203728,0.0,False,False,0.623489469148004,,0.0002655176799716541,144.33058536052704,0.296875,False,False,,nonpositive_total_gain,,-8.730255365371704,0.541015625,False,False,1.634895665818909,,0.020090674279317506,67.80016499757767,0.388671875,False,False,,nonpositive_total_gain,,-3.386130489644419,0.548828125,False,False
confirm-U-w64-d61103-s1002-g04-uniform,1,U,64,61103,1002,uniform,False,6.753648042678833,0.013190718833357096,7.174479365348816,0.4208313226699829,7.595310688018799,0.12890625,0.8891865415502167,,,constant_weights,False,False,4.76837158203125e-07,,constant_weights,,10.555090636014938,0.001953125,False,False,,constant_weights,,6.381988286972046,0.306640625,False,False,,constant_weights,,3.323861598968506,0.357421875,False,False,,constant_weights,,4.852924942970276,0.283203125,False,False,,constant_weights,,-70.30184230977,1.0,False,False
confirm-U-w64-d61103-s1002-g04-uniform,3,U,64,61103,1002,uniform,False,19.054174542427063,0.03721518465317786,19.059528827667236,0.00535428524017334,19.06488311290741,0.00390625,0.9994383091458297,,,constant_weights,False,False,5.066394805908203e-07,,constant_weights,,33.898952543735504,0.0,False,False,,constant_weights,,16.99915313720703,0.146484375,False,False,,constant_weights,,6.264415979385376,0.287109375,False,False,,constant_weights,,11.631784558296204,0.1484375,False,False,,constant_weights,,-58.001315810021765,1.0,False,False
confirm-U-w64-d61103-s1002-g04-uniform,5,U,64,61103,1002,uniform,False,32.9091602563858,0.06427570362575352,33.08523368835449,0.17607343196868896,33.26130712032318,0.02734375,0.9894127172253488,,,constant_weights,False,False,3.973642985028933e-07,,constant_weights,,49.913170754909515,0.0,False,False,,constant_weights,,42.14162337779999,0.248046875,False,False,,constant_weights,,6.672688961029053,0.40625,False,False,,constant_weights,,24.40715616941452,0.23046875,False,False,,constant_weights,,-44.146330096063025,0.9140625,False,False
confirm-U-w64-d61103-s1002-g04-uniform,10,U,64,61103,1002,uniform,False,70.12702548503876,0.13696684665046632,70.35741794109344,0.2303924560546875,70.58781039714813,0.017578125,0.9934721744516956,,,constant_weights,False,False,3.774960835867258e-07,,constant_weights,,76.10316410660744,0.0,False,False,,constant_weights,,120.91990303993225,0.107421875,False,False,,constant_weights,,13.358007907867432,0.359375,False,False,,constant_weights,,67.13895547389984,0.119140625,False,False,,constant_weights,,-6.928464867410071,0.6171875,False,False
confirm-U-w64-d61103-s1002-g04-uniform,20,U,64,61103,1002,uniform,False,137.81967997550964,0.2691790624521673,137.9922925233841,0.17261254787445068,138.16490507125854,0.009765625,0.9975013546633217,,,constant_weights,False,False,3.476937611990305e-07,,constant_weights,,107.3291245251894,0.0,False,False,,constant_weights,,284.93385338783264,0.04296875,False,False,,constant_weights,,21.196051597595215,0.4140625,False,False,,constant_weights,,153.06495249271393,0.0390625,False,False,,constant_weights,,60.7641896230608,0.181640625,False,False
confirm-U-w64-d61103-s1002-g04-uniform,30,U,64,61103,1002,uniform,False,184.24486792087555,0.35985325765796006,184.26904571056366,0.02417778968811035,184.29322350025177,0.001953125,0.999737616074765,,,constant_weights,False,False,4.221995671405132e-07,,constant_weights,,124.86790943145752,0.0,False,False,,constant_weights,,395.1531050801277,0.021484375,False,False,,constant_weights,,32.7135865688324,0.3671875,False,False,,constant_weights,,213.93334582448006,0.01171875,False,False,,constant_weights,,107.18937756842668,0.0546875,False,False
confirm-U-w64-d61103-s1003-g04-random,1,U,64,61103,1003,random,False,5.075242757797241,0.009912583511322737,6.873715400695801,1.7984726428985596,8.67218804359436,0.298828125,0.5852320927872439,0.11005473852061223,0.0025398117358015663,,False,False,4.172325134277344e-07,0.009142156452271132,,4.7126609203203775e-05,6.131182610988617,0.015625,False,False,0.19108504628897172,,0.0015936321537718518,5.42835259437561,0.40234375,False,False,0.18361114635578457,,0.02085488880733689,3.6661903858184814,0.42578125,False,False,0.18837783144945763,,0.005971558013252281,4.547271490097046,0.38671875,False,False,,nonpositive_total_gain,,-77.52683768444957,1.0,False,False
confirm-U-w64-d61103-s1003-g04-random,3,U,64,61103,1003,random,False,14.8763267993927,0.029055325780063868,15.140324473381042,0.2639976739883423,15.404322147369385,0.0703125,0.9657242076006018,0.10207487041242194,0.0003343555865554969,,False,False,4.76837158203125e-07,0.0041968910672555496,,6.053660921369421e-06,24.301647275686264,0.0,False,False,0.14361721003952677,,0.00036862935745264033,14.976316213607788,0.2421875,False,False,0.5700878432936578,,0.0043858428803569185,5.350996255874634,0.404296875,False,False,0.22996690814743415,,0.0010050794271653852,10.163656234741211,0.26953125,False,False,,nonpositive_total_gain,,-67.7257536428541,0.998046875,False,False
confirm-U-w64-d61103-s1003-g04-random,5,U,64,61103,1003,random,False,22.80366837978363,0.0445384148042649,23.20217728614807,0.3985089063644409,23.600686192512512,0.07421875,0.9662290407055307,0.10868419417008668,0.0006660346344469405,,False,False,4.3710072834823865e-07,0.004165649351645663,,4.987017648542089e-06,37.110233306884766,0.0,False,False,0.14850854032514693,,0.0013094165083854352,25.825400829315186,0.271484375,False,False,1.0844508739958596,,0.0012510228052320955,5.47536563873291,0.431640625,False,False,0.2486526532995189,,0.0022207781369399117,15.650383234024048,0.265625,False,False,,nonpositive_total_gain,,-59.79841206246317,0.95703125,False,False
confirm-U-w64-d61103-s1003-g04-random,10,U,64,61103,1003,random,False,35.55263531208038,0.069438740843907,37.51548111438751,1.962845802307129,39.47832691669464,0.115234375,0.900560841575225,0.20711030540637781,0.0014139528966757968,,False,False,4.470348358154297e-07,0.006409405302174756,,1.045423815285084e-05,49.48302945494652,0.0,False,False,0.27899136530816526,,0.001564828546042976,49.16211497783661,0.26171875,False,False,2.5972657855830925,,0.029555163944350503,8.012757539749146,0.484375,False,False,0.4292325881803528,,0.002649748948607597,28.587436258792877,0.291015625,False,False,,nonpositive_total_gain,,-47.04944513016642,0.876953125,False,False
confirm-U-w64-d61103-s1003-g04-random,20,U,64,61103,1003,random,False,60.01782190799713,0.1172223084140569,67.26143217086792,7.243610262870789,74.50504243373871,0.18359375,0.8055538249155977,0.40217162910844173,0.0012744825586705904,,False,False,4.76837158203125e-07,0.012778225941374257,,5.596688124519274e-06,67.20350848138332,0.0,False,False,0.4552496543158243,,0.000626199975727154,101.78180313110352,0.259765625,False,False,5.0186769772320154,,0.6325872724492967,11.06814455986023,0.484375,False,False,0.7731752294196013,,0.00027014032772053066,56.42497384548187,0.3046875,False,False,,nonpositive_total_gain,,-22.58425853424967,0.677734375,False,False
confirm-U-w64-d61103-s1003-g04-random,30,U,64,61103,1003,random,False,74.34132981300354,0.14519790979102254,91.46453905105591,17.123209238052368,108.58774828910828,0.265625,0.6846198671978562,0.755855008190925,8.847503621963207e-05,,False,False,3.67561976105657e-07,0.015451313111905545,,8.594349584567883e-06,77.6121317744255,0.00390625,False,False,0.6243349086873602,,0.0002015026159159738,144.0117111802101,0.283203125,False,False,8.0,,499.68309766261336,1.4001463651657104,0.5390625,False,True,1.4692967848616467,,0.009646696143144078,72.70592877268791,0.34765625,False,False,,nonpositive_total_gain,,-8.26075068884791,0.5859375,False,False
confirm-U-w64-d61103-s1003-g04-uniform,1,U,64,61103,1003,uniform,False,8.305691003799438,0.01622205274179578,8.535622477531433,0.22993147373199463,8.765553951263428,0.0703125,0.9475374916381974,,,constant_weights,False,False,4.569689432791513e-07,,constant_weights,,10.803417831659317,0.0,False,False,,constant_weights,,8.969136238098145,0.2265625,False,False,,constant_weights,,5.144514083862305,0.3515625,False,False,,constant_weights,,7.056825160980225,0.201171875,False,False,,constant_weights,,-74.29638943844736,1.0,False,False
confirm-U-w64-d61103-s1003-g04-uniform,3,U,64,61103,1003,uniform,False,21.309873461723328,0.041620846604928374,21.309873461723328,-0.0,21.309873461723328,0.0,1.0,,,constant_weights,False,False,4.76837158203125e-07,,constant_weights,,35.53572979569435,0.0,False,False,,constant_weights,,19.91299319267273,0.1015625,False,False,,constant_weights,,8.480884790420532,0.283203125,False,False,,constant_weights,,14.19693899154663,0.091796875,False,False,,constant_weights,,-61.292206980523474,0.990234375,False,False
confirm-U-w64-d61103-s1003-g04-uniform,5,U,64,61103,1003,uniform,False,33.483851075172424,0.06539814663119614,33.483851075172424,-0.0,33.483851075172424,0.0,1.0,,,constant_weights,False,False,3.7749608357284803e-07,,constant_weights,,54.08784022927284,0.0,False,False,,constant_weights,,35.35923504829407,0.09375,False,False,,constant_weights,,11.004465341567993,0.275390625,False,False,,constant_weights,,23.18185019493103,0.08203125,False,False,,constant_weights,,-49.11822936707438,0.947265625,False,False
confirm-U-w64-d61103-s1003-g04-uniform,10,U,64,61103,1003,uniform,False,67.46611714363098,0.13176976004615426,67.47255778312683,0.006440639495849609,67.47899842262268,0.001953125,0.9998091068437172,,,constant_weights,False,False,4.76837158203125e-07,,constant_weights,,78.7157629430294,0.0,False,False,,constant_weights,,106.43835949897766,0.046875,False,False,,constant_weights,,17.244230031967163,0.3515625,False,False,,constant_weights,,61.84129476547241,0.052734375,False,False,,constant_weights,,-15.13596329861582,0.724609375,False,False
confirm-U-w64-d61103-s1003-g04-uniform,20,U,64,61103,1003,uniform,False,134.56008207798004,0.26281266030855477,134.72183465957642,0.1617525815963745,134.8835872411728,0.0078125,0.9976015972750315,,,constant_weights,False,False,4.271666208810476e-07,,constant_weights,,107.19380702078342,0.0,False,False,,constant_weights,,274.0274038910866,0.029296875,False,False,,constant_weights,,22.459025859832764,0.4140625,False,False,,constant_weights,,148.24321487545967,0.03515625,False,False,,constant_weights,,51.95800163573324,0.1953125,False,False
confirm-U-w64-d61103-s1003-g04-uniform,30,U,64,61103,1003,uniform,False,178.4515596628189,0.3485382024664432,178.4573038816452,0.005744218826293945,178.4630481004715,0.00390625,0.9999356256783974,,,constant_weights,False,False,3.6756197613341257e-07,,constant_weights,,124.68680445849895,0.0,False,False,,constant_weights,,376.7937856912613,0.009765625,False,False,,constant_weights,,33.87407398223877,0.365234375,False,False,,constant_weights,,205.33392983675003,0.009765625,False,False,,constant_weights,,95.84947922057206,0.05859375,False,False
confirm-U-w64-d61211-s1001-g04-random,1,U,64,61211,1001,random,False,4.43394136428833,0.008660041727125645,5.356316566467285,0.9223752021789551,6.27869176864624,0.2421875,0.7061887297016238,0.14268651578554808,0.0010308034249986563,,False,False,4.967053731288334e-07,0.02793437321579579,,1.1102491645173208e-05,5.465832591056824,0.03515625,False,False,0.18605773153875338,,0.0010859011975044611,4.590768814086914,0.359375,False,False,0.31671055430297435,,0.006568000633535745,3.2452242374420166,0.4296875,False,False,0.23527596890959812,,0.0026017384209419334,3.9179965257644653,0.333984375,False,False,,nonpositive_total_gain,,-72.70872101956309,1.0,False,False
confirm-U-w64-d61211-s1001-g04-random,3,U,64,61211,1001,random,False,12.425706505775452,0.02426895801909268,13.338238954544067,0.9125324487686157,14.250771403312683,0.150390625,0.8719322031147743,0.12242829233797989,0.0007717857975412302,,False,False,4.2716662089029044e-07,0.006660930486444842,,9.308238772131449e-07,24.079976081848145,0.0,False,False,0.3168971633196471,,0.0024177396712609413,8.22409200668335,0.365234375,False,False,0.5770787046469901,,0.00635175904691084,4.973052978515625,0.39453125,False,False,0.3979780857394134,,0.003430050250173594,6.598572492599487,0.345703125,False,False,,nonpositive_total_gain,,-64.71695587807596,0.998046875,False,False
confirm-U-w64-d61211-s1001-g04-random,5,U,64,61211,1001,random,False,20.259116649627686,0.03956858720630407,20.598821997642517,0.33970534801483154,20.93852734565735,0.064453125,0.9675521260490857,0.10300654239314534,0.00045032369221303345,,False,False,4.76837158203125e-07,0.006963292057799955,,4.1520438309386245e-07,38.709315836429596,0.001953125,False,False,0.26693107136542193,,0.0007559294246313115,14.148360967636108,0.306640625,False,False,0.38573934195137005,,0.007660996820947007,7.919679641723633,0.359375,False,False,0.30393646249280837,,0.002078887113624522,11.03402030467987,0.294921875,False,False,,nonpositive_total_gain,,-56.88354573422373,0.9921875,False,False
confirm-U-w64-d61211-s1001-g04-random,10,U,64,61211,1001,random,False,31.538511276245117,0.061598654836416245,33.391446590423584,1.8529353141784668,35.24438190460205,0.123046875,0.8948521600297085,0.20579609826850825,0.0011118840117902498,,False,False,4.271666208901549e-07,0.007633623479395064,,1.1968267254672858e-06,56.768909484148026,0.0,False,False,0.4068673078286059,,0.0019592760294046695,30.111704111099243,0.298828125,False,False,2.5315311321405933,,0.04268008285432334,7.7349231243133545,0.4375,False,False,0.67771957448241,,0.0011899742801781744,18.9233136177063,0.306640625,False,False,,nonpositive_total_gain,,-45.6041511076063,0.92578125,False,False
confirm-U-w64-d61211-s1001-g04-random,20,U,64,61211,1001,random,False,48.85594356060028,0.09542176476679742,57.965765953063965,9.109822392463684,67.07558834552765,0.240234375,0.7283714502648535,0.5442492960065697,0.000488652209472126,,False,False,4.172325134277344e-07,0.01128686252040638,,6.532078061362996e-06,70.28879122436047,0.0,False,False,0.7293884344953652,,0.00039368748140544436,69.87170386314392,0.3203125,False,False,8.0,,4.322495882311301,6.407340884208679,0.478515625,False,True,1.555904221542828,,0.012739242608989985,38.1395223736763,0.376953125,False,False,,nonpositive_total_gain,,-28.286718823251135,0.68359375,False,False
confirm-U-w64-d61211-s1001-g04-random,30,U,64,61211,1001,random,False,62.3451486825943,0.12176786852069199,82.3395494222641,19.9944007396698,102.3339501619339,0.318359375,0.609232308378001,1.0474522915509485,0.0020876726003397515,,False,False,5.116065343174769e-07,0.015502051922780431,,1.4078605355066204e-05,78.25952388346195,0.0,False,False,0.9376788279417698,,0.0016355345448520512,111.81327986717224,0.33203125,False,False,,nonpositive_total_gain,,-3.037353754043579,0.5234375,False,False,2.3581049990299445,,0.07526626152700648,54.38796305656433,0.40234375,False,False,,nonpositive_total_gain,,-14.797513701257117,0.595703125,False,False
confirm-U-w64-d61211-s1001-g04-uniform,1,U,64,61211,1001,uniform,False,6.869378685951233,0.013416755245998502,7.14672577381134,0.2773470878601074,7.424072861671448,0.09765625,0.925284384184326,,,constant_weights,False,False,4.867712656651119e-07,,constant_weights,,10.22035750746727,0.0,False,False,,constant_weights,,7.265949010848999,0.26171875,False,False,,constant_weights,,3.121838092803955,0.4140625,False,False,,constant_weights,,5.193893551826477,0.2421875,False,False,,constant_weights,,-70.27328369790018,1.0,False,False
confirm-U-w64-d61211-s1001-g04-uniform,3,U,64,61211,1001,uniform,False,18.727561831474304,0.03657726920209825,18.748316526412964,0.020754694938659668,18.769071221351624,0.005859375,0.9977884153463012,,,constant_weights,False,False,4.3710072835517755e-07,,constant_weights,,33.91892385482788,0.0,False,False,,constant_weights,,15.313928365707397,0.142578125,False,False,,constant_weights,,6.9498419761657715,0.322265625,False,False,,constant_weights,,11.131885170936584,0.10546875,False,False,,constant_weights,,-58.41510055237711,1.0,False,False
confirm-U-w64-d61211-s1001-g04-uniform,5,U,64,61211,1001,uniform,False,28.947192192077637,0.056537484750151634,28.947192192077637,-0.0,28.947192192077637,0.0,1.0,,,constant_weights,False,False,3.973642985072301e-07,,constant_weights,,51.71230360865593,0.0,False,False,,constant_weights,,25.060386180877686,0.10546875,False,False,,constant_weights,,10.068882465362549,0.28515625,False,False,,constant_weights,,17.564634323120117,0.083984375,False,False,,constant_weights,,-48.19547019177378,0.982421875,False,False
confirm-U-w64-d61211-s1001-g04-uniform,10,U,64,61211,1001,uniform,False,55.98512303829193,0.10934594343416393,55.98512303829193,-0.0,55.98512303829193,0.0,1.0,,,constant_weights,False,False,3.973642985072301e-07,,constant_weights,,80.27593585848808,0.0,False,False,,constant_weights,,70.12505459785461,0.087890625,False,False,,constant_weights,,17.55437684059143,0.3359375,False,False,,constant_weights,,43.83971571922302,0.08984375,False,False,,constant_weights,,-21.157539345559485,0.78125,False,False
confirm-U-w64-d61211-s1001-g04-uniform,20,U,64,61211,1001,uniform,False,114.80516600608826,0.22422883985564113,114.93962895870209,0.13446295261383057,115.07409191131592,0.01171875,0.9976630195314953,,,constant_weights,False,False,3.973642984933523e-07,,constant_weights,,105.47287695109844,0.0,False,False,,constant_weights,,209.37046694755554,0.048828125,False,False,,constant_weights,,29.572155237197876,0.3671875,False,False,,constant_weights,,119.47131109237671,0.056640625,False,False,,constant_weights,,37.66250362223684,0.2890625,False,False
confirm-U-w64-d61211-s1001-g04-uniform,30,U,64,61211,1001,uniform,False,158.28015065193176,0.3091409192420542,158.4721313714981,0.19198071956634521,158.66411209106445,0.005859375,0.9975800360013843,,,constant_weights,False,False,3.774960835867258e-07,,constant_weights,,120.27063062787056,0.0,False,False,,constant_weights,,306.99418342113495,0.029296875,False,False,,constant_weights,,47.57564389705658,0.34375,False,False,,constant_weights,,177.28491365909576,0.0390625,False,False,,constant_weights,,81.13748826808033,0.12890625,False,False
confirm-U-w64-d61211-s1002-g04-random,1,U,64,61211,1002,random,False,2.8150947093963623,0.00549823185428977,6.07451069355011,3.2594159841537476,9.333926677703857,0.41796875,0.3015981169126641,0.48412384635432015,0.0026156356867905154,,False,False,4.76837158203125e-07,0.010128195188468428,,8.323703828254753e-06,6.125764429569244,0.001953125,False,False,8.0,,0.8305231120239486,0.609058141708374,0.515625,False,True,1.6695218529626632,,0.2163429384394782,1.7104675769805908,0.484375,False,False,3.2019579069550166,,0.2677668451687599,1.1597628593444824,0.484375,False,False,,nonpositive_total_gain,,-74.25637684040964,1.0,False,False
confirm-U-w64-d61211-s1002-g04-random,3,U,64,61211,1002,random,False,11.618450045585632,0.022692285245284438,13.210944175720215,1.5924941301345825,14.803438305854797,0.201171875,0.7848480741795307,0.18779061063558466,0.0003637533303030265,,False,False,4.6690305074070446e-07,0.0032255954562186023,,4.316299749567619e-07,24.545006960630417,0.0,False,False,0.5079277626273224,,0.003458895672275253,6.230067014694214,0.421875,False,False,1.2980069534738221,,0.041345339089331905,4.080270767211914,0.4609375,False,False,0.8295508552142339,,0.004060070092699387,5.155168890953064,0.40234375,False,False,,nonpositive_total_gain,,-65.45302150422037,0.998046875,False,False
confirm-U-w64-d61211-s1002-g04-random,5,U,64,61211,1002,random,False,17.929569363594055,0.03501869016326964,20.118767738342285,2.18919837474823,22.307966113090515,0.1875,0.8037294512955542,0.2352317517955172,0.0005371540363459171,,False,False,4.172325134277344e-07,0.0034567178914100037,,3.1645914552132346e-07,36.572120666503906,0.0,False,False,0.5542447741579595,,0.0013197163436288874,14.365262746810913,0.390625,False,False,4.3219854824446635,,0.5919909262876835,2.851336717605591,0.478515625,False,False,1.0690325062494153,,0.004255660776779407,8.608299732208252,0.408203125,False,False,,nonpositive_total_gain,,-59.14190218621195,0.9765625,False,False
confirm-U-w64-d61211-s1002-g04-random,10,U,64,61211,1002,random,False,31.300326466560364,0.06113345013000071,36.05525839328766,4.754931926727295,40.810190320014954,0.23046875,0.7669733030186195,0.3563095327491198,0.000709967346135613,,False,False,4.3710072835517755e-07,0.006655501964894358,,1.4361849923347844e-06,50.105653554201126,0.0,False,False,0.7010935361071409,,0.00043672534672166636,37.90461444854736,0.37890625,False,False,4.030288145192289,,0.3280131972627479,5.8907246589660645,0.470703125,False,False,1.054249987133403,,0.002478638600297529,21.897669553756714,0.375,False,False,,nonpositive_total_gain,,-45.77114508324564,0.86328125,False,False
confirm-U-w64-d61211-s1002-g04-random,20,U,64,61211,1002,random,False,47.09865415096283,0.09198955888859928,62.59012818336487,15.491474032402039,78.0816022157669,0.31640625,0.6031978444911094,0.8034908905555849,0.00046428684896419165,,False,False,4.3710072834823865e-07,0.009882166696031393,,1.3156787101689418e-06,69.15804734826088,0.0,False,False,1.1063561752681923,,0.00510644887227738,76.2801228761673,0.3515625,False,False,,nonpositive_total_gain,,-4.142215728759766,0.513671875,False,False,2.167109167604808,,0.0728148699831447,36.068953573703766,0.404296875,False,False,,nonpositive_total_gain,,-29.972817398843176,0.662109375,False,False
confirm-U-w64-d61211-s1002-g04-random,30,U,64,61211,1002,random,False,69.37348282337189,0.13549508363939822,91.29813516139984,21.924652338027954,113.2227874994278,0.310546875,0.6127166125787398,1.0194189176545354,0.0022702452917254447,,False,False,4.3710072834823865e-07,0.00805046973268167,,1.6735316098847214e-06,87.19490882754326,0.001953125,False,False,1.0068604832363697,,0.0029210987417757303,130.13527649641037,0.333984375,False,False,,nonpositive_total_gain,,-9.209742903709412,0.548828125,False,False,2.2216740426643984,,0.08060376616953978,60.46276679635048,0.41796875,False,False,,nonpositive_total_gain,,-7.697988786038767,0.576171875,False,False
confirm-U-w64-d61211-s1002-g04-uniform,1,U,64,61211,1002,uniform,False,6.4521201848983765,0.012601797236129642,6.629588007926941,0.17746782302856445,6.807055830955505,0.080078125,0.9478576854852524,,,constant_weights,False,False,5.165735880536745e-07,,constant_weights,,11.255732357501984,0.0,False,False,,constant_weights,,5.496148109436035,0.26953125,False,False,,constant_weights,,2.6044719219207764,0.400390625,False,False,,constant_weights,,4.050310015678406,0.275390625,False,False,,constant_weights,,-70.61935136490763,1.0,False,False
confirm-U-w64-d61211-s1002-g04-uniform,3,U,64,61211,1002,uniform,False,18.018588542938232,0.035192555747926235,18.024251461029053,0.0056629180908203125,18.029914379119873,0.001953125,0.9993718308393768,,,constant_weights,False,False,4.371007283517081e-07,,constant_weights,,33.987669348716736,0.0,False,False,,constant_weights,,13.356431007385254,0.1484375,False,False,,constant_weights,,6.711666107177734,0.2734375,False,False,,constant_weights,,10.034048557281494,0.134765625,False,False,,constant_weights,,-59.05288300686777,1.0,False,False
confirm-U-w64-d61211-s1002-g04-uniform,5,U,64,61211,1002,uniform,False,29.506062269210815,0.057629027869552374,29.532796263694763,0.026733994483947754,29.55953025817871,0.017578125,0.9981911759591273,,,constant_weights,False,False,3.973642985072301e-07,,constant_weights,,51.42037880420685,0.0,False,False,,constant_weights,,28.672466278076172,0.203125,False,False,,constant_weights,,8.42534327507019,0.376953125,False,False,,constant_weights,,18.54890477657318,0.18359375,False,False,,constant_weights,,-47.56540928059519,0.9765625,False,False
confirm-U-w64-d61211-s1002-g04-uniform,10,U,64,61211,1002,uniform,False,62.263543009757996,0.12160848244093359,62.37304890155792,0.10950589179992676,62.48255479335785,0.01171875,0.996494833088625,,,constant_weights,False,False,4.3710072836211644e-07,,constant_weights,,76.93527422845364,0.0,False,False,,constant_weights,,93.51891386508942,0.103515625,False,False,,constant_weights,,16.336454391479492,0.3359375,False,False,,constant_weights,,54.927684128284454,0.09765625,False,False,,constant_weights,,-14.80792854004801,0.705078125,False,False
confirm-U-w64-d61211-s1002-g04-uniform,20,U,64,61211,1002,uniform,False,128.15737223625183,0.25030736764892936,128.31192302703857,0.15455079078674316,128.46647381782532,0.0078125,0.997593912463015,,,constant_weights,False,False,4.023313522338867e-07,,constant_weights,,106.7680905610323,0.0,False,False,,constant_weights,,253.6961829662323,0.041015625,False,False,,constant_weights,,24.00783920288086,0.380859375,False,False,,constant_weights,,138.85201108455658,0.037109375,False,False,,constant_weights,,51.085900686445825,0.19140625,False,False
confirm-U-w64-d61211-s1002-g04-uniform,30,U,64,61211,1002,uniform,False,175.22063648700714,0.3422278056386858,175.22868192195892,0.008045434951782227,175.2367273569107,0.001953125,0.999908176384333,,,constant_weights,False,False,3.8743019104003906e-07,,constant_weights,,123.281922519207,0.0,False,False,,constant_weights,,366.30504179000854,0.01953125,False,False,,constant_weights,,36.0749397277832,0.345703125,False,False,,constant_weights,,201.18999075889587,0.0234375,False,False,,constant_weights,,98.14916493720109,0.05859375,False,False
confirm-U-w64-d61211-s1003-g04-random,1,U,64,61211,1003,random,False,3.506899356842041,0.006849412806332111,6.9608378410339355,3.4539384841918945,10.41477632522583,0.3671875,0.33672344439581603,0.48835800847824296,0.001294443663231936,,False,False,4.2716662088972124e-07,0.025631735344962443,,1.0397145652943652e-05,6.2515698075294495,0.013671875,False,False,0.7883604683111616,,0.005574066688004873,3.4997992515563965,0.45703125,False,False,4.155492230719516,,2.038879921501778,0.7693188190460205,0.47265625,False,False,1.6451814469588197,,0.04245704730379394,2.1345590353012085,0.431640625,False,False,,nonpositive_total_gain,,-76.32942960434855,1.0,False,False
confirm-U-w64-d61211-s1003-g04-random,3,U,64,61211,1003,random,False,10.763563990592957,0.021022585919126868,13.594800233840942,2.831236243247986,16.426036477088928,0.291015625,0.6552745700769629,0.3042335564436437,0.0014418800955345614,,False,False,5.463759104405025e-07,0.007074341227703611,,6.112336853866807e-06,22.829290091991425,0.0,False,False,0.7924118216324356,,0.0029873531705444743,8.486407995223999,0.44921875,False,False,8.0,,4.693499085031572,0.9749903678894043,0.51171875,False,True,1.7514891335262304,,0.025923883131797835,4.730699181556702,0.45703125,False,False,,nonpositive_total_gain,,-69.07276497059763,0.990234375,False,False
confirm-U-w64-d61211-s1003-g04-random,5,U,64,61211,1003,random,False,16.71492028236389,0.032646328676491976,19.30433225631714,2.589411973953247,21.893744230270386,0.232421875,0.7634564516038226,0.33729785557936576,0.000956853446405795,,False,False,4.470348358154297e-07,0.004805218636629265,,8.419027596192531e-06,31.453945368528366,0.0,False,False,0.6959971678204888,,0.0014187107603934289,16.167943716049194,0.42578125,False,False,5.744946059797841,,1.3365820598296432,2.5228610038757324,0.482421875,False,False,1.3583961091002892,,0.010019367764308595,9.345402359962463,0.4296875,False,False,,nonpositive_total_gain,,-63.1214086788267,0.962890625,False,False
confirm-U-w64-d61211-s1003-g04-random,10,U,64,61211,1003,random,False,23.15063440799713,0.0452160828281194,31.12749421596527,7.97685980796814,39.10435402393341,0.271484375,0.5920219112641019,0.7305414576483868,0.0004294171662571225,,False,False,4.76837158203125e-07,0.010227626981524175,,7.837585578397636e-06,46.826711893081665,0.001953125,False,False,1.9524282154410382,,0.054154799569313426,22.235304594039917,0.447265625,False,False,8.0,,466.9555232176653,0.38988423347473145,0.52734375,False,True,3.692360251955348,,0.3130826995782869,11.312594413757324,0.470703125,False,False,,nonpositive_total_gain,,-56.68569455319346,0.875,False,False
confirm-U-w64-d61211-s1003-g04-random,20,U,64,61211,1003,random,False,42.76731610298157,0.08352991426363587,50.93584942817688,8.168533325195312,59.10438275337219,0.208984375,0.7235895903259641,0.665605371568988,0.00020772653720491422,,False,False,4.867712656564382e-07,0.010345820844832435,,7.083983914358933e-06,69.00948596000671,0.001953125,False,False,1.1380100487401088,,0.007111952779736238,52.67124617099762,0.36328125,False,False,8.0,,3.7150573519834262,6.621213674545288,0.482421875,False,True,2.103541442286869,,0.05806324481350776,29.646229922771454,0.400390625,False,False,,nonpositive_total_gain,,-37.06901285820902,0.775390625,False,False
confirm-U-w64-d61211-s1003-g04-random,30,U,64,61211,1003,random,False,52.25721710920334,0.10206487716641277,70.76852053403854,18.511303424835205,89.27982395887375,0.328125,0.5853194461189275,1.2058666045464959,0.00429346398398942,,False,False,5.563100178990199e-07,0.012086200562007796,,1.2306671774393434e-05,77.95932653546333,0.0,False,False,1.5090852797276675,,0.020707945345190878,75.86419093608856,0.400390625,False,False,8.0,,94.69204340807232,2.9481230974197388,0.51171875,False,True,3.1197197788312403,,0.2026304031805392,39.40615701675415,0.455078125,False,False,,nonpositive_total_gain,,-27.57911185198725,0.689453125,False,False
confirm-U-w64-d61211-s1003-g04-uniform,1,U,64,61211,1003,uniform,False,7.012119293212891,0.013695545494556427,7.513054370880127,0.5009350776672363,8.013989448547363,0.130859375,0.8749848422228614,,,constant_weights,False,False,4.76837158203125e-07,,constant_weights,,11.037179797887802,0.0,False,False,,constant_weights,,6.985550165176392,0.30859375,False,False,,constant_weights,,3.0136218070983887,0.404296875,False,False,,constant_weights,,4.99958598613739,0.28515625,False,False,,constant_weights,,-72.8242096679777,1.0,False,False
confirm-U-w64-d61211-s1003-g04-uniform,3,U,64,61211,1003,uniform,False,18.765167832374573,0.03665071842260659,18.769635677337646,0.0044678449630737305,18.77410352230072,0.00390625,0.9995240417250532,,,constant_weights,False,False,4.967053731270987e-07,,constant_weights,,34.92713311314583,0.0,False,False,,constant_weights,,14.414649724960327,0.169921875,False,False,,constant_weights,,6.9537153244018555,0.330078125,False,False,,constant_weights,,10.684182524681091,0.16015625,False,False,,constant_weights,,-61.071161128816016,0.998046875,False,False
confirm-U-w64-d61211-s1003-g04-uniform,5,U,64,61211,1003,uniform,False,29.16996467113495,0.05697258724831045,29.16996467113495,-0.0,29.16996467113495,0.0,1.0,,,constant_weights,False,False,4.76837158203125e-07,,constant_weights,,53.07259073853493,0.0,False,False,,constant_weights,,23.992165327072144,0.09765625,False,False,,constant_weights,,10.445122241973877,0.26953125,False,False,,constant_weights,,17.21864378452301,0.109375,False,False,,constant_weights,,-50.66636429005564,0.98046875,False,False
confirm-U-w64-d61211-s1003-g04-uniform,10,U,64,61211,1003,uniform,False,56.22331464290619,0.10981116141192615,56.22331464290619,-0.0,56.22331464290619,0.0,1.0,,,constant_weights,False,False,4.172325134277344e-07,,constant_weights,,81.75910310447216,0.0,False,False,,constant_weights,,69.87904715538025,0.095703125,False,False,,constant_weights,,17.031794548034668,0.32421875,False,False,,constant_weights,,43.45542085170746,0.08203125,False,False,,constant_weights,,-23.6130143182844,0.79296875,False,False
confirm-U-w64-d61211-s1003-g04-uniform,20,U,64,61211,1003,uniform,False,108.90931308269501,0.2127135021146387,108.91116607189178,0.0018529891967773438,108.91301906108856,0.001953125,0.9999659730450454,,,constant_weights,False,False,4.0729840597442113e-07,,constant_weights,,107.66730526089668,0.0,False,False,,constant_weights,,192.8441457748413,0.025390625,False,False,,constant_weights,,26.216487646102905,0.3515625,False,False,,constant_weights,,109.5303167104721,0.02734375,False,False,,constant_weights,,29.07298412150442,0.294921875,False,False
confirm-U-w64-d61211-s1003-g04-uniform,30,U,64,61211,1003,uniform,False,156.87223529815674,0.3063910845667124,156.9394109249115,0.06717562675476074,157.00658655166626,0.001953125,0.9991442954307824,,,constant_weights,False,False,4.6193599700927734e-07,,constant_weights,,124.37091860175133,0.0,False,False,,constant_weights,,311.70340836048126,0.013671875,False,False,,constant_weights,,34.54236459732056,0.365234375,False,False,,constant_weights,,173.1228864789009,0.01953125,False,False,,constant_weights,,77.03590633696612,0.107421875,False,False
confirm-U-w64-d61319-s1001-g04-random,1,U,64,61319,1001,random,False,3.3950397968292236,0.006630937103182077,6.237908720970154,2.84286892414093,9.080777645111084,0.375,0.3738710416125042,0.285080824768437,0.0032618335736658718,,False,False,4.76837158203125e-07,0.0230768856980677,,4.1754397530722255e-05,5.540916353464127,0.015625,False,False,0.29869909378390014,,0.009589757495297457,4.147016763687134,0.4140625,False,False,8.0,,1.8917293212576476,0.4971952438354492,0.474609375,False,True,0.9235544715892745,,0.004802727851564377,2.3221060037612915,0.443359375,False,False,,nonpositive_total_gain,,-72.6341062563032,1.0,False,False
confirm-U-w64-d61319-s1001-g04-random,3,U,64,61319,1001,random,False,12.983107209205627,0.02535763126797974,13.72296941280365,0.7398622035980225,14.462831616401672,0.125,0.8976877802049529,0.1176318915834469,0.0006901724785444645,,False,False,4.569689432791513e-07,0.012278068363281741,,3.6051328900718725e-06,24.61016795039177,0.0,False,False,0.22181089716689661,,0.004231800870910207,9.88331937789917,0.330078125,False,False,0.6800521432013436,,0.0027243044415053274,4.455827236175537,0.3984375,False,False,0.34204332888956224,,0.0029356221797643086,7.1695733070373535,0.326171875,False,False,,nonpositive_total_gain,,-63.046038843926794,0.998046875,False,False
confirm-U-w64-d61319-s1001-g04-random,5,U,64,61319,1001,random,False,19.742098808288574,0.03855878673493862,20.387466430664062,0.6453676223754883,21.03283405303955,0.091796875,0.9386323668272157,0.14098504552640567,0.00047417835658969957,,False,False,5.662441253662109e-07,0.0108365115226749,,2.384436036577831e-06,37.99080500006676,0.0,False,False,0.26999434681830214,,0.0020162585926658937,15.826212406158447,0.296875,False,False,1.2121692993614315,,0.008837348218218523,5.4092864990234375,0.44140625,False,False,0.44225171055972223,,0.0011420041401886982,10.617749452590942,0.32421875,False,False,,nonpositive_total_gain,,-56.28704724484385,0.97265625,False,False
confirm-U-w64-d61319-s1001-g04-random,10,U,64,61319,1001,random,False,30.64727544784546,0.05985795985907316,33.670496463775635,3.023221015930176,36.69371747970581,0.1640625,0.8352186028792407,0.2950563183226317,0.0007465484913522937,,False,False,5.563100179037904e-07,0.014029810184940324,,5.135439220665545e-06,53.94301727414131,0.0,False,False,0.4221811688168605,,0.0011488858088492615,34.373512864112854,0.330078125,False,False,8.0,,2.618527608703547,3.625295400619507,0.4765625,False,True,1.007080398554736,,0.0015480994092575708,18.99940413236618,0.37109375,False,False,,nonpositive_total_gain,,-45.38187060528696,0.873046875,False,False
confirm-U-w64-d61319-s1001-g04-random,20,U,64,61319,1001,random,False,46.421586871147156,0.09066716185770929,56.11572861671448,9.694141745567322,65.8098703622818,0.25390625,0.7053894289047737,0.6104141083569918,0.00010739950221996161,,False,False,4.3710072836211644e-07,0.021520607624741492,,8.833742376719678e-06,68.83975240588188,0.0,False,False,0.8326574137537925,,0.0002237017068671643,65.06687223911285,0.326171875,False,False,8.0,,7.8428856282168615,5.358133435249329,0.490234375,False,True,1.7162696215141833,,0.02782725574229133,35.21250283718109,0.3671875,False,False,,nonpositive_total_gain,,-29.607559181985266,0.71875,False,False
confirm-U-w64-d61319-s1001-g04-random,30,U,64,61319,1001,random,False,65.25961232185364,0.1274601803161204,78.00403833389282,12.744426012039185,90.748464345932,0.259765625,0.7191263542828098,0.7085699212212377,6.805853606144238e-05,,False,False,4.5696894327568183e-07,0.02707642521808811,,1.2969192442517477e-05,78.98528358340263,0.001953125,False,False,0.7252454480564046,,0.000268718153543597,107.45688569545746,0.298828125,False,False,8.0,,6.199505614421318,9.336663246154785,0.5078125,False,True,1.5974842739651987,,0.01570971000901655,58.39677447080612,0.373046875,False,False,,nonpositive_total_gain,,-10.769533731278784,0.62109375,False,False
confirm-U-w64-d61319-s1001-g04-uniform,1,U,64,61319,1001,uniform,False,6.852392315864563,0.013383578741922975,7.205585956573486,0.35319364070892334,7.55877959728241,0.115234375,0.9065474429666116,,,constant_weights,False,False,4.867712656655455e-07,,constant_weights,,10.86342790722847,0.0,False,False,,constant_weights,,6.051029205322266,0.279296875,False,False,,constant_weights,,3.6427032947540283,0.359375,False,False,,constant_weights,,4.846866250038147,0.267578125,False,False,,constant_weights,,-69.17675373726786,1.0,False,False
confirm-U-w64-d61319-s1001-g04-uniform,3,U,64,61319,1001,uniform,False,18.3196142911911,0.03578049666248262,18.355796694755554,0.036182403564453125,18.391979098320007,0.013671875,0.9960654148886284,,,constant_weights,False,False,4.271666208879865e-07,,constant_weights,,33.739432126283646,0.0,False,False,,constant_weights,,13.773960828781128,0.16796875,False,False,,constant_weights,,7.445456504821777,0.287109375,False,False,,constant_weights,,10.609708666801453,0.138671875,False,False,,constant_weights,,-57.70953176194132,0.99609375,False,False
confirm-U-w64-d61319-s1001-g04-uniform,5,U,64,61319,1001,uniform,False,28.443301796913147,0.05555332382209599,28.446600556373596,0.0032987594604492188,28.449899315834045,0.001953125,0.9997681004474689,,,constant_weights,False,False,4.470348358154297e-07,,constant_weights,,51.36264497041702,0.0,False,False,,constant_weights,,23.052838802337646,0.146484375,False,False,,constant_weights,,10.914412260055542,0.29296875,False,False,,constant_weights,,16.983625531196594,0.142578125,False,False,,constant_weights,,-47.585844256219275,0.97265625,False,False
confirm-U-w64-d61319-s1001-g04-uniform,10,U,64,61319,1001,uniform,False,53.047131061553955,0.10360767785459757,53.0917112827301,0.04458022117614746,53.13629150390625,0.005859375,0.9983220424341104,,,constant_weights,False,False,5.414088567051722e-07,,constant_weights,,79.92729595303535,0.0,False,False,,constant_weights,,62.84915113449097,0.126953125,False,False,,constant_weights,,16.364939212799072,0.333984375,False,False,,constant_weights,,39.60704517364502,0.12890625,False,False,,constant_weights,,-22.982014991578467,0.7890625,False,False
confirm-U-w64-d61319-s1001-g04-uniform,20,U,64,61319,1001,uniform,False,103.39121341705322,0.20193596370518208,103.5119788646698,0.12076544761657715,103.63274431228638,0.009765625,0.9976693573364677,,,constant_weights,False,False,4.818042119436594e-07,,constant_weights,,105.24084627628326,0.0,False,False,,constant_weights,,177.94408375024796,0.052734375,False,False,,constant_weights,,26.988709926605225,0.359375,False,False,,constant_weights,,102.46639683842659,0.064453125,False,False,,constant_weights,,27.3620673639208,0.349609375,False,False
confirm-U-w64-d61319-s1001-g04-uniform,30,U,64,61319,1001,uniform,False,146.19119906425476,0.2855296856723726,146.20828318595886,0.017084121704101562,146.22536730766296,0.001953125,0.9997663316287911,,,constant_weights,False,False,4.023313522338867e-07,,constant_weights,,119.67175605893135,0.0,False,False,,constant_weights,,274.8941308259964,0.046875,False,False,,constant_weights,,44.00770115852356,0.3125,False,False,,constant_weights,,159.45091599225998,0.03515625,False,False,,constant_weights,,70.16205301112231,0.16015625,False,False
confirm-U-w64-d61319-s1002-g04-random,1,U,64,61319,1002,random,False,2.7563161849975586,0.005383430048823357,7.22371506690979,4.4673988819122314,11.691113948822021,0.41796875,0.23576163888773669,0.8625753271017613,0.0020438758694799083,,False,False,4.470348358154297e-07,0.02765198161026619,,6.192437783168973e-06,6.403240233659744,0.015625,False,False,3.1776920969718083,,0.3041572130975763,1.3623864650726318,0.45703125,False,False,8.0,,8.13949027160715,0.5033259391784668,0.48828125,False,True,6.229338205033283,,1.1448677409393,0.9328562021255493,0.474609375,False,False,,nonpositive_total_gain,,-74.97113738232554,1.0,False,False
confirm-U-w64-d61319-s1002-g04-random,3,U,64,61319,1002,random,False,10.465131521224976,0.02043971000239253,14.006446123123169,3.5413146018981934,17.547760725021362,0.296875,0.5963798848876904,0.2672525760717178,0.0017803784809996691,,False,False,4.3710072834823865e-07,0.005961753444324574,,1.2554485728102176e-06,24.10414946079254,0.0,False,False,0.90274169436909,,0.010286763263468135,5.991941928863525,0.439453125,False,False,8.0,,2.7641656009866122,1.299300193786621,0.482421875,False,True,2.362321508113399,,0.046391272220680055,3.6456210613250732,0.46484375,False,False,,nonpositive_total_gain,,-67.26232204609812,1.0,False,False
confirm-U-w64-d61319-s1002-g04-random,5,U,64,61319,1002,random,False,17.037479758262634,0.03327632765285671,20.453786849975586,3.4163070917129517,23.870093941688538,0.2421875,0.7137583873730422,0.27361887332694756,0.0016763882894237471,,False,False,3.8743019104003906e-07,0.004210921197628883,,1.0580683543627174e-06,36.43538746237755,0.0,False,False,0.7589414181555028,,0.0042525986275446384,12.668522119522095,0.412109375,False,False,8.0,,2.1564834567462596,2.0085291862487793,0.486328125,False,True,1.8006543404331365,,0.0135110517417385,7.338525652885437,0.43359375,False,False,,nonpositive_total_gain,,-60.68997380906046,0.9609375,False,False
confirm-U-w64-d61319-s1002-g04-random,10,U,64,61319,1002,random,False,25.78703510761261,0.05036530294455588,33.0843141078949,7.297279000282288,40.381593108177185,0.275390625,0.6385838973349169,0.4779113428965013,0.0014970914533300938,,False,False,4.967053731270987e-07,0.0071399742462994326,,1.254901886468556e-06,53.2490119934082,0.0,False,False,1.2114165533710848,,0.006638003221555166,23.325044751167297,0.427734375,False,False,8.0,,102.66406213033113,0.7870479822158813,0.505859375,False,True,2.930857131195351,,0.10889720317869701,12.05604636669159,0.435546875,False,False,,nonpositive_total_gain,,-51.940418459710486,0.875,False,False
confirm-U-w64-d61319-s1002-g04-random,20,U,64,61319,1002,random,False,39.87926757335663,0.07788919447921216,51.433146953582764,11.553879380226135,62.9870263338089,0.287109375,0.6331346293760663,0.7665895787575077,0.00010112985884091459,,False,False,3.9736429850376065e-07,0.009471944819018311,,2.314930540265888e-06,70.37098316848278,0.0,False,False,1.6880110670424275,,0.029833966827932337,40.17878419160843,0.400390625,False,False,8.0,,1.9597284079696018,9.088036894798279,0.505859375,False,True,2.946984958529248,,0.13805608800202313,24.633410543203354,0.4375,False,False,,nonpositive_total_gain,,-37.84818599396647,0.7578125,False,False
confirm-U-w64-d61319-s1002-g04-random,30,U,64,61319,1002,random,False,49.312002182006836,0.0963125042617321,70.68590068817139,21.37389850616455,92.05979919433594,0.337890625,0.5356518547027289,1.2330250245803889,0.003705689058374763,,False,False,4.6690305074059604e-07,0.01227546316732717,,7.735898347483458e-06,81.4212645739317,0.00390625,False,False,1.7992552906220736,,0.03548577694171162,63.541369915008545,0.400390625,False,False,8.0,,85.71878949925446,2.973388195037842,0.505859375,False,True,3.716543801563484,,0.30606450604614155,33.25737905502319,0.453125,False,False,,nonpositive_total_gain,,-28.41545138531626,0.658203125,False,False
confirm-U-w64-d61319-s1002-g04-uniform,1,U,64,61319,1002,uniform,False,6.4902507066726685,0.012676270911470056,6.79505717754364,0.3048064708709717,7.099863648414612,0.119140625,0.914137373345463,,,constant_weights,False,False,4.76837158203125e-07,,constant_weights,,11.03840309381485,0.0,False,False,,constant_weights,,5.139230728149414,0.33203125,False,False,,constant_weights,,3.293125629425049,0.380859375,False,False,,constant_weights,,4.2161781787872314,0.314453125,False,False,,constant_weights,,-71.23720286065043,1.0,False,False
confirm-U-w64-d61319-s1002-g04-uniform,3,U,64,61319,1002,uniform,False,18.021093487739563,0.035197448218241334,18.02854549884796,0.0074520111083984375,18.03599750995636,0.001953125,0.9991736513487225,,,constant_weights,False,False,4.669030507394034e-07,,constant_weights,,34.30331739783287,0.0,False,False,,constant_weights,,12.837509870529175,0.134765625,False,False,,constant_weights,,6.92246675491333,0.265625,False,False,,constant_weights,,9.879988312721252,0.134765625,False,False,,constant_weights,,-59.70636007958353,1.0,False,False
confirm-U-w64-d61319-s1002-g04-uniform,5,U,64,61319,1002,uniform,False,28.748847723007202,0.05615009320899844,28.773152828216553,0.024305105209350586,28.797457933425903,0.00390625,0.9983119964779156,,,constant_weights,False,False,4.6690305074287286e-07,,constant_weights,,51.89265236258507,0.0,False,False,,constant_weights,,24.227139472961426,0.166015625,False,False,,constant_weights,,10.126756191253662,0.318359375,False,False,,constant_weights,,17.176947832107544,0.142578125,False,False,,constant_weights,,-48.978605844315894,0.978515625,False,False
confirm-U-w64-d61319-s1002-g04-uniform,10,U,64,61319,1002,uniform,False,57.26840353012085,0.11185235064476728,57.29364824295044,0.025244712829589844,57.31889295578003,0.0078125,0.9991191486252512,,,constant_weights,False,False,3.675619761195348e-07,,constant_weights,,80.05649048089981,0.0,False,False,,constant_weights,,74.19715189933777,0.1484375,False,False,,constant_weights,,17.5515718460083,0.34375,False,False,,constant_weights,,45.874361872673035,0.154296875,False,False,,constant_weights,,-20.459050037202246,0.767578125,False,False
confirm-U-w64-d61319-s1002-g04-uniform,20,U,64,61319,1002,uniform,False,111.11528837680817,0.21702204761095345,111.17469811439514,0.0594097375869751,111.23410785198212,0.009765625,0.9989318071815521,,,constant_weights,False,False,3.774960835867258e-07,,constant_weights,,108.85854664444923,0.0,False,False,,constant_weights,,193.03214049339294,0.078125,False,False,,constant_weights,,31.455193042755127,0.341796875,False,False,,constant_weights,,112.24366676807404,0.05859375,False,False,,constant_weights,,33.38783480948507,0.34375,False,False
confirm-U-w64-d61319-s1002-g04-uniform,30,U,64,61319,1002,uniform,False,155.53110313415527,0.303771685808897,155.61222219467163,0.08111906051635742,155.693341255188,0.0078125,0.9989579636500523,,,constant_weights,False,False,4.470348358154297e-07,,constant_weights,,124.80324323475361,0.0,False,False,,constant_weights,,296.19122898578644,0.04296875,False,False,,constant_weights,,45.59883713722229,0.328125,False,False,,constant_weights,,170.89503306150436,0.033203125,False,False,,constant_weights,,77.80364956683215,0.123046875,False,False
confirm-U-w64-d61319-s1003-g04-random,1,U,64,61319,1003,random,False,3.9238914251327515,0.007663850439712405,6.121026039123535,2.1971346139907837,8.318160653114319,0.3359375,0.4717258524772116,0.2526404964276594,0.0007906153373544165,,False,False,4.470348358154297e-07,0.05001762134108409,,4.1065309892690164e-05,5.363575458526611,0.046875,False,False,0.4141740223303322,,0.00043868690239670834,4.457917213439941,0.44140625,False,False,0.6573754320814893,,0.015410392988770368,1.950183391571045,0.447265625,False,False,0.4689080769720694,,0.0015588084413371852,3.204050302505493,0.408203125,False,False,,nonpositive_total_gain,,-76.44343493157328,1.0,False,False
confirm-U-w64-d61319-s1003-g04-random,3,U,64,61319,1003,random,False,13.591481924057007,0.02654586313292384,14.723297834396362,1.1318159103393555,15.855113744735718,0.15625,0.8572301746223491,0.13841622988734553,0.0005832024515079492,,False,False,4.172325134277344e-07,0.014638553871314134,,3.468524512093778e-06,25.184966951608658,0.0,False,False,0.3281350232238942,,0.0004694165176492756,10.488759994506836,0.35546875,False,False,0.5175445579861979,,0.010248957121826014,5.100726842880249,0.40625,False,False,0.37954067537723923,,0.001850158475174162,7.7947434186935425,0.328125,False,False,,nonpositive_total_gain,,-66.77584443264902,0.99609375,False,False
confirm-U-w64-d61319-s1003-g04-random,5,U,64,61319,1003,random,False,21.12231695652008,0.04125452530570328,21.858702421188354,0.7363854646682739,22.59508788585663,0.091796875,0.9348189776124559,0.15062276432934424,0.0005228226931551181,,False,False,3.8743019104003906e-07,0.009266013123632972,,2.088055814535624e-06,38.707647144794464,0.0,False,False,0.3426282443088051,,0.0012893308361315587,17.52116584777832,0.33203125,False,False,0.6698935899000009,,0.0026520201562150653,7.138143301010132,0.3828125,False,False,0.42284596030420063,,0.0012394446237232754,12.329654574394226,0.314453125,False,False,,nonpositive_total_gain,,-59.24500940018595,0.96484375,False,False
confirm-U-w64-d61319-s1003-g04-random,10,U,64,61319,1003,random,False,32.828940629959106,0.06411902466788888,35.327701687812805,2.4987610578536987,37.826462745666504,0.138671875,0.8678829117776833,0.25667765552361643,0.0009865972972623771,,False,False,4.76837158203125e-07,0.008210105838548101,,2.304253542971807e-06,55.718735337257385,0.0,False,False,0.5306444695269807,,0.0011441018963165676,33.30660617351532,0.30859375,False,False,1.7419614868074262,,0.02434630673042514,9.4614896774292,0.42578125,False,False,0.7488739131508662,,0.0003192224242773979,21.38404792547226,0.326171875,False,False,,nonpositive_total_gain,,-47.538385726746924,0.888671875,False,False
confirm-U-w64-d61319-s1003-g04-random,20,U,64,61319,1003,random,False,47.09639108181,0.09198513883166015,55.34930717945099,8.252916097640991,63.60222327709198,0.21484375,0.740483408522183,0.495054531291098,0.000933532108257234,,False,False,4.2716662088972124e-07,0.009127576194582696,,3.630270070345017e-06,75.22315016388893,0.0,False,False,0.7524752518476712,,0.0005533998678132065,60.11434233188629,0.337890625,False,False,8.0,,4.2523995050197545,5.951677083969116,0.505859375,False,True,1.5832279003104648,,0.0122881510661391,33.033009707927704,0.37109375,False,False,,nonpositive_total_gain,,-33.27093527489603,0.748046875,False,False
confirm-U-w64-d61319-s1003-g04-random,30,U,64,61319,1003,random,False,52.93054974079132,0.10337997996248305,73.3273149728775,20.39676523208618,93.72408020496368,0.3359375,0.5647486710463133,1.1901137382573301,0.004158949688084489,,False,False,4.271666208949254e-07,0.016904520293693687,,1.2731698581312642e-05,84.22873368859291,0.0,False,False,1.3653215472986107,,0.010936111448846365,76.7034558057785,0.392578125,False,False,,nonpositive_total_gain,,-2.1405452489852905,0.533203125,False,False,3.2331033292921236,,0.25364146658894204,37.281455278396606,0.453125,False,False,,nonpositive_total_gain,,-27.436776735124006,0.666015625,False,False
confirm-U-w64-d61319-s1003-g04-uniform,1,U,64,61319,1003,uniform,False,7.2247315645217896,0.01411080383695662,7.971409916877747,0.746678352355957,8.718088269233704,0.154296875,0.8287059434828163,,,constant_weights,False,False,4.867712656668466e-07,,constant_weights,,10.859677463769913,0.0,False,False,,constant_weights,,7.136220216751099,0.30859375,False,False,,constant_weights,,3.6782991886138916,0.39453125,False,False,,constant_weights,,5.407259702682495,0.28515625,False,False,,constant_weights,,-73.14259479218424,1.0,False,False
confirm-U-w64-d61319-s1003-g04-uniform,3,U,64,61319,1003,uniform,False,19.276044130325317,0.037648523692041636,19.309571385383606,0.033527255058288574,19.343098640441895,0.013671875,0.9965334142495462,,,constant_weights,False,False,4.867712656633771e-07,,constant_weights,,34.27346941828728,0.0,False,False,,constant_weights,,15.226515293121338,0.13671875,False,False,,constant_weights,,8.32815170288086,0.271484375,False,False,,constant_weights,,11.777333498001099,0.15234375,False,False,,constant_weights,,-61.09128222638071,0.998046875,False,False
confirm-U-w64-d61319-s1003-g04-uniform,5,U,64,61319,1003,uniform,False,30.277514934539795,0.05913577135652304,30.291733145713806,0.01421821117401123,30.305951356887817,0.013671875,0.9990616885108423,,,constant_weights,False,False,4.470348358154297e-07,,constant_weights,,52.613534063100815,0.0,False,False,,constant_weights,,26.763195037841797,0.15625,False,False,,constant_weights,,11.455818891525269,0.30859375,False,False,,constant_weights,,19.109506964683533,0.140625,False,False,,constant_weights,,-50.089811422166235,0.951171875,False,False
confirm-U-w64-d61319-s1003-g04-uniform,10,U,64,61319,1003,uniform,False,54.564555644989014,0.10657139774411917,54.60382103919983,0.03926539421081543,54.643086433410645,0.001953125,0.9985628412751295,,,constant_weights,False,False,5.265076955113246e-07,,constant_weights,,81.94696205854416,0.0,False,False,,constant_weights,,64.23151814937592,0.103515625,False,False,,constant_weights,,17.515187740325928,0.302734375,False,False,,constant_weights,,40.87335294485092,0.099609375,False,False,,constant_weights,,-25.802770711717017,0.818359375,False,False
confirm-U-w64-d61319-s1003-g04-uniform,20,U,64,61319,1003,uniform,False,104.97635269165039,0.20503193885087967,105.07977151870728,0.10341882705688477,105.18319034576416,0.0078125,0.9980335483889219,,,constant_weights,False,False,5.76178232833402e-07,,constant_weights,,108.22471891343594,0.0,False,False,,constant_weights,,177.65447676181793,0.05859375,False,False,,constant_weights,,29.04986882209778,0.357421875,False,False,,constant_weights,,103.35217279195786,0.078125,False,False,,constant_weights,,24.60902633494436,0.357421875,False,False
confirm-U-w64-d61319-s1003-g04-uniform,30,U,64,61319,1003,uniform,False,151.2388801574707,0.29538843780755997,151.34276390075684,0.10388374328613281,151.44664764404297,0.005859375,0.9986281143240582,,,constant_weights,False,False,4.3710072834823865e-07,,constant_weights,,124.50624834001064,0.0,False,False,,constant_weights,,284.6651805639267,0.037109375,False,False,,constant_weights,,44.54521298408508,0.349609375,False,False,,constant_weights,,164.6051967740059,0.048828125,False,False,,constant_weights,,70.87155380076466,0.158203125,False,False
