family,n,truth_p,generator_p,sigma,scale,c,control,group_id,total,defined,undefined,undefined_by_reason_nonpositive_total_gain,undefined_rate,lower_boundary_count,upper_boundary_count,lower_boundary_rate_all,upper_boundary_rate_all,lower_boundary_rate_defined,upper_boundary_rate_defined,conditional_estimate_n,conditional_estimate_mean,conditional_estimate_sd,conditional_estimate_minimum,conditional_estimate_maximum,conditional_estimate_quantiles_0.05,conditional_estimate_quantiles_0.25,conditional_estimate_quantiles_0.5,conditional_estimate_quantiles_0.75,conditional_estimate_quantiles_0.95,conditional_error_n,conditional_error_mean,conditional_error_sd,conditional_error_minimum,conditional_error_maximum,conditional_error_quantiles_0.05,conditional_error_quantiles_0.25,conditional_error_quantiles_0.5,conditional_error_quantiles_0.75,conditional_error_quantiles_0.95,conditional_error_bias,conditional_error_rmse,conditional_error_mae,conditional_error_truth_available,conditional_error_recovery_eligible,conditional_misspecification_error_n,conditional_misspecification_error_mean,conditional_misspecification_error_sd,conditional_misspecification_error_minimum,conditional_misspecification_error_maximum,conditional_misspecification_error_quantiles_0.05,conditional_misspecification_error_quantiles_0.25,conditional_misspecification_error_quantiles_0.5,conditional_misspecification_error_quantiles_0.75,conditional_misspecification_error_quantiles_0.95,conditional_misspecification_error_bias,conditional_misspecification_error_rmse,conditional_misspecification_error_mae,unconditional_recovery_mean,unconditional_recovery_rmse,unconditional_recovery_reason,truth_relation,conditional_objective_n,conditional_objective_mean,conditional_objective_sd,conditional_objective_minimum,conditional_objective_maximum,conditional_objective_quantiles_0.05,conditional_objective_quantiles_0.25,conditional_objective_quantiles_0.5,conditional_objective_quantiles_0.75,conditional_objective_quantiles_0.95,conditional_cancellation_n,conditional_cancellation_mean,conditional_cancellation_sd,conditional_cancellation_minimum,conditional_cancellation_maximum,conditional_cancellation_quantiles_0.05,conditional_cancellation_quantiles_0.25,conditional_cancellation_quantiles_0.5,conditional_cancellation_quantiles_0.75,conditional_cancellation_quantiles_0.95,all_available_cancellation_n,all_available_cancellation_mean,all_available_cancellation_sd,all_available_cancellation_minimum,all_available_cancellation_maximum,all_available_cancellation_quantiles_0.05,all_available_cancellation_quantiles_0.25,all_available_cancellation_quantiles_0.5,all_available_cancellation_quantiles_0.75,all_available_cancellation_quantiles_0.95,cancellation_undefined,total_gain_n,total_gain_mean,total_gain_sd,total_gain_minimum,total_gain_maximum,total_gain_quantiles_0.05,total_gain_quantiles_0.25,total_gain_quantiles_0.5,total_gain_quantiles_0.75,total_gain_quantiles_0.95,total_gain_fsum_n,total_gain_fsum_mean,total_gain_fsum_sd,total_gain_fsum_minimum,total_gain_fsum_maximum,total_gain_fsum_quantiles_0.05,total_gain_fsum_quantiles_0.25,total_gain_fsum_quantiles_0.5,total_gain_fsum_quantiles_0.75,total_gain_fsum_quantiles_0.95,total_gain_sum_minus_fsum_n,total_gain_sum_minus_fsum_mean,total_gain_sum_minus_fsum_sd,total_gain_sum_minus_fsum_minimum,total_gain_sum_minus_fsum_maximum,total_gain_sum_minus_fsum_quantiles_0.05,total_gain_sum_minus_fsum_quantiles_0.25,total_gain_sum_minus_fsum_quantiles_0.5,total_gain_sum_minus_fsum_quantiles_0.75,total_gain_sum_minus_fsum_quantiles_0.95,guard_positive_undefined_count,guard_nonpositive_undefined_count,negative_gain_fraction_n,negative_gain_fraction_mean,negative_gain_fraction_sd,negative_gain_fraction_minimum,negative_gain_fraction_maximum,negative_gain_fraction_quantiles_0.05,negative_gain_fraction_quantiles_0.25,negative_gain_fraction_quantiles_0.5,negative_gain_fraction_quantiles_0.75,negative_gain_fraction_quantiles_0.95,fit_seconds_n,fit_seconds_mean,fit_seconds_sd,fit_seconds_minimum,fit_seconds_maximum,fit_seconds_quantiles_0.05,fit_seconds_quantiles_0.25,fit_seconds_quantiles_0.5,fit_seconds_quantiles_0.75,fit_seconds_quantiles_0.95,undefined_by_reason_json,undefined_by_reason_constant_weights
cancellation,128,,0.2,1.0,1.0,-0.01,,b4aeb705565494f5,64,0,64,64,1.0,0,0,0.0,0.0,,,0,,,,,,,,,,0,,,,,,,,,,,,,False,False,0,,,,,,,,,,,,,,,no_identifiable_truth,not_applicable,0,,,,,,,,,,0,,,,,,,,,,64,0.01250386933606612,0.0002790793370193844,0.011951030026283872,0.013116725518739268,0.012090741370767554,0.012321528972145503,0.012509818168673269,0.012676502923080025,0.013019159554230436,0,64,-1.2799999999999998,1.948722169532172e-15,-1.2800000000000045,-1.2799999999999943,-1.2800000000000027,-1.2800000000000011,-1.2799999999999998,-1.2799999999999987,-1.2799999999999971,64,-1.2799999999999998,1.948722169532172e-15,-1.2800000000000045,-1.2799999999999943,-1.2800000000000027,-1.2800000000000011,-1.2799999999999998,-1.2799999999999987,-1.2799999999999971,64,0.0,0.0,0.0,0.0,0.0,0.0,0.0,0.0,0.0,0,64,64,0.5064697265625,0.024530352999441726,0.4609375,0.5546875,0.46875,0.4921875,0.5078125,0.5234375,0.545703125,64,1.171868749988425e-05,1.8553828241601595e-06,9.651000000054921e-06,2.0402999998836435e-05,9.750449999756938e-06,1.0638749999847263e-05,1.1512500000421255e-05,1.2000750000851212e-05,1.3606849999936442e-05,"{""nonpositive_total_gain"": 64}",
cancellation,512,,0.2,1.0,1.0,-0.01,,b9a4a5b3be786700,64,0,64,64,1.0,0,0,0.0,0.0,,,0,,,,,,,,,,0,,,,,,,,,,,,,False,False,0,,,,,,,,,,,,,,,no_identifiable_truth,not_applicable,0,,,,,,,,,,0,,,,,,,,,,64,0.012532590886782944,0.00016421022320698445,0.01222391595018713,0.012903838467872531,0.012276053957041002,0.012420458286918118,0.012524794564799558,0.012631205602302185,0.012856592574982664,0,64,-5.119999999999999,7.269999865866808e-15,-5.120000000000016,-5.119999999999983,-5.12000000000001,-5.120000000000005,-5.119999999999998,-5.119999999999996,-5.119999999999988,64,-5.119999999999999,7.269999865866808e-15,-5.120000000000016,-5.119999999999983,-5.12000000000001,-5.120000000000005,-5.119999999999998,-5.119999999999996,-5.119999999999988,64,0.0,0.0,0.0,0.0,0.0,0.0,0.0,0.0,0.0,0,64,64,0.508270263671875,0.016067270383513903,0.47265625,0.54296875,0.4830078125,0.49755859375,0.5078125,0.52001953125,0.53515625,64,3.510304687454058e-05,4.70896364888558e-06,3.0069999997550667e-05,5.559399999555126e-05,3.0384149999562737e-05,3.22142499982192e-05,3.3808999997830824e-05,3.638775000247563e-05,4.261629999788852e-05,"{""nonpositive_total_gain"": 64}",
cancellation,128,,1.0,1.0,1.0,-0.01,,621339737331b1df,64,0,64,64,1.0,0,0,0.0,0.0,,,0,,,,,,,,,,0,,,,,,,,,,,,,False,False,0,,,,,,,,,,,,,,,no_identifiable_truth,not_applicable,0,,,,,,,,,,0,,,,,,,,,,64,0.012503037249364312,0.0002804887257924275,0.01195993178041198,0.013117805383862537,0.012080456180411338,0.012306223501245286,0.012516911809695962,0.01264816072302885,0.013032333863213593,0,64,-1.28,1.994089047757116e-15,-1.2800000000000045,-1.2799999999999954,-1.2800000000000034,-1.2800000000000011,-1.28,-1.2799999999999985,-1.2799999999999967,64,-1.28,1.994089047757116e-15,-1.2800000000000045,-1.2799999999999954,-1.2800000000000034,-1.2800000000000011,-1.28,-1.2799999999999985,-1.2799999999999967,64,0.0,0.0,0.0,0.0,0.0,0.0,0.0,0.0,0.0,0,64,64,0.5054931640625,0.025197619518778604,0.453125,0.5546875,0.4609375,0.490234375,0.5078125,0.5234375,0.5390625,64,1.1487109375096782e-05,1.7038870604052462e-06,9.609000001020718e-06,2.2018999999318112e-05,9.874849999658154e-06,1.0426750000069873e-05,1.1535499999659748e-05,1.1929250000708436e-05,1.3633000000812245e-05,"{""nonpositive_total_gain"": 64}",
cancellation,512,,1.0,1.0,1.0,-0.01,,000a5e0028a38954,64,0,64,64,1.0,0,0,0.0,0.0,,,0,,,,,,,,,,0,,,,,,,,,,,,,False,False,0,,,,,,,,,,,,,,,no_identifiable_truth,not_applicable,0,,,,,,,,,,0,,,,,,,,,,64,0.012531193990966057,0.00016386688635776253,0.012223840814149099,0.012899342252442155,0.01228015684923236,0.012419606069696528,0.012524815745039327,0.012625084977808936,0.012856051719278713,0,64,-5.119999999999999,7.109831639532375e-15,-5.1200000000000125,-5.119999999999981,-5.12000000000001,-5.120000000000005,-5.119999999999999,-5.119999999999996,-5.119999999999988,64,-5.119999999999999,7.109831639532375e-15,-5.1200000000000125,-5.119999999999981,-5.12000000000001,-5.120000000000005,-5.119999999999999,-5.119999999999996,-5.119999999999988,64,0.0,0.0,0.0,0.0,0.0,0.0,0.0,0.0,0.0,0,64,64,0.5078125,0.016022957937022343,0.46875,0.5390625,0.4830078125,0.49560546875,0.5078125,0.51953125,0.533203125,64,3.6078296874964e-05,9.070730011779596e-06,2.908500000131653e-05,9.378299999696083e-05,3.069889999682829e-05,3.294850000123972e-05,3.4072999998358e-05,3.590800000452532e-05,4.5472950002789476e-05,"{""nonpositive_total_gain"": 64}",
cancellation,128,,0.2,1.0,1.0,0.0,,c442f132d634e478,64,0,64,64,1.0,0,0,0.0,0.0,,,0,,,,,,,,,,0,,,,,,,,,,,,,False,False,0,,,,,,,,,,,,,,,no_identifiable_truth,not_applicable,0,,,,,,,,,,0,,,,,,,,,,64,1.4754291772879167e-17,1.0296550288618884e-17,3.8099046670558306e-19,4.966023727376301e-17,1.9862539438238526e-18,6.350225081235506e-18,1.3323737337469458e-17,2.1235994862425235e-17,3.383617300600766e-17,0,64,9.25366554216378e-17,1.861692247590843e-15,-3.718379770756286e-15,5.121771062821523e-15,-2.7711557007426e-15,-1.2869479787402938e-15,1.5699247457590104e-16,1.356120077344869e-15,2.7316148475120535e-15,64,9.25366554216378e-17,1.861692247590843e-15,-3.718379770756286e-15,5.121771062821523e-15,-2.7711557007426e-15,-1.2869479787402938e-15,1.5699247457590104e-16,1.356120077344869e-15,2.7316148475120535e-15,64,0.0,0.0,0.0,0.0,0.0,0.0,0.0,0.0,0.0,34,30,64,0.5015869140625,0.024317143936625474,0.453125,0.5546875,0.4609375,0.484375,0.50390625,0.515625,0.537890625,64,1.2516218749911157e-05,5.364885665648654e-06,9.605000000689756e-06,5.219300000014471e-05,9.935099999891506e-06,1.0797750000568485e-05,1.1605000000081134e-05,1.257224999973161e-05,1.4938250000184894e-05,"{""nonpositive_total_gain"": 64}",
cancellation,512,,0.2,1.0,1.0,0.0,,211f0699b14f9f09,64,0,64,64,1.0,0,0,0.0,0.0,,,0,,,,,,,,,,0,,,,,,,,,,,,,False,False,0,,,,,,,,,,,,,,,no_identifiable_truth,not_applicable,0,,,,,,,,,,0,,,,,,,,,,64,1.3894300950456083e-17,1.0315111333841736e-17,1.38929403568558e-19,4.1136855911516796e-17,2.0513618959423092e-18,5.6547578459989514e-18,1.101046681600542e-17,2.0843367702255358e-17,3.38271754716115e-17,0,64,6.680534826011478e-16,7.055007166383046e-15,-1.3864343700875637e-14,1.6952585168983347e-14,-9.801729740355203e-15,-4.7107093616508e-15,1.3578548008208458e-15,4.17269055069734e-15,1.255152665829983e-14,64,6.680534826011478e-16,7.055007166383046e-15,-1.3864343700875637e-14,1.6952585168983347e-14,-9.801729740355203e-15,-4.7107093616508e-15,1.3578548008208458e-15,4.17269055069734e-15,1.255152665829983e-14,64,0.0,0.0,0.0,0.0,0.0,0.0,0.0,0.0,0.0,37,27,64,0.503570556640625,0.015669713302865908,0.466796875,0.53515625,0.47880859375,0.490234375,0.50390625,0.515625,0.529296875,64,3.899318749983616e-05,1.4079693363044844e-05,3.110099999759086e-05,0.00013379699999660488,3.186290000023462e-05,3.382450000088966e-05,3.5362000000205285e-05,3.7783250000700264e-05,6.08769999987046e-05,"{""nonpositive_total_gain"": 64}",
cancellation,128,,1.0,1.0,1.0,0.0,,81405f8a9793acb3,64,0,64,64,1.0,0,0,0.0,0.0,,,0,,,,,,,,,,0,,,,,,,,,,,,,False,False,0,,,,,,,,,,,,,,,no_identifiable_truth,not_applicable,0,,,,,,,,,,0,,,,,,,,,,64,1.4754291772879167e-17,1.0296550288618884e-17,3.8099046670558306e-19,4.966023727376301e-17,1.9862539438238526e-18,6.350225081235506e-18,1.3323737337469458e-17,2.1235994862425235e-17,3.383617300600766e-17,0,64,9.25366554216378e-17,1.861692247590843e-15,-3.718379770756286e-15,5.121771062821523e-15,-2.7711557007426e-15,-1.2869479787402938e-15,1.5699247457590104e-16,1.356120077344869e-15,2.7316148475120535e-15,64,9.25366554216378e-17,1.861692247590843e-15,-3.718379770756286e-15,5.121771062821523e-15,-2.7711557007426e-15,-1.2869479787402938e-15,1.5699247457590104e-16,1.356120077344869e-15,2.7316148475120535e-15,64,0.0,0.0,0.0,0.0,0.0,0.0,0.0,0.0,0.0,34,30,64,0.5015869140625,0.024317143936625474,0.453125,0.5546875,0.4609375,0.484375,0.50390625,0.515625,0.537890625,64,1.1655468749996456e-05,1.8539261810556134e-06,9.26700000114522e-06,2.286700000020403e-05,9.939900000155433e-06,1.0548499999263328e-05,1.1448500000010853e-05,1.2064500000352751e-05,1.4152799999456177e-05,"{""nonpositive_total_gain"": 64}",
cancellation,512,,1.0,1.0,1.0,0.0,,96205c6259f1bc4d,64,0,64,64,1.0,0,0,0.0,0.0,,,0,,,,,,,,,,0,,,,,,,,,,,,,False,False,0,,,,,,,,,,,,,,,no_identifiable_truth,not_applicable,0,,,,,,,,,,0,,,,,,,,,,64,1.3894300950456083e-17,1.0315111333841736e-17,1.38929403568558e-19,4.1136855911516796e-17,2.0513618959423092e-18,5.6547578459989514e-18,1.101046681600542e-17,2.0843367702255358e-17,3.38271754716115e-17,0,64,6.680534826011478e-16,7.055007166383046e-15,-1.3864343700875637e-14,1.6952585168983347e-14,-9.801729740355203e-15,-4.7107093616508e-15,1.3578548008208458e-15,4.17269055069734e-15,1.255152665829983e-14,64,6.680534826011478e-16,7.055007166383046e-15,-1.3864343700875637e-14,1.6952585168983347e-14,-9.801729740355203e-15,-4.7107093616508e-15,1.3578548008208458e-15,4.17269055069734e-15,1.255152665829983e-14,64,0.0,0.0,0.0,0.0,0.0,0.0,0.0,0.0,0.0,37,27,64,0.503570556640625,0.015669713302865908,0.466796875,0.53515625,0.47880859375,0.490234375,0.50390625,0.515625,0.529296875,64,3.60827656251117e-05,4.6260104229335965e-06,3.0186000003595836e-05,5.658199999913904e-05,3.1595500001380114e-05,3.373399999517801e-05,3.485900000121944e-05,3.7097749997272444e-05,4.644890000005118e-05,"{""nonpositive_total_gain"": 64}",
cancellation,128,0.2,0.2,1.0,1.0,0.01,,b09a3a224f486a1b,64,64,0,,0.0,22,16,0.34375,0.25,0.34375,0.25,64,3.183213256637215,3.3726624661638716,0.0,8.0,0.0,0.0,1.740355573944801,7.61259767281103,8.0,64,2.9832132566372147,3.372662466163871,-0.2,7.8,-0.2,-0.2,1.540355573944801,7.41259767281103,7.8,2.9832132566372147,4.482932230250348,3.1216043249794496,True,True,0,,,,,,,,,,,,,3.183213256637215,4.482932230250348,,within_search_interval,64,13.976472298245126,12.152683409072177,1.4725912937366348,48.086379849124384,2.7242196428200574,5.7871662080954005,9.653118573578594,17.01041083742532,40.40707950014593,64,0.01250427995188435,0.000281133487883526,0.011932720355946374,0.013111476348029545,0.012078622295665286,0.012317009501771553,0.012514777622788614,0.01269363849623665,0.013011560107708335,64,0.01250427995188435,0.000281133487883526,0.011932720355946374,0.013111476348029545,0.012078622295665286,0.012317009501771553,0.012514777622788614,0.01269363849623665,0.013011560107708335,0,64,1.28,1.9132598035182355e-15,1.2799999999999963,1.2800000000000047,1.279999999999997,1.2799999999999985,1.28,1.2800000000000014,1.280000000000003,64,1.28,1.9132598035182355e-15,1.2799999999999963,1.2800000000000047,1.279999999999997,1.2799999999999985,1.28,1.2800000000000014,1.280000000000003,64,0.0,0.0,0.0,0.0,0.0,0.0,0.0,0.0,0.0,0,0,64,0.497314453125,0.02395747402379772,0.453125,0.546875,0.4609375,0.4765625,0.5,0.515625,0.53125,64,0.003994417562500088,0.00022164665308498438,0.0037924669999993554,0.0048880260000006,0.003826071999999847,0.0038573092499998296,0.003906837500000204,0.004048167999999741,0.004413741950000283,{},
cancellation,512,0.2,0.2,1.0,1.0,0.01,,a50840a776769c9b,64,64,0,,0.0,30,7,0.46875,0.109375,0.46875,0.109375,64,1.8501107688531244,2.7165671608674358,0.0,8.0,0.0,0.0,0.29706104547366374,2.609332258139035,8.0,64,1.6501107688531242,2.7165671608674358,-0.2,7.8,-0.2,-0.2,0.09706104547366373,2.4093322581390346,7.8,1.6501107688531242,3.160268073468399,1.8417007814350208,True,True,0,,,,,,,,,,,,,1.8501107688531244,3.160268073468399,,within_search_interval,64,3.60451904343667,2.851241526011783,0.29324043263672095,19.62469535264325,0.7329185503835297,1.8344566764722254,2.973245886270007,4.676863486609331,6.945789484113287,64,0.012534473074527385,0.00016315633764591618,0.01224099307225824,0.012915838975808318,0.012276930701607217,0.012426256259146343,0.012516825187418517,0.012631132786147062,0.012854691529980483,64,0.012534473074527385,0.00016315633764591618,0.01224099307225824,0.012915838975808318,0.012276930701607217,0.012426256259146343,0.012516825187418517,0.012631132786147062,0.012854691529980483,0,64,5.120000000000001,6.982772866394885e-15,5.119999999999988,5.120000000000016,5.11999999999999,5.119999999999996,5.120000000000002,5.120000000000004,5.120000000000013,64,5.120000000000001,6.982772866394885e-15,5.119999999999988,5.120000000000016,5.11999999999999,5.119999999999996,5.120000000000002,5.120000000000004,5.120000000000013,64,0.0,0.0,0.0,0.0,0.0,0.0,0.0,0.0,0.0,0,0,64,0.499298095703125,0.016305283209622674,0.4609375,0.529296875,0.47490234375,0.48779296875,0.5009765625,0.51171875,0.52314453125,64,0.015715198187499835,0.001628821556956974,0.013798404999999292,0.024840920999999128,0.014183672049998463,0.015135591000001725,0.015404479499997237,0.015901709999999625,0.017465054200004812,{},
cancellation,128,1.0,1.0,1.0,1.0,0.01,,471cad32c614b7ff,64,64,0,,0.0,22,17,0.34375,0.265625,0.34375,0.265625,64,3.398548003181143,3.4276178574991842,0.0,8.0,0.0,0.0,2.1662701789204277,8.0,8.0,64,2.398548003181143,3.4276178574991842,-1.0,7.0,-1.0,-1.0,1.166270178920428,7.0,7.0,2.398548003181143,4.161493167763847,3.1490927805474014,True,True,0,,,,,,,,,,,,,3.398548003181143,4.161493167763847,,within_search_interval,64,14.329198676801651,12.49240976728058,1.3817374725320837,50.406929304989404,2.8339101473204305,5.58413973897445,10.278575486250809,17.605094075855177,42.266869810099124,64,0.01250261859905366,0.0002805412239484514,0.0119283030300484,0.013110397524631655,0.012077279622768139,0.012300433060404209,0.012518752282408027,0.01270049612809454,0.012999221691517356,64,0.01250261859905366,0.0002805412239484514,0.0119283030300484,0.013110397524631655,0.012077279622768139,0.012300433060404209,0.012518752282408027,0.01270049612809454,0.012999221691517356,0,64,1.28,1.9364189492528412e-15,1.2799999999999963,1.2800000000000056,1.2799999999999971,1.2799999999999987,1.28,1.2800000000000014,1.2800000000000031,64,1.28,1.9364189492528412e-15,1.2799999999999963,1.2800000000000056,1.2799999999999971,1.2799999999999987,1.28,1.2800000000000014,1.2800000000000031,64,0.0,0.0,0.0,0.0,0.0,0.0,0.0,0.0,0.0,0,0,64,0.497314453125,0.023835848832737906,0.4453125,0.546875,0.4609375,0.482421875,0.5,0.515625,0.53125,64,0.0039948582968750285,0.0002121221225249377,0.0037698779999999488,0.004980409999999935,0.003803398000000291,0.0038534094999991275,0.003922497000000469,0.004096619750000308,0.004276920300000109,{},
cancellation,512,1.0,1.0,1.0,1.0,0.01,,d1ba0ade28accd11,64,64,0,,0.0,27,11,0.421875,0.171875,0.421875,0.171875,64,2.383056975411156,2.9990520048460527,0.0,8.0,0.0,0.0,0.9854434022840896,3.7334453990832173,8.0,64,1.3830569754111561,2.9990520048460527,-1.0,7.0,-1.0,-1.0,-0.014556597715910446,2.7334453990832173,7.0,1.3830569754111561,3.2812533254090823,2.3140809666396436,True,True,0,,,,,,,,,,,,,2.383056975411156,3.2812533254090823,,within_search_interval,64,3.60965752486881,2.7119082239007875,0.29896535353835646,17.585200760867217,0.567122978776315,1.8310998553059763,3.127213739462882,4.712998431148743,7.498906587774949,64,0.012532752243823227,0.0001640272935290945,0.012236450624643595,0.01292017716037371,0.01227147137535447,0.012423608062531693,0.012526875274223725,0.012629768852984159,0.012847085604292834,64,0.012532752243823227,0.0001640272935290945,0.012236450624643595,0.01292017716037371,0.01227147137535447,0.012423608062531693,0.012526875274223725,0.012629768852984159,0.012847085604292834,0,64,5.120000000000001,7.220461072809369e-15,5.119999999999986,5.120000000000018,5.11999999999999,5.119999999999995,5.120000000000001,5.1200000000000045,5.120000000000014,64,5.120000000000001,7.220461072809369e-15,5.119999999999986,5.120000000000018,5.11999999999999,5.119999999999995,5.120000000000001,5.1200000000000045,5.120000000000014,64,0.0,0.0,0.0,0.0,0.0,0.0,0.0,0.0,0.0,0,0,64,0.499755859375,0.015424133613414218,0.46484375,0.53125,0.47490234375,0.48828125,0.501953125,0.51025390625,0.5248046875,64,0.015922970281249893,0.0018445721864223988,0.013805756000000002,0.025691680000001327,0.014025082349999173,0.015097381249998598,0.015545239500001529,0.016259209499996707,0.018090743499999815,{},
cancellation,128,0.2,0.2,1.0,1.0,0.1,,e4c1c302936518d5,64,64,0,,0.0,14,0,0.21875,0.0,0.21875,0.0,64,0.5288384878171667,0.6194990336902856,0.0,2.6004694701787656,0.0,0.018884706718322625,0.3524396699805692,0.7797566302519592,1.750469495143171,64,0.32883848781716674,0.6194990336902856,-0.2,2.4004694701787654,-0.2,-0.1811152932816774,0.15243966998056918,0.5797566302519592,1.550469495143171,0.32883848781716674,0.6970776542925229,0.4540608496322439,True,True,0,,,,,,,,,,,,,0.5288384878171667,0.6970776542925229,,within_search_interval,64,0.08707748231205195,0.07229643247263719,0.012996693778929173,0.3550179816390578,0.018291687823506007,0.04009609220959608,0.061593258253318434,0.10883013614050566,0.2377085005241517,64,0.12432942402631461,0.0028099688876293445,0.11732170682806237,0.1303336197057865,0.12023332167379003,0.12255882595687734,0.12390129738654374,0.12628431584657465,0.12909484132937848,64,0.12432942402631461,0.0028099688876293445,0.11732170682806237,0.1303336197057865,0.12023332167379003,0.12255882595687734,0.12390129738654374,0.12628431584657465,0.12909484132937848,0,64,12.8,2.0857789864416014e-15,12.799999999999997,12.800000000000006,12.799999999999997,12.799999999999999,12.8,12.800000000000002,12.800000000000004,64,12.8,2.0857789864416014e-15,12.799999999999997,12.800000000000006,12.799999999999997,12.799999999999999,12.8,12.800000000000002,12.800000000000004,64,0.0,0.0,0.0,0.0,0.0,0.0,0.0,0.0,0.0,0,0,64,0.4595947265625,0.023727320500184793,0.3984375,0.515625,0.423046875,0.4453125,0.4609375,0.4765625,0.4921875,64,0.003971488406250029,0.0001633092864736646,0.0038038689999986275,0.004503838999999843,0.0038282566999995995,0.003862202999999287,0.0039026785000007003,0.004050894499999957,0.004340965750000336,{},
cancellation,512,0.2,0.2,1.0,1.0,0.1,,3b00c86290fe8725,64,64,0,,0.0,16,0,0.25,0.0,0.25,0.0,64,0.2634502283435083,0.25556729375875475,0.0,0.9229042430640477,0.0,0.010984190782448791,0.21603878515844632,0.4380393292859646,0.7054571051544027,64,0.06345022834350829,0.25556729375875475,-0.2,0.7229042430640478,-0.2,-0.18901580921755123,0.01603878515844631,0.2380393292859646,0.5054571051544028,0.06345022834350829,0.2613810089513102,0.21869430936342235,True,True,0,,,,,,,,,,,,,0.2634502283435083,0.2613810089513102,,within_search_interval,64,0.01923662330515524,0.016606974560106708,0.00299890835181258,0.11527761365677433,0.005187863550272201,0.009308097764611176,0.015481327508875854,0.024116577485036882,0.038583276321059845,64,0.1247095991961312,0.0016054044931523188,0.1217204119410622,0.12867492035170405,0.12216473881358213,0.12370964595145986,0.12450931159153197,0.1257200767363438,0.12728276925962376,64,0.1247095991961312,0.0016054044931523188,0.1217204119410622,0.12867492035170405,0.12216473881358213,0.12370964595145986,0.12450931159153197,0.1257200767363438,0.12728276925962376,0,64,51.2,7.800960461189987e-15,51.19999999999999,51.200000000000024,51.19999999999999,51.199999999999996,51.2,51.20000000000001,51.20000000000002,64,51.2,7.800960461189987e-15,51.19999999999999,51.200000000000024,51.19999999999999,51.199999999999996,51.2,51.20000000000001,51.20000000000002,64,0.0,0.0,0.0,0.0,0.0,0.0,0.0,0.0,0.0,0,0,64,0.4627685546875,0.013472787816780518,0.435546875,0.4921875,0.439453125,0.45703125,0.462890625,0.470703125,0.484375,64,0.01590596817187495,0.0020182299601186546,0.013831646999999947,0.025120303999997873,0.014098626850001138,0.015082463499997978,0.015490819000000045,0.015876074249995042,0.018178975499998452,{},
cancellation,128,1.0,1.0,1.0,1.0,0.1,,8bbc3a8cc3ade3fe,64,64,0,,0.0,4,0,0.0625,0.0,0.0625,0.0,64,1.4754510574247777,1.1061956516463654,0.0,4.102331750892536,0.0012641971810697014,0.5677242025975635,1.4103726024586039,2.167760787633024,3.6862014103106913,64,0.4754510574247777,1.1061956516463654,-1.0,3.102331750892536,-0.9987358028189303,-0.43227579740243655,0.41037260245860385,1.1677607876330243,2.6862014103106913,0.4754510574247777,1.1960780503042099,0.9328715974933145,True,True,0,,,,,,,,,,,,,1.4754510574247777,1.1960780503042099,,within_search_interval,64,0.10987455703696279,0.09734509082407582,0.015191044031011097,0.42106844817547784,0.0255703910964562,0.04153153984968659,0.08007731153234798,0.14355788702786096,0.3353458547876391,64,0.12286279748675853,0.0029737155334125403,0.11621895340208829,0.1296537347806513,0.11803805018161194,0.12053858186159526,0.12284010112295911,0.12509752139817606,0.12724224005923224,64,0.12286279748675853,0.0029737155334125403,0.11621895340208829,0.1296537347806513,0.11803805018161194,0.12053858186159526,0.12284010112295911,0.12509752139817606,0.12724224005923224,0,64,12.8,2.2209746639582546e-15,12.799999999999997,12.800000000000006,12.799999999999997,12.799999999999999,12.8,12.800000000000002,12.800000000000004,64,12.8,2.2209746639582546e-15,12.799999999999997,12.800000000000006,12.799999999999997,12.799999999999999,12.8,12.800000000000002,12.800000000000004,64,0.0,0.0,0.0,0.0,0.0,0.0,0.0,0.0,0.0,0,0,64,0.461181640625,0.023456868237335525,0.40625,0.5078125,0.421875,0.4453125,0.4609375,0.4765625,0.49882812499999996,64,0.004028035859375154,0.0002656786660737779,0.003819028000000557,0.005449878000000297,0.0038304044999996735,0.0038676099999996882,0.003924093000000628,0.004109196749999322,0.004499170650000472,{},
cancellation,512,1.0,1.0,1.0,1.0,0.1,,80ec2eeb0ac97979,64,64,0,,0.0,1,0,0.015625,0.0,0.015625,0.0,64,1.0561763524407322,0.5891505383411513,0.0,2.7139752493817397,0.24540369930524011,0.5480875177300812,1.001459709480402,1.4660102925700493,1.9641580200613808,64,0.05617635244073212,0.5891505383411513,-1.0,1.7139752493817397,-0.7545963006947598,-0.45191248226991876,0.0014597094804020827,0.46601029257004944,0.9641580200613807,0.05617635244073212,0.5872228942878347,0.4833029800261128,True,True,0,,,,,,,,,,,,,1.0561763524407322,0.5872228942878347,,within_search_interval,64,0.025357959548107996,0.01761097512649118,0.0028828785261886384,0.06647522863353629,0.004367765518906381,0.010368748384194718,0.021444268406403195,0.04056491488823691,0.05695727571379398,64,0.1232886122778822,0.0018279831697660847,0.11889861646780048,0.12819590655648017,0.12092670527546565,0.12188669306297145,0.12324691383924627,0.12437176067610142,0.12604319773297248,64,0.1232886122778822,0.0018279831697660847,0.11889861646780048,0.12819590655648017,0.12092670527546565,0.12188669306297145,0.12324691383924627,0.12437176067610142,0.12604319773297248,0,64,51.2,7.64531468262595e-15,51.19999999999999,51.200000000000024,51.199999999999996,51.2,51.2,51.20000000000001,51.20000000000002,64,51.2,7.64531468262595e-15,51.19999999999999,51.200000000000024,51.199999999999996,51.2,51.2,51.20000000000001,51.20000000000002,64,0.0,0.0,0.0,0.0,0.0,0.0,0.0,0.0,0.0,0,0,64,0.4642333984375,0.01477192493232643,0.431640625,0.501953125,0.443359375,0.455078125,0.4638671875,0.47265625,0.48994140625,64,0.016054027843750096,0.0019799170497842747,0.013891477000001373,0.0249313380000018,0.014203306800001592,0.015221625500000613,0.015523998999999122,0.01626033525000281,0.019438423650002076,{},
cancellation,128,0.2,0.2,1.0,1.0,1.0,,73ef0b402934c91e,64,64,0,,0.0,0,0,0.0,0.0,0.0,0.0,64,0.21408893766005602,0.05294666690955367,0.09421876124654938,0.33106243025141857,0.1353423022094233,0.1821057250201626,0.2149948081505036,0.24841348776356237,0.303943431603001,64,0.014088937660056004,0.05294666690955367,-0.10578123875345063,0.13106243025141856,-0.0646576977905767,-0.017894274979837407,0.01499480815050358,0.04841348776356234,0.103943431603001,0.014088937660056004,0.05438791561281957,0.04306357995928733,True,True,0,,,,,,,,,,,,,0.21408893766005602,0.05438791561281957,,within_search_interval,64,0.000582898890332194,0.0003665898905272012,0.0001308962510849286,0.0016989579269720983,0.00016976893340800442,0.00028626128228665976,0.0004833331957191611,0.0007946970885662659,0.001281062129127926,64,0.8308048353056716,0.01929769987598352,0.788472039069995,0.8747935292926845,0.7962516280124765,0.8198017233226926,0.8306154867821725,0.8436456774442217,0.858520565802296,64,0.8308048353056716,0.01929769987598352,0.788472039069995,0.8747935292926845,0.7962516280124765,0.8198017233226926,0.8306154867821725,0.8436456774442217,0.858520565802296,0,64,128.0,4.736951571734001e-15,127.99999999999999,128.0,127.99999999999999,128.0,128.0,128.0,128.0,64,128.0,4.736951571734001e-15,127.99999999999999,128.0,127.99999999999999,128.0,128.0,128.0,128.0,64,0.0,0.0,0.0,0.0,0.0,0.0,0.0,0.0,0.0,0,0,64,0.1759033203125,0.019881150870396956,0.125,0.2265625,0.141796875,0.1640625,0.171875,0.1875,0.203125,64,0.003966664218749985,0.00017636245057267043,0.0037987879999992202,0.00476262599999977,0.003815950349999575,0.0038581617499999776,0.003900357000000021,0.004004135499999784,0.0043210412000004965,{},
cancellation,512,0.2,0.2,1.0,1.0,1.0,,41048ca4586d2196,64,64,0,,0.0,0,0,0.0,0.0,0.0,0.0,64,0.20059329914307555,0.02844880678012064,0.12457125562653805,0.24683638568312355,0.15941208594804104,0.17890460346561468,0.201690741658686,0.22233489370212348,0.24071283346569905,64,0.0005932991430755536,0.02844880678012064,-0.07542874437346196,0.04683638568312354,-0.04058791405195897,-0.02109539653438533,0.0016907416586859902,0.022334893702123465,0.040712833465699046,0.0005932991430755536,0.02823191027628337,0.024174709644060117,True,True,0,,,,,,,,,,,,,0.20059329914307555,0.02823191027628337,,within_search_interval,64,0.00015078515507433086,0.00010920703358102004,2.982555034305352e-05,0.0006981644178497104,4.8014407339974425e-05,7.709777094372028e-05,0.00012877511180814813,0.000197475718778505,0.0003013473027453094,64,0.8342335232510106,0.010534545110084186,0.8127399790072846,0.8605012743598558,0.8175779513749466,0.8265135720858942,0.8338292401431435,0.8418231394459157,0.8510983999950137,64,0.8342335232510106,0.010534545110084186,0.8127399790072846,0.8605012743598558,0.8175779513749466,0.8265135720858942,0.8338292401431435,0.8418231394459157,0.8510983999950137,0,64,512.0,1.669973390201571e-14,511.99999999999994,512.0,511.99999999999994,512.0,512.0,512.0,512.0,64,512.0,1.669973390201571e-14,511.99999999999994,512.0,511.99999999999994,512.0,512.0,512.0,512.0,64,0.0,0.0,0.0,0.0,0.0,0.0,0.0,0.0,0.0,0,0,64,0.17559814453125,0.01026865848760339,0.15234375,0.201171875,0.15849609375,0.16796875,0.177734375,0.181640625,0.189453125,64,0.016404220171875095,0.004164600794746788,0.013812076000000673,0.0424990949999966,0.014176508900002816,0.01511693675000192,0.015341880500002958,0.015782488750000212,0.023894933000000035,{},
cancellation,128,1.0,1.0,1.0,1.0,1.0,,aa3854c24574980b,64,64,0,,0.0,0,0,0.0,0.0,0.0,0.0,64,1.0323855671645015,0.12352330904540758,0.7453759837146119,1.3249372560928814,0.8496351567086731,0.9452193970747851,1.0358935800310278,1.1056453243956477,1.2257689038455046,64,0.032385567164501416,0.12352330904540758,-0.2546240162853881,0.3249372560928814,-0.15036484329132693,-0.054780602925214916,0.03589358003102783,0.10564532439564767,0.22576890384550466,0.032385567164501416,0.12676129718887913,0.10048886320793823,True,True,0,,,,,,,,,,,,,1.0323855671645015,0.12676129718887913,,within_search_interval,64,0.0010287264874312477,0.0008425392518542833,0.00015284087324948147,0.0037202160421801506,0.00025120102124598516,0.00043375224709088684,0.0007197067734184632,0.001332058438314191,0.0027414700909649545,64,0.6798197727871199,0.022273969437567234,0.6380668449263318,0.7290019589984736,0.6436689171475563,0.6646865930281236,0.6780502093041321,0.693438718943302,0.7171603879947709,64,0.6798197727871199,0.022273969437567234,0.6380668449263318,0.7290019589984736,0.6436689171475563,0.6646865930281236,0.6780502093041321,0.693438718943302,0.7171603879947709,0,64,128.0,7.476391499624687e-15,127.99999999999999,128.00000000000003,128.0,128.0,128.0,128.0,128.00000000000003,64,128.0,7.476391499624687e-15,127.99999999999999,128.00000000000003,128.0,128.0,128.0,128.0,128.00000000000003,64,0.0,0.0,0.0,0.0,0.0,0.0,0.0,0.0,0.0,0,0,64,0.3153076171875,0.027396568441811153,0.265625,0.3828125,0.2734375,0.296875,0.31640625,0.3359375,0.35820312499999996,64,0.0039895431406250376,0.00018901429435481276,0.0037927209999999434,0.004658939000000473,0.0038142554000001995,0.003854571999999834,0.003928075000000142,0.004062468499999916,0.004399846549999964,{},
cancellation,512,1.0,1.0,1.0,1.0,1.0,,e32c08bf0c79989d,64,64,0,,0.0,0,0,0.0,0.0,0.0,0.0,64,0.9996026149377649,0.06577792394186083,0.8508381962848899,1.1385367137091342,0.8809930806635167,0.9578657424826116,1.0002150380901467,1.0533784601924427,1.0929940303483585,64,-0.0003973850622351269,0.06577792394186083,-0.14916180371511012,0.13853671370913423,-0.11900691933648329,-0.04213425751738842,0.00021503809014666864,0.053378460192442634,0.09299403034835857,-0.0003973850622351269,0.06526322053246057,0.053514977664244255,True,True,0,,,,,,,,,,,,,0.9996026149377649,0.06526322053246057,,within_search_interval,64,0.0002658757062558035,0.0001942331077121909,2.87174707827377e-05,0.0012082813804702624,4.942344391260166e-05,0.000157557400687135,0.0002036922430237316,0.00035102167282445357,0.0005314097660800175,64,0.6826778950869978,0.011184656077988544,0.6625031899255259,0.712992781185887,0.6635560317880644,0.6757185075536991,0.6818502568339708,0.6879586518205161,0.7029333337836865,64,0.6826778950869978,0.011184656077988544,0.6625031899255259,0.712992781185887,0.6635560317880644,0.6757185075536991,0.6818502568339708,0.6879586518205161,0.7029333337836865,0,64,512.0,2.257607747999627e-14,511.99999999999994,512.0000000000001,512.0,512.0,512.0,512.0,512.0,64,512.0,2.257607747999627e-14,511.99999999999994,512.0000000000001,512.0,512.0,512.0,512.0,512.0,64,0.0,0.0,0.0,0.0,0.0,0.0,0.0,0.0,0.0,0,0,64,0.316497802734375,0.015564544220537197,0.287109375,0.3515625,0.29296875,0.3046875,0.314453125,0.328125,0.34375,64,0.01597282331250005,0.0017985654843388841,0.013958092999999394,0.024743141000001856,0.014290432749995575,0.015123745250001264,0.015474028499998127,0.01613584675000368,0.019131384450001218,{},
cancellation,128,0.2,0.2,1.0,1.0,1e-12,,3510bb40eef9b26e,64,64,0,,0.0,22,18,0.34375,0.28125,0.34375,0.28125,64,3.8211079123308886,3.669367626952188,0.0,7.999999999960792,0.0,0.0,2.680915450414039,7.999999999960792,7.999999999960792,64,3.6211079123308885,3.669367626952188,-0.2,7.799999999960792,-0.2,-0.2,2.480915450414039,7.799999999960792,7.799999999960792,3.6211079123308885,5.134812776626394,3.759705676997193,True,True,0,,,,,,,,,,,,,3.8211079123308886,5.134812776626394,,within_search_interval,64,1.5200409327405574e+21,1.3035359657984925e+21,1.5753318279432444e+20,5.171523066713377e+21,3.00747277743452e+20,6.426538888990987e+20,1.0753145612867876e+21,1.8102328078382777e+21,4.2940343234692283e+21,64,1.2504866000480885e-12,2.8009612527078685e-14,1.1947345522007192e-12,1.3114305988399054e-12,1.2084697811816583e-12,1.2317794027342365e-12,1.2516633682439836e-12,1.2691150166493947e-12,1.3016061307883857e-12,64,1.2504866000480885e-12,2.8009612527078685e-14,1.1947345522007192e-12,1.3114305988399054e-12,1.2084697811816583e-12,1.2317794027342365e-12,1.2516633682439836e-12,1.2691150166493947e-12,1.3016061307883857e-12,0,64,1.280000538926164e-10,1.9394682124677915e-15,1.27995792784108e-10,1.2800529256354332e-10,1.279968764441794e-10,1.2799864683790685e-10,1.2800007364796584e-10,1.280016020477684e-10,1.2800273793385845e-10,64,1.280000538926164e-10,1.9394682124677915e-15,1.27995792784108e-10,1.2800529256354332e-10,1.279968764441794e-10,1.2799864683790685e-10,1.2800007364796584e-10,1.280016020477684e-10,1.2800273793385845e-10,64,0.0,0.0,0.0,0.0,0.0,0.0,0.0,0.0,0.0,0,0,64,0.5015869140625,0.024317143936625474,0.453125,0.5546875,0.4609375,0.484375,0.50390625,0.515625,0.537890625,64,0.004009489499999991,0.0002513749304796636,0.003780761999999882,0.004928524999998629,0.003804416450000492,0.0038533639999998037,0.003911110499999815,0.004042223999999983,0.004556281750000134,{},
cancellation,512,0.2,0.2,1.0,1.0,1e-12,,b8bdd2cdcd30a908,64,64,0,,0.0,31,13,0.484375,0.203125,0.484375,0.203125,64,2.779687425766087,3.4190649003041558,0.0,8.0,0.0,0.0,0.3459644915853384,6.997552130088061,7.999999999960792,64,2.5796874257660867,3.4190649003041553,-0.2,7.8,-0.2,-0.2,0.14596449158533834,6.797552130088061,7.799999999960792,2.5796874257660867,4.261705724503376,2.7734091414215145,True,True,0,,,,,,,,,,,,,2.779687425766087,4.261705724503376,,within_search_interval,64,4.1641121725912416e+20,3.086871274491247e+20,3.15635955461289e+19,2.0668139035686354e+21,8.670520792838753e+19,2.155792250734913e+20,3.6200191165042046e+20,5.5462736268395335e+20,8.333192477062036e+20,64,1.2534354223942938e-12,1.636376277908446e-14,1.2233752415102779e-12,1.2911310928423448e-12,1.2278560093113287e-12,1.2424312789118738e-12,1.2517884175988135e-12,1.262917117645581e-12,1.285767714158297e-12,64,1.2534354223942938e-12,1.636376277908446e-14,1.2233752415102779e-12,1.2911310928423448e-12,1.2278560093113287e-12,1.2424312789118738e-12,1.2517884175988135e-12,1.262917117645581e-12,1.285767714158297e-12,0,64,5.120007365774669e-10,7.117626777253816e-15,5.119858081329559e-10,5.120174340934869e-10,5.119904528984309e-10,5.119957296373902e-10,5.120011265815055e-10,5.120047355923821e-10,5.120139775539618e-10,64,5.120007365774669e-10,7.117626777253816e-15,5.119858081329559e-10,5.120174340934869e-10,5.119904528984309e-10,5.119957296373902e-10,5.120011265815055e-10,5.120047355923821e-10,5.120139775539618e-10,64,0.0,0.0,0.0,0.0,0.0,0.0,0.0,0.0,0.0,0,0,64,0.503570556640625,0.015669713302865908,0.466796875,0.53515625,0.47880859375,0.490234375,0.50390625,0.515625,0.529296875,64,0.015881469765625045,0.001867493634158191,0.013993634999998505,0.025630020999997782,0.014178437799997922,0.01507904375000102,0.015443001000001289,0.016192155749997994,0.018922053400002872,{},
cancellation,128,1.0,1.0,1.0,1.0,1e-12,,e72262ce5a2e8e29,64,64,0,,0.0,22,21,0.34375,0.328125,0.34375,0.328125,64,3.8164843894920586,3.6651882192226948,0.0,8.0,0.0,0.0,2.7132717620298865,7.999999999960792,7.999999999960792,64,2.8164843894920586,3.6651882192226948,-1.0,7.0,-1.0,-1.0,1.7132717620298865,6.999999999960792,6.999999999960792,2.8164843894920586,4.5995966046404435,3.574213365625244,True,True,0,,,,,,,,,,,,,3.8164843894920586,4.5995966046404435,,within_search_interval,64,1.5200423234993054e+21,1.3035404366123825e+21,1.575324099300154e+20,5.171598302498975e+21,3.0074221369864716e+20,6.426519718476057e+20,1.0753343672896615e+21,1.8102039369541136e+21,4.294059627388618e+21,64,1.2504872545026731e-12,2.8010727772379045e-14,1.1947272699909134e-12,1.3114329804112e-12,1.2084702223093296e-12,1.2317814953268069e-12,1.2516568523431744e-12,1.2691252579003321e-12,1.301615684148812e-12,64,1.2504872545026731e-12,2.8010727772379045e-14,1.1947272699909134e-12,1.3114329804112e-12,1.2084702223093296e-12,1.2317814953268069e-12,1.2516568523431744e-12,1.2691252579003321e-12,1.301615684148812e-12,0,64,1.2800011845918512e-10,2.0029146946006743e-15,1.2799613929512232e-10,1.2800524746073294e-10,1.2799722527538638e-10,1.279986528010188e-10,1.2799986623331398e-10,1.280015498976439e-10,1.2800304167309707e-10,64,1.2800011845918512e-10,2.0029146946006743e-15,1.2799613929512232e-10,1.2800524746073294e-10,1.2799722527538638e-10,1.279986528010188e-10,1.2799986623331398e-10,1.280015498976439e-10,1.2800304167309707e-10,64,0.0,0.0,0.0,0.0,0.0,0.0,0.0,0.0,0.0,0,0,64,0.5015869140625,0.024317143936625474,0.453125,0.5546875,0.4609375,0.484375,0.50390625,0.515625,0.537890625,64,0.004012446656250071,0.00026146823901016745,0.0037989510000002724,0.005618939999999739,0.0038284705499997073,0.0038623587500006273,0.003923130500000482,0.004086760249999877,0.0043454983000001945,{},
cancellation,512,1.0,1.0,1.0,1.0,1e-12,,6ec5e874fd16c189,64,64,0,,0.0,31,12,0.484375,0.1875,0.484375,0.1875,64,2.7946215009002326,3.429847181594,0.0,7.999999999960792,0.0,0.0,0.34451894217191115,7.1437412047285385,7.999999999960792,64,1.7946215009002326,3.429847181594,-1.0,6.999999999960792,-1.0,-1.0,-0.6554810578280887,6.1437412047285385,6.999999999960792,1.7946215009002326,3.8471688080898794,2.805436599952616,True,True,0,,,,,,,,,,,,,2.7946215009002326,3.8471688080898794,,within_search_interval,64,4.164109587281581e+20,3.086861658915508e+20,3.156341923041123e+19,2.0668023096570762e+21,8.670540256280953e+19,2.1557972120971467e+20,3.620018603850599e+20,5.546293810178055e+20,8.333253013434148e+20,64,1.2534358265955466e-12,1.636329918812025e-14,1.2233717791026396e-12,1.2911291360514378e-12,1.22785650313303e-12,1.242426872122224e-12,1.2517853483764549e-12,1.2629164418162925e-12,1.2857666654612595e-12,64,1.2534358265955466e-12,1.636329918812025e-14,1.2233717791026396e-12,1.2911291360514378e-12,1.22785650313303e-12,1.242426872122224e-12,1.2517853483764549e-12,1.2629164418162925e-12,1.2857666654612595e-12,0,64,5.120009041455713e-10,6.966245102076058e-15,5.119862441990697e-10,5.120166547689653e-10,5.119900462575641e-10,5.119959265429043e-10,5.120013434693738e-10,5.120047349418608e-10,5.120140273188415e-10,64,5.120009041455713e-10,6.966245102076058e-15,5.119862441990697e-10,5.120166547689653e-10,5.119900462575641e-10,5.119959265429043e-10,5.120013434693738e-10,5.120047349418608e-10,5.120140273188415e-10,64,0.0,0.0,0.0,0.0,0.0,0.0,0.0,0.0,0.0,0,0,64,0.503570556640625,0.015669713302865908,0.466796875,0.53515625,0.47880859375,0.490234375,0.50390625,0.515625,0.529296875,64,0.015772213218750497,0.0016587980882174086,0.013932230000001766,0.026111163000003046,0.014165582600000092,0.015099445250001509,0.015498502999999886,0.016141577500000892,0.017124493599997945,{},
control,128,,,0.0,1.0,,negative_gain,7cfcbd8eb18890c5,64,0,64,64,1.0,0,0,0.0,0.0,,,0,,,,,,,,,,0,,,,,,,,,,,,,False,False,0,,,,,,,,,,,,,,,no_identifiable_truth,not_applicable,0,,,,,,,,,,0,,,,,,,,,,64,1.0,0.0,1.0,1.0,1.0,1.0,1.0,1.0,1.0,0,64,-128.0,0.0,-128.0,-128.0,-128.0,-128.0,-128.0,-128.0,-128.0,64,-128.0,0.0,-128.0,-128.0,-128.0,-128.0,-128.0,-128.0,-128.0,64,0.0,0.0,0.0,0.0,0.0,0.0,0.0,0.0,0.0,0,64,64,1.0,0.0,1.0,1.0,1.0,1.0,1.0,1.0,1.0,64,1.159389062510563e-05,2.244097436755023e-06,9.53400000014426e-06,2.5135000000453545e-05,9.729550000781018e-06,1.0326749999789442e-05,1.1308499999529431e-05,1.1893500002635449e-05,1.3455050000565904e-05,"{""nonpositive_total_gain"": 64}",
control,512,,,0.0,1.0,,negative_gain,0890d97741dfeb21,64,0,64,64,1.0,0,0,0.0,0.0,,,0,,,,,,,,,,0,,,,,,,,,,,,,False,False,0,,,,,,,,,,,,,,,no_identifiable_truth,not_applicable,0,,,,,,,,,,0,,,,,,,,,,64,1.0,0.0,1.0,1.0,1.0,1.0,1.0,1.0,1.0,0,64,-512.0,0.0,-512.0,-512.0,-512.0,-512.0,-512.0,-512.0,-512.0,64,-512.0,0.0,-512.0,-512.0,-512.0,-512.0,-512.0,-512.0,-512.0,64,0.0,0.0,0.0,0.0,0.0,0.0,0.0,0.0,0.0,0,64,64,1.0,0.0,1.0,1.0,1.0,1.0,1.0,1.0,1.0,64,3.403126562512293e-05,6.835138958720054e-06,2.873300000061363e-05,7.51160000049822e-05,2.9636549999167983e-05,3.180750000009169e-05,3.2846999998170645e-05,3.3652249999960304e-05,3.7822799997400124e-05,"{""nonpositive_total_gain"": 64}",
control,128,10.0,,0.0,1.0,,outside_range,edc5a940b1dce492,64,64,0,,0.0,0,64,0.0,1.0,0.0,1.0,64,8.0,0.0,8.0,8.0,8.0,8.0,8.0,8.0,8.0,0,,,,,,,,,,,,,True,False,64,-2.0,0.0,-2.0,-2.0,-2.0,-2.0,-2.0,-2.0,-2.0,-2.0,2.0,2.0,,,outside_search_interval,outside_search_interval,64,0.00020263890289513758,0.00011474572687643841,3.31638830055477e-05,0.0006356639612070266,5.8690455980202275e-05,0.0001229954590122953,0.00019393919212722539,0.0002684485781626715,0.0004002390778726149,64,1.0,0.0,1.0,1.0,1.0,1.0,1.0,1.0,1.0,64,1.0,0.0,1.0,1.0,1.0,1.0,1.0,1.0,1.0,0,64,128.0,4.736951571734001e-15,127.99999999999999,128.0,127.99999999999999,128.0,128.0,128.0,128.0,64,128.0,4.736951571734001e-15,127.99999999999999,128.0,127.99999999999999,128.0,128.0,128.0,128.0,64,0.0,0.0,0.0,0.0,0.0,0.0,0.0,0.0,0.0,0,0,64,0.0,0.0,0.0,0.0,0.0,0.0,0.0,0.0,0.0,64,0.004069939312499993,0.00047742536416204196,0.0038163959999995,0.0072943599999995,0.0038314977999998946,0.0038576679999999808,0.003923862499999764,0.0041270692500003925,0.004686962750000043,{},
control,512,10.0,,0.0,1.0,,outside_range,0159be39343708ac,64,64,0,,0.0,0,64,0.0,1.0,0.0,1.0,64,8.0,0.0,8.0,8.0,8.0,8.0,8.0,8.0,8.0,0,,,,,,,,,,,,,True,False,64,-2.0,0.0,-2.0,-2.0,-2.0,-2.0,-2.0,-2.0,-2.0,-2.0,2.0,2.0,,,outside_search_interval,outside_search_interval,64,0.0001953372380042752,4.5182842252890616e-05,0.00012293915984349252,0.0003186932001381902,0.00012771267225017386,0.00016086256630489594,0.00019306306250774582,0.00022413539824598,0.00027514393063653376,64,1.0,0.0,1.0,1.0,1.0,1.0,1.0,1.0,1.0,64,1.0,0.0,1.0,1.0,1.0,1.0,1.0,1.0,1.0,0,64,512.0,1.788160004724363e-14,511.99999999999994,512.0,511.99999999999994,512.0,512.0,512.0,512.0,64,512.0,1.788160004724363e-14,511.99999999999994,512.0,511.99999999999994,512.0,512.0,512.0,512.0,64,0.0,0.0,0.0,0.0,0.0,0.0,0.0,0.0,0.0,0,0,64,0.0,0.0,0.0,0.0,0.0,0.0,0.0,0.0,0.0,64,0.01575605914062539,0.0013787585930289843,0.013856436000004635,0.02221948700000098,0.014240308099996924,0.015145741999999629,0.015528146000001186,0.015951476499996176,0.018333582749999165,{},
control,128,,,0.0,1.0,,uniform_weights,b573a553e3c9c368,64,0,64,,1.0,0,0,0.0,0.0,,,0,,,,,,,,,,0,,,,,,,,,,,,,False,False,0,,,,,,,,,,,,,,,no_identifiable_truth,not_applicable,0,,,,,,,,,,0,,,,,,,,,,64,1.0,0.0,1.0,1.0,1.0,1.0,1.0,1.0,1.0,0,64,128.0,0.0,128.0,128.0,128.0,128.0,128.0,128.0,128.0,64,128.0,0.0,128.0,128.0,128.0,128.0,128.0,128.0,128.0,64,0.0,0.0,0.0,0.0,0.0,0.0,0.0,0.0,0.0,0,0,64,0.0,0.0,0.0,0.0,0.0,0.0,0.0,0.0,0.0,64,1.1226187500046336e-05,1.7986715016600956e-06,9.318000000035909e-06,2.2186000000701256e-05,9.600100000284328e-06,1.0186000000356188e-05,1.088449999997465e-05,1.1683250000338319e-05,1.3490450000608333e-05,"{""constant_weights"": 64}",64
control,512,,,0.0,1.0,,uniform_weights,db9b2a3fe2de57f9,64,0,64,,1.0,0,0,0.0,0.0,,,0,,,,,,,,,,0,,,,,,,,,,,,,False,False,0,,,,,,,,,,,,,,,no_identifiable_truth,not_applicable,0,,,,,,,,,,0,,,,,,,,,,64,1.0,0.0,1.0,1.0,1.0,1.0,1.0,1.0,1.0,0,64,512.0,0.0,512.0,512.0,512.0,512.0,512.0,512.0,512.0,64,512.0,0.0,512.0,512.0,512.0,512.0,512.0,512.0,512.0,64,0.0,0.0,0.0,0.0,0.0,0.0,0.0,0.0,0.0,0,0,64,0.0,0.0,0.0,0.0,0.0,0.0,0.0,0.0,0.0,64,3.61009687499525e-05,7.086279687311404e-06,3.0652999999603026e-05,7.156400000241092e-05,3.1007750003908543e-05,3.2673500003355116e-05,3.4351999998349925e-05,3.580099999744846e-05,5.135295000044947e-05,"{""constant_weights"": 64}",64
control,128,8.0,,0.0,1.0,,upper_boundary,92acd686ef0ee357,64,64,0,,0.0,0,64,0.0,1.0,0.0,1.0,64,8.0,0.0,8.0,8.0,8.0,8.0,8.0,8.0,8.0,64,0.0,0.0,0.0,0.0,0.0,0.0,0.0,0.0,0.0,0.0,0.0,0.0,True,True,0,,,,,,,,,,,,,8.0,0.0,,within_search_interval,64,6.832035364087512e-35,7.327675799253315e-35,7.23700365842276e-38,3.2436029079144027e-34,4.249151146190035e-37,9.11492231440495e-36,5.109953196433943e-35,1.0105798467000474e-34,2.1392379250661463e-34,64,1.0,0.0,1.0,1.0,1.0,1.0,1.0,1.0,1.0,64,1.0,0.0,1.0,1.0,1.0,1.0,1.0,1.0,1.0,0,64,128.0,5.590520348657742e-15,127.99999999999999,128.0,127.99999999999999,128.0,128.0,128.0,128.0,64,128.0,5.590520348657742e-15,127.99999999999999,128.0,127.99999999999999,128.0,128.0,128.0,128.0,64,0.0,0.0,0.0,0.0,0.0,0.0,0.0,0.0,0.0,0,0,64,0.0,0.0,0.0,0.0,0.0,0.0,0.0,0.0,0.0,64,0.004006110359375023,0.00022235058245087953,0.0037959499999997703,0.004990197999999779,0.0038079544499994176,0.003862362749998738,0.003945121500000148,0.0040700475000003955,0.004382046399999461,{},
control,512,8.0,,0.0,1.0,,upper_boundary,59298928712e7f83,64,64,0,,0.0,0,64,0.0,1.0,0.0,1.0,64,8.0,0.0,8.0,8.0,8.0,8.0,8.0,8.0,8.0,64,0.0,0.0,0.0,0.0,0.0,0.0,0.0,0.0,0.0,0.0,0.0,0.0,True,True,0,,,,,,,,,,,,,8.0,0.0,,within_search_interval,64,4.915064859780587e-35,5.967654208584972e-35,1.2345300061604185e-36,3.1988019069974023e-34,2.4058007913008074e-36,8.946468121863717e-36,3.1692570346011637e-35,6.523249781929445e-35,1.5761620272121881e-34,64,1.0,0.0,1.0,1.0,1.0,1.0,1.0,1.0,1.0,64,1.0,0.0,1.0,1.0,1.0,1.0,1.0,1.0,1.0,0,64,512.0,2.0802561229839964e-14,511.99999999999994,512.0,511.99999999999994,512.0,512.0,512.0,512.0,64,512.0,2.0802561229839964e-14,511.99999999999994,512.0,511.99999999999994,512.0,512.0,512.0,512.0,64,0.0,0.0,0.0,0.0,0.0,0.0,0.0,0.0,0.0,0,0,64,0.0,0.0,0.0,0.0,0.0,0.0,0.0,0.0,0.0,64,0.015890966890624802,0.001496657741813206,0.013797199000002536,0.021201752999999712,0.014216834600000006,0.01522957024999716,0.015513939999998172,0.01607278075000096,0.02000737890000187,{},
control,128,,,0.0,1.0,,zero_gain,1b78bd8531f03b9e,64,0,64,64,1.0,0,0,0.0,0.0,,,0,,,,,,,,,,0,,,,,,,,,,,,,False,False,0,,,,,,,,,,,,,,,no_identifiable_truth,not_applicable,0,,,,,,,,,,0,,,,,,,,,,0,,,,,,,,,,64,64,0.0,0.0,0.0,0.0,0.0,0.0,0.0,0.0,0.0,64,0.0,0.0,0.0,0.0,0.0,0.0,0.0,0.0,0.0,64,0.0,0.0,0.0,0.0,0.0,0.0,0.0,0.0,0.0,0,64,64,0.0,0.0,0.0,0.0,0.0,0.0,0.0,0.0,0.0,64,1.182446875004628e-05,1.4379002434582077e-06,1.0195999999851324e-05,2.04899999998176e-05,1.0292949999968215e-05,1.0840500000997011e-05,1.1820500000148115e-05,1.2502250000157034e-05,1.3196649999525077e-05,"{""nonpositive_total_gain"": 64}",
control,512,,,0.0,1.0,,zero_gain,ba87ae9f557115b7,64,0,64,64,1.0,0,0,0.0,0.0,,,0,,,,,,,,,,0,,,,,,,,,,,,,False,False,0,,,,,,,,,,,,,,,no_identifiable_truth,not_applicable,0,,,,,,,,,,0,,,,,,,,,,0,,,,,,,,,,64,64,0.0,0.0,0.0,0.0,0.0,0.0,0.0,0.0,0.0,64,0.0,0.0,0.0,0.0,0.0,0.0,0.0,0.0,0.0,64,0.0,0.0,0.0,0.0,0.0,0.0,0.0,0.0,0.0,0,64,64,0.0,0.0,0.0,0.0,0.0,0.0,0.0,0.0,0.0,64,3.6384687500223833e-05,7.050494934185318e-06,3.1462999999121166e-05,8.145900000045003e-05,3.168965000313051e-05,3.368349999810505e-05,3.502249999876028e-05,3.660625000101447e-05,4.800574999492819e-05,"{""nonpositive_total_gain"": 64}",
recovery,128,0.0,,0.0,1.0,,,9a50a894c203791d,64,64,0,,0.0,64,0,1.0,0.0,1.0,0.0,64,0.0,0.0,0.0,0.0,0.0,0.0,0.0,0.0,0.0,64,0.0,0.0,0.0,0.0,0.0,0.0,0.0,0.0,0.0,0.0,0.0,0.0,True,True,0,,,,,,,,,,,,,0.0,0.0,,within_search_interval,64,0.0,0.0,0.0,0.0,0.0,0.0,0.0,0.0,0.0,64,1.0,0.0,1.0,1.0,1.0,1.0,1.0,1.0,1.0,64,1.0,0.0,1.0,1.0,1.0,1.0,1.0,1.0,1.0,0,64,128.0,0.0,128.0,128.0,128.0,128.0,128.0,128.0,128.0,64,128.0,0.0,128.0,128.0,128.0,128.0,128.0,128.0,128.0,64,0.0,0.0,0.0,0.0,0.0,0.0,0.0,0.0,0.0,0,0,64,0.0,0.0,0.0,0.0,0.0,0.0,0.0,0.0,0.0,64,0.004164563406249919,0.0001748686445278384,0.0039414700000000025,0.004869414000001626,0.003977237100000241,0.004039322749998853,0.00413129649999977,0.0042392234999997225,0.004501352349999531,{},
recovery,128,0.2,,0.0,1.0,,,c7e36750a3f0516f,64,64,0,,0.0,0,0,0.0,0.0,0.0,0.0,64,0.19999999999147433,0.0,0.19999999999147433,0.19999999999147433,0.19999999999147433,0.19999999999147433,0.19999999999147433,0.19999999999147433,0.19999999999147433,64,-8.525680161852733e-12,0.0,-8.525680161852733e-12,-8.525680161852733e-12,-8.525680161852733e-12,-8.525680161852733e-12,-8.525680161852733e-12,-8.525680161852733e-12,-8.525680161852733e-12,-8.525680161852733e-12,8.525680161852733e-12,8.525680161852733e-12,True,True,0,,,,,,,,,,,,,0.19999999999147433,8.525680161852733e-12,,within_search_interval,64,2.3979993979037504e-23,1.899682811554044e-24,1.814162517624907e-23,2.7993127306477904e-23,2.071239181094719e-23,2.3089356572206455e-23,2.4079608338263175e-23,2.517853763615585e-23,2.669252542801173e-23,64,1.0,0.0,1.0,1.0,1.0,1.0,1.0,1.0,1.0,64,1.0,0.0,1.0,1.0,1.0,1.0,1.0,1.0,1.0,0,64,128.0,3.8438899530041506e-15,127.99999999999999,128.0,127.99999999999999,128.0,128.0,128.0,128.0,64,128.0,3.8438899530041506e-15,127.99999999999999,128.0,127.99999999999999,128.0,128.0,128.0,128.0,64,0.0,0.0,0.0,0.0,0.0,0.0,0.0,0.0,0.0,0,0,64,0.0,0.0,0.0,0.0,0.0,0.0,0.0,0.0,0.0,64,0.00400425528124998,0.00016822115248464755,0.003811570999999958,0.004597432000000623,0.0038342490999990096,0.003871589749999904,0.003958928499999015,0.004075484749999969,0.004358967500000776,{},
recovery,128,1.0,,0.0,1.0,,,f0fa96ae674f8be9,64,64,0,,0.0,0,0,0.0,0.0,0.0,0.0,64,0.9999999999914743,0.0,0.9999999999914743,0.9999999999914743,0.9999999999914743,0.9999999999914743,0.9999999999914743,0.9999999999914743,0.9999999999914743,64,-8.525735673003965e-12,0.0,-8.525735673003965e-12,-8.525735673003965e-12,-8.525735673003965e-12,-8.525735673003965e-12,-8.525735673003965e-12,-8.525735673003965e-12,-8.525735673003965e-12,-8.525735673003965e-12,8.525735673003965e-12,8.525735673003965e-12,True,True,0,,,,,,,,,,,,,0.9999999999914743,8.525735673003965e-12,,within_search_interval,64,2.5372597667383248e-24,3.624871137089677e-25,1.8538372355471606e-24,3.494887670465166e-24,2.047862210011826e-24,2.2655021247114083e-24,2.4746380641341054e-24,2.7951442378438357e-24,3.086414353925466e-24,64,1.0,0.0,1.0,1.0,1.0,1.0,1.0,1.0,1.0,64,1.0,0.0,1.0,1.0,1.0,1.0,1.0,1.0,1.0,0,64,128.0,0.0,128.0,128.0,128.0,128.0,128.0,128.0,128.0,64,128.0,0.0,128.0,128.0,128.0,128.0,128.0,128.0,128.0,64,0.0,0.0,0.0,0.0,0.0,0.0,0.0,0.0,0.0,0,0,64,0.0,0.0,0.0,0.0,0.0,0.0,0.0,0.0,0.0,64,0.004026256859374966,0.00024089486105459073,0.0037951010000014662,0.005194788000000727,0.0038341869999996446,0.0038726630000001094,0.003926298499999703,0.00409277149999987,0.004493637150000306,{},
recovery,128,4.0,,0.0,1.0,,,2c8c12311472ee72,64,64,0,,0.0,0,0,0.0,0.0,0.0,0.0,64,3.9999999999914744,0.0,3.9999999999914744,3.9999999999914744,3.9999999999914744,3.9999999999914744,3.9999999999914744,3.9999999999914744,3.9999999999914744,64,-8.525624650701502e-12,0.0,-8.525624650701502e-12,-8.525624650701502e-12,-8.525624650701502e-12,-8.525624650701502e-12,-8.525624650701502e-12,-8.525624650701502e-12,-8.525624650701502e-12,-8.525624650701502e-12,8.525624650701502e-12,8.525624650701502e-12,True,True,0,,,,,,,,,,,,,3.9999999999914744,8.525624650701502e-12,,within_search_interval,64,4.147524744343056e-26,1.4897684585758903e-26,1.5891784826908342e-26,7.738786020408983e-26,2.0677682879571892e-26,3.08046533158174e-26,4.1363645285733587e-26,5.178541364643784e-26,6.718717856879177e-26,64,1.0,0.0,1.0,1.0,1.0,1.0,1.0,1.0,1.0,64,1.0,0.0,1.0,1.0,1.0,1.0,1.0,1.0,1.0,0,64,128.0,5.329070518200751e-15,127.99999999999999,128.00000000000003,127.99999999999999,128.0,128.0,128.0,128.0,64,128.0,5.329070518200751e-15,127.99999999999999,128.00000000000003,127.99999999999999,128.0,128.0,128.0,128.0,64,0.0,0.0,0.0,0.0,0.0,0.0,0.0,0.0,0.0,0,0,64,0.0,0.0,0.0,0.0,0.0,0.0,0.0,0.0,0.0,64,0.0040474044218750255,0.000335937062465782,0.0037762319999998795,0.005927199000000272,0.0038116097499999667,0.003859382249999932,0.003918649500000537,0.004110610249999702,0.004646157000000483,{},
recovery,128,0.0,,0.5,1.0,,,84778c9e8e6de0bc,64,64,0,,0.0,24,0,0.375,0.0,0.375,0.0,64,0.012878581834988077,0.01585837015469226,0.0,0.05966824286046979,0.0,0.0,0.005863946127393336,0.021070177759500777,0.0458765403176552,64,0.012878581834988077,0.01585837015469226,0.0,0.05966824286046979,0.0,0.0,0.005863946127393336,0.021070177759500777,0.0458765403176552,0.012878581834988077,0.020332640643661942,0.012878581834988077,True,True,0,,,,,,,,,,,,,0.012878581834988077,0.020332640643661942,,within_search_interval,64,0.0002129984874810795,0.00021467928228838633,3.0894885050774814e-05,0.0010729510960847863,5.084020681994848e-05,8.775410640113229e-05,0.00014005670695013437,0.0002484865457527544,0.0006539944823921634,64,0.9912273427585477,0.0064031851095790356,0.9725692919666461,1.0,0.9792322420637326,0.9870999873923308,0.9925239129826797,0.996359992439598,0.9992580666859955,64,0.9912273427585477,0.0064031851095790356,0.9725692919666461,1.0,0.9792322420637326,0.9870999873923308,0.9925239129826797,0.996359992439598,0.9992580666859955,0,64,127.60421298533795,5.618159932365228,116.683541205513,141.81431173123346,119.39130878172037,123.57811462365034,126.81504847474858,132.10500836310783,135.64666749911945,64,127.60421298533795,5.618159932365228,116.683541205513,141.81431173123346,119.39130878172037,123.57811462365034,126.81504847474858,132.10500836310783,135.64666749911945,64,0.0,0.0,0.0,0.0,0.0,0.0,0.0,0.0,0.0,0,0,64,0.0225830078125,0.013066674328682212,0.0,0.0703125,0.0078125,0.015625,0.0234375,0.03125,0.0390625,64,0.0041668021718750115,0.00023480459843629108,0.003926692000000287,0.005496765000000181,0.00394859374999994,0.004030995249999281,0.004100598000000399,0.004233626250000011,0.004498046550000011,{},
recovery,128,0.2,,0.5,1.0,,,f9ac620e9d439b4f,64,64,0,,0.0,0,0,0.0,0.0,0.0,0.0,64,0.20780075101043327,0.02746972947879198,0.14241064041534796,0.2869421422132872,0.16704009713415474,0.18765436016242332,0.20993488489280238,0.22419545304500205,0.252944716928258,64,0.007800751010433274,0.02746972947879198,-0.057589359584652056,0.08694214221328717,-0.03295990286584528,-0.01234563983757668,0.009934884892802365,0.024195453045002036,0.05294471692825799,0.007800751010433274,0.028348674521513257,0.022870073887797063,True,True,0,,,,,,,,,,,,,0.20780075101043327,0.028348674521513257,,within_search_interval,64,0.0001409788241922082,8.692032137130308e-05,2.637134655849769e-05,0.00045850278464479527,4.8047663204292424e-05,7.878502946837854e-05,0.00011522649315737164,0.00019190670101368405,0.0003174178874699946,64,0.973394116298821,0.013208010912169598,0.9380466621508923,0.9974184415786114,0.9452664792748484,0.967185653367271,0.9743577071307843,0.9822929328726347,0.9915733359112349,64,0.973394116298821,0.013208010912169598,0.9380466621508923,0.9974184415786114,0.9452664792748484,0.967185653367271,0.9743577071307843,0.9822929328726347,0.9915733359112349,0,64,127.60421298533795,5.618159932365227,116.68354120551301,141.81431173123346,119.39130878172037,123.57811462365034,126.81504847474858,132.10500836310783,135.64666749911945,64,127.60421298533795,5.618159932365227,116.68354120551301,141.81431173123346,119.39130878172037,123.57811462365034,126.81504847474858,132.10500836310783,135.64666749911945,64,0.0,0.0,0.0,0.0,0.0,0.0,0.0,0.0,0.0,0,0,64,0.0550537109375,0.02126732156772725,0.0078125,0.1015625,0.0234375,0.0390625,0.0546875,0.0703125,0.0859375,64,0.003947820281249875,0.00012700814331783735,0.0037786959999994707,0.004435023999999288,0.0038294072499997166,0.003861454749999771,0.0039054434999998833,0.003993894999999803,0.004183319450000234,{},
recovery,128,1.0,,0.5,1.0,,,0f7d63125b5e4fea,64,64,0,,0.0,0,0,0.0,0.0,0.0,0.0,64,1.027342736604316,0.10158310347769975,0.8371460458822768,1.3235452340210587,0.8574262815198794,0.9730235862715915,1.0241248044911513,1.0790419614524218,1.1875427543602943,64,0.027342736604315875,0.10158310347769975,-0.1628539541177232,0.3235452340210587,-0.14257371848012057,-0.026976413728408588,0.024124804491151286,0.07904196145242182,0.18754275436029422,0.027342736604315875,0.10442947763525169,0.08158717591282466,True,True,0,,,,,,,,,,,,,1.027342736604316,0.10442947763525169,,within_search_interval,64,0.0003224433997498777,0.0003274839091058928,4.7044701120769154e-05,0.001869328660483387,5.440698123652136e-05,0.00011163095994312836,0.00021993305480548752,0.0004055926717099101,0.0009877780519954673,64,0.8359362514283335,0.03265653387822748,0.763510284919325,0.920846757824268,0.7878381060494124,0.8129786616037404,0.834050215690598,0.8557752956177014,0.8943520540233052,64,0.8359362514283335,0.03265653387822748,0.763510284919325,0.920846757824268,0.7878381060494124,0.8129786616037404,0.834050215690598,0.8557752956177014,0.8943520540233052,0,64,127.60421298533795,5.618159932365229,116.683541205513,141.8143117312335,119.39130878172038,123.57811462365034,126.81504847474858,132.10500836310783,135.64666749911945,64,127.60421298533795,5.618159932365229,116.683541205513,141.8143117312335,119.39130878172038,123.57811462365034,126.81504847474858,132.10500836310783,135.64666749911945,64,0.0,0.0,0.0,0.0,0.0,0.0,0.0,0.0,0.0,0,0,64,0.2662353515625,0.03630667562875653,0.1875,0.328125,0.204296875,0.2421875,0.265625,0.2890625,0.3203125,64,0.004046248203125102,0.0005213070636018529,0.003810163000000699,0.007829744999999555,0.003824208250000316,0.0038558009999998255,0.00391173150000057,0.004037993000000073,0.004508655949999962,{},
recovery,128,4.0,,0.5,1.0,,,e71ae02e11bd39c2,64,64,0,,0.0,0,0,0.0,0.0,0.0,0.0,64,4.085446531686223,0.4957118349153077,3.14739410202171,5.1414595718130816,3.2410584167445853,3.7306224524566685,4.050844032991022,4.473027519215778,4.839998751750741,64,0.08544653168622357,0.4957118349153077,-0.85260589797829,1.1414595718130816,-0.7589415832554149,-0.26937754754333165,0.050844032991022026,0.47302751921577846,0.8399987517507416,0.08544653168622357,0.4991911440657102,0.4065677593319636,True,True,0,,,,,,,,,,,,,4.085446531686223,0.4991911440657102,,within_search_interval,64,0.0007534432946362052,0.0008282532643980593,5.55369877440694e-05,0.004749443053613989,9.25082546732992e-05,0.00022607124728418656,0.00044273149295410096,0.0010060101478777182,0.0021877364965098107,64,0.7509545948953944,0.036103762088979294,0.6756890123417971,0.8394966146251391,0.6928717633451827,0.7268674229819049,0.7518654795132126,0.7711766757834506,0.8145502736532576,64,0.7509545948953944,0.036103762088979294,0.6756890123417971,0.8394966146251391,0.6928717633451827,0.7268674229819049,0.7518654795132126,0.7711766757834506,0.8145502736532576,0,64,127.60421298533795,5.618159932365229,116.683541205513,141.8143117312335,119.39130878172037,123.57811462365034,126.8150484747486,132.1050083631078,135.64666749911945,64,127.60421298533795,5.618159932365229,116.683541205513,141.8143117312335,119.39130878172037,123.57811462365034,126.8150484747486,132.1050083631078,135.64666749911945,64,0.0,0.0,0.0,0.0,0.0,0.0,0.0,0.0,0.0,0,0,64,0.4185791015625,0.04269573455603269,0.3203125,0.5,0.344921875,0.388671875,0.421875,0.453125,0.4765625,64,0.004074201359374988,0.00036826682650514467,0.00381300799999984,0.006223552999999882,0.0038261709000003918,0.0038578102500008704,0.003946036000000319,0.004134812000000432,0.004631443049999895,{},
recovery,128,0.0,,2.0,1.0,,,dc88ca5d4377e85f,64,64,0,,0.0,24,0,0.375,0.0,0.375,0.0,64,0.053879717512554874,0.07035042818941077,0.0,0.336619746004411,0.0,0.0,0.021576619489685908,0.08723599985577112,0.19472024478485098,64,0.053879717512554874,0.07035042818941077,0.0,0.336619746004411,0.0,0.0,0.021576619489685908,0.08723599985577112,0.19472024478485098,0.053879717512554874,0.08817525574248782,0.053879717512554874,True,True,0,,,,,,,,,,,,,0.053879717512554874,0.08817525574248782,,within_search_interval,64,0.003673779031514491,0.0036751349808944516,0.00040605179751819644,0.017717152192180122,0.0007734787554294156,0.0014596447936449397,0.002341214787565173,0.004082882535624533,0.012600498206852759,64,0.5562360222692745,0.09163194155722308,0.38679365614307437,0.7870874071692816,0.412354894490811,0.4852298493045137,0.5540662135426503,0.6292283930481406,0.6770979112381563,64,0.5562360222692745,0.09163194155722308,0.38679365614307437,0.7870874071692816,0.412354894490811,0.4852298493045137,0.5540662135426503,0.6292283930481406,0.6770979112381563,0,64,126.4168519413518,22.472639729460912,82.734164822052,183.2572469249339,93.5652351268815,110.31245849460133,123.26019389899434,144.42003345243126,158.58666999647778,64,126.4168519413518,22.472639729460912,82.734164822052,183.2572469249339,93.5652351268815,110.31245849460133,123.26019389899434,144.42003345243126,158.58666999647778,64,0.0,0.0,0.0,0.0,0.0,0.0,0.0,0.0,0.0,0,0,64,0.3128662109375,0.04322848732568263,0.1796875,0.3828125,0.235546875,0.287109375,0.3203125,0.337890625,0.375,64,0.004085717531249908,0.00024387169722017496,0.00380019400000009,0.005309959999999947,0.0038657328000000213,0.003926482750000293,0.004018573500000233,0.004150742000000651,0.004435908450001369,{},
recovery,128,0.2,,2.0,1.0,,,041379ae2ba45ee3,64,64,0,,0.0,1,0,0.015625,0.0,0.015625,0.0,64,0.24111807296928678,0.12621705163611477,0.0,0.752720066925876,0.0696067437767211,0.1560013406941398,0.24368075799585984,0.31216986985935835,0.42671952363406473,64,0.041118072969286774,0.12621705163611477,-0.2,0.552720066925876,-0.1303932562232789,-0.043998659305860235,0.043680757995859826,0.11216986985935831,0.22671952363406475,0.041118072969286774,0.1318048639902497,0.09928322034872188,True,True,0,,,,,,,,,,,,,0.24111807296928678,0.1318048639902497,,within_search_interval,64,0.002509179609255609,0.0017167648751226891,0.00034367364941899304,0.0085873513978985,0.0007609449958119852,0.0012653985117640908,0.0020993231760306217,0.0033366154299209233,0.006064001297329577,64,0.5459736493904537,0.08952374208589572,0.38063954907747644,0.7829973992079611,0.4101342678353905,0.47623705454145265,0.5458638154247291,0.6084121156314017,0.676296003880085,64,0.5459736493904537,0.08952374208589572,0.38063954907747644,0.7829973992079611,0.4101342678353905,0.47623705454145265,0.5458638154247291,0.6084121156314017,0.676296003880085,0,64,126.4168519413518,22.472639729460916,82.734164822052,183.2572469249339,93.56523512688149,110.31245849460133,123.26019389899434,144.42003345243126,158.58666999647778,64,126.4168519413518,22.472639729460916,82.734164822052,183.2572469249339,93.56523512688149,110.31245849460133,123.26019389899434,144.42003345243126,158.58666999647778,64,0.0,0.0,0.0,0.0,0.0,0.0,0.0,0.0,0.0,0,0,64,0.3133544921875,0.04242970384867712,0.2109375,0.3984375,0.23007812500000002,0.287109375,0.3203125,0.34375,0.3804687499999999,64,0.003976877875000007,0.00014868481499573233,0.0038138239999998547,0.00437260699999964,0.003829425400000108,0.0038574064999994384,0.003921745500000462,0.004066509749999669,0.004273884000000061,{},
recovery,128,1.0,,2.0,1.0,,,8da0eb2806a58a11,64,64,0,,0.0,0,0,0.0,0.0,0.0,0.0,64,1.18907101031611,0.47745966477896323,0.4787519124688897,2.7390996590879615,0.5987753433411566,0.8982558380523401,1.0833569886534606,1.3913037945242,1.9908507235911295,64,0.18907101031611004,0.47745966477896323,-0.5212480875311103,1.7390996590879615,-0.40122465665884344,-0.1017441619476599,0.08335698865346064,0.39130379452420005,0.9908507235911295,0.18907101031611004,0.5100525292832594,0.3662053155077498,True,True,0,,,,,,,,,,,,,1.18907101031611,0.5100525292832594,,within_search_interval,64,0.006917910371403113,0.010195470308713147,0.0006205337256742369,0.06930948960862224,0.0008052905689918545,0.0018930724624588676,0.0032005070501462092,0.0087086129147216,0.023361431252627542,64,0.4721787356545015,0.0809996820164209,0.3236990727875375,0.6910000575260863,0.3587828727743178,0.41491608570091476,0.4656815969115954,0.5223853064624823,0.596669887373316,64,0.4721787356545015,0.0809996820164209,0.3236990727875375,0.6910000575260863,0.3587828727743178,0.41491608570091476,0.4656815969115954,0.5223853064624823,0.596669887373316,0,64,126.41685194135181,22.472639729460912,82.73416482205198,183.2572469249339,93.5652351268815,110.31245849460133,123.26019389899433,144.42003345243128,158.58666999647778,64,126.41685194135181,22.472639729460912,82.73416482205198,183.2572469249339,93.5652351268815,110.31245849460133,123.26019389899433,144.42003345243128,158.58666999647778,64,0.0,0.0,0.0,0.0,0.0,0.0,0.0,0.0,0.0,0,0,64,0.3681640625,0.03757072117729105,0.2890625,0.4453125,0.298046875,0.341796875,0.375,0.3984375,0.42851562499999996,64,0.00403197978124982,0.00021976537887069062,0.003799946999999193,0.004851646000000542,0.003818725399999767,0.0038592654999987097,0.0039636475000000004,0.004180884250000405,0.004437846699999381,{},
recovery,128,4.0,,2.0,1.0,,,da2ee144ba58b19c,64,64,0,,0.0,0,4,0.0,0.0625,0.0,0.0625,64,4.524353733741533,1.996879557035303,1.1464269240925224,8.0,1.464314728903194,3.106044380268383,4.213967462909995,5.920820987567922,7.9764228763736655,64,0.5243537337415333,1.996879557035303,-2.8535730759074776,4.0,-2.5356852710968063,-0.8939556197316171,0.21396746290999502,1.9208209875679212,3.976422876373665,0.5243537337415333,2.0494315501953944,1.6394474970328503,True,True,0,,,,,,,,,,,,,4.524353733741533,2.0494315501953944,,within_search_interval,64,0.014494093204787955,0.020692506662219588,0.0006792008025702833,0.12530211000611863,0.0014316643161682466,0.0033263530018971,0.008028900312778866,0.014317205489105513,0.047270409539382226,64,0.4140685079440281,0.0772178610676151,0.2798724368360069,0.6170576406355948,0.3086838181501641,0.35237768867656094,0.41762962672175075,0.4643221469273683,0.5466116995138606,64,0.4140685079440281,0.0772178610676151,0.2798724368360069,0.6170576406355948,0.3086838181501641,0.35237768867656094,0.41762962672175075,0.4643221469273683,0.5466116995138606,0,64,126.4168519413518,22.472639729460912,82.73416482205198,183.2572469249339,93.56523512688149,110.31245849460133,123.26019389899434,144.42003345243126,158.58666999647775,64,126.4168519413518,22.472639729460912,82.73416482205198,183.2572469249339,93.56523512688149,110.31245849460133,123.26019389899434,144.42003345243126,158.58666999647775,64,0.0,0.0,0.0,0.0,0.0,0.0,0.0,0.0,0.0,0,0,64,0.443359375,0.04152692339992805,0.34375,0.515625,0.376171875,0.404296875,0.4453125,0.4765625,0.5,64,0.003977693187499826,0.00014339366087675064,0.003787048999999598,0.0043009200000003744,0.0038186375000001326,0.0038621252500008474,0.003914791499999293,0.004080700250000291,0.004245304099999636,{},
recovery,128,0.0,,8.0,1.0,,,630ef3e1e97c8f53,64,58,6,6,0.09375,21,0,0.328125,0.0,0.3620689655172414,0.0,58,0.4629565746484368,1.002412897335843,0.0,5.451610287290296,0.0,0.0,0.10484312415921337,0.44167482420234305,2.6155977389618914,58,0.4629565746484368,1.002412897335843,0.0,5.451610287290296,0.0,0.0,0.10484312415921337,0.44167482420234305,2.6155977389618914,0.4629565746484368,1.0962826842143047,0.4629565746484368,True,True,0,,,,,,,,,,,,,,,contains_undefined_fits,within_search_interval,58,0.5424201699789732,2.424239858001011,0.003437984287107303,18.181153337403153,0.005426603337571175,0.015025632660830873,0.05305558059836428,0.1613692830170924,1.5795902595853497,58,0.16794413768035266,0.10201941432758344,0.011461365844880918,0.4624744664797411,0.029513831284746616,0.08701692903933925,0.15376005545505167,0.2476051975284235,0.30873086643194925,64,0.15425254582701622,0.1063264507055391,0.0026315329005940982,0.4624744664797411,0.0131492278128346,0.0735085702459114,0.1324671278180704,0.23796556593354373,0.29530103965865784,0,64,121.6674077654072,89.89055891784365,-53.063340711792044,349.0289876997356,-9.739059492473986,57.249833978405306,109.04077559597734,193.68013380972508,250.3466799859111,64,121.6674077654072,89.89055891784365,-53.063340711792044,349.0289876997356,-9.739059492473986,57.249833978405306,109.04077559597734,193.68013380972508,250.3466799859111,64,0.0,0.0,0.0,0.0,0.0,0.0,0.0,0.0,0.0,0,6,64,0.453857421875,0.039804917808479785,0.359375,0.546875,0.390625,0.4296875,0.453125,0.484375,0.5078125,64,0.003694962046875125,0.0012494874756790518,9.734999999899685e-06,0.006364492999999527,1.190785000031447e-05,0.003866173749999202,0.003929204500000338,0.004116388249999936,0.004429804700000117,"{""nonpositive_total_gain"": 6}",
recovery,128,0.2,,8.0,1.0,,,cf6496c34e363951,64,58,6,6,0.09375,12,0,0.1875,0.0,0.20689655172413793,0.0,58,0.8750347387264066,1.635176135959489,0.0,7.209586042608085,0.0,0.04773141869137663,0.33715951703375024,0.7645476867535179,5.362772419499191,58,0.6750347387264066,1.6351761359594887,-0.2,7.009586042608085,-0.2,-0.1522685813086234,0.13715951703375023,0.564547686753518,5.16277241949919,0.6750347387264066,1.7559535520431966,0.8015129113839935,True,True,0,,,,,,,,,,,,,,,contains_undefined_fits,within_search_interval,58,0.44499347103415576,1.399942953442331,0.0028564667461955405,8.05711821038936,0.005430503770242257,0.015974909563493515,0.05134576382967035,0.15478089272845474,2.4197636799235505,58,0.1676345661265741,0.1018589725187177,0.011555550997713859,0.461920615845686,0.029536568426372044,0.08655326346388674,0.15228637324750283,0.24675699008983412,0.30954898787755397,64,0.15397278999614802,0.10614921502483933,0.0026015970894557004,0.461920615845686,0.013202858360462135,0.07367193405830688,0.1317886886931699,0.2351485775399476,0.29627965001811474,0,64,121.6674077654072,89.89055891784365,-53.06334071179203,349.0289876997355,-9.73905949247399,57.24983397840531,109.04077559597734,193.68013380972508,250.3466799859111,64,121.6674077654072,89.89055891784365,-53.06334071179203,349.0289876997355,-9.73905949247399,57.24983397840531,109.04077559597734,193.68013380972508,250.3466799859111,64,0.0,0.0,0.0,0.0,0.0,0.0,0.0,0.0,0.0,0,6,64,0.4532470703125,0.039161387419168185,0.375,0.546875,0.376171875,0.4296875,0.45703125,0.484375,0.5,64,0.0036439577968749165,0.0012082315870470585,9.778999999987548e-06,0.005386520000000061,1.1495350000023663e-05,0.0038415959999995586,0.0039051265000003,0.004057120750000198,0.00457558994999907,"{""nonpositive_total_gain"": 6}",
recovery,128,1.0,,8.0,1.0,,,794710664df6c06e,64,58,6,6,0.09375,3,6,0.046875,0.09375,0.05172413793103448,0.10344827586206896,58,2.283234743739561,2.5351797508709564,0.0,8.0,0.10033970242378565,0.518984487640558,1.0845996370040947,3.131303184720461,8.0,58,1.2832347437395608,2.5351797508709564,-1.0,7.0,-0.8996602975762144,-0.4810155123594419,0.08459963700409467,2.131303184720461,7.0,1.2832347437395608,2.8218814788621653,1.7595978526305482,True,True,0,,,,,,,,,,,,,,,contains_undefined_fits,within_search_interval,58,0.8690622993991199,2.7190670384307656,0.004761639845772026,15.712657058490956,0.005878122658864853,0.020096435032916322,0.06735368721905659,0.1743962665661445,5.251906455214783,58,0.1643860866780298,0.09980057180797151,0.011522014063975693,0.45014049267608647,0.029109331581002366,0.08532676451042238,0.1483679992367593,0.23854155945076286,0.3096073422194849,64,0.1510094825083851,0.1039953870268365,0.002490306584492816,0.45014049267608647,0.013167951080479438,0.07101077306920629,0.12844045368455098,0.224457107335663,0.29761514759308405,0,64,121.6674077654072,89.89055891784365,-53.06334071179205,349.0289876997356,-9.739059492473974,57.249833978405306,109.04077559597732,193.68013380972508,250.34667998591107,64,121.6674077654072,89.89055891784365,-53.06334071179205,349.0289876997356,-9.739059492473974,57.249833978405306,109.04077559597732,193.68013380972508,250.34667998591107,64,0.0,0.0,0.0,0.0,0.0,0.0,0.0,0.0,0.0,0,6,64,0.4532470703125,0.04193302576150234,0.3515625,0.5390625,0.375,0.427734375,0.45703125,0.484375,0.5,64,0.003604758156249971,0.0011765123058156883,1.0001000000592342e-05,0.0047589760000006365,1.1752749999782708e-05,0.0038523769999994073,0.0038999684999998507,0.004028880999999318,0.004236995500000474,"{""nonpositive_total_gain"": 6}",
recovery,128,4.0,,8.0,1.0,,,b56198c0e60284b5,64,58,6,6,0.09375,1,19,0.015625,0.296875,0.017241379310344827,0.3275862068965517,58,4.288787618699851,3.20298394641284,0.0,8.0,0.2509562868447959,1.304395680112633,3.877333836785309,8.0,8.0,58,0.2887876186998507,3.20298394641284,-4.0,4.0,-3.749043713155204,-2.6956043198873667,-0.12266616321469082,4.0,4.0,0.2887876186998507,3.188357462548103,2.944161982662197,True,True,0,,,,,,,,,,,,,,,contains_undefined_fits,within_search_interval,58,1.4052454887994799,4.252650054740892,0.004872096628523915,20.346545181005943,0.010952459555666165,0.020785464355100595,0.07676157259695418,0.3101837771609857,7.987205852721916,58,0.15639296953616053,0.0949160415610642,0.010949470284916957,0.4185744745904407,0.027616527677320656,0.08188659901503231,0.14251057378438148,0.227125923995089,0.30354487747000225,64,0.14363804506352248,0.09893768942746756,0.0023725152659871364,0.4185744745904407,0.012405563084183582,0.0670861778410056,0.12353503076606737,0.21366870737966093,0.29285792172710884,0,64,121.6674077654072,89.89055891784365,-53.063340711792044,349.0289876997356,-9.73905949247399,57.24983397840531,109.04077559597735,193.68013380972508,250.3466799859111,64,121.6674077654072,89.89055891784365,-53.063340711792044,349.0289876997356,-9.73905949247399,57.24983397840531,109.04077559597735,193.68013380972508,250.3466799859111,64,0.0,0.0,0.0,0.0,0.0,0.0,0.0,0.0,0.0,0,6,64,0.466552734375,0.040665729306426576,0.3671875,0.546875,0.391796875,0.435546875,0.47265625,0.5,0.515625,64,0.003629610046875037,0.0011841841634849658,9.61200000038076e-06,0.004472383999999607,1.1670199998903286e-05,0.0038587392499995765,0.003906135000001143,0.004060134500000423,0.004339780950000404,"{""nonpositive_total_gain"": 6}",
recovery,128,0.0,,0.0,1e-08,,,92fd029759f5ff7d,64,64,0,,0.0,64,0,1.0,0.0,1.0,0.0,64,0.0,0.0,0.0,0.0,0.0,0.0,0.0,0.0,0.0,64,0.0,0.0,0.0,0.0,0.0,0.0,0.0,0.0,0.0,0.0,0.0,0.0,True,True,0,,,,,,,,,,,,,0.0,0.0,,within_search_interval,64,0.0,0.0,0.0,0.0,0.0,0.0,0.0,0.0,0.0,64,1.0,0.0,1.0,1.0,1.0,1.0,1.0,1.0,1.0,64,1.0,0.0,1.0,1.0,1.0,1.0,1.0,1.0,1.0,0,64,1.28e-06,0.0,1.28e-06,1.28e-06,1.28e-06,1.28e-06,1.28e-06,1.28e-06,1.28e-06,64,1.28e-06,0.0,1.28e-06,1.28e-06,1.28e-06,1.28e-06,1.28e-06,1.28e-06,1.28e-06,64,0.0,0.0,0.0,0.0,0.0,0.0,0.0,0.0,0.0,0,0,64,0.0,0.0,0.0,0.0,0.0,0.0,0.0,0.0,0.0,64,0.0041841927656250805,0.00020123649676392588,0.00394763100000084,0.004840531999999342,0.0039741586999999965,0.004025977500000222,0.00414407299999997,0.00425374724999994,0.004596749900000496,{},
recovery,128,0.2,,0.0,1e-08,,,a8451f2d1447a2c4,64,64,0,,0.0,0,0,0.0,0.0,0.0,0.0,64,0.19999999999147433,0.0,0.19999999999147433,0.19999999999147433,0.19999999999147433,0.19999999999147433,0.19999999999147433,0.19999999999147433,0.19999999999147433,64,-8.525680161852733e-12,0.0,-8.525680161852733e-12,-8.525680161852733e-12,-8.525680161852733e-12,-8.525680161852733e-12,-8.525680161852733e-12,-8.525680161852733e-12,-8.525680161852733e-12,-8.525680161852733e-12,8.525680161852733e-12,8.525680161852733e-12,True,True,0,,,,,,,,,,,,,0.19999999999147433,8.525680161852733e-12,,within_search_interval,64,2.3980036378009935e-23,1.8996470469397163e-24,1.8142140235240492e-23,2.7993153398501227e-23,2.0712388632347518e-23,2.3089374659783272e-23,2.4079605197061894e-23,2.5178521089649493e-23,2.6693054616616546e-23,64,1.0,0.0,1.0,1.0,1.0,1.0,1.0,1.0,1.0,64,1.0,0.0,1.0,1.0,1.0,1.0,1.0,1.0,1.0,0,64,1.28e-06,0.0,1.28e-06,1.28e-06,1.28e-06,1.28e-06,1.28e-06,1.28e-06,1.28e-06,64,1.28e-06,0.0,1.28e-06,1.28e-06,1.28e-06,1.28e-06,1.28e-06,1.28e-06,1.28e-06,64,0.0,0.0,0.0,0.0,0.0,0.0,0.0,0.0,0.0,0,0,64,0.0,0.0,0.0,0.0,0.0,0.0,0.0,0.0,0.0,64,0.004014120390624959,0.00019640752553117403,0.0038062710000001942,0.004925361999999822,0.003818383349999621,0.0038869162500001497,0.003968719999999593,0.004077286999999208,0.004371263050001417,{},
recovery,128,1.0,,0.0,1e-08,,,803a31daab0e45b4,64,64,0,,0.0,0,0,0.0,0.0,0.0,0.0,64,0.9999999999914743,0.0,0.9999999999914743,0.9999999999914743,0.9999999999914743,0.9999999999914743,0.9999999999914743,0.9999999999914743,0.9999999999914743,64,-8.525735673003965e-12,0.0,-8.525735673003965e-12,-8.525735673003965e-12,-8.525735673003965e-12,-8.525735673003965e-12,-8.525735673003965e-12,-8.525735673003965e-12,-8.525735673003965e-12,-8.525735673003965e-12,8.525735673003965e-12,8.525735673003965e-12,True,True,0,,,,,,,,,,,,,0.9999999999914743,8.525735673003965e-12,,within_search_interval,64,2.5372742669411395e-24,3.62482297882888e-25,1.8538431539370873e-24,3.494883422391065e-24,2.0478604907321222e-24,2.2655004271364036e-24,2.474636216897143e-24,2.7951430805688014e-24,3.086409426088168e-24,64,1.0,0.0,1.0,1.0,1.0,1.0,1.0,1.0,1.0,64,1.0,0.0,1.0,1.0,1.0,1.0,1.0,1.0,1.0,0,64,1.28e-06,7.419636857587772e-23,1.28e-06,1.2800000000000002e-06,1.28e-06,1.28e-06,1.28e-06,1.28e-06,1.2800000000000002e-06,64,1.28e-06,7.419636857587772e-23,1.28e-06,1.2800000000000002e-06,1.28e-06,1.28e-06,1.28e-06,1.28e-06,1.2800000000000002e-06,64,0.0,0.0,0.0,0.0,0.0,0.0,0.0,0.0,0.0,0,0,64,0.0,0.0,0.0,0.0,0.0,0.0,0.0,0.0,0.0,64,0.004001506343749975,0.0002163892559201491,0.003802141000000425,0.005078634000000193,0.003818027549999625,0.003870116750000374,0.003901162999999208,0.004090233249999464,0.0043671886999998135,{},
recovery,128,4.0,,0.0,1e-08,,,6b3dacef5254f2d7,64,64,0,,0.0,0,0,0.0,0.0,0.0,0.0,64,3.9999999999914744,0.0,3.9999999999914744,3.9999999999914744,3.9999999999914744,3.9999999999914744,3.9999999999914744,3.9999999999914744,3.9999999999914744,64,-8.525624650701502e-12,0.0,-8.525624650701502e-12,-8.525624650701502e-12,-8.525624650701502e-12,-8.525624650701502e-12,-8.525624650701502e-12,-8.525624650701502e-12,-8.525624650701502e-12,-8.525624650701502e-12,8.525624650701502e-12,8.525624650701502e-12,True,True,0,,,,,,,,,,,,,3.9999999999914744,8.525624650701502e-12,,within_search_interval,64,4.147563742583135e-26,1.489779342966857e-26,1.589168710531329e-26,7.738713917777402e-26,2.067739343573204e-26,3.0804874002433394e-26,4.1363585153769227e-26,5.178554627134614e-26,6.718694945130672e-26,64,1.0,0.0,1.0,1.0,1.0,1.0,1.0,1.0,1.0,64,1.0,0.0,1.0,1.0,1.0,1.0,1.0,1.0,1.0,0,64,1.28e-06,5.33580602550707e-23,1.2799999999999998e-06,1.2800000000000002e-06,1.28e-06,1.28e-06,1.28e-06,1.28e-06,1.28e-06,64,1.28e-06,5.33580602550707e-23,1.2799999999999998e-06,1.2800000000000002e-06,1.28e-06,1.28e-06,1.28e-06,1.28e-06,1.28e-06,64,0.0,0.0,0.0,0.0,0.0,0.0,0.0,0.0,0.0,0,0,64,0.0,0.0,0.0,0.0,0.0,0.0,0.0,0.0,0.0,64,0.003936770515625007,0.0001365125516378658,0.003787867999999861,0.004384028999999678,0.003807492400000978,0.0038432727499999597,0.0038922350000003547,0.003976644499999349,0.004226507250000067,{},
recovery,128,0.0,,0.5,1e-08,,,55bcd5dff3bfde62,64,64,0,,0.0,24,0,0.375,0.0,0.375,0.0,64,0.012878581847287308,0.01585837016548037,0.0,0.0596682426815823,0.0,0.0,0.005863946197232967,0.021070177600830034,0.04587653990811316,64,0.012878581847287308,0.01585837016548037,0.0,0.0596682426815823,0.0,0.0,0.005863946197232967,0.021070177600830034,0.04587653990811316,0.012878581847287308,0.020332640659734884,0.012878581847287308,True,True,0,,,,,,,,,,,,,0.012878581847287308,0.020332640659734884,,within_search_interval,64,0.00021299848748107948,0.00021467928228838633,3.089488505077476e-05,0.0010729510960847857,5.084020681994852e-05,8.775410640113207e-05,0.00014005670695013418,0.0002484865457527545,0.0006539944823921621,64,0.9912273427585476,0.006403185109579045,0.9725692919666461,1.0,0.9792322420637327,0.9870999873923307,0.9925239129826796,0.9963599924395979,0.9992580666859956,64,0.9912273427585476,0.006403185109579045,0.9725692919666461,1.0,0.9792322420637327,0.9870999873923307,0.9925239129826796,0.9963599924395979,0.9992580666859956,0,64,1.2760421298533795e-06,5.618159932365229e-08,1.1668354120551301e-06,1.4181431173123348e-06,1.1939130878172037e-06,1.2357811462365033e-06,1.2681504847474858e-06,1.3210500836310781e-06,1.3564666749911944e-06,64,1.2760421298533795e-06,5.618159932365229e-08,1.1668354120551301e-06,1.4181431173123348e-06,1.1939130878172037e-06,1.2357811462365033e-06,1.2681504847474858e-06,1.3210500836310781e-06,1.3564666749911944e-06,64,0.0,0.0,0.0,0.0,0.0,0.0,0.0,0.0,0.0,0,0,64,0.0225830078125,0.013066674328682212,0.0,0.0703125,0.0078125,0.015625,0.0234375,0.03125,0.0390625,64,0.004083343437499998,0.00014150434455059927,0.0038316460000000774,0.004520191000000118,0.0039272136499996614,0.003980395999999775,0.004044555000000116,0.004188391499999167,0.00429946319999992,{},
recovery,128,0.2,,0.5,1e-08,,,b1305842bc8fff37,64,64,0,,0.0,0,0,0.0,0.0,0.0,0.0,64,0.20780075098851028,0.02746972948852768,0.14241064028302025,0.2869421420172461,0.1670400971532381,0.18765436022123566,0.20993488517461142,0.2241954530180464,0.2529447166290503,64,0.007800750988510274,0.02746972948852768,-0.05758935971697976,0.0869421420172461,-0.03295990284676192,-0.01234563977876435,0.009934885174611413,0.02419545301804639,0.052944716629050315,0.007800750988510274,0.02834867452476711,0.022870073932971226,True,True,0,,,,,,,,,,,,,0.20780075098851028,0.02834867452476711,,within_search_interval,64,0.00014097882419220818,8.692032137130305e-05,2.637134655849763e-05,0.00045850278464479576,4.804766320429248e-05,7.878502946837854e-05,0.00011522649315737173,0.00019190670101368413,0.0003174178874699942,64,0.973394116298821,0.013208010912169589,0.9380466621508923,0.9974184415786114,0.9452664792748484,0.9671856533672709,0.9743577071307843,0.9822929328726346,0.9915733359112349,64,0.973394116298821,0.013208010912169589,0.9380466621508923,0.9974184415786114,0.9452664792748484,0.9671856533672709,0.9743577071307843,0.9822929328726346,0.9915733359112349,0,64,1.2760421298533795e-06,5.618159932365227e-08,1.1668354120551301e-06,1.4181431173123346e-06,1.1939130878172037e-06,1.2357811462365033e-06,1.2681504847474858e-06,1.3210500836310781e-06,1.3564666749911944e-06,64,1.2760421298533795e-06,5.618159932365227e-08,1.1668354120551301e-06,1.4181431173123346e-06,1.1939130878172037e-06,1.2357811462365033e-06,1.2681504847474858e-06,1.3210500836310781e-06,1.3564666749911944e-06,64,0.0,0.0,0.0,0.0,0.0,0.0,0.0,0.0,0.0,0,0,64,0.0550537109375,0.02126732156772725,0.0078125,0.1015625,0.0234375,0.0390625,0.0546875,0.0703125,0.0859375,64,0.0039900152968748714,0.00016652697356240418,0.0038076949999990006,0.004457662000000084,0.003828139749999737,0.003862796749999564,0.003919776499999195,0.0040935667499995,0.004302377950001102,{},
recovery,128,1.0,,0.5,1e-08,,,ce1dea50d34d3db6,64,64,0,,0.0,0,0,0.0,0.0,0.0,0.0,64,1.0273427365189305,0.10158310299492053,0.837146043783259,1.323545227712959,0.8574262823673284,0.9730235851102588,1.0241248045362656,1.079041961839124,1.1875427584003904,64,0.027342736518930565,0.10158310299492053,-0.16285395621674104,0.3235452277129589,-0.14257371763267163,-0.02697641488974123,0.024124804536265643,0.07904196183912415,0.18754275840039045,0.027342736518930565,0.10442947715061272,0.08158717573205121,True,True,0,,,,,,,,,,,,,1.0273427365189305,0.10442947715061272,,within_search_interval,64,0.0003224433997498776,0.00032748390910589256,4.7044701120769175e-05,0.001869328660483384,5.440698123652136e-05,0.00011163095994312826,0.00021993305480548769,0.0004055926717099102,0.0009877780519954675,64,0.8359362514283335,0.03265653387822747,0.7635102849193249,0.9208467578242677,0.7878381060494124,0.8129786616037403,0.834050215690598,0.8557752956177014,0.8943520540233053,64,0.8359362514283335,0.03265653387822747,0.7635102849193249,0.9208467578242677,0.7878381060494124,0.8129786616037403,0.834050215690598,0.8557752956177014,0.8943520540233053,0,64,1.2760421298533795e-06,5.6181599323652296e-08,1.16683541205513e-06,1.4181431173123348e-06,1.1939130878172039e-06,1.2357811462365033e-06,1.2681504847474858e-06,1.3210500836310783e-06,1.3564666749911944e-06,64,1.2760421298533795e-06,5.6181599323652296e-08,1.16683541205513e-06,1.4181431173123348e-06,1.1939130878172039e-06,1.2357811462365033e-06,1.2681504847474858e-06,1.3210500836310783e-06,1.3564666749911944e-06,64,0.0,0.0,0.0,0.0,0.0,0.0,0.0,0.0,0.0,0,0,64,0.2662353515625,0.03630667562875653,0.1875,0.328125,0.204296875,0.2421875,0.265625,0.2890625,0.3203125,64,0.004013666812500177,0.00025947138813556616,0.003796216000001351,0.005275829000000343,0.003818621099999797,0.0038663960000002717,0.003932348500000238,0.0040485154999996276,0.004356662450000481,{},
recovery,128,4.0,,0.5,1e-08,,,869838160582ed8b,64,64,0,,0.0,0,0,0.0,0.0,0.0,0.0,64,4.085446528567369,0.4957118344691142,3.14739410202171,5.1414595718130816,3.2410584162010307,3.730622451559179,4.050844024775087,4.473027498314648,4.839998735185456,64,0.08544652856736831,0.4957118344691142,-0.85260589797829,1.1414595718130816,-0.7589415837989693,-0.26937754844082096,0.050844024775087426,0.4730274983146485,0.8399987351854562,0.08544652856736831,0.49919114309569546,0.4065677576384508,True,True,0,,,,,,,,,,,,,4.085446528567369,0.49919114309569546,,within_search_interval,64,0.0007534432946362052,0.000828253264398059,5.553698774406941e-05,0.004749443053613989,9.250825467329922e-05,0.0002260712472841866,0.00044273149295410085,0.0010060101478777178,0.0021877364965098094,64,0.7509545948953944,0.0361037620889793,0.6756890123417972,0.8394966146251391,0.6928717633451829,0.7268674229819048,0.7518654795132126,0.7711766757834508,0.8145502736532576,64,0.7509545948953944,0.0361037620889793,0.6756890123417972,0.8394966146251391,0.6928717633451829,0.7268674229819048,0.7518654795132126,0.7711766757834508,0.8145502736532576,0,64,1.2760421298533795e-06,5.6181599323652296e-08,1.16683541205513e-06,1.4181431173123348e-06,1.1939130878172037e-06,1.2357811462365033e-06,1.2681504847474858e-06,1.3210500836310783e-06,1.3564666749911944e-06,64,1.2760421298533795e-06,5.6181599323652296e-08,1.16683541205513e-06,1.4181431173123348e-06,1.1939130878172037e-06,1.2357811462365033e-06,1.2681504847474858e-06,1.3210500836310783e-06,1.3564666749911944e-06,64,0.0,0.0,0.0,0.0,0.0,0.0,0.0,0.0,0.0,0,0,64,0.4185791015625,0.04269573455603269,0.3203125,0.5,0.344921875,0.388671875,0.421875,0.453125,0.4765625,64,0.00402370660937508,0.00022262084443345776,0.0037914290000005124,0.004720838000000782,0.00381900455000026,0.003858135500000248,0.003945254500000495,0.0041082217500001406,0.004440237199999153,{},
recovery,128,0.0,,2.0,1e-08,,,9d0c9f19b2156bbe,64,64,0,,0.0,24,0,0.375,0.0,0.375,0.0,64,0.0538797176185127,0.07035042807914474,0.0,0.33661974520048954,0.0,0.0,0.02157662048285217,0.08723600018291465,0.1947202447801644,64,0.0538797176185127,0.07035042807914474,0.0,0.33661974520048954,0.0,0.0,0.02157662048285217,0.08723600018291465,0.1947202447801644,0.0538797176185127,0.08817525572063274,0.0538797176185127,True,True,0,,,,,,,,,,,,,0.0538797176185127,0.08817525572063274,,within_search_interval,64,0.003673779031514491,0.0036751349808944516,0.00040605179751819655,0.017717152192180143,0.0007734787554294151,0.0014596447936449397,0.002341214787565173,0.004082882535624534,0.01260049820685275,64,0.5562360222692745,0.09163194155722307,0.3867936561430743,0.7870874071692815,0.412354894490811,0.4852298493045137,0.5540662135426503,0.6292283930481406,0.6770979112381562,64,0.5562360222692745,0.09163194155722307,0.3867936561430743,0.7870874071692815,0.412354894490811,0.4852298493045137,0.5540662135426503,0.6292283930481406,0.6770979112381562,0,64,1.264168519413518e-06,2.2472639729460913e-07,8.273416482205199e-07,1.832572469249339e-06,9.356523512688151e-07,1.1031245849460133e-06,1.2326019389899434e-06,1.4442003345243128e-06,1.5858666999647777e-06,64,1.264168519413518e-06,2.2472639729460913e-07,8.273416482205199e-07,1.832572469249339e-06,9.356523512688151e-07,1.1031245849460133e-06,1.2326019389899434e-06,1.4442003345243128e-06,1.5858666999647777e-06,64,0.0,0.0,0.0,0.0,0.0,0.0,0.0,0.0,0.0,0,0,64,0.3128662109375,0.04322848732568263,0.1796875,0.3828125,0.235546875,0.287109375,0.3203125,0.337890625,0.375,64,0.004040021734374941,0.00023016036856765475,0.0037908189999988906,0.004992254999999446,0.0038162912499996706,0.003883883499999685,0.003954083999999192,0.0041445852499994995,0.004442202950000284,{},
recovery,128,0.2,,2.0,1e-08,,,be348fd8c00381be,64,64,0,,0.0,1,0,0.015625,0.0,0.015625,0.0,64,0.24111807312538497,0.12621705174277245,0.0,0.7527200659791355,0.06960674365304675,0.15600134107561578,0.24368075796645366,0.31216986983454686,0.42671952370160704,64,0.04111807312538495,0.12621705174277245,-0.2,0.5527200659791356,-0.13039325634695326,-0.04399865892438423,0.043680757966453654,0.11216986983454688,0.22671952370160703,0.04111807312538495,0.1318048641394865,0.09928322047488741,True,True,0,,,,,,,,,,,,,0.24111807312538497,0.1318048641394865,,within_search_interval,64,0.0025091796092556093,0.0017167648751226896,0.00034367364941899304,0.008587351397898504,0.0007609449958119848,0.0012653985117640908,0.0020993231760306217,0.003336615429920923,0.0060640012973295805,64,0.5459736493904537,0.08952374208589572,0.38063954907747644,0.782997399207961,0.41013426783539053,0.47623705454145265,0.5458638154247291,0.6084121156314017,0.6762960038800852,64,0.5459736493904537,0.08952374208589572,0.38063954907747644,0.782997399207961,0.41013426783539053,0.47623705454145265,0.5458638154247291,0.6084121156314017,0.6762960038800852,0,64,1.264168519413518e-06,2.2472639729460913e-07,8.273416482205199e-07,1.8325724692493388e-06,9.356523512688151e-07,1.1031245849460133e-06,1.2326019389899434e-06,1.4442003345243128e-06,1.5858666999647777e-06,64,1.264168519413518e-06,2.2472639729460913e-07,8.273416482205199e-07,1.8325724692493388e-06,9.356523512688151e-07,1.1031245849460133e-06,1.2326019389899434e-06,1.4442003345243128e-06,1.5858666999647777e-06,64,0.0,0.0,0.0,0.0,0.0,0.0,0.0,0.0,0.0,0,0,64,0.3133544921875,0.04242970384867712,0.2109375,0.3984375,0.23007812500000002,0.287109375,0.3203125,0.34375,0.3804687499999999,64,0.00396861632812498,0.00017508996998008775,0.0037808369999998703,0.004687361000000223,0.003807048149999659,0.0038539579999992135,0.003912326999999216,0.004013422999999072,0.00429242635000091,{},
recovery,128,1.0,,2.0,1e-08,,,6bba1c0e7287b364,64,64,0,,0.0,0,0,0.0,0.0,0.0,0.0,64,1.1890710117783554,0.4774596660324336,0.4787519119064969,2.7390996622889583,0.5987753407042894,0.8982558375077134,1.0833569890259385,1.3913038015248222,1.9908506929855296,64,0.1890710117783554,0.4774596660324336,-0.5212480880935031,1.7390996622889583,-0.40122465929571055,-0.10174416249228657,0.08335698902593847,0.39130380152482236,0.9908506929855296,0.1890710117783554,0.5100525309803365,0.36620531726583777,True,True,0,,,,,,,,,,,,,1.1890710117783554,0.5100525309803365,,within_search_interval,64,0.006917910371403114,0.01019547030871315,0.0006205337256742365,0.06930948960862225,0.0008052905689918547,0.0018930724624588672,0.003200507050146211,0.008708612914721595,0.023361431252627563,64,0.4721787356545015,0.0809996820164209,0.3236990727875375,0.6910000575260863,0.35878287277431775,0.41491608570091476,0.4656815969115954,0.5223853064624823,0.5966698873733159,64,0.4721787356545015,0.0809996820164209,0.3236990727875375,0.6910000575260863,0.35878287277431775,0.41491608570091476,0.4656815969115954,0.5223853064624823,0.5966698873733159,0,64,1.264168519413518e-06,2.2472639729460913e-07,8.273416482205198e-07,1.832572469249339e-06,9.356523512688152e-07,1.1031245849460133e-06,1.2326019389899434e-06,1.4442003345243128e-06,1.5858666999647777e-06,64,1.264168519413518e-06,2.2472639729460913e-07,8.273416482205198e-07,1.832572469249339e-06,9.356523512688152e-07,1.1031245849460133e-06,1.2326019389899434e-06,1.4442003345243128e-06,1.5858666999647777e-06,64,0.0,0.0,0.0,0.0,0.0,0.0,0.0,0.0,0.0,0,0,64,0.3681640625,0.03757072117729105,0.2890625,0.4453125,0.298046875,0.341796875,0.375,0.3984375,0.42851562499999996,64,0.003956880140624994,0.00016925090253491128,0.0038191110000003192,0.0047388009999993486,0.0038294425000000576,0.00384874699999882,0.003885475000000138,0.0040001394999997775,0.0042443363999999486,{},
recovery,128,4.0,,2.0,1e-08,,,f3ba263ed05bdb03,64,64,0,,0.0,0,4,0.0,0.0625,0.0,0.0625,64,4.524353730507373,1.9968795565308726,1.1464269240925224,8.0,1.4643147285260365,3.1060443726427427,4.213967448603832,5.920821080380403,7.976422851147738,64,0.524353730507373,1.9968795565308726,-2.8535730759074776,4.0,-2.5356852714739633,-0.8939556273572572,0.21396744860383166,1.920821080380403,3.976422851147739,0.524353730507373,2.0494315488841077,1.6394474938643386,True,True,0,,,,,,,,,,,,,4.524353730507373,2.0494315488841077,,within_search_interval,64,0.014494093204787957,0.020692506662219595,0.0006792008025702832,0.12530211000611866,0.0014316643161682468,0.0033263530018970994,0.008028900312778862,0.014317205489105513,0.047270409539382226,64,0.41406850794402805,0.0772178610676151,0.2798724368360069,0.6170576406355947,0.30868381815016405,0.3523776886765609,0.41762962672175075,0.4643221469273683,0.5466116995138606,64,0.41406850794402805,0.0772178610676151,0.2798724368360069,0.6170576406355947,0.30868381815016405,0.3523776886765609,0.41762962672175075,0.4643221469273683,0.5466116995138606,0,64,1.264168519413518e-06,2.2472639729460916e-07,8.273416482205198e-07,1.832572469249339e-06,9.35652351268815e-07,1.1031245849460133e-06,1.2326019389899434e-06,1.4442003345243128e-06,1.5858666999647777e-06,64,1.264168519413518e-06,2.2472639729460916e-07,8.273416482205198e-07,1.832572469249339e-06,9.35652351268815e-07,1.1031245849460133e-06,1.2326019389899434e-06,1.4442003345243128e-06,1.5858666999647777e-06,64,0.0,0.0,0.0,0.0,0.0,0.0,0.0,0.0,0.0,0,0,64,0.443359375,0.04152692339992805,0.34375,0.515625,0.376171875,0.404296875,0.4453125,0.4765625,0.5,64,0.003990781906250004,0.0002048307211575364,0.003804144999998371,0.004806560000000459,0.003822940800000918,0.003853644999999961,0.003896376500000187,0.004091010249999805,0.004400278650000189,{},
recovery,128,0.0,,8.0,1e-08,,,fd4cc8e59a1a2e02,64,58,6,6,0.09375,21,0,0.328125,0.0,0.3620689655172414,0.0,58,0.462956605297932,1.0024130290638547,0.0,5.451611237849406,0.0,0.0,0.10484312417429936,0.4416748301133124,2.6155977974988804,58,0.462956605297932,1.0024130290638547,0.0,5.451611237849406,0.0,0.0,0.10484312417429936,0.4416748301133124,2.6155977974988804,0.462956605297932,1.0962828155295148,0.462956605297932,True,True,0,,,,,,,,,,,,,,,contains_undefined_fits,within_search_interval,58,0.5424201699789731,2.42423985800101,0.003437984287107301,18.181153337403142,0.005426603337571175,0.015025632660830875,0.053055580598364294,0.16136928301709247,1.5795902595853506,58,0.16794413768035266,0.10201941432758342,0.011461365844880918,0.46247446647974105,0.029513831284746623,0.08701692903933925,0.15376005545505167,0.24760519752842347,0.3087308664319493,64,0.15425254582701622,0.1063264507055391,0.002631532900594102,0.46247446647974105,0.013149227812834603,0.0735085702459114,0.1324671278180704,0.23796556593354373,0.29530103965865784,0,64,1.216674077654072e-06,8.989055891784365e-07,-5.306334071179205e-07,3.4902898769973554e-06,-9.73905949247399e-08,5.724983397840531e-07,1.0904077559597735e-06,1.9368013380972506e-06,2.503466799859111e-06,64,1.216674077654072e-06,8.989055891784365e-07,-5.306334071179205e-07,3.4902898769973554e-06,-9.73905949247399e-08,5.724983397840531e-07,1.0904077559597735e-06,1.9368013380972506e-06,2.503466799859111e-06,64,0.0,0.0,0.0,0.0,0.0,0.0,0.0,0.0,0.0,0,6,64,0.453857421875,0.039804917808479785,0.359375,0.546875,0.390625,0.4296875,0.453125,0.484375,0.5078125,64,0.003616636156249825,0.0011835773629266138,9.672000000016112e-06,0.004799624000000335,1.1682700000026359e-05,0.003842939249998789,0.00388217799999957,0.004062225000000419,0.004382361299999493,"{""nonpositive_total_gain"": 6}",
recovery,128,0.2,,8.0,1e-08,,,93dc699a04f94ee9,64,58,6,6,0.09375,12,0,0.1875,0.0,0.20689655172413793,0.0,58,0.8750347377456429,1.6351761254706396,0.0,7.209587273400053,0.0,0.04773141889416618,0.3371595160066788,0.7645476852788736,5.362772306597032,58,0.6750347377456429,1.6351761254706396,-0.2,7.009587273400053,-0.2,-0.15226858110583383,0.1371595160066788,0.5645476852788737,5.162772306597032,0.6750347377456429,1.7559535420671601,0.8015129105438576,True,True,0,,,,,,,,,,,,,,,contains_undefined_fits,within_search_interval,58,0.4449934710341559,1.3999429534423316,0.002856466746195542,8.057118210389362,0.00543050377024226,0.015974909563493518,0.05134576382967032,0.15478089272845472,2.41976367992355,58,0.1676345661265741,0.10185897251871769,0.011555550997713859,0.461920615845686,0.02953656842637205,0.08655326346388673,0.1522863732475028,0.2467569900898341,0.3095489878775539,64,0.15397278999614802,0.10614921502483933,0.002601597089455696,0.461920615845686,0.013202858360462127,0.07367193405830687,0.1317886886931699,0.2351485775399476,0.29627965001811474,0,64,1.216674077654072e-06,8.989055891784365e-07,-5.306334071179203e-07,3.4902898769973554e-06,-9.739059492473983e-08,5.724983397840531e-07,1.0904077559597735e-06,1.9368013380972506e-06,2.503466799859111e-06,64,1.216674077654072e-06,8.989055891784365e-07,-5.306334071179203e-07,3.4902898769973554e-06,-9.739059492473983e-08,5.724983397840531e-07,1.0904077559597735e-06,1.9368013380972506e-06,2.503466799859111e-06,64,0.0,0.0,0.0,0.0,0.0,0.0,0.0,0.0,0.0,0,6,64,0.4532470703125,0.039161387419168185,0.375,0.546875,0.376171875,0.4296875,0.45703125,0.484375,0.5,64,0.0036447972499998454,0.0012020881975892675,9.526999999565078e-06,0.005222270999999168,1.2272700000259817e-05,0.0038458194999999584,0.003906708499999745,0.004087346499999978,0.004432784299999026,"{""nonpositive_total_gain"": 6}",
recovery,128,1.0,,8.0,1e-08,,,0120363ebaaf9c24,64,58,6,6,0.09375,3,6,0.046875,0.09375,0.05172413793103448,0.10344827586206896,58,2.2832347555031007,2.535179772786733,0.0,8.0,0.10033970634790754,0.5189844888483834,1.0845996329610632,3.1313031894639423,8.0,58,1.2832347555031007,2.535179772786733,-1.0,7.0,-0.8996602936520924,-0.4810155111516165,0.08459963296106321,2.1313031894639423,7.0,1.2832347555031007,2.821881503561246,1.7595978635947054,True,True,0,,,,,,,,,,,,,,,contains_undefined_fits,within_search_interval,58,0.8690622993991198,2.7190670384307647,0.0047616398457720295,15.712657058490956,0.005878122658864844,0.020096435032916315,0.06735368721905657,0.17439626656614457,5.251906455214783,58,0.1643860866780298,0.0998005718079715,0.011522014063975693,0.4501404926760865,0.02910933158100236,0.08532676451042238,0.1483679992367593,0.23854155945076283,0.3096073422194849,64,0.1510094825083851,0.10399538702683649,0.0024903065844928186,0.4501404926760865,0.013167951080479447,0.07101077306920628,0.12844045368455098,0.22445710733566296,0.297615147593084,0,64,1.216674077654072e-06,8.989055891784365e-07,-5.306334071179205e-07,3.490289876997356e-06,-9.739059492473979e-08,5.724983397840531e-07,1.0904077559597733e-06,1.9368013380972506e-06,2.503466799859111e-06,64,1.216674077654072e-06,8.989055891784365e-07,-5.306334071179205e-07,3.490289876997356e-06,-9.739059492473979e-08,5.724983397840531e-07,1.0904077559597733e-06,1.9368013380972506e-06,2.503466799859111e-06,64,0.0,0.0,0.0,0.0,0.0,0.0,0.0,0.0,0.0,0,6,64,0.4532470703125,0.04193302576150234,0.3515625,0.5390625,0.375,0.427734375,0.45703125,0.484375,0.5,64,0.003621961750000069,0.0011867975913566456,9.556999999382754e-06,0.004671542000000528,1.0892750000124351e-05,0.003840289499999816,0.003892155499999994,0.004061378999999921,0.00442356470000056,"{""nonpositive_total_gain"": 6}",
recovery,128,4.0,,8.0,1e-08,,,e5c0dc881cb63dca,64,58,6,6,0.09375,1,19,0.015625,0.296875,0.017241379310344827,0.3275862068965517,58,4.28878763021149,3.2029839641990527,0.0,8.0,0.2509562842317395,1.3043956944808017,3.8773338048916495,8.0,8.0,58,0.2887876302114904,3.2029839641990527,-4.0,4.0,-3.7490437157682606,-2.6956043055191983,-0.12266619510835053,4.0,4.0,0.2887876302114904,3.1883574811505184,2.9441620031353457,True,True,0,,,,,,,,,,,,,,,contains_undefined_fits,within_search_interval,58,1.4052454887994803,4.252650054740894,0.004872096628523913,20.346545181005943,0.010952459555666162,0.020785464355100598,0.0767615725969542,0.310183777160986,7.987205852721918,58,0.15639296953616053,0.0949160415610642,0.010949470284916957,0.4185744745904407,0.027616527677320653,0.08188659901503233,0.14251057378438142,0.22712592399508896,0.3035448774700022,64,0.14363804506352248,0.09893768942746757,0.0023725152659871303,0.4185744745904407,0.012405563084183575,0.06708617784100561,0.12353503076606737,0.21366870737966095,0.2928579217271088,0,64,1.216674077654072e-06,8.989055891784365e-07,-5.306334071179204e-07,3.4902898769973554e-06,-9.739059492473981e-08,5.724983397840531e-07,1.0904077559597735e-06,1.9368013380972506e-06,2.503466799859111e-06,64,1.216674077654072e-06,8.989055891784365e-07,-5.306334071179204e-07,3.4902898769973554e-06,-9.739059492473981e-08,5.724983397840531e-07,1.0904077559597735e-06,1.9368013380972506e-06,2.503466799859111e-06,64,0.0,0.0,0.0,0.0,0.0,0.0,0.0,0.0,0.0,0,6,64,0.466552734375,0.040665729306426576,0.3671875,0.546875,0.391796875,0.435546875,0.47265625,0.5,0.515625,64,0.003614630187500051,0.0011797755239570525,9.732999998846026e-06,0.004566830999999993,1.1836800000075698e-05,0.003836668000000376,0.003896975999999608,0.004065106999999735,0.004335122350000286,"{""nonpositive_total_gain"": 6}",
recovery,128,0.0,,0.0,1e-14,,,cfeec831621e8774,64,0,64,64,1.0,0,0,0.0,0.0,,,0,,,,,,,,,,0,,,,,,,,,,,,,True,True,0,,,,,,,,,,,,,,,contains_undefined_fits,within_search_interval,0,,,,,,,,,,0,,,,,,,,,,64,1.0,0.0,1.0,1.0,1.0,1.0,1.0,1.0,1.0,0,64,1.28e-12,0.0,1.28e-12,1.28e-12,1.28e-12,1.28e-12,1.28e-12,1.28e-12,1.28e-12,64,1.28e-12,0.0,1.28e-12,1.28e-12,1.28e-12,1.28e-12,1.28e-12,1.28e-12,1.28e-12,64,0.0,0.0,0.0,0.0,0.0,0.0,0.0,0.0,0.0,64,0,64,0.0,0.0,0.0,0.0,0.0,0.0,0.0,0.0,0.0,64,1.1982046874914332e-05,1.3283573389444016e-06,1.0318999999370249e-05,1.651900000076978e-05,1.0379200000798505e-05,1.0856249999857681e-05,1.1710499999928459e-05,1.2848750000848952e-05,1.4229800000542523e-05,"{""nonpositive_total_gain"": 64}",
recovery,128,0.2,,0.0,1e-14,,,cea2714ea90b7e28,64,0,64,64,1.0,0,0,0.0,0.0,,,0,,,,,,,,,,0,,,,,,,,,,,,,True,True,0,,,,,,,,,,,,,,,contains_undefined_fits,within_search_interval,0,,,,,,,,,,0,,,,,,,,,,64,1.0,0.0,1.0,1.0,1.0,1.0,1.0,1.0,1.0,0,64,1.28e-12,0.0,1.28e-12,1.28e-12,1.28e-12,1.28e-12,1.28e-12,1.28e-12,1.28e-12,64,1.28e-12,0.0,1.28e-12,1.28e-12,1.28e-12,1.28e-12,1.28e-12,1.28e-12,1.28e-12,64,0.0,0.0,0.0,0.0,0.0,0.0,0.0,0.0,0.0,64,0,64,0.0,0.0,0.0,0.0,0.0,0.0,0.0,0.0,0.0,64,1.2407593750096702e-05,5.256294656492602e-06,9.8009999991433e-06,4.7096000000301785e-05,9.9833499997537e-06,1.0511749999775333e-05,1.1429999999368334e-05,1.230225000048435e-05,1.4687950000658032e-05,"{""nonpositive_total_gain"": 64}",
recovery,128,1.0,,0.0,1e-14,,,b4416f5cccf13fd5,64,0,64,64,1.0,0,0,0.0,0.0,,,0,,,,,,,,,,0,,,,,,,,,,,,,True,True,0,,,,,,,,,,,,,,,contains_undefined_fits,within_search_interval,0,,,,,,,,,,0,,,,,,,,,,64,1.0,0.0,1.0,1.0,1.0,1.0,1.0,1.0,1.0,0,64,1.28e-12,6.352820508668213e-29,1.28e-12,1.2800000000000002e-12,1.28e-12,1.28e-12,1.28e-12,1.28e-12,1.2800000000000002e-12,64,1.28e-12,6.352820508668213e-29,1.28e-12,1.2800000000000002e-12,1.28e-12,1.28e-12,1.28e-12,1.28e-12,1.2800000000000002e-12,64,0.0,0.0,0.0,0.0,0.0,0.0,0.0,0.0,0.0,64,0,64,0.0,0.0,0.0,0.0,0.0,0.0,0.0,0.0,0.0,64,1.1708171874860729e-05,1.8928316785522463e-06,9.58799999928317e-06,2.2580999999632922e-05,9.8981500000761e-06,1.066024999918369e-05,1.1364999998875192e-05,1.2428999999869461e-05,1.383084999933004e-05,"{""nonpositive_total_gain"": 64}",
recovery,128,4.0,,0.0,1e-14,,,39d51d7a79a28dce,64,0,64,64,1.0,0,0,0.0,0.0,,,0,,,,,,,,,,0,,,,,,,,,,,,,True,True,0,,,,,,,,,,,,,,,contains_undefined_fits,within_search_interval,0,,,,,,,,,,0,,,,,,,,,,64,1.0,0.0,1.0,1.0,1.0,1.0,1.0,1.0,1.0,0,64,1.28e-12,4.39538397857685e-29,1.2799999999999998e-12,1.2800000000000002e-12,1.28e-12,1.28e-12,1.28e-12,1.28e-12,1.28e-12,64,1.28e-12,4.39538397857685e-29,1.2799999999999998e-12,1.2800000000000002e-12,1.28e-12,1.28e-12,1.28e-12,1.28e-12,1.28e-12,64,0.0,0.0,0.0,0.0,0.0,0.0,0.0,0.0,0.0,64,0,64,0.0,0.0,0.0,0.0,0.0,0.0,0.0,0.0,0.0,64,1.2137515625010309e-05,3.601753140021486e-06,9.583000000645825e-06,3.0151999999006307e-05,9.864600000719648e-06,1.0356500000030522e-05,1.1187499999287809e-05,1.2091749998832668e-05,2.1153549999119984e-05,"{""nonpositive_total_gain"": 64}",
recovery,128,0.0,,0.5,1e-14,,,59ea52baa9836ad2,64,0,64,64,1.0,0,0,0.0,0.0,,,0,,,,,,,,,,0,,,,,,,,,,,,,True,True,0,,,,,,,,,,,,,,,contains_undefined_fits,within_search_interval,0,,,,,,,,,,0,,,,,,,,,,64,0.9912273427585477,0.006403185109579027,0.9725692919666462,1.0,0.9792322420637326,0.9870999873923307,0.9925239129826797,0.996359992439598,0.9992580666859954,0,64,1.2760421298533796e-12,5.618159932365228e-14,1.16683541205513e-12,1.4181431173123347e-12,1.1939130878172036e-12,1.2357811462365034e-12,1.2681504847474857e-12,1.3210500836310781e-12,1.3564666749911945e-12,64,1.2760421298533796e-12,5.618159932365228e-14,1.16683541205513e-12,1.4181431173123347e-12,1.1939130878172036e-12,1.2357811462365034e-12,1.2681504847474857e-12,1.3210500836310781e-12,1.3564666749911945e-12,64,0.0,0.0,0.0,0.0,0.0,0.0,0.0,0.0,0.0,64,0,64,0.0225830078125,0.013066674328682212,0.0,0.0703125,0.0078125,0.015625,0.0234375,0.03125,0.0390625,64,1.1725578124802127e-05,1.9709585517555466e-06,9.868999999440575e-06,2.3821000000090464e-05,1.009044999973341e-05,1.0505750000167069e-05,1.1409499999892603e-05,1.224849999870159e-05,1.3945049999986025e-05,"{""nonpositive_total_gain"": 64}",
recovery,128,0.2,,0.5,1e-14,,,a4f277bc5d875cc6,64,0,64,64,1.0,0,0,0.0,0.0,,,0,,,,,,,,,,0,,,,,,,,,,,,,True,True,0,,,,,,,,,,,,,,,contains_undefined_fits,within_search_interval,0,,,,,,,,,,0,,,,,,,,,,64,0.973394116298821,0.013208010912169594,0.9380466621508923,0.9974184415786116,0.9452664792748485,0.9671856533672709,0.9743577071307843,0.9822929328726345,0.991573335911235,0,64,1.2760421298533796e-12,5.6181599323652296e-14,1.16683541205513e-12,1.4181431173123347e-12,1.1939130878172036e-12,1.2357811462365034e-12,1.2681504847474857e-12,1.3210500836310781e-12,1.3564666749911945e-12,64,1.2760421298533796e-12,5.6181599323652296e-14,1.16683541205513e-12,1.4181431173123347e-12,1.1939130878172036e-12,1.2357811462365034e-12,1.2681504847474857e-12,1.3210500836310781e-12,1.3564666749911945e-12,64,0.0,0.0,0.0,0.0,0.0,0.0,0.0,0.0,0.0,64,0,64,0.0550537109375,0.02126732156772725,0.0078125,0.1015625,0.0234375,0.0390625,0.0546875,0.0703125,0.0859375,64,1.196617187490534e-05,2.391226573466034e-06,9.684000000120818e-06,2.4578999999746998e-05,1.0059500000458854e-05,1.0726249999315485e-05,1.1517999999988149e-05,1.2329000000033119e-05,1.4362799999689812e-05,"{""nonpositive_total_gain"": 64}",
recovery,128,1.0,,0.5,1e-14,,,c943b1ebd1f11573,64,0,64,64,1.0,0,0,0.0,0.0,,,0,,,,,,,,,,0,,,,,,,,,,,,,True,True,0,,,,,,,,,,,,,,,contains_undefined_fits,within_search_interval,0,,,,,,,,,,0,,,,,,,,,,64,0.8359362514283335,0.03265653387822748,0.7635102849193249,0.9208467578242678,0.7878381060494124,0.8129786616037404,0.8340502156905979,0.8557752956177015,0.8943520540233053,0,64,1.2760421298533796e-12,5.6181599323652296e-14,1.16683541205513e-12,1.4181431173123347e-12,1.1939130878172036e-12,1.2357811462365034e-12,1.2681504847474857e-12,1.3210500836310783e-12,1.3564666749911945e-12,64,1.2760421298533796e-12,5.6181599323652296e-14,1.16683541205513e-12,1.4181431173123347e-12,1.1939130878172036e-12,1.2357811462365034e-12,1.2681504847474857e-12,1.3210500836310783e-12,1.3564666749911945e-12,64,0.0,0.0,0.0,0.0,0.0,0.0,0.0,0.0,0.0,64,0,64,0.2662353515625,0.03630667562875653,0.1875,0.328125,0.204296875,0.2421875,0.265625,0.2890625,0.3203125,64,1.2231234375034705e-05,3.596066107916404e-06,9.363000000206512e-06,3.1273000000275886e-05,9.933049999011345e-06,1.0308000000236461e-05,1.1579999999788981e-05,1.2138749999834886e-05,1.7947849999799797e-05,"{""nonpositive_total_gain"": 64}",
recovery,128,4.0,,0.5,1e-14,,,bc5696307232bf77,64,0,64,64,1.0,0,0,0.0,0.0,,,0,,,,,,,,,,0,,,,,,,,,,,,,True,True,0,,,,,,,,,,,,,,,contains_undefined_fits,within_search_interval,0,,,,,,,,,,0,,,,,,,,,,64,0.7509545948953944,0.03610376208897929,0.6756890123417971,0.8394966146251391,0.6928717633451829,0.7268674229819048,0.7518654795132127,0.7711766757834508,0.8145502736532576,0,64,1.2760421298533796e-12,5.618159932365229e-14,1.16683541205513e-12,1.4181431173123349e-12,1.1939130878172036e-12,1.2357811462365034e-12,1.268150484747486e-12,1.3210500836310783e-12,1.3564666749911943e-12,64,1.2760421298533796e-12,5.618159932365229e-14,1.16683541205513e-12,1.4181431173123349e-12,1.1939130878172036e-12,1.2357811462365034e-12,1.268150484747486e-12,1.3210500836310783e-12,1.3564666749911943e-12,64,0.0,0.0,0.0,0.0,0.0,0.0,0.0,0.0,0.0,64,0,64,0.4185791015625,0.04269573455603269,0.3203125,0.5,0.344921875,0.388671875,0.421875,0.453125,0.4765625,64,1.1704406249882227e-05,1.3837528305699185e-06,9.308999999291245e-06,1.696300000020301e-05,9.846449999972862e-06,1.0633749999211517e-05,1.1492499999654626e-05,1.2515999999518357e-05,1.4143499999930141e-05,"{""nonpositive_total_gain"": 64}",
recovery,128,0.0,,2.0,1e-14,,,e89ae658f038a9b0,64,0,64,64,1.0,0,0,0.0,0.0,,,0,,,,,,,,,,0,,,,,,,,,,,,,True,True,0,,,,,,,,,,,,,,,contains_undefined_fits,within_search_interval,0,,,,,,,,,,0,,,,,,,,,,64,0.5562360222692745,0.09163194155722307,0.38679365614307437,0.7870874071692816,0.41235489449081103,0.48522984930451374,0.5540662135426503,0.6292283930481405,0.6770979112381564,0,64,1.264168519413518e-12,2.2472639729460913e-13,8.273416482205199e-13,1.832572469249339e-12,9.35652351268815e-13,1.1031245849460133e-12,1.2326019389899435e-12,1.4442003345243127e-12,1.5858666999647777e-12,64,1.264168519413518e-12,2.2472639729460913e-13,8.273416482205199e-13,1.832572469249339e-12,9.35652351268815e-13,1.1031245849460133e-12,1.2326019389899435e-12,1.4442003345243127e-12,1.5858666999647777e-12,64,0.0,0.0,0.0,0.0,0.0,0.0,0.0,0.0,0.0,64,0,64,0.3128662109375,0.04322848732568263,0.1796875,0.3828125,0.235546875,0.287109375,0.3203125,0.337890625,0.375,64,1.140742187502597e-05,1.1739079057996597e-06,9.683000000038078e-06,1.605099999935078e-05,9.823549999898873e-06,1.0465250000812887e-05,1.1385999999724561e-05,1.205075000010325e-05,1.3128299998754754e-05,"{""nonpositive_total_gain"": 64}",
recovery,128,0.2,,2.0,1e-14,,,1b1a6e2fda1c17fe,64,0,64,64,1.0,0,0,0.0,0.0,,,0,,,,,,,,,,0,,,,,,,,,,,,,True,True,0,,,,,,,,,,,,,,,contains_undefined_fits,within_search_interval,0,,,,,,,,,,0,,,,,,,,,,64,0.5459736493904537,0.08952374208589571,0.38063954907747644,0.7829973992079611,0.4101342678353905,0.47623705454145265,0.5458638154247291,0.6084121156314016,0.676296003880085,0,64,1.264168519413518e-12,2.2472639729460913e-13,8.2734164822052e-13,1.832572469249339e-12,9.35652351268815e-13,1.1031245849460133e-12,1.2326019389899435e-12,1.4442003345243127e-12,1.5858666999647777e-12,64,1.264168519413518e-12,2.2472639729460913e-13,8.2734164822052e-13,1.832572469249339e-12,9.35652351268815e-13,1.1031245849460133e-12,1.2326019389899435e-12,1.4442003345243127e-12,1.5858666999647777e-12,64,0.0,0.0,0.0,0.0,0.0,0.0,0.0,0.0,0.0,64,0,64,0.3133544921875,0.04242970384867712,0.2109375,0.3984375,0.23007812500000002,0.287109375,0.3203125,0.34375,0.3804687499999999,64,1.2525515624986494e-05,4.232113273740712e-06,9.503999999438406e-06,3.559700000010935e-05,9.80720000010038e-06,1.0725500000585697e-05,1.1537500000269318e-05,1.2398749999809056e-05,2.1378499999613586e-05,"{""nonpositive_total_gain"": 64}",
recovery,128,1.0,,2.0,1e-14,,,918440bfc416a189,64,0,64,64,1.0,0,0,0.0,0.0,,,0,,,,,,,,,,0,,,,,,,,,,,,,True,True,0,,,,,,,,,,,,,,,contains_undefined_fits,within_search_interval,0,,,,,,,,,,0,,,,,,,,,,64,0.4721787356545015,0.08099968201642088,0.32369907278753746,0.6910000575260863,0.3587828727743178,0.4149160857009148,0.46568159691159533,0.5223853064624823,0.596669887373316,0,64,1.264168519413518e-12,2.2472639729460913e-13,8.273416482205199e-13,1.832572469249339e-12,9.356523512688152e-13,1.1031245849460133e-12,1.2326019389899433e-12,1.4442003345243127e-12,1.5858666999647777e-12,64,1.264168519413518e-12,2.2472639729460913e-13,8.273416482205199e-13,1.832572469249339e-12,9.356523512688152e-13,1.1031245849460133e-12,1.2326019389899433e-12,1.4442003345243127e-12,1.5858666999647777e-12,64,0.0,0.0,0.0,0.0,0.0,0.0,0.0,0.0,0.0,64,0,64,0.3681640625,0.03757072117729105,0.2890625,0.4453125,0.298046875,0.341796875,0.375,0.3984375,0.42851562499999996,64,1.1598249999980603e-05,1.3980600391609822e-06,9.37799999967126e-06,1.777199999963841e-05,9.873350000155767e-06,1.0655750000587716e-05,1.1395000000469224e-05,1.2212500001052007e-05,1.4103750000016287e-05,"{""nonpositive_total_gain"": 64}",
recovery,128,4.0,,2.0,1e-14,,,db0dd6bb870f4e26,64,0,64,64,1.0,0,0,0.0,0.0,,,0,,,,,,,,,,0,,,,,,,,,,,,,True,True,0,,,,,,,,,,,,,,,contains_undefined_fits,within_search_interval,0,,,,,,,,,,0,,,,,,,,,,64,0.41406850794402805,0.0772178610676151,0.2798724368360069,0.6170576406355948,0.3086838181501641,0.35237768867656094,0.41762962672175075,0.4643221469273683,0.5466116995138605,0,64,1.264168519413518e-12,2.2472639729460913e-13,8.273416482205199e-13,1.832572469249339e-12,9.35652351268815e-13,1.1031245849460133e-12,1.2326019389899435e-12,1.4442003345243127e-12,1.5858666999647777e-12,64,1.264168519413518e-12,2.2472639729460913e-13,8.273416482205199e-13,1.832572469249339e-12,9.35652351268815e-13,1.1031245849460133e-12,1.2326019389899435e-12,1.4442003345243127e-12,1.5858666999647777e-12,64,0.0,0.0,0.0,0.0,0.0,0.0,0.0,0.0,0.0,64,0,64,0.443359375,0.04152692339992805,0.34375,0.515625,0.376171875,0.404296875,0.4453125,0.4765625,0.5,64,1.3005624999978815e-05,8.558054322907248e-06,9.35699999971007e-06,7.609500000071989e-05,9.746299999546792e-06,1.0414499999278348e-05,1.149949999934563e-05,1.2635999998344971e-05,1.4920099999926604e-05,"{""nonpositive_total_gain"": 64}",
recovery,128,0.0,,8.0,1e-14,,,8cca654ce8c93883,64,0,64,64,1.0,0,0,0.0,0.0,,,0,,,,,,,,,,0,,,,,,,,,,,,,True,True,0,,,,,,,,,,,,,,,contains_undefined_fits,within_search_interval,0,,,,,,,,,,0,,,,,,,,,,64,0.15425254582701622,0.1063264507055391,0.002631532900594098,0.4624744664797411,0.0131492278128346,0.0735085702459114,0.1324671278180704,0.23796556593354373,0.2953010396586579,0,64,1.216674077654072e-12,8.989055891784365e-13,-5.306334071179205e-13,3.4902898769973556e-12,-9.739059492473986e-14,5.724983397840531e-13,1.0904077559597734e-12,1.9368013380972506e-12,2.503466799859111e-12,64,1.216674077654072e-12,8.989055891784365e-13,-5.306334071179205e-13,3.4902898769973556e-12,-9.739059492473986e-14,5.724983397840531e-13,1.0904077559597734e-12,1.9368013380972506e-12,2.503466799859111e-12,64,0.0,0.0,0.0,0.0,0.0,0.0,0.0,0.0,0.0,58,6,64,0.453857421875,0.039804917808479785,0.359375,0.546875,0.390625,0.4296875,0.453125,0.484375,0.5078125,64,1.1907374999939324e-05,2.369295464812487e-06,9.557000000270932e-06,2.3525999999662872e-05,9.837099999554511e-06,1.0543999999335085e-05,1.1403000001131147e-05,1.2247499999951117e-05,1.3885650000045045e-05,"{""nonpositive_total_gain"": 64}",
recovery,128,0.2,,8.0,1e-14,,,78525d42df0f41a1,64,0,64,64,1.0,0,0,0.0,0.0,,,0,,,,,,,,,,0,,,,,,,,,,,,,True,True,0,,,,,,,,,,,,,,,contains_undefined_fits,within_search_interval,0,,,,,,,,,,0,,,,,,,,,,64,0.15397278999614802,0.10614921502483933,0.002601597089455696,0.461920615845686,0.01320285836046213,0.07367193405830687,0.1317886886931699,0.2351485775399476,0.29627965001811474,0,64,1.216674077654072e-12,8.989055891784365e-13,-5.306334071179203e-13,3.4902898769973556e-12,-9.739059492473987e-14,5.724983397840531e-13,1.0904077559597732e-12,1.9368013380972506e-12,2.503466799859111e-12,64,1.216674077654072e-12,8.989055891784365e-13,-5.306334071179203e-13,3.4902898769973556e-12,-9.739059492473987e-14,5.724983397840531e-13,1.0904077559597732e-12,1.9368013380972506e-12,2.503466799859111e-12,64,0.0,0.0,0.0,0.0,0.0,0.0,0.0,0.0,0.0,58,6,64,0.4532470703125,0.039161387419168185,0.375,0.546875,0.376171875,0.4296875,0.45703125,0.484375,0.5,64,1.1800078124984958e-05,1.579777765196127e-06,9.643999999475739e-06,1.947199999996485e-05,9.858999999590168e-06,1.0907250000302682e-05,1.1650000000251737e-05,1.2445000000305129e-05,1.387409999971112e-05,"{""nonpositive_total_gain"": 64}",
recovery,128,1.0,,8.0,1e-14,,,9431277b24a3dbc2,64,0,64,64,1.0,0,0,0.0,0.0,,,0,,,,,,,,,,0,,,,,,,,,,,,,True,True,0,,,,,,,,,,,,,,,contains_undefined_fits,within_search_interval,0,,,,,,,,,,0,,,,,,,,,,64,0.1510094825083851,0.10399538702683649,0.002490306584492818,0.4501404926760864,0.013167951080479436,0.07101077306920629,0.12844045368455098,0.22445710733566296,0.297615147593084,0,64,1.216674077654072e-12,8.989055891784365e-13,-5.306334071179204e-13,3.4902898769973556e-12,-9.739059492473972e-14,5.724983397840531e-13,1.0904077559597732e-12,1.9368013380972506e-12,2.503466799859111e-12,64,1.216674077654072e-12,8.989055891784365e-13,-5.306334071179204e-13,3.4902898769973556e-12,-9.739059492473972e-14,5.724983397840531e-13,1.0904077559597732e-12,1.9368013380972506e-12,2.503466799859111e-12,64,0.0,0.0,0.0,0.0,0.0,0.0,0.0,0.0,0.0,58,6,64,0.4532470703125,0.04193302576150234,0.3515625,0.5390625,0.375,0.427734375,0.45703125,0.484375,0.5,64,1.2611140625118367e-05,4.776768064042868e-06,9.877000000102498e-06,3.614099999982301e-05,1.0036300000049181e-05,1.0655249999658167e-05,1.142449999980144e-05,1.2299249998237727e-05,2.0312499999342007e-05,"{""nonpositive_total_gain"": 64}",
recovery,128,4.0,,8.0,1e-14,,,07e6ff361383b1ad,64,0,64,64,1.0,0,0,0.0,0.0,,,0,,,,,,,,,,0,,,,,,,,,,,,,True,True,0,,,,,,,,,,,,,,,contains_undefined_fits,within_search_interval,0,,,,,,,,,,0,,,,,,,,,,64,0.14363804506352248,0.09893768942746757,0.0023725152659871403,0.41857447459044067,0.012405563084183585,0.0670861778410056,0.12353503076606737,0.21366870737966095,0.2928579217271088,0,64,1.216674077654072e-12,8.989055891784365e-13,-5.306334071179204e-13,3.4902898769973556e-12,-9.739059492473991e-14,5.724983397840532e-13,1.0904077559597734e-12,1.9368013380972506e-12,2.503466799859111e-12,64,1.216674077654072e-12,8.989055891784365e-13,-5.306334071179204e-13,3.4902898769973556e-12,-9.739059492473991e-14,5.724983397840532e-13,1.0904077559597734e-12,1.9368013380972506e-12,2.503466799859111e-12,64,0.0,0.0,0.0,0.0,0.0,0.0,0.0,0.0,0.0,58,6,64,0.466552734375,0.040665729306426576,0.3671875,0.546875,0.391796875,0.435546875,0.47265625,0.5,0.515625,64,1.1441453125052292e-05,1.1405026033724213e-06,9.697999999502827e-06,1.4017999999893505e-05,9.776050000365189e-06,1.053599999956134e-05,1.1456999999381878e-05,1.2190999999717178e-05,1.3313250000202004e-05,"{""nonpositive_total_gain"": 64}",
recovery,512,0.0,,0.0,1.0,,,19c29e0e8347a643,64,64,0,,0.0,64,0,1.0,0.0,1.0,0.0,64,0.0,0.0,0.0,0.0,0.0,0.0,0.0,0.0,0.0,64,0.0,0.0,0.0,0.0,0.0,0.0,0.0,0.0,0.0,0.0,0.0,0.0,True,True,0,,,,,,,,,,,,,0.0,0.0,,within_search_interval,64,0.0,0.0,0.0,0.0,0.0,0.0,0.0,0.0,0.0,64,1.0,0.0,1.0,1.0,1.0,1.0,1.0,1.0,1.0,64,1.0,0.0,1.0,1.0,1.0,1.0,1.0,1.0,1.0,0,64,512.0,0.0,512.0,512.0,512.0,512.0,512.0,512.0,512.0,64,512.0,0.0,512.0,512.0,512.0,512.0,512.0,512.0,512.0,64,0.0,0.0,0.0,0.0,0.0,0.0,0.0,0.0,0.0,0,0,64,0.0,0.0,0.0,0.0,0.0,0.0,0.0,0.0,0.0,64,0.016278324140624967,0.002053057134323376,0.014366979000001834,0.028581714000001313,0.014655763400000766,0.015498772000000827,0.01592985000000091,0.016588857999996875,0.01734152804999951,{},
recovery,512,0.2,,0.0,1.0,,,624f53e1a325687c,64,64,0,,0.0,0,0,0.0,0.0,0.0,0.0,64,0.19999999999147433,0.0,0.19999999999147433,0.19999999999147433,0.19999999999147433,0.19999999999147433,0.19999999999147433,0.19999999999147433,0.19999999999147433,64,-8.525680161852733e-12,0.0,-8.525680161852733e-12,-8.525680161852733e-12,-8.525680161852733e-12,-8.525680161852733e-12,-8.525680161852733e-12,-8.525680161852733e-12,-8.525680161852733e-12,-8.525680161852733e-12,8.525680161852733e-12,8.525680161852733e-12,True,True,0,,,,,,,,,,,,,0.19999999999147433,8.525680161852733e-12,,within_search_interval,64,2.423485703530532e-23,1.0755085224494928e-24,2.18322152494536e-23,2.6303865557311517e-23,2.2764936778388108e-23,2.3545824444256534e-23,2.4100344007941573e-23,2.4954892634626014e-23,2.589193925793231e-23,64,1.0,0.0,1.0,1.0,1.0,1.0,1.0,1.0,1.0,64,1.0,0.0,1.0,1.0,1.0,1.0,1.0,1.0,1.0,0,64,512.0,1.788160004724363e-14,511.99999999999994,512.0,511.99999999999994,512.0,512.0,512.0,512.0,64,512.0,1.788160004724363e-14,511.99999999999994,512.0,511.99999999999994,512.0,512.0,512.0,512.0,64,0.0,0.0,0.0,0.0,0.0,0.0,0.0,0.0,0.0,0,0,64,0.0,0.0,0.0,0.0,0.0,0.0,0.0,0.0,0.0,64,0.01590451753125055,0.003069110333539893,0.01373554299999924,0.038711873000004005,0.014053336650001923,0.015122319000001383,0.015405838000003058,0.015867463500000234,0.01782415944999993,{},
recovery,512,1.0,,0.0,1.0,,,e4355377a137e68c,64,64,0,,0.0,0,0,0.0,0.0,0.0,0.0,64,0.9999999999914743,0.0,0.9999999999914743,0.9999999999914743,0.9999999999914743,0.9999999999914743,0.9999999999914743,0.9999999999914743,0.9999999999914743,64,-8.525735673003965e-12,0.0,-8.525735673003965e-12,-8.525735673003965e-12,-8.525735673003965e-12,-8.525735673003965e-12,-8.525735673003965e-12,-8.525735673003965e-12,-8.525735673003965e-12,-8.525735673003965e-12,8.525735673003965e-12,8.525735673003965e-12,True,True,0,,,,,,,,,,,,,0.9999999999914743,8.525735673003965e-12,,within_search_interval,64,2.5451435132579305e-24,1.9344426566401941e-25,2.0894680337295267e-24,3.0608545160419063e-24,2.2886802466405722e-24,2.4034710954178056e-24,2.5311701866318747e-24,2.669646203585608e-24,2.837041049310309e-24,64,1.0,0.0,1.0,1.0,1.0,1.0,1.0,1.0,1.0,64,1.0,0.0,1.0,1.0,1.0,1.0,1.0,1.0,1.0,0,64,512.0,0.0,512.0,512.0,512.0,512.0,512.0,512.0,512.0,64,512.0,0.0,512.0,512.0,512.0,512.0,512.0,512.0,512.0,64,0.0,0.0,0.0,0.0,0.0,0.0,0.0,0.0,0.0,0,0,64,0.0,0.0,0.0,0.0,0.0,0.0,0.0,0.0,0.0,64,0.016086194671874943,0.0031381920443236113,0.013879147000000813,0.038981323999998096,0.014159741249999237,0.015174728999999054,0.015337072499999493,0.016180496000002265,0.01822470640000411,{},
recovery,512,4.0,,0.0,1.0,,,3c4141908e26e392,64,64,0,,0.0,0,0,0.0,0.0,0.0,0.0,64,3.9999999999914744,0.0,3.9999999999914744,3.9999999999914744,3.9999999999914744,3.9999999999914744,3.9999999999914744,3.9999999999914744,3.9999999999914744,64,-8.525624650701502e-12,0.0,-8.525624650701502e-12,-8.525624650701502e-12,-8.525624650701502e-12,-8.525624650701502e-12,-8.525624650701502e-12,-8.525624650701502e-12,-8.525624650701502e-12,-8.525624650701502e-12,8.525624650701502e-12,8.525624650701502e-12,True,True,0,,,,,,,,,,,,,3.9999999999914744,8.525624650701502e-12,,within_search_interval,64,4.108848060159808e-26,6.0444764771642676e-27,2.757312544937369e-26,5.405055304016592e-26,3.0554997818178873e-26,3.716095225180118e-26,4.0978057474941715e-26,4.551415584361635e-26,4.9616084929252596e-26,64,1.0,0.0,1.0,1.0,1.0,1.0,1.0,1.0,1.0,64,1.0,0.0,1.0,1.0,1.0,1.0,1.0,1.0,1.0,0,64,512.0,2.1614948566155827e-14,511.99999999999994,512.0,511.99999999999994,512.0,512.0,512.0,512.0,64,512.0,2.1614948566155827e-14,511.99999999999994,512.0,511.99999999999994,512.0,512.0,512.0,512.0,64,0.0,0.0,0.0,0.0,0.0,0.0,0.0,0.0,0.0,0,0,64,0.0,0.0,0.0,0.0,0.0,0.0,0.0,0.0,0.0,64,0.015854065546875462,0.0016903986251199548,0.013928729999999945,0.023769826999995303,0.01406007450000164,0.015172188750002924,0.015416515500000116,0.016178953249998074,0.018341281149999132,{},
recovery,512,0.0,,0.5,1.0,,,20ec96df3082c6ca,64,64,0,,0.0,32,0,0.5,0.0,0.5,0.0,64,0.005782397338431572,0.007073338614156097,0.0,0.020303556522571348,0.0,0.0,0.000859775254902765,0.010497755925527924,0.01954120271737309,64,0.005782397338431572,0.007073338614156097,0.0,0.020303556522571348,0.0,0.0,0.000859775254902765,0.010497755925527924,0.01954120271737309,0.005782397338431572,0.009093210998777355,0.005782397338431572,True,True,0,,,,,,,,,,,,,0.005782397338431572,0.009093210998777355,,within_search_interval,64,6.998582041344229e-05,7.350854987219055e-05,7.218305641687893e-06,0.00048747116793433794,1.7410944421101708e-05,2.6760034581009217e-05,4.8428552287614355e-05,7.892203278924667e-05,0.00016777903510416727,64,0.9921811588264146,0.003276241164431109,0.9811947984124605,0.9979748723896456,0.9863336978782007,0.9910763157283249,0.992604528989752,0.9945513116394976,0.9960089010164433,64,0.9921811588264146,0.003276241164431109,0.9811947984124605,0.9979748723896456,0.9863336978782007,0.9910763157283249,0.992604528989752,0.9945513116394976,0.9960089010164433,0,64,512.8855096782862,10.783180740242384,491.62005015604205,538.0786623050539,496.04716777687526,504.76731598486487,512.353225598682,518.6613330989234,531.0540347265492,64,512.8855096782862,10.783180740242384,491.62005015604205,538.0786623050539,496.04716777687526,504.76731598486487,512.353225598682,518.6613330989234,531.0540347265492,64,0.0,0.0,0.0,0.0,0.0,0.0,0.0,0.0,0.0,0,0,64,0.022125244140625,0.007624653629929927,0.0078125,0.048828125,0.01201171875,0.017578125,0.021484375,0.025390625,0.03486328124999999,64,0.015864938968750186,0.0018941702997398255,0.013934332999998134,0.027259989999997458,0.014089188500001803,0.01514384799999835,0.015471549500002624,0.016100268749999813,0.018527626099998605,{},
recovery,512,0.2,,0.5,1.0,,,543b7097b4e254f9,64,64,0,,0.0,0,0,0.0,0.0,0.0,0.0,64,0.20006531013995243,0.01582360749717269,0.15501110135439522,0.22921431364965744,0.17691920061225275,0.1890497365127846,0.20079555071940172,0.212612134739251,0.22432000008005196,64,6.531013995242883e-05,0.01582360749717269,-0.04498889864560479,0.02921431364965743,-0.023080799387747264,-0.010950263487215423,0.0007955507194017108,0.012612134739251005,0.024320000080051953,6.531013995242883e-05,0.015699634700501834,0.012795880880440313,True,True,0,,,,,,,,,,,,,0.20006531013995243,0.015699634700501834,,within_search_interval,64,3.762890826285491e-05,2.767146897316578e-05,7.010082022872106e-06,0.00017157485933118043,1.0698520845732471e-05,1.811005240484643e-05,3.3991947725577995e-05,4.931473994325609e-05,7.266922201547658e-05,64,0.9761234695275591,0.0069725565608698675,0.952298283379899,0.9900541459868725,0.9670266220467373,0.9723402087626315,0.9762711644320834,0.9803701555072853,0.9869536626368818,64,0.9761234695275591,0.0069725565608698675,0.952298283379899,0.9900541459868725,0.9670266220467373,0.9723402087626315,0.9762711644320834,0.9803701555072853,0.9869536626368818,0,64,512.8855096782862,10.78318074024239,491.620050156042,538.0786623050539,496.04716777687526,504.7673159848649,512.353225598682,518.6613330989234,531.0540347265492,64,512.8855096782862,10.78318074024239,491.620050156042,538.0786623050539,496.04716777687526,504.7673159848649,512.353225598682,518.6613330989234,531.0540347265492,64,0.0,0.0,0.0,0.0,0.0,0.0,0.0,0.0,0.0,0,0,64,0.051025390625,0.010734434205954881,0.02734375,0.078125,0.03349609375,0.04443359375,0.0498046875,0.05712890625,0.0703125,64,0.016178347250000003,0.002580658963469896,0.013877501000003178,0.02676860500000089,0.014006514200000809,0.015170601249998583,0.01543137950000073,0.016102850749996733,0.02331600354999918,{},
recovery,512,1.0,,0.5,1.0,,,e9088c44e6bddbda,64,64,0,,0.0,0,0,0.0,0.0,0.0,0.0,64,0.9977171005363793,0.05552619681027396,0.8567642965032998,1.107172101110283,0.9188016722587712,0.9604047322032112,0.9953204665204103,1.03339729095291,1.0885440453553101,64,-0.0022828994636207196,0.05552619681027396,-0.14323570349670023,0.10717210111028308,-0.0811983277412288,-0.03959526779678885,-0.004679533479589715,0.03339729095291011,0.08854404535531021,-0.0022828994636207196,0.05513797067455825,0.0444795486195777,True,True,0,,,,,,,,,,,,,0.9977171005363793,0.05513797067455825,,within_search_interval,64,9.519837415018973e-05,9.930708381723011e-05,6.70768796479138e-06,0.0005493015965254638,1.5972210005321193e-05,3.419695236053517e-05,6.359340590279466e-05,0.00012062029503023854,0.0002562784715285147,64,0.8400342810198475,0.01615214197238178,0.8025688464829625,0.8805493872486841,0.8127067700133064,0.8307833017593095,0.8397546534619217,0.8512061921701941,0.8667675768795737,64,0.8400342810198475,0.01615214197238178,0.8025688464829625,0.8805493872486841,0.8127067700133064,0.8307833017593095,0.8397546534619217,0.8512061921701941,0.8667675768795737,0,64,512.8855096782862,10.78318074024239,491.620050156042,538.0786623050539,496.04716777687526,504.7673159848649,512.353225598682,518.6613330989234,531.0540347265492,64,512.8855096782862,10.78318074024239,491.620050156042,538.0786623050539,496.04716777687526,504.7673159848649,512.353225598682,518.6613330989234,531.0540347265492,64,0.0,0.0,0.0,0.0,0.0,0.0,0.0,0.0,0.0,0,0,64,0.265625,0.01860723488103901,0.21875,0.306640625,0.236328125,0.25390625,0.263671875,0.279296875,0.294921875,64,0.015986069640624434,0.002081567607985882,0.01389500999999882,0.025331384000004675,0.014116973599994687,0.0151364502499991,0.015393468999999271,0.01618369374999684,0.01874120869999984,{},
recovery,512,4.0,,0.5,1.0,,,940e1184e60d9bd2,64,64,0,,0.0,0,0,0.0,0.0,0.0,0.0,64,3.9806376947291238,0.24418022508546666,3.468713072102948,4.500403834268238,3.5503887730594417,3.8236573401089995,3.9893071153662336,4.138721365896691,4.373284240632822,64,-0.019362305270876172,0.24418022508546666,-0.5312869278970518,0.500403834268238,-0.4496112269405582,-0.1763426598910004,-0.010692884633766386,0.13872136589669126,0.3732842406328223,-0.019362305270876172,0.24303756183849068,0.18889211589974747,True,True,0,,,,,,,,,,,,,3.9806376947291238,0.24303756183849068,,within_search_interval,64,0.00022957731001625175,0.00027173469814952065,7.5757329118273e-06,0.0015014406561245895,2.0235042305015853e-05,6.176267558193796e-05,0.00013146637082731688,0.0002778867386771255,0.0008612145988079797,64,0.7554716991449023,0.016913486084338222,0.7190885303037096,0.7942521440942634,0.7264583511463923,0.7465868942330461,0.7573253487962537,0.7652054411585936,0.7843891875198662,64,0.7554716991449023,0.016913486084338222,0.7190885303037096,0.7942521440942634,0.7264583511463923,0.7465868942330461,0.7573253487962537,0.7652054411585936,0.7843891875198662,0,64,512.8855096782862,10.78318074024239,491.620050156042,538.078662305054,496.04716777687526,504.76731598486487,512.3532255986819,518.6613330989234,531.0540347265492,64,512.8855096782862,10.78318074024239,491.620050156042,538.078662305054,496.04716777687526,504.76731598486487,512.3532255986819,518.6613330989234,531.0540347265492,64,0.0,0.0,0.0,0.0,0.0,0.0,0.0,0.0,0.0,0,0,64,0.41796875,0.021679366305893243,0.37109375,0.462890625,0.3828125,0.4033203125,0.4208984375,0.43017578125,0.45703125,64,0.01576056687500027,0.0019428819006482457,0.013835108000002094,0.025660244000000887,0.014083744500001317,0.015088293249999829,0.015267916500000922,0.015569505000003758,0.018366260549998965,{},
recovery,512,0.0,,2.0,1.0,,,ac05b8f3d68450c7,64,64,0,,0.0,31,0,0.484375,0.0,0.484375,0.0,64,0.023589722737532563,0.029394579564672403,0.0,0.09116956094038368,0.0,0.0,0.003479236219216859,0.04393306699591282,0.08026073863809322,64,0.023589722737532563,0.029394579564672403,0.0,0.09116956094038368,0.0,0.0,0.003479236219216859,0.04393306699591282,0.08026073863809322,0.023589722737532563,0.03751020769315193,0.023589722737532563,True,True,0,,,,,,,,,,,,,0.023589722737532563,0.03751020769315193,,within_search_interval,64,0.001091790158886331,0.0010229902751893504,0.00011566093904120501,0.006222107213826438,0.00022439470665904125,0.0004578130145072905,0.0007828719674964338,0.001349880191923595,0.002742254317542436,64,0.5648365202734401,0.040086048467927474,0.4789126672416232,0.6552764603958708,0.49432208028028546,0.5474532943660233,0.5626091977627907,0.5913714311382883,0.6322445802035597,64,0.5648365202734401,0.040086048467927474,0.4789126672416232,0.6552764603958708,0.49432208028028546,0.5474532943660233,0.5626091977627907,0.5913714311382883,0.6322445802035597,0,64,515.5420387131448,43.13272296096955,430.4802006241681,616.3146492202156,448.18867110750097,483.06926393945946,513.4129023947276,538.6453323956932,588.2161389061965,64,515.5420387131448,43.13272296096955,430.4802006241681,616.3146492202156,448.18867110750097,483.06926393945946,513.4129023947276,538.6453323956932,588.2161389061965,64,0.0,0.0,0.0,0.0,0.0,0.0,0.0,0.0,0.0,0,0,64,0.30792236328125,0.020443770913533516,0.259765625,0.349609375,0.27568359375,0.29296875,0.30859375,0.3203125,0.34345703125,64,0.016158288765624418,0.0023575095091797173,0.014043078000000264,0.027497149000001997,0.014105692999997466,0.015158276749998478,0.015425580500000535,0.016402364749998455,0.020840918549996337,{},
recovery,512,0.2,,2.0,1.0,,,bcdd4d3bcae6c5f5,64,64,0,,0.0,0,0,0.0,0.0,0.0,0.0,64,0.20313891557834604,0.06375893587268208,0.04122960285497314,0.3356818586439472,0.11390975704446475,0.15407983218451377,0.20328467718869017,0.2504527138255395,0.3061653048409168,64,0.0031389155783460303,0.06375893587268208,-0.1587703971450269,0.13568185864394716,-0.08609024295553526,-0.04592016781548623,0.0032846771886901605,0.05045271382553951,0.10616530484091681,0.0031389155783460303,0.06333668695851369,0.05149523707668526,True,True,0,,,,,,,,,,,,,0.20313891557834604,0.06333668695851369,,within_search_interval,64,0.000617185166940833,0.00046334440451873196,0.00011230636539450594,0.0027772520773517084,0.00015217339907705826,0.00028271745039928757,0.0005197230762548549,0.0008695761548983507,0.0011902758100599752,64,0.5565685766729703,0.04058833023687677,0.4685055400189833,0.6451157787342108,0.48855795226602966,0.5405210226566528,0.5561219813197782,0.5782811069074318,0.6276824240374818,64,0.5565685766729703,0.04058833023687677,0.4685055400189833,0.6451157787342108,0.48855795226602966,0.5405210226566528,0.5561219813197782,0.5782811069074318,0.6276824240374818,0,64,515.5420387131448,43.13272296096955,430.4802006241681,616.3146492202156,448.18867110750097,483.06926393945946,513.4129023947276,538.6453323956932,588.2161389061965,64,515.5420387131448,43.13272296096955,430.4802006241681,616.3146492202156,448.18867110750097,483.06926393945946,513.4129023947276,538.6453323956932,588.2161389061965,64,0.0,0.0,0.0,0.0,0.0,0.0,0.0,0.0,0.0,0,0,64,0.3116455078125,0.02022537344495852,0.26171875,0.365234375,0.28125,0.30078125,0.30859375,0.3232421875,0.345703125,64,0.01599969542187507,0.0020148640316991883,0.013942835000001708,0.024161709000001252,0.014076483799997774,0.015196745499999054,0.015448931000001664,0.01593125449999988,0.021206008399997592,{},
recovery,512,1.0,,2.0,1.0,,,c6e971ed4e060dab,64,64,0,,0.0,0,0,0.0,0.0,0.0,0.0,64,1.0088548094061784,0.21808321533770741,0.5396679141313236,1.491135668892333,0.7090316245983965,0.8515031210952115,0.9802641614675938,1.1325666876251743,1.389862073856305,64,0.008854809406178506,0.21808321533770741,-0.46033208586867636,0.49113566889233295,-0.29096837540160353,-0.1484968789047884,-0.019735838532406236,0.13256668762517443,0.3898620738563051,0.008854809406178506,0.21655384307133546,0.1744917756491494,True,True,0,,,,,,,,,,,,,1.0088548094061784,0.21655384307133546,,within_search_interval,64,0.001580392128806721,0.0018561744970747858,0.00010757714587421856,0.009414106860801576,0.0002642603916348052,0.0004661791567473389,0.0009360671203891897,0.0018401393920994243,0.004732245949878119,64,0.48324833060974115,0.038922365114220335,0.4050422815215921,0.5718328970570323,0.41463273858176236,0.4656213374336674,0.48506373962242827,0.5065225567272538,0.5600485046543041,64,0.48324833060974115,0.038922365114220335,0.4050422815215921,0.5718328970570323,0.41463273858176236,0.4656213374336674,0.48506373962242827,0.5065225567272538,0.5600485046543041,0,64,515.542038713145,43.13272296096956,430.4802006241681,616.3146492202156,448.18867110750097,483.06926393945946,513.4129023947276,538.6453323956933,588.2161389061966,64,515.542038713145,43.13272296096956,430.4802006241681,616.3146492202156,448.18867110750097,483.06926393945946,513.4129023947276,538.6453323956933,588.2161389061966,64,0.0,0.0,0.0,0.0,0.0,0.0,0.0,0.0,0.0,0,0,64,0.36346435546875,0.018294548028689236,0.31640625,0.400390625,0.32900390625,0.353515625,0.3642578125,0.375,0.39033203125,64,0.015718873062500027,0.0011366924481290592,0.013894414999999327,0.01961978300000311,0.014186507700001983,0.015084243999998748,0.01535485449999996,0.016142616750002503,0.017964490700003742,{},
recovery,512,4.0,,2.0,1.0,,,a40742dcb9cacde7,64,64,0,,0.0,0,0,0.0,0.0,0.0,0.0,64,3.961371337324146,0.9886149719310984,1.9500638330662077,6.2562219003962145,2.3242668210301574,3.2824727919214283,3.955133646167744,4.56833439998719,5.613156958461933,64,-0.03862866267585403,0.9886149719310984,-2.0499361669337923,2.2562219003962145,-1.6757331789698424,-0.7175272080785717,-0.04486635383225601,0.5683343999871897,1.6131569584619334,-0.03862866267585403,0.9816213593534182,0.7593531845117107,True,True,0,,,,,,,,,,,,,3.961371337324146,0.9816213593534182,,within_search_interval,64,0.003673177379927842,0.004434960457446574,0.00012140204258589004,0.01990147627916288,0.00035423485247658643,0.0009977688692656068,0.002000913809744524,0.004259344164764333,0.012670369013002912,64,0.42265438415945233,0.035992007132571,0.3508363397826127,0.5040350704909912,0.3586661196896196,0.4053217941482484,0.4234334333982752,0.44096214220251484,0.48826519586487876,64,0.42265438415945233,0.035992007132571,0.3508363397826127,0.5040350704909912,0.3586661196896196,0.4053217941482484,0.4234334333982752,0.44096214220251484,0.48826519586487876,0,64,515.5420387131448,43.13272296096956,430.48020062416805,616.3146492202156,448.18867110750097,483.06926393945946,513.4129023947276,538.6453323956933,588.2161389061965,64,515.5420387131448,43.13272296096956,430.48020062416805,616.3146492202156,448.18867110750097,483.06926393945946,513.4129023947276,538.6453323956933,588.2161389061965,64,0.0,0.0,0.0,0.0,0.0,0.0,0.0,0.0,0.0,0,0,64,0.442413330078125,0.022138130598629322,0.396484375,0.490234375,0.404296875,0.427734375,0.443359375,0.45703125,0.478515625,64,0.016086771703125335,0.002760574770474382,0.013741002000003277,0.029950753999997914,0.013979127250000367,0.015112204999999435,0.015329778999999988,0.015813249750003422,0.020849893149998164,{},
recovery,512,0.0,,8.0,1.0,,,92cdab7c556e4208,64,64,0,,0.0,31,0,0.484375,0.0,0.484375,0.0,64,0.121798388681584,0.18634724720038426,0.0,0.7893040767940764,0.0,0.0,0.014612802575329348,0.1940941818328294,0.4670008524797392,64,0.121798388681584,0.18634724720038426,0.0,0.7893040767940764,0.0,0.0,0.014612802575329348,0.1940941818328294,0.4670008524797392,0.121798388681584,0.2213990995152576,0.121798388681584,True,True,0,,,,,,,,,,,,,0.121798388681584,0.2213990995152576,,within_search_interval,64,0.022121099933847296,0.022230141155493356,0.001602994578525782,0.10640779373455583,0.0018990654216295884,0.008469657305671072,0.012559638069084146,0.028211476967372237,0.07140239451192293,64,0.16060600058335592,0.05218429295147321,0.0582220242414224,0.28315683826383803,0.07899701983995959,0.12569041689303168,0.15814730852020015,0.18936157098836875,0.2523244535372942,64,0.16060600058335592,0.05218429295147321,0.0582220242414224,0.28315683826383803,0.07899701983995959,0.12569041689303168,0.15814730852020015,0.18936157098836875,0.2523244535372942,0,64,526.1681548525796,172.53089184387824,185.92080249667248,929.2585968808626,256.7546844300037,396.27705575783784,517.6516095789104,618.5813295827733,816.8645556247861,64,526.1681548525796,172.53089184387824,185.92080249667248,929.2585968808626,256.7546844300037,396.27705575783784,517.6516095789104,618.5813295827733,816.8645556247861,64,0.0,0.0,0.0,0.0,0.0,0.0,0.0,0.0,0.0,0,0,64,0.451080322265625,0.0216805663954172,0.40625,0.490234375,0.41796875,0.431640625,0.453125,0.46484375,0.486328125,64,0.015560803640625565,0.000925870396032626,0.01389054999999928,0.019237381000003495,0.01422753605000313,0.015123174499999337,0.01540955699999813,0.015887554499996348,0.01713408804999972,{},
recovery,512,0.2,,8.0,1.0,,,bd6e05cc8c923982,64,64,0,,0.0,13,0,0.203125,0.0,0.203125,0.0,64,0.2953732827351691,0.3393275377575341,0.0,1.4553175890118801,0.0,0.03597959943295931,0.215807341115463,0.42170194720858306,0.9670253013336227,64,0.0953732827351691,0.33932753775753416,-0.2,1.2553175890118802,-0.2,-0.1640204005670407,0.015807341115462975,0.22170194720858305,0.7670253013336228,0.0953732827351691,0.34991445924095366,0.23578004742232336,True,True,0,,,,,,,,,,,,,0.2953732827351691,0.34991445924095366,,within_search_interval,64,0.02190455594794635,0.044415288292261886,0.0014839083798126025,0.29234275714254343,0.001806459515932178,0.0056983981130204,0.008999791727066907,0.02100185380953403,0.05559688165245513,64,0.16043015618946047,0.052181036630910976,0.05785468908253807,0.2815819851033176,0.07891857828144812,0.12588674201114386,0.15761629610229894,0.18847798653586012,0.2532278203908917,64,0.16043015618946047,0.052181036630910976,0.05785468908253807,0.2815819851033176,0.07891857828144812,0.12588674201114386,0.15761629610229894,0.18847798653586012,0.2532278203908917,0,64,526.1681548525796,172.53089184387824,185.92080249667242,929.2585968808625,256.7546844300037,396.27705575783784,517.6516095789104,618.5813295827733,816.864555624786,64,526.1681548525796,172.53089184387824,185.92080249667242,929.2585968808625,256.7546844300037,396.27705575783784,517.6516095789104,618.5813295827733,816.864555624786,64,0.0,0.0,0.0,0.0,0.0,0.0,0.0,0.0,0.0,0,0,64,0.451141357421875,0.021869829219808845,0.40234375,0.494140625,0.42021484375,0.43505859375,0.4521484375,0.46337890625,0.48798828125,64,0.015769592187499848,0.001559222521711619,0.013714986999996626,0.022482875999997987,0.014037663550001866,0.015159393249999376,0.015410120500000346,0.015918344999999334,0.018476928250000663,{},
recovery,512,1.0,,8.0,1.0,,,f3ec371189283a13,64,64,0,,0.0,0,0,0.0,0.0,0.0,0.0,64,1.3208732479848517,1.1300979762030434,0.015515341594520931,5.156276998851012,0.27801658917176864,0.5452051414028143,0.9211816981392907,1.5940508248070715,3.897325075503741,64,0.3208732479848517,1.1300979762030434,-0.984484658405479,4.156276998851012,-0.7219834108282314,-0.45479485859718577,-0.07881830186070926,0.5940508248070715,2.897325075503741,0.3208732479848517,1.1662444232046312,0.7747314000820043,True,True,0,,,,,,,,,,,,,1.3208732479848517,1.1662444232046312,,within_search_interval,64,0.06982488437673677,0.19554296880836908,0.0011927667480499291,1.191188448929003,0.0020301501883108787,0.005614217278423695,0.01048292272366107,0.028442327265575683,0.28182734783365093,64,0.15763924256412387,0.05139066995321858,0.056777334919279956,0.2747740783987372,0.07750465395027886,0.12475663852703926,0.1540589823736237,0.18538610999266514,0.2503746393421751,64,0.15763924256412387,0.05139066995321858,0.056777334919279956,0.2747740783987372,0.07750465395027886,0.12475663852703926,0.1540589823736237,0.18538610999266514,0.2503746393421751,0,64,526.1681548525796,172.5308918438782,185.92080249667242,929.2585968808626,256.7546844300037,396.2770557578379,517.6516095789104,618.5813295827733,816.8645556247861,64,526.1681548525796,172.5308918438782,185.92080249667242,929.2585968808626,256.7546844300037,396.2770557578379,517.6516095789104,618.5813295827733,816.8645556247861,64,0.0,0.0,0.0,0.0,0.0,0.0,0.0,0.0,0.0,0,0,64,0.452392578125,0.01981594346374613,0.41015625,0.498046875,0.41630859375,0.43896484375,0.453125,0.46533203125,0.48046875,64,0.015809171046875237,0.001768252602559295,0.013771152000000342,0.024523453999997002,0.014065714699994559,0.015140690000000845,0.015449606499998936,0.016219034250001485,0.01721012565000173,{},
recovery,512,4.0,,8.0,1.0,,,f9085a0914c56223,64,64,0,,0.0,0,12,0.0,0.1875,0.0,0.1875,64,3.968672735245047,2.6555773313321445,0.11209673393619296,8.0,0.4755562054714697,1.4573607624848774,3.8171290566261105,6.053935743932225,8.0,64,-0.031327264754952996,2.6555773313321445,-3.887903266063807,4.0,-3.5244437945285303,-2.5426392375151226,-0.18287094337388976,2.053935743932225,4.0,-0.031327264754952996,2.634935186851894,2.2313138532606938,True,True,0,,,,,,,,,,,,,3.968672735245047,2.634935186851894,,within_search_interval,64,0.11506177418566814,0.3031029373536295,0.0019546847613374184,1.8330859202622907,0.004754706954836707,0.012284577536870258,0.02334237990328851,0.04660135554444968,0.48850807265107743,64,0.15003427295290833,0.04910648570718273,0.05410185663128743,0.26489170981761173,0.07320773894893154,0.11701901344602204,0.1470865017582925,0.17772814123403313,0.23948587216016537,64,0.15003427295290833,0.04910648570718273,0.05410185663128743,0.26489170981761173,0.07320773894893154,0.11701901344602204,0.1470865017582925,0.17772814123403313,0.23948587216016537,0,64,526.1681548525796,172.5308918438782,185.92080249667242,929.2585968808626,256.75468443000375,396.27705575783784,517.6516095789104,618.5813295827733,816.8645556247861,64,526.1681548525796,172.5308918438782,185.92080249667242,929.2585968808626,256.75468443000375,396.27705575783784,517.6516095789104,618.5813295827733,816.8645556247861,64,0.0,0.0,0.0,0.0,0.0,0.0,0.0,0.0,0.0,0,0,64,0.46661376953125,0.022384904495118242,0.423828125,0.5078125,0.427734375,0.44873046875,0.46875,0.48046875,0.5052734375,64,0.016105237437499587,0.0022923000957092163,0.013978701999999288,0.026559908999999493,0.014080975850001209,0.015128241999998515,0.015385215500000271,0.015893991749999614,0.02088673394999638,{},
recovery,512,0.0,,0.0,1e-08,,,1ff0748dfc5ed2c6,64,64,0,,0.0,64,0,1.0,0.0,1.0,0.0,64,0.0,0.0,0.0,0.0,0.0,0.0,0.0,0.0,0.0,64,0.0,0.0,0.0,0.0,0.0,0.0,0.0,0.0,0.0,0.0,0.0,0.0,True,True,0,,,,,,,,,,,,,0.0,0.0,,within_search_interval,64,0.0,0.0,0.0,0.0,0.0,0.0,0.0,0.0,0.0,64,1.0,0.0,1.0,1.0,1.0,1.0,1.0,1.0,1.0,64,1.0,0.0,1.0,1.0,1.0,1.0,1.0,1.0,1.0,0,64,5.12e-06,0.0,5.12e-06,5.12e-06,5.12e-06,5.12e-06,5.12e-06,5.12e-06,5.12e-06,64,5.12e-06,0.0,5.12e-06,5.12e-06,5.12e-06,5.12e-06,5.12e-06,5.12e-06,5.12e-06,64,0.0,0.0,0.0,0.0,0.0,0.0,0.0,0.0,0.0,0,0,64,0.0,0.0,0.0,0.0,0.0,0.0,0.0,0.0,0.0,64,0.016214465218750473,0.0032752227115160596,0.01388373300000012,0.035573445000004256,0.014170970699997731,0.015191353250000539,0.01550184450000458,0.016120422000002854,0.01818542375000369,{},
recovery,512,0.2,,0.0,1e-08,,,f0cbcd90bc18990c,64,64,0,,0.0,0,0,0.0,0.0,0.0,0.0,64,0.19999999999147433,0.0,0.19999999999147433,0.19999999999147433,0.19999999999147433,0.19999999999147433,0.19999999999147433,0.19999999999147433,0.19999999999147433,64,-8.525680161852733e-12,0.0,-8.525680161852733e-12,-8.525680161852733e-12,-8.525680161852733e-12,-8.525680161852733e-12,-8.525680161852733e-12,-8.525680161852733e-12,-8.525680161852733e-12,-8.525680161852733e-12,8.525680161852733e-12,8.525680161852733e-12,True,True,0,,,,,,,,,,,,,0.19999999999147433,8.525680161852733e-12,,within_search_interval,64,2.423492339009231e-23,1.075457018708633e-24,2.1832218371239106e-23,2.6303861142744078e-23,2.2765525102469486e-23,2.3545821712636338e-23,2.410036189658348e-23,2.4954882115542156e-23,2.5891937647514496e-23,64,1.0,0.0,1.0,1.0,1.0,1.0,1.0,1.0,1.0,64,1.0,0.0,1.0,1.0,1.0,1.0,1.0,1.0,1.0,0,64,5.12e-06,0.0,5.12e-06,5.12e-06,5.12e-06,5.12e-06,5.12e-06,5.12e-06,5.12e-06,64,5.12e-06,0.0,5.12e-06,5.12e-06,5.12e-06,5.12e-06,5.12e-06,5.12e-06,5.12e-06,64,0.0,0.0,0.0,0.0,0.0,0.0,0.0,0.0,0.0,0,0,64,0.0,0.0,0.0,0.0,0.0,0.0,0.0,0.0,0.0,64,0.015888655968749943,0.0017002783327812797,0.013736646000001684,0.02415701700000028,0.014030220600001364,0.015124489249997985,0.015473708500000072,0.016375322000000025,0.01879852165000155,{},
recovery,512,1.0,,0.0,1e-08,,,9ec61d22b5171463,64,64,0,,0.0,0,0,0.0,0.0,0.0,0.0,64,0.9999999999914743,0.0,0.9999999999914743,0.9999999999914743,0.9999999999914743,0.9999999999914743,0.9999999999914743,0.9999999999914743,0.9999999999914743,64,-8.525735673003965e-12,0.0,-8.525735673003965e-12,-8.525735673003965e-12,-8.525735673003965e-12,-8.525735673003965e-12,-8.525735673003965e-12,-8.525735673003965e-12,-8.525735673003965e-12,-8.525735673003965e-12,8.525735673003965e-12,8.525735673003965e-12,True,True,0,,,,,,,,,,,,,0.9999999999914743,8.525735673003965e-12,,within_search_interval,64,2.545159015783409e-24,1.9345031197877534e-25,2.089471327331645e-24,3.0608560037284204e-24,2.2886790694595607e-24,2.403495541689236e-24,2.531170893212478e-24,2.669646785684143e-24,2.8370435019594334e-24,64,1.0,0.0,1.0,1.0,1.0,1.0,1.0,1.0,1.0,64,1.0,0.0,1.0,1.0,1.0,1.0,1.0,1.0,1.0,0,64,5.12e-06,2.967854743035109e-22,5.12e-06,5.120000000000001e-06,5.12e-06,5.12e-06,5.12e-06,5.12e-06,5.120000000000001e-06,64,5.12e-06,2.967854743035109e-22,5.12e-06,5.120000000000001e-06,5.12e-06,5.12e-06,5.12e-06,5.12e-06,5.120000000000001e-06,64,0.0,0.0,0.0,0.0,0.0,0.0,0.0,0.0,0.0,0,0,64,0.0,0.0,0.0,0.0,0.0,0.0,0.0,0.0,0.0,64,0.01581716329687549,0.0015232402871772379,0.013761311999999748,0.022369188999995515,0.01410855910000528,0.015193915749997622,0.0154366804999988,0.016182669000002647,0.018900617100005585,{},
recovery,512,4.0,,0.0,1e-08,,,7ac615cacd4b82c9,64,64,0,,0.0,0,0,0.0,0.0,0.0,0.0,64,3.9999999999914744,0.0,3.9999999999914744,3.9999999999914744,3.9999999999914744,3.9999999999914744,3.9999999999914744,3.9999999999914744,3.9999999999914744,64,-8.525624650701502e-12,0.0,-8.525624650701502e-12,-8.525624650701502e-12,-8.525624650701502e-12,-8.525624650701502e-12,-8.525624650701502e-12,-8.525624650701502e-12,-8.525624650701502e-12,-8.525624650701502e-12,8.525624650701502e-12,8.525624650701502e-12,True,True,0,,,,,,,,,,,,,3.9999999999914744,8.525624650701502e-12,,within_search_interval,64,4.108944424090329e-26,6.0446178974234686e-27,2.757364664456255e-26,5.40581144645379e-26,3.055478674393104e-26,3.716086130164971e-26,4.097788041729086e-26,4.55141142542217e-26,4.96172239246578e-26,64,1.0,0.0,1.0,1.0,1.0,1.0,1.0,1.0,1.0,64,1.0,0.0,1.0,1.0,1.0,1.0,1.0,1.0,1.0,0,64,5.12e-06,2.382513572291638e-22,5.119999999999999e-06,5.120000000000001e-06,5.12e-06,5.12e-06,5.12e-06,5.12e-06,5.12e-06,64,5.12e-06,2.382513572291638e-22,5.119999999999999e-06,5.120000000000001e-06,5.12e-06,5.12e-06,5.12e-06,5.12e-06,5.12e-06,64,0.0,0.0,0.0,0.0,0.0,0.0,0.0,0.0,0.0,0,0,64,0.0,0.0,0.0,0.0,0.0,0.0,0.0,0.0,0.0,64,0.015772904890624495,0.0017736383887144355,0.013908950999997671,0.025051398000002223,0.01410324005000021,0.015074230249998877,0.01532254849999859,0.015756969999998205,0.018289622399997183,{},
recovery,512,0.0,,0.5,1e-08,,,73a9292a208cad36,64,64,0,,0.0,32,0,0.5,0.0,0.5,0.0,64,0.005782397352825944,0.0070733386174157325,0.0,0.020303556556878537,0.0,0.0,0.0008597753247423956,0.010497755818930591,0.01954120271737309,64,0.005782397352825944,0.0070733386174157325,0.0,0.020303556556878537,0.0,0.0,0.0008597753247423956,0.010497755818930591,0.01954120271737309,0.005782397352825944,0.009093211010426731,0.005782397352825944,True,True,0,,,,,,,,,,,,,0.005782397352825944,0.009093211010426731,,within_search_interval,64,6.998582041344237e-05,7.350854987219059e-05,7.218305641687899e-06,0.0004874711679343374,1.7410944421101816e-05,2.6760034581009254e-05,4.8428552287614504e-05,7.892203278924674e-05,0.00016777903510416774,64,0.9921811588264146,0.0032762411644310842,0.9811947984124607,0.9979748723896457,0.9863336978782007,0.9910763157283249,0.992604528989752,0.9945513116394975,0.9960089010164435,64,0.9921811588264146,0.0032762411644310842,0.9811947984124607,0.9979748723896457,0.9863336978782007,0.9910763157283249,0.992604528989752,0.9945513116394975,0.9960089010164435,0,64,5.1288550967828625e-06,1.0783180740242391e-07,4.91620050156042e-06,5.3807866230505396e-06,4.9604716777687525e-06,5.047673159848649e-06,5.12353225598682e-06,5.186613330989233e-06,5.310540347265491e-06,64,5.1288550967828625e-06,1.0783180740242391e-07,4.91620050156042e-06,5.3807866230505396e-06,4.9604716777687525e-06,5.047673159848649e-06,5.12353225598682e-06,5.186613330989233e-06,5.310540347265491e-06,64,0.0,0.0,0.0,0.0,0.0,0.0,0.0,0.0,0.0,0,0,64,0.022125244140625,0.007624653629929927,0.0078125,0.048828125,0.01201171875,0.017578125,0.021484375,0.025390625,0.03486328124999999,64,0.01595573932812494,0.0023703588640718743,0.013886006999999978,0.0323276820000018,0.01400048694999878,0.015192894749999297,0.015403804000001742,0.016419017750000542,0.017457222149998942,{},
recovery,512,0.2,,0.5,1e-08,,,b3d40942cf078e52,64,64,0,,0.0,0,0,0.0,0.0,0.0,0.0,64,0.2000653101342916,0.015823607472775728,0.15501110135439522,0.22921431364965744,0.17691920061225275,0.1890497365127846,0.20079555088848713,0.212612134739251,0.2243200002539771,64,6.531013429159939e-05,0.015823607472775728,-0.04498889864560479,0.02921431364965743,-0.023080799387747264,-0.010950263487215423,0.0007955508884871232,0.012612134739251005,0.0243200002539771,6.531013429159939e-05,0.015699634676272885,0.012795880867506914,True,True,0,,,,,,,,,,,,,0.2000653101342916,0.015699634676272885,,within_search_interval,64,3.7628908262854906e-05,2.7671468973165843e-05,7.01008202287211e-06,0.00017157485933118108,1.0698520845732453e-05,1.8110052404846397e-05,3.3991947725577954e-05,4.9314739943256125e-05,7.266922201547659e-05,64,0.9761234695275591,0.006972556560869841,0.9522982833798991,0.9900541459868725,0.9670266220467373,0.9723402087626316,0.9762711644320834,0.9803701555072855,0.9869536626368817,64,0.9761234695275591,0.006972556560869841,0.9522982833798991,0.9900541459868725,0.9670266220467373,0.9723402087626316,0.9762711644320834,0.9803701555072855,0.9869536626368817,0,64,5.1288550967828625e-06,1.0783180740242388e-07,4.91620050156042e-06,5.380786623050539e-06,4.9604716777687525e-06,5.047673159848649e-06,5.12353225598682e-06,5.186613330989233e-06,5.310540347265491e-06,64,5.1288550967828625e-06,1.0783180740242388e-07,4.91620050156042e-06,5.380786623050539e-06,4.9604716777687525e-06,5.047673159848649e-06,5.12353225598682e-06,5.186613330989233e-06,5.310540347265491e-06,64,0.0,0.0,0.0,0.0,0.0,0.0,0.0,0.0,0.0,0,0,64,0.051025390625,0.010734434205954881,0.02734375,0.078125,0.03349609375,0.04443359375,0.0498046875,0.05712890625,0.0703125,64,0.015962394890624898,0.0018971108479430272,0.01385391000000169,0.023321707000000913,0.014042090799998875,0.015256987499999042,0.01543218249999967,0.015862236750000314,0.020621738950000256,{},
recovery,512,1.0,,0.5,1e-08,,,0dc6d053858e51f0,64,64,0,,0.0,0,0,0.0,0.0,0.0,0.0,64,0.9977171005536788,0.0555261968755422,0.8567642965032998,1.107172101110283,0.9188016708720563,0.9604047323330884,0.9953204666184308,1.0333972912125113,1.088544045446186,64,-0.002282899446321176,0.0555261968755422,-0.14323570349670023,0.10717210111028308,-0.08119832912794363,-0.03959526766691163,-0.004679533381569234,0.03339729121251145,0.088544045446186,-0.002282899446321176,0.055137970738542784,0.04447954862533307,True,True,0,,,,,,,,,,,,,0.9977171005536788,0.055137970738542784,,within_search_interval,64,9.51983741501897e-05,9.930708381723011e-05,6.707687964791397e-06,0.000549301596525464,1.597221000532119e-05,3.4196952360535115e-05,6.359340590279466e-05,0.00012062029503023856,0.00025627847152851434,64,0.8400342810198475,0.016152141972381774,0.8025688464829623,0.8805493872486841,0.8127067700133064,0.8307833017593094,0.8397546534619218,0.8512061921701941,0.8667675768795736,64,0.8400342810198475,0.016152141972381774,0.8025688464829623,0.8805493872486841,0.8127067700133064,0.8307833017593094,0.8397546534619218,0.8512061921701941,0.8667675768795736,0,64,5.1288550967828625e-06,1.0783180740242391e-07,4.91620050156042e-06,5.380786623050539e-06,4.9604716777687525e-06,5.047673159848649e-06,5.12353225598682e-06,5.186613330989233e-06,5.310540347265492e-06,64,5.1288550967828625e-06,1.0783180740242391e-07,4.91620050156042e-06,5.380786623050539e-06,4.9604716777687525e-06,5.047673159848649e-06,5.12353225598682e-06,5.186613330989233e-06,5.310540347265492e-06,64,0.0,0.0,0.0,0.0,0.0,0.0,0.0,0.0,0.0,0,0,64,0.265625,0.01860723488103901,0.21875,0.306640625,0.236328125,0.25390625,0.263671875,0.279296875,0.294921875,64,0.01610598585937545,0.0017265449412577974,0.014066393000000232,0.022908570999994993,0.014247466149997657,0.015237300750001737,0.015457527000000582,0.016709207750000843,0.019929970850000873,{},
recovery,512,4.0,,0.5,1e-08,,,ea03a37a4a46bf9c,64,64,0,,0.0,0,0,0.0,0.0,0.0,0.0,64,3.9806376962235355,0.24418022264672665,3.4687130857647515,4.500403858383764,3.550388781607637,3.823657342091197,3.98930711571972,4.138721371890481,4.373284245031279,64,-0.01936230377646475,0.24418022264672665,-0.5312869142352485,0.5004038583837644,-0.449611218392363,-0.17634265790880277,-0.010692884280279813,0.13872137189048095,0.3732842450312787,-0.01936230377646475,0.24303755930751247,0.1888921140614522,True,True,0,,,,,,,,,,,,,3.9806376962235355,0.24303755930751247,,within_search_interval,64,0.00022957731001625183,0.0002717346981495208,7.5757329118272986e-06,0.0015014406561245904,2.0235042305015846e-05,6.1762675581938e-05,0.000131466370827317,0.0002778867386771256,0.0008612145988079795,64,0.7554716991449023,0.01691348608433825,0.7190885303037095,0.7942521440942635,0.7264583511463922,0.7465868942330462,0.7573253487962537,0.7652054411585937,0.7843891875198661,64,0.7554716991449023,0.01691348608433825,0.7190885303037095,0.7942521440942635,0.7264583511463922,0.7465868942330462,0.7573253487962537,0.7652054411585937,0.7843891875198661,0,64,5.1288550967828625e-06,1.0783180740242395e-07,4.9162005015604195e-06,5.3807866230505396e-06,4.9604716777687525e-06,5.047673159848648e-06,5.123532255986819e-06,5.186613330989234e-06,5.310540347265492e-06,64,5.1288550967828625e-06,1.0783180740242395e-07,4.9162005015604195e-06,5.3807866230505396e-06,4.9604716777687525e-06,5.047673159848648e-06,5.123532255986819e-06,5.186613330989234e-06,5.310540347265492e-06,64,0.0,0.0,0.0,0.0,0.0,0.0,0.0,0.0,0.0,0,0,64,0.41796875,0.021679366305893243,0.37109375,0.462890625,0.3828125,0.4033203125,0.4208984375,0.43017578125,0.45703125,64,0.015994847140624935,0.002284657183399735,0.013880297000000041,0.02547127700000118,0.014315351150002441,0.015178913249997095,0.01538386949999726,0.016006160749999054,0.022414998350003015,{},
recovery,512,0.0,,2.0,1e-08,,,69ca1d724f1c2434,64,64,0,,0.0,31,0,0.484375,0.0,0.484375,0.0,64,0.02358972271529441,0.029394579551038042,0.0,0.09116956132266377,0.0,0.0,0.0034792368374545754,0.043933066475063856,0.08026073863717428,64,0.02358972271529441,0.029394579551038042,0.0,0.09116956132266377,0.0,0.0,0.0034792368374545754,0.043933066475063856,0.08026073863717428,0.02358972271529441,0.03751020766864911,0.02358972271529441,True,True,0,,,,,,,,,,,,,0.02358972271529441,0.03751020766864911,,within_search_interval,64,0.0010917901588863306,0.00102299027518935,0.00011566093904120496,0.006222107213826441,0.00022439470665904112,0.0004578130145072903,0.0007828719674964326,0.0013498801919235972,0.0027422543175424307,64,0.5648365202734401,0.04008604846792749,0.4789126672416232,0.6552764603958708,0.49432208028028546,0.5474532943660233,0.5626091977627906,0.5913714311382883,0.6322445802035598,64,0.5648365202734401,0.04008604846792749,0.4789126672416232,0.6552764603958708,0.49432208028028546,0.5474532943660233,0.5626091977627906,0.5913714311382883,0.6322445802035598,0,64,5.1554203871314495e-06,4.313272296096955e-07,4.304802006241681e-06,6.163146492202156e-06,4.48188671107501e-06,4.830692639394595e-06,5.134129023947276e-06,5.386453323956934e-06,5.882161389061965e-06,64,5.1554203871314495e-06,4.313272296096955e-07,4.304802006241681e-06,6.163146492202156e-06,4.48188671107501e-06,4.830692639394595e-06,5.134129023947276e-06,5.386453323956934e-06,5.882161389061965e-06,64,0.0,0.0,0.0,0.0,0.0,0.0,0.0,0.0,0.0,0,0,64,0.30792236328125,0.020443770913533516,0.259765625,0.349609375,0.27568359375,0.29296875,0.30859375,0.3203125,0.34345703125,64,0.01610736064062518,0.0026861369702406803,0.013902110000000079,0.028977294999997127,0.014179884800000764,0.015127637999999166,0.015382116000001389,0.016171566999999776,0.018762636550001228,{},
recovery,512,0.2,,2.0,1e-08,,,e166f05034594309,64,64,0,,0.0,0,0,0.0,0.0,0.0,0.0,64,0.20313891557498137,0.063758935850358,0.041229603146890545,0.3356818581244383,0.11390975707773048,0.15407983225802913,0.2032846770073522,0.2504527140656898,0.3061653048409168,64,0.0031389155749813567,0.063758935850358,-0.15877039685310945,0.13568185812443828,-0.08609024292226954,-0.04592016774197087,0.003284677007352188,0.0504527140656898,0.10616530484091681,0.0031389155749813567,0.06333668693622516,0.051495237083907575,True,True,0,,,,,,,,,,,,,0.20313891557498137,0.06333668693622516,,within_search_interval,64,0.000617185166940833,0.000463344404518732,0.00011230636539450589,0.0027772520773517097,0.00015217339907705823,0.0002827174503992877,0.0005197230762548547,0.0008695761548983506,0.0011902758100599754,64,0.5565685766729703,0.040588330236876774,0.46850554001898326,0.6451157787342109,0.4885579522660297,0.5405210226566528,0.5561219813197782,0.5782811069074318,0.6276824240374818,64,0.5565685766729703,0.040588330236876774,0.46850554001898326,0.6451157787342109,0.4885579522660297,0.5405210226566528,0.5561219813197782,0.5782811069074318,0.6276824240374818,0,64,5.155420387131449e-06,4.313272296096956e-07,4.304802006241681e-06,6.163146492202156e-06,4.48188671107501e-06,4.830692639394595e-06,5.134129023947276e-06,5.386453323956934e-06,5.8821613890619645e-06,64,5.155420387131449e-06,4.313272296096956e-07,4.304802006241681e-06,6.163146492202156e-06,4.48188671107501e-06,4.830692639394595e-06,5.134129023947276e-06,5.386453323956934e-06,5.8821613890619645e-06,64,0.0,0.0,0.0,0.0,0.0,0.0,0.0,0.0,0.0,0,0,64,0.3116455078125,0.02022537344495852,0.26171875,0.365234375,0.28125,0.30078125,0.30859375,0.3232421875,0.345703125,64,0.01583362481249967,0.0019163029212771149,0.013918455999998969,0.02385152200000107,0.01406043400000101,0.01520165974999621,0.01540256499999515,0.01584940425000081,0.02014745344999865,{},
recovery,512,1.0,,2.0,1e-08,,,c99781fbad7652a9,64,64,0,,0.0,0,0,0.0,0.0,0.0,0.0,64,1.0088548088407114,0.21808321446392956,0.5396679132209579,1.4911356642968943,0.7090316240599249,0.8515031206436279,0.9802641638375464,1.1325666874896785,1.3898620666487547,64,0.00885480884071145,0.21808321446392956,-0.46033208677904214,0.49113566429689426,-0.290968375940075,-0.14849687935637212,-0.019735836162453557,0.13256668748967848,0.3898620666487546,0.00885480884071145,0.21655384218201418,0.174491775181203,True,True,0,,,,,,,,,,,,,1.0088548088407114,0.21655384218201418,,within_search_interval,64,0.0015803921288067208,0.001856174497074786,0.00010757714587421852,0.00941410686080158,0.0002642603916348048,0.00046617915674733895,0.0009360671203891898,0.001840139392099422,0.004732245949878114,64,0.48324833060974115,0.03892236511422033,0.4050422815215921,0.5718328970570324,0.4146327385817624,0.4656213374336673,0.4850637396224283,0.5065225567272538,0.560048504654304,64,0.48324833060974115,0.03892236511422033,0.4050422815215921,0.5718328970570324,0.4146327385817624,0.4656213374336673,0.4850637396224283,0.5065225567272538,0.560048504654304,0,64,5.1554203871314495e-06,4.313272296096955e-07,4.304802006241681e-06,6.163146492202156e-06,4.48188671107501e-06,4.830692639394596e-06,5.134129023947276e-06,5.386453323956934e-06,5.882161389061965e-06,64,5.1554203871314495e-06,4.313272296096955e-07,4.304802006241681e-06,6.163146492202156e-06,4.48188671107501e-06,4.830692639394596e-06,5.134129023947276e-06,5.386453323956934e-06,5.882161389061965e-06,64,0.0,0.0,0.0,0.0,0.0,0.0,0.0,0.0,0.0,0,0,64,0.36346435546875,0.018294548028689236,0.31640625,0.400390625,0.32900390625,0.353515625,0.3642578125,0.375,0.39033203125,64,0.015772693171874963,0.0015438249640634893,0.013873164000003158,0.023470582999998157,0.0141135263999967,0.015153142249999974,0.015347794499998457,0.015820840500001765,0.017831703450001866,{},
recovery,512,4.0,,2.0,1e-08,,,3adf2aa51b0c35e9,64,64,0,,0.0,0,0,0.0,0.0,0.0,0.0,64,3.9613713404872546,0.9886149791716896,1.9500638582492575,6.2562222627779756,2.32426682025069,3.282472792054981,3.955133658667193,4.568334400141265,5.6131569738020906,64,-0.03862865951274555,0.9886149791716896,-2.0499361417507425,2.2562222627779756,-1.6757331797493096,-0.7175272079450188,-0.0448663413328072,0.5683344001412651,1.6131569738020906,-0.03862865951274555,0.9816213664071808,0.7593531861275542,True,True,0,,,,,,,,,,,,,3.9613713404872546,0.9816213664071808,,within_search_interval,64,0.0036731773799278432,0.004434960457446577,0.00012140204258588985,0.019901476279162895,0.00035423485247658724,0.0009977688692656065,0.002000913809744523,0.004259344164764338,0.012670369013002928,64,0.42265438415945233,0.03599200713257099,0.3508363397826127,0.5040350704909912,0.35866611968961964,0.4053217941482484,0.4234334333982752,0.44096214220251473,0.48826519586487876,64,0.42265438415945233,0.03599200713257099,0.3508363397826127,0.5040350704909912,0.35866611968961964,0.4053217941482484,0.4234334333982752,0.44096214220251473,0.48826519586487876,0,64,5.1554203871314495e-06,4.313272296096956e-07,4.304802006241681e-06,6.163146492202157e-06,4.48188671107501e-06,4.830692639394595e-06,5.134129023947276e-06,5.386453323956934e-06,5.882161389061965e-06,64,5.1554203871314495e-06,4.313272296096956e-07,4.304802006241681e-06,6.163146492202157e-06,4.48188671107501e-06,4.830692639394595e-06,5.134129023947276e-06,5.386453323956934e-06,5.882161389061965e-06,64,0.0,0.0,0.0,0.0,0.0,0.0,0.0,0.0,0.0,0,0,64,0.442413330078125,0.022138130598629322,0.396484375,0.490234375,0.404296875,0.427734375,0.443359375,0.45703125,0.478515625,64,0.016119460187499823,0.0024243172529879835,0.01375899299999972,0.02595936600000215,0.013994250350000926,0.01512519375000032,0.015326089499998474,0.01591731149999731,0.020377740850002546,{},
recovery,512,0.0,,8.0,1e-08,,,1c87c873508b5b4d,64,64,0,,0.0,31,0,0.484375,0.0,0.484375,0.0,64,0.12179838911418098,0.18634724789675006,0.0,0.7893040875098938,0.0,0.0,0.014612802379900907,0.1940941883432834,0.467000851684854,64,0.12179838911418098,0.18634724789675006,0.0,0.7893040875098938,0.0,0.0,0.014612802379900907,0.1940941883432834,0.467000851684854,0.12179838911418098,0.22139910033020163,0.12179838911418098,True,True,0,,,,,,,,,,,,,0.12179838911418098,0.22139910033020163,,within_search_interval,64,0.0221210999338473,0.02223014115549336,0.0016029945785257817,0.1064077937345559,0.0018990654216295903,0.00846965730567107,0.01255963806908416,0.028211476967372254,0.07140239451192287,64,0.16060600058335592,0.05218429295147321,0.05822202424142241,0.28315683826383803,0.0789970198399596,0.12569041689303168,0.15814730852020015,0.18936157098836875,0.2523244535372942,64,0.16060600058335592,0.05218429295147321,0.05822202424142241,0.28315683826383803,0.0789970198399596,0.12569041689303168,0.15814730852020015,0.18936157098836875,0.2523244535372942,0,64,5.261681548525796e-06,1.725308918438782e-06,1.8592080249667249e-06,9.292585968808625e-06,2.567546844300037e-06,3.962770557578379e-06,5.176516095789104e-06,6.185813295827732e-06,8.168645556247863e-06,64,5.261681548525796e-06,1.725308918438782e-06,1.8592080249667249e-06,9.292585968808625e-06,2.567546844300037e-06,3.962770557578379e-06,5.176516095789104e-06,6.185813295827732e-06,8.168645556247863e-06,64,0.0,0.0,0.0,0.0,0.0,0.0,0.0,0.0,0.0,0,0,64,0.451080322265625,0.0216805663954172,0.40625,0.490234375,0.41796875,0.431640625,0.453125,0.46484375,0.486328125,64,0.015702429796874806,0.001577083010053764,0.013898956999998546,0.02586468199999814,0.014337978900002213,0.015093954749997529,0.01535570400000097,0.015994300750001855,0.017018114299997934,{},
recovery,512,0.2,,8.0,1e-08,,,c70d0d1a7e265671,64,64,0,,0.0,13,0,0.203125,0.0,0.203125,0.0,64,0.2953732813490214,0.33932753090048595,0.0,1.4553175141639723,0.0,0.035979599198873065,0.21580734147032793,0.4217019494212434,0.9670253048878126,64,0.09537328134902139,0.339327530900486,-0.2,1.2553175141639723,-0.2,-0.16402040080112695,0.015807341470327918,0.22170194942124338,0.7670253048878126,0.09537328134902139,0.34991445231745955,0.23578004559107918,True,True,0,,,,,,,,,,,,,0.2953732813490214,0.34991445231745955,,within_search_interval,64,0.021904555947946342,0.044415288292261886,0.001483908379812603,0.2923427571425435,0.0018064595159321785,0.0056983981130204,0.008999791727066893,0.021001853809534045,0.05559688165245506,64,0.16043015618946047,0.05218103663091097,0.057854689082538054,0.2815819851033176,0.07891857828144812,0.12588674201114386,0.15761629610229894,0.1884779865358601,0.2532278203908917,64,0.16043015618946047,0.05218103663091097,0.057854689082538054,0.2815819851033176,0.07891857828144812,0.12588674201114386,0.15761629610229894,0.1884779865358601,0.2532278203908917,0,64,5.261681548525796e-06,1.7253089184387823e-06,1.8592080249667242e-06,9.292585968808625e-06,2.567546844300037e-06,3.962770557578379e-06,5.176516095789105e-06,6.185813295827732e-06,8.168645556247861e-06,64,5.261681548525796e-06,1.7253089184387823e-06,1.8592080249667242e-06,9.292585968808625e-06,2.567546844300037e-06,3.962770557578379e-06,5.176516095789105e-06,6.185813295827732e-06,8.168645556247861e-06,64,0.0,0.0,0.0,0.0,0.0,0.0,0.0,0.0,0.0,0,0,64,0.451141357421875,0.021869829219808845,0.40234375,0.494140625,0.42021484375,0.43505859375,0.4521484375,0.46337890625,0.48798828125,64,0.015758311046874918,0.0011887736906038874,0.013849167000000051,0.020157132000001354,0.014156152199998929,0.015201805500000276,0.01550060550000154,0.015974501999999724,0.017682329550002505,{},
recovery,512,1.0,,8.0,1e-08,,,cb0fb242aaba20e6,64,64,0,,0.0,0,0,0.0,0.0,0.0,0.0,64,1.3208732665507823,1.1300980135951697,0.015515341726848653,5.156276984932243,0.2780165921399244,0.5452051391006598,0.9211817015741829,1.5940508425435038,3.8973253642162433,64,0.3208732665507823,1.1300980135951697,-0.9844846582731513,4.156276984932243,-0.7219834078600755,-0.4547948608993402,-0.07881829842581711,0.5940508425435038,2.8973253642162433,0.3208732665507823,1.1662444639798013,0.7747314175088071,True,True,0,,,,,,,,,,,,,1.3208732665507823,1.1662444639798013,,within_search_interval,64,0.06982488437673673,0.19554296880836894,0.0011927667480499285,1.1911884489290014,0.002030150188310882,0.005614217278423699,0.01048292272366107,0.02844232726557571,0.2818273478336504,64,0.15763924256412387,0.05139066995321857,0.05677733491927997,0.2747740783987372,0.07750465395027886,0.12475663852703926,0.15405898237362373,0.18538610999266514,0.2503746393421751,64,0.15763924256412387,0.05139066995321857,0.05677733491927997,0.2747740783987372,0.07750465395027886,0.12475663852703926,0.15405898237362373,0.18538610999266514,0.2503746393421751,0,64,5.261681548525796e-06,1.725308918438782e-06,1.8592080249667244e-06,9.292585968808625e-06,2.567546844300037e-06,3.962770557578379e-06,5.176516095789105e-06,6.185813295827732e-06,8.168645556247863e-06,64,5.261681548525796e-06,1.725308918438782e-06,1.8592080249667244e-06,9.292585968808625e-06,2.567546844300037e-06,3.962770557578379e-06,5.176516095789105e-06,6.185813295827732e-06,8.168645556247863e-06,64,0.0,0.0,0.0,0.0,0.0,0.0,0.0,0.0,0.0,0,0,64,0.452392578125,0.01981594346374613,0.41015625,0.498046875,0.41630859375,0.43896484375,0.453125,0.46533203125,0.48046875,64,0.015831015921874803,0.0015512625688339544,0.013861647999998894,0.022516187000000798,0.014268303349999734,0.01516817300000195,0.015383533499997881,0.015981858749999134,0.018729706699999935,{},
recovery,512,4.0,,8.0,1e-08,,,07434cf7c8756d3e,64,64,0,,0.0,0,12,0.0,0.1875,0.0,0.1875,64,3.9686727321576676,2.6555773283888326,0.11209673224717663,8.0,0.47555620521857517,1.4573607846986467,3.8171290229256334,6.05393586542481,8.0,64,-0.031327267842332515,2.6555773283888326,-3.8879032677528236,4.0,-3.524443794781425,-2.542639215301353,-0.1828709770743664,2.05393586542481,4.0,-0.031327267842332515,2.63493518396858,2.2313138565642032,True,True,0,,,,,,,,,,,,,3.9686727321576676,2.63493518396858,,within_search_interval,64,0.11506177418566813,0.3031029373536294,0.0019546847613374184,1.8330859202622907,0.00475470695483671,0.012284577536870253,0.02334237990328851,0.04660135554444969,0.4885080726510777,64,0.15003427295290833,0.049106485707182734,0.05410185663128743,0.2648917098176118,0.07320773894893154,0.11701901344602204,0.14708650175829246,0.17772814123403313,0.23948587216016537,64,0.15003427295290833,0.049106485707182734,0.05410185663128743,0.2648917098176118,0.07320773894893154,0.11701901344602204,0.14708650175829246,0.17772814123403313,0.23948587216016537,0,64,5.261681548525796e-06,1.7253089184387823e-06,1.8592080249667242e-06,9.292585968808626e-06,2.5675468443000374e-06,3.962770557578379e-06,5.176516095789104e-06,6.185813295827733e-06,8.168645556247863e-06,64,5.261681548525796e-06,1.7253089184387823e-06,1.8592080249667242e-06,9.292585968808626e-06,2.5675468443000374e-06,3.962770557578379e-06,5.176516095789104e-06,6.185813295827733e-06,8.168645556247863e-06,64,0.0,0.0,0.0,0.0,0.0,0.0,0.0,0.0,0.0,0,0,64,0.46661376953125,0.022384904495118242,0.423828125,0.5078125,0.427734375,0.44873046875,0.46875,0.48046875,0.5052734375,64,0.0164023258437499,0.0032473533837420855,0.013785445999999979,0.030463678000003824,0.01413988610000203,0.01516316749999902,0.015335541000000674,0.01596160550000114,0.023312559549997756,{},
recovery,512,0.0,,0.0,1e-14,,,62893e7ae7548711,64,0,64,64,1.0,0,0,0.0,0.0,,,0,,,,,,,,,,0,,,,,,,,,,,,,True,True,0,,,,,,,,,,,,,,,contains_undefined_fits,within_search_interval,0,,,,,,,,,,0,,,,,,,,,,64,1.0,0.0,1.0,1.0,1.0,1.0,1.0,1.0,1.0,0,64,5.12e-12,0.0,5.12e-12,5.12e-12,5.12e-12,5.12e-12,5.12e-12,5.12e-12,5.12e-12,64,5.12e-12,0.0,5.12e-12,5.12e-12,5.12e-12,5.12e-12,5.12e-12,5.12e-12,5.12e-12,64,0.0,0.0,0.0,0.0,0.0,0.0,0.0,0.0,0.0,64,0,64,0.0,0.0,0.0,0.0,0.0,0.0,0.0,0.0,0.0,64,3.775035937542137e-05,1.728491188087776e-05,3.040700000411789e-05,0.00016756899999847974,3.111314999912906e-05,3.352900000308523e-05,3.465500000032762e-05,3.687075000069484e-05,3.9815699997447496e-05,"{""nonpositive_total_gain"": 64}",
recovery,512,0.2,,0.0,1e-14,,,af467db0e558a957,64,0,64,64,1.0,0,0,0.0,0.0,,,0,,,,,,,,,,0,,,,,,,,,,,,,True,True,0,,,,,,,,,,,,,,,contains_undefined_fits,within_search_interval,0,,,,,,,,,,0,,,,,,,,,,64,1.0,0.0,1.0,1.0,1.0,1.0,1.0,1.0,1.0,0,64,5.12e-12,0.0,5.12e-12,5.12e-12,5.12e-12,5.12e-12,5.12e-12,5.12e-12,5.12e-12,64,5.12e-12,0.0,5.12e-12,5.12e-12,5.12e-12,5.12e-12,5.12e-12,5.12e-12,5.12e-12,64,0.0,0.0,0.0,0.0,0.0,0.0,0.0,0.0,0.0,64,0,64,0.0,0.0,0.0,0.0,0.0,0.0,0.0,0.0,0.0,64,3.609206250010377e-05,6.777717415327008e-06,3.046599999834143e-05,7.799699999821996e-05,3.078404999978801e-05,3.30995000021872e-05,3.4515500001219834e-05,3.649850000186916e-05,4.4752400000902526e-05,"{""nonpositive_total_gain"": 64}",
recovery,512,1.0,,0.0,1e-14,,,a319059dc3e33be1,64,0,64,64,1.0,0,0,0.0,0.0,,,0,,,,,,,,,,0,,,,,,,,,,,,,True,True,0,,,,,,,,,,,,,,,contains_undefined_fits,within_search_interval,0,,,,,,,,,,0,,,,,,,,,,64,1.0,0.0,1.0,1.0,1.0,1.0,1.0,1.0,1.0,0,64,5.12e-12,3.071668937502043e-28,5.12e-12,5.120000000000001e-12,5.12e-12,5.12e-12,5.12e-12,5.12e-12,5.120000000000001e-12,64,5.12e-12,3.071668937502043e-28,5.12e-12,5.120000000000001e-12,5.12e-12,5.12e-12,5.12e-12,5.12e-12,5.120000000000001e-12,64,0.0,0.0,0.0,0.0,0.0,0.0,0.0,0.0,0.0,64,0,64,0.0,0.0,0.0,0.0,0.0,0.0,0.0,0.0,0.0,64,3.645815625014093e-05,9.468191943723538e-06,2.9982000000927655e-05,9.655600000257891e-05,3.132144999806741e-05,3.3264249998055107e-05,3.446199999856958e-05,3.5788249997281696e-05,4.588155000213585e-05,"{""nonpositive_total_gain"": 64}",
recovery,512,4.0,,0.0,1e-14,,,5f9300ac7270c7ac,64,0,64,64,1.0,0,0,0.0,0.0,,,0,,,,,,,,,,0,,,,,,,,,,,,,True,True,0,,,,,,,,,,,,,,,contains_undefined_fits,within_search_interval,0,,,,,,,,,,0,,,,,,,,,,64,1.0,0.0,1.0,1.0,1.0,1.0,1.0,1.0,1.0,0,64,5.12e-12,3.0292258760486853e-28,5.119999999999999e-12,5.120000000000001e-12,5.119999999999999e-12,5.12e-12,5.12e-12,5.12e-12,5.12e-12,64,5.12e-12,3.0292258760486853e-28,5.119999999999999e-12,5.120000000000001e-12,5.119999999999999e-12,5.12e-12,5.12e-12,5.12e-12,5.12e-12,64,0.0,0.0,0.0,0.0,0.0,0.0,0.0,0.0,0.0,64,0,64,0.0,0.0,0.0,0.0,0.0,0.0,0.0,0.0,0.0,64,3.5518718750238154e-05,6.610042272684278e-06,3.115599999858887e-05,7.406099999940352e-05,3.144620000128384e-05,3.289599999867221e-05,3.401050000206851e-05,3.5101750000876564e-05,4.193909999976596e-05,"{""nonpositive_total_gain"": 64}",
recovery,512,0.0,,0.5,1e-14,,,ac9635d3c49ecb30,64,0,64,64,1.0,0,0,0.0,0.0,,,0,,,,,,,,,,0,,,,,,,,,,,,,True,True,0,,,,,,,,,,,,,,,contains_undefined_fits,within_search_interval,0,,,,,,,,,,0,,,,,,,,,,64,0.9921811588264146,0.00327624116443111,0.9811947984124606,0.9979748723896458,0.9863336978782007,0.9910763157283249,0.992604528989752,0.9945513116394975,0.9960089010164436,0,64,5.128855096782862e-12,1.078318074024239e-13,4.91620050156042e-12,5.380786623050539e-12,4.960471677768752e-12,5.047673159848649e-12,5.123532255986819e-12,5.186613330989233e-12,5.310540347265491e-12,64,5.128855096782862e-12,1.078318074024239e-13,4.91620050156042e-12,5.380786623050539e-12,4.960471677768752e-12,5.047673159848649e-12,5.123532255986819e-12,5.186613330989233e-12,5.310540347265491e-12,64,0.0,0.0,0.0,0.0,0.0,0.0,0.0,0.0,0.0,64,0,64,0.022125244140625,0.007624653629929927,0.0078125,0.048828125,0.01201171875,0.017578125,0.021484375,0.025390625,0.03486328124999999,64,3.778767187551102e-05,8.669323180774693e-06,3.067500000497603e-05,7.458099999979595e-05,3.1305799998193605e-05,3.329124999851274e-05,3.4812000002659715e-05,3.751200000401411e-05,5.882939999608538e-05,"{""nonpositive_total_gain"": 64}",
recovery,512,0.2,,0.5,1e-14,,,b8bf0039e1aab846,64,0,64,64,1.0,0,0,0.0,0.0,,,0,,,,,,,,,,0,,,,,,,,,,,,,True,True,0,,,,,,,,,,,,,,,contains_undefined_fits,within_search_interval,0,,,,,,,,,,0,,,,,,,,,,64,0.9761234695275591,0.006972556560869869,0.952298283379899,0.9900541459868726,0.9670266220467374,0.9723402087626316,0.9762711644320836,0.9803701555072855,0.9869536626368818,0,64,5.128855096782862e-12,1.0783180740242393e-13,4.9162005015604196e-12,5.380786623050539e-12,4.960471677768752e-12,5.047673159848649e-12,5.123532255986819e-12,5.186613330989233e-12,5.310540347265492e-12,64,5.128855096782862e-12,1.0783180740242393e-13,4.9162005015604196e-12,5.380786623050539e-12,4.960471677768752e-12,5.047673159848649e-12,5.123532255986819e-12,5.186613330989233e-12,5.310540347265492e-12,64,0.0,0.0,0.0,0.0,0.0,0.0,0.0,0.0,0.0,64,0,64,0.051025390625,0.010734434205954881,0.02734375,0.078125,0.03349609375,0.04443359375,0.0498046875,0.05712890625,0.0703125,64,3.640971875035204e-05,7.956662137150339e-06,2.9567999998647565e-05,6.882000000274502e-05,3.126700000262161e-05,3.306175000350464e-05,3.405700000058687e-05,3.601750000203907e-05,5.773989999795497e-05,"{""nonpositive_total_gain"": 64}",
recovery,512,1.0,,0.5,1e-14,,,20a71965225845bf,64,0,64,64,1.0,0,0,0.0,0.0,,,0,,,,,,,,,,0,,,,,,,,,,,,,True,True,0,,,,,,,,,,,,,,,contains_undefined_fits,within_search_interval,0,,,,,,,,,,0,,,,,,,,,,64,0.8400342810198475,0.01615214197238178,0.8025688464829623,0.8805493872486841,0.8127067700133064,0.8307833017593094,0.8397546534619218,0.851206192170194,0.8667675768795737,0,64,5.128855096782863e-12,1.0783180740242386e-13,4.91620050156042e-12,5.380786623050539e-12,4.960471677768752e-12,5.047673159848649e-12,5.123532255986819e-12,5.186613330989233e-12,5.310540347265492e-12,64,5.128855096782863e-12,1.0783180740242386e-13,4.91620050156042e-12,5.380786623050539e-12,4.960471677768752e-12,5.047673159848649e-12,5.123532255986819e-12,5.186613330989233e-12,5.310540347265492e-12,64,0.0,0.0,0.0,0.0,0.0,0.0,0.0,0.0,0.0,64,0,64,0.265625,0.01860723488103901,0.21875,0.306640625,0.236328125,0.25390625,0.263671875,0.279296875,0.294921875,64,3.7759374999557505e-05,1.3797353761394075e-05,2.9502000000292128e-05,0.00013211599999962687,3.123349999913927e-05,3.311650000092925e-05,3.415800000183822e-05,3.773399999573712e-05,5.0852300001835684e-05,"{""nonpositive_total_gain"": 64}",
recovery,512,4.0,,0.5,1e-14,,,aa97f23554f30cf9,64,0,64,64,1.0,0,0,0.0,0.0,,,0,,,,,,,,,,0,,,,,,,,,,,,,True,True,0,,,,,,,,,,,,,,,contains_undefined_fits,within_search_interval,0,,,,,,,,,,0,,,,,,,,,,64,0.7554716991449023,0.016913486084338236,0.7190885303037095,0.7942521440942634,0.7264583511463923,0.7465868942330462,0.7573253487962536,0.7652054411585937,0.7843891875198662,0,64,5.128855096782862e-12,1.0783180740242395e-13,4.9162005015604196e-12,5.38078662305054e-12,4.960471677768752e-12,5.047673159848648e-12,5.123532255986819e-12,5.186613330989234e-12,5.310540347265491e-12,64,5.128855096782862e-12,1.0783180740242395e-13,4.9162005015604196e-12,5.38078662305054e-12,4.960471677768752e-12,5.047673159848648e-12,5.123532255986819e-12,5.186613330989234e-12,5.310540347265491e-12,64,0.0,0.0,0.0,0.0,0.0,0.0,0.0,0.0,0.0,64,0,64,0.41796875,0.021679366305893243,0.37109375,0.462890625,0.3828125,0.4033203125,0.4208984375,0.43017578125,0.45703125,64,3.7494546874683454e-05,1.923383434826632e-05,3.053399999686235e-05,0.00018475199999912206,3.095804999890817e-05,3.30867499993559e-05,3.3945500003795814e-05,3.5936499998001636e-05,4.3203799994628864e-05,"{""nonpositive_total_gain"": 64}",
recovery,512,0.0,,2.0,1e-14,,,3eafd8453f70cf59,64,0,64,64,1.0,0,0,0.0,0.0,,,0,,,,,,,,,,0,,,,,,,,,,,,,True,True,0,,,,,,,,,,,,,,,contains_undefined_fits,within_search_interval,0,,,,,,,,,,0,,,,,,,,,,64,0.5648365202734401,0.040086048467927474,0.4789126672416232,0.6552764603958707,0.49432208028028546,0.5474532943660233,0.5626091977627907,0.5913714311382883,0.6322445802035597,0,64,5.155420387131449e-12,4.3132722960969555e-13,4.3048020062416815e-12,6.163146492202156e-12,4.4818867110750095e-12,4.830692639394595e-12,5.134129023947276e-12,5.386453323956933e-12,5.882161389061965e-12,64,5.155420387131449e-12,4.3132722960969555e-13,4.3048020062416815e-12,6.163146492202156e-12,4.4818867110750095e-12,4.830692639394595e-12,5.134129023947276e-12,5.386453323956933e-12,5.882161389061965e-12,64,0.0,0.0,0.0,0.0,0.0,0.0,0.0,0.0,0.0,64,0,64,0.30792236328125,0.020443770913533516,0.259765625,0.349609375,0.27568359375,0.29296875,0.30859375,0.3203125,0.34345703125,64,3.690812500017904e-05,1.3520482903535758e-05,3.0854000002022985e-05,0.00013784499999758282,3.140364999811851e-05,3.3170250000047474e-05,3.426449999821557e-05,3.6181250000488774e-05,4.442579999945905e-05,"{""nonpositive_total_gain"": 64}",
recovery,512,0.2,,2.0,1e-14,,,12e7889da9fdab5a,64,0,64,64,1.0,0,0,0.0,0.0,,,0,,,,,,,,,,0,,,,,,,,,,,,,True,True,0,,,,,,,,,,,,,,,contains_undefined_fits,within_search_interval,0,,,,,,,,,,0,,,,,,,,,,64,0.5565685766729703,0.040588330236876774,0.4685055400189833,0.6451157787342108,0.48855795226602966,0.5405210226566528,0.5561219813197782,0.5782811069074318,0.6276824240374818,0,64,5.155420387131449e-12,4.313272296096956e-13,4.304802006241681e-12,6.163146492202156e-12,4.4818867110750095e-12,4.830692639394595e-12,5.134129023947276e-12,5.386453323956933e-12,5.882161389061965e-12,64,5.155420387131449e-12,4.313272296096956e-13,4.304802006241681e-12,6.163146492202156e-12,4.4818867110750095e-12,4.830692639394595e-12,5.134129023947276e-12,5.386453323956933e-12,5.882161389061965e-12,64,0.0,0.0,0.0,0.0,0.0,0.0,0.0,0.0,0.0,64,0,64,0.3116455078125,0.02022537344495852,0.26171875,0.365234375,0.28125,0.30078125,0.30859375,0.3232421875,0.345703125,64,3.54052031251717e-05,4.671782777286494e-06,2.993200000034335e-05,5.927999999499889e-05,3.130934999955315e-05,3.332774999798005e-05,3.4431500004927784e-05,3.615699999848232e-05,4.051344999922434e-05,"{""nonpositive_total_gain"": 64}",
recovery,512,1.0,,2.0,1e-14,,,62be7f971d25c787,64,0,64,64,1.0,0,0,0.0,0.0,,,0,,,,,,,,,,0,,,,,,,,,,,,,True,True,0,,,,,,,,,,,,,,,contains_undefined_fits,within_search_interval,0,,,,,,,,,,0,,,,,,,,,,64,0.48324833060974115,0.03892236511422033,0.40504228152159216,0.5718328970570324,0.41463273858176236,0.4656213374336673,0.4850637396224282,0.5065225567272538,0.5600485046543041,0,64,5.155420387131449e-12,4.3132722960969555e-13,4.304802006241681e-12,6.163146492202156e-12,4.4818867110750095e-12,4.8306926393945956e-12,5.134129023947276e-12,5.386453323956934e-12,5.882161389061966e-12,64,5.155420387131449e-12,4.3132722960969555e-13,4.304802006241681e-12,6.163146492202156e-12,4.4818867110750095e-12,4.8306926393945956e-12,5.134129023947276e-12,5.386453323956934e-12,5.882161389061966e-12,64,0.0,0.0,0.0,0.0,0.0,0.0,0.0,0.0,0.0,64,0,64,0.36346435546875,0.018294548028689236,0.31640625,0.400390625,0.32900390625,0.353515625,0.3642578125,0.375,0.39033203125,64,3.623684375014813e-05,6.493340031568373e-06,3.0415000004779813e-05,6.465599999927463e-05,3.113780000116861e-05,3.3496500002172525e-05,3.4540000001470617e-05,3.652125000019879e-05,4.939769999996452e-05,"{""nonpositive_total_gain"": 64}",
recovery,512,4.0,,2.0,1e-14,,,c21b9eb1c0f6b9ef,64,0,64,64,1.0,0,0,0.0,0.0,,,0,,,,,,,,,,0,,,,,,,,,,,,,True,True,0,,,,,,,,,,,,,,,contains_undefined_fits,within_search_interval,0,,,,,,,,,,0,,,,,,,,,,64,0.42265438415945233,0.03599200713257099,0.3508363397826127,0.504035070490991,0.35866611968961964,0.40532179414824854,0.4234334333982752,0.44096214220251473,0.48826519586487876,0,64,5.155420387131449e-12,4.3132722960969555e-13,4.304802006241681e-12,6.163146492202157e-12,4.4818867110750095e-12,4.830692639394595e-12,5.134129023947276e-12,5.386453323956933e-12,5.882161389061965e-12,64,5.155420387131449e-12,4.3132722960969555e-13,4.304802006241681e-12,6.163146492202157e-12,4.4818867110750095e-12,4.830692639394595e-12,5.134129023947276e-12,5.386453323956933e-12,5.882161389061965e-12,64,0.0,0.0,0.0,0.0,0.0,0.0,0.0,0.0,0.0,64,0,64,0.442413330078125,0.022138130598629322,0.396484375,0.490234375,0.404296875,0.427734375,0.443359375,0.45703125,0.478515625,64,3.566468749999219e-05,6.619710754712638e-06,3.0442999999991116e-05,7.120500000468155e-05,3.1155099999935486e-05,3.3065500000262205e-05,3.4277999999332565e-05,3.5629499999245695e-05,3.97776000003347e-05,"{""nonpositive_total_gain"": 64}",
recovery,512,0.0,,8.0,1e-14,,,acebd1007355af7a,64,0,64,64,1.0,0,0,0.0,0.0,,,0,,,,,,,,,,0,,,,,,,,,,,,,True,True,0,,,,,,,,,,,,,,,contains_undefined_fits,within_search_interval,0,,,,,,,,,,0,,,,,,,,,,64,0.16060600058335592,0.05218429295147321,0.0582220242414224,0.28315683826383803,0.07899701983995959,0.12569041689303168,0.15814730852020017,0.18936157098836875,0.2523244535372942,0,64,5.261681548525796e-12,1.7253089184387822e-12,1.8592080249667243e-12,9.292585968808626e-12,2.567546844300037e-12,3.962770557578378e-12,5.176516095789104e-12,6.185813295827732e-12,8.168645556247861e-12,64,5.261681548525796e-12,1.7253089184387822e-12,1.8592080249667243e-12,9.292585968808626e-12,2.567546844300037e-12,3.962770557578378e-12,5.176516095789104e-12,6.185813295827732e-12,8.168645556247861e-12,64,0.0,0.0,0.0,0.0,0.0,0.0,0.0,0.0,0.0,64,0,64,0.451080322265625,0.0216805663954172,0.40625,0.490234375,0.41796875,0.431640625,0.453125,0.46484375,0.486328125,64,3.6178421874366595e-05,8.084457953939255e-06,3.0290999994520007e-05,8.585599999832993e-05,3.123499999979629e-05,3.289949999984998e-05,3.445099999765944e-05,3.582599999596425e-05,4.5315700000259074e-05,"{""nonpositive_total_gain"": 64}",
recovery,512,0.2,,8.0,1e-14,,,cc1e92a57432ddbe,64,0,64,64,1.0,0,0,0.0,0.0,,,0,,,,,,,,,,0,,,,,,,,,,,,,True,True,0,,,,,,,,,,,,,,,contains_undefined_fits,within_search_interval,0,,,,,,,,,,0,,,,,,,,,,64,0.16043015618946047,0.052181036630910976,0.057854689082538074,0.2815819851033176,0.07891857828144812,0.12588674201114386,0.15761629610229894,0.18847798653586012,0.2532278203908917,0,64,5.261681548525796e-12,1.7253089184387822e-12,1.8592080249667243e-12,9.292585968808624e-12,2.567546844300037e-12,3.962770557578378e-12,5.176516095789105e-12,6.185813295827733e-12,8.168645556247861e-12,64,5.261681548525796e-12,1.7253089184387822e-12,1.8592080249667243e-12,9.292585968808624e-12,2.567546844300037e-12,3.962770557578378e-12,5.176516095789105e-12,6.185813295827733e-12,8.168645556247861e-12,64,0.0,0.0,0.0,0.0,0.0,0.0,0.0,0.0,0.0,64,0,64,0.451141357421875,0.021869829219808845,0.40234375,0.494140625,0.42021484375,0.43505859375,0.4521484375,0.46337890625,0.48798828125,64,3.5578046874762403e-05,3.064231417197763e-06,3.032499999733318e-05,4.478900000037811e-05,3.13264999947549e-05,3.3696750001865894e-05,3.4757500003479436e-05,3.729849999878354e-05,4.1613250002114906e-05,"{""nonpositive_total_gain"": 64}",
recovery,512,1.0,,8.0,1e-14,,,eaa946bf8e9ab2b9,64,0,64,64,1.0,0,0,0.0,0.0,,,0,,,,,,,,,,0,,,,,,,,,,,,,True,True,0,,,,,,,,,,,,,,,contains_undefined_fits,within_search_interval,0,,,,,,,,,,0,,,,,,,,,,64,0.15763924256412387,0.05139066995321858,0.05677733491927996,0.2747740783987372,0.07750465395027886,0.12475663852703928,0.1540589823736237,0.18538610999266514,0.25037463934217513,0,64,5.261681548525796e-12,1.7253089184387822e-12,1.8592080249667243e-12,9.292585968808626e-12,2.567546844300037e-12,3.962770557578379e-12,5.176516095789105e-12,6.1858132958277335e-12,8.168645556247861e-12,64,5.261681548525796e-12,1.7253089184387822e-12,1.8592080249667243e-12,9.292585968808626e-12,2.567546844300037e-12,3.962770557578379e-12,5.176516095789105e-12,6.1858132958277335e-12,8.168645556247861e-12,64,0.0,0.0,0.0,0.0,0.0,0.0,0.0,0.0,0.0,64,0,64,0.452392578125,0.01981594346374613,0.41015625,0.498046875,0.41630859375,0.43896484375,0.453125,0.46533203125,0.48046875,64,3.663848437529538e-05,6.9004802937024874e-06,3.080400000143868e-05,7.24349999998708e-05,3.1558200000247895e-05,3.3291000004709304e-05,3.465749999875811e-05,3.714500000029375e-05,5.183235000387748e-05,"{""nonpositive_total_gain"": 64}",
recovery,512,4.0,,8.0,1e-14,,,acc08c5c7d637de4,64,0,64,64,1.0,0,0,0.0,0.0,,,0,,,,,,,,,,0,,,,,,,,,,,,,True,True,0,,,,,,,,,,,,,,,contains_undefined_fits,within_search_interval,0,,,,,,,,,,0,,,,,,,,,,64,0.15003427295290833,0.04910648570718273,0.054101856631287436,0.2648917098176118,0.07320773894893153,0.11701901344602206,0.1470865017582925,0.17772814123403313,0.23948587216016537,0,64,5.261681548525796e-12,1.7253089184387822e-12,1.8592080249667243e-12,9.292585968808626e-12,2.5675468443000374e-12,3.962770557578378e-12,5.176516095789104e-12,6.185813295827733e-12,8.168645556247861e-12,64,5.261681548525796e-12,1.7253089184387822e-12,1.8592080249667243e-12,9.292585968808626e-12,2.5675468443000374e-12,3.962770557578378e-12,5.176516095789104e-12,6.185813295827733e-12,8.168645556247861e-12,64,0.0,0.0,0.0,0.0,0.0,0.0,0.0,0.0,0.0,64,0,64,0.46661376953125,0.022384904495118242,0.423828125,0.5078125,0.427734375,0.44873046875,0.46875,0.48046875,0.5052734375,64,3.653339062537064e-05,7.472694203244425e-06,3.0291000001625434e-05,7.092799999952604e-05,3.134160000364261e-05,3.360824999987244e-05,3.443499999811195e-05,3.568474999759985e-05,5.287394999911037e-05,"{""nonpositive_total_gain"": 64}",
