source_id,n,weightgroup,original_p,original_objective,original_reason,expected_guard,reference_ids,native_ids,primary_reason,reference_reason,status,classification_precision_converged,classification_search_objective_agreement,classification_parameter_agreement,classification_original_objective_agreement,classification_original_parameter_agreement,classification_original_better_than_search,classification_weak_neighborhood,classification_unresolved,classification_reasons,values,neighborhood,elapsed_seconds,planned_metadata_source_id,planned_metadata_n,planned_metadata_weightgroup,planned_metadata_original_p,planned_metadata_original_objective,planned_metadata_original_reason,planned_metadata_expected_guard,planned_metadata_reference_ids,planned_metadata_native_ids,global_optimality_certified,values_primary_p,values_reference_p,values_original_p_exact,values_J_primary_110,values_J_reference_110,values_J_original_110,values_search_signed_gap,values_original_signed_gap,values_search_parameter_delta,values_original_parameter_delta,values_reference_mesh_span,values_search_objective_tolerance,values_original_objective_tolerance,values_parameter_tolerance
synthetic-input-000,512,synthetic-weights-0,,,no_adaptation,nonpositive_total_gain,"[""synthetic-reference-000"", ""synthetic-reference-186""]","[""synthetic-native-000"", ""synthetic-native-186""]",nonpositive_total_gain,nonpositive_total_gain,guard,,,,,,,,False,[],,[],0.01,synthetic-input-000,512,synthetic-weights-0,,,no_adaptation,nonpositive_total_gain,"[""synthetic-reference-000"", ""synthetic-reference-186""]","[""synthetic-native-000"", ""synthetic-native-186""]",False,,,,,,,,,,,,,,
synthetic-input-001,512,synthetic-weights-1,,,no_adaptation,nonpositive_total_gain,"[""synthetic-reference-001"", ""synthetic-reference-187""]","[""synthetic-native-001"", ""synthetic-native-187""]",nonpositive_total_gain,nonpositive_total_gain,guard,,,,,,,,False,[],,[],0.01,synthetic-input-001,512,synthetic-weights-1,,,no_adaptation,nonpositive_total_gain,"[""synthetic-reference-001"", ""synthetic-reference-187""]","[""synthetic-native-001"", ""synthetic-native-187""]",False,,,,,,,,,,,,,,
synthetic-input-002,512,synthetic-weights-2,,,no_adaptation,nonpositive_total_gain,"[""synthetic-reference-002"", ""synthetic-reference-188""]","[""synthetic-native-002"", ""synthetic-native-188""]",nonpositive_total_gain,nonpositive_total_gain,guard,,,,,,,,False,[],,[],0.01,synthetic-input-002,512,synthetic-weights-2,,,no_adaptation,nonpositive_total_gain,"[""synthetic-reference-002"", ""synthetic-reference-188""]","[""synthetic-native-002"", ""synthetic-native-188""]",False,,,,,,,,,,,,,,
synthetic-input-003,512,synthetic-weights-3,,,no_adaptation,nonpositive_total_gain,"[""synthetic-reference-003"", ""synthetic-reference-189""]","[""synthetic-native-003"", ""synthetic-native-189""]",nonpositive_total_gain,nonpositive_total_gain,guard,,,,,,,,False,[],,[],0.01,synthetic-input-003,512,synthetic-weights-3,,,no_adaptation,nonpositive_total_gain,"[""synthetic-reference-003"", ""synthetic-reference-189""]","[""synthetic-native-003"", ""synthetic-native-189""]",False,,,,,,,,,,,,,,
synthetic-input-004,512,synthetic-weights-4,,,no_adaptation,nonpositive_total_gain,"[""synthetic-reference-004"", ""synthetic-reference-190""]","[""synthetic-native-004"", ""synthetic-native-190""]",nonpositive_total_gain,nonpositive_total_gain,guard,,,,,,,,False,[],,[],0.01,synthetic-input-004,512,synthetic-weights-4,,,no_adaptation,nonpositive_total_gain,"[""synthetic-reference-004"", ""synthetic-reference-190""]","[""synthetic-native-004"", ""synthetic-native-190""]",False,,,,,,,,,,,,,,
synthetic-input-005,512,synthetic-weights-5,,,no_adaptation,nonpositive_total_gain,"[""synthetic-reference-005"", ""synthetic-reference-191""]","[""synthetic-native-005"", ""synthetic-native-191""]",nonpositive_total_gain,nonpositive_total_gain,guard,,,,,,,,False,[],,[],0.01,synthetic-input-005,512,synthetic-weights-5,,,no_adaptation,nonpositive_total_gain,"[""synthetic-reference-005"", ""synthetic-reference-191""]","[""synthetic-native-005"", ""synthetic-native-191""]",False,,,,,,,,,,,,,,
synthetic-input-006,512,synthetic-weights-6,,,constant_weights,constant_weights,"[""synthetic-reference-006"", ""synthetic-reference-192""]","[""synthetic-native-006"", ""synthetic-native-192""]",constant_weights,constant_weights,guard,,,,,,,,False,[],,[],0.01,synthetic-input-006,512,synthetic-weights-6,,,constant_weights,constant_weights,"[""synthetic-reference-006"", ""synthetic-reference-192""]","[""synthetic-native-006"", ""synthetic-native-192""]",False,,,,,,,,,,,,,,
synthetic-input-007,512,synthetic-weights-7,0.25,0.01,,,"[""synthetic-reference-007"", ""synthetic-reference-193""]","[""synthetic-native-007"", ""synthetic-native-193""]",,,compared,True,True,True,True,True,False,False,False,[],,"[{""p"": "".251"", ""J"": "".0100001"", ""signed_gap"": "".0000001""}]",0.01,synthetic-input-007,512,synthetic-weights-7,0.25,0.01,,,"[""synthetic-reference-007"", ""synthetic-reference-193""]","[""synthetic-native-007"", ""synthetic-native-193""]",False,.25000000000001,.25,.25,.010000000000000000000001,.01,.01,-1E-24,0,-1E-14,0,.3,1e-18,1e-12,1e-6
synthetic-input-008,512,synthetic-weights-8,0.25,0.01,,,"[""synthetic-reference-008"", ""synthetic-reference-194""]","[""synthetic-native-008"", ""synthetic-native-194""]",,,compared,True,True,True,True,True,False,False,False,[],,"[{""p"": "".251"", ""J"": "".0100001"", ""signed_gap"": "".0000001""}]",0.01,synthetic-input-008,512,synthetic-weights-8,0.25,0.01,,,"[""synthetic-reference-008"", ""synthetic-reference-194""]","[""synthetic-native-008"", ""synthetic-native-194""]",False,.25000000000001,.25,.25,.010000000000000000000001,.01,.01,1E-24,0,1E-14,0,.3,1e-18,1e-12,1e-6
synthetic-input-009,512,synthetic-weights-0,0.25,0.01,,,"[""synthetic-reference-009"", ""synthetic-reference-195""]","[""synthetic-native-009"", ""synthetic-native-195""]",,,compared,True,True,True,True,True,False,False,False,[],,"[{""p"": "".251"", ""J"": "".0100001"", ""signed_gap"": "".0000001""}]",0.01,synthetic-input-009,512,synthetic-weights-0,0.25,0.01,,,"[""synthetic-reference-009"", ""synthetic-reference-195""]","[""synthetic-native-009"", ""synthetic-native-195""]",False,.25000000000001,.25,.25,.010000000000000000000001,.01,.01,-1E-24,0,-1E-14,0,.3,1e-18,1e-12,1e-6
synthetic-input-010,512,synthetic-weights-1,0.25,0.01,,,"[""synthetic-reference-010"", ""synthetic-reference-196""]","[""synthetic-native-010"", ""synthetic-native-196""]",,,compared,True,True,True,True,True,False,False,False,[],,"[{""p"": "".251"", ""J"": "".0100001"", ""signed_gap"": "".0000001""}]",0.01,synthetic-input-010,512,synthetic-weights-1,0.25,0.01,,,"[""synthetic-reference-010"", ""synthetic-reference-196""]","[""synthetic-native-010"", ""synthetic-native-196""]",False,.25000000000001,.25,.25,.010000000000000000000001,.01,.01,1E-24,0,1E-14,0,.3,1e-18,1e-12,1e-6
synthetic-input-011,512,synthetic-weights-2,0.25,0.01,,,"[""synthetic-reference-011"", ""synthetic-reference-197""]","[""synthetic-native-011"", ""synthetic-native-197""]",,,compared,True,True,True,True,True,False,False,False,[],,"[{""p"": "".251"", ""J"": "".0100001"", ""signed_gap"": "".0000001""}]",0.01,synthetic-input-011,512,synthetic-weights-2,0.25,0.01,,,"[""synthetic-reference-011"", ""synthetic-reference-197""]","[""synthetic-native-011"", ""synthetic-native-197""]",False,.25000000000001,.25,.25,.010000000000000000000001,.01,.01,-1E-24,0,-1E-14,0,.3,1e-18,1e-12,1e-6
synthetic-input-012,512,synthetic-weights-3,0.25,0.01,,,"[""synthetic-reference-012"", ""synthetic-reference-198""]","[""synthetic-native-012"", ""synthetic-native-198""]",,,compared,True,True,True,True,True,False,False,False,[],,"[{""p"": "".251"", ""J"": "".0100001"", ""signed_gap"": "".0000001""}]",0.01,synthetic-input-012,512,synthetic-weights-3,0.25,0.01,,,"[""synthetic-reference-012"", ""synthetic-reference-198""]","[""synthetic-native-012"", ""synthetic-native-198""]",False,.25000000000001,.25,.25,.010000000000000000000001,.01,.01,1E-24,0,1E-14,0,.3,1e-18,1e-12,1e-6
synthetic-input-013,512,synthetic-weights-4,0.25,0.01,,,"[""synthetic-reference-013"", ""synthetic-reference-199""]","[""synthetic-native-013"", ""synthetic-native-199""]",,,unresolved,True,True,True,False,True,True,False,True,"[""original_better_than_search""]",,"[{""p"": "".251"", ""J"": "".0100001"", ""signed_gap"": "".0000001""}]",0.01,synthetic-input-013,512,synthetic-weights-4,0.25,0.01,,,"[""synthetic-reference-013"", ""synthetic-reference-199""]","[""synthetic-native-013"", ""synthetic-native-199""]",False,.25000000000001,.25,.25,.010000000000000000000001,.01,.01,-1E-24,-1e-10,-1E-14,0,.3,1e-18,1e-12,1e-6
synthetic-input-014,512,synthetic-weights-5,0.25,0.01,,,"[""synthetic-reference-014"", ""synthetic-reference-200""]","[""synthetic-native-014"", ""synthetic-native-200""]",,,unresolved,True,False,True,True,True,False,False,True,"[""search_objective_disagreement""]",,"[{""p"": "".251"", ""J"": "".0100001"", ""signed_gap"": "".0000001""}]",0.01,synthetic-input-014,512,synthetic-weights-5,0.25,0.01,,,"[""synthetic-reference-014"", ""synthetic-reference-200""]","[""synthetic-native-014"", ""synthetic-native-200""]",False,.25000000000001,.25,.25,.010000000000000000000001,.01,.01,-1e-8,0,1E-14,0,.3,1e-18,1e-12,1e-6
synthetic-input-015,512,synthetic-weights-6,0.25,0.01,,,"[""synthetic-reference-015"", ""synthetic-reference-201""]","[""synthetic-native-015"", ""synthetic-native-201""]",,,unresolved,False,True,True,True,True,False,False,True,"[""precision_not_converged""]",,"[{""p"": "".251"", ""J"": "".0100001"", ""signed_gap"": "".0000001""}]",0.01,synthetic-input-015,512,synthetic-weights-6,0.25,0.01,,,"[""synthetic-reference-015"", ""synthetic-reference-201""]","[""synthetic-native-015"", ""synthetic-native-201""]",False,.25000000000001,.25,.25,.010000000000000000000001,.01,.01,-1E-24,0,-1E-14,0,.3,1e-18,1e-12,1e-6
synthetic-input-016,512,synthetic-weights-7,0.25,0.01,,,"[""synthetic-reference-016"", ""synthetic-reference-202""]","[""synthetic-native-016"", ""synthetic-native-202""]",,nonpositive_total_gain,unresolved,,,,,,,,True,"[""domain_mismatch""]",,"[{""p"": "".251"", ""J"": "".0100001"", ""signed_gap"": "".0000001""}]",0.01,synthetic-input-016,512,synthetic-weights-7,0.25,0.01,,,"[""synthetic-reference-016"", ""synthetic-reference-202""]","[""synthetic-native-016"", ""synthetic-native-202""]",False,,,,,,,,,,,,,,
synthetic-input-017,512,synthetic-weights-8,0.25,0.01,,,"[""synthetic-reference-017"", ""synthetic-reference-203""]","[""synthetic-native-017"", ""synthetic-native-203""]",,,compared,True,True,True,True,True,False,False,False,[],,"[{""p"": "".251"", ""J"": "".0100001"", ""signed_gap"": "".0000001""}]",0.01,synthetic-input-017,512,synthetic-weights-8,0.25,0.01,,,"[""synthetic-reference-017"", ""synthetic-reference-203""]","[""synthetic-native-017"", ""synthetic-native-203""]",False,.25000000000001,.25,.25,.010000000000000000000001,.01,.01,-1E-24,0,-1E-14,0,.3,1e-18,1e-12,1e-6
synthetic-input-018,512,synthetic-weights-0,0.25,0.01,,,"[""synthetic-reference-018"", ""synthetic-reference-204""]","[""synthetic-native-018"", ""synthetic-native-204""]",,,compared,True,True,True,True,True,False,False,False,[],,"[{""p"": "".251"", ""J"": "".0100001"", ""signed_gap"": "".0000001""}]",0.01,synthetic-input-018,512,synthetic-weights-0,0.25,0.01,,,"[""synthetic-reference-018"", ""synthetic-reference-204""]","[""synthetic-native-018"", ""synthetic-native-204""]",False,.25000000000001,.25,.25,.010000000000000000000001,.01,.01,1E-24,0,1E-14,0,.3,1e-18,1e-12,1e-6
synthetic-input-019,512,synthetic-weights-1,0.25,0.01,,,"[""synthetic-reference-019"", ""synthetic-reference-205""]","[""synthetic-native-019"", ""synthetic-native-205""]",,,compared,True,True,True,True,True,False,False,False,[],,"[{""p"": "".251"", ""J"": "".0100001"", ""signed_gap"": "".0000001""}]",0.01,synthetic-input-019,512,synthetic-weights-1,0.25,0.01,,,"[""synthetic-reference-019"", ""synthetic-reference-205""]","[""synthetic-native-019"", ""synthetic-native-205""]",False,.25000000000001,.25,.25,.010000000000000000000001,.01,.01,-1E-24,0,-1E-14,0,.3,1e-18,1e-12,1e-6
synthetic-input-020,512,synthetic-weights-2,0.25,0.01,,,"[""synthetic-reference-020"", ""synthetic-reference-206""]","[""synthetic-native-020"", ""synthetic-native-206""]",,,compared,True,True,True,True,True,False,False,False,[],,"[{""p"": "".251"", ""J"": "".0100001"", ""signed_gap"": "".0000001""}]",0.01,synthetic-input-020,512,synthetic-weights-2,0.25,0.01,,,"[""synthetic-reference-020"", ""synthetic-reference-206""]","[""synthetic-native-020"", ""synthetic-native-206""]",False,.25000000000001,.25,.25,.010000000000000000000001,.01,.01,1E-24,0,1E-14,0,.3,1e-18,1e-12,1e-6
synthetic-input-021,512,synthetic-weights-3,0.25,0.01,,,"[""synthetic-reference-021"", ""synthetic-reference-207""]","[""synthetic-native-021"", ""synthetic-native-000""]",,,compared,True,True,True,True,True,False,False,False,[],,"[{""p"": "".251"", ""J"": "".0100001"", ""signed_gap"": "".0000001""}]",0.01,synthetic-input-021,512,synthetic-weights-3,0.25,0.01,,,"[""synthetic-reference-021"", ""synthetic-reference-207""]","[""synthetic-native-021"", ""synthetic-native-000""]",False,.25000000000001,.25,.25,.010000000000000000000001,.01,.01,-1E-24,0,-1E-14,0,.3,1e-18,1e-12,1e-6
synthetic-input-022,512,synthetic-weights-4,0.25,0.01,,,"[""synthetic-reference-022"", ""synthetic-reference-208""]","[""synthetic-native-022"", ""synthetic-native-001""]",,,compared,True,True,True,True,True,False,False,False,[],,"[{""p"": "".251"", ""J"": "".0100001"", ""signed_gap"": "".0000001""}]",0.01,synthetic-input-022,512,synthetic-weights-4,0.25,0.01,,,"[""synthetic-reference-022"", ""synthetic-reference-208""]","[""synthetic-native-022"", ""synthetic-native-001""]",False,.25000000000001,.25,.25,.010000000000000000000001,.01,.01,1E-24,0,1E-14,0,.3,1e-18,1e-12,1e-6
synthetic-input-023,512,synthetic-weights-5,0.25,0.01,,,"[""synthetic-reference-023"", ""synthetic-reference-209""]","[""synthetic-native-023"", ""synthetic-native-002""]",,,compared,True,True,True,True,True,False,False,False,[],,"[{""p"": "".251"", ""J"": "".0100001"", ""signed_gap"": "".0000001""}]",0.01,synthetic-input-023,512,synthetic-weights-5,0.25,0.01,,,"[""synthetic-reference-023"", ""synthetic-reference-209""]","[""synthetic-native-023"", ""synthetic-native-002""]",False,.25000000000001,.25,.25,.010000000000000000000001,.01,.01,-1E-24,0,-1E-14,0,.3,1e-18,1e-12,1e-6
synthetic-input-024,512,synthetic-weights-6,0.25,0.01,,,"[""synthetic-reference-024"", ""synthetic-reference-210""]","[""synthetic-native-024"", ""synthetic-native-003""]",,,compared,True,True,True,True,True,False,False,False,[],,"[{""p"": "".251"", ""J"": "".0100001"", ""signed_gap"": "".0000001""}]",0.01,synthetic-input-024,512,synthetic-weights-6,0.25,0.01,,,"[""synthetic-reference-024"", ""synthetic-reference-210""]","[""synthetic-native-024"", ""synthetic-native-003""]",False,.25000000000001,.25,.25,.010000000000000000000001,.01,.01,1E-24,0,1E-14,0,.3,1e-18,1e-12,1e-6
synthetic-input-025,512,synthetic-weights-7,0.25,0.01,,,"[""synthetic-reference-025"", ""synthetic-reference-211""]","[""synthetic-native-025"", ""synthetic-native-004""]",,,compared,True,True,True,True,True,False,False,False,[],,"[{""p"": "".251"", ""J"": "".0100001"", ""signed_gap"": "".0000001""}]",0.01,synthetic-input-025,512,synthetic-weights-7,0.25,0.01,,,"[""synthetic-reference-025"", ""synthetic-reference-211""]","[""synthetic-native-025"", ""synthetic-native-004""]",False,.25000000000001,.25,.25,.010000000000000000000001,.01,.01,-1E-24,0,-1E-14,0,.3,1e-18,1e-12,1e-6
synthetic-input-026,512,synthetic-weights-8,0.25,0.01,,,"[""synthetic-reference-026"", ""synthetic-reference-212""]","[""synthetic-native-026"", ""synthetic-native-005""]",,,compared,True,True,True,True,True,False,False,False,[],,"[{""p"": "".251"", ""J"": "".0100001"", ""signed_gap"": "".0000001""}]",0.01,synthetic-input-026,512,synthetic-weights-8,0.25,0.01,,,"[""synthetic-reference-026"", ""synthetic-reference-212""]","[""synthetic-native-026"", ""synthetic-native-005""]",False,.25000000000001,.25,.25,.010000000000000000000001,.01,.01,1E-24,0,1E-14,0,.3,1e-18,1e-12,1e-6
synthetic-input-027,512,synthetic-weights-0,0.25,0.01,,,"[""synthetic-reference-027"", ""synthetic-reference-213""]","[""synthetic-native-027"", ""synthetic-native-006""]",,,compared,True,True,True,True,True,False,False,False,[],,"[{""p"": "".251"", ""J"": "".0100001"", ""signed_gap"": "".0000001""}]",0.01,synthetic-input-027,512,synthetic-weights-0,0.25,0.01,,,"[""synthetic-reference-027"", ""synthetic-reference-213""]","[""synthetic-native-027"", ""synthetic-native-006""]",False,.25000000000001,.25,.25,.010000000000000000000001,.01,.01,-1E-24,0,-1E-14,0,.3,1e-18,1e-12,1e-6
synthetic-input-028,512,synthetic-weights-1,0.25,0.01,,,"[""synthetic-reference-028"", ""synthetic-reference-214""]","[""synthetic-native-028"", ""synthetic-native-007""]",,,compared,True,True,True,True,True,False,False,False,[],,"[{""p"": "".251"", ""J"": "".0100001"", ""signed_gap"": "".0000001""}]",0.01,synthetic-input-028,512,synthetic-weights-1,0.25,0.01,,,"[""synthetic-reference-028"", ""synthetic-reference-214""]","[""synthetic-native-028"", ""synthetic-native-007""]",False,.25000000000001,.25,.25,.010000000000000000000001,.01,.01,1E-24,0,1E-14,0,.3,1e-18,1e-12,1e-6
synthetic-input-029,512,synthetic-weights-2,0.25,0.01,,,"[""synthetic-reference-029"", ""synthetic-reference-215""]","[""synthetic-native-029"", ""synthetic-native-008""]",,,compared,True,True,True,True,True,False,False,False,[],,"[{""p"": "".251"", ""J"": "".0100001"", ""signed_gap"": "".0000001""}]",0.01,synthetic-input-029,512,synthetic-weights-2,0.25,0.01,,,"[""synthetic-reference-029"", ""synthetic-reference-215""]","[""synthetic-native-029"", ""synthetic-native-008""]",False,.25000000000001,.25,.25,.010000000000000000000001,.01,.01,-1E-24,0,-1E-14,0,.3,1e-18,1e-12,1e-6
synthetic-input-030,512,synthetic-weights-3,0.25,0.01,,,"[""synthetic-reference-030"", ""synthetic-reference-216""]","[""synthetic-native-030"", ""synthetic-native-009""]",,,compared,True,True,True,True,True,False,False,False,[],,"[{""p"": "".251"", ""J"": "".0100001"", ""signed_gap"": "".0000001""}]",0.01,synthetic-input-030,512,synthetic-weights-3,0.25,0.01,,,"[""synthetic-reference-030"", ""synthetic-reference-216""]","[""synthetic-native-030"", ""synthetic-native-009""]",False,.25000000000001,.25,.25,.010000000000000000000001,.01,.01,1E-24,0,1E-14,0,.3,1e-18,1e-12,1e-6
synthetic-input-031,512,synthetic-weights-4,0.25,0.01,,,"[""synthetic-reference-031"", ""synthetic-reference-217""]","[""synthetic-native-031"", ""synthetic-native-010""]",,,compared,True,True,True,True,True,False,False,False,[],,"[{""p"": "".251"", ""J"": "".0100001"", ""signed_gap"": "".0000001""}]",0.01,synthetic-input-031,512,synthetic-weights-4,0.25,0.01,,,"[""synthetic-reference-031"", ""synthetic-reference-217""]","[""synthetic-native-031"", ""synthetic-native-010""]",False,.25000000000001,.25,.25,.010000000000000000000001,.01,.01,-1E-24,0,-1E-14,0,.3,1e-18,1e-12,1e-6
synthetic-input-032,512,synthetic-weights-5,0.25,0.01,,,"[""synthetic-reference-032"", ""synthetic-reference-218""]","[""synthetic-native-032"", ""synthetic-native-011""]",,,compared,True,True,True,True,True,False,False,False,[],,"[{""p"": "".251"", ""J"": "".0100001"", ""signed_gap"": "".0000001""}]",0.01,synthetic-input-032,512,synthetic-weights-5,0.25,0.01,,,"[""synthetic-reference-032"", ""synthetic-reference-218""]","[""synthetic-native-032"", ""synthetic-native-011""]",False,.25000000000001,.25,.25,.010000000000000000000001,.01,.01,1E-24,0,1E-14,0,.3,1e-18,1e-12,1e-6
synthetic-input-033,512,synthetic-weights-6,0.25,0.01,,,"[""synthetic-reference-033"", ""synthetic-reference-219""]","[""synthetic-native-033"", ""synthetic-native-012""]",,,compared,True,True,True,True,True,False,False,False,[],,"[{""p"": "".251"", ""J"": "".0100001"", ""signed_gap"": "".0000001""}]",0.01,synthetic-input-033,512,synthetic-weights-6,0.25,0.01,,,"[""synthetic-reference-033"", ""synthetic-reference-219""]","[""synthetic-native-033"", ""synthetic-native-012""]",False,.25000000000001,.25,.25,.010000000000000000000001,.01,.01,-1E-24,0,-1E-14,0,.3,1e-18,1e-12,1e-6
synthetic-input-034,512,synthetic-weights-7,0.25,0.01,,,"[""synthetic-reference-034"", ""synthetic-reference-220""]","[""synthetic-native-034"", ""synthetic-native-013""]",,,compared,True,True,True,True,True,False,False,False,[],,"[{""p"": "".251"", ""J"": "".0100001"", ""signed_gap"": "".0000001""}]",0.01,synthetic-input-034,512,synthetic-weights-7,0.25,0.01,,,"[""synthetic-reference-034"", ""synthetic-reference-220""]","[""synthetic-native-034"", ""synthetic-native-013""]",False,.25000000000001,.25,.25,.010000000000000000000001,.01,.01,1E-24,0,1E-14,0,.3,1e-18,1e-12,1e-6
synthetic-input-035,512,synthetic-weights-8,0.25,0.01,,,"[""synthetic-reference-035"", ""synthetic-reference-221""]","[""synthetic-native-035"", ""synthetic-native-014""]",,,compared,True,True,True,True,True,False,False,False,[],,"[{""p"": "".251"", ""J"": "".0100001"", ""signed_gap"": "".0000001""}]",0.01,synthetic-input-035,512,synthetic-weights-8,0.25,0.01,,,"[""synthetic-reference-035"", ""synthetic-reference-221""]","[""synthetic-native-035"", ""synthetic-native-014""]",False,.25000000000001,.25,.25,.010000000000000000000001,.01,.01,-1E-24,0,-1E-14,0,.3,1e-18,1e-12,1e-6
synthetic-input-036,512,synthetic-weights-0,0.25,0.01,,,"[""synthetic-reference-036"", ""synthetic-reference-222""]","[""synthetic-native-036"", ""synthetic-native-015""]",,,compared,True,True,True,True,True,False,False,False,[],,"[{""p"": "".251"", ""J"": "".0100001"", ""signed_gap"": "".0000001""}]",0.01,synthetic-input-036,512,synthetic-weights-0,0.25,0.01,,,"[""synthetic-reference-036"", ""synthetic-reference-222""]","[""synthetic-native-036"", ""synthetic-native-015""]",False,.25000000000001,.25,.25,.010000000000000000000001,.01,.01,1E-24,0,1E-14,0,.3,1e-18,1e-12,1e-6
synthetic-input-037,512,synthetic-weights-1,0.25,0.01,,,"[""synthetic-reference-037"", ""synthetic-reference-223""]","[""synthetic-native-037"", ""synthetic-native-016""]",,,compared,True,True,True,True,True,False,False,False,[],,"[{""p"": "".251"", ""J"": "".0100001"", ""signed_gap"": "".0000001""}]",0.01,synthetic-input-037,512,synthetic-weights-1,0.25,0.01,,,"[""synthetic-reference-037"", ""synthetic-reference-223""]","[""synthetic-native-037"", ""synthetic-native-016""]",False,.25000000000001,.25,.25,.010000000000000000000001,.01,.01,-1E-24,0,-1E-14,0,.3,1e-18,1e-12,1e-6
synthetic-input-038,512,synthetic-weights-2,0.25,0.01,,,"[""synthetic-reference-038"", ""synthetic-reference-224""]","[""synthetic-native-038"", ""synthetic-native-017""]",,,compared,True,True,True,True,True,False,False,False,[],,"[{""p"": "".251"", ""J"": "".0100001"", ""signed_gap"": "".0000001""}]",0.01,synthetic-input-038,512,synthetic-weights-2,0.25,0.01,,,"[""synthetic-reference-038"", ""synthetic-reference-224""]","[""synthetic-native-038"", ""synthetic-native-017""]",False,.25000000000001,.25,.25,.010000000000000000000001,.01,.01,1E-24,0,1E-14,0,.3,1e-18,1e-12,1e-6
synthetic-input-039,512,synthetic-weights-3,0.25,0.01,,,"[""synthetic-reference-039"", ""synthetic-reference-225""]","[""synthetic-native-039"", ""synthetic-native-018""]",,,compared,True,True,True,True,True,False,False,False,[],,"[{""p"": "".251"", ""J"": "".0100001"", ""signed_gap"": "".0000001""}]",0.01,synthetic-input-039,512,synthetic-weights-3,0.25,0.01,,,"[""synthetic-reference-039"", ""synthetic-reference-225""]","[""synthetic-native-039"", ""synthetic-native-018""]",False,.25000000000001,.25,.25,.010000000000000000000001,.01,.01,-1E-24,0,-1E-14,0,.3,1e-18,1e-12,1e-6
synthetic-input-040,512,synthetic-weights-4,0.25,0.01,,,"[""synthetic-reference-040"", ""synthetic-reference-226""]","[""synthetic-native-040"", ""synthetic-native-019""]",,,compared,True,True,True,True,True,False,False,False,[],,"[{""p"": "".251"", ""J"": "".0100001"", ""signed_gap"": "".0000001""}]",0.01,synthetic-input-040,512,synthetic-weights-4,0.25,0.01,,,"[""synthetic-reference-040"", ""synthetic-reference-226""]","[""synthetic-native-040"", ""synthetic-native-019""]",False,.25000000000001,.25,.25,.010000000000000000000001,.01,.01,1E-24,0,1E-14,0,.3,1e-18,1e-12,1e-6
synthetic-input-041,512,synthetic-weights-5,0.25,0.01,,,"[""synthetic-reference-041"", ""synthetic-reference-227""]","[""synthetic-native-041"", ""synthetic-native-020""]",,,compared,True,True,True,True,True,False,False,False,[],,"[{""p"": "".251"", ""J"": "".0100001"", ""signed_gap"": "".0000001""}]",0.01,synthetic-input-041,512,synthetic-weights-5,0.25,0.01,,,"[""synthetic-reference-041"", ""synthetic-reference-227""]","[""synthetic-native-041"", ""synthetic-native-020""]",False,.25000000000001,.25,.25,.010000000000000000000001,.01,.01,-1E-24,0,-1E-14,0,.3,1e-18,1e-12,1e-6
synthetic-input-042,512,synthetic-weights-6,0.25,0.01,,,"[""synthetic-reference-042"", ""synthetic-reference-228""]","[""synthetic-native-042"", ""synthetic-native-021""]",,,compared,True,True,True,True,True,False,False,False,[],,"[{""p"": "".251"", ""J"": "".0100001"", ""signed_gap"": "".0000001""}]",0.01,synthetic-input-042,512,synthetic-weights-6,0.25,0.01,,,"[""synthetic-reference-042"", ""synthetic-reference-228""]","[""synthetic-native-042"", ""synthetic-native-021""]",False,.25000000000001,.25,.25,.010000000000000000000001,.01,.01,1E-24,0,1E-14,0,.3,1e-18,1e-12,1e-6
synthetic-input-043,512,synthetic-weights-7,0.25,0.01,,,"[""synthetic-reference-043"", ""synthetic-reference-229""]","[""synthetic-native-043"", ""synthetic-native-022""]",,,compared,True,True,True,True,True,False,False,False,[],,"[{""p"": "".251"", ""J"": "".0100001"", ""signed_gap"": "".0000001""}]",0.01,synthetic-input-043,512,synthetic-weights-7,0.25,0.01,,,"[""synthetic-reference-043"", ""synthetic-reference-229""]","[""synthetic-native-043"", ""synthetic-native-022""]",False,.25000000000001,.25,.25,.010000000000000000000001,.01,.01,-1E-24,0,-1E-14,0,.3,1e-18,1e-12,1e-6
synthetic-input-044,512,synthetic-weights-8,0.25,0.01,,,"[""synthetic-reference-044"", ""synthetic-reference-230""]","[""synthetic-native-044"", ""synthetic-native-023""]",,,compared,True,True,True,True,True,False,False,False,[],,"[{""p"": "".251"", ""J"": "".0100001"", ""signed_gap"": "".0000001""}]",0.01,synthetic-input-044,512,synthetic-weights-8,0.25,0.01,,,"[""synthetic-reference-044"", ""synthetic-reference-230""]","[""synthetic-native-044"", ""synthetic-native-023""]",False,.25000000000001,.25,.25,.010000000000000000000001,.01,.01,1E-24,0,1E-14,0,.3,1e-18,1e-12,1e-6
synthetic-input-045,512,synthetic-weights-0,0.25,0.01,,,"[""synthetic-reference-045"", ""synthetic-reference-231""]","[""synthetic-native-045"", ""synthetic-native-024""]",,,compared,True,True,True,True,True,False,False,False,[],,"[{""p"": "".251"", ""J"": "".0100001"", ""signed_gap"": "".0000001""}]",0.01,synthetic-input-045,512,synthetic-weights-0,0.25,0.01,,,"[""synthetic-reference-045"", ""synthetic-reference-231""]","[""synthetic-native-045"", ""synthetic-native-024""]",False,.25000000000001,.25,.25,.010000000000000000000001,.01,.01,-1E-24,0,-1E-14,0,.3,1e-18,1e-12,1e-6
synthetic-input-046,512,synthetic-weights-1,0.25,0.01,,,"[""synthetic-reference-046"", ""synthetic-reference-232""]","[""synthetic-native-046"", ""synthetic-native-025""]",,,compared,True,True,True,True,True,False,False,False,[],,"[{""p"": "".251"", ""J"": "".0100001"", ""signed_gap"": "".0000001""}]",0.01,synthetic-input-046,512,synthetic-weights-1,0.25,0.01,,,"[""synthetic-reference-046"", ""synthetic-reference-232""]","[""synthetic-native-046"", ""synthetic-native-025""]",False,.25000000000001,.25,.25,.010000000000000000000001,.01,.01,1E-24,0,1E-14,0,.3,1e-18,1e-12,1e-6
synthetic-input-047,512,synthetic-weights-2,0.25,0.01,,,"[""synthetic-reference-047"", ""synthetic-reference-233""]","[""synthetic-native-047"", ""synthetic-native-026""]",,,compared,True,True,True,True,True,False,False,False,[],,"[{""p"": "".251"", ""J"": "".0100001"", ""signed_gap"": "".0000001""}]",0.01,synthetic-input-047,512,synthetic-weights-2,0.25,0.01,,,"[""synthetic-reference-047"", ""synthetic-reference-233""]","[""synthetic-native-047"", ""synthetic-native-026""]",False,.25000000000001,.25,.25,.010000000000000000000001,.01,.01,-1E-24,0,-1E-14,0,.3,1e-18,1e-12,1e-6
synthetic-input-048,512,synthetic-weights-3,0.25,0.01,,,"[""synthetic-reference-048"", ""synthetic-reference-234""]","[""synthetic-native-048"", ""synthetic-native-027""]",,,compared,True,True,True,True,True,False,False,False,[],,"[{""p"": "".251"", ""J"": "".0100001"", ""signed_gap"": "".0000001""}]",0.01,synthetic-input-048,512,synthetic-weights-3,0.25,0.01,,,"[""synthetic-reference-048"", ""synthetic-reference-234""]","[""synthetic-native-048"", ""synthetic-native-027""]",False,.25000000000001,.25,.25,.010000000000000000000001,.01,.01,1E-24,0,1E-14,0,.3,1e-18,1e-12,1e-6
synthetic-input-049,512,synthetic-weights-4,0.25,0.01,,,"[""synthetic-reference-049"", ""synthetic-reference-235""]","[""synthetic-native-049"", ""synthetic-native-028""]",,,compared,True,True,True,True,True,False,False,False,[],,"[{""p"": "".251"", ""J"": "".0100001"", ""signed_gap"": "".0000001""}]",0.01,synthetic-input-049,512,synthetic-weights-4,0.25,0.01,,,"[""synthetic-reference-049"", ""synthetic-reference-235""]","[""synthetic-native-049"", ""synthetic-native-028""]",False,.25000000000001,.25,.25,.010000000000000000000001,.01,.01,-1E-24,0,-1E-14,0,.3,1e-18,1e-12,1e-6
synthetic-input-050,512,synthetic-weights-5,0.25,0.01,,,"[""synthetic-reference-050"", ""synthetic-reference-236""]","[""synthetic-native-050"", ""synthetic-native-029""]",,,compared,True,True,True,True,True,False,False,False,[],,"[{""p"": "".251"", ""J"": "".0100001"", ""signed_gap"": "".0000001""}]",0.01,synthetic-input-050,512,synthetic-weights-5,0.25,0.01,,,"[""synthetic-reference-050"", ""synthetic-reference-236""]","[""synthetic-native-050"", ""synthetic-native-029""]",False,.25000000000001,.25,.25,.010000000000000000000001,.01,.01,1E-24,0,1E-14,0,.3,1e-18,1e-12,1e-6
synthetic-input-051,512,synthetic-weights-6,0.25,0.01,,,"[""synthetic-reference-051"", ""synthetic-reference-237""]","[""synthetic-native-051"", ""synthetic-native-030""]",,,compared,True,True,True,True,True,False,False,False,[],,"[{""p"": "".251"", ""J"": "".0100001"", ""signed_gap"": "".0000001""}]",0.01,synthetic-input-051,512,synthetic-weights-6,0.25,0.01,,,"[""synthetic-reference-051"", ""synthetic-reference-237""]","[""synthetic-native-051"", ""synthetic-native-030""]",False,.25000000000001,.25,.25,.010000000000000000000001,.01,.01,-1E-24,0,-1E-14,0,.3,1e-18,1e-12,1e-6
synthetic-input-052,512,synthetic-weights-7,0.25,0.01,,,"[""synthetic-reference-052"", ""synthetic-reference-238""]","[""synthetic-native-052"", ""synthetic-native-031""]",,,compared,True,True,True,True,True,False,False,False,[],,"[{""p"": "".251"", ""J"": "".0100001"", ""signed_gap"": "".0000001""}]",0.01,synthetic-input-052,512,synthetic-weights-7,0.25,0.01,,,"[""synthetic-reference-052"", ""synthetic-reference-238""]","[""synthetic-native-052"", ""synthetic-native-031""]",False,.25000000000001,.25,.25,.010000000000000000000001,.01,.01,1E-24,0,1E-14,0,.3,1e-18,1e-12,1e-6
synthetic-input-053,512,synthetic-weights-8,0.25,0.01,,,"[""synthetic-reference-053"", ""synthetic-reference-239""]","[""synthetic-native-053"", ""synthetic-native-032""]",,,compared,True,True,True,True,True,False,False,False,[],,"[{""p"": "".251"", ""J"": "".0100001"", ""signed_gap"": "".0000001""}]",0.01,synthetic-input-053,512,synthetic-weights-8,0.25,0.01,,,"[""synthetic-reference-053"", ""synthetic-reference-239""]","[""synthetic-native-053"", ""synthetic-native-032""]",False,.25000000000001,.25,.25,.010000000000000000000001,.01,.01,-1E-24,0,-1E-14,0,.3,1e-18,1e-12,1e-6
synthetic-input-054,512,synthetic-weights-0,0.25,0.01,,,"[""synthetic-reference-054"", ""synthetic-reference-240""]","[""synthetic-native-054"", ""synthetic-native-033""]",,,compared,True,True,True,True,True,False,False,False,[],,"[{""p"": "".251"", ""J"": "".0100001"", ""signed_gap"": "".0000001""}]",0.01,synthetic-input-054,512,synthetic-weights-0,0.25,0.01,,,"[""synthetic-reference-054"", ""synthetic-reference-240""]","[""synthetic-native-054"", ""synthetic-native-033""]",False,.25000000000001,.25,.25,.010000000000000000000001,.01,.01,1E-24,0,1E-14,0,.3,1e-18,1e-12,1e-6
synthetic-input-055,512,synthetic-weights-1,0.25,0.01,,,"[""synthetic-reference-055"", ""synthetic-reference-241""]","[""synthetic-native-055"", ""synthetic-native-034""]",,,compared,True,True,True,True,True,False,False,False,[],,"[{""p"": "".251"", ""J"": "".0100001"", ""signed_gap"": "".0000001""}]",0.01,synthetic-input-055,512,synthetic-weights-1,0.25,0.01,,,"[""synthetic-reference-055"", ""synthetic-reference-241""]","[""synthetic-native-055"", ""synthetic-native-034""]",False,.25000000000001,.25,.25,.010000000000000000000001,.01,.01,-1E-24,0,-1E-14,0,.3,1e-18,1e-12,1e-6
synthetic-input-056,512,synthetic-weights-2,0.25,0.01,,,"[""synthetic-reference-056"", ""synthetic-reference-242""]","[""synthetic-native-056"", ""synthetic-native-035""]",,,compared,True,True,True,True,True,False,False,False,[],,"[{""p"": "".251"", ""J"": "".0100001"", ""signed_gap"": "".0000001""}]",0.01,synthetic-input-056,512,synthetic-weights-2,0.25,0.01,,,"[""synthetic-reference-056"", ""synthetic-reference-242""]","[""synthetic-native-056"", ""synthetic-native-035""]",False,.25000000000001,.25,.25,.010000000000000000000001,.01,.01,1E-24,0,1E-14,0,.3,1e-18,1e-12,1e-6
synthetic-input-057,512,synthetic-weights-3,0.25,0.01,,,"[""synthetic-reference-057"", ""synthetic-reference-243""]","[""synthetic-native-057"", ""synthetic-native-036""]",,,compared,True,True,True,True,True,False,False,False,[],,"[{""p"": "".251"", ""J"": "".0100001"", ""signed_gap"": "".0000001""}]",0.01,synthetic-input-057,512,synthetic-weights-3,0.25,0.01,,,"[""synthetic-reference-057"", ""synthetic-reference-243""]","[""synthetic-native-057"", ""synthetic-native-036""]",False,.25000000000001,.25,.25,.010000000000000000000001,.01,.01,-1E-24,0,-1E-14,0,.3,1e-18,1e-12,1e-6
synthetic-input-058,512,synthetic-weights-4,0.25,0.01,,,"[""synthetic-reference-058"", ""synthetic-reference-244""]","[""synthetic-native-058"", ""synthetic-native-037""]",,,compared,True,True,True,True,True,False,False,False,[],,"[{""p"": "".251"", ""J"": "".0100001"", ""signed_gap"": "".0000001""}]",0.01,synthetic-input-058,512,synthetic-weights-4,0.25,0.01,,,"[""synthetic-reference-058"", ""synthetic-reference-244""]","[""synthetic-native-058"", ""synthetic-native-037""]",False,.25000000000001,.25,.25,.010000000000000000000001,.01,.01,1E-24,0,1E-14,0,.3,1e-18,1e-12,1e-6
synthetic-input-059,512,synthetic-weights-5,0.25,0.01,,,"[""synthetic-reference-059"", ""synthetic-reference-245""]","[""synthetic-native-059"", ""synthetic-native-038""]",,,compared,True,True,True,True,True,False,False,False,[],,"[{""p"": "".251"", ""J"": "".0100001"", ""signed_gap"": "".0000001""}]",0.01,synthetic-input-059,512,synthetic-weights-5,0.25,0.01,,,"[""synthetic-reference-059"", ""synthetic-reference-245""]","[""synthetic-native-059"", ""synthetic-native-038""]",False,.25000000000001,.25,.25,.010000000000000000000001,.01,.01,-1E-24,0,-1E-14,0,.3,1e-18,1e-12,1e-6
synthetic-input-060,512,synthetic-weights-6,0.25,0.01,,,"[""synthetic-reference-060"", ""synthetic-reference-246""]","[""synthetic-native-060"", ""synthetic-native-039""]",,,compared,True,True,True,True,True,False,False,False,[],,"[{""p"": "".251"", ""J"": "".0100001"", ""signed_gap"": "".0000001""}]",0.01,synthetic-input-060,512,synthetic-weights-6,0.25,0.01,,,"[""synthetic-reference-060"", ""synthetic-reference-246""]","[""synthetic-native-060"", ""synthetic-native-039""]",False,.25000000000001,.25,.25,.010000000000000000000001,.01,.01,1E-24,0,1E-14,0,.3,1e-18,1e-12,1e-6
synthetic-input-061,512,synthetic-weights-7,0.25,0.01,,,"[""synthetic-reference-061"", ""synthetic-reference-247""]","[""synthetic-native-061"", ""synthetic-native-040""]",,,compared,True,True,True,True,True,False,False,False,[],,"[{""p"": "".251"", ""J"": "".0100001"", ""signed_gap"": "".0000001""}]",0.01,synthetic-input-061,512,synthetic-weights-7,0.25,0.01,,,"[""synthetic-reference-061"", ""synthetic-reference-247""]","[""synthetic-native-061"", ""synthetic-native-040""]",False,.25000000000001,.25,.25,.010000000000000000000001,.01,.01,-1E-24,0,-1E-14,0,.3,1e-18,1e-12,1e-6
synthetic-input-062,512,synthetic-weights-8,0.25,0.01,,,"[""synthetic-reference-062"", ""synthetic-reference-248""]","[""synthetic-native-062"", ""synthetic-native-041""]",,,compared,True,True,True,True,True,False,False,False,[],,"[{""p"": "".251"", ""J"": "".0100001"", ""signed_gap"": "".0000001""}]",0.01,synthetic-input-062,512,synthetic-weights-8,0.25,0.01,,,"[""synthetic-reference-062"", ""synthetic-reference-248""]","[""synthetic-native-062"", ""synthetic-native-041""]",False,.25000000000001,.25,.25,.010000000000000000000001,.01,.01,1E-24,0,1E-14,0,.3,1e-18,1e-12,1e-6
synthetic-input-063,512,synthetic-weights-0,0.25,0.01,,,"[""synthetic-reference-063"", ""synthetic-reference-249""]","[""synthetic-native-063"", ""synthetic-native-042""]",,,compared,True,True,True,True,True,False,False,False,[],,"[{""p"": "".251"", ""J"": "".0100001"", ""signed_gap"": "".0000001""}]",0.01,synthetic-input-063,512,synthetic-weights-0,0.25,0.01,,,"[""synthetic-reference-063"", ""synthetic-reference-249""]","[""synthetic-native-063"", ""synthetic-native-042""]",False,.25000000000001,.25,.25,.010000000000000000000001,.01,.01,-1E-24,0,-1E-14,0,.3,1e-18,1e-12,1e-6
synthetic-input-064,512,synthetic-weights-1,0.25,0.01,,,"[""synthetic-reference-064"", ""synthetic-reference-250""]","[""synthetic-native-064"", ""synthetic-native-043""]",,,compared,True,True,True,True,True,False,False,False,[],,"[{""p"": "".251"", ""J"": "".0100001"", ""signed_gap"": "".0000001""}]",0.01,synthetic-input-064,512,synthetic-weights-1,0.25,0.01,,,"[""synthetic-reference-064"", ""synthetic-reference-250""]","[""synthetic-native-064"", ""synthetic-native-043""]",False,.25000000000001,.25,.25,.010000000000000000000001,.01,.01,1E-24,0,1E-14,0,.3,1e-18,1e-12,1e-6
synthetic-input-065,512,synthetic-weights-2,0.25,0.01,,,"[""synthetic-reference-065"", ""synthetic-reference-251""]","[""synthetic-native-065"", ""synthetic-native-044""]",,,compared,True,True,True,True,True,False,False,False,[],,"[{""p"": "".251"", ""J"": "".0100001"", ""signed_gap"": "".0000001""}]",0.01,synthetic-input-065,512,synthetic-weights-2,0.25,0.01,,,"[""synthetic-reference-065"", ""synthetic-reference-251""]","[""synthetic-native-065"", ""synthetic-native-044""]",False,.25000000000001,.25,.25,.010000000000000000000001,.01,.01,-1E-24,0,-1E-14,0,.3,1e-18,1e-12,1e-6
synthetic-input-066,512,synthetic-weights-3,0.25,0.01,,,"[""synthetic-reference-066"", ""synthetic-reference-252""]","[""synthetic-native-066"", ""synthetic-native-045""]",,,compared,True,True,True,True,True,False,False,False,[],,"[{""p"": "".251"", ""J"": "".0100001"", ""signed_gap"": "".0000001""}]",0.01,synthetic-input-066,512,synthetic-weights-3,0.25,0.01,,,"[""synthetic-reference-066"", ""synthetic-reference-252""]","[""synthetic-native-066"", ""synthetic-native-045""]",False,.25000000000001,.25,.25,.010000000000000000000001,.01,.01,1E-24,0,1E-14,0,.3,1e-18,1e-12,1e-6
synthetic-input-067,512,synthetic-weights-4,0.25,0.01,,,"[""synthetic-reference-067"", ""synthetic-reference-253""]","[""synthetic-native-067"", ""synthetic-native-046""]",,,compared,True,True,True,True,True,False,False,False,[],,"[{""p"": "".251"", ""J"": "".0100001"", ""signed_gap"": "".0000001""}]",0.01,synthetic-input-067,512,synthetic-weights-4,0.25,0.01,,,"[""synthetic-reference-067"", ""synthetic-reference-253""]","[""synthetic-native-067"", ""synthetic-native-046""]",False,.25000000000001,.25,.25,.010000000000000000000001,.01,.01,-1E-24,0,-1E-14,0,.3,1e-18,1e-12,1e-6
synthetic-input-068,512,synthetic-weights-5,0.25,0.01,,,"[""synthetic-reference-068"", ""synthetic-reference-254""]","[""synthetic-native-068"", ""synthetic-native-047""]",,,compared,True,True,True,True,True,False,False,False,[],,"[{""p"": "".251"", ""J"": "".0100001"", ""signed_gap"": "".0000001""}]",0.01,synthetic-input-068,512,synthetic-weights-5,0.25,0.01,,,"[""synthetic-reference-068"", ""synthetic-reference-254""]","[""synthetic-native-068"", ""synthetic-native-047""]",False,.25000000000001,.25,.25,.010000000000000000000001,.01,.01,1E-24,0,1E-14,0,.3,1e-18,1e-12,1e-6
synthetic-input-069,512,synthetic-weights-6,0.25,0.01,,,"[""synthetic-reference-069"", ""synthetic-reference-255""]","[""synthetic-native-069"", ""synthetic-native-048""]",,,compared,True,True,True,True,True,False,False,False,[],,"[{""p"": "".251"", ""J"": "".0100001"", ""signed_gap"": "".0000001""}]",0.01,synthetic-input-069,512,synthetic-weights-6,0.25,0.01,,,"[""synthetic-reference-069"", ""synthetic-reference-255""]","[""synthetic-native-069"", ""synthetic-native-048""]",False,.25000000000001,.25,.25,.010000000000000000000001,.01,.01,-1E-24,0,-1E-14,0,.3,1e-18,1e-12,1e-6
synthetic-input-070,512,synthetic-weights-7,0.25,0.01,,,"[""synthetic-reference-070"", ""synthetic-reference-256""]","[""synthetic-native-070"", ""synthetic-native-049""]",,,compared,True,True,True,True,True,False,False,False,[],,"[{""p"": "".251"", ""J"": "".0100001"", ""signed_gap"": "".0000001""}]",0.01,synthetic-input-070,512,synthetic-weights-7,0.25,0.01,,,"[""synthetic-reference-070"", ""synthetic-reference-256""]","[""synthetic-native-070"", ""synthetic-native-049""]",False,.25000000000001,.25,.25,.010000000000000000000001,.01,.01,1E-24,0,1E-14,0,.3,1e-18,1e-12,1e-6
synthetic-input-071,512,synthetic-weights-8,0.25,0.01,,,"[""synthetic-reference-071"", ""synthetic-reference-257""]","[""synthetic-native-071"", ""synthetic-native-050""]",,,compared,True,True,True,True,True,False,False,False,[],,"[{""p"": "".251"", ""J"": "".0100001"", ""signed_gap"": "".0000001""}]",0.01,synthetic-input-071,512,synthetic-weights-8,0.25,0.01,,,"[""synthetic-reference-071"", ""synthetic-reference-257""]","[""synthetic-native-071"", ""synthetic-native-050""]",False,.25000000000001,.25,.25,.010000000000000000000001,.01,.01,-1E-24,0,-1E-14,0,.3,1e-18,1e-12,1e-6
synthetic-input-072,512,synthetic-weights-0,0.25,0.01,,,"[""synthetic-reference-072"", ""synthetic-reference-258""]","[""synthetic-native-072"", ""synthetic-native-051""]",,,compared,True,True,True,True,True,False,False,False,[],,"[{""p"": "".251"", ""J"": "".0100001"", ""signed_gap"": "".0000001""}]",0.01,synthetic-input-072,512,synthetic-weights-0,0.25,0.01,,,"[""synthetic-reference-072"", ""synthetic-reference-258""]","[""synthetic-native-072"", ""synthetic-native-051""]",False,.25000000000001,.25,.25,.010000000000000000000001,.01,.01,1E-24,0,1E-14,0,.3,1e-18,1e-12,1e-6
synthetic-input-073,512,synthetic-weights-1,0.25,0.01,,,"[""synthetic-reference-073"", ""synthetic-reference-259""]","[""synthetic-native-073"", ""synthetic-native-052""]",,,compared,True,True,True,True,True,False,False,False,[],,"[{""p"": "".251"", ""J"": "".0100001"", ""signed_gap"": "".0000001""}]",0.01,synthetic-input-073,512,synthetic-weights-1,0.25,0.01,,,"[""synthetic-reference-073"", ""synthetic-reference-259""]","[""synthetic-native-073"", ""synthetic-native-052""]",False,.25000000000001,.25,.25,.010000000000000000000001,.01,.01,-1E-24,0,-1E-14,0,.3,1e-18,1e-12,1e-6
synthetic-input-074,512,synthetic-weights-2,0.25,0.01,,,"[""synthetic-reference-074"", ""synthetic-reference-260""]","[""synthetic-native-074"", ""synthetic-native-053""]",,,compared,True,True,True,True,True,False,False,False,[],,"[{""p"": "".251"", ""J"": "".0100001"", ""signed_gap"": "".0000001""}]",0.01,synthetic-input-074,512,synthetic-weights-2,0.25,0.01,,,"[""synthetic-reference-074"", ""synthetic-reference-260""]","[""synthetic-native-074"", ""synthetic-native-053""]",False,.25000000000001,.25,.25,.010000000000000000000001,.01,.01,1E-24,0,1E-14,0,.3,1e-18,1e-12,1e-6
synthetic-input-075,512,synthetic-weights-3,0.25,0.01,,,"[""synthetic-reference-075"", ""synthetic-reference-261""]","[""synthetic-native-075"", ""synthetic-native-054""]",,,compared,True,True,True,True,True,False,False,False,[],,"[{""p"": "".251"", ""J"": "".0100001"", ""signed_gap"": "".0000001""}]",0.01,synthetic-input-075,512,synthetic-weights-3,0.25,0.01,,,"[""synthetic-reference-075"", ""synthetic-reference-261""]","[""synthetic-native-075"", ""synthetic-native-054""]",False,.25000000000001,.25,.25,.010000000000000000000001,.01,.01,-1E-24,0,-1E-14,0,.3,1e-18,1e-12,1e-6
synthetic-input-076,512,synthetic-weights-4,0.25,0.01,,,"[""synthetic-reference-076"", ""synthetic-reference-262""]","[""synthetic-native-076"", ""synthetic-native-055""]",,,compared,True,True,True,True,True,False,False,False,[],,"[{""p"": "".251"", ""J"": "".0100001"", ""signed_gap"": "".0000001""}]",0.01,synthetic-input-076,512,synthetic-weights-4,0.25,0.01,,,"[""synthetic-reference-076"", ""synthetic-reference-262""]","[""synthetic-native-076"", ""synthetic-native-055""]",False,.25000000000001,.25,.25,.010000000000000000000001,.01,.01,1E-24,0,1E-14,0,.3,1e-18,1e-12,1e-6
synthetic-input-077,512,synthetic-weights-5,0.25,0.01,,,"[""synthetic-reference-077"", ""synthetic-reference-263""]","[""synthetic-native-077"", ""synthetic-native-056""]",,,compared,True,True,True,True,True,False,False,False,[],,"[{""p"": "".251"", ""J"": "".0100001"", ""signed_gap"": "".0000001""}]",0.01,synthetic-input-077,512,synthetic-weights-5,0.25,0.01,,,"[""synthetic-reference-077"", ""synthetic-reference-263""]","[""synthetic-native-077"", ""synthetic-native-056""]",False,.25000000000001,.25,.25,.010000000000000000000001,.01,.01,-1E-24,0,-1E-14,0,.3,1e-18,1e-12,1e-6
synthetic-input-078,512,synthetic-weights-6,0.25,0.01,,,"[""synthetic-reference-078"", ""synthetic-reference-264""]","[""synthetic-native-078"", ""synthetic-native-057""]",,,compared,True,True,True,True,True,False,False,False,[],,"[{""p"": "".251"", ""J"": "".0100001"", ""signed_gap"": "".0000001""}]",0.01,synthetic-input-078,512,synthetic-weights-6,0.25,0.01,,,"[""synthetic-reference-078"", ""synthetic-reference-264""]","[""synthetic-native-078"", ""synthetic-native-057""]",False,.25000000000001,.25,.25,.010000000000000000000001,.01,.01,1E-24,0,1E-14,0,.3,1e-18,1e-12,1e-6
synthetic-input-079,512,synthetic-weights-7,0.25,0.01,,,"[""synthetic-reference-079"", ""synthetic-reference-265""]","[""synthetic-native-079"", ""synthetic-native-058""]",,,compared,True,True,True,True,True,False,False,False,[],,"[{""p"": "".251"", ""J"": "".0100001"", ""signed_gap"": "".0000001""}]",0.01,synthetic-input-079,512,synthetic-weights-7,0.25,0.01,,,"[""synthetic-reference-079"", ""synthetic-reference-265""]","[""synthetic-native-079"", ""synthetic-native-058""]",False,.25000000000001,.25,.25,.010000000000000000000001,.01,.01,-1E-24,0,-1E-14,0,.3,1e-18,1e-12,1e-6
synthetic-input-080,512,synthetic-weights-8,0.25,0.01,,,"[""synthetic-reference-080"", ""synthetic-reference-266""]","[""synthetic-native-080"", ""synthetic-native-059""]",,,compared,True,True,True,True,True,False,False,False,[],,"[{""p"": "".251"", ""J"": "".0100001"", ""signed_gap"": "".0000001""}]",0.01,synthetic-input-080,512,synthetic-weights-8,0.25,0.01,,,"[""synthetic-reference-080"", ""synthetic-reference-266""]","[""synthetic-native-080"", ""synthetic-native-059""]",False,.25000000000001,.25,.25,.010000000000000000000001,.01,.01,1E-24,0,1E-14,0,.3,1e-18,1e-12,1e-6
synthetic-input-081,512,synthetic-weights-0,0.25,0.01,,,"[""synthetic-reference-081"", ""synthetic-reference-267""]","[""synthetic-native-081"", ""synthetic-native-060""]",,,compared,True,True,True,True,True,False,False,False,[],,"[{""p"": "".251"", ""J"": "".0100001"", ""signed_gap"": "".0000001""}]",0.01,synthetic-input-081,512,synthetic-weights-0,0.25,0.01,,,"[""synthetic-reference-081"", ""synthetic-reference-267""]","[""synthetic-native-081"", ""synthetic-native-060""]",False,.25000000000001,.25,.25,.010000000000000000000001,.01,.01,-1E-24,0,-1E-14,0,.3,1e-18,1e-12,1e-6
synthetic-input-082,512,synthetic-weights-1,0.25,0.01,,,"[""synthetic-reference-082"", ""synthetic-reference-268""]","[""synthetic-native-082"", ""synthetic-native-061""]",,,compared,True,True,True,True,True,False,False,False,[],,"[{""p"": "".251"", ""J"": "".0100001"", ""signed_gap"": "".0000001""}]",0.01,synthetic-input-082,512,synthetic-weights-1,0.25,0.01,,,"[""synthetic-reference-082"", ""synthetic-reference-268""]","[""synthetic-native-082"", ""synthetic-native-061""]",False,.25000000000001,.25,.25,.010000000000000000000001,.01,.01,1E-24,0,1E-14,0,.3,1e-18,1e-12,1e-6
synthetic-input-083,512,synthetic-weights-2,0.25,0.01,,,"[""synthetic-reference-083"", ""synthetic-reference-269""]","[""synthetic-native-083"", ""synthetic-native-062""]",,,compared,True,True,True,True,True,False,False,False,[],,"[{""p"": "".251"", ""J"": "".0100001"", ""signed_gap"": "".0000001""}]",0.01,synthetic-input-083,512,synthetic-weights-2,0.25,0.01,,,"[""synthetic-reference-083"", ""synthetic-reference-269""]","[""synthetic-native-083"", ""synthetic-native-062""]",False,.25000000000001,.25,.25,.010000000000000000000001,.01,.01,-1E-24,0,-1E-14,0,.3,1e-18,1e-12,1e-6
synthetic-input-084,512,synthetic-weights-3,0.25,0.01,,,"[""synthetic-reference-084"", ""synthetic-reference-270""]","[""synthetic-native-084"", ""synthetic-native-063""]",,,compared,True,True,True,True,True,False,False,False,[],,"[{""p"": "".251"", ""J"": "".0100001"", ""signed_gap"": "".0000001""}]",0.01,synthetic-input-084,512,synthetic-weights-3,0.25,0.01,,,"[""synthetic-reference-084"", ""synthetic-reference-270""]","[""synthetic-native-084"", ""synthetic-native-063""]",False,.25000000000001,.25,.25,.010000000000000000000001,.01,.01,1E-24,0,1E-14,0,.3,1e-18,1e-12,1e-6
synthetic-input-085,512,synthetic-weights-4,0.25,0.01,,,"[""synthetic-reference-085"", ""synthetic-reference-271""]","[""synthetic-native-085"", ""synthetic-native-064""]",,,compared,True,True,True,True,True,False,False,False,[],,"[{""p"": "".251"", ""J"": "".0100001"", ""signed_gap"": "".0000001""}]",0.01,synthetic-input-085,512,synthetic-weights-4,0.25,0.01,,,"[""synthetic-reference-085"", ""synthetic-reference-271""]","[""synthetic-native-085"", ""synthetic-native-064""]",False,.25000000000001,.25,.25,.010000000000000000000001,.01,.01,-1E-24,0,-1E-14,0,.3,1e-18,1e-12,1e-6
synthetic-input-086,512,synthetic-weights-5,0.25,0.01,,,"[""synthetic-reference-086"", ""synthetic-reference-272""]","[""synthetic-native-086"", ""synthetic-native-065""]",,,compared,True,True,True,True,True,False,False,False,[],,"[{""p"": "".251"", ""J"": "".0100001"", ""signed_gap"": "".0000001""}]",0.01,synthetic-input-086,512,synthetic-weights-5,0.25,0.01,,,"[""synthetic-reference-086"", ""synthetic-reference-272""]","[""synthetic-native-086"", ""synthetic-native-065""]",False,.25000000000001,.25,.25,.010000000000000000000001,.01,.01,1E-24,0,1E-14,0,.3,1e-18,1e-12,1e-6
synthetic-input-087,512,synthetic-weights-6,0.25,0.01,,,"[""synthetic-reference-087"", ""synthetic-reference-273""]","[""synthetic-native-087"", ""synthetic-native-066""]",,,compared,True,True,True,True,True,False,False,False,[],,"[{""p"": "".251"", ""J"": "".0100001"", ""signed_gap"": "".0000001""}]",0.01,synthetic-input-087,512,synthetic-weights-6,0.25,0.01,,,"[""synthetic-reference-087"", ""synthetic-reference-273""]","[""synthetic-native-087"", ""synthetic-native-066""]",False,.25000000000001,.25,.25,.010000000000000000000001,.01,.01,-1E-24,0,-1E-14,0,.3,1e-18,1e-12,1e-6
synthetic-input-088,512,synthetic-weights-7,0.25,0.01,,,"[""synthetic-reference-088"", ""synthetic-reference-274""]","[""synthetic-native-088"", ""synthetic-native-067""]",,,compared,True,True,True,True,True,False,False,False,[],,"[{""p"": "".251"", ""J"": "".0100001"", ""signed_gap"": "".0000001""}]",0.01,synthetic-input-088,512,synthetic-weights-7,0.25,0.01,,,"[""synthetic-reference-088"", ""synthetic-reference-274""]","[""synthetic-native-088"", ""synthetic-native-067""]",False,.25000000000001,.25,.25,.010000000000000000000001,.01,.01,1E-24,0,1E-14,0,.3,1e-18,1e-12,1e-6
synthetic-input-089,512,synthetic-weights-8,0.25,0.01,,,"[""synthetic-reference-089"", ""synthetic-reference-275""]","[""synthetic-native-089"", ""synthetic-native-068""]",,,compared,True,True,True,True,True,False,False,False,[],,"[{""p"": "".251"", ""J"": "".0100001"", ""signed_gap"": "".0000001""}]",0.01,synthetic-input-089,512,synthetic-weights-8,0.25,0.01,,,"[""synthetic-reference-089"", ""synthetic-reference-275""]","[""synthetic-native-089"", ""synthetic-native-068""]",False,.25000000000001,.25,.25,.010000000000000000000001,.01,.01,-1E-24,0,-1E-14,0,.3,1e-18,1e-12,1e-6
synthetic-input-090,512,synthetic-weights-0,0.25,0.01,,,"[""synthetic-reference-090"", ""synthetic-reference-276""]","[""synthetic-native-090"", ""synthetic-native-069""]",,,compared,True,True,True,True,True,False,False,False,[],,"[{""p"": "".251"", ""J"": "".0100001"", ""signed_gap"": "".0000001""}]",0.01,synthetic-input-090,512,synthetic-weights-0,0.25,0.01,,,"[""synthetic-reference-090"", ""synthetic-reference-276""]","[""synthetic-native-090"", ""synthetic-native-069""]",False,.25000000000001,.25,.25,.010000000000000000000001,.01,.01,1E-24,0,1E-14,0,.3,1e-18,1e-12,1e-6
synthetic-input-091,512,synthetic-weights-1,0.25,0.01,,,"[""synthetic-reference-091"", ""synthetic-reference-277""]","[""synthetic-native-091"", ""synthetic-native-070""]",,,compared,True,True,True,True,True,False,False,False,[],,"[{""p"": "".251"", ""J"": "".0100001"", ""signed_gap"": "".0000001""}]",0.01,synthetic-input-091,512,synthetic-weights-1,0.25,0.01,,,"[""synthetic-reference-091"", ""synthetic-reference-277""]","[""synthetic-native-091"", ""synthetic-native-070""]",False,.25000000000001,.25,.25,.010000000000000000000001,.01,.01,-1E-24,0,-1E-14,0,.3,1e-18,1e-12,1e-6
synthetic-input-092,512,synthetic-weights-2,0.25,0.01,,,"[""synthetic-reference-092"", ""synthetic-reference-278""]","[""synthetic-native-092"", ""synthetic-native-071""]",,,compared,True,True,True,True,True,False,False,False,[],,"[{""p"": "".251"", ""J"": "".0100001"", ""signed_gap"": "".0000001""}]",0.01,synthetic-input-092,512,synthetic-weights-2,0.25,0.01,,,"[""synthetic-reference-092"", ""synthetic-reference-278""]","[""synthetic-native-092"", ""synthetic-native-071""]",False,.25000000000001,.25,.25,.010000000000000000000001,.01,.01,1E-24,0,1E-14,0,.3,1e-18,1e-12,1e-6
synthetic-input-093,512,synthetic-weights-3,0.25,0.01,,,"[""synthetic-reference-093"", ""synthetic-reference-279""]","[""synthetic-native-093"", ""synthetic-native-072""]",,,compared,True,True,True,True,True,False,False,False,[],,"[{""p"": "".251"", ""J"": "".0100001"", ""signed_gap"": "".0000001""}]",0.01,synthetic-input-093,512,synthetic-weights-3,0.25,0.01,,,"[""synthetic-reference-093"", ""synthetic-reference-279""]","[""synthetic-native-093"", ""synthetic-native-072""]",False,.25000000000001,.25,.25,.010000000000000000000001,.01,.01,-1E-24,0,-1E-14,0,.3,1e-18,1e-12,1e-6
synthetic-input-094,512,synthetic-weights-4,0.25,0.01,,,"[""synthetic-reference-094"", ""synthetic-reference-280""]","[""synthetic-native-094"", ""synthetic-native-073""]",,,compared,True,True,True,True,True,False,False,False,[],,"[{""p"": "".251"", ""J"": "".0100001"", ""signed_gap"": "".0000001""}]",0.01,synthetic-input-094,512,synthetic-weights-4,0.25,0.01,,,"[""synthetic-reference-094"", ""synthetic-reference-280""]","[""synthetic-native-094"", ""synthetic-native-073""]",False,.25000000000001,.25,.25,.010000000000000000000001,.01,.01,1E-24,0,1E-14,0,.3,1e-18,1e-12,1e-6
synthetic-input-095,512,synthetic-weights-5,0.25,0.01,,,"[""synthetic-reference-095"", ""synthetic-reference-281""]","[""synthetic-native-095"", ""synthetic-native-074""]",,,compared,True,True,True,True,True,False,False,False,[],,"[{""p"": "".251"", ""J"": "".0100001"", ""signed_gap"": "".0000001""}]",0.01,synthetic-input-095,512,synthetic-weights-5,0.25,0.01,,,"[""synthetic-reference-095"", ""synthetic-reference-281""]","[""synthetic-native-095"", ""synthetic-native-074""]",False,.25000000000001,.25,.25,.010000000000000000000001,.01,.01,-1E-24,0,-1E-14,0,.3,1e-18,1e-12,1e-6
synthetic-input-096,512,synthetic-weights-6,0.25,0.01,,,"[""synthetic-reference-096"", ""synthetic-reference-282""]","[""synthetic-native-096"", ""synthetic-native-075""]",,,compared,True,True,True,True,True,False,False,False,[],,"[{""p"": "".251"", ""J"": "".0100001"", ""signed_gap"": "".0000001""}]",0.01,synthetic-input-096,512,synthetic-weights-6,0.25,0.01,,,"[""synthetic-reference-096"", ""synthetic-reference-282""]","[""synthetic-native-096"", ""synthetic-native-075""]",False,.25000000000001,.25,.25,.010000000000000000000001,.01,.01,1E-24,0,1E-14,0,.3,1e-18,1e-12,1e-6
synthetic-input-097,512,synthetic-weights-7,0.25,0.01,,,"[""synthetic-reference-097"", ""synthetic-reference-283""]","[""synthetic-native-097"", ""synthetic-native-076""]",,,compared,True,True,True,True,True,False,False,False,[],,"[{""p"": "".251"", ""J"": "".0100001"", ""signed_gap"": "".0000001""}]",0.01,synthetic-input-097,512,synthetic-weights-7,0.25,0.01,,,"[""synthetic-reference-097"", ""synthetic-reference-283""]","[""synthetic-native-097"", ""synthetic-native-076""]",False,.25000000000001,.25,.25,.010000000000000000000001,.01,.01,-1E-24,0,-1E-14,0,.3,1e-18,1e-12,1e-6
synthetic-input-098,512,synthetic-weights-8,0.25,0.01,,,"[""synthetic-reference-098"", ""synthetic-reference-284""]","[""synthetic-native-098"", ""synthetic-native-077""]",,,compared,True,True,True,True,True,False,False,False,[],,"[{""p"": "".251"", ""J"": "".0100001"", ""signed_gap"": "".0000001""}]",0.01,synthetic-input-098,512,synthetic-weights-8,0.25,0.01,,,"[""synthetic-reference-098"", ""synthetic-reference-284""]","[""synthetic-native-098"", ""synthetic-native-077""]",False,.25000000000001,.25,.25,.010000000000000000000001,.01,.01,1E-24,0,1E-14,0,.3,1e-18,1e-12,1e-6
synthetic-input-099,512,synthetic-weights-0,0.25,0.01,,,"[""synthetic-reference-099"", ""synthetic-reference-285""]","[""synthetic-native-099"", ""synthetic-native-078""]",,,compared,True,True,True,True,True,False,False,False,[],,"[{""p"": "".251"", ""J"": "".0100001"", ""signed_gap"": "".0000001""}]",0.01,synthetic-input-099,512,synthetic-weights-0,0.25,0.01,,,"[""synthetic-reference-099"", ""synthetic-reference-285""]","[""synthetic-native-099"", ""synthetic-native-078""]",False,.25000000000001,.25,.25,.010000000000000000000001,.01,.01,-1E-24,0,-1E-14,0,.3,1e-18,1e-12,1e-6
synthetic-input-100,512,synthetic-weights-1,0.25,0.01,,,"[""synthetic-reference-100"", ""synthetic-reference-286""]","[""synthetic-native-100"", ""synthetic-native-079""]",,,compared,True,True,True,True,True,False,False,False,[],,"[{""p"": "".251"", ""J"": "".0100001"", ""signed_gap"": "".0000001""}]",0.01,synthetic-input-100,512,synthetic-weights-1,0.25,0.01,,,"[""synthetic-reference-100"", ""synthetic-reference-286""]","[""synthetic-native-100"", ""synthetic-native-079""]",False,.25000000000001,.25,.25,.010000000000000000000001,.01,.01,1E-24,0,1E-14,0,.3,1e-18,1e-12,1e-6
synthetic-input-101,512,synthetic-weights-2,0.25,0.01,,,"[""synthetic-reference-101"", ""synthetic-reference-287""]","[""synthetic-native-101"", ""synthetic-native-080""]",,,compared,True,True,True,True,True,False,False,False,[],,"[{""p"": "".251"", ""J"": "".0100001"", ""signed_gap"": "".0000001""}]",0.01,synthetic-input-101,512,synthetic-weights-2,0.25,0.01,,,"[""synthetic-reference-101"", ""synthetic-reference-287""]","[""synthetic-native-101"", ""synthetic-native-080""]",False,.25000000000001,.25,.25,.010000000000000000000001,.01,.01,-1E-24,0,-1E-14,0,.3,1e-18,1e-12,1e-6
synthetic-input-102,512,synthetic-weights-3,0.25,0.01,,,"[""synthetic-reference-102"", ""synthetic-reference-288""]","[""synthetic-native-102"", ""synthetic-native-081""]",,,compared,True,True,True,True,True,False,False,False,[],,"[{""p"": "".251"", ""J"": "".0100001"", ""signed_gap"": "".0000001""}]",0.01,synthetic-input-102,512,synthetic-weights-3,0.25,0.01,,,"[""synthetic-reference-102"", ""synthetic-reference-288""]","[""synthetic-native-102"", ""synthetic-native-081""]",False,.25000000000001,.25,.25,.010000000000000000000001,.01,.01,1E-24,0,1E-14,0,.3,1e-18,1e-12,1e-6
synthetic-input-103,512,synthetic-weights-4,0.25,0.01,,,"[""synthetic-reference-103"", ""synthetic-reference-289""]","[""synthetic-native-103"", ""synthetic-native-082""]",,,compared,True,True,True,True,True,False,False,False,[],,"[{""p"": "".251"", ""J"": "".0100001"", ""signed_gap"": "".0000001""}]",0.01,synthetic-input-103,512,synthetic-weights-4,0.25,0.01,,,"[""synthetic-reference-103"", ""synthetic-reference-289""]","[""synthetic-native-103"", ""synthetic-native-082""]",False,.25000000000001,.25,.25,.010000000000000000000001,.01,.01,-1E-24,0,-1E-14,0,.3,1e-18,1e-12,1e-6
synthetic-input-104,512,synthetic-weights-5,0.25,0.01,,,"[""synthetic-reference-104"", ""synthetic-reference-290""]","[""synthetic-native-104"", ""synthetic-native-083""]",,,compared,True,True,True,True,True,False,False,False,[],,"[{""p"": "".251"", ""J"": "".0100001"", ""signed_gap"": "".0000001""}]",0.01,synthetic-input-104,512,synthetic-weights-5,0.25,0.01,,,"[""synthetic-reference-104"", ""synthetic-reference-290""]","[""synthetic-native-104"", ""synthetic-native-083""]",False,.25000000000001,.25,.25,.010000000000000000000001,.01,.01,1E-24,0,1E-14,0,.3,1e-18,1e-12,1e-6
synthetic-input-105,512,synthetic-weights-6,0.25,0.01,,,"[""synthetic-reference-105"", ""synthetic-reference-291""]","[""synthetic-native-105"", ""synthetic-native-084""]",,,compared,True,True,True,True,True,False,False,False,[],,"[{""p"": "".251"", ""J"": "".0100001"", ""signed_gap"": "".0000001""}]",0.01,synthetic-input-105,512,synthetic-weights-6,0.25,0.01,,,"[""synthetic-reference-105"", ""synthetic-reference-291""]","[""synthetic-native-105"", ""synthetic-native-084""]",False,.25000000000001,.25,.25,.010000000000000000000001,.01,.01,-1E-24,0,-1E-14,0,.3,1e-18,1e-12,1e-6
synthetic-input-106,512,synthetic-weights-7,0.25,0.01,,,"[""synthetic-reference-106"", ""synthetic-reference-292""]","[""synthetic-native-106"", ""synthetic-native-085""]",,,compared,True,True,True,True,True,False,False,False,[],,"[{""p"": "".251"", ""J"": "".0100001"", ""signed_gap"": "".0000001""}]",0.01,synthetic-input-106,512,synthetic-weights-7,0.25,0.01,,,"[""synthetic-reference-106"", ""synthetic-reference-292""]","[""synthetic-native-106"", ""synthetic-native-085""]",False,.25000000000001,.25,.25,.010000000000000000000001,.01,.01,1E-24,0,1E-14,0,.3,1e-18,1e-12,1e-6
synthetic-input-107,512,synthetic-weights-8,0.25,0.01,,,"[""synthetic-reference-107"", ""synthetic-reference-293""]","[""synthetic-native-107"", ""synthetic-native-086""]",,,compared,True,True,True,True,True,False,False,False,[],,"[{""p"": "".251"", ""J"": "".0100001"", ""signed_gap"": "".0000001""}]",0.01,synthetic-input-107,512,synthetic-weights-8,0.25,0.01,,,"[""synthetic-reference-107"", ""synthetic-reference-293""]","[""synthetic-native-107"", ""synthetic-native-086""]",False,.25000000000001,.25,.25,.010000000000000000000001,.01,.01,-1E-24,0,-1E-14,0,.3,1e-18,1e-12,1e-6
synthetic-input-108,512,synthetic-weights-0,0.25,0.01,,,"[""synthetic-reference-108"", ""synthetic-reference-294""]","[""synthetic-native-108"", ""synthetic-native-087""]",,,compared,True,True,True,True,True,False,False,False,[],,"[{""p"": "".251"", ""J"": "".0100001"", ""signed_gap"": "".0000001""}]",0.01,synthetic-input-108,512,synthetic-weights-0,0.25,0.01,,,"[""synthetic-reference-108"", ""synthetic-reference-294""]","[""synthetic-native-108"", ""synthetic-native-087""]",False,.25000000000001,.25,.25,.010000000000000000000001,.01,.01,1E-24,0,1E-14,0,.3,1e-18,1e-12,1e-6
synthetic-input-109,512,synthetic-weights-1,0.25,0.01,,,"[""synthetic-reference-109"", ""synthetic-reference-295""]","[""synthetic-native-109"", ""synthetic-native-088""]",,,compared,True,True,True,True,True,False,False,False,[],,"[{""p"": "".251"", ""J"": "".0100001"", ""signed_gap"": "".0000001""}]",0.01,synthetic-input-109,512,synthetic-weights-1,0.25,0.01,,,"[""synthetic-reference-109"", ""synthetic-reference-295""]","[""synthetic-native-109"", ""synthetic-native-088""]",False,.25000000000001,.25,.25,.010000000000000000000001,.01,.01,-1E-24,0,-1E-14,0,.3,1e-18,1e-12,1e-6
synthetic-input-110,512,synthetic-weights-2,0.25,0.01,,,"[""synthetic-reference-110"", ""synthetic-reference-296""]","[""synthetic-native-110"", ""synthetic-native-089""]",,,compared,True,True,True,True,True,False,False,False,[],,"[{""p"": "".251"", ""J"": "".0100001"", ""signed_gap"": "".0000001""}]",0.01,synthetic-input-110,512,synthetic-weights-2,0.25,0.01,,,"[""synthetic-reference-110"", ""synthetic-reference-296""]","[""synthetic-native-110"", ""synthetic-native-089""]",False,.25000000000001,.25,.25,.010000000000000000000001,.01,.01,1E-24,0,1E-14,0,.3,1e-18,1e-12,1e-6
synthetic-input-111,512,synthetic-weights-3,0.25,0.01,,,"[""synthetic-reference-111"", ""synthetic-reference-297""]","[""synthetic-native-111"", ""synthetic-native-090""]",,,compared,True,True,True,True,True,False,False,False,[],,"[{""p"": "".251"", ""J"": "".0100001"", ""signed_gap"": "".0000001""}]",0.01,synthetic-input-111,512,synthetic-weights-3,0.25,0.01,,,"[""synthetic-reference-111"", ""synthetic-reference-297""]","[""synthetic-native-111"", ""synthetic-native-090""]",False,.25000000000001,.25,.25,.010000000000000000000001,.01,.01,-1E-24,0,-1E-14,0,.3,1e-18,1e-12,1e-6
synthetic-input-112,512,synthetic-weights-4,0.25,0.01,,,"[""synthetic-reference-112"", ""synthetic-reference-298""]","[""synthetic-native-112"", ""synthetic-native-091""]",,,compared,True,True,True,True,True,False,False,False,[],,"[{""p"": "".251"", ""J"": "".0100001"", ""signed_gap"": "".0000001""}]",0.01,synthetic-input-112,512,synthetic-weights-4,0.25,0.01,,,"[""synthetic-reference-112"", ""synthetic-reference-298""]","[""synthetic-native-112"", ""synthetic-native-091""]",False,.25000000000001,.25,.25,.010000000000000000000001,.01,.01,1E-24,0,1E-14,0,.3,1e-18,1e-12,1e-6
synthetic-input-113,512,synthetic-weights-5,0.25,0.01,,,"[""synthetic-reference-113"", ""synthetic-reference-299""]","[""synthetic-native-113"", ""synthetic-native-092""]",,,compared,True,True,True,True,True,False,False,False,[],,"[{""p"": "".251"", ""J"": "".0100001"", ""signed_gap"": "".0000001""}]",0.01,synthetic-input-113,512,synthetic-weights-5,0.25,0.01,,,"[""synthetic-reference-113"", ""synthetic-reference-299""]","[""synthetic-native-113"", ""synthetic-native-092""]",False,.25000000000001,.25,.25,.010000000000000000000001,.01,.01,-1E-24,0,-1E-14,0,.3,1e-18,1e-12,1e-6
synthetic-input-114,512,synthetic-weights-6,0.25,0.01,,,"[""synthetic-reference-114"", ""synthetic-reference-300""]","[""synthetic-native-114"", ""synthetic-native-093""]",,,compared,True,True,True,True,True,False,False,False,[],,"[{""p"": "".251"", ""J"": "".0100001"", ""signed_gap"": "".0000001""}]",0.01,synthetic-input-114,512,synthetic-weights-6,0.25,0.01,,,"[""synthetic-reference-114"", ""synthetic-reference-300""]","[""synthetic-native-114"", ""synthetic-native-093""]",False,.25000000000001,.25,.25,.010000000000000000000001,.01,.01,1E-24,0,1E-14,0,.3,1e-18,1e-12,1e-6
synthetic-input-115,512,synthetic-weights-7,0.25,0.01,,,"[""synthetic-reference-115"", ""synthetic-reference-301""]","[""synthetic-native-115"", ""synthetic-native-094""]",,,compared,True,True,True,True,True,False,False,False,[],,"[{""p"": "".251"", ""J"": "".0100001"", ""signed_gap"": "".0000001""}]",0.01,synthetic-input-115,512,synthetic-weights-7,0.25,0.01,,,"[""synthetic-reference-115"", ""synthetic-reference-301""]","[""synthetic-native-115"", ""synthetic-native-094""]",False,.25000000000001,.25,.25,.010000000000000000000001,.01,.01,-1E-24,0,-1E-14,0,.3,1e-18,1e-12,1e-6
synthetic-input-116,512,synthetic-weights-8,0.25,0.01,,,"[""synthetic-reference-116"", ""synthetic-reference-302""]","[""synthetic-native-116"", ""synthetic-native-095""]",,,compared,True,True,True,True,True,False,False,False,[],,"[{""p"": "".251"", ""J"": "".0100001"", ""signed_gap"": "".0000001""}]",0.01,synthetic-input-116,512,synthetic-weights-8,0.25,0.01,,,"[""synthetic-reference-116"", ""synthetic-reference-302""]","[""synthetic-native-116"", ""synthetic-native-095""]",False,.25000000000001,.25,.25,.010000000000000000000001,.01,.01,1E-24,0,1E-14,0,.3,1e-18,1e-12,1e-6
synthetic-input-117,512,synthetic-weights-0,0.25,0.01,,,"[""synthetic-reference-117"", ""synthetic-reference-303""]","[""synthetic-native-117"", ""synthetic-native-096""]",,,compared,True,True,True,True,True,False,False,False,[],,"[{""p"": "".251"", ""J"": "".0100001"", ""signed_gap"": "".0000001""}]",0.01,synthetic-input-117,512,synthetic-weights-0,0.25,0.01,,,"[""synthetic-reference-117"", ""synthetic-reference-303""]","[""synthetic-native-117"", ""synthetic-native-096""]",False,.25000000000001,.25,.25,.010000000000000000000001,.01,.01,-1E-24,0,-1E-14,0,.3,1e-18,1e-12,1e-6
synthetic-input-118,512,synthetic-weights-1,0.25,0.01,,,"[""synthetic-reference-118"", ""synthetic-reference-304""]","[""synthetic-native-118"", ""synthetic-native-097""]",,,compared,True,True,True,True,True,False,False,False,[],,"[{""p"": "".251"", ""J"": "".0100001"", ""signed_gap"": "".0000001""}]",0.01,synthetic-input-118,512,synthetic-weights-1,0.25,0.01,,,"[""synthetic-reference-118"", ""synthetic-reference-304""]","[""synthetic-native-118"", ""synthetic-native-097""]",False,.25000000000001,.25,.25,.010000000000000000000001,.01,.01,1E-24,0,1E-14,0,.3,1e-18,1e-12,1e-6
synthetic-input-119,512,synthetic-weights-2,0.25,0.01,,,"[""synthetic-reference-119"", ""synthetic-reference-305""]","[""synthetic-native-119"", ""synthetic-native-098""]",,,compared,True,True,True,True,True,False,False,False,[],,"[{""p"": "".251"", ""J"": "".0100001"", ""signed_gap"": "".0000001""}]",0.01,synthetic-input-119,512,synthetic-weights-2,0.25,0.01,,,"[""synthetic-reference-119"", ""synthetic-reference-305""]","[""synthetic-native-119"", ""synthetic-native-098""]",False,.25000000000001,.25,.25,.010000000000000000000001,.01,.01,-1E-24,0,-1E-14,0,.3,1e-18,1e-12,1e-6
synthetic-input-120,512,synthetic-weights-3,0.25,0.01,,,"[""synthetic-reference-120"", ""synthetic-reference-306""]","[""synthetic-native-120"", ""synthetic-native-099""]",,,compared,True,True,True,True,True,False,False,False,[],,"[{""p"": "".251"", ""J"": "".0100001"", ""signed_gap"": "".0000001""}]",0.01,synthetic-input-120,512,synthetic-weights-3,0.25,0.01,,,"[""synthetic-reference-120"", ""synthetic-reference-306""]","[""synthetic-native-120"", ""synthetic-native-099""]",False,.25000000000001,.25,.25,.010000000000000000000001,.01,.01,1E-24,0,1E-14,0,.3,1e-18,1e-12,1e-6
synthetic-input-121,512,synthetic-weights-4,0.25,0.01,,,"[""synthetic-reference-121"", ""synthetic-reference-307""]","[""synthetic-native-121"", ""synthetic-native-100""]",,,compared,True,True,True,True,True,False,False,False,[],,"[{""p"": "".251"", ""J"": "".0100001"", ""signed_gap"": "".0000001""}]",0.01,synthetic-input-121,512,synthetic-weights-4,0.25,0.01,,,"[""synthetic-reference-121"", ""synthetic-reference-307""]","[""synthetic-native-121"", ""synthetic-native-100""]",False,.25000000000001,.25,.25,.010000000000000000000001,.01,.01,-1E-24,0,-1E-14,0,.3,1e-18,1e-12,1e-6
synthetic-input-122,512,synthetic-weights-5,0.25,0.01,,,"[""synthetic-reference-122"", ""synthetic-reference-308""]","[""synthetic-native-122"", ""synthetic-native-101""]",,,compared,True,True,True,True,True,False,False,False,[],,"[{""p"": "".251"", ""J"": "".0100001"", ""signed_gap"": "".0000001""}]",0.01,synthetic-input-122,512,synthetic-weights-5,0.25,0.01,,,"[""synthetic-reference-122"", ""synthetic-reference-308""]","[""synthetic-native-122"", ""synthetic-native-101""]",False,.25000000000001,.25,.25,.010000000000000000000001,.01,.01,1E-24,0,1E-14,0,.3,1e-18,1e-12,1e-6
synthetic-input-123,512,synthetic-weights-6,0.25,0.01,,,"[""synthetic-reference-123"", ""synthetic-reference-309""]","[""synthetic-native-123"", ""synthetic-native-102""]",,,compared,True,True,True,True,True,False,False,False,[],,"[{""p"": "".251"", ""J"": "".0100001"", ""signed_gap"": "".0000001""}]",0.01,synthetic-input-123,512,synthetic-weights-6,0.25,0.01,,,"[""synthetic-reference-123"", ""synthetic-reference-309""]","[""synthetic-native-123"", ""synthetic-native-102""]",False,.25000000000001,.25,.25,.010000000000000000000001,.01,.01,-1E-24,0,-1E-14,0,.3,1e-18,1e-12,1e-6
synthetic-input-124,512,synthetic-weights-7,0.25,0.01,,,"[""synthetic-reference-124"", ""synthetic-reference-310""]","[""synthetic-native-124"", ""synthetic-native-103""]",,,compared,True,True,True,True,True,False,False,False,[],,"[{""p"": "".251"", ""J"": "".0100001"", ""signed_gap"": "".0000001""}]",0.01,synthetic-input-124,512,synthetic-weights-7,0.25,0.01,,,"[""synthetic-reference-124"", ""synthetic-reference-310""]","[""synthetic-native-124"", ""synthetic-native-103""]",False,.25000000000001,.25,.25,.010000000000000000000001,.01,.01,1E-24,0,1E-14,0,.3,1e-18,1e-12,1e-6
synthetic-input-125,512,synthetic-weights-8,0.25,0.01,,,"[""synthetic-reference-125"", ""synthetic-reference-311""]","[""synthetic-native-125"", ""synthetic-native-104""]",,,compared,True,True,True,True,True,False,False,False,[],,"[{""p"": "".251"", ""J"": "".0100001"", ""signed_gap"": "".0000001""}]",0.01,synthetic-input-125,512,synthetic-weights-8,0.25,0.01,,,"[""synthetic-reference-125"", ""synthetic-reference-311""]","[""synthetic-native-125"", ""synthetic-native-104""]",False,.25000000000001,.25,.25,.010000000000000000000001,.01,.01,-1E-24,0,-1E-14,0,.3,1e-18,1e-12,1e-6
synthetic-input-126,512,synthetic-weights-0,0.25,0.01,,,"[""synthetic-reference-126"", ""synthetic-reference-312""]","[""synthetic-native-126"", ""synthetic-native-105""]",,,compared,True,True,True,True,True,False,False,False,[],,"[{""p"": "".251"", ""J"": "".0100001"", ""signed_gap"": "".0000001""}]",0.01,synthetic-input-126,512,synthetic-weights-0,0.25,0.01,,,"[""synthetic-reference-126"", ""synthetic-reference-312""]","[""synthetic-native-126"", ""synthetic-native-105""]",False,.25000000000001,.25,.25,.010000000000000000000001,.01,.01,1E-24,0,1E-14,0,.3,1e-18,1e-12,1e-6
synthetic-input-127,512,synthetic-weights-1,0.25,0.01,,,"[""synthetic-reference-127"", ""synthetic-reference-313""]","[""synthetic-native-127"", ""synthetic-native-106""]",,,compared,True,True,True,True,True,False,False,False,[],,"[{""p"": "".251"", ""J"": "".0100001"", ""signed_gap"": "".0000001""}]",0.01,synthetic-input-127,512,synthetic-weights-1,0.25,0.01,,,"[""synthetic-reference-127"", ""synthetic-reference-313""]","[""synthetic-native-127"", ""synthetic-native-106""]",False,.25000000000001,.25,.25,.010000000000000000000001,.01,.01,-1E-24,0,-1E-14,0,.3,1e-18,1e-12,1e-6
synthetic-input-128,512,synthetic-weights-2,0.25,0.01,,,"[""synthetic-reference-128"", ""synthetic-reference-314""]","[""synthetic-native-128"", ""synthetic-native-107""]",,,compared,True,True,True,True,True,False,False,False,[],,"[{""p"": "".251"", ""J"": "".0100001"", ""signed_gap"": "".0000001""}]",0.01,synthetic-input-128,512,synthetic-weights-2,0.25,0.01,,,"[""synthetic-reference-128"", ""synthetic-reference-314""]","[""synthetic-native-128"", ""synthetic-native-107""]",False,.25000000000001,.25,.25,.010000000000000000000001,.01,.01,1E-24,0,1E-14,0,.3,1e-18,1e-12,1e-6
synthetic-input-129,512,synthetic-weights-3,0.25,0.01,,,"[""synthetic-reference-129"", ""synthetic-reference-315""]","[""synthetic-native-129"", ""synthetic-native-108""]",,,compared,True,True,True,True,True,False,False,False,[],,"[{""p"": "".251"", ""J"": "".0100001"", ""signed_gap"": "".0000001""}]",0.01,synthetic-input-129,512,synthetic-weights-3,0.25,0.01,,,"[""synthetic-reference-129"", ""synthetic-reference-315""]","[""synthetic-native-129"", ""synthetic-native-108""]",False,.25000000000001,.25,.25,.010000000000000000000001,.01,.01,-1E-24,0,-1E-14,0,.3,1e-18,1e-12,1e-6
synthetic-input-130,512,synthetic-weights-4,0.25,0.01,,,"[""synthetic-reference-130"", ""synthetic-reference-316""]","[""synthetic-native-130"", ""synthetic-native-109""]",,,compared,True,True,True,True,True,False,False,False,[],,"[{""p"": "".251"", ""J"": "".0100001"", ""signed_gap"": "".0000001""}]",0.01,synthetic-input-130,512,synthetic-weights-4,0.25,0.01,,,"[""synthetic-reference-130"", ""synthetic-reference-316""]","[""synthetic-native-130"", ""synthetic-native-109""]",False,.25000000000001,.25,.25,.010000000000000000000001,.01,.01,1E-24,0,1E-14,0,.3,1e-18,1e-12,1e-6
synthetic-input-131,512,synthetic-weights-5,0.25,0.01,,,"[""synthetic-reference-131"", ""synthetic-reference-317""]","[""synthetic-native-131"", ""synthetic-native-110""]",,,compared,True,True,True,True,True,False,False,False,[],,"[{""p"": "".251"", ""J"": "".0100001"", ""signed_gap"": "".0000001""}]",0.01,synthetic-input-131,512,synthetic-weights-5,0.25,0.01,,,"[""synthetic-reference-131"", ""synthetic-reference-317""]","[""synthetic-native-131"", ""synthetic-native-110""]",False,.25000000000001,.25,.25,.010000000000000000000001,.01,.01,-1E-24,0,-1E-14,0,.3,1e-18,1e-12,1e-6
synthetic-input-132,512,synthetic-weights-6,0.25,0.01,,,"[""synthetic-reference-132"", ""synthetic-reference-318""]","[""synthetic-native-132"", ""synthetic-native-111""]",,,compared,True,True,True,True,True,False,False,False,[],,"[{""p"": "".251"", ""J"": "".0100001"", ""signed_gap"": "".0000001""}]",0.01,synthetic-input-132,512,synthetic-weights-6,0.25,0.01,,,"[""synthetic-reference-132"", ""synthetic-reference-318""]","[""synthetic-native-132"", ""synthetic-native-111""]",False,.25000000000001,.25,.25,.010000000000000000000001,.01,.01,1E-24,0,1E-14,0,.3,1e-18,1e-12,1e-6
synthetic-input-133,512,synthetic-weights-7,0.25,0.01,,,"[""synthetic-reference-133"", ""synthetic-reference-319""]","[""synthetic-native-133"", ""synthetic-native-112""]",,,compared,True,True,True,True,True,False,False,False,[],,"[{""p"": "".251"", ""J"": "".0100001"", ""signed_gap"": "".0000001""}]",0.01,synthetic-input-133,512,synthetic-weights-7,0.25,0.01,,,"[""synthetic-reference-133"", ""synthetic-reference-319""]","[""synthetic-native-133"", ""synthetic-native-112""]",False,.25000000000001,.25,.25,.010000000000000000000001,.01,.01,-1E-24,0,-1E-14,0,.3,1e-18,1e-12,1e-6
synthetic-input-134,512,synthetic-weights-8,0.25,0.01,,,"[""synthetic-reference-134"", ""synthetic-reference-320""]","[""synthetic-native-134"", ""synthetic-native-113""]",,,compared,True,True,True,True,True,False,False,False,[],,"[{""p"": "".251"", ""J"": "".0100001"", ""signed_gap"": "".0000001""}]",0.01,synthetic-input-134,512,synthetic-weights-8,0.25,0.01,,,"[""synthetic-reference-134"", ""synthetic-reference-320""]","[""synthetic-native-134"", ""synthetic-native-113""]",False,.25000000000001,.25,.25,.010000000000000000000001,.01,.01,1E-24,0,1E-14,0,.3,1e-18,1e-12,1e-6
synthetic-input-135,512,synthetic-weights-0,0.25,0.01,,,"[""synthetic-reference-135"", ""synthetic-reference-321""]","[""synthetic-native-135"", ""synthetic-native-114""]",,,compared,True,True,True,True,True,False,False,False,[],,"[{""p"": "".251"", ""J"": "".0100001"", ""signed_gap"": "".0000001""}]",0.01,synthetic-input-135,512,synthetic-weights-0,0.25,0.01,,,"[""synthetic-reference-135"", ""synthetic-reference-321""]","[""synthetic-native-135"", ""synthetic-native-114""]",False,.25000000000001,.25,.25,.010000000000000000000001,.01,.01,-1E-24,0,-1E-14,0,.3,1e-18,1e-12,1e-6
synthetic-input-136,512,synthetic-weights-1,0.25,0.01,,,"[""synthetic-reference-136"", ""synthetic-reference-322""]","[""synthetic-native-136"", ""synthetic-native-115""]",,,compared,True,True,True,True,True,False,False,False,[],,"[{""p"": "".251"", ""J"": "".0100001"", ""signed_gap"": "".0000001""}]",0.01,synthetic-input-136,512,synthetic-weights-1,0.25,0.01,,,"[""synthetic-reference-136"", ""synthetic-reference-322""]","[""synthetic-native-136"", ""synthetic-native-115""]",False,.25000000000001,.25,.25,.010000000000000000000001,.01,.01,1E-24,0,1E-14,0,.3,1e-18,1e-12,1e-6
synthetic-input-137,512,synthetic-weights-2,0.25,0.01,,,"[""synthetic-reference-137"", ""synthetic-reference-323""]","[""synthetic-native-137"", ""synthetic-native-116""]",,,compared,True,True,True,True,True,False,False,False,[],,"[{""p"": "".251"", ""J"": "".0100001"", ""signed_gap"": "".0000001""}]",0.01,synthetic-input-137,512,synthetic-weights-2,0.25,0.01,,,"[""synthetic-reference-137"", ""synthetic-reference-323""]","[""synthetic-native-137"", ""synthetic-native-116""]",False,.25000000000001,.25,.25,.010000000000000000000001,.01,.01,-1E-24,0,-1E-14,0,.3,1e-18,1e-12,1e-6
synthetic-input-138,512,synthetic-weights-3,0.25,0.01,,,"[""synthetic-reference-138""]","[""synthetic-native-138""]",,,compared,True,True,True,True,True,False,False,False,[],,"[{""p"": "".251"", ""J"": "".0100001"", ""signed_gap"": "".0000001""}]",0.01,synthetic-input-138,512,synthetic-weights-3,0.25,0.01,,,"[""synthetic-reference-138""]","[""synthetic-native-138""]",False,.25000000000001,.25,.25,.010000000000000000000001,.01,.01,1E-24,0,1E-14,0,.3,1e-18,1e-12,1e-6
synthetic-input-139,512,synthetic-weights-4,0.25,0.01,,,"[""synthetic-reference-139""]","[""synthetic-native-139""]",,,compared,True,True,True,True,True,False,False,False,[],,"[{""p"": "".251"", ""J"": "".0100001"", ""signed_gap"": "".0000001""}]",0.01,synthetic-input-139,512,synthetic-weights-4,0.25,0.01,,,"[""synthetic-reference-139""]","[""synthetic-native-139""]",False,.25000000000001,.25,.25,.010000000000000000000001,.01,.01,-1E-24,0,-1E-14,0,.3,1e-18,1e-12,1e-6
synthetic-input-140,512,synthetic-weights-5,0.25,0.01,,,"[""synthetic-reference-140""]","[""synthetic-native-140""]",,,compared,True,True,True,True,True,False,False,False,[],,"[{""p"": "".251"", ""J"": "".0100001"", ""signed_gap"": "".0000001""}]",0.01,synthetic-input-140,512,synthetic-weights-5,0.25,0.01,,,"[""synthetic-reference-140""]","[""synthetic-native-140""]",False,.25000000000001,.25,.25,.010000000000000000000001,.01,.01,1E-24,0,1E-14,0,.3,1e-18,1e-12,1e-6
synthetic-input-141,512,synthetic-weights-6,0.25,0.01,,,"[""synthetic-reference-141""]","[""synthetic-native-141""]",,,compared,True,True,True,True,True,False,False,False,[],,"[{""p"": "".251"", ""J"": "".0100001"", ""signed_gap"": "".0000001""}]",0.01,synthetic-input-141,512,synthetic-weights-6,0.25,0.01,,,"[""synthetic-reference-141""]","[""synthetic-native-141""]",False,.25000000000001,.25,.25,.010000000000000000000001,.01,.01,-1E-24,0,-1E-14,0,.3,1e-18,1e-12,1e-6
synthetic-input-142,512,synthetic-weights-7,0.25,0.01,,,"[""synthetic-reference-142""]","[""synthetic-native-142""]",,,compared,True,True,True,True,True,False,False,False,[],,"[{""p"": "".251"", ""J"": "".0100001"", ""signed_gap"": "".0000001""}]",0.01,synthetic-input-142,512,synthetic-weights-7,0.25,0.01,,,"[""synthetic-reference-142""]","[""synthetic-native-142""]",False,.25000000000001,.25,.25,.010000000000000000000001,.01,.01,1E-24,0,1E-14,0,.3,1e-18,1e-12,1e-6
synthetic-input-143,512,synthetic-weights-8,0.25,0.01,,,"[""synthetic-reference-143""]","[""synthetic-native-143""]",,,compared,True,True,True,True,True,False,False,False,[],,"[{""p"": "".251"", ""J"": "".0100001"", ""signed_gap"": "".0000001""}]",0.01,synthetic-input-143,512,synthetic-weights-8,0.25,0.01,,,"[""synthetic-reference-143""]","[""synthetic-native-143""]",False,.25000000000001,.25,.25,.010000000000000000000001,.01,.01,-1E-24,0,-1E-14,0,.3,1e-18,1e-12,1e-6
synthetic-input-144,512,synthetic-weights-0,0.25,0.01,,,"[""synthetic-reference-144""]","[""synthetic-native-144""]",,,compared,True,True,True,True,True,False,False,False,[],,"[{""p"": "".251"", ""J"": "".0100001"", ""signed_gap"": "".0000001""}]",0.01,synthetic-input-144,512,synthetic-weights-0,0.25,0.01,,,"[""synthetic-reference-144""]","[""synthetic-native-144""]",False,.25000000000001,.25,.25,.010000000000000000000001,.01,.01,1E-24,0,1E-14,0,.3,1e-18,1e-12,1e-6
synthetic-input-145,512,synthetic-weights-1,0.25,0.01,,,"[""synthetic-reference-145""]","[""synthetic-native-145""]",,,compared,True,True,True,True,True,False,False,False,[],,"[{""p"": "".251"", ""J"": "".0100001"", ""signed_gap"": "".0000001""}]",0.01,synthetic-input-145,512,synthetic-weights-1,0.25,0.01,,,"[""synthetic-reference-145""]","[""synthetic-native-145""]",False,.25000000000001,.25,.25,.010000000000000000000001,.01,.01,-1E-24,0,-1E-14,0,.3,1e-18,1e-12,1e-6
synthetic-input-146,512,synthetic-weights-2,0.25,0.01,,,"[""synthetic-reference-146""]","[""synthetic-native-146""]",,,compared,True,True,True,True,True,False,False,False,[],,"[{""p"": "".251"", ""J"": "".0100001"", ""signed_gap"": "".0000001""}]",0.01,synthetic-input-146,512,synthetic-weights-2,0.25,0.01,,,"[""synthetic-reference-146""]","[""synthetic-native-146""]",False,.25000000000001,.25,.25,.010000000000000000000001,.01,.01,1E-24,0,1E-14,0,.3,1e-18,1e-12,1e-6
synthetic-input-147,512,synthetic-weights-3,0.25,0.01,,,"[""synthetic-reference-147""]","[""synthetic-native-147""]",,,compared,True,True,True,True,True,False,False,False,[],,"[{""p"": "".251"", ""J"": "".0100001"", ""signed_gap"": "".0000001""}]",0.01,synthetic-input-147,512,synthetic-weights-3,0.25,0.01,,,"[""synthetic-reference-147""]","[""synthetic-native-147""]",False,.25000000000001,.25,.25,.010000000000000000000001,.01,.01,-1E-24,0,-1E-14,0,.3,1e-18,1e-12,1e-6
synthetic-input-148,512,synthetic-weights-4,0.25,0.01,,,"[""synthetic-reference-148""]","[""synthetic-native-148""]",,,compared,True,True,True,True,True,False,False,False,[],,"[{""p"": "".251"", ""J"": "".0100001"", ""signed_gap"": "".0000001""}]",0.01,synthetic-input-148,512,synthetic-weights-4,0.25,0.01,,,"[""synthetic-reference-148""]","[""synthetic-native-148""]",False,.25000000000001,.25,.25,.010000000000000000000001,.01,.01,1E-24,0,1E-14,0,.3,1e-18,1e-12,1e-6
synthetic-input-149,512,synthetic-weights-5,0.25,0.01,,,"[""synthetic-reference-149""]","[""synthetic-native-149""]",,,compared,True,True,True,True,True,False,False,False,[],,"[{""p"": "".251"", ""J"": "".0100001"", ""signed_gap"": "".0000001""}]",0.01,synthetic-input-149,512,synthetic-weights-5,0.25,0.01,,,"[""synthetic-reference-149""]","[""synthetic-native-149""]",False,.25000000000001,.25,.25,.010000000000000000000001,.01,.01,-1E-24,0,-1E-14,0,.3,1e-18,1e-12,1e-6
synthetic-input-150,512,synthetic-weights-6,0.25,0.01,,,"[""synthetic-reference-150""]","[""synthetic-native-150""]",,,compared,True,True,True,True,True,False,False,False,[],,"[{""p"": "".251"", ""J"": "".0100001"", ""signed_gap"": "".0000001""}]",0.01,synthetic-input-150,512,synthetic-weights-6,0.25,0.01,,,"[""synthetic-reference-150""]","[""synthetic-native-150""]",False,.25000000000001,.25,.25,.010000000000000000000001,.01,.01,1E-24,0,1E-14,0,.3,1e-18,1e-12,1e-6
synthetic-input-151,512,synthetic-weights-7,0.25,0.01,,,"[""synthetic-reference-151""]","[""synthetic-native-151""]",,,compared,True,True,True,True,True,False,False,False,[],,"[{""p"": "".251"", ""J"": "".0100001"", ""signed_gap"": "".0000001""}]",0.01,synthetic-input-151,512,synthetic-weights-7,0.25,0.01,,,"[""synthetic-reference-151""]","[""synthetic-native-151""]",False,.25000000000001,.25,.25,.010000000000000000000001,.01,.01,-1E-24,0,-1E-14,0,.3,1e-18,1e-12,1e-6
synthetic-input-152,512,synthetic-weights-8,0.25,0.01,,,"[""synthetic-reference-152""]","[""synthetic-native-152""]",,,compared,True,True,True,True,True,False,False,False,[],,"[{""p"": "".251"", ""J"": "".0100001"", ""signed_gap"": "".0000001""}]",0.01,synthetic-input-152,512,synthetic-weights-8,0.25,0.01,,,"[""synthetic-reference-152""]","[""synthetic-native-152""]",False,.25000000000001,.25,.25,.010000000000000000000001,.01,.01,1E-24,0,1E-14,0,.3,1e-18,1e-12,1e-6
synthetic-input-153,512,synthetic-weights-0,0.25,0.01,,,"[""synthetic-reference-153""]","[""synthetic-native-153""]",,,compared,True,True,True,True,True,False,False,False,[],,"[{""p"": "".251"", ""J"": "".0100001"", ""signed_gap"": "".0000001""}]",0.01,synthetic-input-153,512,synthetic-weights-0,0.25,0.01,,,"[""synthetic-reference-153""]","[""synthetic-native-153""]",False,.25000000000001,.25,.25,.010000000000000000000001,.01,.01,-1E-24,0,-1E-14,0,.3,1e-18,1e-12,1e-6
synthetic-input-154,512,synthetic-weights-1,0.25,0.01,,,"[""synthetic-reference-154""]","[""synthetic-native-154""]",,,compared,True,True,True,True,True,False,False,False,[],,"[{""p"": "".251"", ""J"": "".0100001"", ""signed_gap"": "".0000001""}]",0.01,synthetic-input-154,512,synthetic-weights-1,0.25,0.01,,,"[""synthetic-reference-154""]","[""synthetic-native-154""]",False,.25000000000001,.25,.25,.010000000000000000000001,.01,.01,1E-24,0,1E-14,0,.3,1e-18,1e-12,1e-6
synthetic-input-155,512,synthetic-weights-2,0.25,0.01,,,"[""synthetic-reference-155""]","[""synthetic-native-155""]",,,compared,True,True,True,True,True,False,False,False,[],,"[{""p"": "".251"", ""J"": "".0100001"", ""signed_gap"": "".0000001""}]",0.01,synthetic-input-155,512,synthetic-weights-2,0.25,0.01,,,"[""synthetic-reference-155""]","[""synthetic-native-155""]",False,.25000000000001,.25,.25,.010000000000000000000001,.01,.01,-1E-24,0,-1E-14,0,.3,1e-18,1e-12,1e-6
synthetic-input-156,512,synthetic-weights-3,0.25,0.01,,,"[""synthetic-reference-156""]","[""synthetic-native-156""]",,,compared,True,True,True,True,True,False,False,False,[],,"[{""p"": "".251"", ""J"": "".0100001"", ""signed_gap"": "".0000001""}]",0.01,synthetic-input-156,512,synthetic-weights-3,0.25,0.01,,,"[""synthetic-reference-156""]","[""synthetic-native-156""]",False,.25000000000001,.25,.25,.010000000000000000000001,.01,.01,1E-24,0,1E-14,0,.3,1e-18,1e-12,1e-6
synthetic-input-157,512,synthetic-weights-4,0.25,0.01,,,"[""synthetic-reference-157""]","[""synthetic-native-157""]",,,compared,True,True,True,True,True,False,False,False,[],,"[{""p"": "".251"", ""J"": "".0100001"", ""signed_gap"": "".0000001""}]",0.01,synthetic-input-157,512,synthetic-weights-4,0.25,0.01,,,"[""synthetic-reference-157""]","[""synthetic-native-157""]",False,.25000000000001,.25,.25,.010000000000000000000001,.01,.01,-1E-24,0,-1E-14,0,.3,1e-18,1e-12,1e-6
synthetic-input-158,512,synthetic-weights-5,0.25,0.01,,,"[""synthetic-reference-158""]","[""synthetic-native-158""]",,,compared,True,True,True,True,True,False,False,False,[],,"[{""p"": "".251"", ""J"": "".0100001"", ""signed_gap"": "".0000001""}]",0.01,synthetic-input-158,512,synthetic-weights-5,0.25,0.01,,,"[""synthetic-reference-158""]","[""synthetic-native-158""]",False,.25000000000001,.25,.25,.010000000000000000000001,.01,.01,1E-24,0,1E-14,0,.3,1e-18,1e-12,1e-6
synthetic-input-159,512,synthetic-weights-6,0.25,0.01,,,"[""synthetic-reference-159""]","[""synthetic-native-159""]",,,compared,True,True,True,True,True,False,False,False,[],,"[{""p"": "".251"", ""J"": "".0100001"", ""signed_gap"": "".0000001""}]",0.01,synthetic-input-159,512,synthetic-weights-6,0.25,0.01,,,"[""synthetic-reference-159""]","[""synthetic-native-159""]",False,.25000000000001,.25,.25,.010000000000000000000001,.01,.01,-1E-24,0,-1E-14,0,.3,1e-18,1e-12,1e-6
synthetic-input-160,512,synthetic-weights-7,0.25,0.01,,,"[""synthetic-reference-160""]","[""synthetic-native-160""]",,,compared,True,True,True,True,True,False,False,False,[],,"[{""p"": "".251"", ""J"": "".0100001"", ""signed_gap"": "".0000001""}]",0.01,synthetic-input-160,512,synthetic-weights-7,0.25,0.01,,,"[""synthetic-reference-160""]","[""synthetic-native-160""]",False,.25000000000001,.25,.25,.010000000000000000000001,.01,.01,1E-24,0,1E-14,0,.3,1e-18,1e-12,1e-6
synthetic-input-161,512,synthetic-weights-8,0.25,0.01,,,"[""synthetic-reference-161""]","[""synthetic-native-161""]",,,compared,True,True,True,True,True,False,False,False,[],,"[{""p"": "".251"", ""J"": "".0100001"", ""signed_gap"": "".0000001""}]",0.01,synthetic-input-161,512,synthetic-weights-8,0.25,0.01,,,"[""synthetic-reference-161""]","[""synthetic-native-161""]",False,.25000000000001,.25,.25,.010000000000000000000001,.01,.01,-1E-24,0,-1E-14,0,.3,1e-18,1e-12,1e-6
synthetic-input-162,512,synthetic-weights-0,0.25,0.01,,,"[""synthetic-reference-162""]","[""synthetic-native-162""]",,,compared,True,True,True,True,True,False,False,False,[],,"[{""p"": "".251"", ""J"": "".0100001"", ""signed_gap"": "".0000001""}]",0.01,synthetic-input-162,512,synthetic-weights-0,0.25,0.01,,,"[""synthetic-reference-162""]","[""synthetic-native-162""]",False,.25000000000001,.25,.25,.010000000000000000000001,.01,.01,1E-24,0,1E-14,0,.3,1e-18,1e-12,1e-6
synthetic-input-163,512,synthetic-weights-1,0.25,0.01,,,"[""synthetic-reference-163""]","[""synthetic-native-163""]",,,compared,True,True,True,True,True,False,False,False,[],,"[{""p"": "".251"", ""J"": "".0100001"", ""signed_gap"": "".0000001""}]",0.01,synthetic-input-163,512,synthetic-weights-1,0.25,0.01,,,"[""synthetic-reference-163""]","[""synthetic-native-163""]",False,.25000000000001,.25,.25,.010000000000000000000001,.01,.01,-1E-24,0,-1E-14,0,.3,1e-18,1e-12,1e-6
synthetic-input-164,512,synthetic-weights-2,0.25,0.01,,,"[""synthetic-reference-164""]","[""synthetic-native-164""]",,,compared,True,True,True,True,True,False,False,False,[],,"[{""p"": "".251"", ""J"": "".0100001"", ""signed_gap"": "".0000001""}]",0.01,synthetic-input-164,512,synthetic-weights-2,0.25,0.01,,,"[""synthetic-reference-164""]","[""synthetic-native-164""]",False,.25000000000001,.25,.25,.010000000000000000000001,.01,.01,1E-24,0,1E-14,0,.3,1e-18,1e-12,1e-6
synthetic-input-165,512,synthetic-weights-3,0.25,0.01,,,"[""synthetic-reference-165""]","[""synthetic-native-165""]",,,compared,True,True,True,True,True,False,False,False,[],,"[{""p"": "".251"", ""J"": "".0100001"", ""signed_gap"": "".0000001""}]",0.01,synthetic-input-165,512,synthetic-weights-3,0.25,0.01,,,"[""synthetic-reference-165""]","[""synthetic-native-165""]",False,.25000000000001,.25,.25,.010000000000000000000001,.01,.01,-1E-24,0,-1E-14,0,.3,1e-18,1e-12,1e-6
synthetic-input-166,512,synthetic-weights-4,0.25,0.01,,,"[""synthetic-reference-166""]","[""synthetic-native-166""]",,,compared,True,True,True,True,True,False,False,False,[],,"[{""p"": "".251"", ""J"": "".0100001"", ""signed_gap"": "".0000001""}]",0.01,synthetic-input-166,512,synthetic-weights-4,0.25,0.01,,,"[""synthetic-reference-166""]","[""synthetic-native-166""]",False,.25000000000001,.25,.25,.010000000000000000000001,.01,.01,1E-24,0,1E-14,0,.3,1e-18,1e-12,1e-6
synthetic-input-167,512,synthetic-weights-5,0.25,0.01,,,"[""synthetic-reference-167""]","[""synthetic-native-167""]",,,compared,True,True,True,True,True,False,False,False,[],,"[{""p"": "".251"", ""J"": "".0100001"", ""signed_gap"": "".0000001""}]",0.01,synthetic-input-167,512,synthetic-weights-5,0.25,0.01,,,"[""synthetic-reference-167""]","[""synthetic-native-167""]",False,.25000000000001,.25,.25,.010000000000000000000001,.01,.01,-1E-24,0,-1E-14,0,.3,1e-18,1e-12,1e-6
synthetic-input-168,512,synthetic-weights-6,0.25,0.01,,,"[""synthetic-reference-168""]","[""synthetic-native-168""]",,,compared,True,True,True,True,True,False,False,False,[],,"[{""p"": "".251"", ""J"": "".0100001"", ""signed_gap"": "".0000001""}]",0.01,synthetic-input-168,512,synthetic-weights-6,0.25,0.01,,,"[""synthetic-reference-168""]","[""synthetic-native-168""]",False,.25000000000001,.25,.25,.010000000000000000000001,.01,.01,1E-24,0,1E-14,0,.3,1e-18,1e-12,1e-6
synthetic-input-169,512,synthetic-weights-7,0.25,0.01,,,"[""synthetic-reference-169""]","[""synthetic-native-169""]",,,compared,True,True,True,True,True,False,False,False,[],,"[{""p"": "".251"", ""J"": "".0100001"", ""signed_gap"": "".0000001""}]",0.01,synthetic-input-169,512,synthetic-weights-7,0.25,0.01,,,"[""synthetic-reference-169""]","[""synthetic-native-169""]",False,.25000000000001,.25,.25,.010000000000000000000001,.01,.01,-1E-24,0,-1E-14,0,.3,1e-18,1e-12,1e-6
synthetic-input-170,512,synthetic-weights-8,0.25,0.01,,,"[""synthetic-reference-170""]","[""synthetic-native-170""]",,,compared,True,True,True,True,True,False,False,False,[],,"[{""p"": "".251"", ""J"": "".0100001"", ""signed_gap"": "".0000001""}]",0.01,synthetic-input-170,512,synthetic-weights-8,0.25,0.01,,,"[""synthetic-reference-170""]","[""synthetic-native-170""]",False,.25000000000001,.25,.25,.010000000000000000000001,.01,.01,1E-24,0,1E-14,0,.3,1e-18,1e-12,1e-6
synthetic-input-171,512,synthetic-weights-0,0.25,0.01,,,"[""synthetic-reference-171""]","[""synthetic-native-171""]",,,compared,True,True,True,True,True,False,False,False,[],,"[{""p"": "".251"", ""J"": "".0100001"", ""signed_gap"": "".0000001""}]",0.01,synthetic-input-171,512,synthetic-weights-0,0.25,0.01,,,"[""synthetic-reference-171""]","[""synthetic-native-171""]",False,.25000000000001,.25,.25,.010000000000000000000001,.01,.01,-1E-24,0,-1E-14,0,.3,1e-18,1e-12,1e-6
synthetic-input-172,512,synthetic-weights-1,0.25,0.01,,,"[""synthetic-reference-172""]","[""synthetic-native-172""]",,,compared,True,True,True,True,True,False,False,False,[],,"[{""p"": "".251"", ""J"": "".0100001"", ""signed_gap"": "".0000001""}]",0.01,synthetic-input-172,512,synthetic-weights-1,0.25,0.01,,,"[""synthetic-reference-172""]","[""synthetic-native-172""]",False,.25000000000001,.25,.25,.010000000000000000000001,.01,.01,1E-24,0,1E-14,0,.3,1e-18,1e-12,1e-6
synthetic-input-173,512,synthetic-weights-2,0.25,0.01,,,"[""synthetic-reference-173""]","[""synthetic-native-173""]",,,compared,True,True,True,True,True,False,False,False,[],,"[{""p"": "".251"", ""J"": "".0100001"", ""signed_gap"": "".0000001""}]",0.01,synthetic-input-173,512,synthetic-weights-2,0.25,0.01,,,"[""synthetic-reference-173""]","[""synthetic-native-173""]",False,.25000000000001,.25,.25,.010000000000000000000001,.01,.01,-1E-24,0,-1E-14,0,.3,1e-18,1e-12,1e-6
synthetic-input-174,512,synthetic-weights-3,0.25,0.01,,,"[""synthetic-reference-174""]","[""synthetic-native-174""]",,,compared,True,True,True,True,True,False,False,False,[],,"[{""p"": "".251"", ""J"": "".0100001"", ""signed_gap"": "".0000001""}]",0.01,synthetic-input-174,512,synthetic-weights-3,0.25,0.01,,,"[""synthetic-reference-174""]","[""synthetic-native-174""]",False,.25000000000001,.25,.25,.010000000000000000000001,.01,.01,1E-24,0,1E-14,0,.3,1e-18,1e-12,1e-6
synthetic-input-175,512,synthetic-weights-4,0.25,0.01,,,"[""synthetic-reference-175""]","[""synthetic-native-175""]",,,compared,True,True,True,True,True,False,False,False,[],,"[{""p"": "".251"", ""J"": "".0100001"", ""signed_gap"": "".0000001""}]",0.01,synthetic-input-175,512,synthetic-weights-4,0.25,0.01,,,"[""synthetic-reference-175""]","[""synthetic-native-175""]",False,.25000000000001,.25,.25,.010000000000000000000001,.01,.01,-1E-24,0,-1E-14,0,.3,1e-18,1e-12,1e-6
synthetic-input-176,512,synthetic-weights-5,0.25,0.01,,,"[""synthetic-reference-176""]","[""synthetic-native-176""]",,,compared,True,True,True,True,True,False,False,False,[],,"[{""p"": "".251"", ""J"": "".0100001"", ""signed_gap"": "".0000001""}]",0.01,synthetic-input-176,512,synthetic-weights-5,0.25,0.01,,,"[""synthetic-reference-176""]","[""synthetic-native-176""]",False,.25000000000001,.25,.25,.010000000000000000000001,.01,.01,1E-24,0,1E-14,0,.3,1e-18,1e-12,1e-6
synthetic-input-177,512,synthetic-weights-6,0.25,0.01,,,"[""synthetic-reference-177""]","[""synthetic-native-177""]",,,compared,True,True,True,True,True,False,False,False,[],,"[{""p"": "".251"", ""J"": "".0100001"", ""signed_gap"": "".0000001""}]",0.01,synthetic-input-177,512,synthetic-weights-6,0.25,0.01,,,"[""synthetic-reference-177""]","[""synthetic-native-177""]",False,.25000000000001,.25,.25,.010000000000000000000001,.01,.01,-1E-24,0,-1E-14,0,.3,1e-18,1e-12,1e-6
synthetic-input-178,512,synthetic-weights-7,0.25,0.01,,,"[""synthetic-reference-178""]","[""synthetic-native-178""]",,,compared,True,True,True,True,True,False,False,False,[],,"[{""p"": "".251"", ""J"": "".0100001"", ""signed_gap"": "".0000001""}]",0.01,synthetic-input-178,512,synthetic-weights-7,0.25,0.01,,,"[""synthetic-reference-178""]","[""synthetic-native-178""]",False,.25000000000001,.25,.25,.010000000000000000000001,.01,.01,1E-24,0,1E-14,0,.3,1e-18,1e-12,1e-6
synthetic-input-179,512,synthetic-weights-8,0.25,0.01,,,"[""synthetic-reference-179""]","[""synthetic-native-179""]",,,compared,True,True,True,True,True,False,False,False,[],,"[{""p"": "".251"", ""J"": "".0100001"", ""signed_gap"": "".0000001""}]",0.01,synthetic-input-179,512,synthetic-weights-8,0.25,0.01,,,"[""synthetic-reference-179""]","[""synthetic-native-179""]",False,.25000000000001,.25,.25,.010000000000000000000001,.01,.01,-1E-24,0,-1E-14,0,.3,1e-18,1e-12,1e-6
synthetic-input-180,512,synthetic-weights-0,0.25,0.01,,,"[""synthetic-reference-180""]","[""synthetic-native-180""]",,,not_run,,,,,,,,True,"[""not_run_after_BUDGET_EXHAUSTED""]",,[],,synthetic-input-180,512,synthetic-weights-0,0.25,0.01,,,"[""synthetic-reference-180""]","[""synthetic-native-180""]",False,,,,,,,,,,,,,,
synthetic-input-181,512,synthetic-weights-1,0.25,0.01,,,"[""synthetic-reference-181""]","[""synthetic-native-181""]",,,not_run,,,,,,,,True,"[""not_run_after_BUDGET_EXHAUSTED""]",,[],,synthetic-input-181,512,synthetic-weights-1,0.25,0.01,,,"[""synthetic-reference-181""]","[""synthetic-native-181""]",False,,,,,,,,,,,,,,
synthetic-input-182,512,synthetic-weights-2,0.25,0.01,,,"[""synthetic-reference-182""]","[""synthetic-native-182""]",,,not_run,,,,,,,,True,"[""not_run_after_BUDGET_EXHAUSTED""]",,[],,synthetic-input-182,512,synthetic-weights-2,0.25,0.01,,,"[""synthetic-reference-182""]","[""synthetic-native-182""]",False,,,,,,,,,,,,,,
synthetic-input-183,512,synthetic-weights-3,0.25,0.01,,,"[""synthetic-reference-183""]","[""synthetic-native-183""]",,,not_run,,,,,,,,True,"[""not_run_after_BUDGET_EXHAUSTED""]",,[],,synthetic-input-183,512,synthetic-weights-3,0.25,0.01,,,"[""synthetic-reference-183""]","[""synthetic-native-183""]",False,,,,,,,,,,,,,,
synthetic-input-184,512,synthetic-weights-4,0.25,0.01,,,"[""synthetic-reference-184""]","[""synthetic-native-184""]",,,not_run,,,,,,,,True,"[""not_run_after_BUDGET_EXHAUSTED""]",,[],,synthetic-input-184,512,synthetic-weights-4,0.25,0.01,,,"[""synthetic-reference-184""]","[""synthetic-native-184""]",False,,,,,,,,,,,,,,
synthetic-input-185,512,synthetic-weights-5,0.25,0.01,,,"[""synthetic-reference-185""]","[""synthetic-native-185""]",,,not_run,,,,,,,,True,"[""not_run_after_BUDGET_EXHAUSTED""]",,[],,synthetic-input-185,512,synthetic-weights-5,0.25,0.01,,,"[""synthetic-reference-185""]","[""synthetic-native-185""]",False,,,,,,,,,,,,,,
