policy_capacity,metric,panel,data_seed,n,undefined,positive,negative,zero,mean,sd,minimum,maximum
M_R_random_w64,delta_test,P1,61103,3,0,3,0,0,0.9891076882680258,0.01253960785440139,0.9806711673736572,1.0035171508789062
M_R_random_w64,delta_test,P1,61211,3,0,3,0,0,1.0043892065684001,0.032269421665999914,0.9673285484313965,1.0262656211853027
M_R_random_w64,delta_test,P1,61319,3,0,3,0,0,0.9934285481770834,0.02592314474951996,0.9766855239868164,1.0232887268066406
M_R_random_w64,delta_test,P2,61103,3,0,3,0,0,0.9891076882680258,0.01253960785440139,0.9806711673736572,1.0035171508789062
M_R_random_w64,delta_test,P2,61211,3,0,3,0,0,1.0043892065684001,0.032269421665999914,0.9673285484313965,1.0262656211853027
M_R_random_w64,delta_test,P2,61319,3,0,3,0,0,0.9934285481770834,0.02592314474951996,0.9766855239868164,1.0232887268066406
M_R_random_w64,delta_test,P3,61103,3,0,3,0,0,0.9891076882680258,0.01253960785440139,0.9806711673736572,1.0035171508789062
M_R_random_w64,delta_test,P3,61211,3,0,3,0,0,1.0043892065684001,0.032269421665999914,0.9673285484313965,1.0262656211853027
M_R_random_w64,delta_test,P3,61319,3,0,3,0,0,0.9934285481770834,0.02592314474951996,0.9766855239868164,1.0232887268066406
M_R_random_w64,delta_test,P4,61103,3,0,3,0,0,0.9891076882680258,0.01253960785440139,0.9806711673736572,1.0035171508789062
M_R_random_w64,delta_test,P4,61211,3,0,3,0,0,1.0043892065684001,0.032269421665999914,0.9673285484313965,1.0262656211853027
M_R_random_w64,delta_test,P4,61319,3,0,3,0,0,0.9934285481770834,0.02592314474951996,0.9766855239868164,1.0232887268066406
M_R_random_w64,delta_validation,P1,61103,3,0,3,0,0,1.0137005647023518,0.017363824310797655,1.0004475116729736,1.0333566665649414
M_R_random_w64,delta_validation,P1,61211,3,0,3,0,0,0.994920571645101,0.021088821522400318,0.971881628036499,1.0132696628570557
M_R_random_w64,delta_validation,P1,61319,3,0,3,0,0,1.0082386334737141,0.02868671280282618,0.9887433052062988,1.0411784648895264
M_R_random_w64,delta_validation,P2,61103,3,0,3,0,0,1.0137005647023518,0.017363824310797655,1.0004475116729736,1.0333566665649414
M_R_random_w64,delta_validation,P2,61211,3,0,3,0,0,0.994920571645101,0.021088821522400318,0.971881628036499,1.0132696628570557
M_R_random_w64,delta_validation,P2,61319,3,0,3,0,0,1.0082386334737141,0.02868671280282618,0.9887433052062988,1.0411784648895264
M_R_random_w64,delta_validation,P3,61103,3,0,3,0,0,1.0137005647023518,0.017363824310797655,1.0004475116729736,1.0333566665649414
M_R_random_w64,delta_validation,P3,61211,3,0,3,0,0,0.994920571645101,0.021088821522400318,0.971881628036499,1.0132696628570557
M_R_random_w64,delta_validation,P3,61319,3,0,3,0,0,1.0082386334737141,0.02868671280282618,0.9887433052062988,1.0411784648895264
M_R_random_w64,delta_validation,P4,61103,3,0,3,0,0,1.0137005647023518,0.017363824310797655,1.0004475116729736,1.0333566665649414
M_R_random_w64,delta_validation,P4,61211,3,0,3,0,0,0.994920571645101,0.021088821522400318,0.971881628036499,1.0132696628570557
M_R_random_w64,delta_validation,P4,61319,3,0,3,0,0,1.0082386334737141,0.02868671280282618,0.9887433052062988,1.0411784648895264
M_R_random_w64,p,P1,61103,3,0,3,0,0,0.041905584487930435,0.007269651451289561,0.03691295951788279,0.05024596269422904
M_R_random_w64,p,P1,61211,3,0,3,0,0,0.04449923185315733,0.003118588086314207,0.040949587569581156,0.04679904042063389
M_R_random_w64,p,P1,61319,3,0,3,0,0,0.03957674620013395,0.0033961330269501873,0.0371980191615499,0.043466102829356756
M_R_random_w64,p,P2,61103,3,0,3,0,0,0.041905584487930435,0.007269651451289561,0.03691295951788279,0.05024596269422904
M_R_random_w64,p,P2,61211,3,0,3,0,0,0.04449923185315733,0.003118588086314207,0.040949587569581156,0.04679904042063389
M_R_random_w64,p,P2,61319,3,0,3,0,0,0.03957674620013395,0.0033961330269501873,0.0371980191615499,0.043466102829356756
M_R_random_w64,p,P3,61103,3,0,3,0,0,0.041905584487930435,0.007269651451289561,0.03691295951788279,0.05024596269422904
M_R_random_w64,p,P3,61211,3,0,3,0,0,0.04449923185315733,0.003118588086314207,0.040949587569581156,0.04679904042063389
M_R_random_w64,p,P3,61319,3,0,3,0,0,0.03957674620013395,0.0033961330269501873,0.0371980191615499,0.043466102829356756
M_R_random_w64,p,P4,61103,3,0,3,0,0,0.041905584487930435,0.007269651451289561,0.03691295951788279,0.05024596269422904
M_R_random_w64,p,P4,61211,3,0,3,0,0,0.04449923185315733,0.003118588086314207,0.040949587569581156,0.04679904042063389
M_R_random_w64,p,P4,61319,3,0,3,0,0,0.03957674620013395,0.0033961330269501873,0.0371980191615499,0.043466102829356756
M_R_random_w64,test_nll,P1,61103,3,0,3,0,0,2.078139861424764,0.021931393651293377,2.0529046058654785,2.0925939083099365
M_R_random_w64,test_nll,P1,61211,3,0,3,0,0,2.1016452312469482,0.030288693138986886,2.076857805252075,2.135406970977783
M_R_random_w64,test_nll,P1,61319,3,0,3,0,0,2.0697325070699057,0.017395860453271916,2.0505125522613525,2.0843982696533203
M_R_random_w64,test_nll,P2,61103,3,0,3,0,0,2.078139861424764,0.021931393651293377,2.0529046058654785,2.0925939083099365
M_R_random_w64,test_nll,P2,61211,3,0,3,0,0,2.1016452312469482,0.030288693138986886,2.076857805252075,2.135406970977783
M_R_random_w64,test_nll,P2,61319,3,0,3,0,0,2.0697325070699057,0.017395860453271916,2.0505125522613525,2.0843982696533203
M_R_random_w64,test_nll,P3,61103,3,0,3,0,0,2.078139861424764,0.021931393651293377,2.0529046058654785,2.0925939083099365
M_R_random_w64,test_nll,P3,61211,3,0,3,0,0,2.1016452312469482,0.030288693138986886,2.076857805252075,2.135406970977783
M_R_random_w64,test_nll,P3,61319,3,0,3,0,0,2.0697325070699057,0.017395860453271916,2.0505125522613525,2.0843982696533203
M_R_random_w64,test_nll,P4,61103,3,0,3,0,0,2.078139861424764,0.021931393651293377,2.0529046058654785,2.0925939083099365
M_R_random_w64,test_nll,P4,61211,3,0,3,0,0,2.1016452312469482,0.030288693138986886,2.076857805252075,2.135406970977783
M_R_random_w64,test_nll,P4,61319,3,0,3,0,0,2.0697325070699057,0.017395860453271916,2.0505125522613525,2.0843982696533203
M_R_random_w64,validation_nll,P1,61103,3,0,3,0,0,2.0889227390289307,0.023768699020977106,2.061542510986328,2.1042540073394775
M_R_random_w64,validation_nll,P1,61211,3,0,3,0,0,2.0989505449930825,0.02511632706826255,2.084338903427124,2.1279520988464355
M_R_random_w64,validation_nll,P1,61319,3,0,3,0,0,2.062485933303833,0.020961973941854728,2.0439932346343994,2.085257053375244
M_R_random_w64,validation_nll,P2,61103,3,0,3,0,0,2.0889227390289307,0.023768699020977106,2.061542510986328,2.1042540073394775
M_R_random_w64,validation_nll,P2,61211,3,0,3,0,0,2.0989505449930825,0.02511632706826255,2.084338903427124,2.1279520988464355
M_R_random_w64,validation_nll,P2,61319,3,0,3,0,0,2.062485933303833,0.020961973941854728,2.0439932346343994,2.085257053375244
M_R_random_w64,validation_nll,P3,61103,3,0,3,0,0,2.0889227390289307,0.023768699020977106,2.061542510986328,2.1042540073394775
M_R_random_w64,validation_nll,P3,61211,3,0,3,0,0,2.0989505449930825,0.02511632706826255,2.084338903427124,2.1279520988464355
M_R_random_w64,validation_nll,P3,61319,3,0,3,0,0,2.062485933303833,0.020961973941854728,2.0439932346343994,2.085257053375244
M_R_random_w64,validation_nll,P4,61103,3,0,3,0,0,2.0889227390289307,0.023768699020977106,2.061542510986328,2.1042540073394775
M_R_random_w64,validation_nll,P4,61211,3,0,3,0,0,2.0989505449930825,0.02511632706826255,2.084338903427124,2.1279520988464355
M_R_random_w64,validation_nll,P4,61319,3,0,3,0,0,2.062485933303833,0.020961973941854728,2.0439932346343994,2.085257053375244
M_R_random_w64,train_nll,P1,61103,3,0,3,0,0,2.0089718103408813,0.014786296827444008,1.991944432258606,2.0185744762420654
M_R_random_w64,train_nll,P1,61211,3,0,3,0,0,2.0214900175730386,0.02146313621613021,2.002362012863159,2.04470157623291
M_R_random_w64,train_nll,P1,61319,3,0,3,0,0,2.0031364361445108,0.016949330853493216,1.9835811853408813,2.0136024951934814
M_R_random_w64,train_nll,P2,61103,3,0,3,0,0,2.0089718103408813,0.014786296827444008,1.991944432258606,2.0185744762420654
M_R_random_w64,train_nll,P2,61211,3,0,3,0,0,2.0214900175730386,0.02146313621613021,2.002362012863159,2.04470157623291
M_R_random_w64,train_nll,P2,61319,3,0,3,0,0,2.0031364361445108,0.016949330853493216,1.9835811853408813,2.0136024951934814
M_R_random_w64,train_nll,P3,61103,3,0,3,0,0,2.0089718103408813,0.014786296827444008,1.991944432258606,2.0185744762420654
M_R_random_w64,train_nll,P3,61211,3,0,3,0,0,2.0214900175730386,0.02146313621613021,2.002362012863159,2.04470157623291
M_R_random_w64,train_nll,P3,61319,3,0,3,0,0,2.0031364361445108,0.016949330853493216,1.9835811853408813,2.0136024951934814
M_R_random_w64,train_nll,P4,61103,3,0,3,0,0,2.0089718103408813,0.014786296827444008,1.991944432258606,2.0185744762420654
M_R_random_w64,train_nll,P4,61211,3,0,3,0,0,2.0214900175730386,0.02146313621613021,2.002362012863159,2.04470157623291
M_R_random_w64,train_nll,P4,61319,3,0,3,0,0,2.0031364361445108,0.016949330853493216,1.9835811853408813,2.0136024951934814
M_R_random_w64,objective,P1,61103,3,0,3,0,0,5.769036461761972e-05,3.630814264104233e-05,3.53342767248359e-05,9.958379921169621e-05
M_R_random_w64,objective,P1,61211,3,0,3,0,0,3.504796453254092e-05,6.975488131628452e-06,3.006732808165276e-05,4.302028787313698e-05
M_R_random_w64,objective,P1,61319,3,0,3,0,0,6.796960169270701e-05,2.7353103900936896e-05,4.0545699174763474e-05,9.525135291447104e-05
M_R_random_w64,objective,P2,61103,3,0,3,0,0,5.769036461761972e-05,3.630814264104233e-05,3.53342767248359e-05,9.958379921169621e-05
M_R_random_w64,objective,P2,61211,3,0,3,0,0,3.504796453254092e-05,6.975488131628452e-06,3.006732808165276e-05,4.302028787313698e-05
M_R_random_w64,objective,P2,61319,3,0,3,0,0,6.796960169270701e-05,2.7353103900936896e-05,4.0545699174763474e-05,9.525135291447104e-05
M_R_random_w64,objective,P3,61103,3,0,3,0,0,5.769036461761972e-05,3.630814264104233e-05,3.53342767248359e-05,9.958379921169621e-05
M_R_random_w64,objective,P3,61211,3,0,3,0,0,3.504796453254092e-05,6.975488131628452e-06,3.006732808165276e-05,4.302028787313698e-05
M_R_random_w64,objective,P3,61319,3,0,3,0,0,6.796960169270701e-05,2.7353103900936896e-05,4.0545699174763474e-05,9.525135291447104e-05
M_R_random_w64,objective,P4,61103,3,0,3,0,0,5.769036461761972e-05,3.630814264104233e-05,3.53342767248359e-05,9.958379921169621e-05
M_R_random_w64,objective,P4,61211,3,0,3,0,0,3.504796453254092e-05,6.975488131628452e-06,3.006732808165276e-05,4.302028787313698e-05
M_R_random_w64,objective,P4,61319,3,0,3,0,0,6.796960169270701e-05,2.7353103900936896e-05,4.0545699174763474e-05,9.525135291447104e-05
M_R_random_w64,cancellation_ratio,P1,61103,3,0,3,0,0,1.0,0.0,1.0,1.0
M_R_random_w64,cancellation_ratio,P1,61211,3,0,3,0,0,1.0,0.0,1.0,1.0
M_R_random_w64,cancellation_ratio,P1,61319,3,0,3,0,0,1.0,0.0,1.0,1.0
M_R_random_w64,cancellation_ratio,P2,61103,3,0,3,0,0,1.0,0.0,1.0,1.0
M_R_random_w64,cancellation_ratio,P2,61211,3,0,3,0,0,1.0,0.0,1.0,1.0
M_R_random_w64,cancellation_ratio,P2,61319,3,0,3,0,0,1.0,0.0,1.0,1.0
M_R_random_w64,cancellation_ratio,P3,61103,3,0,3,0,0,1.0,0.0,1.0,1.0
M_R_random_w64,cancellation_ratio,P3,61211,3,0,3,0,0,1.0,0.0,1.0,1.0
M_R_random_w64,cancellation_ratio,P3,61319,3,0,3,0,0,1.0,0.0,1.0,1.0
M_R_random_w64,cancellation_ratio,P4,61103,3,0,3,0,0,1.0,0.0,1.0,1.0
M_R_random_w64,cancellation_ratio,P4,61211,3,0,3,0,0,1.0,0.0,1.0,1.0
M_R_random_w64,cancellation_ratio,P4,61319,3,0,3,0,0,1.0,0.0,1.0,1.0
M_R_random_w128,delta_test,P1,61103,3,0,3,0,0,1.9304307301839192,0.03348375590363996,1.8918499946594238,1.951913595199585
M_R_random_w128,delta_test,P1,61211,3,0,3,0,0,1.965512990951538,0.04557334132983475,1.9185760021209717,2.0095877647399902
M_R_random_w128,delta_test,P1,61319,3,0,3,0,0,1.9295578797658284,0.04731381871304367,1.8760371208190918,1.965817928314209
M_R_random_w128,delta_test,P2,61103,3,0,3,0,0,1.9304307301839192,0.03348375590363996,1.8918499946594238,1.951913595199585
M_R_random_w128,delta_test,P2,61211,3,0,3,0,0,1.965512990951538,0.04557334132983475,1.9185760021209717,2.0095877647399902
M_R_random_w128,delta_test,P2,61319,3,0,3,0,0,1.9295578797658284,0.04731381871304367,1.8760371208190918,1.965817928314209
M_R_random_w128,delta_test,P3,61103,3,0,3,0,0,1.9304307301839192,0.03348375590363996,1.8918499946594238,1.951913595199585
M_R_random_w128,delta_test,P3,61211,3,0,3,0,0,1.965512990951538,0.04557334132983475,1.9185760021209717,2.0095877647399902
M_R_random_w128,delta_test,P3,61319,3,0,3,0,0,1.9295578797658284,0.04731381871304367,1.8760371208190918,1.965817928314209
M_R_random_w128,delta_test,P4,61103,3,0,3,0,0,1.9304307301839192,0.03348375590363996,1.8918499946594238,1.951913595199585
M_R_random_w128,delta_test,P4,61211,3,0,3,0,0,1.965512990951538,0.04557334132983475,1.9185760021209717,2.0095877647399902
M_R_random_w128,delta_test,P4,61319,3,0,3,0,0,1.9295578797658284,0.04731381871304367,1.8760371208190918,1.965817928314209
M_R_random_w128,delta_validation,P1,61103,3,0,3,0,0,1.966922124226888,0.026160919832958665,1.9368624687194824,1.984541654586792
M_R_random_w128,delta_validation,P1,61211,3,0,3,0,0,1.9626917839050293,0.055281748700321584,1.9054040908813477,2.015721321105957
M_R_random_w128,delta_validation,P1,61319,3,0,3,0,0,1.9528714815775554,0.04680472707339426,1.899312973022461,1.98591947555542
M_R_random_w128,delta_validation,P2,61103,3,0,3,0,0,1.966922124226888,0.026160919832958665,1.9368624687194824,1.984541654586792
M_R_random_w128,delta_validation,P2,61211,3,0,3,0,0,1.9626917839050293,0.055281748700321584,1.9054040908813477,2.015721321105957
M_R_random_w128,delta_validation,P2,61319,3,0,3,0,0,1.9528714815775554,0.04680472707339426,1.899312973022461,1.98591947555542
M_R_random_w128,delta_validation,P3,61103,3,0,3,0,0,1.966922124226888,0.026160919832958665,1.9368624687194824,1.984541654586792
M_R_random_w128,delta_validation,P3,61211,3,0,3,0,0,1.9626917839050293,0.055281748700321584,1.9054040908813477,2.015721321105957
M_R_random_w128,delta_validation,P3,61319,3,0,3,0,0,1.9528714815775554,0.04680472707339426,1.899312973022461,1.98591947555542
M_R_random_w128,delta_validation,P4,61103,3,0,3,0,0,1.966922124226888,0.026160919832958665,1.9368624687194824,1.984541654586792
M_R_random_w128,delta_validation,P4,61211,3,0,3,0,0,1.9626917839050293,0.055281748700321584,1.9054040908813477,2.015721321105957
M_R_random_w128,delta_validation,P4,61319,3,0,3,0,0,1.9528714815775554,0.04680472707339426,1.899312973022461,1.98591947555542
M_R_random_w128,p,P1,61103,3,0,3,0,0,0.043073596493182174,0.0023295540761697274,0.040384812758690616,0.044486206507934486
M_R_random_w128,p,P1,61211,3,0,3,0,0,0.046921330059832275,0.006614747998913114,0.039824602871997905,0.05291555515947999
M_R_random_w128,p,P1,61319,3,0,3,0,0,0.040444022270306905,0.0029788054760201896,0.03701032502217583,0.04233572646363078
M_R_random_w128,p,P2,61103,3,0,3,0,0,0.043073596493182174,0.0023295540761697274,0.040384812758690616,0.044486206507934486
M_R_random_w128,p,P2,61211,3,0,3,0,0,0.046921330059832275,0.006614747998913114,0.039824602871997905,0.05291555515947999
M_R_random_w128,p,P2,61319,3,0,3,0,0,0.040444022270306905,0.0029788054760201896,0.03701032502217583,0.04233572646363078
M_R_random_w128,p,P3,61103,3,0,3,0,0,0.043073596493182174,0.0023295540761697274,0.040384812758690616,0.044486206507934486
M_R_random_w128,p,P3,61211,3,0,3,0,0,0.046921330059832275,0.006614747998913114,0.039824602871997905,0.05291555515947999
M_R_random_w128,p,P3,61319,3,0,3,0,0,0.040444022270306905,0.0029788054760201896,0.03701032502217583,0.04233572646363078
M_R_random_w128,p,P4,61103,3,0,3,0,0,0.043073596493182174,0.0023295540761697274,0.040384812758690616,0.044486206507934486
M_R_random_w128,p,P4,61211,3,0,3,0,0,0.046921330059832275,0.006614747998913114,0.039824602871997905,0.05291555515947999
M_R_random_w128,p,P4,61319,3,0,3,0,0,0.040444022270306905,0.0029788054760201896,0.03701032502217583,0.04233572646363078
M_R_random_w128,test_nll,P1,61103,3,0,3,0,0,2.0417943795522056,0.023095612873628008,2.026723623275757,2.0683839321136475
M_R_random_w128,test_nll,P1,61211,3,0,3,0,0,2.0730526447296143,0.028035561468976036,2.0406928062438965,2.090022087097168
M_R_random_w128,test_nll,P1,61319,3,0,3,0,0,2.0514438152313232,0.03009126259418852,2.0263562202453613,2.0848069190979004
M_R_random_w128,test_nll,P2,61103,3,0,3,0,0,2.0417943795522056,0.023095612873628008,2.026723623275757,2.0683839321136475
M_R_random_w128,test_nll,P2,61211,3,0,3,0,0,2.0730526447296143,0.028035561468976036,2.0406928062438965,2.090022087097168
M_R_random_w128,test_nll,P2,61319,3,0,3,0,0,2.0514438152313232,0.03009126259418852,2.0263562202453613,2.0848069190979004
M_R_random_w128,test_nll,P3,61103,3,0,3,0,0,2.0417943795522056,0.023095612873628008,2.026723623275757,2.0683839321136475
M_R_random_w128,test_nll,P3,61211,3,0,3,0,0,2.0730526447296143,0.028035561468976036,2.0406928062438965,2.090022087097168
M_R_random_w128,test_nll,P3,61319,3,0,3,0,0,2.0514438152313232,0.03009126259418852,2.0263562202453613,2.0848069190979004
M_R_random_w128,test_nll,P4,61103,3,0,3,0,0,2.0417943795522056,0.023095612873628008,2.026723623275757,2.0683839321136475
M_R_random_w128,test_nll,P4,61211,3,0,3,0,0,2.0730526447296143,0.028035561468976036,2.0406928062438965,2.090022087097168
M_R_random_w128,test_nll,P4,61319,3,0,3,0,0,2.0514438152313232,0.03009126259418852,2.0263562202453613,2.0848069190979004
M_R_random_w128,validation_nll,P1,61103,3,0,3,0,0,2.0492334365844727,0.010492785823140907,2.0429461002349854,2.0613465309143066
M_R_random_w128,validation_nll,P1,61211,3,0,3,0,0,2.059918483098348,0.040273954323840115,2.0136661529541016,2.0872318744659424
M_R_random_w128,validation_nll,P1,61319,3,0,3,0,0,2.0475169817606607,0.03631832910424572,2.020686149597168,2.0888447761535645
M_R_random_w128,validation_nll,P2,61103,3,0,3,0,0,2.0492334365844727,0.010492785823140907,2.0429461002349854,2.0613465309143066
M_R_random_w128,validation_nll,P2,61211,3,0,3,0,0,2.059918483098348,0.040273954323840115,2.0136661529541016,2.0872318744659424
M_R_random_w128,validation_nll,P2,61319,3,0,3,0,0,2.0475169817606607,0.03631832910424572,2.020686149597168,2.0888447761535645
M_R_random_w128,validation_nll,P3,61103,3,0,3,0,0,2.0492334365844727,0.010492785823140907,2.0429461002349854,2.0613465309143066
M_R_random_w128,validation_nll,P3,61211,3,0,3,0,0,2.059918483098348,0.040273954323840115,2.0136661529541016,2.0872318744659424
M_R_random_w128,validation_nll,P3,61319,3,0,3,0,0,2.0475169817606607,0.03631832910424572,2.020686149597168,2.0888447761535645
M_R_random_w128,validation_nll,P4,61103,3,0,3,0,0,2.0492334365844727,0.010492785823140907,2.0429461002349854,2.0613465309143066
M_R_random_w128,validation_nll,P4,61211,3,0,3,0,0,2.059918483098348,0.040273954323840115,2.0136661529541016,2.0872318744659424
M_R_random_w128,validation_nll,P4,61319,3,0,3,0,0,2.0475169817606607,0.03631832910424572,2.020686149597168,2.0888447761535645
M_R_random_w128,train_nll,P1,61103,3,0,3,0,0,1.881552775700887,0.012548138586197476,1.8711707592010498,1.8954968452453613
M_R_random_w128,train_nll,P1,61211,3,0,3,0,0,1.9026710589726765,0.03246101584603517,1.8659114837646484,1.927396535873413
M_R_random_w128,train_nll,P1,61319,3,0,3,0,0,1.902673880259196,0.026820211545094202,1.8782213926315308,1.9313585758209229
M_R_random_w128,train_nll,P2,61103,3,0,3,0,0,1.881552775700887,0.012548138586197476,1.8711707592010498,1.8954968452453613
M_R_random_w128,train_nll,P2,61211,3,0,3,0,0,1.9026710589726765,0.03246101584603517,1.8659114837646484,1.927396535873413
M_R_random_w128,train_nll,P2,61319,3,0,3,0,0,1.902673880259196,0.026820211545094202,1.8782213926315308,1.9313585758209229
M_R_random_w128,train_nll,P3,61103,3,0,3,0,0,1.881552775700887,0.012548138586197476,1.8711707592010498,1.8954968452453613
M_R_random_w128,train_nll,P3,61211,3,0,3,0,0,1.9026710589726765,0.03246101584603517,1.8659114837646484,1.927396535873413
M_R_random_w128,train_nll,P3,61319,3,0,3,0,0,1.902673880259196,0.026820211545094202,1.8782213926315308,1.9313585758209229
M_R_random_w128,train_nll,P4,61103,3,0,3,0,0,1.881552775700887,0.012548138586197476,1.8711707592010498,1.8954968452453613
M_R_random_w128,train_nll,P4,61211,3,0,3,0,0,1.9026710589726765,0.03246101584603517,1.8659114837646484,1.927396535873413
M_R_random_w128,train_nll,P4,61319,3,0,3,0,0,1.902673880259196,0.026820211545094202,1.8782213926315308,1.9313585758209229
M_R_random_w128,objective,P1,61103,3,0,3,0,0,4.909303879758111e-05,1.7753260695299702e-05,3.1798470003284125e-05,6.727193811455143e-05
M_R_random_w128,objective,P1,61211,3,0,3,0,0,4.267656563843701e-05,6.377005261570195e-06,3.7082661456942796e-05,4.962048928832099e-05
M_R_random_w128,objective,P1,61319,3,0,3,0,0,7.021224277733789e-05,1.531153722488578e-05,5.2544240689740135e-05,7.961584794993485e-05
M_R_random_w128,objective,P2,61103,3,0,3,0,0,4.909303879758111e-05,1.7753260695299702e-05,3.1798470003284125e-05,6.727193811455143e-05
M_R_random_w128,objective,P2,61211,3,0,3,0,0,4.267656563843701e-05,6.377005261570195e-06,3.7082661456942796e-05,4.962048928832099e-05
M_R_random_w128,objective,P2,61319,3,0,3,0,0,7.021224277733789e-05,1.531153722488578e-05,5.2544240689740135e-05,7.961584794993485e-05
M_R_random_w128,objective,P3,61103,3,0,3,0,0,4.909303879758111e-05,1.7753260695299702e-05,3.1798470003284125e-05,6.727193811455143e-05
M_R_random_w128,objective,P3,61211,3,0,3,0,0,4.267656563843701e-05,6.377005261570195e-06,3.7082661456942796e-05,4.962048928832099e-05
M_R_random_w128,objective,P3,61319,3,0,3,0,0,7.021224277733789e-05,1.531153722488578e-05,5.2544240689740135e-05,7.961584794993485e-05
M_R_random_w128,objective,P4,61103,3,0,3,0,0,4.909303879758111e-05,1.7753260695299702e-05,3.1798470003284125e-05,6.727193811455143e-05
M_R_random_w128,objective,P4,61211,3,0,3,0,0,4.267656563843701e-05,6.377005261570195e-06,3.7082661456942796e-05,4.962048928832099e-05
M_R_random_w128,objective,P4,61319,3,0,3,0,0,7.021224277733789e-05,1.531153722488578e-05,5.2544240689740135e-05,7.961584794993485e-05
M_R_random_w128,cancellation_ratio,P1,61103,3,0,3,0,0,1.0,0.0,1.0,1.0
M_R_random_w128,cancellation_ratio,P1,61211,3,0,3,0,0,1.0,0.0,1.0,1.0
M_R_random_w128,cancellation_ratio,P1,61319,3,0,3,0,0,1.0,0.0,1.0,1.0
M_R_random_w128,cancellation_ratio,P2,61103,3,0,3,0,0,1.0,0.0,1.0,1.0
M_R_random_w128,cancellation_ratio,P2,61211,3,0,3,0,0,1.0,0.0,1.0,1.0
M_R_random_w128,cancellation_ratio,P2,61319,3,0,3,0,0,1.0,0.0,1.0,1.0
M_R_random_w128,cancellation_ratio,P3,61103,3,0,3,0,0,1.0,0.0,1.0,1.0
M_R_random_w128,cancellation_ratio,P3,61211,3,0,3,0,0,1.0,0.0,1.0,1.0
M_R_random_w128,cancellation_ratio,P3,61319,3,0,3,0,0,1.0,0.0,1.0,1.0
M_R_random_w128,cancellation_ratio,P4,61103,3,0,3,0,0,1.0,0.0,1.0,1.0
M_R_random_w128,cancellation_ratio,P4,61211,3,0,3,0,0,1.0,0.0,1.0,1.0
M_R_random_w128,cancellation_ratio,P4,61319,3,0,3,0,0,1.0,0.0,1.0,1.0
M_R_random_w256,delta_test,P1,61103,3,0,3,0,0,3.23732860883077,0.04534548218417407,3.186875820159912,3.2746834754943848
M_R_random_w256,delta_test,P1,61211,3,0,3,0,0,3.308490594228109,0.061799664173162475,3.2462570667266846,3.369847059249878
M_R_random_w256,delta_test,P1,61319,3,0,3,0,0,3.2542412281036377,0.032672275851200354,3.2185308933258057,3.282634735107422
M_R_random_w256,delta_test,P2,61103,3,0,3,0,0,3.23732860883077,0.04534548218417407,3.186875820159912,3.2746834754943848
M_R_random_w256,delta_test,P2,61211,3,0,3,0,0,3.308490594228109,0.061799664173162475,3.2462570667266846,3.369847059249878
M_R_random_w256,delta_test,P2,61319,3,0,3,0,0,3.2542412281036377,0.032672275851200354,3.2185308933258057,3.282634735107422
M_R_random_w256,delta_test,P3,61103,3,0,3,0,0,3.236003875732422,0.043554877534181836,3.1875858306884766,3.271994113922119
M_R_random_w256,delta_test,P3,61211,3,0,3,0,0,3.3084132273991904,0.06059655424792404,3.247565746307373,3.3687556982040405
M_R_random_w256,delta_test,P3,61319,3,0,3,0,0,3.2524784803390503,0.032984535419027225,3.216329574584961,3.2809414863586426
M_R_random_w256,delta_test,P4,61103,3,0,3,0,0,3.236003875732422,0.043554877534181836,3.1875858306884766,3.271994113922119
M_R_random_w256,delta_test,P4,61211,3,0,3,0,0,3.3084132273991904,0.06059655424792404,3.247565746307373,3.3687556982040405
M_R_random_w256,delta_test,P4,61319,3,0,3,0,0,3.2524784803390503,0.032984535419027225,3.216329574584961,3.2809414863586426
M_R_random_w256,delta_validation,P1,61103,3,0,3,0,0,3.284024159113566,0.032516002097655226,3.2573461532592773,3.3202433586120605
M_R_random_w256,delta_validation,P1,61211,3,0,3,0,0,3.2968141635258994,0.06365510337311032,3.2292723655700684,3.3556958436965942
M_R_random_w256,delta_validation,P1,61319,3,0,3,0,0,3.2745838165283203,0.04114100664380317,3.2292189598083496,3.3094770908355713
M_R_random_w256,delta_validation,P2,61103,3,0,3,0,0,3.284024159113566,0.032516002097655226,3.2573461532592773,3.3202433586120605
M_R_random_w256,delta_validation,P2,61211,3,0,3,0,0,3.2968141635258994,0.06365510337311032,3.2292723655700684,3.3556958436965942
M_R_random_w256,delta_validation,P2,61319,3,0,3,0,0,3.2745838165283203,0.04114100664380317,3.2292189598083496,3.3094770908355713
M_R_random_w256,delta_validation,P3,61103,3,0,3,0,0,3.2830546696980796,0.031166925451508842,3.25848650932312,3.318113327026367
M_R_random_w256,delta_validation,P3,61211,3,0,3,0,0,3.296600341796875,0.062253114783571185,3.2303905487060547,3.3539466857910156
M_R_random_w256,delta_validation,P3,61319,3,0,3,0,0,3.272429903348287,0.04160813873363249,3.226541042327881,3.307698965072632
M_R_random_w256,delta_validation,P4,61103,3,0,3,0,0,3.2830546696980796,0.031166925451508842,3.25848650932312,3.318113327026367
M_R_random_w256,delta_validation,P4,61211,3,0,3,0,0,3.296600341796875,0.062253114783571185,3.2303905487060547,3.3539466857910156
M_R_random_w256,delta_validation,P4,61319,3,0,3,0,0,3.272429903348287,0.04160813873363249,3.226541042327881,3.307698965072632
M_R_random_w256,p,P1,61103,3,0,3,0,0,0.02735566708726619,0.0010926594782903498,0.02635901583322007,0.028524007224470904
M_R_random_w256,p,P1,61211,3,0,3,0,0,0.02597790818157747,0.004170555047923414,0.022657731473099886,0.030658898615679442
M_R_random_w256,p,P1,61319,3,0,3,0,0,0.024221082285619304,0.0014857383921903016,0.022798954506079147,0.02576315941476849
M_R_random_w256,p,P2,61103,3,0,3,0,0,0.02735566708726619,0.0010926594782903498,0.02635901583322007,0.028524007224470904
M_R_random_w256,p,P2,61211,3,0,3,0,0,0.02597790818157747,0.004170555047923414,0.022657731473099886,0.030658898615679442
M_R_random_w256,p,P2,61319,3,0,3,0,0,0.024221082285619304,0.0014857383921903016,0.022798954506079147,0.02576315941476849
M_R_random_w256,p,P3,61103,3,0,3,0,0,0.028331343781803884,0.0010946949623742203,0.0273633993289114,0.02951935415546482
M_R_random_w256,p,P3,61211,3,0,3,0,0,0.026805862128434024,0.0042239944585611205,0.023380096490994783,0.03152544189462947
M_R_random_w256,p,P3,61319,3,0,3,0,0,0.025017088583308134,0.0015875876383570568,0.023502423988487814,0.0266687238961233
M_R_random_w256,p,P4,61103,3,0,3,0,0,0.028331343781803884,0.0010946949623742203,0.0273633993289114,0.02951935415546482
M_R_random_w256,p,P4,61211,3,0,3,0,0,0.026805862128434024,0.0042239944585611205,0.023380096490994783,0.03152544189462947
M_R_random_w256,p,P4,61319,3,0,3,0,0,0.025017088583308134,0.0015875876383570568,0.023502423988487814,0.0266687238961233
M_R_random_w256,test_nll,P1,61103,3,0,3,0,0,2.0292715231577554,0.030528898726951924,2.0079398155212402,2.064242362976074
M_R_random_w256,test_nll,P1,61211,3,0,3,0,0,2.027369976043701,0.054596885268068635,1.9736778736114502,2.0828287601470947
M_R_random_w256,test_nll,P1,61319,3,0,3,0,0,2.014349857966105,0.037248613646442316,1.981870174407959,2.0550081729888916
M_R_random_w256,test_nll,P2,61103,3,0,3,0,0,2.0292715231577554,0.030528898726951924,2.0079398155212402,2.064242362976074
M_R_random_w256,test_nll,P2,61211,3,0,3,0,0,2.027369976043701,0.054596885268068635,1.9736778736114502,2.0828287601470947
M_R_random_w256,test_nll,P2,61319,3,0,3,0,0,2.014349857966105,0.037248613646442316,1.981870174407959,2.0550081729888916
M_R_random_w256,test_nll,P3,61103,3,0,3,0,0,2.0305962562561035,0.02873731098509857,2.010629177093506,2.0635323524475098
M_R_random_w256,test_nll,P3,61211,3,0,3,0,0,2.0274473428726196,0.05338908614234495,1.9747692346572876,2.0815200805664062
M_R_random_w256,test_nll,P3,61319,3,0,3,0,0,2.0161126057306924,0.0376565162645282,1.9832638502120972,2.0572094917297363
M_R_random_w256,test_nll,P4,61103,3,0,3,0,0,2.0305962562561035,0.02873731098509857,2.010629177093506,2.0635323524475098
M_R_random_w256,test_nll,P4,61211,3,0,3,0,0,2.0274473428726196,0.05338908614234495,1.9747692346572876,2.0815200805664062
M_R_random_w256,test_nll,P4,61319,3,0,3,0,0,2.0161126057306924,0.0376565162645282,1.9832638502120972,2.0572094917297363
M_R_random_w256,validation_nll,P1,61103,3,0,3,0,0,2.032806317011515,0.024334167948642953,2.0052552223205566,2.0513625144958496
M_R_random_w256,validation_nll,P1,61211,3,0,3,0,0,2.0201294819513955,0.05575102758822199,1.9643114805221558,2.0758132934570312
M_R_random_w256,validation_nll,P1,61319,3,0,3,0,0,2.012977441151937,0.04141795333979794,1.9793283939361572,2.059234142303467
M_R_random_w256,validation_nll,P2,61103,3,0,3,0,0,2.032806317011515,0.024334167948642953,2.0052552223205566,2.0513625144958496
M_R_random_w256,validation_nll,P2,61211,3,0,3,0,0,2.0201294819513955,0.05575102758822199,1.9643114805221558,2.0758132934570312
M_R_random_w256,validation_nll,P2,61319,3,0,3,0,0,2.012977441151937,0.04141795333979794,1.9793283939361572,2.059234142303467
M_R_random_w256,validation_nll,P3,61103,3,0,3,0,0,2.033775806427002,0.023084961344135707,2.00738525390625,2.050222158432007
M_R_random_w256,validation_nll,P3,61211,3,0,3,0,0,2.02034330368042,0.0543172689508895,1.9660606384277344,2.074695110321045
M_R_random_w256,validation_nll,P3,61319,3,0,3,0,0,2.01513135433197,0.04182857404055285,1.9813340902328491,2.0619120597839355
M_R_random_w256,validation_nll,P4,61103,3,0,3,0,0,2.033775806427002,0.023084961344135707,2.00738525390625,2.050222158432007
M_R_random_w256,validation_nll,P4,61211,3,0,3,0,0,2.02034330368042,0.0543172689508895,1.9660606384277344,2.074695110321045
M_R_random_w256,validation_nll,P4,61319,3,0,3,0,0,2.01513135433197,0.04182857404055285,1.9813340902328491,2.0619120597839355
M_R_random_w256,train_nll,P1,61103,3,0,3,0,0,1.8680867751439412,0.025117552507483334,1.8512828350067139,1.896960973739624
M_R_random_w256,train_nll,P1,61211,3,0,3,0,0,1.872297962506612,0.040020586159710735,1.8329161405563354,1.9129281044006348
M_R_random_w256,train_nll,P1,61319,3,0,3,0,0,1.8771539131800334,0.02579400394245565,1.8598546981811523,1.9068007469177246
M_R_random_w256,train_nll,P2,61103,3,0,3,0,0,1.8680867751439412,0.025117552507483334,1.8512828350067139,1.896960973739624
M_R_random_w256,train_nll,P2,61211,3,0,3,0,0,1.872297962506612,0.040020586159710735,1.8329161405563354,1.9129281044006348
M_R_random_w256,train_nll,P2,61319,3,0,3,0,0,1.8771539131800334,0.02579400394245565,1.8598546981811523,1.9068007469177246
M_R_random_w256,train_nll,P3,61103,3,0,3,0,0,1.8630661567052205,0.02362186950718635,1.8476694822311401,1.8902631998062134
M_R_random_w256,train_nll,P3,61211,3,0,3,0,0,1.8674487272898357,0.038694735122215086,1.8294016122817993,1.9067600965499878
M_R_random_w256,train_nll,P3,61319,3,0,3,0,0,1.873555103937785,0.025998381267732636,1.856085181236267,1.903432846069336
M_R_random_w256,train_nll,P4,61103,3,0,3,0,0,1.8630661567052205,0.02362186950718635,1.8476694822311401,1.8902631998062134
M_R_random_w256,train_nll,P4,61211,3,0,3,0,0,1.8674487272898357,0.038694735122215086,1.8294016122817993,1.9067600965499878
M_R_random_w256,train_nll,P4,61319,3,0,3,0,0,1.873555103937785,0.025998381267732636,1.856085181236267,1.903432846069336
M_R_random_w256,objective,P1,61103,3,0,3,0,0,1.8919164485630814e-05,8.988704119924587e-06,1.3218551732268152e-05,2.9281066061249485e-05
M_R_random_w256,objective,P1,61211,3,0,3,0,0,1.752514318088562e-05,3.3688849303994288e-06,1.366094552795148e-05,1.984501519952316e-05
M_R_random_w256,objective,P1,61319,3,0,3,0,0,2.5437669313834574e-05,1.2150430916281535e-05,1.2457259415486242e-05,3.6539239636135835e-05
M_R_random_w256,objective,P2,61103,3,0,3,0,0,1.8919164485630814e-05,8.988704119924587e-06,1.3218551732268152e-05,2.9281066061249485e-05
M_R_random_w256,objective,P2,61211,3,0,3,0,0,1.752514318088562e-05,3.3688849303994288e-06,1.366094552795148e-05,1.984501519952316e-05
M_R_random_w256,objective,P2,61319,3,0,3,0,0,2.5437669313834574e-05,1.2150430916281535e-05,1.2457259415486242e-05,3.6539239636135835e-05
M_R_random_w256,objective,P3,61103,3,0,3,0,0,2.0020086223663265e-05,9.256184557897711e-06,1.4260030191807083e-05,3.069711805209985e-05
M_R_random_w256,objective,P3,61211,3,0,3,0,0,1.8509558103185698e-05,3.5291391167993236e-06,1.4463154057480343e-05,2.0950831447582463e-05
M_R_random_w256,objective,P3,61319,3,0,3,0,0,2.6700836330994508e-05,1.2452121609666102e-05,1.3369714371713124e-05,3.803182580778182e-05
M_R_random_w256,objective,P4,61103,3,0,3,0,0,2.0020086223663265e-05,9.256184557897711e-06,1.4260030191807083e-05,3.069711805209985e-05
M_R_random_w256,objective,P4,61211,3,0,3,0,0,1.8509558103185698e-05,3.5291391167993236e-06,1.4463154057480343e-05,2.0950831447582463e-05
M_R_random_w256,objective,P4,61319,3,0,3,0,0,2.6700836330994508e-05,1.2452121609666102e-05,1.3369714371713124e-05,3.803182580778182e-05
M_R_random_w256,cancellation_ratio,P1,61103,3,0,3,0,0,1.0,0.0,1.0,1.0
M_R_random_w256,cancellation_ratio,P1,61211,3,0,3,0,0,1.0,0.0,1.0,1.0
M_R_random_w256,cancellation_ratio,P1,61319,3,0,3,0,0,1.0,0.0,1.0,1.0
M_R_random_w256,cancellation_ratio,P2,61103,3,0,3,0,0,1.0,0.0,1.0,1.0
M_R_random_w256,cancellation_ratio,P2,61211,3,0,3,0,0,1.0,0.0,1.0,1.0
M_R_random_w256,cancellation_ratio,P2,61319,3,0,3,0,0,1.0,0.0,1.0,1.0
M_R_random_w256,cancellation_ratio,P3,61103,3,0,3,0,0,1.0,0.0,1.0,1.0
M_R_random_w256,cancellation_ratio,P3,61211,3,0,3,0,0,1.0,0.0,1.0,1.0
M_R_random_w256,cancellation_ratio,P3,61319,3,0,3,0,0,1.0,0.0,1.0,1.0
M_R_random_w256,cancellation_ratio,P4,61103,3,0,3,0,0,1.0,0.0,1.0,1.0
M_R_random_w256,cancellation_ratio,P4,61211,3,0,3,0,0,1.0,0.0,1.0,1.0
M_R_random_w256,cancellation_ratio,P4,61319,3,0,3,0,0,1.0,0.0,1.0,1.0
M_R_uniform_w64,delta_test,P1,61103,3,0,3,0,0,1.1910243431727092,0.011431706573943289,1.180677890777588,1.2032966613769531
M_R_uniform_w64,delta_test,P1,61211,3,0,3,0,0,1.2037622531255086,0.012643661500448008,1.1906464099884033,1.2158738374710083
M_R_uniform_w64,delta_test,P1,61319,3,0,3,0,0,1.1718448400497437,0.022081535286125636,1.152143120765686,1.195712685585022
M_R_uniform_w64,delta_test,P2,61103,3,0,3,0,0,1.1910243431727092,0.011431706573943289,1.180677890777588,1.2032966613769531
M_R_uniform_w64,delta_test,P2,61211,3,0,3,0,0,1.2037622531255086,0.012643661500448008,1.1906464099884033,1.2158738374710083
M_R_uniform_w64,delta_test,P2,61319,3,0,3,0,0,1.1718448400497437,0.022081535286125636,1.152143120765686,1.195712685585022
M_R_uniform_w64,delta_test,P3,61103,3,0,3,0,0,1.1910243431727092,0.011431706573943289,1.180677890777588,1.2032966613769531
M_R_uniform_w64,delta_test,P3,61211,3,0,3,0,0,1.2037622531255086,0.012643661500448008,1.1906464099884033,1.2158738374710083
M_R_uniform_w64,delta_test,P3,61319,3,0,3,0,0,1.1718448400497437,0.022081535286125636,1.152143120765686,1.195712685585022
M_R_uniform_w64,delta_test,P4,61103,3,0,3,0,0,1.1910243431727092,0.011431706573943289,1.180677890777588,1.2032966613769531
M_R_uniform_w64,delta_test,P4,61211,3,0,3,0,0,1.2037622531255086,0.012643661500448008,1.1906464099884033,1.2158738374710083
M_R_uniform_w64,delta_test,P4,61319,3,0,3,0,0,1.1718448400497437,0.022081535286125636,1.152143120765686,1.195712685585022
M_R_uniform_w64,delta_validation,P1,61103,3,0,3,0,0,1.2206591367721558,0.007393499473295529,1.2131177186965942,1.2278952598571777
M_R_uniform_w64,delta_validation,P1,61211,3,0,3,0,0,1.1974362134933472,0.009046406279124366,1.1918351650238037,1.207872748374939
M_R_uniform_w64,delta_validation,P1,61319,3,0,3,0,0,1.1799319585164387,0.031563120844679916,1.1455535888671875,1.2076009511947632
M_R_uniform_w64,delta_validation,P2,61103,3,0,3,0,0,1.2206591367721558,0.007393499473295529,1.2131177186965942,1.2278952598571777
M_R_uniform_w64,delta_validation,P2,61211,3,0,3,0,0,1.1974362134933472,0.009046406279124366,1.1918351650238037,1.207872748374939
M_R_uniform_w64,delta_validation,P2,61319,3,0,3,0,0,1.1799319585164387,0.031563120844679916,1.1455535888671875,1.2076009511947632
M_R_uniform_w64,delta_validation,P3,61103,3,0,3,0,0,1.2206591367721558,0.007393499473295529,1.2131177186965942,1.2278952598571777
M_R_uniform_w64,delta_validation,P3,61211,3,0,3,0,0,1.1974362134933472,0.009046406279124366,1.1918351650238037,1.207872748374939
M_R_uniform_w64,delta_validation,P3,61319,3,0,3,0,0,1.1799319585164387,0.031563120844679916,1.1455535888671875,1.2076009511947632
M_R_uniform_w64,delta_validation,P4,61103,3,0,3,0,0,1.2206591367721558,0.007393499473295529,1.2131177186965942,1.2278952598571777
M_R_uniform_w64,delta_validation,P4,61211,3,0,3,0,0,1.1974362134933472,0.009046406279124366,1.1918351650238037,1.207872748374939
M_R_uniform_w64,delta_validation,P4,61319,3,0,3,0,0,1.1799319585164387,0.031563120844679916,1.1455535888671875,1.2076009511947632
M_R_uniform_w64,p,P1,61103,3,3,0,0,0,,,,
M_R_uniform_w64,p,P1,61211,3,3,0,0,0,,,,
M_R_uniform_w64,p,P1,61319,3,3,0,0,0,,,,
M_R_uniform_w64,p,P2,61103,3,3,0,0,0,,,,
M_R_uniform_w64,p,P2,61211,3,3,0,0,0,,,,
M_R_uniform_w64,p,P2,61319,3,3,0,0,0,,,,
M_R_uniform_w64,p,P3,61103,3,3,0,0,0,,,,
M_R_uniform_w64,p,P3,61211,3,3,0,0,0,,,,
M_R_uniform_w64,p,P3,61319,3,3,0,0,0,,,,
M_R_uniform_w64,p,P4,61103,3,3,0,0,0,,,,
M_R_uniform_w64,p,P4,61211,3,3,0,0,0,,,,
M_R_uniform_w64,p,P4,61319,3,3,0,0,0,,,,
M_R_uniform_w64,test_nll,P1,61103,3,0,3,0,0,1.8762232065200806,0.011283772381251788,1.8673232793807983,1.8889143466949463
M_R_uniform_w64,test_nll,P1,61211,3,0,3,0,0,1.9022721846898396,0.008559523299672633,1.896370530128479,1.9120891094207764
M_R_uniform_w64,test_nll,P1,61319,3,0,3,0,0,1.8913162151972454,0.012316761765594073,1.8780885934829712,1.9024549722671509
M_R_uniform_w64,test_nll,P2,61103,3,0,3,0,0,1.8762232065200806,0.011283772381251788,1.8673232793807983,1.8889143466949463
M_R_uniform_w64,test_nll,P2,61211,3,0,3,0,0,1.9022721846898396,0.008559523299672633,1.896370530128479,1.9120891094207764
M_R_uniform_w64,test_nll,P2,61319,3,0,3,0,0,1.8913162151972454,0.012316761765594073,1.8780885934829712,1.9024549722671509
M_R_uniform_w64,test_nll,P3,61103,3,0,3,0,0,1.8762232065200806,0.011283772381251788,1.8673232793807983,1.8889143466949463
M_R_uniform_w64,test_nll,P3,61211,3,0,3,0,0,1.9022721846898396,0.008559523299672633,1.896370530128479,1.9120891094207764
M_R_uniform_w64,test_nll,P3,61319,3,0,3,0,0,1.8913162151972454,0.012316761765594073,1.8780885934829712,1.9024549722671509
M_R_uniform_w64,test_nll,P4,61103,3,0,3,0,0,1.8762232065200806,0.011283772381251788,1.8673232793807983,1.8889143466949463
M_R_uniform_w64,test_nll,P4,61211,3,0,3,0,0,1.9022721846898396,0.008559523299672633,1.896370530128479,1.9120891094207764
M_R_uniform_w64,test_nll,P4,61319,3,0,3,0,0,1.8913162151972454,0.012316761765594073,1.8780885934829712,1.9024549722671509
M_R_uniform_w64,validation_nll,P1,61103,3,0,3,0,0,1.8819641669591267,0.01151045747844922,1.8739347457885742,1.8951514959335327
M_R_uniform_w64,validation_nll,P1,61211,3,0,3,0,0,1.8964349031448364,0.009441359251572693,1.8897358179092407,1.9072329998016357
M_R_uniform_w64,validation_nll,P1,61319,3,0,3,0,0,1.8907926082611084,0.012126942935958927,1.8775707483291626,1.9013972282409668
M_R_uniform_w64,validation_nll,P2,61103,3,0,3,0,0,1.8819641669591267,0.01151045747844922,1.8739347457885742,1.8951514959335327
M_R_uniform_w64,validation_nll,P2,61211,3,0,3,0,0,1.8964349031448364,0.009441359251572693,1.8897358179092407,1.9072329998016357
M_R_uniform_w64,validation_nll,P2,61319,3,0,3,0,0,1.8907926082611084,0.012126942935958927,1.8775707483291626,1.9013972282409668
M_R_uniform_w64,validation_nll,P3,61103,3,0,3,0,0,1.8819641669591267,0.01151045747844922,1.8739347457885742,1.8951514959335327
M_R_uniform_w64,validation_nll,P3,61211,3,0,3,0,0,1.8964349031448364,0.009441359251572693,1.8897358179092407,1.9072329998016357
M_R_uniform_w64,validation_nll,P3,61319,3,0,3,0,0,1.8907926082611084,0.012126942935958927,1.8775707483291626,1.9013972282409668
M_R_uniform_w64,validation_nll,P4,61103,3,0,3,0,0,1.8819641669591267,0.01151045747844922,1.8739347457885742,1.8951514959335327
M_R_uniform_w64,validation_nll,P4,61211,3,0,3,0,0,1.8964349031448364,0.009441359251572693,1.8897358179092407,1.9072329998016357
M_R_uniform_w64,validation_nll,P4,61319,3,0,3,0,0,1.8907926082611084,0.012126942935958927,1.8775707483291626,1.9013972282409668
M_R_uniform_w64,train_nll,P1,61103,3,0,3,0,0,1.8377360105514526,0.011052963109308584,1.8298949003219604,1.8503775596618652
M_R_uniform_w64,train_nll,P1,61211,3,0,3,0,0,1.8597977956136067,0.01054266582189626,1.8487517833709717,1.8697521686553955
M_R_uniform_w64,train_nll,P1,61319,3,0,3,0,0,1.8597232500712078,0.012760200901209669,1.8468902111053467,1.8724093437194824
M_R_uniform_w64,train_nll,P2,61103,3,0,3,0,0,1.8377360105514526,0.011052963109308584,1.8298949003219604,1.8503775596618652
M_R_uniform_w64,train_nll,P2,61211,3,0,3,0,0,1.8597977956136067,0.01054266582189626,1.8487517833709717,1.8697521686553955
M_R_uniform_w64,train_nll,P2,61319,3,0,3,0,0,1.8597232500712078,0.012760200901209669,1.8468902111053467,1.8724093437194824
M_R_uniform_w64,train_nll,P3,61103,3,0,3,0,0,1.8377360105514526,0.011052963109308584,1.8298949003219604,1.8503775596618652
M_R_uniform_w64,train_nll,P3,61211,3,0,3,0,0,1.8597977956136067,0.01054266582189626,1.8487517833709717,1.8697521686553955
M_R_uniform_w64,train_nll,P3,61319,3,0,3,0,0,1.8597232500712078,0.012760200901209669,1.8468902111053467,1.8724093437194824
M_R_uniform_w64,train_nll,P4,61103,3,0,3,0,0,1.8377360105514526,0.011052963109308584,1.8298949003219604,1.8503775596618652
M_R_uniform_w64,train_nll,P4,61211,3,0,3,0,0,1.8597977956136067,0.01054266582189626,1.8487517833709717,1.8697521686553955
M_R_uniform_w64,train_nll,P4,61319,3,0,3,0,0,1.8597232500712078,0.012760200901209669,1.8468902111053467,1.8724093437194824
M_R_uniform_w64,objective,P1,61103,3,3,0,0,0,,,,
M_R_uniform_w64,objective,P1,61211,3,3,0,0,0,,,,
M_R_uniform_w64,objective,P1,61319,3,3,0,0,0,,,,
M_R_uniform_w64,objective,P2,61103,3,3,0,0,0,,,,
M_R_uniform_w64,objective,P2,61211,3,3,0,0,0,,,,
M_R_uniform_w64,objective,P2,61319,3,3,0,0,0,,,,
M_R_uniform_w64,objective,P3,61103,3,3,0,0,0,,,,
M_R_uniform_w64,objective,P3,61211,3,3,0,0,0,,,,
M_R_uniform_w64,objective,P3,61319,3,3,0,0,0,,,,
M_R_uniform_w64,objective,P4,61103,3,3,0,0,0,,,,
M_R_uniform_w64,objective,P4,61211,3,3,0,0,0,,,,
M_R_uniform_w64,objective,P4,61319,3,3,0,0,0,,,,
M_R_uniform_w64,cancellation_ratio,P1,61103,3,0,3,0,0,1.0,0.0,1.0,1.0
M_R_uniform_w64,cancellation_ratio,P1,61211,3,0,3,0,0,1.0,0.0,1.0,1.0
M_R_uniform_w64,cancellation_ratio,P1,61319,3,0,3,0,0,1.0,0.0,1.0,1.0
M_R_uniform_w64,cancellation_ratio,P2,61103,3,0,3,0,0,1.0,0.0,1.0,1.0
M_R_uniform_w64,cancellation_ratio,P2,61211,3,0,3,0,0,1.0,0.0,1.0,1.0
M_R_uniform_w64,cancellation_ratio,P2,61319,3,0,3,0,0,1.0,0.0,1.0,1.0
M_R_uniform_w64,cancellation_ratio,P3,61103,3,0,3,0,0,1.0,0.0,1.0,1.0
M_R_uniform_w64,cancellation_ratio,P3,61211,3,0,3,0,0,1.0,0.0,1.0,1.0
M_R_uniform_w64,cancellation_ratio,P3,61319,3,0,3,0,0,1.0,0.0,1.0,1.0
M_R_uniform_w64,cancellation_ratio,P4,61103,3,0,3,0,0,1.0,0.0,1.0,1.0
M_R_uniform_w64,cancellation_ratio,P4,61211,3,0,3,0,0,1.0,0.0,1.0,1.0
M_R_uniform_w64,cancellation_ratio,P4,61319,3,0,3,0,0,1.0,0.0,1.0,1.0
M_R_uniform_w128,delta_test,P1,61103,3,0,3,0,0,2.1794219414393106,0.00543231253894207,2.17583167552948,2.18567156791687
M_R_uniform_w128,delta_test,P1,61211,3,0,3,0,0,2.2037166357040405,0.030564793480717407,2.1685593128204346,2.223974585533142
M_R_uniform_w128,delta_test,P1,61319,3,0,3,0,0,2.122609337170919,0.015411660873571268,2.10541832447052,2.1351886987686157
M_R_uniform_w128,delta_test,P2,61103,3,0,3,0,0,2.1794219414393106,0.00543231253894207,2.17583167552948,2.18567156791687
M_R_uniform_w128,delta_test,P2,61211,3,0,3,0,0,2.2037166357040405,0.030564793480717407,2.1685593128204346,2.223974585533142
M_R_uniform_w128,delta_test,P2,61319,3,0,3,0,0,2.122609337170919,0.015411660873571268,2.10541832447052,2.1351886987686157
M_R_uniform_w128,delta_test,P3,61103,3,0,3,0,0,2.1794219414393106,0.00543231253894207,2.17583167552948,2.18567156791687
M_R_uniform_w128,delta_test,P3,61211,3,0,3,0,0,2.2037166357040405,0.030564793480717407,2.1685593128204346,2.223974585533142
M_R_uniform_w128,delta_test,P3,61319,3,0,3,0,0,2.122609337170919,0.015411660873571268,2.10541832447052,2.1351886987686157
M_R_uniform_w128,delta_test,P4,61103,3,0,3,0,0,2.1794219414393106,0.00543231253894207,2.17583167552948,2.18567156791687
M_R_uniform_w128,delta_test,P4,61211,3,0,3,0,0,2.2037166357040405,0.030564793480717407,2.1685593128204346,2.223974585533142
M_R_uniform_w128,delta_test,P4,61319,3,0,3,0,0,2.122609337170919,0.015411660873571268,2.10541832447052,2.1351886987686157
M_R_uniform_w128,delta_validation,P1,61103,3,0,3,0,0,2.2208851178487143,0.009323365279932041,2.2130188941955566,2.2311835289001465
M_R_uniform_w128,delta_validation,P1,61211,3,0,3,0,0,2.203185478846232,0.029169520661452213,2.1699845790863037,2.224698781967163
M_R_uniform_w128,delta_validation,P1,61319,3,0,3,0,0,2.15236230691274,0.012763830859762633,2.1376240253448486,2.159783124923706
M_R_uniform_w128,delta_validation,P2,61103,3,0,3,0,0,2.2208851178487143,0.009323365279932041,2.2130188941955566,2.2311835289001465
M_R_uniform_w128,delta_validation,P2,61211,3,0,3,0,0,2.203185478846232,0.029169520661452213,2.1699845790863037,2.224698781967163
M_R_uniform_w128,delta_validation,P2,61319,3,0,3,0,0,2.15236230691274,0.012763830859762633,2.1376240253448486,2.159783124923706
M_R_uniform_w128,delta_validation,P3,61103,3,0,3,0,0,2.2208851178487143,0.009323365279932041,2.2130188941955566,2.2311835289001465
M_R_uniform_w128,delta_validation,P3,61211,3,0,3,0,0,2.203185478846232,0.029169520661452213,2.1699845790863037,2.224698781967163
M_R_uniform_w128,delta_validation,P3,61319,3,0,3,0,0,2.15236230691274,0.012763830859762633,2.1376240253448486,2.159783124923706
M_R_uniform_w128,delta_validation,P4,61103,3,0,3,0,0,2.2208851178487143,0.009323365279932041,2.2130188941955566,2.2311835289001465
M_R_uniform_w128,delta_validation,P4,61211,3,0,3,0,0,2.203185478846232,0.029169520661452213,2.1699845790863037,2.224698781967163
M_R_uniform_w128,delta_validation,P4,61319,3,0,3,0,0,2.15236230691274,0.012763830859762633,2.1376240253448486,2.159783124923706
M_R_uniform_w128,p,P1,61103,3,3,0,0,0,,,,
M_R_uniform_w128,p,P1,61211,3,3,0,0,0,,,,
M_R_uniform_w128,p,P1,61319,3,3,0,0,0,,,,
M_R_uniform_w128,p,P2,61103,3,3,0,0,0,,,,
M_R_uniform_w128,p,P2,61211,3,3,0,0,0,,,,
M_R_uniform_w128,p,P2,61319,3,3,0,0,0,,,,
M_R_uniform_w128,p,P3,61103,3,3,0,0,0,,,,
M_R_uniform_w128,p,P3,61211,3,3,0,0,0,,,,
M_R_uniform_w128,p,P3,61319,3,3,0,0,0,,,,
M_R_uniform_w128,p,P4,61103,3,3,0,0,0,,,,
M_R_uniform_w128,p,P4,61211,3,3,0,0,0,,,,
M_R_uniform_w128,p,P4,61319,3,3,0,0,0,,,,
M_R_uniform_w128,test_nll,P1,61103,3,0,3,0,0,1.792803168296814,0.009684524979645932,1.7834713459014893,1.8028055429458618
M_R_uniform_w128,test_nll,P1,61211,3,0,3,0,0,1.8348489999771118,0.0034175825806412284,1.8316645622253418,1.8384597301483154
M_R_uniform_w128,test_nll,P1,61319,3,0,3,0,0,1.858392357826233,0.005690478126008753,1.8547981977462769,1.8649531602859497
M_R_uniform_w128,test_nll,P2,61103,3,0,3,0,0,1.792803168296814,0.009684524979645932,1.7834713459014893,1.8028055429458618
M_R_uniform_w128,test_nll,P2,61211,3,0,3,0,0,1.8348489999771118,0.0034175825806412284,1.8316645622253418,1.8384597301483154
M_R_uniform_w128,test_nll,P2,61319,3,0,3,0,0,1.858392357826233,0.005690478126008753,1.8547981977462769,1.8649531602859497
M_R_uniform_w128,test_nll,P3,61103,3,0,3,0,0,1.792803168296814,0.009684524979645932,1.7834713459014893,1.8028055429458618
M_R_uniform_w128,test_nll,P3,61211,3,0,3,0,0,1.8348489999771118,0.0034175825806412284,1.8316645622253418,1.8384597301483154
M_R_uniform_w128,test_nll,P3,61319,3,0,3,0,0,1.858392357826233,0.005690478126008753,1.8547981977462769,1.8649531602859497
M_R_uniform_w128,test_nll,P4,61103,3,0,3,0,0,1.792803168296814,0.009684524979645932,1.7834713459014893,1.8028055429458618
M_R_uniform_w128,test_nll,P4,61211,3,0,3,0,0,1.8348489999771118,0.0034175825806412284,1.8316645622253418,1.8384597301483154
M_R_uniform_w128,test_nll,P4,61319,3,0,3,0,0,1.858392357826233,0.005690478126008753,1.8547981977462769,1.8649531602859497
M_R_uniform_w128,validation_nll,P1,61103,3,0,3,0,0,1.7952704429626465,0.012341871404112935,1.7851901054382324,1.809034824371338
M_R_uniform_w128,validation_nll,P1,61211,3,0,3,0,0,1.8194247881571453,0.004321921732101033,1.814514398574829,1.8226513862609863
M_R_uniform_w128,validation_nll,P1,61319,3,0,3,0,0,1.848026156425476,0.0021721955454062597,1.8467222452163696,1.8505337238311768
M_R_uniform_w128,validation_nll,P2,61103,3,0,3,0,0,1.7952704429626465,0.012341871404112935,1.7851901054382324,1.809034824371338
M_R_uniform_w128,validation_nll,P2,61211,3,0,3,0,0,1.8194247881571453,0.004321921732101033,1.814514398574829,1.8226513862609863
M_R_uniform_w128,validation_nll,P2,61319,3,0,3,0,0,1.848026156425476,0.0021721955454062597,1.8467222452163696,1.8505337238311768
M_R_uniform_w128,validation_nll,P3,61103,3,0,3,0,0,1.7952704429626465,0.012341871404112935,1.7851901054382324,1.809034824371338
M_R_uniform_w128,validation_nll,P3,61211,3,0,3,0,0,1.8194247881571453,0.004321921732101033,1.814514398574829,1.8226513862609863
M_R_uniform_w128,validation_nll,P3,61319,3,0,3,0,0,1.848026156425476,0.0021721955454062597,1.8467222452163696,1.8505337238311768
M_R_uniform_w128,validation_nll,P4,61103,3,0,3,0,0,1.7952704429626465,0.012341871404112935,1.7851901054382324,1.809034824371338
M_R_uniform_w128,validation_nll,P4,61211,3,0,3,0,0,1.8194247881571453,0.004321921732101033,1.814514398574829,1.8226513862609863
M_R_uniform_w128,validation_nll,P4,61319,3,0,3,0,0,1.848026156425476,0.0021721955454062597,1.8467222452163696,1.8505337238311768
M_R_uniform_w128,train_nll,P1,61103,3,0,3,0,0,1.6224865516026814,0.010080737200548936,1.6162207126617432,1.6341150999069214
M_R_uniform_w128,train_nll,P1,61211,3,0,3,0,0,1.6603821913401287,0.007052890774889174,1.6546672582626343,1.668264389038086
M_R_uniform_w128,train_nll,P1,61319,3,0,3,0,0,1.6894336938858032,0.00778917600271639,1.6815931797027588,1.6971704959869385
M_R_uniform_w128,train_nll,P2,61103,3,0,3,0,0,1.6224865516026814,0.010080737200548936,1.6162207126617432,1.6341150999069214
M_R_uniform_w128,train_nll,P2,61211,3,0,3,0,0,1.6603821913401287,0.007052890774889174,1.6546672582626343,1.668264389038086
M_R_uniform_w128,train_nll,P2,61319,3,0,3,0,0,1.6894336938858032,0.00778917600271639,1.6815931797027588,1.6971704959869385
M_R_uniform_w128,train_nll,P3,61103,3,0,3,0,0,1.6224865516026814,0.010080737200548936,1.6162207126617432,1.6341150999069214
M_R_uniform_w128,train_nll,P3,61211,3,0,3,0,0,1.6603821913401287,0.007052890774889174,1.6546672582626343,1.668264389038086
M_R_uniform_w128,train_nll,P3,61319,3,0,3,0,0,1.6894336938858032,0.00778917600271639,1.6815931797027588,1.6971704959869385
M_R_uniform_w128,train_nll,P4,61103,3,0,3,0,0,1.6224865516026814,0.010080737200548936,1.6162207126617432,1.6341150999069214
M_R_uniform_w128,train_nll,P4,61211,3,0,3,0,0,1.6603821913401287,0.007052890774889174,1.6546672582626343,1.668264389038086
M_R_uniform_w128,train_nll,P4,61319,3,0,3,0,0,1.6894336938858032,0.00778917600271639,1.6815931797027588,1.6971704959869385
M_R_uniform_w128,objective,P1,61103,3,3,0,0,0,,,,
M_R_uniform_w128,objective,P1,61211,3,3,0,0,0,,,,
M_R_uniform_w128,objective,P1,61319,3,3,0,0,0,,,,
M_R_uniform_w128,objective,P2,61103,3,3,0,0,0,,,,
M_R_uniform_w128,objective,P2,61211,3,3,0,0,0,,,,
M_R_uniform_w128,objective,P2,61319,3,3,0,0,0,,,,
M_R_uniform_w128,objective,P3,61103,3,3,0,0,0,,,,
M_R_uniform_w128,objective,P3,61211,3,3,0,0,0,,,,
M_R_uniform_w128,objective,P3,61319,3,3,0,0,0,,,,
M_R_uniform_w128,objective,P4,61103,3,3,0,0,0,,,,
M_R_uniform_w128,objective,P4,61211,3,3,0,0,0,,,,
M_R_uniform_w128,objective,P4,61319,3,3,0,0,0,,,,
M_R_uniform_w128,cancellation_ratio,P1,61103,3,0,3,0,0,1.0,0.0,1.0,1.0
M_R_uniform_w128,cancellation_ratio,P1,61211,3,0,3,0,0,1.0,0.0,1.0,1.0
M_R_uniform_w128,cancellation_ratio,P1,61319,3,0,3,0,0,1.0,0.0,1.0,1.0
M_R_uniform_w128,cancellation_ratio,P2,61103,3,0,3,0,0,1.0,0.0,1.0,1.0
M_R_uniform_w128,cancellation_ratio,P2,61211,3,0,3,0,0,1.0,0.0,1.0,1.0
M_R_uniform_w128,cancellation_ratio,P2,61319,3,0,3,0,0,1.0,0.0,1.0,1.0
M_R_uniform_w128,cancellation_ratio,P3,61103,3,0,3,0,0,1.0,0.0,1.0,1.0
M_R_uniform_w128,cancellation_ratio,P3,61211,3,0,3,0,0,1.0,0.0,1.0,1.0
M_R_uniform_w128,cancellation_ratio,P3,61319,3,0,3,0,0,1.0,0.0,1.0,1.0
M_R_uniform_w128,cancellation_ratio,P4,61103,3,0,3,0,0,1.0,0.0,1.0,1.0
M_R_uniform_w128,cancellation_ratio,P4,61211,3,0,3,0,0,1.0,0.0,1.0,1.0
M_R_uniform_w128,cancellation_ratio,P4,61319,3,0,3,0,0,1.0,0.0,1.0,1.0
M_R_uniform_w256,delta_test,P1,61103,3,0,3,0,0,3.5029447078704834,0.02675587785765185,3.4805184602737427,3.53256094455719
M_R_uniform_w256,delta_test,P1,61211,3,0,3,0,0,3.523658355077108,0.005282970488139687,3.52027428150177,3.529745936393738
M_R_uniform_w256,delta_test,P1,61319,3,0,3,0,0,3.4448075691858926,0.02563367661867041,3.417414903640747,3.468215584754944
M_R_uniform_w256,delta_test,P2,61103,3,0,3,0,0,3.5029447078704834,0.02675587785765185,3.4805184602737427,3.53256094455719
M_R_uniform_w256,delta_test,P2,61211,3,0,3,0,0,3.523658355077108,0.005282970488139687,3.52027428150177,3.529745936393738
M_R_uniform_w256,delta_test,P2,61319,3,0,3,0,0,3.4448075691858926,0.02563367661867041,3.417414903640747,3.468215584754944
M_R_uniform_w256,delta_test,P3,61103,3,0,3,0,0,3.505714257558187,0.026667827434108202,3.4830856323242188,3.535115361213684
M_R_uniform_w256,delta_test,P3,61211,3,0,3,0,0,3.5254446268081665,0.004878670727885216,3.522301197052002,3.5310648679733276
M_R_uniform_w256,delta_test,P3,61319,3,0,3,0,0,3.446012536684672,0.025538678359290648,3.4186779260635376,3.4692630767822266
M_R_uniform_w256,delta_test,P4,61103,3,0,3,0,0,3.505714257558187,0.026667827434108202,3.4830856323242188,3.535115361213684
M_R_uniform_w256,delta_test,P4,61211,3,0,3,0,0,3.5254446268081665,0.004878670727885216,3.522301197052002,3.5310648679733276
M_R_uniform_w256,delta_test,P4,61319,3,0,3,0,0,3.446012536684672,0.025538678359290648,3.4186779260635376,3.4692630767822266
M_R_uniform_w256,delta_validation,P1,61103,3,0,3,0,0,3.546334147453308,0.020622679960330362,3.5306586027145386,3.5696961879730225
M_R_uniform_w256,delta_validation,P1,61211,3,0,3,0,0,3.517188469568888,0.009843139333469864,3.5083608627319336,3.5278024673461914
M_R_uniform_w256,delta_validation,P1,61319,3,0,3,0,0,3.466388463973999,0.024480969680396196,3.4420981407165527,3.491055727005005
M_R_uniform_w256,delta_validation,P2,61103,3,0,3,0,0,3.546334147453308,0.020622679960330362,3.5306586027145386,3.5696961879730225
M_R_uniform_w256,delta_validation,P2,61211,3,0,3,0,0,3.517188469568888,0.009843139333469864,3.5083608627319336,3.5278024673461914
M_R_uniform_w256,delta_validation,P2,61319,3,0,3,0,0,3.466388463973999,0.024480969680396196,3.4420981407165527,3.491055727005005
M_R_uniform_w256,delta_validation,P3,61103,3,0,3,0,0,3.549184203147888,0.020124342637640298,3.5335609912872314,3.5718929767608643
M_R_uniform_w256,delta_validation,P3,61211,3,0,3,0,0,3.519032677014669,0.009083396426056156,3.5115559101104736,3.529141426086426
M_R_uniform_w256,delta_validation,P3,61319,3,0,3,0,0,3.4676206509272256,0.024314091586913545,3.443556547164917,3.4921772480010986
M_R_uniform_w256,delta_validation,P4,61103,3,0,3,0,0,3.549184203147888,0.020124342637640298,3.5335609912872314,3.5718929767608643
M_R_uniform_w256,delta_validation,P4,61211,3,0,3,0,0,3.519032677014669,0.009083396426056156,3.5115559101104736,3.529141426086426
M_R_uniform_w256,delta_validation,P4,61319,3,0,3,0,0,3.4676206509272256,0.024314091586913545,3.443556547164917,3.4921772480010986
M_R_uniform_w256,p,P1,61103,3,3,0,0,0,,,,
M_R_uniform_w256,p,P1,61211,3,3,0,0,0,,,,
M_R_uniform_w256,p,P1,61319,3,3,0,0,0,,,,
M_R_uniform_w256,p,P2,61103,3,3,0,0,0,,,,
M_R_uniform_w256,p,P2,61211,3,3,0,0,0,,,,
M_R_uniform_w256,p,P2,61319,3,3,0,0,0,,,,
M_R_uniform_w256,p,P3,61103,3,3,0,0,0,,,,
M_R_uniform_w256,p,P3,61211,3,3,0,0,0,,,,
M_R_uniform_w256,p,P3,61319,3,3,0,0,0,,,,
M_R_uniform_w256,p,P4,61103,3,3,0,0,0,,,,
M_R_uniform_w256,p,P4,61211,3,3,0,0,0,,,,
M_R_uniform_w256,p,P4,61319,3,3,0,0,0,,,,
M_R_uniform_w256,test_nll,P1,61103,3,0,3,0,0,1.763655424118042,0.011772877863436016,1.750062346458435,1.7705997228622437
M_R_uniform_w256,test_nll,P1,61211,3,0,3,0,0,1.8122022151947021,0.002938798453463893,1.8088115453720093,1.8140161037445068
M_R_uniform_w256,test_nll,P1,61319,3,0,3,0,0,1.82378351688385,0.0028369173435226873,1.8205903768539429,1.8260133266448975
M_R_uniform_w256,test_nll,P2,61103,3,0,3,0,0,1.763655424118042,0.011772877863436016,1.750062346458435,1.7705997228622437
M_R_uniform_w256,test_nll,P2,61211,3,0,3,0,0,1.8122022151947021,0.002938798453463893,1.8088115453720093,1.8140161037445068
M_R_uniform_w256,test_nll,P2,61319,3,0,3,0,0,1.82378351688385,0.0028369173435226873,1.8205903768539429,1.8260133266448975
M_R_uniform_w256,test_nll,P3,61103,3,0,3,0,0,1.7608858744303386,0.011594677437234453,1.747507929801941,1.7680325508117676
M_R_uniform_w256,test_nll,P3,61211,3,0,3,0,0,1.8104159434636433,0.003723594623567856,1.8061180114746094,1.8126697540283203
M_R_uniform_w256,test_nll,P3,61319,3,0,3,0,0,1.8225785493850708,0.0027090698025397683,1.8195428848266602,1.824750304222107
M_R_uniform_w256,test_nll,P4,61103,3,0,3,0,0,1.7608858744303386,0.011594677437234453,1.747507929801941,1.7680325508117676
M_R_uniform_w256,test_nll,P4,61211,3,0,3,0,0,1.8104159434636433,0.003723594623567856,1.8061180114746094,1.8126697540283203
M_R_uniform_w256,test_nll,P4,61319,3,0,3,0,0,1.8225785493850708,0.0027090698025397683,1.8195428848266602,1.824750304222107
M_R_uniform_w256,validation_nll,P1,61103,3,0,3,0,0,1.7704963286717732,0.014916356758987613,1.7558023929595947,1.7856255769729614
M_R_uniform_w256,validation_nll,P1,61211,3,0,3,0,0,1.7997551759084065,0.004243680505429137,1.796724796295166,1.80460524559021
M_R_uniform_w256,validation_nll,P1,61319,3,0,3,0,0,1.821172793706258,0.0020640359803348026,1.818791151046753,1.822441577911377
M_R_uniform_w256,validation_nll,P2,61103,3,0,3,0,0,1.7704963286717732,0.014916356758987613,1.7558023929595947,1.7856255769729614
M_R_uniform_w256,validation_nll,P2,61211,3,0,3,0,0,1.7997551759084065,0.004243680505429137,1.796724796295166,1.80460524559021
M_R_uniform_w256,validation_nll,P2,61319,3,0,3,0,0,1.821172793706258,0.0020640359803348026,1.818791151046753,1.822441577911377
M_R_uniform_w256,validation_nll,P3,61103,3,0,3,0,0,1.7676462729771931,0.014586424617280123,1.753605604171753,1.7827231884002686
M_R_uniform_w256,validation_nll,P3,61211,3,0,3,0,0,1.7979109684626262,0.005165432895584201,1.793529748916626,1.803606629371643
M_R_uniform_w256,validation_nll,P3,61319,3,0,3,0,0,1.8199406067530315,0.0019824044508892826,1.8176696300506592,1.8213249444961548
M_R_uniform_w256,validation_nll,P4,61103,3,0,3,0,0,1.7676462729771931,0.014586424617280123,1.753605604171753,1.7827231884002686
M_R_uniform_w256,validation_nll,P4,61211,3,0,3,0,0,1.7979109684626262,0.005165432895584201,1.793529748916626,1.803606629371643
M_R_uniform_w256,validation_nll,P4,61319,3,0,3,0,0,1.8199406067530315,0.0019824044508892826,1.8176696300506592,1.8213249444961548
M_R_uniform_w256,train_nll,P1,61103,3,0,3,0,0,1.5972012281417847,0.003526265917770005,1.593308925628662,1.6001827716827393
M_R_uniform_w256,train_nll,P1,61211,3,0,3,0,0,1.6580296357472737,0.013483956537963835,1.6430459022521973,1.6691865921020508
M_R_uniform_w256,train_nll,P1,61319,3,0,3,0,0,1.6777956088383992,0.006066906939299193,1.672879695892334,1.6845759153366089
M_R_uniform_w256,train_nll,P2,61103,3,0,3,0,0,1.5972012281417847,0.003526265917770005,1.593308925628662,1.6001827716827393
M_R_uniform_w256,train_nll,P2,61211,3,0,3,0,0,1.6580296357472737,0.013483956537963835,1.6430459022521973,1.6691865921020508
M_R_uniform_w256,train_nll,P2,61319,3,0,3,0,0,1.6777956088383992,0.006066906939299193,1.672879695892334,1.6845759153366089
M_R_uniform_w256,train_nll,P3,61103,3,0,3,0,0,1.588708519935608,0.0036327241809713893,1.584547519683838,1.591248631477356
M_R_uniform_w256,train_nll,P3,61211,3,0,3,0,0,1.6513542731602986,0.013404576453044431,1.6364394426345825,1.6623954772949219
M_R_uniform_w256,train_nll,P3,61319,3,0,3,0,0,1.6704212427139282,0.006151479799693168,1.6655622720718384,1.6773377656936646
M_R_uniform_w256,train_nll,P4,61103,3,0,3,0,0,1.588708519935608,0.0036327241809713893,1.584547519683838,1.591248631477356
M_R_uniform_w256,train_nll,P4,61211,3,0,3,0,0,1.6513542731602986,0.013404576453044431,1.6364394426345825,1.6623954772949219
M_R_uniform_w256,train_nll,P4,61319,3,0,3,0,0,1.6704212427139282,0.006151479799693168,1.6655622720718384,1.6773377656936646
M_R_uniform_w256,objective,P1,61103,3,3,0,0,0,,,,
M_R_uniform_w256,objective,P1,61211,3,3,0,0,0,,,,
M_R_uniform_w256,objective,P1,61319,3,3,0,0,0,,,,
M_R_uniform_w256,objective,P2,61103,3,3,0,0,0,,,,
M_R_uniform_w256,objective,P2,61211,3,3,0,0,0,,,,
M_R_uniform_w256,objective,P2,61319,3,3,0,0,0,,,,
M_R_uniform_w256,objective,P3,61103,3,3,0,0,0,,,,
M_R_uniform_w256,objective,P3,61211,3,3,0,0,0,,,,
M_R_uniform_w256,objective,P3,61319,3,3,0,0,0,,,,
M_R_uniform_w256,objective,P4,61103,3,3,0,0,0,,,,
M_R_uniform_w256,objective,P4,61211,3,3,0,0,0,,,,
M_R_uniform_w256,objective,P4,61319,3,3,0,0,0,,,,
M_R_uniform_w256,cancellation_ratio,P1,61103,3,0,3,0,0,1.0,0.0,1.0,1.0
M_R_uniform_w256,cancellation_ratio,P1,61211,3,0,3,0,0,1.0,0.0,1.0,1.0
M_R_uniform_w256,cancellation_ratio,P1,61319,3,0,3,0,0,1.0,0.0,1.0,1.0
M_R_uniform_w256,cancellation_ratio,P2,61103,3,0,3,0,0,1.0,0.0,1.0,1.0
M_R_uniform_w256,cancellation_ratio,P2,61211,3,0,3,0,0,1.0,0.0,1.0,1.0
M_R_uniform_w256,cancellation_ratio,P2,61319,3,0,3,0,0,1.0,0.0,1.0,1.0
M_R_uniform_w256,cancellation_ratio,P3,61103,3,0,3,0,0,1.0,0.0,1.0,1.0
M_R_uniform_w256,cancellation_ratio,P3,61211,3,0,3,0,0,1.0,0.0,1.0,1.0
M_R_uniform_w256,cancellation_ratio,P3,61319,3,0,3,0,0,1.0,0.0,1.0,1.0
M_R_uniform_w256,cancellation_ratio,P4,61103,3,0,3,0,0,1.0,0.0,1.0,1.0
M_R_uniform_w256,cancellation_ratio,P4,61211,3,0,3,0,0,1.0,0.0,1.0,1.0
M_R_uniform_w256,cancellation_ratio,P4,61319,3,0,3,0,0,1.0,0.0,1.0,1.0
U_R_random_w64,delta_test,P1,61103,3,0,3,0,0,0.03988337516784668,0.008679007315581634,0.030007362365722656,0.0462956428527832
U_R_random_w64,delta_test,P1,61211,3,0,3,0,0,0.027831315994262695,0.015555198167778414,0.011796832084655762,0.042858242988586426
U_R_random_w64,delta_test,P1,61319,3,0,3,0,0,0.03249677022298177,0.012066425706710798,0.02013552188873291,0.044245004653930664
U_R_random_w64,delta_test,P2,61103,3,0,3,0,0,0.03988337516784668,0.008679007315581634,0.030007362365722656,0.0462956428527832
U_R_random_w64,delta_test,P2,61211,3,0,3,0,0,0.027831315994262695,0.015555198167778414,0.011796832084655762,0.042858242988586426
U_R_random_w64,delta_test,P2,61319,3,0,3,0,0,0.03249677022298177,0.012066425706710798,0.02013552188873291,0.044245004653930664
U_R_random_w64,delta_test,P3,61103,3,0,3,0,0,0.03988337516784668,0.008679007315581634,0.030007362365722656,0.0462956428527832
U_R_random_w64,delta_test,P3,61211,3,0,3,0,0,0.027831315994262695,0.015555198167778414,0.011796832084655762,0.042858242988586426
U_R_random_w64,delta_test,P3,61319,3,0,3,0,0,0.03249677022298177,0.012066425706710798,0.02013552188873291,0.044245004653930664
U_R_random_w64,delta_test,P4,61103,3,0,3,0,0,0.03394043445587158,0.002300142556096726,0.031769752502441406,0.03635120391845703
U_R_random_w64,delta_test,P4,61211,3,0,3,0,0,0.026567260424296062,0.006279458210373323,0.02156698703765869,0.0336148738861084
U_R_random_w64,delta_test,P4,61319,3,0,3,0,0,0.02786119778951009,0.00658067433196744,0.02047598361968994,0.03310275077819824
U_R_random_w64,delta_validation,P1,61103,3,0,3,0,0,0.03525801499684652,0.005565577526910425,0.030129551887512207,0.04117631912231445
U_R_random_w64,delta_validation,P1,61211,3,0,3,0,0,0.026981592178344727,0.01691020357578594,0.011274576187133789,0.04488110542297363
U_R_random_w64,delta_validation,P1,61319,3,0,3,0,0,0.032692790031433105,0.015285403248746568,0.015139937400817871,0.04307126998901367
U_R_random_w64,delta_validation,P2,61103,3,0,3,0,0,0.03525801499684652,0.005565577526910425,0.030129551887512207,0.04117631912231445
U_R_random_w64,delta_validation,P2,61211,3,0,3,0,0,0.026981592178344727,0.01691020357578594,0.011274576187133789,0.04488110542297363
U_R_random_w64,delta_validation,P2,61319,3,0,3,0,0,0.032692790031433105,0.015285403248746568,0.015139937400817871,0.04307126998901367
U_R_random_w64,delta_validation,P3,61103,3,0,3,0,0,0.03525801499684652,0.005565577526910425,0.030129551887512207,0.04117631912231445
U_R_random_w64,delta_validation,P3,61211,3,0,3,0,0,0.026981592178344727,0.01691020357578594,0.011274576187133789,0.04488110542297363
U_R_random_w64,delta_validation,P3,61319,3,0,3,0,0,0.032692790031433105,0.015285403248746568,0.015139937400817871,0.04307126998901367
U_R_random_w64,delta_validation,P4,61103,3,0,3,0,0,0.031550963719685875,0.002552831841624753,0.02873706817626953,0.03371846675872803
U_R_random_w64,delta_validation,P4,61211,3,0,3,0,0,0.02550963560740153,0.006952425383697362,0.0214613676071167,0.03353750705718994
U_R_random_w64,delta_validation,P4,61319,3,0,3,0,0,0.028246084849039715,0.00833530929292201,0.018746256828308105,0.034334778785705566
U_R_random_w64,p,P1,61103,3,0,3,0,0,0.29090013249377217,0.09842438842865663,0.20711030540637781,0.3992917293762156
U_R_random_w64,p,P1,61211,3,0,3,0,0,0.43088236288867166,0.2702040956276317,0.20579609826850825,0.7305414576483868
U_R_random_w64,p,P1,61319,3,0,3,0,0,0.34321510558091645,0.11821817838129797,0.25667765552361643,0.4779113428965013
U_R_random_w64,p,P2,61103,3,0,3,0,0,0.29090013249377217,0.09842438842865663,0.20711030540637781,0.3992917293762156
U_R_random_w64,p,P2,61211,3,0,3,0,0,0.43088236288867166,0.2702040956276317,0.20579609826850825,0.7305414576483868
U_R_random_w64,p,P2,61319,3,0,3,0,0,0.34321510558091645,0.11821817838129797,0.25667765552361643,0.4779113428965013
U_R_random_w64,p,P3,61103,3,0,3,0,0,0.29090013249377217,0.09842438842865663,0.20711030540637781,0.3992917293762156
U_R_random_w64,p,P3,61211,3,0,3,0,0,0.43088236288867166,0.2702040956276317,0.20579609826850825,0.7305414576483868
U_R_random_w64,p,P3,61319,3,0,3,0,0,0.34321510558091645,0.11821817838129797,0.25667765552361643,0.4779113428965013
U_R_random_w64,p,P4,61103,3,0,3,0,0,0.149300424832155,0.035863591992667324,0.10868419417008668,0.17660415205356428
U_R_random_w64,p,P4,61211,3,0,3,0,0,0.22517871658934277,0.1174687298657534,0.10300654239314534,0.33729785557936576
U_R_random_w64,p,P4,61319,3,0,3,0,0,0.1884088943942325,0.0739511784099242,0.14098504552640567,0.27361887332694756
U_R_random_w64,test_nll,P1,61103,3,0,3,0,0,1.9620691537857056,0.007603158429141552,1.9552279710769653,1.970254898071289
U_R_random_w64,test_nll,P1,61211,3,0,3,0,0,1.9744786421457927,0.017528625570287275,1.9587191343307495,1.993357539176941
U_R_random_w64,test_nll,P1,61319,3,0,3,0,0,1.9678877989451091,0.010291868037840466,1.9608728885650635,1.9797028303146362
U_R_random_w64,test_nll,P2,61103,3,0,3,0,0,1.9620691537857056,0.007603158429141552,1.9552279710769653,1.970254898071289
U_R_random_w64,test_nll,P2,61211,3,0,3,0,0,1.9744786421457927,0.017528625570287275,1.9587191343307495,1.993357539176941
U_R_random_w64,test_nll,P2,61319,3,0,3,0,0,1.9678877989451091,0.010291868037840466,1.9608728885650635,1.9797028303146362
U_R_random_w64,test_nll,P3,61103,3,0,3,0,0,1.9620691537857056,0.007603158429141552,1.9552279710769653,1.970254898071289
U_R_random_w64,test_nll,P3,61211,3,0,3,0,0,1.9744786421457927,0.017528625570287275,1.9587191343307495,1.993357539176941
U_R_random_w64,test_nll,P3,61319,3,0,3,0,0,1.9678877989451091,0.010291868037840466,1.9608728885650635,1.9797028303146362
U_R_random_w64,test_nll,P4,61103,3,0,3,0,0,1.9680120944976807,0.002304191448487278,1.9665619134902954,1.9706690311431885
U_R_random_w64,test_nll,P4,61211,3,0,3,0,0,1.9757426977157593,0.007812640038191621,1.9679625034332275,1.983587384223938
U_R_random_w64,test_nll,P4,61319,3,0,3,0,0,1.9725233713785808,0.006599575981795039,1.966192603111267,1.9793623685836792
U_R_random_w64,validation_nll,P1,61103,3,0,3,0,0,1.9692338705062866,0.003974779117010997,1.964787483215332,1.9724425077438354
U_R_random_w64,validation_nll,P1,61211,3,0,3,0,0,1.9741994142532349,0.0191846525153539,1.955432415008545,1.9937760829925537
U_R_random_w64,validation_nll,P1,61319,3,0,3,0,0,1.968999981880188,0.01510601465832633,1.9565412998199463,1.9858018159866333
U_R_random_w64,validation_nll,P2,61103,3,0,3,0,0,1.9692338705062866,0.003974779117010997,1.964787483215332,1.9724425077438354
U_R_random_w64,validation_nll,P2,61211,3,0,3,0,0,1.9741994142532349,0.0191846525153539,1.955432415008545,1.9937760829925537
U_R_random_w64,validation_nll,P2,61319,3,0,3,0,0,1.968999981880188,0.01510601465832633,1.9565412998199463,1.9858018159866333
U_R_random_w64,validation_nll,P3,61103,3,0,3,0,0,1.9692338705062866,0.003974779117010997,1.964787483215332,1.9724425077438354
U_R_random_w64,validation_nll,P3,61211,3,0,3,0,0,1.9741994142532349,0.0191846525153539,1.955432415008545,1.9937760829925537
U_R_random_w64,validation_nll,P3,61319,3,0,3,0,0,1.968999981880188,0.01510601465832633,1.9565412998199463,1.9858018159866333
U_R_random_w64,validation_nll,P4,61103,3,0,3,0,0,1.9729409217834473,0.004320810991400363,1.9703747034072876,1.9779294729232788
U_R_random_w64,validation_nll,P4,61211,3,0,3,0,0,1.975671370824178,0.008421179693079477,1.9667760133743286,1.9835206270217896
U_R_random_w64,validation_nll,P4,61319,3,0,3,0,0,1.9734466870625813,0.008722248927366257,1.9647512435913086,1.982195496559143
U_R_random_w64,train_nll,P1,61103,3,0,3,0,0,1.9392565886179607,0.004375903232016975,1.934457778930664,1.943026065826416
U_R_random_w64,train_nll,P1,61211,3,0,3,0,0,1.9447863499323528,0.01240294825034231,1.9374630451202393,1.9591068029403687
U_R_random_w64,train_nll,P1,61319,3,0,3,0,0,1.9427028894424438,0.006528820014209049,1.9370290040969849,1.9498387575149536
U_R_random_w64,train_nll,P2,61103,3,0,3,0,0,1.9392565886179607,0.004375903232016975,1.934457778930664,1.943026065826416
U_R_random_w64,train_nll,P2,61211,3,0,3,0,0,1.9447863499323528,0.01240294825034231,1.9374630451202393,1.9591068029403687
U_R_random_w64,train_nll,P2,61319,3,0,3,0,0,1.9427028894424438,0.006528820014209049,1.9370290040969849,1.9498387575149536
U_R_random_w64,train_nll,P3,61103,3,0,3,0,0,1.9392565886179607,0.004375903232016975,1.934457778930664,1.943026065826416
U_R_random_w64,train_nll,P3,61211,3,0,3,0,0,1.9447863499323528,0.01240294825034231,1.9374630451202393,1.9591068029403687
U_R_random_w64,train_nll,P3,61319,3,0,3,0,0,1.9427028894424438,0.006528820014209049,1.9370290040969849,1.9498387575149536
U_R_random_w64,train_nll,P4,61103,3,0,3,0,0,1.9621943632761638,0.002595744757740588,1.9605438709259033,1.965186357498169
U_R_random_w64,train_nll,P4,61211,3,0,3,0,0,1.9650245507558186,0.006168463234165767,1.9594931602478027,1.9716764688491821
U_R_random_w64,train_nll,P4,61319,3,0,3,0,0,1.9631203413009644,0.004383506589935554,1.958328127861023,1.9669275283813477
U_R_random_w64,objective,P1,61103,3,0,3,0,0,0.0010435182079612266,0.00034958540020460065,0.0007193996106077376,0.0014139528966757968
U_R_random_w64,objective,P1,61211,3,0,3,0,0,0.0007504228413943285,0.0003430273081482804,0.0004294171662571225,0.0011118840117902498
U_R_random_w64,objective,P1,61319,3,0,3,0,0,0.0010767457473149216,0.00038330632883994944,0.0007465484913522937,0.0014970914533300938
U_R_random_w64,objective,P2,61103,3,0,3,0,0,0.0010435182079612266,0.00034958540020460065,0.0007193996106077376,0.0014139528966757968
U_R_random_w64,objective,P2,61211,3,0,3,0,0,0.0007504228413943285,0.0003430273081482804,0.0004294171662571225,0.0011118840117902498
U_R_random_w64,objective,P2,61319,3,0,3,0,0,0.0010767457473149216,0.00038330632883994944,0.0007465484913522937,0.0014970914533300938
U_R_random_w64,objective,P3,61103,3,0,3,0,0,0.0010435182079612266,0.00034958540020460065,0.0007193996106077376,0.0014139528966757968
U_R_random_w64,objective,P3,61211,3,0,3,0,0,0.0007504228413943285,0.0003430273081482804,0.0004294171662571225,0.0011118840117902498
U_R_random_w64,objective,P3,61319,3,0,3,0,0,0.0010767457473149216,0.00038330632883994944,0.0007465484913522937,0.0014970914533300938
U_R_random_w64,objective,P4,61103,3,0,3,0,0,0.0006131416745152504,0.0002533304279726955,0.0003375405100076983,0.0008358498790911122
U_R_random_w64,objective,P4,61211,3,0,3,0,0,0.0006481103916549152,0.0002708811225579171,0.00045032369221303345,0.000956853446405795
U_R_random_w64,objective,P4,61319,3,0,3,0,0,0.0008911297797228549,0.0006804886208917986,0.00047417835658969957,0.0016763882894237471
U_R_random_w64,cancellation_ratio,P1,61103,3,0,3,0,0,0.7952421352642725,0.10831096084077353,0.6841683847910794,0.900560841575225
U_R_random_w64,cancellation_ratio,P1,61211,3,0,3,0,0,0.7512824581041433,0.15202365556865616,0.5920219112641019,0.8948521600297085
U_R_random_w64,cancellation_ratio,P1,61319,3,0,3,0,0,0.7805618039972803,0.12403642107914631,0.6385838973349169,0.8678829117776833
U_R_random_w64,cancellation_ratio,P2,61103,3,0,3,0,0,0.7952421352642725,0.10831096084077353,0.6841683847910794,0.900560841575225
U_R_random_w64,cancellation_ratio,P2,61211,3,0,3,0,0,0.7512824581041433,0.15202365556865616,0.5920219112641019,0.8948521600297085
U_R_random_w64,cancellation_ratio,P2,61319,3,0,3,0,0,0.7805618039972803,0.12403642107914631,0.6385838973349169,0.8678829117776833
U_R_random_w64,cancellation_ratio,P3,61103,3,0,3,0,0,0.7952421352642725,0.10831096084077353,0.6841683847910794,0.900560841575225
U_R_random_w64,cancellation_ratio,P3,61211,3,0,3,0,0,0.7512824581041433,0.15202365556865616,0.5920219112641019,0.8948521600297085
U_R_random_w64,cancellation_ratio,P3,61319,3,0,3,0,0,0.7805618039972803,0.12403642107914631,0.6385838973349169,0.8678829117776833
U_R_random_w64,cancellation_ratio,P4,61103,3,0,3,0,0,0.9136116484631771,0.07274007931477104,0.8306048336436703,0.9662290407055307
U_R_random_w64,cancellation_ratio,P4,61211,3,0,3,0,0,0.8449126763161542,0.10810090008478068,0.7634564516038226,0.9675521260490857
U_R_random_w64,cancellation_ratio,P4,61319,3,0,3,0,0,0.8624032439375713,0.12874434170728777,0.7137583873730422,0.9386323668272157
U_R_random_w128,delta_test,P1,61103,3,0,2,1,0,0.003022432327270508,0.006734127212484307,-0.004720211029052734,0.007515907287597656
U_R_random_w128,delta_test,P1,61211,3,0,1,2,0,-0.0007537206013997396,0.0041597115046793625,-0.004886269569396973,0.003432631492614746
U_R_random_w128,delta_test,P1,61319,3,0,2,1,0,0.00044469038645426434,0.005855823034567338,-0.006148934364318848,0.005039095878601074
U_R_random_w128,delta_test,P2,61103,3,0,0,0,3,0.0,0.0,0.0,0.0
U_R_random_w128,delta_test,P2,61211,3,0,0,0,3,0.0,0.0,0.0,0.0
U_R_random_w128,delta_test,P2,61319,3,0,0,0,3,0.0,0.0,0.0,0.0
U_R_random_w128,delta_test,P3,61103,3,0,0,0,3,0.0,0.0,0.0,0.0
U_R_random_w128,delta_test,P3,61211,3,0,0,0,3,0.0,0.0,0.0,0.0
U_R_random_w128,delta_test,P3,61319,3,0,0,0,3,0.0,0.0,0.0,0.0
U_R_random_w128,delta_test,P4,61103,3,0,3,0,0,0.003941933314005534,0.001600239831225868,0.0021480321884155273,0.0052225589752197266
U_R_random_w128,delta_test,P4,61211,3,0,1,2,0,-0.0007905165354410807,0.0033468163646473274,-0.002805471420288086,0.0030728578567504883
U_R_random_w128,delta_test,P4,61319,3,0,2,1,0,-0.00034737586975097656,0.00871012029530364,-0.010375499725341797,0.005332827568054199
U_R_random_w128,delta_validation,P1,61103,3,0,2,1,0,-0.000625451405843099,0.009451002156042327,-0.011536478996276855,0.005013227462768555
U_R_random_w128,delta_validation,P1,61211,3,0,1,2,0,-0.000883777936299642,0.00540475746313102,-0.004889130592346191,0.005263686180114746
U_R_random_w128,delta_validation,P1,61319,3,0,2,1,0,-0.0006235440572102865,0.009103687012802071,-0.010942816734313965,0.006271481513977051
U_R_random_w128,delta_validation,P2,61103,3,0,0,0,3,0.0,0.0,0.0,0.0
U_R_random_w128,delta_validation,P2,61211,3,0,0,0,3,0.0,0.0,0.0,0.0
U_R_random_w128,delta_validation,P2,61319,3,0,0,0,3,0.0,0.0,0.0,0.0
U_R_random_w128,delta_validation,P3,61103,3,0,0,0,3,0.0,0.0,0.0,0.0
U_R_random_w128,delta_validation,P3,61211,3,0,0,0,3,0.0,0.0,0.0,0.0
U_R_random_w128,delta_validation,P3,61319,3,0,0,0,3,0.0,0.0,0.0,0.0
U_R_random_w128,delta_validation,P4,61103,3,0,2,1,0,0.001094500223795573,0.0023834656472194312,-0.0015562772750854492,0.00306093692779541
U_R_random_w128,delta_validation,P4,61211,3,0,1,2,0,-0.0006680091222127279,0.004528849530610207,-0.0041855573654174805,0.004441976547241211
U_R_random_w128,delta_validation,P4,61319,3,0,2,1,0,-0.0010755856831868489,0.010448073705833914,-0.013139963150024414,0.004975080490112305
U_R_random_w128,p,P1,61103,3,0,3,0,0,0.8176757943850129,0.32199862175042915,0.5252634948980883,1.1627648185564983
U_R_random_w128,p,P1,61211,3,0,3,0,0,1.8388375816500924,1.482478737932225,0.4535497792723622,3.402387038487061
U_R_random_w128,p,P1,61319,3,0,3,0,0,2.1142102712193047,2.4240542716902382,0.5290354013020957,4.90466021044013
U_R_random_w128,p,P2,61103,3,3,0,0,0,,,,
U_R_random_w128,p,P2,61211,3,3,0,0,0,,,,
U_R_random_w128,p,P2,61319,3,3,0,0,0,,,,
U_R_random_w128,p,P3,61103,3,3,0,0,0,,,,
U_R_random_w128,p,P3,61211,3,3,0,0,0,,,,
U_R_random_w128,p,P3,61319,3,3,0,0,0,,,,
U_R_random_w128,p,P4,61103,3,0,3,0,0,0.6097754144818426,0.28675110468222315,0.3997042535247711,0.9364611168576749
U_R_random_w128,p,P4,61211,3,0,3,0,0,1.6671626329927236,1.117365605178518,0.4153248593537643,2.5636042305112237
U_R_random_w128,p,P4,61319,3,0,3,0,0,3.024445743345881,4.309147619337538,0.496072007270448,8.0
U_R_random_w128,test_nll,P1,61103,3,0,3,0,0,1.8712528149286907,0.0062377428591264125,1.8664791584014893,1.8783106803894043
U_R_random_w128,test_nll,P1,61211,3,0,3,0,0,1.8763370513916016,0.003935935559240089,1.8721339702606201,1.8799359798431396
U_R_random_w128,test_nll,P1,61319,3,0,3,0,0,1.8736999034881592,0.006372053960988093,1.8690123558044434,1.8809552192687988
U_R_random_w128,test_nll,P2,61103,3,0,3,0,0,1.8742752472559612,0.0008598166202651524,1.8735904693603516,1.8752402067184448
U_R_random_w128,test_nll,P2,61211,3,0,3,0,0,1.875583330790202,0.0005421786362539029,1.8750497102737427,1.876133680343628
U_R_random_w128,test_nll,P2,61319,3,0,3,0,0,1.8741445938746135,0.0006203862782112377,1.873576045036316,1.87480628490448
U_R_random_w128,test_nll,P3,61103,3,0,3,0,0,1.8742752472559612,0.0008598166202651524,1.8735904693603516,1.8752402067184448
U_R_random_w128,test_nll,P3,61211,3,0,3,0,0,1.875583330790202,0.0005421786362539029,1.8750497102737427,1.876133680343628
U_R_random_w128,test_nll,P3,61319,3,0,3,0,0,1.8741445938746135,0.0006203862782112377,1.873576045036316,1.87480628490448
U_R_random_w128,test_nll,P4,61103,3,0,3,0,0,1.8703333139419556,0.0009897912781852837,1.8695398569107056,1.871442437171936
U_R_random_w128,test_nll,P4,61211,3,0,3,0,0,1.8763738473256428,0.003417944255574161,1.8724937438964844,1.878939151763916
U_R_random_w128,test_nll,P4,61319,3,0,3,0,0,1.8744919697443645,0.009301668785590368,1.8682432174682617,1.8851817846298218
U_R_random_w128,validation_nll,P1,61103,3,0,3,0,0,1.875994364420573,0.008862153365991615,1.8708659410476685,1.8862274885177612
U_R_random_w128,validation_nll,P1,61211,3,0,3,0,0,1.8761250575383503,0.0055576628140000545,1.8697515726089478,1.8799611330032349
U_R_random_w128,validation_nll,P1,61319,3,0,3,0,0,1.87471338113149,0.009826469791734418,1.867510199546814,1.8859074115753174
U_R_random_w128,validation_nll,P2,61103,3,0,3,0,0,1.8753689130147297,0.0006115634342128186,1.8746910095214844,1.875879168510437
U_R_random_w128,validation_nll,P2,61211,3,0,3,0,0,1.8752412796020508,0.00034351178104753493,1.8750152587890625,1.8756365776062012
U_R_random_w128,validation_nll,P2,61319,3,0,3,0,0,1.8740898370742798,0.0007685046603181497,1.873523235321045,1.8749645948410034
U_R_random_w128,validation_nll,P3,61103,3,0,3,0,0,1.8753689130147297,0.0006115634342128186,1.8746910095214844,1.875879168510437
U_R_random_w128,validation_nll,P3,61211,3,0,3,0,0,1.8752412796020508,0.00034351178104753493,1.8750152587890625,1.8756365776062012
U_R_random_w128,validation_nll,P3,61319,3,0,3,0,0,1.8740898370742798,0.0007685046603181497,1.873523235321045,1.8749645948410034
U_R_random_w128,validation_nll,P4,61103,3,0,3,0,0,1.8742744127909343,0.0017719575333967892,1.8728182315826416,1.8762472867965698
U_R_random_w128,validation_nll,P4,61211,3,0,3,0,0,1.8759092887242634,0.004785849767326578,1.8705732822418213,1.8798221349716187
U_R_random_w128,validation_nll,P4,61319,3,0,3,0,0,1.8751654227574666,0.011206593185522078,1.8685481548309326,1.8881045579910278
U_R_random_w128,train_nll,P1,61103,3,0,3,0,0,1.8619259595870972,0.002508676971216486,1.85903000831604,1.863433599472046
U_R_random_w128,train_nll,P1,61211,3,0,3,0,0,1.8651011784871419,0.002055696008122205,1.8629282712936401,1.8670151233673096
U_R_random_w128,train_nll,P1,61319,3,0,3,0,0,1.8656793038050334,0.003535393910426594,1.8631010055541992,1.8697094917297363
U_R_random_w128,train_nll,P2,61103,3,0,3,0,0,1.8747745354970295,0.0007591219228862572,1.8739593029022217,1.8754611015319824
U_R_random_w128,train_nll,P2,61211,3,0,3,0,0,1.8749290307362874,0.0002968144300401925,1.8747056722640991,1.8752658367156982
U_R_random_w128,train_nll,P2,61319,3,0,3,0,0,1.8746846119562786,0.00056193061915001,1.8741066455841064,1.875229001045227
U_R_random_w128,train_nll,P3,61103,3,0,3,0,0,1.8747745354970295,0.0007591219228862572,1.8739593029022217,1.8754611015319824
U_R_random_w128,train_nll,P3,61211,3,0,3,0,0,1.8749290307362874,0.0002968144300401925,1.8747056722640991,1.8752658367156982
U_R_random_w128,train_nll,P3,61319,3,0,3,0,0,1.8746846119562786,0.00056193061915001,1.8741066455841064,1.875229001045227
U_R_random_w128,train_nll,P4,61103,3,0,3,0,0,1.8615901867548625,0.0022902905252609918,1.8594557046890259,1.8640096187591553
U_R_random_w128,train_nll,P4,61211,3,0,3,0,0,1.865686058998108,0.0013279202309861991,1.86415433883667,1.8665131330490112
U_R_random_w128,train_nll,P4,61319,3,0,3,0,0,1.8675220410029094,0.004416073015828289,1.8639726638793945,1.8724673986434937
U_R_random_w128,objective,P1,61103,3,0,3,0,0,0.0034074626617100153,0.003855961904765496,0.00036270337840998263,0.007743296211116733
U_R_random_w128,objective,P1,61211,3,0,3,0,0,0.05766216811214601,0.07196468257292185,0.004619965759762106,0.13958010236594243
U_R_random_w128,objective,P1,61319,3,0,3,0,0,0.17835381039805637,0.30643406287891434,0.0011496747867485023,0.5321932353654897
U_R_random_w128,objective,P2,61103,3,3,0,0,0,,,,
U_R_random_w128,objective,P2,61211,3,3,0,0,0,,,,
U_R_random_w128,objective,P2,61319,3,3,0,0,0,,,,
U_R_random_w128,objective,P3,61103,3,3,0,0,0,,,,
U_R_random_w128,objective,P3,61211,3,3,0,0,0,,,,
U_R_random_w128,objective,P3,61319,3,3,0,0,0,,,,
U_R_random_w128,objective,P4,61103,3,0,3,0,0,0.002235491891626614,0.0010432707468045156,0.0010750165384265568,0.003095705579876665
U_R_random_w128,objective,P4,61211,3,0,3,0,0,0.03230318396157219,0.026214234147208897,0.004183620352696531,0.05606624762110883
U_R_random_w128,objective,P4,61319,3,0,3,0,0,1.533046353925779,2.653003738035554,0.0012282341537622349,4.596471196126289
U_R_random_w128,cancellation_ratio,P1,61103,3,0,3,0,0,0.3588683679881901,0.0783775681057339,0.2689811951904088,0.41293693696160155
U_R_random_w128,cancellation_ratio,P1,61211,3,0,3,0,0,0.29416049184829884,0.13979573361505288,0.16962507816879727,0.4453722552164506
U_R_random_w128,cancellation_ratio,P1,61319,3,0,3,0,0,0.2563471702671661,0.1305185164876424,0.12074823628241488,0.3811096074488172
U_R_random_w128,cancellation_ratio,P2,61103,3,3,0,0,0,,,,
U_R_random_w128,cancellation_ratio,P2,61211,3,3,0,0,0,,,,
U_R_random_w128,cancellation_ratio,P2,61319,3,3,0,0,0,,,,
U_R_random_w128,cancellation_ratio,P3,61103,3,3,0,0,0,,,,
U_R_random_w128,cancellation_ratio,P3,61211,3,3,0,0,0,,,,
U_R_random_w128,cancellation_ratio,P3,61319,3,3,0,0,0,,,,
U_R_random_w128,cancellation_ratio,P4,61103,3,0,3,0,0,0.4291272162390764,0.07022352812642989,0.3612379551494347,0.5014727591955879
U_R_random_w128,cancellation_ratio,P4,61211,3,0,3,0,0,0.3098846462422234,0.14435751478045705,0.2150396757929777,0.4760186126257938
U_R_random_w128,cancellation_ratio,P4,61319,3,0,3,0,0,0.3007432612112972,0.21034709960654888,0.058699981281308836,0.4392917461130552
U_R_random_w256,delta_test,P1,61103,3,0,0,0,3,0.0,0.0,0.0,0.0
U_R_random_w256,delta_test,P1,61211,3,0,0,0,3,0.0,0.0,0.0,0.0
U_R_random_w256,delta_test,P1,61319,3,0,0,0,3,0.0,0.0,0.0,0.0
U_R_random_w256,delta_test,P2,61103,3,0,0,0,3,0.0,0.0,0.0,0.0
U_R_random_w256,delta_test,P2,61211,3,0,0,0,3,0.0,0.0,0.0,0.0
U_R_random_w256,delta_test,P2,61319,3,0,0,0,3,0.0,0.0,0.0,0.0
U_R_random_w256,delta_test,P3,61103,3,0,0,0,3,0.0,0.0,0.0,0.0
U_R_random_w256,delta_test,P3,61211,3,0,0,0,3,0.0,0.0,0.0,0.0
U_R_random_w256,delta_test,P3,61319,3,0,0,0,3,0.0,0.0,0.0,0.0
U_R_random_w256,delta_test,P4,61103,3,0,1,2,0,-0.0003827412923177083,0.0006407326910375748,-0.0011159181594848633,6.973743438720703e-05
U_R_random_w256,delta_test,P4,61211,3,0,0,3,0,-0.002303163210550944,0.0013355984953912635,-0.0033130645751953125,-0.0007888078689575195
U_R_random_w256,delta_test,P4,61319,3,0,1,2,0,-0.001585245132446289,0.0029463756502125784,-0.0048694610595703125,0.0008260011672973633
U_R_random_w256,delta_validation,P1,61103,3,0,0,0,3,0.0,0.0,0.0,0.0
U_R_random_w256,delta_validation,P1,61211,3,0,0,0,3,0.0,0.0,0.0,0.0
U_R_random_w256,delta_validation,P1,61319,3,0,0,0,3,0.0,0.0,0.0,0.0
U_R_random_w256,delta_validation,P2,61103,3,0,0,0,3,0.0,0.0,0.0,0.0
U_R_random_w256,delta_validation,P2,61211,3,0,0,0,3,0.0,0.0,0.0,0.0
U_R_random_w256,delta_validation,P2,61319,3,0,0,0,3,0.0,0.0,0.0,0.0
U_R_random_w256,delta_validation,P3,61103,3,0,0,0,3,0.0,0.0,0.0,0.0
U_R_random_w256,delta_validation,P3,61211,3,0,0,0,3,0.0,0.0,0.0,0.0
U_R_random_w256,delta_validation,P3,61319,3,0,0,0,3,0.0,0.0,0.0,0.0
U_R_random_w256,delta_validation,P4,61103,3,0,0,3,0,-0.0008105436960856119,0.0004062562048918798,-0.0012710094451904297,-0.0005027055740356445
U_R_random_w256,delta_validation,P4,61211,3,0,0,3,0,-0.0027193625768025718,0.0022950194292552105,-0.004576325416564941,-0.00015354156494140625
U_R_random_w256,delta_validation,P4,61319,3,0,2,1,0,-0.0009280045827229818,0.004799904935072231,-0.006386518478393555,0.0026334524154663086
U_R_random_w256,p,P1,61103,3,3,0,0,0,,,,
U_R_random_w256,p,P1,61211,3,3,0,0,0,,,,
U_R_random_w256,p,P1,61319,3,3,0,0,0,,,,
U_R_random_w256,p,P2,61103,3,3,0,0,0,,,,
U_R_random_w256,p,P2,61211,3,3,0,0,0,,,,
U_R_random_w256,p,P2,61319,3,3,0,0,0,,,,
U_R_random_w256,p,P3,61103,3,3,0,0,0,,,,
U_R_random_w256,p,P3,61211,3,3,0,0,0,,,,
U_R_random_w256,p,P3,61319,3,3,0,0,0,,,,
U_R_random_w256,p,P4,61103,3,0,3,0,0,1.1875425379293094,0.531974392051333,0.6190946107365929,1.6733774371197305
U_R_random_w256,p,P4,61211,3,0,3,0,0,3.7456340961133106,2.0502270482407154,2.3151115296350944,6.0944910574304645
U_R_random_w256,p,P4,61319,3,1,2,0,0,,,,
U_R_random_w256,test_nll,P1,61103,3,0,3,0,0,1.8527716398239136,0.000382555426159726,1.85233473777771,1.8530465364456177
U_R_random_w256,test_nll,P1,61211,3,0,3,0,0,1.8538413842519124,0.00010087679511298987,1.853733777999878,1.8539338111877441
U_R_random_w256,test_nll,P1,61319,3,0,3,0,0,1.8524913787841797,0.0001358502703645439,1.8523895740509033,1.8526456356048584
U_R_random_w256,test_nll,P2,61103,3,0,3,0,0,1.8527716398239136,0.000382555426159726,1.85233473777771,1.8530465364456177
U_R_random_w256,test_nll,P2,61211,3,0,3,0,0,1.8538413842519124,0.00010087679511298987,1.853733777999878,1.8539338111877441
U_R_random_w256,test_nll,P2,61319,3,0,3,0,0,1.8524913787841797,0.0001358502703645439,1.8523895740509033,1.8526456356048584
U_R_random_w256,test_nll,P3,61103,3,0,3,0,0,1.8527716398239136,0.000382555426159726,1.85233473777771,1.8530465364456177
U_R_random_w256,test_nll,P3,61211,3,0,3,0,0,1.8538413842519124,0.00010087679511298987,1.853733777999878,1.8539338111877441
U_R_random_w256,test_nll,P3,61319,3,0,3,0,0,1.8524913787841797,0.0001358502703645439,1.8523895740509033,1.8526456356048584
U_R_random_w256,test_nll,P4,61103,3,0,3,0,0,1.8531543811162312,0.0002582654974789582,1.8529767990112305,1.8534506559371948
U_R_random_w256,test_nll,P4,61211,3,0,3,0,0,1.8561445474624634,0.0014208829363272933,1.8545225858688354,1.8571696281433105
U_R_random_w256,test_nll,P4,61319,3,0,3,0,0,1.854076623916626,0.0030817953924730675,1.851563572883606,1.8575150966644287
U_R_random_w256,validation_nll,P1,61103,3,0,3,0,0,1.8535690307617188,0.0005595177757371924,1.8529577255249023,1.8540557622909546
U_R_random_w256,validation_nll,P1,61211,3,0,3,0,0,1.8532926241556804,0.00020940394649100798,1.8531252145767212,1.8535274267196655
U_R_random_w256,validation_nll,P1,61319,3,0,3,0,0,1.8530584176381428,0.0005601153391426077,1.8524370193481445,1.8535244464874268
U_R_random_w256,validation_nll,P2,61103,3,0,3,0,0,1.8535690307617188,0.0005595177757371924,1.8529577255249023,1.8540557622909546
U_R_random_w256,validation_nll,P2,61211,3,0,3,0,0,1.8532926241556804,0.00020940394649100798,1.8531252145767212,1.8535274267196655
U_R_random_w256,validation_nll,P2,61319,3,0,3,0,0,1.8530584176381428,0.0005601153391426077,1.8524370193481445,1.8535244464874268
U_R_random_w256,validation_nll,P3,61103,3,0,3,0,0,1.8535690307617188,0.0005595177757371924,1.8529577255249023,1.8540557622909546
U_R_random_w256,validation_nll,P3,61211,3,0,3,0,0,1.8532926241556804,0.00020940394649100798,1.8531252145767212,1.8535274267196655
U_R_random_w256,validation_nll,P3,61319,3,0,3,0,0,1.8530584176381428,0.0005601153391426077,1.8524370193481445,1.8535244464874268
U_R_random_w256,validation_nll,P4,61103,3,0,3,0,0,1.8543795744578044,0.00016664696904764638,1.8542287349700928,1.8545584678649902
U_R_random_w256,validation_nll,P4,61211,3,0,3,0,0,1.856011986732483,0.002408574789863374,1.8533787727355957,1.8581037521362305
U_R_random_w256,validation_nll,P4,61319,3,0,3,0,0,1.853986422220866,0.0051499638696460666,1.8505803346633911,1.8599109649658203
U_R_random_w256,train_nll,P1,61103,3,0,3,0,0,1.8531458377838135,0.00038363403411240435,1.8527041673660278,1.8533961772918701
U_R_random_w256,train_nll,P1,61211,3,0,3,0,0,1.8532065153121948,6.397452906300203e-05,1.8531336784362793,1.8532536029815674
U_R_random_w256,train_nll,P1,61319,3,0,3,0,0,1.852826992670695,0.00023521670439399512,1.8526607751846313,1.8530961275100708
U_R_random_w256,train_nll,P2,61103,3,0,3,0,0,1.8531458377838135,0.00038363403411240435,1.8527041673660278,1.8533961772918701
U_R_random_w256,train_nll,P2,61211,3,0,3,0,0,1.8532065153121948,6.397452906300203e-05,1.8531336784362793,1.8532536029815674
U_R_random_w256,train_nll,P2,61319,3,0,3,0,0,1.852826992670695,0.00023521670439399512,1.8526607751846313,1.8530961275100708
U_R_random_w256,train_nll,P3,61103,3,0,3,0,0,1.8531458377838135,0.00038363403411240435,1.8527041673660278,1.8533961772918701
U_R_random_w256,train_nll,P3,61211,3,0,3,0,0,1.8532065153121948,6.397452906300203e-05,1.8531336784362793,1.8532536029815674
U_R_random_w256,train_nll,P3,61319,3,0,3,0,0,1.852826992670695,0.00023521670439399512,1.8526607751846313,1.8530961275100708
U_R_random_w256,train_nll,P4,61103,3,0,3,0,0,1.8482478459676106,0.0007964015528356323,1.8477040529251099,1.849161982536316
U_R_random_w256,train_nll,P4,61211,3,0,3,0,0,1.8504209121068318,0.000816199465807157,1.8497474193572998,1.8513286113739014
U_R_random_w256,train_nll,P4,61319,3,0,3,0,0,1.8501358032226562,0.002766017520166847,1.8483242988586426,1.8533196449279785
U_R_random_w256,objective,P1,61103,3,3,0,0,0,,,,
U_R_random_w256,objective,P1,61211,3,3,0,0,0,,,,
U_R_random_w256,objective,P1,61319,3,3,0,0,0,,,,
U_R_random_w256,objective,P2,61103,3,3,0,0,0,,,,
U_R_random_w256,objective,P2,61211,3,3,0,0,0,,,,
U_R_random_w256,objective,P2,61319,3,3,0,0,0,,,,
U_R_random_w256,objective,P3,61103,3,3,0,0,0,,,,
U_R_random_w256,objective,P3,61211,3,3,0,0,0,,,,
U_R_random_w256,objective,P3,61319,3,3,0,0,0,,,,
U_R_random_w256,objective,P4,61103,3,0,3,0,0,0.010122139336550932,0.014068482656432096,0.0012848600926673678,0.026345399915073626
U_R_random_w256,objective,P4,61211,3,0,3,0,0,0.5300905345404048,0.6935398012234516,0.011967493346372399,1.3179798546326347
U_R_random_w256,objective,P4,61319,3,1,2,0,0,,,,
U_R_random_w256,cancellation_ratio,P1,61103,3,3,0,0,0,,,,
U_R_random_w256,cancellation_ratio,P1,61211,3,3,0,0,0,,,,
U_R_random_w256,cancellation_ratio,P1,61319,3,3,0,0,0,,,,
U_R_random_w256,cancellation_ratio,P2,61103,3,3,0,0,0,,,,
U_R_random_w256,cancellation_ratio,P2,61211,3,3,0,0,0,,,,
U_R_random_w256,cancellation_ratio,P2,61319,3,3,0,0,0,,,,
U_R_random_w256,cancellation_ratio,P3,61103,3,3,0,0,0,,,,
U_R_random_w256,cancellation_ratio,P3,61211,3,3,0,0,0,,,,
U_R_random_w256,cancellation_ratio,P3,61319,3,3,0,0,0,,,,
U_R_random_w256,cancellation_ratio,P4,61103,3,0,3,0,0,0.25436090229259645,0.05598266426947552,0.22011215197230802,0.31896502076325906
U_R_random_w256,cancellation_ratio,P4,61211,3,0,3,0,0,0.12812351519644452,0.0454453427680475,0.07635270618745031,0.1614329805991974
U_R_random_w256,cancellation_ratio,P4,61319,3,0,3,0,0,0.15162464726761798,0.12564671069296937,0.007426696419679813,0.23759117966476911
U_R_uniform_w64,delta_test,P1,61103,3,0,3,0,0,0.09581708908081055,0.006514041085449204,0.08846354484558105,0.10086381435394287
U_R_uniform_w64,delta_test,P1,61211,3,0,3,0,0,0.07637449105580647,0.005536943432537533,0.0717775821685791,0.08252120018005371
U_R_uniform_w64,delta_test,P1,61319,3,0,3,0,0,0.07373329003651936,0.004135975315666719,0.07036876678466797,0.07835090160369873
U_R_uniform_w64,delta_test,P2,61103,3,0,3,0,0,0.09581708908081055,0.006514041085449204,0.08846354484558105,0.10086381435394287
U_R_uniform_w64,delta_test,P2,61211,3,0,3,0,0,0.07637449105580647,0.005536943432537533,0.0717775821685791,0.08252120018005371
U_R_uniform_w64,delta_test,P2,61319,3,0,3,0,0,0.07373329003651936,0.004135975315666719,0.07036876678466797,0.07835090160369873
U_R_uniform_w64,delta_test,P3,61103,3,0,3,0,0,0.09581708908081055,0.006514041085449204,0.08846354484558105,0.10086381435394287
U_R_uniform_w64,delta_test,P3,61211,3,0,3,0,0,0.07637449105580647,0.005536943432537533,0.0717775821685791,0.08252120018005371
U_R_uniform_w64,delta_test,P3,61319,3,0,3,0,0,0.07373329003651936,0.004135975315666719,0.07036876678466797,0.07835090160369873
U_R_uniform_w64,delta_test,P4,61103,3,0,3,0,0,0.05213638146718343,0.001668181559484747,0.05039477348327637,0.05371987819671631
U_R_uniform_w64,delta_test,P4,61211,3,0,3,0,0,0.04541985193888346,0.0016302942947398135,0.04371833801269531,0.04696810245513916
U_R_uniform_w64,delta_test,P4,61319,3,0,3,0,0,0.045565009117126465,0.0013772061166393193,0.04425466060638428,0.04700052738189697
U_R_uniform_w64,delta_validation,P1,61103,3,0,3,0,0,0.09319953123728435,0.005384275294893352,0.08705711364746094,0.09710347652435303
U_R_uniform_w64,delta_validation,P1,61211,3,0,3,0,0,0.07607070604960124,0.005318661950706796,0.0715949535369873,0.08195054531097412
U_R_uniform_w64,delta_validation,P1,61319,3,0,3,0,0,0.07559096813201904,0.002829445766974708,0.07254147529602051,0.07813119888305664
U_R_uniform_w64,delta_validation,P2,61103,3,0,3,0,0,0.09319953123728435,0.005384275294893352,0.08705711364746094,0.09710347652435303
U_R_uniform_w64,delta_validation,P2,61211,3,0,3,0,0,0.07607070604960124,0.005318661950706796,0.0715949535369873,0.08195054531097412
U_R_uniform_w64,delta_validation,P2,61319,3,0,3,0,0,0.07559096813201904,0.002829445766974708,0.07254147529602051,0.07813119888305664
U_R_uniform_w64,delta_validation,P3,61103,3,0,3,0,0,0.09319953123728435,0.005384275294893352,0.08705711364746094,0.09710347652435303
U_R_uniform_w64,delta_validation,P3,61211,3,0,3,0,0,0.07607070604960124,0.005318661950706796,0.0715949535369873,0.08195054531097412
U_R_uniform_w64,delta_validation,P3,61319,3,0,3,0,0,0.07559096813201904,0.002829445766974708,0.07254147529602051,0.07813119888305664
U_R_uniform_w64,delta_validation,P4,61103,3,0,3,0,0,0.05048743883768717,0.0029577432417633117,0.04840052127838135,0.05387222766876221
U_R_uniform_w64,delta_validation,P4,61211,3,0,3,0,0,0.04503794511159261,0.001137184159334821,0.04373443126678467,0.04582691192626953
U_R_uniform_w64,delta_validation,P4,61319,3,0,3,0,0,0.04621187845865885,0.001375243058403714,0.0449146032333374,0.0476536750793457
U_R_uniform_w64,p,P1,61103,3,3,0,0,0,,,,
U_R_uniform_w64,p,P1,61211,3,3,0,0,0,,,,
U_R_uniform_w64,p,P1,61319,3,3,0,0,0,,,,
U_R_uniform_w64,p,P2,61103,3,3,0,0,0,,,,
U_R_uniform_w64,p,P2,61211,3,3,0,0,0,,,,
U_R_uniform_w64,p,P2,61319,3,3,0,0,0,,,,
U_R_uniform_w64,p,P3,61103,3,3,0,0,0,,,,
U_R_uniform_w64,p,P3,61211,3,3,0,0,0,,,,
U_R_uniform_w64,p,P3,61319,3,3,0,0,0,,,,
U_R_uniform_w64,p,P4,61103,3,3,0,0,0,,,,
U_R_uniform_w64,p,P4,61211,3,3,0,0,0,,,,
U_R_uniform_w64,p,P4,61319,3,3,0,0,0,,,,
U_R_uniform_w64,test_nll,P1,61103,3,0,3,0,0,1.9061354398727417,0.0074384712700109705,1.8977112770080566,1.9117987155914307
U_R_uniform_w64,test_nll,P1,61211,3,0,3,0,0,1.9259354670842488,0.007157012257770086,1.9176769256591797,1.93032968044281
U_R_uniform_w64,test_nll,P1,61319,3,0,3,0,0,1.9266512791315715,0.0028779077343346333,1.9237172603607178,1.9294695854187012
U_R_uniform_w64,test_nll,P2,61103,3,0,3,0,0,1.9061354398727417,0.0074384712700109705,1.8977112770080566,1.9117987155914307
U_R_uniform_w64,test_nll,P2,61211,3,0,3,0,0,1.9259354670842488,0.007157012257770086,1.9176769256591797,1.93032968044281
U_R_uniform_w64,test_nll,P2,61319,3,0,3,0,0,1.9266512791315715,0.0028779077343346333,1.9237172603607178,1.9294695854187012
U_R_uniform_w64,test_nll,P3,61103,3,0,3,0,0,1.9061354398727417,0.0074384712700109705,1.8977112770080566,1.9117987155914307
U_R_uniform_w64,test_nll,P3,61211,3,0,3,0,0,1.9259354670842488,0.007157012257770086,1.9176769256591797,1.93032968044281
U_R_uniform_w64,test_nll,P3,61319,3,0,3,0,0,1.9266512791315715,0.0028779077343346333,1.9237172603607178,1.9294695854187012
U_R_uniform_w64,test_nll,P4,61103,3,0,3,0,0,1.949816147486369,0.003510160706897392,1.946280598640442,1.9533003568649292
U_R_uniform_w64,test_nll,P4,61211,3,0,3,0,0,1.9568901062011719,0.0011474141948054682,1.95600426197052,1.9581862688064575
U_R_uniform_w64,test_nll,P4,61319,3,0,3,0,0,1.9548195600509644,0.0037389005678819262,1.950757622718811,1.9581173658370972
U_R_uniform_w64,validation_nll,P1,61103,3,0,3,0,0,1.9112923542658489,0.006491442145940532,1.9038176536560059,1.9155149459838867
U_R_uniform_w64,validation_nll,P1,61211,3,0,3,0,0,1.9251103003819783,0.00773698734191135,1.9162282943725586,1.9303840398788452
U_R_uniform_w64,validation_nll,P1,61319,3,0,3,0,0,1.926101803779602,0.005052927801060825,1.920308232307434,1.9295969009399414
U_R_uniform_w64,validation_nll,P2,61103,3,0,3,0,0,1.9112923542658489,0.006491442145940532,1.9038176536560059,1.9155149459838867
U_R_uniform_w64,validation_nll,P2,61211,3,0,3,0,0,1.9251103003819783,0.00773698734191135,1.9162282943725586,1.9303840398788452
U_R_uniform_w64,validation_nll,P2,61319,3,0,3,0,0,1.926101803779602,0.005052927801060825,1.920308232307434,1.9295969009399414
U_R_uniform_w64,validation_nll,P3,61103,3,0,3,0,0,1.9112923542658489,0.006491442145940532,1.9038176536560059,1.9155149459838867
U_R_uniform_w64,validation_nll,P3,61211,3,0,3,0,0,1.9251103003819783,0.00773698734191135,1.9162282943725586,1.9303840398788452
U_R_uniform_w64,validation_nll,P3,61319,3,0,3,0,0,1.926101803779602,0.005052927801060825,1.920308232307434,1.9295969009399414
U_R_uniform_w64,validation_nll,P4,61103,3,0,3,0,0,1.954004446665446,0.0035019585972771057,1.9508551359176636,1.9577757120132446
U_R_uniform_w64,validation_nll,P4,61211,3,0,3,0,0,1.956143061319987,0.002672645019700845,1.954444408416748,1.959223747253418
U_R_uniform_w64,validation_nll,P4,61319,3,0,3,0,0,1.9554808934529622,0.004889598485723624,1.9503411054611206,1.9600744247436523
U_R_uniform_w64,train_nll,P1,61103,3,0,3,0,0,1.871321717898051,0.008364913615753821,1.861924648284912,1.8779549598693848
U_R_uniform_w64,train_nll,P1,61211,3,0,3,0,0,1.8871805667877197,0.008874623018753998,1.8773142099380493,1.8945116996765137
U_R_uniform_w64,train_nll,P1,61319,3,0,3,0,0,1.8934730291366577,0.005221085905545013,1.888351559638977,1.898788332939148
U_R_uniform_w64,train_nll,P2,61103,3,0,3,0,0,1.871321717898051,0.008364913615753821,1.861924648284912,1.8779549598693848
U_R_uniform_w64,train_nll,P2,61211,3,0,3,0,0,1.8871805667877197,0.008874623018753998,1.8773142099380493,1.8945116996765137
U_R_uniform_w64,train_nll,P2,61319,3,0,3,0,0,1.8934730291366577,0.005221085905545013,1.888351559638977,1.898788332939148
U_R_uniform_w64,train_nll,P3,61103,3,0,3,0,0,1.871321717898051,0.008364913615753821,1.861924648284912,1.8779549598693848
U_R_uniform_w64,train_nll,P3,61211,3,0,3,0,0,1.8871805667877197,0.008874623018753998,1.8773142099380493,1.8945116996765137
U_R_uniform_w64,train_nll,P3,61319,3,0,3,0,0,1.8934730291366577,0.005221085905545013,1.888351559638977,1.898788332939148
U_R_uniform_w64,train_nll,P4,61103,3,0,3,0,0,1.9394040902455647,0.004856663261899279,1.9346158504486084,1.944326400756836
U_R_uniform_w64,train_nll,P4,61211,3,0,3,0,0,1.9437226851781209,0.003201263255408303,1.9412935972213745,1.947350263595581
U_R_uniform_w64,train_nll,P4,61319,3,0,3,0,0,1.9438704649607341,0.0024504941497703082,1.9413334131240845,1.9462240934371948
U_R_uniform_w64,objective,P1,61103,3,3,0,0,0,,,,
U_R_uniform_w64,objective,P1,61211,3,3,0,0,0,,,,
U_R_uniform_w64,objective,P1,61319,3,3,0,0,0,,,,
U_R_uniform_w64,objective,P2,61103,3,3,0,0,0,,,,
U_R_uniform_w64,objective,P2,61211,3,3,0,0,0,,,,
U_R_uniform_w64,objective,P2,61319,3,3,0,0,0,,,,
U_R_uniform_w64,objective,P3,61103,3,3,0,0,0,,,,
U_R_uniform_w64,objective,P3,61211,3,3,0,0,0,,,,
U_R_uniform_w64,objective,P3,61319,3,3,0,0,0,,,,
U_R_uniform_w64,objective,P4,61103,3,3,0,0,0,,,,
U_R_uniform_w64,objective,P4,61211,3,3,0,0,0,,,,
U_R_uniform_w64,objective,P4,61319,3,3,0,0,0,,,,
U_R_uniform_w64,cancellation_ratio,P1,61103,3,0,3,0,0,0.9960643687986,0.003321964143015464,0.9934721744516956,0.9998091068437172
U_R_uniform_w64,cancellation_ratio,P1,61211,3,0,3,0,0,0.9988316110295417,0.0020237090598369456,0.996494833088625,1.0
U_R_uniform_w64,cancellation_ratio,P1,61319,3,0,3,0,0,0.9986680107781637,0.0004088276388223997,0.9983220424341104,0.9991191486252512
U_R_uniform_w64,cancellation_ratio,P2,61103,3,0,3,0,0,0.9960643687986,0.003321964143015464,0.9934721744516956,0.9998091068437172
U_R_uniform_w64,cancellation_ratio,P2,61211,3,0,3,0,0,0.9988316110295417,0.0020237090598369456,0.996494833088625,1.0
U_R_uniform_w64,cancellation_ratio,P2,61319,3,0,3,0,0,0.9986680107781637,0.0004088276388223997,0.9983220424341104,0.9991191486252512
U_R_uniform_w64,cancellation_ratio,P3,61103,3,0,3,0,0,0.9960643687986,0.003321964143015464,0.9934721744516956,0.9998091068437172
U_R_uniform_w64,cancellation_ratio,P3,61211,3,0,3,0,0,0.9988316110295417,0.0020237090598369456,0.996494833088625,1.0
U_R_uniform_w64,cancellation_ratio,P3,61319,3,0,3,0,0,0.9986680107781637,0.0004088276388223997,0.9983220424341104,0.9991191486252512
U_R_uniform_w64,cancellation_ratio,P4,61103,3,0,3,0,0,0.996470905741783,0.00611257055993153,0.9894127172253488,1.0
U_R_uniform_w64,cancellation_ratio,P4,61211,3,0,3,0,0,0.9993970586530424,0.001044325046914509,0.9981911759591273,1.0
U_R_uniform_w64,cancellation_ratio,P4,61319,3,0,3,0,0,0.9990472618120756,0.0007281591788649019,0.9983119964779156,0.9997681004474689
U_R_uniform_w128,delta_test,P1,61103,3,0,3,0,0,0.018445332845052082,0.005945819434925278,0.011681318283081055,0.022846579551696777
U_R_uniform_w128,delta_test,P1,61211,3,0,3,0,0,0.01300362745920817,0.0005403731892931835,0.012667059898376465,0.013626933097839355
U_R_uniform_w128,delta_test,P1,61319,3,0,3,0,0,0.013003786404927572,0.0008524380925816074,0.012424826622009277,0.013982653617858887
U_R_uniform_w128,delta_test,P2,61103,3,0,0,0,3,0.0,0.0,0.0,0.0
U_R_uniform_w128,delta_test,P2,61211,3,0,0,0,3,0.0,0.0,0.0,0.0
U_R_uniform_w128,delta_test,P2,61319,3,0,0,0,3,0.0,0.0,0.0,0.0
U_R_uniform_w128,delta_test,P3,61103,3,0,0,0,3,0.0,0.0,0.0,0.0
U_R_uniform_w128,delta_test,P3,61211,3,0,0,0,3,0.0,0.0,0.0,0.0
U_R_uniform_w128,delta_test,P3,61319,3,0,0,0,3,0.0,0.0,0.0,0.0
U_R_uniform_w128,delta_test,P4,61103,3,0,3,0,0,0.017624417940775555,0.003490295653420054,0.014126300811767578,0.021106839179992676
U_R_uniform_w128,delta_test,P4,61211,3,0,3,0,0,0.010161360104878744,0.000753269288742502,0.009485721588134766,0.010973572731018066
U_R_uniform_w128,delta_test,P4,61319,3,0,3,0,0,0.011319955190022787,0.001439455722096278,0.010069131851196289,0.012893319129943848
U_R_uniform_w128,delta_validation,P1,61103,3,0,3,0,0,0.015977025032043457,0.004060544891037842,0.012038350105285645,0.0201493501663208
U_R_uniform_w128,delta_validation,P1,61211,3,0,3,0,0,0.013341705004374186,0.0008665221688152906,0.012702703475952148,0.0143280029296875
U_R_uniform_w128,delta_validation,P1,61319,3,0,3,0,0,0.013807177543640137,0.0014189106165413484,0.012612700462341309,0.015375614166259766
U_R_uniform_w128,delta_validation,P2,61103,3,0,0,0,3,0.0,0.0,0.0,0.0
U_R_uniform_w128,delta_validation,P2,61211,3,0,0,0,3,0.0,0.0,0.0,0.0
U_R_uniform_w128,delta_validation,P2,61319,3,0,0,0,3,0.0,0.0,0.0,0.0
U_R_uniform_w128,delta_validation,P3,61103,3,0,0,0,3,0.0,0.0,0.0,0.0
U_R_uniform_w128,delta_validation,P3,61211,3,0,0,0,3,0.0,0.0,0.0,0.0
U_R_uniform_w128,delta_validation,P3,61319,3,0,0,0,3,0.0,0.0,0.0,0.0
U_R_uniform_w128,delta_validation,P4,61103,3,0,3,0,0,0.015375574429829916,0.0015092837712086951,0.014057040214538574,0.017021775245666504
U_R_uniform_w128,delta_validation,P4,61211,3,0,3,0,0,0.01007672150929769,0.0004402027076536241,0.009657621383666992,0.010535359382629395
U_R_uniform_w128,delta_validation,P4,61319,3,0,3,0,0,0.011821627616882324,0.0013700342459318459,0.01079106330871582,0.013376355171203613
U_R_uniform_w128,p,P1,61103,3,3,0,0,0,,,,
U_R_uniform_w128,p,P1,61211,3,3,0,0,0,,,,
U_R_uniform_w128,p,P1,61319,3,3,0,0,0,,,,
U_R_uniform_w128,p,P2,61103,3,3,0,0,0,,,,
U_R_uniform_w128,p,P2,61211,3,3,0,0,0,,,,
U_R_uniform_w128,p,P2,61319,3,3,0,0,0,,,,
U_R_uniform_w128,p,P3,61103,3,3,0,0,0,,,,
U_R_uniform_w128,p,P3,61211,3,3,0,0,0,,,,
U_R_uniform_w128,p,P3,61319,3,3,0,0,0,,,,
U_R_uniform_w128,p,P4,61103,3,3,0,0,0,,,,
U_R_uniform_w128,p,P4,61211,3,3,0,0,0,,,,
U_R_uniform_w128,p,P4,61319,3,3,0,0,0,,,,
U_R_uniform_w128,test_nll,P1,61103,3,0,3,0,0,1.855829914410909,0.005514832609827663,1.8511484861373901,1.8619091510772705
U_R_uniform_w128,test_nll,P1,61211,3,0,3,0,0,1.8625797033309937,0.0010483331956078663,1.8614227771759033,1.8634666204452515
U_R_uniform_w128,test_nll,P1,61319,3,0,3,0,0,1.8611408074696858,0.0014191222263043326,1.859593391418457,1.8623814582824707
U_R_uniform_w128,test_nll,P2,61103,3,0,3,0,0,1.8742752472559612,0.0008598166202651524,1.8735904693603516,1.8752402067184448
U_R_uniform_w128,test_nll,P2,61211,3,0,3,0,0,1.875583330790202,0.0005421786362539029,1.8750497102737427,1.876133680343628
U_R_uniform_w128,test_nll,P2,61319,3,0,3,0,0,1.8741445938746135,0.0006203862782112377,1.873576045036316,1.87480628490448
U_R_uniform_w128,test_nll,P3,61103,3,0,3,0,0,1.8742752472559612,0.0008598166202651524,1.8735904693603516,1.8752402067184448
U_R_uniform_w128,test_nll,P3,61211,3,0,3,0,0,1.875583330790202,0.0005421786362539029,1.8750497102737427,1.876133680343628
U_R_uniform_w128,test_nll,P3,61319,3,0,3,0,0,1.8741445938746135,0.0006203862782112377,1.873576045036316,1.87480628490448
U_R_uniform_w128,test_nll,P4,61103,3,0,3,0,0,1.8566508293151855,0.003389185658017773,1.8528882265090942,1.859464168548584
U_R_uniform_w128,test_nll,P4,61211,3,0,3,0,0,1.865421970685323,0.0011656098551403326,1.8640761375427246,1.8661088943481445
U_R_uniform_w128,test_nll,P4,61319,3,0,3,0,0,1.8628246386845906,0.001802147878161366,1.8611581325531006,1.8647371530532837
U_R_uniform_w128,validation_nll,P1,61103,3,0,3,0,0,1.8593918879826863,0.0036894081508030796,1.8553872108459473,1.8626526594161987
U_R_uniform_w128,validation_nll,P1,61211,3,0,3,0,0,1.8618995745976765,0.001014236995380221,1.8607439994812012,1.8626421689987183
U_R_uniform_w128,validation_nll,P1,61319,3,0,3,0,0,1.8602826595306396,0.002102908917061919,1.8581476211547852,1.862351894378662
U_R_uniform_w128,validation_nll,P2,61103,3,0,3,0,0,1.8753689130147297,0.0006115634342128186,1.8746910095214844,1.875879168510437
U_R_uniform_w128,validation_nll,P2,61211,3,0,3,0,0,1.8752412796020508,0.00034351178104753493,1.8750152587890625,1.8756365776062012
U_R_uniform_w128,validation_nll,P2,61319,3,0,3,0,0,1.8740898370742798,0.0007685046603181497,1.873523235321045,1.8749645948410034
U_R_uniform_w128,validation_nll,P3,61103,3,0,3,0,0,1.8753689130147297,0.0006115634342128186,1.8746910095214844,1.875879168510437
U_R_uniform_w128,validation_nll,P3,61211,3,0,3,0,0,1.8752412796020508,0.00034351178104753493,1.8750152587890625,1.8756365776062012
U_R_uniform_w128,validation_nll,P3,61319,3,0,3,0,0,1.8740898370742798,0.0007685046603181497,1.873523235321045,1.8749645948410034
U_R_uniform_w128,validation_nll,P4,61103,3,0,3,0,0,1.8599933385849,0.0016812578809570467,1.8585147857666016,1.8618221282958984
U_R_uniform_w128,validation_nll,P4,61211,3,0,3,0,0,1.8651645580927532,0.0007579030788082137,1.864479899406433,1.8659789562225342
U_R_uniform_w128,validation_nll,P4,61319,3,0,3,0,0,1.8622682094573975,0.0018844612523429044,1.8604053258895874,1.8641735315322876
U_R_uniform_w128,train_nll,P1,61103,3,0,3,0,0,1.835868199666341,0.004076125420655033,1.8323488235473633,1.840334415435791
U_R_uniform_w128,train_nll,P1,61211,3,0,3,0,0,1.8474044799804688,0.0008896759154384589,1.8463773727416992,1.847935676574707
U_R_uniform_w128,train_nll,P1,61319,3,0,3,0,0,1.8484975496927898,0.0027631565668916887,1.8454163074493408,1.8507554531097412
U_R_uniform_w128,train_nll,P2,61103,3,0,3,0,0,1.8747745354970295,0.0007591219228862572,1.8739593029022217,1.8754611015319824
U_R_uniform_w128,train_nll,P2,61211,3,0,3,0,0,1.8749290307362874,0.0002968144300401925,1.8747056722640991,1.8752658367156982
U_R_uniform_w128,train_nll,P2,61319,3,0,3,0,0,1.8746846119562786,0.00056193061915001,1.8741066455841064,1.875229001045227
U_R_uniform_w128,train_nll,P3,61103,3,0,3,0,0,1.8747745354970295,0.0007591219228862572,1.8739593029022217,1.8754611015319824
U_R_uniform_w128,train_nll,P3,61211,3,0,3,0,0,1.8749290307362874,0.0002968144300401925,1.8747056722640991,1.8752658367156982
U_R_uniform_w128,train_nll,P3,61319,3,0,3,0,0,1.8746846119562786,0.00056193061915001,1.8741066455841064,1.875229001045227
U_R_uniform_w128,train_nll,P4,61103,3,0,3,0,0,1.8368908961613972,0.005258787818854175,1.8331948518753052,1.8429113626480103
U_R_uniform_w128,train_nll,P4,61211,3,0,3,0,0,1.8498416741689045,0.002911466812586866,1.8465511798858643,1.852083683013916
U_R_uniform_w128,train_nll,P4,61319,3,0,3,0,0,1.8497813940048218,0.0017333797919282575,1.8487211465835571,1.8517817258834839
U_R_uniform_w128,objective,P1,61103,3,3,0,0,0,,,,
U_R_uniform_w128,objective,P1,61211,3,3,0,0,0,,,,
U_R_uniform_w128,objective,P1,61319,3,3,0,0,0,,,,
U_R_uniform_w128,objective,P2,61103,3,3,0,0,0,,,,
U_R_uniform_w128,objective,P2,61211,3,3,0,0,0,,,,
U_R_uniform_w128,objective,P2,61319,3,3,0,0,0,,,,
U_R_uniform_w128,objective,P3,61103,3,3,0,0,0,,,,
U_R_uniform_w128,objective,P3,61211,3,3,0,0,0,,,,
U_R_uniform_w128,objective,P3,61319,3,3,0,0,0,,,,
U_R_uniform_w128,objective,P4,61103,3,3,0,0,0,,,,
U_R_uniform_w128,objective,P4,61211,3,3,0,0,0,,,,
U_R_uniform_w128,objective,P4,61319,3,3,0,0,0,,,,
U_R_uniform_w128,cancellation_ratio,P1,61103,3,0,3,0,0,0.8260215895891881,0.06788924747253225,0.7486826145946359,0.8757799062618437
U_R_uniform_w128,cancellation_ratio,P1,61211,3,0,3,0,0,0.8584391324405112,0.008041827919640055,0.8501446603543834,0.8662019314962244
U_R_uniform_w128,cancellation_ratio,P1,61319,3,0,3,0,0,0.7862240673317368,0.06122034363391824,0.7223045173313711,0.8443305212886839
U_R_uniform_w128,cancellation_ratio,P2,61103,3,3,0,0,0,,,,
U_R_uniform_w128,cancellation_ratio,P2,61211,3,3,0,0,0,,,,
U_R_uniform_w128,cancellation_ratio,P2,61319,3,3,0,0,0,,,,
U_R_uniform_w128,cancellation_ratio,P3,61103,3,3,0,0,0,,,,
U_R_uniform_w128,cancellation_ratio,P3,61211,3,3,0,0,0,,,,
U_R_uniform_w128,cancellation_ratio,P3,61319,3,3,0,0,0,,,,
U_R_uniform_w128,cancellation_ratio,P4,61103,3,0,3,0,0,0.8261293730937503,0.012827031872298451,0.8162480871591614,0.8406252705245393
U_R_uniform_w128,cancellation_ratio,P4,61211,3,0,3,0,0,0.8430176812240164,0.03346671234623118,0.8191394676108626,0.8812701690609518
U_R_uniform_w128,cancellation_ratio,P4,61319,3,0,3,0,0,0.7667603810181676,0.01234589976501955,0.754699413121361,0.7793727363609435
U_R_uniform_w256,delta_test,P1,61103,3,0,0,0,3,0.0,0.0,0.0,0.0
U_R_uniform_w256,delta_test,P1,61211,3,0,0,0,3,0.0,0.0,0.0,0.0
U_R_uniform_w256,delta_test,P1,61319,3,0,0,0,3,0.0,0.0,0.0,0.0
U_R_uniform_w256,delta_test,P2,61103,3,0,0,0,3,0.0,0.0,0.0,0.0
U_R_uniform_w256,delta_test,P2,61211,3,0,0,0,3,0.0,0.0,0.0,0.0
U_R_uniform_w256,delta_test,P2,61319,3,0,0,0,3,0.0,0.0,0.0,0.0
U_R_uniform_w256,delta_test,P3,61103,3,0,0,0,3,0.0,0.0,0.0,0.0
U_R_uniform_w256,delta_test,P3,61211,3,0,0,0,3,0.0,0.0,0.0,0.0
U_R_uniform_w256,delta_test,P3,61319,3,0,0,0,3,0.0,0.0,0.0,0.0
U_R_uniform_w256,delta_test,P4,61103,3,0,3,0,0,0.00619355837504069,0.0018711142087453252,0.0047016143798828125,0.008292913436889648
U_R_uniform_w256,delta_test,P4,61211,3,0,3,0,0,0.0018118619918823242,0.0006516333394028173,0.0011410713195800781,0.002442479133605957
U_R_uniform_w256,delta_test,P4,61319,3,0,3,0,0,0.003404815991719564,0.00014408622884355115,0.0032777786254882812,0.00356137752532959
U_R_uniform_w256,delta_validation,P1,61103,3,0,0,0,3,0.0,0.0,0.0,0.0
U_R_uniform_w256,delta_validation,P1,61211,3,0,0,0,3,0.0,0.0,0.0,0.0
U_R_uniform_w256,delta_validation,P1,61319,3,0,0,0,3,0.0,0.0,0.0,0.0
U_R_uniform_w256,delta_validation,P2,61103,3,0,0,0,3,0.0,0.0,0.0,0.0
U_R_uniform_w256,delta_validation,P2,61211,3,0,0,0,3,0.0,0.0,0.0,0.0
U_R_uniform_w256,delta_validation,P2,61319,3,0,0,0,3,0.0,0.0,0.0,0.0
U_R_uniform_w256,delta_validation,P3,61103,3,0,0,0,3,0.0,0.0,0.0,0.0
U_R_uniform_w256,delta_validation,P3,61211,3,0,0,0,3,0.0,0.0,0.0,0.0
U_R_uniform_w256,delta_validation,P3,61319,3,0,0,0,3,0.0,0.0,0.0,0.0
U_R_uniform_w256,delta_validation,P4,61103,3,0,3,0,0,0.006560007731119792,0.002991401953580024,0.003964662551879883,0.009831666946411133
U_R_uniform_w256,delta_validation,P4,61211,3,0,3,0,0,0.0023795366287231445,0.0010528476247059497,0.0011646747589111328,0.003026604652404785
U_R_uniform_w256,delta_validation,P4,61319,3,0,3,0,0,0.0043179988861083984,0.000551062822051803,0.0036967992782592773,0.004747986793518066
U_R_uniform_w256,p,P1,61103,3,3,0,0,0,,,,
U_R_uniform_w256,p,P1,61211,3,3,0,0,0,,,,
U_R_uniform_w256,p,P1,61319,3,3,0,0,0,,,,
U_R_uniform_w256,p,P2,61103,3,3,0,0,0,,,,
U_R_uniform_w256,p,P2,61211,3,3,0,0,0,,,,
U_R_uniform_w256,p,P2,61319,3,3,0,0,0,,,,
U_R_uniform_w256,p,P3,61103,3,3,0,0,0,,,,
U_R_uniform_w256,p,P3,61211,3,3,0,0,0,,,,
U_R_uniform_w256,p,P3,61319,3,3,0,0,0,,,,
U_R_uniform_w256,p,P4,61103,3,3,0,0,0,,,,
U_R_uniform_w256,p,P4,61211,3,3,0,0,0,,,,
U_R_uniform_w256,p,P4,61319,3,3,0,0,0,,,,
U_R_uniform_w256,test_nll,P1,61103,3,0,3,0,0,1.8527716398239136,0.000382555426159726,1.85233473777771,1.8530465364456177
U_R_uniform_w256,test_nll,P1,61211,3,0,3,0,0,1.8538413842519124,0.00010087679511298987,1.853733777999878,1.8539338111877441
U_R_uniform_w256,test_nll,P1,61319,3,0,3,0,0,1.8524913787841797,0.0001358502703645439,1.8523895740509033,1.8526456356048584
U_R_uniform_w256,test_nll,P2,61103,3,0,3,0,0,1.8527716398239136,0.000382555426159726,1.85233473777771,1.8530465364456177
U_R_uniform_w256,test_nll,P2,61211,3,0,3,0,0,1.8538413842519124,0.00010087679511298987,1.853733777999878,1.8539338111877441
U_R_uniform_w256,test_nll,P2,61319,3,0,3,0,0,1.8524913787841797,0.0001358502703645439,1.8523895740509033,1.8526456356048584
U_R_uniform_w256,test_nll,P3,61103,3,0,3,0,0,1.8527716398239136,0.000382555426159726,1.85233473777771,1.8530465364456177
U_R_uniform_w256,test_nll,P3,61211,3,0,3,0,0,1.8538413842519124,0.00010087679511298987,1.853733777999878,1.8539338111877441
U_R_uniform_w256,test_nll,P3,61319,3,0,3,0,0,1.8524913787841797,0.0001358502703645439,1.8523895740509033,1.8526456356048584
U_R_uniform_w256,test_nll,P4,61103,3,0,3,0,0,1.8465780814488728,0.002252368488997355,1.8440418243408203,1.8483449220657349
U_R_uniform_w256,test_nll,P4,61211,3,0,3,0,0,1.85202952226003,0.0006253168744711707,1.8514913320541382,1.8527154922485352
U_R_uniform_w256,test_nll,P4,61319,3,0,3,0,0,1.8490865627924602,7.346004262919754e-05,1.8490142822265625,1.849161148071289
U_R_uniform_w256,validation_nll,P1,61103,3,0,3,0,0,1.8535690307617188,0.0005595177757371924,1.8529577255249023,1.8540557622909546
U_R_uniform_w256,validation_nll,P1,61211,3,0,3,0,0,1.8532926241556804,0.00020940394649100798,1.8531252145767212,1.8535274267196655
U_R_uniform_w256,validation_nll,P1,61319,3,0,3,0,0,1.8530584176381428,0.0005601153391426077,1.8524370193481445,1.8535244464874268
U_R_uniform_w256,validation_nll,P2,61103,3,0,3,0,0,1.8535690307617188,0.0005595177757371924,1.8529577255249023,1.8540557622909546
U_R_uniform_w256,validation_nll,P2,61211,3,0,3,0,0,1.8532926241556804,0.00020940394649100798,1.8531252145767212,1.8535274267196655
U_R_uniform_w256,validation_nll,P2,61319,3,0,3,0,0,1.8530584176381428,0.0005601153391426077,1.8524370193481445,1.8535244464874268
U_R_uniform_w256,validation_nll,P3,61103,3,0,3,0,0,1.8535690307617188,0.0005595177757371924,1.8529577255249023,1.8540557622909546
U_R_uniform_w256,validation_nll,P3,61211,3,0,3,0,0,1.8532926241556804,0.00020940394649100798,1.8531252145767212,1.8535274267196655
U_R_uniform_w256,validation_nll,P3,61319,3,0,3,0,0,1.8530584176381428,0.0005601153391426077,1.8524370193481445,1.8535244464874268
U_R_uniform_w256,validation_nll,P4,61103,3,0,3,0,0,1.8470090230305989,0.00355091755403875,1.8431260585784912,1.8500910997390747
U_R_uniform_w256,validation_nll,P4,61211,3,0,3,0,0,1.8509130875269573,0.0009139424000849742,1.8502779006958008,1.85196053981781
U_R_uniform_w256,validation_nll,P4,61319,3,0,3,0,0,1.8487404187520344,0.001069757758018627,1.8476890325546265,1.8498276472091675
U_R_uniform_w256,train_nll,P1,61103,3,0,3,0,0,1.8531458377838135,0.00038363403411240435,1.8527041673660278,1.8533961772918701
U_R_uniform_w256,train_nll,P1,61211,3,0,3,0,0,1.8532065153121948,6.397452906300203e-05,1.8531336784362793,1.8532536029815674
U_R_uniform_w256,train_nll,P1,61319,3,0,3,0,0,1.852826992670695,0.00023521670439399512,1.8526607751846313,1.8530961275100708
U_R_uniform_w256,train_nll,P2,61103,3,0,3,0,0,1.8531458377838135,0.00038363403411240435,1.8527041673660278,1.8533961772918701
U_R_uniform_w256,train_nll,P2,61211,3,0,3,0,0,1.8532065153121948,6.397452906300203e-05,1.8531336784362793,1.8532536029815674
U_R_uniform_w256,train_nll,P2,61319,3,0,3,0,0,1.852826992670695,0.00023521670439399512,1.8526607751846313,1.8530961275100708
U_R_uniform_w256,train_nll,P3,61103,3,0,3,0,0,1.8531458377838135,0.00038363403411240435,1.8527041673660278,1.8533961772918701
U_R_uniform_w256,train_nll,P3,61211,3,0,3,0,0,1.8532065153121948,6.397452906300203e-05,1.8531336784362793,1.8532536029815674
U_R_uniform_w256,train_nll,P3,61319,3,0,3,0,0,1.852826992670695,0.00023521670439399512,1.8526607751846313,1.8530961275100708
U_R_uniform_w256,train_nll,P4,61103,3,0,3,0,0,1.836853265762329,0.005483987543723944,1.8305537700653076,1.840561032295227
U_R_uniform_w256,train_nll,P4,61211,3,0,3,0,0,1.8427717685699463,0.0008844202267368425,1.8417507410049438,1.8433003425598145
U_R_uniform_w256,train_nll,P4,61319,3,0,3,0,0,1.84270183245341,0.0014718103006172197,1.8413420915603638,1.8442646265029907
U_R_uniform_w256,objective,P1,61103,3,3,0,0,0,,,,
U_R_uniform_w256,objective,P1,61211,3,3,0,0,0,,,,
U_R_uniform_w256,objective,P1,61319,3,3,0,0,0,,,,
U_R_uniform_w256,objective,P2,61103,3,3,0,0,0,,,,
U_R_uniform_w256,objective,P2,61211,3,3,0,0,0,,,,
U_R_uniform_w256,objective,P2,61319,3,3,0,0,0,,,,
U_R_uniform_w256,objective,P3,61103,3,3,0,0,0,,,,
U_R_uniform_w256,objective,P3,61211,3,3,0,0,0,,,,
U_R_uniform_w256,objective,P3,61319,3,3,0,0,0,,,,
U_R_uniform_w256,objective,P4,61103,3,3,0,0,0,,,,
U_R_uniform_w256,objective,P4,61211,3,3,0,0,0,,,,
U_R_uniform_w256,objective,P4,61319,3,3,0,0,0,,,,
U_R_uniform_w256,cancellation_ratio,P1,61103,3,3,0,0,0,,,,
U_R_uniform_w256,cancellation_ratio,P1,61211,3,3,0,0,0,,,,
U_R_uniform_w256,cancellation_ratio,P1,61319,3,3,0,0,0,,,,
U_R_uniform_w256,cancellation_ratio,P2,61103,3,3,0,0,0,,,,
U_R_uniform_w256,cancellation_ratio,P2,61211,3,3,0,0,0,,,,
U_R_uniform_w256,cancellation_ratio,P2,61319,3,3,0,0,0,,,,
U_R_uniform_w256,cancellation_ratio,P3,61103,3,3,0,0,0,,,,
U_R_uniform_w256,cancellation_ratio,P3,61211,3,3,0,0,0,,,,
U_R_uniform_w256,cancellation_ratio,P3,61319,3,3,0,0,0,,,,
U_R_uniform_w256,cancellation_ratio,P4,61103,3,0,3,0,0,0.7845091132624828,0.023681053180284743,0.7574723933814899,0.801570651618613
U_R_uniform_w256,cancellation_ratio,P4,61211,3,0,3,0,0,0.7344841798594403,0.041917318094927825,0.6860845041498903,0.7590903423124943
U_R_uniform_w256,cancellation_ratio,P4,61319,3,0,3,0,0,0.6945557141416228,0.030269290226754394,0.66320860796827,0.7236176626418243
M_J_random_w64,delta_test,P1,61103,3,0,3,0,0,0.9891076882680258,0.01253960785440139,0.9806711673736572,1.0035171508789062
M_J_random_w64,delta_test,P1,61211,3,0,3,0,0,1.0043892065684001,0.032269421665999914,0.9673285484313965,1.0262656211853027
M_J_random_w64,delta_test,P1,61319,3,0,3,0,0,0.9934285481770834,0.02592314474951996,0.9766855239868164,1.0232887268066406
M_J_random_w64,delta_test,P2,61103,3,0,3,0,0,0.9891076882680258,0.01253960785440139,0.9806711673736572,1.0035171508789062
M_J_random_w64,delta_test,P2,61211,3,0,3,0,0,1.0043892065684001,0.032269421665999914,0.9673285484313965,1.0262656211853027
M_J_random_w64,delta_test,P2,61319,3,0,3,0,0,0.9934285481770834,0.02592314474951996,0.9766855239868164,1.0232887268066406
M_J_random_w64,delta_test,P3,61103,3,0,3,0,0,0.9891076882680258,0.01253960785440139,0.9806711673736572,1.0035171508789062
M_J_random_w64,delta_test,P3,61211,3,0,3,0,0,1.0043892065684001,0.032269421665999914,0.9673285484313965,1.0262656211853027
M_J_random_w64,delta_test,P3,61319,3,0,3,0,0,0.9934285481770834,0.02592314474951996,0.9766855239868164,1.0232887268066406
M_J_random_w64,delta_test,P4,61103,3,0,3,0,0,0.9891076882680258,0.01253960785440139,0.9806711673736572,1.0035171508789062
M_J_random_w64,delta_test,P4,61211,3,0,3,0,0,1.0043892065684001,0.032269421665999914,0.9673285484313965,1.0262656211853027
M_J_random_w64,delta_test,P4,61319,3,0,3,0,0,0.9934285481770834,0.02592314474951996,0.9766855239868164,1.0232887268066406
M_J_random_w64,delta_validation,P1,61103,3,0,3,0,0,1.0137005647023518,0.017363824310797655,1.0004475116729736,1.0333566665649414
M_J_random_w64,delta_validation,P1,61211,3,0,3,0,0,0.994920571645101,0.021088821522400318,0.971881628036499,1.0132696628570557
M_J_random_w64,delta_validation,P1,61319,3,0,3,0,0,1.0082386334737141,0.02868671280282618,0.9887433052062988,1.0411784648895264
M_J_random_w64,delta_validation,P2,61103,3,0,3,0,0,1.0137005647023518,0.017363824310797655,1.0004475116729736,1.0333566665649414
M_J_random_w64,delta_validation,P2,61211,3,0,3,0,0,0.994920571645101,0.021088821522400318,0.971881628036499,1.0132696628570557
M_J_random_w64,delta_validation,P2,61319,3,0,3,0,0,1.0082386334737141,0.02868671280282618,0.9887433052062988,1.0411784648895264
M_J_random_w64,delta_validation,P3,61103,3,0,3,0,0,1.0137005647023518,0.017363824310797655,1.0004475116729736,1.0333566665649414
M_J_random_w64,delta_validation,P3,61211,3,0,3,0,0,0.994920571645101,0.021088821522400318,0.971881628036499,1.0132696628570557
M_J_random_w64,delta_validation,P3,61319,3,0,3,0,0,1.0082386334737141,0.02868671280282618,0.9887433052062988,1.0411784648895264
M_J_random_w64,delta_validation,P4,61103,3,0,3,0,0,1.0137005647023518,0.017363824310797655,1.0004475116729736,1.0333566665649414
M_J_random_w64,delta_validation,P4,61211,3,0,3,0,0,0.994920571645101,0.021088821522400318,0.971881628036499,1.0132696628570557
M_J_random_w64,delta_validation,P4,61319,3,0,3,0,0,1.0082386334737141,0.02868671280282618,0.9887433052062988,1.0411784648895264
M_J_random_w64,p,P1,61103,3,0,3,0,0,0.041905584487930435,0.007269651451289561,0.03691295951788279,0.05024596269422904
M_J_random_w64,p,P1,61211,3,0,3,0,0,0.04449923185315733,0.003118588086314207,0.040949587569581156,0.04679904042063389
M_J_random_w64,p,P1,61319,3,0,3,0,0,0.03957674620013395,0.0033961330269501873,0.0371980191615499,0.043466102829356756
M_J_random_w64,p,P2,61103,3,0,3,0,0,0.041905584487930435,0.007269651451289561,0.03691295951788279,0.05024596269422904
M_J_random_w64,p,P2,61211,3,0,3,0,0,0.04449923185315733,0.003118588086314207,0.040949587569581156,0.04679904042063389
M_J_random_w64,p,P2,61319,3,0,3,0,0,0.03957674620013395,0.0033961330269501873,0.0371980191615499,0.043466102829356756
M_J_random_w64,p,P3,61103,3,0,3,0,0,0.041905584487930435,0.007269651451289561,0.03691295951788279,0.05024596269422904
M_J_random_w64,p,P3,61211,3,0,3,0,0,0.04449923185315733,0.003118588086314207,0.040949587569581156,0.04679904042063389
M_J_random_w64,p,P3,61319,3,0,3,0,0,0.03957674620013395,0.0033961330269501873,0.0371980191615499,0.043466102829356756
M_J_random_w64,p,P4,61103,3,0,3,0,0,0.041905584487930435,0.007269651451289561,0.03691295951788279,0.05024596269422904
M_J_random_w64,p,P4,61211,3,0,3,0,0,0.04449923185315733,0.003118588086314207,0.040949587569581156,0.04679904042063389
M_J_random_w64,p,P4,61319,3,0,3,0,0,0.03957674620013395,0.0033961330269501873,0.0371980191615499,0.043466102829356756
M_J_random_w64,test_nll,P1,61103,3,0,3,0,0,2.078139861424764,0.021931393651293377,2.0529046058654785,2.0925939083099365
M_J_random_w64,test_nll,P1,61211,3,0,3,0,0,2.1016452312469482,0.030288693138986886,2.076857805252075,2.135406970977783
M_J_random_w64,test_nll,P1,61319,3,0,3,0,0,2.0697325070699057,0.017395860453271916,2.0505125522613525,2.0843982696533203
M_J_random_w64,test_nll,P2,61103,3,0,3,0,0,2.078139861424764,0.021931393651293377,2.0529046058654785,2.0925939083099365
M_J_random_w64,test_nll,P2,61211,3,0,3,0,0,2.1016452312469482,0.030288693138986886,2.076857805252075,2.135406970977783
M_J_random_w64,test_nll,P2,61319,3,0,3,0,0,2.0697325070699057,0.017395860453271916,2.0505125522613525,2.0843982696533203
M_J_random_w64,test_nll,P3,61103,3,0,3,0,0,2.078139861424764,0.021931393651293377,2.0529046058654785,2.0925939083099365
M_J_random_w64,test_nll,P3,61211,3,0,3,0,0,2.1016452312469482,0.030288693138986886,2.076857805252075,2.135406970977783
M_J_random_w64,test_nll,P3,61319,3,0,3,0,0,2.0697325070699057,0.017395860453271916,2.0505125522613525,2.0843982696533203
M_J_random_w64,test_nll,P4,61103,3,0,3,0,0,2.078139861424764,0.021931393651293377,2.0529046058654785,2.0925939083099365
M_J_random_w64,test_nll,P4,61211,3,0,3,0,0,2.1016452312469482,0.030288693138986886,2.076857805252075,2.135406970977783
M_J_random_w64,test_nll,P4,61319,3,0,3,0,0,2.0697325070699057,0.017395860453271916,2.0505125522613525,2.0843982696533203
M_J_random_w64,validation_nll,P1,61103,3,0,3,0,0,2.0889227390289307,0.023768699020977106,2.061542510986328,2.1042540073394775
M_J_random_w64,validation_nll,P1,61211,3,0,3,0,0,2.0989505449930825,0.02511632706826255,2.084338903427124,2.1279520988464355
M_J_random_w64,validation_nll,P1,61319,3,0,3,0,0,2.062485933303833,0.020961973941854728,2.0439932346343994,2.085257053375244
M_J_random_w64,validation_nll,P2,61103,3,0,3,0,0,2.0889227390289307,0.023768699020977106,2.061542510986328,2.1042540073394775
M_J_random_w64,validation_nll,P2,61211,3,0,3,0,0,2.0989505449930825,0.02511632706826255,2.084338903427124,2.1279520988464355
M_J_random_w64,validation_nll,P2,61319,3,0,3,0,0,2.062485933303833,0.020961973941854728,2.0439932346343994,2.085257053375244
M_J_random_w64,validation_nll,P3,61103,3,0,3,0,0,2.0889227390289307,0.023768699020977106,2.061542510986328,2.1042540073394775
M_J_random_w64,validation_nll,P3,61211,3,0,3,0,0,2.0989505449930825,0.02511632706826255,2.084338903427124,2.1279520988464355
M_J_random_w64,validation_nll,P3,61319,3,0,3,0,0,2.062485933303833,0.020961973941854728,2.0439932346343994,2.085257053375244
M_J_random_w64,validation_nll,P4,61103,3,0,3,0,0,2.0889227390289307,0.023768699020977106,2.061542510986328,2.1042540073394775
M_J_random_w64,validation_nll,P4,61211,3,0,3,0,0,2.0989505449930825,0.02511632706826255,2.084338903427124,2.1279520988464355
M_J_random_w64,validation_nll,P4,61319,3,0,3,0,0,2.062485933303833,0.020961973941854728,2.0439932346343994,2.085257053375244
M_J_random_w64,train_nll,P1,61103,3,0,3,0,0,2.0089718103408813,0.014786296827444008,1.991944432258606,2.0185744762420654
M_J_random_w64,train_nll,P1,61211,3,0,3,0,0,2.0214900175730386,0.02146313621613021,2.002362012863159,2.04470157623291
M_J_random_w64,train_nll,P1,61319,3,0,3,0,0,2.0031364361445108,0.016949330853493216,1.9835811853408813,2.0136024951934814
M_J_random_w64,train_nll,P2,61103,3,0,3,0,0,2.0089718103408813,0.014786296827444008,1.991944432258606,2.0185744762420654
M_J_random_w64,train_nll,P2,61211,3,0,3,0,0,2.0214900175730386,0.02146313621613021,2.002362012863159,2.04470157623291
M_J_random_w64,train_nll,P2,61319,3,0,3,0,0,2.0031364361445108,0.016949330853493216,1.9835811853408813,2.0136024951934814
M_J_random_w64,train_nll,P3,61103,3,0,3,0,0,2.0089718103408813,0.014786296827444008,1.991944432258606,2.0185744762420654
M_J_random_w64,train_nll,P3,61211,3,0,3,0,0,2.0214900175730386,0.02146313621613021,2.002362012863159,2.04470157623291
M_J_random_w64,train_nll,P3,61319,3,0,3,0,0,2.0031364361445108,0.016949330853493216,1.9835811853408813,2.0136024951934814
M_J_random_w64,train_nll,P4,61103,3,0,3,0,0,2.0089718103408813,0.014786296827444008,1.991944432258606,2.0185744762420654
M_J_random_w64,train_nll,P4,61211,3,0,3,0,0,2.0214900175730386,0.02146313621613021,2.002362012863159,2.04470157623291
M_J_random_w64,train_nll,P4,61319,3,0,3,0,0,2.0031364361445108,0.016949330853493216,1.9835811853408813,2.0136024951934814
M_J_random_w64,objective,P1,61103,3,0,3,0,0,5.769036461761972e-05,3.630814264104233e-05,3.53342767248359e-05,9.958379921169621e-05
M_J_random_w64,objective,P1,61211,3,0,3,0,0,3.504796453254092e-05,6.975488131628452e-06,3.006732808165276e-05,4.302028787313698e-05
M_J_random_w64,objective,P1,61319,3,0,3,0,0,6.796960169270701e-05,2.7353103900936896e-05,4.0545699174763474e-05,9.525135291447104e-05
M_J_random_w64,objective,P2,61103,3,0,3,0,0,5.769036461761972e-05,3.630814264104233e-05,3.53342767248359e-05,9.958379921169621e-05
M_J_random_w64,objective,P2,61211,3,0,3,0,0,3.504796453254092e-05,6.975488131628452e-06,3.006732808165276e-05,4.302028787313698e-05
M_J_random_w64,objective,P2,61319,3,0,3,0,0,6.796960169270701e-05,2.7353103900936896e-05,4.0545699174763474e-05,9.525135291447104e-05
M_J_random_w64,objective,P3,61103,3,0,3,0,0,5.769036461761972e-05,3.630814264104233e-05,3.53342767248359e-05,9.958379921169621e-05
M_J_random_w64,objective,P3,61211,3,0,3,0,0,3.504796453254092e-05,6.975488131628452e-06,3.006732808165276e-05,4.302028787313698e-05
M_J_random_w64,objective,P3,61319,3,0,3,0,0,6.796960169270701e-05,2.7353103900936896e-05,4.0545699174763474e-05,9.525135291447104e-05
M_J_random_w64,objective,P4,61103,3,0,3,0,0,5.769036461761972e-05,3.630814264104233e-05,3.53342767248359e-05,9.958379921169621e-05
M_J_random_w64,objective,P4,61211,3,0,3,0,0,3.504796453254092e-05,6.975488131628452e-06,3.006732808165276e-05,4.302028787313698e-05
M_J_random_w64,objective,P4,61319,3,0,3,0,0,6.796960169270701e-05,2.7353103900936896e-05,4.0545699174763474e-05,9.525135291447104e-05
M_J_random_w64,cancellation_ratio,P1,61103,3,0,3,0,0,1.0,0.0,1.0,1.0
M_J_random_w64,cancellation_ratio,P1,61211,3,0,3,0,0,1.0,0.0,1.0,1.0
M_J_random_w64,cancellation_ratio,P1,61319,3,0,3,0,0,1.0,0.0,1.0,1.0
M_J_random_w64,cancellation_ratio,P2,61103,3,0,3,0,0,1.0,0.0,1.0,1.0
M_J_random_w64,cancellation_ratio,P2,61211,3,0,3,0,0,1.0,0.0,1.0,1.0
M_J_random_w64,cancellation_ratio,P2,61319,3,0,3,0,0,1.0,0.0,1.0,1.0
M_J_random_w64,cancellation_ratio,P3,61103,3,0,3,0,0,1.0,0.0,1.0,1.0
M_J_random_w64,cancellation_ratio,P3,61211,3,0,3,0,0,1.0,0.0,1.0,1.0
M_J_random_w64,cancellation_ratio,P3,61319,3,0,3,0,0,1.0,0.0,1.0,1.0
M_J_random_w64,cancellation_ratio,P4,61103,3,0,3,0,0,1.0,0.0,1.0,1.0
M_J_random_w64,cancellation_ratio,P4,61211,3,0,3,0,0,1.0,0.0,1.0,1.0
M_J_random_w64,cancellation_ratio,P4,61319,3,0,3,0,0,1.0,0.0,1.0,1.0
M_J_random_w128,delta_test,P1,61103,3,0,3,0,0,1.9300554593404133,0.035024787223384465,1.8896129131317139,1.9504666328430176
M_J_random_w128,delta_test,P1,61211,3,0,3,0,0,1.963094154993693,0.0483619572952228,1.912571907043457,2.0089588165283203
M_J_random_w128,delta_test,P1,61319,3,0,3,0,0,1.9279956817626953,0.053105984576961904,1.8677711486816406,1.9681079387664795
M_J_random_w128,delta_test,P2,61103,3,0,3,0,0,1.9304307301839192,0.03348375590363996,1.8918499946594238,1.951913595199585
M_J_random_w128,delta_test,P2,61211,3,0,3,0,0,1.965512990951538,0.04557334132983475,1.9185760021209717,2.0095877647399902
M_J_random_w128,delta_test,P2,61319,3,0,3,0,0,1.9295578797658284,0.04731381871304367,1.8760371208190918,1.965817928314209
M_J_random_w128,delta_test,P3,61103,3,0,3,0,0,1.9300554593404133,0.035024787223384465,1.8896129131317139,1.9504666328430176
M_J_random_w128,delta_test,P3,61211,3,0,3,0,0,1.963094154993693,0.0483619572952228,1.912571907043457,2.0089588165283203
M_J_random_w128,delta_test,P3,61319,3,0,3,0,0,1.9279956817626953,0.053105984576961904,1.8677711486816406,1.9681079387664795
M_J_random_w128,delta_test,P4,61103,3,0,3,0,0,1.9300554593404133,0.035024787223384465,1.8896129131317139,1.9504666328430176
M_J_random_w128,delta_test,P4,61211,3,0,3,0,0,1.963094154993693,0.0483619572952228,1.912571907043457,2.0089588165283203
M_J_random_w128,delta_test,P4,61319,3,0,3,0,0,1.9279956817626953,0.053105984576961904,1.8677711486816406,1.9681079387664795
M_J_random_w128,delta_validation,P1,61103,3,0,3,0,0,1.9665191173553467,0.026311739154376883,1.936164140701294,1.9828097820281982
M_J_random_w128,delta_validation,P1,61211,3,0,3,0,0,1.9597753683725994,0.05827930904152425,1.8987176418304443,2.014808177947998
M_J_random_w128,delta_validation,P1,61319,3,0,3,0,0,1.951236327489217,0.054127413089443584,1.889406442642212,1.9900617599487305
M_J_random_w128,delta_validation,P2,61103,3,0,3,0,0,1.966922124226888,0.026160919832958665,1.9368624687194824,1.984541654586792
M_J_random_w128,delta_validation,P2,61211,3,0,3,0,0,1.9626917839050293,0.055281748700321584,1.9054040908813477,2.015721321105957
M_J_random_w128,delta_validation,P2,61319,3,0,3,0,0,1.9528714815775554,0.04680472707339426,1.899312973022461,1.98591947555542
M_J_random_w128,delta_validation,P3,61103,3,0,3,0,0,1.9665191173553467,0.026311739154376883,1.936164140701294,1.9828097820281982
M_J_random_w128,delta_validation,P3,61211,3,0,3,0,0,1.9597753683725994,0.05827930904152425,1.8987176418304443,2.014808177947998
M_J_random_w128,delta_validation,P3,61319,3,0,3,0,0,1.951236327489217,0.054127413089443584,1.889406442642212,1.9900617599487305
M_J_random_w128,delta_validation,P4,61103,3,0,3,0,0,1.9665191173553467,0.026311739154376883,1.936164140701294,1.9828097820281982
M_J_random_w128,delta_validation,P4,61211,3,0,3,0,0,1.9597753683725994,0.05827930904152425,1.8987176418304443,2.014808177947998
M_J_random_w128,delta_validation,P4,61319,3,0,3,0,0,1.951236327489217,0.054127413089443584,1.889406442642212,1.9900617599487305
M_J_random_w128,p,P1,61103,3,0,3,0,0,0.04653720239939142,0.0026350173035985854,0.043500386922783865,0.04821879718081312
M_J_random_w128,p,P1,61211,3,0,3,0,0,0.050500444768427216,0.006639848158398415,0.04314026322183981,0.05604020735888181
M_J_random_w128,p,P1,61319,3,0,3,0,0,0.04348783273931451,0.0034116564449233264,0.03958011406993038,0.045873780952475934
M_J_random_w128,p,P2,61103,3,0,3,0,0,0.043073596493182174,0.0023295540761697274,0.040384812758690616,0.044486206507934486
M_J_random_w128,p,P2,61211,3,0,3,0,0,0.046921330059832275,0.006614747998913114,0.039824602871997905,0.05291555515947999
M_J_random_w128,p,P2,61319,3,0,3,0,0,0.040444022270306905,0.0029788054760201896,0.03701032502217583,0.04233572646363078
M_J_random_w128,p,P3,61103,3,0,3,0,0,0.04653720239939142,0.0026350173035985854,0.043500386922783865,0.04821879718081312
M_J_random_w128,p,P3,61211,3,0,3,0,0,0.050500444768427216,0.006639848158398415,0.04314026322183981,0.05604020735888181
M_J_random_w128,p,P3,61319,3,0,3,0,0,0.04348783273931451,0.0034116564449233264,0.03958011406993038,0.045873780952475934
M_J_random_w128,p,P4,61103,3,0,3,0,0,0.04653720239939142,0.0026350173035985854,0.043500386922783865,0.04821879718081312
M_J_random_w128,p,P4,61211,3,0,3,0,0,0.050500444768427216,0.006639848158398415,0.04314026322183981,0.05604020735888181
M_J_random_w128,p,P4,61319,3,0,3,0,0,0.04348783273931451,0.0034116564449233264,0.03958011406993038,0.045873780952475934
M_J_random_w128,test_nll,P1,61103,3,0,3,0,0,2.0421696503957114,0.02464064544817687,2.027717351913452,2.0706210136413574
M_J_random_w128,test_nll,P1,61211,3,0,3,0,0,2.0754714806874595,0.029635550644041594,2.0413217544555664,2.094447135925293
M_J_random_w128,test_nll,P1,61319,3,0,3,0,0,2.0530060132344565,0.03582372624544258,2.024066209793091,2.0930728912353516
M_J_random_w128,test_nll,P2,61103,3,0,3,0,0,2.0417943795522056,0.023095612873628008,2.026723623275757,2.0683839321136475
M_J_random_w128,test_nll,P2,61211,3,0,3,0,0,2.0730526447296143,0.028035561468976036,2.0406928062438965,2.090022087097168
M_J_random_w128,test_nll,P2,61319,3,0,3,0,0,2.0514438152313232,0.03009126259418852,2.0263562202453613,2.0848069190979004
M_J_random_w128,test_nll,P3,61103,3,0,3,0,0,2.0421696503957114,0.02464064544817687,2.027717351913452,2.0706210136413574
M_J_random_w128,test_nll,P3,61211,3,0,3,0,0,2.0754714806874595,0.029635550644041594,2.0413217544555664,2.094447135925293
M_J_random_w128,test_nll,P3,61319,3,0,3,0,0,2.0530060132344565,0.03582372624544258,2.024066209793091,2.0930728912353516
M_J_random_w128,test_nll,P4,61103,3,0,3,0,0,2.0421696503957114,0.02464064544817687,2.027717351913452,2.0706210136413574
M_J_random_w128,test_nll,P4,61211,3,0,3,0,0,2.0754714806874595,0.029635550644041594,2.0413217544555664,2.094447135925293
M_J_random_w128,test_nll,P4,61319,3,0,3,0,0,2.0530060132344565,0.03582372624544258,2.024066209793091,2.0930728912353516
M_J_random_w128,validation_nll,P1,61103,3,0,3,0,0,2.049636443456014,0.011293006168908487,2.0399601459503174,2.062044858932495
M_J_random_w128,validation_nll,P1,61211,3,0,3,0,0,2.062834898630778,0.04236547038414385,2.0145792961120605,2.0939183235168457
M_J_random_w128,validation_nll,P1,61319,3,0,3,0,0,2.049152135848999,0.043658147757585385,2.0165438652038574,2.0987513065338135
M_J_random_w128,validation_nll,P2,61103,3,0,3,0,0,2.0492334365844727,0.010492785823140907,2.0429461002349854,2.0613465309143066
M_J_random_w128,validation_nll,P2,61211,3,0,3,0,0,2.059918483098348,0.040273954323840115,2.0136661529541016,2.0872318744659424
M_J_random_w128,validation_nll,P2,61319,3,0,3,0,0,2.0475169817606607,0.03631832910424572,2.020686149597168,2.0888447761535645
M_J_random_w128,validation_nll,P3,61103,3,0,3,0,0,2.049636443456014,0.011293006168908487,2.0399601459503174,2.062044858932495
M_J_random_w128,validation_nll,P3,61211,3,0,3,0,0,2.062834898630778,0.04236547038414385,2.0145792961120605,2.0939183235168457
M_J_random_w128,validation_nll,P3,61319,3,0,3,0,0,2.049152135848999,0.043658147757585385,2.0165438652038574,2.0987513065338135
M_J_random_w128,validation_nll,P4,61103,3,0,3,0,0,2.049636443456014,0.011293006168908487,2.0399601459503174,2.062044858932495
M_J_random_w128,validation_nll,P4,61211,3,0,3,0,0,2.062834898630778,0.04236547038414385,2.0145792961120605,2.0939183235168457
M_J_random_w128,validation_nll,P4,61319,3,0,3,0,0,2.049152135848999,0.043658147757585385,2.0165438652038574,2.0987513065338135
M_J_random_w128,train_nll,P1,61103,3,0,3,0,0,1.8673943678538005,0.012782070349823739,1.8587579727172852,1.882077932357788
M_J_random_w128,train_nll,P1,61211,3,0,3,0,0,1.8916149934132893,0.033512737327448146,1.8531378507614136,1.9144222736358643
M_J_random_w128,train_nll,P1,61319,3,0,3,0,0,1.8912994464238484,0.03217245934488004,1.862288475036621,1.9259006977081299
M_J_random_w128,train_nll,P2,61103,3,0,3,0,0,1.881552775700887,0.012548138586197476,1.8711707592010498,1.8954968452453613
M_J_random_w128,train_nll,P2,61211,3,0,3,0,0,1.9026710589726765,0.03246101584603517,1.8659114837646484,1.927396535873413
M_J_random_w128,train_nll,P2,61319,3,0,3,0,0,1.902673880259196,0.026820211545094202,1.8782213926315308,1.9313585758209229
M_J_random_w128,train_nll,P3,61103,3,0,3,0,0,1.8673943678538005,0.012782070349823739,1.8587579727172852,1.882077932357788
M_J_random_w128,train_nll,P3,61211,3,0,3,0,0,1.8916149934132893,0.033512737327448146,1.8531378507614136,1.9144222736358643
M_J_random_w128,train_nll,P3,61319,3,0,3,0,0,1.8912994464238484,0.03217245934488004,1.862288475036621,1.9259006977081299
M_J_random_w128,train_nll,P4,61103,3,0,3,0,0,1.8673943678538005,0.012782070349823739,1.8587579727172852,1.882077932357788
M_J_random_w128,train_nll,P4,61211,3,0,3,0,0,1.8916149934132893,0.033512737327448146,1.8531378507614136,1.9144222736358643
M_J_random_w128,train_nll,P4,61319,3,0,3,0,0,1.8912994464238484,0.03217245934488004,1.862288475036621,1.9259006977081299
M_J_random_w128,objective,P1,61103,3,0,3,0,0,5.5766310386136065e-05,1.7945745547867717e-05,3.730722939140974e-05,7.315039132986492e-05
M_J_random_w128,objective,P1,61211,3,0,3,0,0,4.916717913404044e-05,7.42205350071145e-06,4.357997619090921e-05,5.758876875605754e-05
M_J_random_w128,objective,P1,61319,3,0,3,0,0,7.872694314556525e-05,1.73150513046559e-05,5.889172040865865e-05,9.082032010705553e-05
M_J_random_w128,objective,P2,61103,3,0,3,0,0,4.909303879758111e-05,1.7753260695299702e-05,3.1798470003284125e-05,6.727193811455143e-05
M_J_random_w128,objective,P2,61211,3,0,3,0,0,4.267656563843701e-05,6.377005261570195e-06,3.7082661456942796e-05,4.962048928832099e-05
M_J_random_w128,objective,P2,61319,3,0,3,0,0,7.021224277733789e-05,1.531153722488578e-05,5.2544240689740135e-05,7.961584794993485e-05
M_J_random_w128,objective,P3,61103,3,0,3,0,0,5.5766310386136065e-05,1.7945745547867717e-05,3.730722939140974e-05,7.315039132986492e-05
M_J_random_w128,objective,P3,61211,3,0,3,0,0,4.916717913404044e-05,7.42205350071145e-06,4.357997619090921e-05,5.758876875605754e-05
M_J_random_w128,objective,P3,61319,3,0,3,0,0,7.872694314556525e-05,1.73150513046559e-05,5.889172040865865e-05,9.082032010705553e-05
M_J_random_w128,objective,P4,61103,3,0,3,0,0,5.5766310386136065e-05,1.7945745547867717e-05,3.730722939140974e-05,7.315039132986492e-05
M_J_random_w128,objective,P4,61211,3,0,3,0,0,4.916717913404044e-05,7.42205350071145e-06,4.357997619090921e-05,5.758876875605754e-05
M_J_random_w128,objective,P4,61319,3,0,3,0,0,7.872694314556525e-05,1.73150513046559e-05,5.889172040865865e-05,9.082032010705553e-05
M_J_random_w128,cancellation_ratio,P1,61103,3,0,3,0,0,1.0,0.0,1.0,1.0
M_J_random_w128,cancellation_ratio,P1,61211,3,0,3,0,0,1.0,0.0,1.0,1.0
M_J_random_w128,cancellation_ratio,P1,61319,3,0,3,0,0,1.0,0.0,1.0,1.0
M_J_random_w128,cancellation_ratio,P2,61103,3,0,3,0,0,1.0,0.0,1.0,1.0
M_J_random_w128,cancellation_ratio,P2,61211,3,0,3,0,0,1.0,0.0,1.0,1.0
M_J_random_w128,cancellation_ratio,P2,61319,3,0,3,0,0,1.0,0.0,1.0,1.0
M_J_random_w128,cancellation_ratio,P3,61103,3,0,3,0,0,1.0,0.0,1.0,1.0
M_J_random_w128,cancellation_ratio,P3,61211,3,0,3,0,0,1.0,0.0,1.0,1.0
M_J_random_w128,cancellation_ratio,P3,61319,3,0,3,0,0,1.0,0.0,1.0,1.0
M_J_random_w128,cancellation_ratio,P4,61103,3,0,3,0,0,1.0,0.0,1.0,1.0
M_J_random_w128,cancellation_ratio,P4,61211,3,0,3,0,0,1.0,0.0,1.0,1.0
M_J_random_w128,cancellation_ratio,P4,61319,3,0,3,0,0,1.0,0.0,1.0,1.0
M_J_random_w256,delta_test,P1,61103,3,0,3,0,0,3.236003875732422,0.043554877534181836,3.1875858306884766,3.271994113922119
M_J_random_w256,delta_test,P1,61211,3,0,3,0,0,3.3084132273991904,0.06059655424792404,3.247565746307373,3.3687556982040405
M_J_random_w256,delta_test,P1,61319,3,0,3,0,0,3.2524784803390503,0.032984535419027225,3.216329574584961,3.2809414863586426
M_J_random_w256,delta_test,P2,61103,3,0,3,0,0,3.23732860883077,0.04534548218417407,3.186875820159912,3.2746834754943848
M_J_random_w256,delta_test,P2,61211,3,0,3,0,0,3.308490594228109,0.061799664173162475,3.2462570667266846,3.369847059249878
M_J_random_w256,delta_test,P2,61319,3,0,3,0,0,3.2542412281036377,0.032672275851200354,3.2185308933258057,3.282634735107422
M_J_random_w256,delta_test,P3,61103,3,0,3,0,0,3.236003875732422,0.043554877534181836,3.1875858306884766,3.271994113922119
M_J_random_w256,delta_test,P3,61211,3,0,3,0,0,3.3084132273991904,0.06059655424792404,3.247565746307373,3.3687556982040405
M_J_random_w256,delta_test,P3,61319,3,0,3,0,0,3.2524784803390503,0.032984535419027225,3.216329574584961,3.2809414863586426
M_J_random_w256,delta_test,P4,61103,3,0,3,0,0,3.236003875732422,0.043554877534181836,3.1875858306884766,3.271994113922119
M_J_random_w256,delta_test,P4,61211,3,0,3,0,0,3.3084132273991904,0.06059655424792404,3.247565746307373,3.3687556982040405
M_J_random_w256,delta_test,P4,61319,3,0,3,0,0,3.2524784803390503,0.032984535419027225,3.216329574584961,3.2809414863586426
M_J_random_w256,delta_validation,P1,61103,3,0,3,0,0,3.2830546696980796,0.031166925451508842,3.25848650932312,3.318113327026367
M_J_random_w256,delta_validation,P1,61211,3,0,3,0,0,3.296600341796875,0.062253114783571185,3.2303905487060547,3.3539466857910156
M_J_random_w256,delta_validation,P1,61319,3,0,3,0,0,3.272429903348287,0.04160813873363249,3.226541042327881,3.307698965072632
M_J_random_w256,delta_validation,P2,61103,3,0,3,0,0,3.284024159113566,0.032516002097655226,3.2573461532592773,3.3202433586120605
M_J_random_w256,delta_validation,P2,61211,3,0,3,0,0,3.2968141635258994,0.06365510337311032,3.2292723655700684,3.3556958436965942
M_J_random_w256,delta_validation,P2,61319,3,0,3,0,0,3.2745838165283203,0.04114100664380317,3.2292189598083496,3.3094770908355713
M_J_random_w256,delta_validation,P3,61103,3,0,3,0,0,3.2830546696980796,0.031166925451508842,3.25848650932312,3.318113327026367
M_J_random_w256,delta_validation,P3,61211,3,0,3,0,0,3.296600341796875,0.062253114783571185,3.2303905487060547,3.3539466857910156
M_J_random_w256,delta_validation,P3,61319,3,0,3,0,0,3.272429903348287,0.04160813873363249,3.226541042327881,3.307698965072632
M_J_random_w256,delta_validation,P4,61103,3,0,3,0,0,3.2830546696980796,0.031166925451508842,3.25848650932312,3.318113327026367
M_J_random_w256,delta_validation,P4,61211,3,0,3,0,0,3.296600341796875,0.062253114783571185,3.2303905487060547,3.3539466857910156
M_J_random_w256,delta_validation,P4,61319,3,0,3,0,0,3.272429903348287,0.04160813873363249,3.226541042327881,3.307698965072632
M_J_random_w256,p,P1,61103,3,0,3,0,0,0.028331343781803884,0.0010946949623742203,0.0273633993289114,0.02951935415546482
M_J_random_w256,p,P1,61211,3,0,3,0,0,0.026805862128434024,0.0042239944585611205,0.023380096490994783,0.03152544189462947
M_J_random_w256,p,P1,61319,3,0,3,0,0,0.025017088583308134,0.0015875876383570568,0.023502423988487814,0.0266687238961233
M_J_random_w256,p,P2,61103,3,0,3,0,0,0.02735566708726619,0.0010926594782903498,0.02635901583322007,0.028524007224470904
M_J_random_w256,p,P2,61211,3,0,3,0,0,0.02597790818157747,0.004170555047923414,0.022657731473099886,0.030658898615679442
M_J_random_w256,p,P2,61319,3,0,3,0,0,0.024221082285619304,0.0014857383921903016,0.022798954506079147,0.02576315941476849
M_J_random_w256,p,P3,61103,3,0,3,0,0,0.028331343781803884,0.0010946949623742203,0.0273633993289114,0.02951935415546482
M_J_random_w256,p,P3,61211,3,0,3,0,0,0.026805862128434024,0.0042239944585611205,0.023380096490994783,0.03152544189462947
M_J_random_w256,p,P3,61319,3,0,3,0,0,0.025017088583308134,0.0015875876383570568,0.023502423988487814,0.0266687238961233
M_J_random_w256,p,P4,61103,3,0,3,0,0,0.028331343781803884,0.0010946949623742203,0.0273633993289114,0.02951935415546482
M_J_random_w256,p,P4,61211,3,0,3,0,0,0.026805862128434024,0.0042239944585611205,0.023380096490994783,0.03152544189462947
M_J_random_w256,p,P4,61319,3,0,3,0,0,0.025017088583308134,0.0015875876383570568,0.023502423988487814,0.0266687238961233
M_J_random_w256,test_nll,P1,61103,3,0,3,0,0,2.0305962562561035,0.02873731098509857,2.010629177093506,2.0635323524475098
M_J_random_w256,test_nll,P1,61211,3,0,3,0,0,2.0274473428726196,0.05338908614234495,1.9747692346572876,2.0815200805664062
M_J_random_w256,test_nll,P1,61319,3,0,3,0,0,2.0161126057306924,0.0376565162645282,1.9832638502120972,2.0572094917297363
M_J_random_w256,test_nll,P2,61103,3,0,3,0,0,2.0292715231577554,0.030528898726951924,2.0079398155212402,2.064242362976074
M_J_random_w256,test_nll,P2,61211,3,0,3,0,0,2.027369976043701,0.054596885268068635,1.9736778736114502,2.0828287601470947
M_J_random_w256,test_nll,P2,61319,3,0,3,0,0,2.014349857966105,0.037248613646442316,1.981870174407959,2.0550081729888916
M_J_random_w256,test_nll,P3,61103,3,0,3,0,0,2.0305962562561035,0.02873731098509857,2.010629177093506,2.0635323524475098
M_J_random_w256,test_nll,P3,61211,3,0,3,0,0,2.0274473428726196,0.05338908614234495,1.9747692346572876,2.0815200805664062
M_J_random_w256,test_nll,P3,61319,3,0,3,0,0,2.0161126057306924,0.0376565162645282,1.9832638502120972,2.0572094917297363
M_J_random_w256,test_nll,P4,61103,3,0,3,0,0,2.0305962562561035,0.02873731098509857,2.010629177093506,2.0635323524475098
M_J_random_w256,test_nll,P4,61211,3,0,3,0,0,2.0274473428726196,0.05338908614234495,1.9747692346572876,2.0815200805664062
M_J_random_w256,test_nll,P4,61319,3,0,3,0,0,2.0161126057306924,0.0376565162645282,1.9832638502120972,2.0572094917297363
M_J_random_w256,validation_nll,P1,61103,3,0,3,0,0,2.033775806427002,0.023084961344135707,2.00738525390625,2.050222158432007
M_J_random_w256,validation_nll,P1,61211,3,0,3,0,0,2.02034330368042,0.0543172689508895,1.9660606384277344,2.074695110321045
M_J_random_w256,validation_nll,P1,61319,3,0,3,0,0,2.01513135433197,0.04182857404055285,1.9813340902328491,2.0619120597839355
M_J_random_w256,validation_nll,P2,61103,3,0,3,0,0,2.032806317011515,0.024334167948642953,2.0052552223205566,2.0513625144958496
M_J_random_w256,validation_nll,P2,61211,3,0,3,0,0,2.0201294819513955,0.05575102758822199,1.9643114805221558,2.0758132934570312
M_J_random_w256,validation_nll,P2,61319,3,0,3,0,0,2.012977441151937,0.04141795333979794,1.9793283939361572,2.059234142303467
M_J_random_w256,validation_nll,P3,61103,3,0,3,0,0,2.033775806427002,0.023084961344135707,2.00738525390625,2.050222158432007
M_J_random_w256,validation_nll,P3,61211,3,0,3,0,0,2.02034330368042,0.0543172689508895,1.9660606384277344,2.074695110321045
M_J_random_w256,validation_nll,P3,61319,3,0,3,0,0,2.01513135433197,0.04182857404055285,1.9813340902328491,2.0619120597839355
M_J_random_w256,validation_nll,P4,61103,3,0,3,0,0,2.033775806427002,0.023084961344135707,2.00738525390625,2.050222158432007
M_J_random_w256,validation_nll,P4,61211,3,0,3,0,0,2.02034330368042,0.0543172689508895,1.9660606384277344,2.074695110321045
M_J_random_w256,validation_nll,P4,61319,3,0,3,0,0,2.01513135433197,0.04182857404055285,1.9813340902328491,2.0619120597839355
M_J_random_w256,train_nll,P1,61103,3,0,3,0,0,1.8630661567052205,0.02362186950718635,1.8476694822311401,1.8902631998062134
M_J_random_w256,train_nll,P1,61211,3,0,3,0,0,1.8674487272898357,0.038694735122215086,1.8294016122817993,1.9067600965499878
M_J_random_w256,train_nll,P1,61319,3,0,3,0,0,1.873555103937785,0.025998381267732636,1.856085181236267,1.903432846069336
M_J_random_w256,train_nll,P2,61103,3,0,3,0,0,1.8680867751439412,0.025117552507483334,1.8512828350067139,1.896960973739624
M_J_random_w256,train_nll,P2,61211,3,0,3,0,0,1.872297962506612,0.040020586159710735,1.8329161405563354,1.9129281044006348
M_J_random_w256,train_nll,P2,61319,3,0,3,0,0,1.8771539131800334,0.02579400394245565,1.8598546981811523,1.9068007469177246
M_J_random_w256,train_nll,P3,61103,3,0,3,0,0,1.8630661567052205,0.02362186950718635,1.8476694822311401,1.8902631998062134
M_J_random_w256,train_nll,P3,61211,3,0,3,0,0,1.8674487272898357,0.038694735122215086,1.8294016122817993,1.9067600965499878
M_J_random_w256,train_nll,P3,61319,3,0,3,0,0,1.873555103937785,0.025998381267732636,1.856085181236267,1.903432846069336
M_J_random_w256,train_nll,P4,61103,3,0,3,0,0,1.8630661567052205,0.02362186950718635,1.8476694822311401,1.8902631998062134
M_J_random_w256,train_nll,P4,61211,3,0,3,0,0,1.8674487272898357,0.038694735122215086,1.8294016122817993,1.9067600965499878
M_J_random_w256,train_nll,P4,61319,3,0,3,0,0,1.873555103937785,0.025998381267732636,1.856085181236267,1.903432846069336
M_J_random_w256,objective,P1,61103,3,0,3,0,0,2.0020086223663265e-05,9.256184557897711e-06,1.4260030191807083e-05,3.069711805209985e-05
M_J_random_w256,objective,P1,61211,3,0,3,0,0,1.8509558103185698e-05,3.5291391167993236e-06,1.4463154057480343e-05,2.0950831447582463e-05
M_J_random_w256,objective,P1,61319,3,0,3,0,0,2.6700836330994508e-05,1.2452121609666102e-05,1.3369714371713124e-05,3.803182580778182e-05
M_J_random_w256,objective,P2,61103,3,0,3,0,0,1.8919164485630814e-05,8.988704119924587e-06,1.3218551732268152e-05,2.9281066061249485e-05
M_J_random_w256,objective,P2,61211,3,0,3,0,0,1.752514318088562e-05,3.3688849303994288e-06,1.366094552795148e-05,1.984501519952316e-05
M_J_random_w256,objective,P2,61319,3,0,3,0,0,2.5437669313834574e-05,1.2150430916281535e-05,1.2457259415486242e-05,3.6539239636135835e-05
M_J_random_w256,objective,P3,61103,3,0,3,0,0,2.0020086223663265e-05,9.256184557897711e-06,1.4260030191807083e-05,3.069711805209985e-05
M_J_random_w256,objective,P3,61211,3,0,3,0,0,1.8509558103185698e-05,3.5291391167993236e-06,1.4463154057480343e-05,2.0950831447582463e-05
M_J_random_w256,objective,P3,61319,3,0,3,0,0,2.6700836330994508e-05,1.2452121609666102e-05,1.3369714371713124e-05,3.803182580778182e-05
M_J_random_w256,objective,P4,61103,3,0,3,0,0,2.0020086223663265e-05,9.256184557897711e-06,1.4260030191807083e-05,3.069711805209985e-05
M_J_random_w256,objective,P4,61211,3,0,3,0,0,1.8509558103185698e-05,3.5291391167993236e-06,1.4463154057480343e-05,2.0950831447582463e-05
M_J_random_w256,objective,P4,61319,3,0,3,0,0,2.6700836330994508e-05,1.2452121609666102e-05,1.3369714371713124e-05,3.803182580778182e-05
M_J_random_w256,cancellation_ratio,P1,61103,3,0,3,0,0,1.0,0.0,1.0,1.0
M_J_random_w256,cancellation_ratio,P1,61211,3,0,3,0,0,1.0,0.0,1.0,1.0
M_J_random_w256,cancellation_ratio,P1,61319,3,0,3,0,0,1.0,0.0,1.0,1.0
M_J_random_w256,cancellation_ratio,P2,61103,3,0,3,0,0,1.0,0.0,1.0,1.0
M_J_random_w256,cancellation_ratio,P2,61211,3,0,3,0,0,1.0,0.0,1.0,1.0
M_J_random_w256,cancellation_ratio,P2,61319,3,0,3,0,0,1.0,0.0,1.0,1.0
M_J_random_w256,cancellation_ratio,P3,61103,3,0,3,0,0,1.0,0.0,1.0,1.0
M_J_random_w256,cancellation_ratio,P3,61211,3,0,3,0,0,1.0,0.0,1.0,1.0
M_J_random_w256,cancellation_ratio,P3,61319,3,0,3,0,0,1.0,0.0,1.0,1.0
M_J_random_w256,cancellation_ratio,P4,61103,3,0,3,0,0,1.0,0.0,1.0,1.0
M_J_random_w256,cancellation_ratio,P4,61211,3,0,3,0,0,1.0,0.0,1.0,1.0
M_J_random_w256,cancellation_ratio,P4,61319,3,0,3,0,0,1.0,0.0,1.0,1.0
M_J_uniform_w64,delta_test,P1,61103,3,0,3,0,0,1.1910243431727092,0.011431706573943289,1.180677890777588,1.2032966613769531
M_J_uniform_w64,delta_test,P1,61211,3,0,3,0,0,1.2037622531255086,0.012643661500448008,1.1906464099884033,1.2158738374710083
M_J_uniform_w64,delta_test,P1,61319,3,0,3,0,0,1.1718448400497437,0.022081535286125636,1.152143120765686,1.195712685585022
M_J_uniform_w64,delta_test,P2,61103,3,0,3,0,0,1.1910243431727092,0.011431706573943289,1.180677890777588,1.2032966613769531
M_J_uniform_w64,delta_test,P2,61211,3,0,3,0,0,1.2037622531255086,0.012643661500448008,1.1906464099884033,1.2158738374710083
M_J_uniform_w64,delta_test,P2,61319,3,0,3,0,0,1.1718448400497437,0.022081535286125636,1.152143120765686,1.195712685585022
M_J_uniform_w64,delta_test,P3,61103,3,0,3,0,0,1.1910243431727092,0.011431706573943289,1.180677890777588,1.2032966613769531
M_J_uniform_w64,delta_test,P3,61211,3,0,3,0,0,1.2037622531255086,0.012643661500448008,1.1906464099884033,1.2158738374710083
M_J_uniform_w64,delta_test,P3,61319,3,0,3,0,0,1.1718448400497437,0.022081535286125636,1.152143120765686,1.195712685585022
M_J_uniform_w64,delta_test,P4,61103,3,0,3,0,0,1.1910243431727092,0.011431706573943289,1.180677890777588,1.2032966613769531
M_J_uniform_w64,delta_test,P4,61211,3,0,3,0,0,1.2037622531255086,0.012643661500448008,1.1906464099884033,1.2158738374710083
M_J_uniform_w64,delta_test,P4,61319,3,0,3,0,0,1.1718448400497437,0.022081535286125636,1.152143120765686,1.195712685585022
M_J_uniform_w64,delta_validation,P1,61103,3,0,3,0,0,1.2206591367721558,0.007393499473295529,1.2131177186965942,1.2278952598571777
M_J_uniform_w64,delta_validation,P1,61211,3,0,3,0,0,1.1974362134933472,0.009046406279124366,1.1918351650238037,1.207872748374939
M_J_uniform_w64,delta_validation,P1,61319,3,0,3,0,0,1.1799319585164387,0.031563120844679916,1.1455535888671875,1.2076009511947632
M_J_uniform_w64,delta_validation,P2,61103,3,0,3,0,0,1.2206591367721558,0.007393499473295529,1.2131177186965942,1.2278952598571777
M_J_uniform_w64,delta_validation,P2,61211,3,0,3,0,0,1.1974362134933472,0.009046406279124366,1.1918351650238037,1.207872748374939
M_J_uniform_w64,delta_validation,P2,61319,3,0,3,0,0,1.1799319585164387,0.031563120844679916,1.1455535888671875,1.2076009511947632
M_J_uniform_w64,delta_validation,P3,61103,3,0,3,0,0,1.2206591367721558,0.007393499473295529,1.2131177186965942,1.2278952598571777
M_J_uniform_w64,delta_validation,P3,61211,3,0,3,0,0,1.1974362134933472,0.009046406279124366,1.1918351650238037,1.207872748374939
M_J_uniform_w64,delta_validation,P3,61319,3,0,3,0,0,1.1799319585164387,0.031563120844679916,1.1455535888671875,1.2076009511947632
M_J_uniform_w64,delta_validation,P4,61103,3,0,3,0,0,1.2206591367721558,0.007393499473295529,1.2131177186965942,1.2278952598571777
M_J_uniform_w64,delta_validation,P4,61211,3,0,3,0,0,1.1974362134933472,0.009046406279124366,1.1918351650238037,1.207872748374939
M_J_uniform_w64,delta_validation,P4,61319,3,0,3,0,0,1.1799319585164387,0.031563120844679916,1.1455535888671875,1.2076009511947632
M_J_uniform_w64,p,P1,61103,3,3,0,0,0,,,,
M_J_uniform_w64,p,P1,61211,3,3,0,0,0,,,,
M_J_uniform_w64,p,P1,61319,3,3,0,0,0,,,,
M_J_uniform_w64,p,P2,61103,3,3,0,0,0,,,,
M_J_uniform_w64,p,P2,61211,3,3,0,0,0,,,,
M_J_uniform_w64,p,P2,61319,3,3,0,0,0,,,,
M_J_uniform_w64,p,P3,61103,3,3,0,0,0,,,,
M_J_uniform_w64,p,P3,61211,3,3,0,0,0,,,,
M_J_uniform_w64,p,P3,61319,3,3,0,0,0,,,,
M_J_uniform_w64,p,P4,61103,3,3,0,0,0,,,,
M_J_uniform_w64,p,P4,61211,3,3,0,0,0,,,,
M_J_uniform_w64,p,P4,61319,3,3,0,0,0,,,,
M_J_uniform_w64,test_nll,P1,61103,3,0,3,0,0,1.8762232065200806,0.011283772381251788,1.8673232793807983,1.8889143466949463
M_J_uniform_w64,test_nll,P1,61211,3,0,3,0,0,1.9022721846898396,0.008559523299672633,1.896370530128479,1.9120891094207764
M_J_uniform_w64,test_nll,P1,61319,3,0,3,0,0,1.8913162151972454,0.012316761765594073,1.8780885934829712,1.9024549722671509
M_J_uniform_w64,test_nll,P2,61103,3,0,3,0,0,1.8762232065200806,0.011283772381251788,1.8673232793807983,1.8889143466949463
M_J_uniform_w64,test_nll,P2,61211,3,0,3,0,0,1.9022721846898396,0.008559523299672633,1.896370530128479,1.9120891094207764
M_J_uniform_w64,test_nll,P2,61319,3,0,3,0,0,1.8913162151972454,0.012316761765594073,1.8780885934829712,1.9024549722671509
M_J_uniform_w64,test_nll,P3,61103,3,0,3,0,0,1.8762232065200806,0.011283772381251788,1.8673232793807983,1.8889143466949463
M_J_uniform_w64,test_nll,P3,61211,3,0,3,0,0,1.9022721846898396,0.008559523299672633,1.896370530128479,1.9120891094207764
M_J_uniform_w64,test_nll,P3,61319,3,0,3,0,0,1.8913162151972454,0.012316761765594073,1.8780885934829712,1.9024549722671509
M_J_uniform_w64,test_nll,P4,61103,3,0,3,0,0,1.8762232065200806,0.011283772381251788,1.8673232793807983,1.8889143466949463
M_J_uniform_w64,test_nll,P4,61211,3,0,3,0,0,1.9022721846898396,0.008559523299672633,1.896370530128479,1.9120891094207764
M_J_uniform_w64,test_nll,P4,61319,3,0,3,0,0,1.8913162151972454,0.012316761765594073,1.8780885934829712,1.9024549722671509
M_J_uniform_w64,validation_nll,P1,61103,3,0,3,0,0,1.8819641669591267,0.01151045747844922,1.8739347457885742,1.8951514959335327
M_J_uniform_w64,validation_nll,P1,61211,3,0,3,0,0,1.8964349031448364,0.009441359251572693,1.8897358179092407,1.9072329998016357
M_J_uniform_w64,validation_nll,P1,61319,3,0,3,0,0,1.8907926082611084,0.012126942935958927,1.8775707483291626,1.9013972282409668
M_J_uniform_w64,validation_nll,P2,61103,3,0,3,0,0,1.8819641669591267,0.01151045747844922,1.8739347457885742,1.8951514959335327
M_J_uniform_w64,validation_nll,P2,61211,3,0,3,0,0,1.8964349031448364,0.009441359251572693,1.8897358179092407,1.9072329998016357
M_J_uniform_w64,validation_nll,P2,61319,3,0,3,0,0,1.8907926082611084,0.012126942935958927,1.8775707483291626,1.9013972282409668
M_J_uniform_w64,validation_nll,P3,61103,3,0,3,0,0,1.8819641669591267,0.01151045747844922,1.8739347457885742,1.8951514959335327
M_J_uniform_w64,validation_nll,P3,61211,3,0,3,0,0,1.8964349031448364,0.009441359251572693,1.8897358179092407,1.9072329998016357
M_J_uniform_w64,validation_nll,P3,61319,3,0,3,0,0,1.8907926082611084,0.012126942935958927,1.8775707483291626,1.9013972282409668
M_J_uniform_w64,validation_nll,P4,61103,3,0,3,0,0,1.8819641669591267,0.01151045747844922,1.8739347457885742,1.8951514959335327
M_J_uniform_w64,validation_nll,P4,61211,3,0,3,0,0,1.8964349031448364,0.009441359251572693,1.8897358179092407,1.9072329998016357
M_J_uniform_w64,validation_nll,P4,61319,3,0,3,0,0,1.8907926082611084,0.012126942935958927,1.8775707483291626,1.9013972282409668
M_J_uniform_w64,train_nll,P1,61103,3,0,3,0,0,1.8377360105514526,0.011052963109308584,1.8298949003219604,1.8503775596618652
M_J_uniform_w64,train_nll,P1,61211,3,0,3,0,0,1.8597977956136067,0.01054266582189626,1.8487517833709717,1.8697521686553955
M_J_uniform_w64,train_nll,P1,61319,3,0,3,0,0,1.8597232500712078,0.012760200901209669,1.8468902111053467,1.8724093437194824
M_J_uniform_w64,train_nll,P2,61103,3,0,3,0,0,1.8377360105514526,0.011052963109308584,1.8298949003219604,1.8503775596618652
M_J_uniform_w64,train_nll,P2,61211,3,0,3,0,0,1.8597977956136067,0.01054266582189626,1.8487517833709717,1.8697521686553955
M_J_uniform_w64,train_nll,P2,61319,3,0,3,0,0,1.8597232500712078,0.012760200901209669,1.8468902111053467,1.8724093437194824
M_J_uniform_w64,train_nll,P3,61103,3,0,3,0,0,1.8377360105514526,0.011052963109308584,1.8298949003219604,1.8503775596618652
M_J_uniform_w64,train_nll,P3,61211,3,0,3,0,0,1.8597977956136067,0.01054266582189626,1.8487517833709717,1.8697521686553955
M_J_uniform_w64,train_nll,P3,61319,3,0,3,0,0,1.8597232500712078,0.012760200901209669,1.8468902111053467,1.8724093437194824
M_J_uniform_w64,train_nll,P4,61103,3,0,3,0,0,1.8377360105514526,0.011052963109308584,1.8298949003219604,1.8503775596618652
M_J_uniform_w64,train_nll,P4,61211,3,0,3,0,0,1.8597977956136067,0.01054266582189626,1.8487517833709717,1.8697521686553955
M_J_uniform_w64,train_nll,P4,61319,3,0,3,0,0,1.8597232500712078,0.012760200901209669,1.8468902111053467,1.8724093437194824
M_J_uniform_w64,objective,P1,61103,3,3,0,0,0,,,,
M_J_uniform_w64,objective,P1,61211,3,3,0,0,0,,,,
M_J_uniform_w64,objective,P1,61319,3,3,0,0,0,,,,
M_J_uniform_w64,objective,P2,61103,3,3,0,0,0,,,,
M_J_uniform_w64,objective,P2,61211,3,3,0,0,0,,,,
M_J_uniform_w64,objective,P2,61319,3,3,0,0,0,,,,
M_J_uniform_w64,objective,P3,61103,3,3,0,0,0,,,,
M_J_uniform_w64,objective,P3,61211,3,3,0,0,0,,,,
M_J_uniform_w64,objective,P3,61319,3,3,0,0,0,,,,
M_J_uniform_w64,objective,P4,61103,3,3,0,0,0,,,,
M_J_uniform_w64,objective,P4,61211,3,3,0,0,0,,,,
M_J_uniform_w64,objective,P4,61319,3,3,0,0,0,,,,
M_J_uniform_w64,cancellation_ratio,P1,61103,3,0,3,0,0,1.0,0.0,1.0,1.0
M_J_uniform_w64,cancellation_ratio,P1,61211,3,0,3,0,0,1.0,0.0,1.0,1.0
M_J_uniform_w64,cancellation_ratio,P1,61319,3,0,3,0,0,1.0,0.0,1.0,1.0
M_J_uniform_w64,cancellation_ratio,P2,61103,3,0,3,0,0,1.0,0.0,1.0,1.0
M_J_uniform_w64,cancellation_ratio,P2,61211,3,0,3,0,0,1.0,0.0,1.0,1.0
M_J_uniform_w64,cancellation_ratio,P2,61319,3,0,3,0,0,1.0,0.0,1.0,1.0
M_J_uniform_w64,cancellation_ratio,P3,61103,3,0,3,0,0,1.0,0.0,1.0,1.0
M_J_uniform_w64,cancellation_ratio,P3,61211,3,0,3,0,0,1.0,0.0,1.0,1.0
M_J_uniform_w64,cancellation_ratio,P3,61319,3,0,3,0,0,1.0,0.0,1.0,1.0
M_J_uniform_w64,cancellation_ratio,P4,61103,3,0,3,0,0,1.0,0.0,1.0,1.0
M_J_uniform_w64,cancellation_ratio,P4,61211,3,0,3,0,0,1.0,0.0,1.0,1.0
M_J_uniform_w64,cancellation_ratio,P4,61319,3,0,3,0,0,1.0,0.0,1.0,1.0
M_J_uniform_w128,delta_test,P1,61103,3,0,3,0,0,2.184924920399984,0.004348758557995002,2.1822807788848877,2.18994402885437
M_J_uniform_w128,delta_test,P1,61211,3,0,3,0,0,2.208043336868286,0.029343645259211102,2.1742228269577026,2.2267366647720337
M_J_uniform_w128,delta_test,P1,61319,3,0,3,0,0,2.1252899169921875,0.014677874521678264,2.1092755794525146,2.138102889060974
M_J_uniform_w128,delta_test,P2,61103,3,0,3,0,0,2.1794219414393106,0.00543231253894207,2.17583167552948,2.18567156791687
M_J_uniform_w128,delta_test,P2,61211,3,0,3,0,0,2.2037166357040405,0.030564793480717407,2.1685593128204346,2.223974585533142
M_J_uniform_w128,delta_test,P2,61319,3,0,3,0,0,2.122609337170919,0.015411660873571268,2.10541832447052,2.1351886987686157
M_J_uniform_w128,delta_test,P3,61103,3,0,3,0,0,2.184924920399984,0.004348758557995002,2.1822807788848877,2.18994402885437
M_J_uniform_w128,delta_test,P3,61211,3,0,3,0,0,2.208043336868286,0.029343645259211102,2.1742228269577026,2.2267366647720337
M_J_uniform_w128,delta_test,P3,61319,3,0,3,0,0,2.1252899169921875,0.014677874521678264,2.1092755794525146,2.138102889060974
M_J_uniform_w128,delta_test,P4,61103,3,0,3,0,0,2.184924920399984,0.004348758557995002,2.1822807788848877,2.18994402885437
M_J_uniform_w128,delta_test,P4,61211,3,0,3,0,0,2.208043336868286,0.029343645259211102,2.1742228269577026,2.2267366647720337
M_J_uniform_w128,delta_test,P4,61319,3,0,3,0,0,2.1252899169921875,0.014677874521678264,2.1092755794525146,2.138102889060974
M_J_uniform_w128,delta_validation,P1,61103,3,0,3,0,0,2.227344592412313,0.008276372363939435,2.2196083068847656,2.236071825027466
M_J_uniform_w128,delta_validation,P1,61211,3,0,3,0,0,2.2075666983922324,0.028436222280469554,2.1752736568450928,2.2288599014282227
M_J_uniform_w128,delta_validation,P1,61319,3,0,3,0,0,2.156232396761576,0.011650454232686996,2.142791748046875,2.1634474992752075
M_J_uniform_w128,delta_validation,P2,61103,3,0,3,0,0,2.2208851178487143,0.009323365279932041,2.2130188941955566,2.2311835289001465
M_J_uniform_w128,delta_validation,P2,61211,3,0,3,0,0,2.203185478846232,0.029169520661452213,2.1699845790863037,2.224698781967163
M_J_uniform_w128,delta_validation,P2,61319,3,0,3,0,0,2.15236230691274,0.012763830859762633,2.1376240253448486,2.159783124923706
M_J_uniform_w128,delta_validation,P3,61103,3,0,3,0,0,2.227344592412313,0.008276372363939435,2.2196083068847656,2.236071825027466
M_J_uniform_w128,delta_validation,P3,61211,3,0,3,0,0,2.2075666983922324,0.028436222280469554,2.1752736568450928,2.2288599014282227
M_J_uniform_w128,delta_validation,P3,61319,3,0,3,0,0,2.156232396761576,0.011650454232686996,2.142791748046875,2.1634474992752075
M_J_uniform_w128,delta_validation,P4,61103,3,0,3,0,0,2.227344592412313,0.008276372363939435,2.2196083068847656,2.236071825027466
M_J_uniform_w128,delta_validation,P4,61211,3,0,3,0,0,2.2075666983922324,0.028436222280469554,2.1752736568450928,2.2288599014282227
M_J_uniform_w128,delta_validation,P4,61319,3,0,3,0,0,2.156232396761576,0.011650454232686996,2.142791748046875,2.1634474992752075
M_J_uniform_w128,p,P1,61103,3,3,0,0,0,,,,
M_J_uniform_w128,p,P1,61211,3,3,0,0,0,,,,
M_J_uniform_w128,p,P1,61319,3,3,0,0,0,,,,
M_J_uniform_w128,p,P2,61103,3,3,0,0,0,,,,
M_J_uniform_w128,p,P2,61211,3,3,0,0,0,,,,
M_J_uniform_w128,p,P2,61319,3,3,0,0,0,,,,
M_J_uniform_w128,p,P3,61103,3,3,0,0,0,,,,
M_J_uniform_w128,p,P3,61211,3,3,0,0,0,,,,
M_J_uniform_w128,p,P3,61319,3,3,0,0,0,,,,
M_J_uniform_w128,p,P4,61103,3,3,0,0,0,,,,
M_J_uniform_w128,p,P4,61211,3,3,0,0,0,,,,
M_J_uniform_w128,p,P4,61319,3,3,0,0,0,,,,
M_J_uniform_w128,test_nll,P1,61103,3,0,3,0,0,1.7873001893361409,0.00908001774427248,1.7779531478881836,1.7960872650146484
M_J_uniform_w128,test_nll,P1,61211,3,0,3,0,0,1.8305222988128662,0.003009146146158824,1.8271100521087646,1.8327962160110474
M_J_uniform_w128,test_nll,P1,61319,3,0,3,0,0,1.8557117780049641,0.006904967523302583,1.8515684604644775,1.8636828660964966
M_J_uniform_w128,test_nll,P2,61103,3,0,3,0,0,1.792803168296814,0.009684524979645932,1.7834713459014893,1.8028055429458618
M_J_uniform_w128,test_nll,P2,61211,3,0,3,0,0,1.8348489999771118,0.0034175825806412284,1.8316645622253418,1.8384597301483154
M_J_uniform_w128,test_nll,P2,61319,3,0,3,0,0,1.858392357826233,0.005690478126008753,1.8547981977462769,1.8649531602859497
M_J_uniform_w128,test_nll,P3,61103,3,0,3,0,0,1.7873001893361409,0.00908001774427248,1.7779531478881836,1.7960872650146484
M_J_uniform_w128,test_nll,P3,61211,3,0,3,0,0,1.8305222988128662,0.003009146146158824,1.8271100521087646,1.8327962160110474
M_J_uniform_w128,test_nll,P3,61319,3,0,3,0,0,1.8557117780049641,0.006904967523302583,1.8515684604644775,1.8636828660964966
M_J_uniform_w128,test_nll,P4,61103,3,0,3,0,0,1.7873001893361409,0.00908001774427248,1.7779531478881836,1.7960872650146484
M_J_uniform_w128,test_nll,P4,61211,3,0,3,0,0,1.8305222988128662,0.003009146146158824,1.8271100521087646,1.8327962160110474
M_J_uniform_w128,test_nll,P4,61319,3,0,3,0,0,1.8557117780049641,0.006904967523302583,1.8515684604644775,1.8636828660964966
M_J_uniform_w128,validation_nll,P1,61103,3,0,3,0,0,1.7888109683990479,0.011414327307655842,1.7786006927490234,1.8011341094970703
M_J_uniform_w128,validation_nll,P1,61211,3,0,3,0,0,1.815043568611145,0.0036627840618757767,1.8108209371566772,1.8173623085021973
M_J_uniform_w128,validation_nll,P1,61319,3,0,3,0,0,1.8441560665766399,0.0012057642224461939,1.8429545164108276,1.8453660011291504
M_J_uniform_w128,validation_nll,P2,61103,3,0,3,0,0,1.7952704429626465,0.012341871404112935,1.7851901054382324,1.809034824371338
M_J_uniform_w128,validation_nll,P2,61211,3,0,3,0,0,1.8194247881571453,0.004321921732101033,1.814514398574829,1.8226513862609863
M_J_uniform_w128,validation_nll,P2,61319,3,0,3,0,0,1.848026156425476,0.0021721955454062597,1.8467222452163696,1.8505337238311768
M_J_uniform_w128,validation_nll,P3,61103,3,0,3,0,0,1.7888109683990479,0.011414327307655842,1.7786006927490234,1.8011341094970703
M_J_uniform_w128,validation_nll,P3,61211,3,0,3,0,0,1.815043568611145,0.0036627840618757767,1.8108209371566772,1.8173623085021973
M_J_uniform_w128,validation_nll,P3,61319,3,0,3,0,0,1.8441560665766399,0.0012057642224461939,1.8429545164108276,1.8453660011291504
M_J_uniform_w128,validation_nll,P4,61103,3,0,3,0,0,1.7888109683990479,0.011414327307655842,1.7786006927490234,1.8011341094970703
M_J_uniform_w128,validation_nll,P4,61211,3,0,3,0,0,1.815043568611145,0.0036627840618757767,1.8108209371566772,1.8173623085021973
M_J_uniform_w128,validation_nll,P4,61319,3,0,3,0,0,1.8441560665766399,0.0012057642224461939,1.8429545164108276,1.8453660011291504
M_J_uniform_w128,train_nll,P1,61103,3,0,3,0,0,1.6032866636912029,0.010233271294817594,1.5971732139587402,1.615100622177124
M_J_uniform_w128,train_nll,P1,61211,3,0,3,0,0,1.6426098744074504,0.007557999357380677,1.636857032775879,1.651169776916504
M_J_uniform_w128,train_nll,P1,61319,3,0,3,0,0,1.6728250583012898,0.008966671135125349,1.6634734869003296,1.681349515914917
M_J_uniform_w128,train_nll,P2,61103,3,0,3,0,0,1.6224865516026814,0.010080737200548936,1.6162207126617432,1.6341150999069214
M_J_uniform_w128,train_nll,P2,61211,3,0,3,0,0,1.6603821913401287,0.007052890774889174,1.6546672582626343,1.668264389038086
M_J_uniform_w128,train_nll,P2,61319,3,0,3,0,0,1.6894336938858032,0.00778917600271639,1.6815931797027588,1.6971704959869385
M_J_uniform_w128,train_nll,P3,61103,3,0,3,0,0,1.6032866636912029,0.010233271294817594,1.5971732139587402,1.615100622177124
M_J_uniform_w128,train_nll,P3,61211,3,0,3,0,0,1.6426098744074504,0.007557999357380677,1.636857032775879,1.651169776916504
M_J_uniform_w128,train_nll,P3,61319,3,0,3,0,0,1.6728250583012898,0.008966671135125349,1.6634734869003296,1.681349515914917
M_J_uniform_w128,train_nll,P4,61103,3,0,3,0,0,1.6032866636912029,0.010233271294817594,1.5971732139587402,1.615100622177124
M_J_uniform_w128,train_nll,P4,61211,3,0,3,0,0,1.6426098744074504,0.007557999357380677,1.636857032775879,1.651169776916504
M_J_uniform_w128,train_nll,P4,61319,3,0,3,0,0,1.6728250583012898,0.008966671135125349,1.6634734869003296,1.681349515914917
M_J_uniform_w128,objective,P1,61103,3,3,0,0,0,,,,
M_J_uniform_w128,objective,P1,61211,3,3,0,0,0,,,,
M_J_uniform_w128,objective,P1,61319,3,3,0,0,0,,,,
M_J_uniform_w128,objective,P2,61103,3,3,0,0,0,,,,
M_J_uniform_w128,objective,P2,61211,3,3,0,0,0,,,,
M_J_uniform_w128,objective,P2,61319,3,3,0,0,0,,,,
M_J_uniform_w128,objective,P3,61103,3,3,0,0,0,,,,
M_J_uniform_w128,objective,P3,61211,3,3,0,0,0,,,,
M_J_uniform_w128,objective,P3,61319,3,3,0,0,0,,,,
M_J_uniform_w128,objective,P4,61103,3,3,0,0,0,,,,
M_J_uniform_w128,objective,P4,61211,3,3,0,0,0,,,,
M_J_uniform_w128,objective,P4,61319,3,3,0,0,0,,,,
M_J_uniform_w128,cancellation_ratio,P1,61103,3,0,3,0,0,1.0,0.0,1.0,1.0
M_J_uniform_w128,cancellation_ratio,P1,61211,3,0,3,0,0,1.0,0.0,1.0,1.0
M_J_uniform_w128,cancellation_ratio,P1,61319,3,0,3,0,0,1.0,0.0,1.0,1.0
M_J_uniform_w128,cancellation_ratio,P2,61103,3,0,3,0,0,1.0,0.0,1.0,1.0
M_J_uniform_w128,cancellation_ratio,P2,61211,3,0,3,0,0,1.0,0.0,1.0,1.0
M_J_uniform_w128,cancellation_ratio,P2,61319,3,0,3,0,0,1.0,0.0,1.0,1.0
M_J_uniform_w128,cancellation_ratio,P3,61103,3,0,3,0,0,1.0,0.0,1.0,1.0
M_J_uniform_w128,cancellation_ratio,P3,61211,3,0,3,0,0,1.0,0.0,1.0,1.0
M_J_uniform_w128,cancellation_ratio,P3,61319,3,0,3,0,0,1.0,0.0,1.0,1.0
M_J_uniform_w128,cancellation_ratio,P4,61103,3,0,3,0,0,1.0,0.0,1.0,1.0
M_J_uniform_w128,cancellation_ratio,P4,61211,3,0,3,0,0,1.0,0.0,1.0,1.0
M_J_uniform_w128,cancellation_ratio,P4,61319,3,0,3,0,0,1.0,0.0,1.0,1.0
M_J_uniform_w256,delta_test,P1,61103,3,0,3,0,0,3.505714257558187,0.026667827434108202,3.4830856323242188,3.535115361213684
M_J_uniform_w256,delta_test,P1,61211,3,0,3,0,0,3.5254446268081665,0.004878670727885216,3.522301197052002,3.5310648679733276
M_J_uniform_w256,delta_test,P1,61319,3,0,3,0,0,3.446012536684672,0.025538678359290648,3.4186779260635376,3.4692630767822266
M_J_uniform_w256,delta_test,P2,61103,3,0,3,0,0,3.5029447078704834,0.02675587785765185,3.4805184602737427,3.53256094455719
M_J_uniform_w256,delta_test,P2,61211,3,0,3,0,0,3.523658355077108,0.005282970488139687,3.52027428150177,3.529745936393738
M_J_uniform_w256,delta_test,P2,61319,3,0,3,0,0,3.4448075691858926,0.02563367661867041,3.417414903640747,3.468215584754944
M_J_uniform_w256,delta_test,P3,61103,3,0,3,0,0,3.505714257558187,0.026667827434108202,3.4830856323242188,3.535115361213684
M_J_uniform_w256,delta_test,P3,61211,3,0,3,0,0,3.5254446268081665,0.004878670727885216,3.522301197052002,3.5310648679733276
M_J_uniform_w256,delta_test,P3,61319,3,0,3,0,0,3.446012536684672,0.025538678359290648,3.4186779260635376,3.4692630767822266
M_J_uniform_w256,delta_test,P4,61103,3,0,3,0,0,3.505714257558187,0.026667827434108202,3.4830856323242188,3.535115361213684
M_J_uniform_w256,delta_test,P4,61211,3,0,3,0,0,3.5254446268081665,0.004878670727885216,3.522301197052002,3.5310648679733276
M_J_uniform_w256,delta_test,P4,61319,3,0,3,0,0,3.446012536684672,0.025538678359290648,3.4186779260635376,3.4692630767822266
M_J_uniform_w256,delta_validation,P1,61103,3,0,3,0,0,3.549184203147888,0.020124342637640298,3.5335609912872314,3.5718929767608643
M_J_uniform_w256,delta_validation,P1,61211,3,0,3,0,0,3.519032677014669,0.009083396426056156,3.5115559101104736,3.529141426086426
M_J_uniform_w256,delta_validation,P1,61319,3,0,3,0,0,3.4676206509272256,0.024314091586913545,3.443556547164917,3.4921772480010986
M_J_uniform_w256,delta_validation,P2,61103,3,0,3,0,0,3.546334147453308,0.020622679960330362,3.5306586027145386,3.5696961879730225
M_J_uniform_w256,delta_validation,P2,61211,3,0,3,0,0,3.517188469568888,0.009843139333469864,3.5083608627319336,3.5278024673461914
M_J_uniform_w256,delta_validation,P2,61319,3,0,3,0,0,3.466388463973999,0.024480969680396196,3.4420981407165527,3.491055727005005
M_J_uniform_w256,delta_validation,P3,61103,3,0,3,0,0,3.549184203147888,0.020124342637640298,3.5335609912872314,3.5718929767608643
M_J_uniform_w256,delta_validation,P3,61211,3,0,3,0,0,3.519032677014669,0.009083396426056156,3.5115559101104736,3.529141426086426
M_J_uniform_w256,delta_validation,P3,61319,3,0,3,0,0,3.4676206509272256,0.024314091586913545,3.443556547164917,3.4921772480010986
M_J_uniform_w256,delta_validation,P4,61103,3,0,3,0,0,3.549184203147888,0.020124342637640298,3.5335609912872314,3.5718929767608643
M_J_uniform_w256,delta_validation,P4,61211,3,0,3,0,0,3.519032677014669,0.009083396426056156,3.5115559101104736,3.529141426086426
M_J_uniform_w256,delta_validation,P4,61319,3,0,3,0,0,3.4676206509272256,0.024314091586913545,3.443556547164917,3.4921772480010986
M_J_uniform_w256,p,P1,61103,3,3,0,0,0,,,,
M_J_uniform_w256,p,P1,61211,3,3,0,0,0,,,,
M_J_uniform_w256,p,P1,61319,3,3,0,0,0,,,,
M_J_uniform_w256,p,P2,61103,3,3,0,0,0,,,,
M_J_uniform_w256,p,P2,61211,3,3,0,0,0,,,,
M_J_uniform_w256,p,P2,61319,3,3,0,0,0,,,,
M_J_uniform_w256,p,P3,61103,3,3,0,0,0,,,,
M_J_uniform_w256,p,P3,61211,3,3,0,0,0,,,,
M_J_uniform_w256,p,P3,61319,3,3,0,0,0,,,,
M_J_uniform_w256,p,P4,61103,3,3,0,0,0,,,,
M_J_uniform_w256,p,P4,61211,3,3,0,0,0,,,,
M_J_uniform_w256,p,P4,61319,3,3,0,0,0,,,,
M_J_uniform_w256,test_nll,P1,61103,3,0,3,0,0,1.7608858744303386,0.011594677437234453,1.747507929801941,1.7680325508117676
M_J_uniform_w256,test_nll,P1,61211,3,0,3,0,0,1.8104159434636433,0.003723594623567856,1.8061180114746094,1.8126697540283203
M_J_uniform_w256,test_nll,P1,61319,3,0,3,0,0,1.8225785493850708,0.0027090698025397683,1.8195428848266602,1.824750304222107
M_J_uniform_w256,test_nll,P2,61103,3,0,3,0,0,1.763655424118042,0.011772877863436016,1.750062346458435,1.7705997228622437
M_J_uniform_w256,test_nll,P2,61211,3,0,3,0,0,1.8122022151947021,0.002938798453463893,1.8088115453720093,1.8140161037445068
M_J_uniform_w256,test_nll,P2,61319,3,0,3,0,0,1.82378351688385,0.0028369173435226873,1.8205903768539429,1.8260133266448975
M_J_uniform_w256,test_nll,P3,61103,3,0,3,0,0,1.7608858744303386,0.011594677437234453,1.747507929801941,1.7680325508117676
M_J_uniform_w256,test_nll,P3,61211,3,0,3,0,0,1.8104159434636433,0.003723594623567856,1.8061180114746094,1.8126697540283203
M_J_uniform_w256,test_nll,P3,61319,3,0,3,0,0,1.8225785493850708,0.0027090698025397683,1.8195428848266602,1.824750304222107
M_J_uniform_w256,test_nll,P4,61103,3,0,3,0,0,1.7608858744303386,0.011594677437234453,1.747507929801941,1.7680325508117676
M_J_uniform_w256,test_nll,P4,61211,3,0,3,0,0,1.8104159434636433,0.003723594623567856,1.8061180114746094,1.8126697540283203
M_J_uniform_w256,test_nll,P4,61319,3,0,3,0,0,1.8225785493850708,0.0027090698025397683,1.8195428848266602,1.824750304222107
M_J_uniform_w256,validation_nll,P1,61103,3,0,3,0,0,1.7676462729771931,0.014586424617280123,1.753605604171753,1.7827231884002686
M_J_uniform_w256,validation_nll,P1,61211,3,0,3,0,0,1.7979109684626262,0.005165432895584201,1.793529748916626,1.803606629371643
M_J_uniform_w256,validation_nll,P1,61319,3,0,3,0,0,1.8199406067530315,0.0019824044508892826,1.8176696300506592,1.8213249444961548
M_J_uniform_w256,validation_nll,P2,61103,3,0,3,0,0,1.7704963286717732,0.014916356758987613,1.7558023929595947,1.7856255769729614
M_J_uniform_w256,validation_nll,P2,61211,3,0,3,0,0,1.7997551759084065,0.004243680505429137,1.796724796295166,1.80460524559021
M_J_uniform_w256,validation_nll,P2,61319,3,0,3,0,0,1.821172793706258,0.0020640359803348026,1.818791151046753,1.822441577911377
M_J_uniform_w256,validation_nll,P3,61103,3,0,3,0,0,1.7676462729771931,0.014586424617280123,1.753605604171753,1.7827231884002686
M_J_uniform_w256,validation_nll,P3,61211,3,0,3,0,0,1.7979109684626262,0.005165432895584201,1.793529748916626,1.803606629371643
M_J_uniform_w256,validation_nll,P3,61319,3,0,3,0,0,1.8199406067530315,0.0019824044508892826,1.8176696300506592,1.8213249444961548
M_J_uniform_w256,validation_nll,P4,61103,3,0,3,0,0,1.7676462729771931,0.014586424617280123,1.753605604171753,1.7827231884002686
M_J_uniform_w256,validation_nll,P4,61211,3,0,3,0,0,1.7979109684626262,0.005165432895584201,1.793529748916626,1.803606629371643
M_J_uniform_w256,validation_nll,P4,61319,3,0,3,0,0,1.8199406067530315,0.0019824044508892826,1.8176696300506592,1.8213249444961548
M_J_uniform_w256,train_nll,P1,61103,3,0,3,0,0,1.588708519935608,0.0036327241809713893,1.584547519683838,1.591248631477356
M_J_uniform_w256,train_nll,P1,61211,3,0,3,0,0,1.6513542731602986,0.013404576453044431,1.6364394426345825,1.6623954772949219
M_J_uniform_w256,train_nll,P1,61319,3,0,3,0,0,1.6704212427139282,0.006151479799693168,1.6655622720718384,1.6773377656936646
M_J_uniform_w256,train_nll,P2,61103,3,0,3,0,0,1.5972012281417847,0.003526265917770005,1.593308925628662,1.6001827716827393
M_J_uniform_w256,train_nll,P2,61211,3,0,3,0,0,1.6580296357472737,0.013483956537963835,1.6430459022521973,1.6691865921020508
M_J_uniform_w256,train_nll,P2,61319,3,0,3,0,0,1.6777956088383992,0.006066906939299193,1.672879695892334,1.6845759153366089
M_J_uniform_w256,train_nll,P3,61103,3,0,3,0,0,1.588708519935608,0.0036327241809713893,1.584547519683838,1.591248631477356
M_J_uniform_w256,train_nll,P3,61211,3,0,3,0,0,1.6513542731602986,0.013404576453044431,1.6364394426345825,1.6623954772949219
M_J_uniform_w256,train_nll,P3,61319,3,0,3,0,0,1.6704212427139282,0.006151479799693168,1.6655622720718384,1.6773377656936646
M_J_uniform_w256,train_nll,P4,61103,3,0,3,0,0,1.588708519935608,0.0036327241809713893,1.584547519683838,1.591248631477356
M_J_uniform_w256,train_nll,P4,61211,3,0,3,0,0,1.6513542731602986,0.013404576453044431,1.6364394426345825,1.6623954772949219
M_J_uniform_w256,train_nll,P4,61319,3,0,3,0,0,1.6704212427139282,0.006151479799693168,1.6655622720718384,1.6773377656936646
M_J_uniform_w256,objective,P1,61103,3,3,0,0,0,,,,
M_J_uniform_w256,objective,P1,61211,3,3,0,0,0,,,,
M_J_uniform_w256,objective,P1,61319,3,3,0,0,0,,,,
M_J_uniform_w256,objective,P2,61103,3,3,0,0,0,,,,
M_J_uniform_w256,objective,P2,61211,3,3,0,0,0,,,,
M_J_uniform_w256,objective,P2,61319,3,3,0,0,0,,,,
M_J_uniform_w256,objective,P3,61103,3,3,0,0,0,,,,
M_J_uniform_w256,objective,P3,61211,3,3,0,0,0,,,,
M_J_uniform_w256,objective,P3,61319,3,3,0,0,0,,,,
M_J_uniform_w256,objective,P4,61103,3,3,0,0,0,,,,
M_J_uniform_w256,objective,P4,61211,3,3,0,0,0,,,,
M_J_uniform_w256,objective,P4,61319,3,3,0,0,0,,,,
M_J_uniform_w256,cancellation_ratio,P1,61103,3,0,3,0,0,1.0,0.0,1.0,1.0
M_J_uniform_w256,cancellation_ratio,P1,61211,3,0,3,0,0,1.0,0.0,1.0,1.0
M_J_uniform_w256,cancellation_ratio,P1,61319,3,0,3,0,0,1.0,0.0,1.0,1.0
M_J_uniform_w256,cancellation_ratio,P2,61103,3,0,3,0,0,1.0,0.0,1.0,1.0
M_J_uniform_w256,cancellation_ratio,P2,61211,3,0,3,0,0,1.0,0.0,1.0,1.0
M_J_uniform_w256,cancellation_ratio,P2,61319,3,0,3,0,0,1.0,0.0,1.0,1.0
M_J_uniform_w256,cancellation_ratio,P3,61103,3,0,3,0,0,1.0,0.0,1.0,1.0
M_J_uniform_w256,cancellation_ratio,P3,61211,3,0,3,0,0,1.0,0.0,1.0,1.0
M_J_uniform_w256,cancellation_ratio,P3,61319,3,0,3,0,0,1.0,0.0,1.0,1.0
M_J_uniform_w256,cancellation_ratio,P4,61103,3,0,3,0,0,1.0,0.0,1.0,1.0
M_J_uniform_w256,cancellation_ratio,P4,61211,3,0,3,0,0,1.0,0.0,1.0,1.0
M_J_uniform_w256,cancellation_ratio,P4,61319,3,0,3,0,0,1.0,0.0,1.0,1.0
U_J_random_w64,delta_test,P1,61103,3,0,3,0,0,0.039407809575398765,0.01290742424185048,0.02666783332824707,0.05247640609741211
U_J_random_w64,delta_test,P1,61211,3,0,3,0,0,0.014974157015482584,0.011196816101994229,0.002179861068725586,0.022983193397521973
U_J_random_w64,delta_test,P1,61319,3,0,3,0,0,0.019113659858703613,0.010406452889917622,0.008980989456176758,0.029773831367492676
U_J_random_w64,delta_test,P2,61103,3,0,3,0,0,0.039407809575398765,0.01290742424185048,0.02666783332824707,0.05247640609741211
U_J_random_w64,delta_test,P2,61211,3,0,3,0,0,0.014974157015482584,0.011196816101994229,0.002179861068725586,0.022983193397521973
U_J_random_w64,delta_test,P2,61319,3,0,3,0,0,0.019113659858703613,0.010406452889917622,0.008980989456176758,0.029773831367492676
U_J_random_w64,delta_test,P3,61103,3,0,3,0,0,0.039407809575398765,0.01290742424185048,0.02666783332824707,0.05247640609741211
U_J_random_w64,delta_test,P3,61211,3,0,3,0,0,0.014974157015482584,0.011196816101994229,0.002179861068725586,0.022983193397521973
U_J_random_w64,delta_test,P3,61319,3,0,3,0,0,0.019113659858703613,0.010406452889917622,0.008980989456176758,0.029773831367492676
U_J_random_w64,delta_test,P4,61103,3,0,3,0,0,0.03988337516784668,0.008679007315581634,0.030007362365722656,0.0462956428527832
U_J_random_w64,delta_test,P4,61211,3,0,3,0,0,0.027831315994262695,0.015555198167778414,0.011796832084655762,0.042858242988586426
U_J_random_w64,delta_test,P4,61319,3,0,3,0,0,0.03249677022298177,0.012066425706710798,0.02013552188873291,0.044245004653930664
U_J_random_w64,delta_validation,P1,61103,3,0,3,0,0,0.031844774881998696,0.00978094745465735,0.022521018981933594,0.042026400566101074
U_J_random_w64,delta_validation,P1,61211,3,0,3,0,0,0.017990787823994953,0.014083831774999027,0.00229489803314209,0.02952432632446289
U_J_random_w64,delta_validation,P1,61319,3,0,3,0,0,0.02389085292816162,0.01571060919789691,0.005860686302185059,0.03464031219482422
U_J_random_w64,delta_validation,P2,61103,3,0,3,0,0,0.031844774881998696,0.00978094745465735,0.022521018981933594,0.042026400566101074
U_J_random_w64,delta_validation,P2,61211,3,0,3,0,0,0.017990787823994953,0.014083831774999027,0.00229489803314209,0.02952432632446289
U_J_random_w64,delta_validation,P2,61319,3,0,3,0,0,0.02389085292816162,0.01571060919789691,0.005860686302185059,0.03464031219482422
U_J_random_w64,delta_validation,P3,61103,3,0,3,0,0,0.031844774881998696,0.00978094745465735,0.022521018981933594,0.042026400566101074
U_J_random_w64,delta_validation,P3,61211,3,0,3,0,0,0.017990787823994953,0.014083831774999027,0.00229489803314209,0.02952432632446289
U_J_random_w64,delta_validation,P3,61319,3,0,3,0,0,0.02389085292816162,0.01571060919789691,0.005860686302185059,0.03464031219482422
U_J_random_w64,delta_validation,P4,61103,3,0,3,0,0,0.03525801499684652,0.005565577526910425,0.030129551887512207,0.04117631912231445
U_J_random_w64,delta_validation,P4,61211,3,0,3,0,0,0.026981592178344727,0.01691020357578594,0.011274576187133789,0.04488110542297363
U_J_random_w64,delta_validation,P4,61319,3,0,3,0,0,0.032692790031433105,0.015285403248746568,0.015139937400817871,0.04307126998901367
U_J_random_w64,p,P1,61103,3,0,3,0,0,0.5061274126146734,0.11251931114808914,0.40217162910844173,0.6255996870077143
U_J_random_w64,p,P1,61211,3,0,3,0,0,0.6711151860437142,0.12970859504188,0.5442492960065697,0.8034908905555849
U_J_random_w64,p,P1,61319,3,0,3,0,0,0.6240194061351991,0.13627783604229857,0.495054531291098,0.7665895787575077
U_J_random_w64,p,P2,61103,3,0,3,0,0,0.5061274126146734,0.11251931114808914,0.40217162910844173,0.6255996870077143
U_J_random_w64,p,P2,61211,3,0,3,0,0,0.6711151860437142,0.12970859504188,0.5442492960065697,0.8034908905555849
U_J_random_w64,p,P2,61319,3,0,3,0,0,0.6240194061351991,0.13627783604229857,0.495054531291098,0.7665895787575077
U_J_random_w64,p,P3,61103,3,0,3,0,0,0.5061274126146734,0.11251931114808914,0.40217162910844173,0.6255996870077143
U_J_random_w64,p,P3,61211,3,0,3,0,0,0.6711151860437142,0.12970859504188,0.5442492960065697,0.8034908905555849
U_J_random_w64,p,P3,61319,3,0,3,0,0,0.6240194061351991,0.13627783604229857,0.495054531291098,0.7665895787575077
U_J_random_w64,p,P4,61103,3,0,3,0,0,0.29090013249377217,0.09842438842865663,0.20711030540637781,0.3992917293762156
U_J_random_w64,p,P4,61211,3,0,3,0,0,0.43088236288867166,0.2702040956276317,0.20579609826850825,0.7305414576483868
U_J_random_w64,p,P4,61319,3,0,3,0,0,0.34321510558091645,0.11821817838129797,0.25667765552361643,0.4779113428965013
U_J_random_w64,test_nll,P1,61103,3,0,3,0,0,1.9625447193781536,0.009884472049078843,1.9545438289642334,1.9735944271087646
U_J_random_w64,test_nll,P1,61211,3,0,3,0,0,1.9873358011245728,0.009856413794638558,1.978594183921814,1.9980182647705078
U_J_random_w64,test_nll,P1,61319,3,0,3,0,0,1.9812709093093872,0.008379150500871655,1.9753440618515015,1.9908573627471924
U_J_random_w64,test_nll,P2,61103,3,0,3,0,0,1.9625447193781536,0.009884472049078843,1.9545438289642334,1.9735944271087646
U_J_random_w64,test_nll,P2,61211,3,0,3,0,0,1.9873358011245728,0.009856413794638558,1.978594183921814,1.9980182647705078
U_J_random_w64,test_nll,P2,61319,3,0,3,0,0,1.9812709093093872,0.008379150500871655,1.9753440618515015,1.9908573627471924
U_J_random_w64,test_nll,P3,61103,3,0,3,0,0,1.9625447193781536,0.009884472049078843,1.9545438289642334,1.9735944271087646
U_J_random_w64,test_nll,P3,61211,3,0,3,0,0,1.9873358011245728,0.009856413794638558,1.978594183921814,1.9980182647705078
U_J_random_w64,test_nll,P3,61319,3,0,3,0,0,1.9812709093093872,0.008379150500871655,1.9753440618515015,1.9908573627471924
U_J_random_w64,test_nll,P4,61103,3,0,3,0,0,1.9620691537857056,0.007603158429141552,1.9552279710769653,1.970254898071289
U_J_random_w64,test_nll,P4,61211,3,0,3,0,0,1.9744786421457927,0.017528625570287275,1.9587191343307495,1.993357539176941
U_J_random_w64,test_nll,P4,61319,3,0,3,0,0,1.9678877989451091,0.010291868037840466,1.9608728885650635,1.9797028303146362
U_J_random_w64,validation_nll,P1,61103,3,0,3,0,0,1.9726471106211345,0.00644756877254075,1.9682687520980835,1.980051040649414
U_J_random_w64,validation_nll,P1,61211,3,0,3,0,0,1.9831902186075847,0.012549933979643772,1.9707891941070557,1.9958839416503906
U_J_random_w64,validation_nll,P1,61319,3,0,3,0,0,1.9778019189834595,0.016691340065125453,1.9617681503295898,1.9950810670852661
U_J_random_w64,validation_nll,P2,61103,3,0,3,0,0,1.9726471106211345,0.00644756877254075,1.9682687520980835,1.980051040649414
U_J_random_w64,validation_nll,P2,61211,3,0,3,0,0,1.9831902186075847,0.012549933979643772,1.9707891941070557,1.9958839416503906
U_J_random_w64,validation_nll,P2,61319,3,0,3,0,0,1.9778019189834595,0.016691340065125453,1.9617681503295898,1.9950810670852661
U_J_random_w64,validation_nll,P3,61103,3,0,3,0,0,1.9726471106211345,0.00644756877254075,1.9682687520980835,1.980051040649414
U_J_random_w64,validation_nll,P3,61211,3,0,3,0,0,1.9831902186075847,0.012549933979643772,1.9707891941070557,1.9958839416503906
U_J_random_w64,validation_nll,P3,61319,3,0,3,0,0,1.9778019189834595,0.016691340065125453,1.9617681503295898,1.9950810670852661
U_J_random_w64,validation_nll,P4,61103,3,0,3,0,0,1.9692338705062866,0.003974779117010997,1.964787483215332,1.9724425077438354
U_J_random_w64,validation_nll,P4,61211,3,0,3,0,0,1.9741994142532349,0.0191846525153539,1.955432415008545,1.9937760829925537
U_J_random_w64,validation_nll,P4,61319,3,0,3,0,0,1.968999981880188,0.01510601465832633,1.9565412998199463,1.9858018159866333
U_J_random_w64,train_nll,P1,61103,3,0,3,0,0,1.8963862260182698,0.004845551832653984,1.8925023078918457,1.9018161296844482
U_J_random_w64,train_nll,P1,61211,3,0,3,0,0,1.910455346107483,0.009102654695202998,1.9036401510238647,1.920792818069458
U_J_random_w64,train_nll,P1,61319,3,0,3,0,0,1.9139697551727295,0.008063999705011468,1.906219720840454,1.9223147630691528
U_J_random_w64,train_nll,P2,61103,3,0,3,0,0,1.8963862260182698,0.004845551832653984,1.8925023078918457,1.9018161296844482
U_J_random_w64,train_nll,P2,61211,3,0,3,0,0,1.910455346107483,0.009102654695202998,1.9036401510238647,1.920792818069458
U_J_random_w64,train_nll,P2,61319,3,0,3,0,0,1.9139697551727295,0.008063999705011468,1.906219720840454,1.9223147630691528
U_J_random_w64,train_nll,P3,61103,3,0,3,0,0,1.8963862260182698,0.004845551832653984,1.8925023078918457,1.9018161296844482
U_J_random_w64,train_nll,P3,61211,3,0,3,0,0,1.910455346107483,0.009102654695202998,1.9036401510238647,1.920792818069458
U_J_random_w64,train_nll,P3,61319,3,0,3,0,0,1.9139697551727295,0.008063999705011468,1.906219720840454,1.9223147630691528
U_J_random_w64,train_nll,P4,61103,3,0,3,0,0,1.9392565886179607,0.004375903232016975,1.934457778930664,1.943026065826416
U_J_random_w64,train_nll,P4,61211,3,0,3,0,0,1.9447863499323528,0.01240294825034231,1.9374630451202393,1.9591068029403687
U_J_random_w64,train_nll,P4,61319,3,0,3,0,0,1.9427028894424438,0.006528820014209049,1.9370290040969849,1.9498387575149536
U_J_random_w64,objective,P1,61103,3,0,3,0,0,0.0007464422178730597,0.0004894357655837936,0.0003079874823777662,0.0012744825586705904
U_J_random_w64,objective,P1,61211,3,0,3,0,0,0.0003868885318804106,0.0001556363805485316,0.00020772653720491422,0.000488652209472126
U_J_random_w64,objective,P1,61319,3,0,3,0,0,0.00038068715643937,0.0004787880352200724,0.00010112985884091459,0.000933532108257234
U_J_random_w64,objective,P2,61103,3,0,3,0,0,0.0007464422178730597,0.0004894357655837936,0.0003079874823777662,0.0012744825586705904
U_J_random_w64,objective,P2,61211,3,0,3,0,0,0.0003868885318804106,0.0001556363805485316,0.00020772653720491422,0.000488652209472126
U_J_random_w64,objective,P2,61319,3,0,3,0,0,0.00038068715643937,0.0004787880352200724,0.00010112985884091459,0.000933532108257234
U_J_random_w64,objective,P3,61103,3,0,3,0,0,0.0007464422178730597,0.0004894357655837936,0.0003079874823777662,0.0012744825586705904
U_J_random_w64,objective,P3,61211,3,0,3,0,0,0.0003868885318804106,0.0001556363805485316,0.00020772653720491422,0.000488652209472126
U_J_random_w64,objective,P3,61319,3,0,3,0,0,0.00038068715643937,0.0004787880352200724,0.00010112985884091459,0.000933532108257234
U_J_random_w64,objective,P4,61103,3,0,3,0,0,0.0010435182079612266,0.00034958540020460065,0.0007193996106077376,0.0014139528966757968
U_J_random_w64,objective,P4,61211,3,0,3,0,0,0.0007504228413943285,0.0003430273081482804,0.0004294171662571225,0.0011118840117902498
U_J_random_w64,objective,P4,61319,3,0,3,0,0,0.0010767457473149216,0.00038330632883994944,0.0007465484913522937,0.0014970914533300938
U_J_random_w64,cancellation_ratio,P1,61103,3,0,3,0,0,0.7280758616581451,0.07124439745738441,0.6653861373233276,0.8055538249155977
U_J_random_w64,cancellation_ratio,P1,61211,3,0,3,0,0,0.6850529616939757,0.07092892009145511,0.6031978444911094,0.7283714502648535
U_J_random_w64,cancellation_ratio,P1,61319,3,0,3,0,0,0.693002488934341,0.054735886833171515,0.6331346293760663,0.740483408522183
U_J_random_w64,cancellation_ratio,P2,61103,3,0,3,0,0,0.7280758616581451,0.07124439745738441,0.6653861373233276,0.8055538249155977
U_J_random_w64,cancellation_ratio,P2,61211,3,0,3,0,0,0.6850529616939757,0.07092892009145511,0.6031978444911094,0.7283714502648535
U_J_random_w64,cancellation_ratio,P2,61319,3,0,3,0,0,0.693002488934341,0.054735886833171515,0.6331346293760663,0.740483408522183
U_J_random_w64,cancellation_ratio,P3,61103,3,0,3,0,0,0.7280758616581451,0.07124439745738441,0.6653861373233276,0.8055538249155977
U_J_random_w64,cancellation_ratio,P3,61211,3,0,3,0,0,0.6850529616939757,0.07092892009145511,0.6031978444911094,0.7283714502648535
U_J_random_w64,cancellation_ratio,P3,61319,3,0,3,0,0,0.693002488934341,0.054735886833171515,0.6331346293760663,0.740483408522183
U_J_random_w64,cancellation_ratio,P4,61103,3,0,3,0,0,0.7952421352642725,0.10831096084077353,0.6841683847910794,0.900560841575225
U_J_random_w64,cancellation_ratio,P4,61211,3,0,3,0,0,0.7512824581041433,0.15202365556865616,0.5920219112641019,0.8948521600297085
U_J_random_w64,cancellation_ratio,P4,61319,3,0,3,0,0,0.7805618039972803,0.12403642107914631,0.6385838973349169,0.8678829117776833
U_J_random_w128,delta_test,P1,61103,3,0,1,2,0,-0.03888428211212158,0.04599800357272031,-0.08831512928009033,0.002661466598510742
U_J_random_w128,delta_test,P1,61211,3,0,0,3,0,-0.04359368483225504,0.02188941110515249,-0.06519734859466553,-0.02142930030822754
U_J_random_w128,delta_test,P1,61319,3,0,0,3,0,-0.055744051933288574,0.023781110132262046,-0.08185911178588867,-0.03533506393432617
U_J_random_w128,delta_test,P2,61103,3,0,2,1,0,0.003137350082397461,0.003999692572150944,-0.0014594793319702148,0.005822300910949707
U_J_random_w128,delta_test,P2,61211,3,0,1,2,0,-0.007361610730489095,0.007704397903339083,-0.013244986534118652,0.001359105110168457
U_J_random_w128,delta_test,P2,61319,3,0,2,1,0,-0.004292845726013184,0.01650212411072457,-0.02306222915649414,0.007938385009765625
U_J_random_w128,delta_test,P3,61103,3,0,1,2,0,-0.03888428211212158,0.04599800357272031,-0.08831512928009033,0.002661466598510742
U_J_random_w128,delta_test,P3,61211,3,0,0,3,0,-0.04359368483225504,0.02188941110515249,-0.06519734859466553,-0.02142930030822754
U_J_random_w128,delta_test,P3,61319,3,0,0,3,0,-0.055744051933288574,0.023781110132262046,-0.08185911178588867,-0.03533506393432617
U_J_random_w128,delta_test,P4,61103,3,0,2,1,0,0.0021134217580159507,0.011024270604606715,-0.010423660278320312,0.010292649269104004
U_J_random_w128,delta_test,P4,61211,3,0,0,3,0,-0.01000519593556722,0.005549448108485092,-0.01617896556854248,-0.005431771278381348
U_J_random_w128,delta_test,P4,61319,3,0,1,2,0,-0.007762034734090169,0.01514116477428971,-0.02269291877746582,0.007580995559692383
U_J_random_w128,delta_validation,P1,61103,3,0,0,3,0,-0.047476728757222496,0.04908863428345707,-0.10128128528594971,-0.005131125450134277
U_J_random_w128,delta_validation,P1,61211,3,0,0,3,0,-0.044205824534098305,0.028480979461551245,-0.07200431823730469,-0.015088200569152832
U_J_random_w128,delta_validation,P1,61319,3,0,0,3,0,-0.055681069691975914,0.02736232842238001,-0.08165645599365234,-0.027115941047668457
U_J_random_w128,delta_validation,P2,61103,3,0,0,3,0,-0.004085818926493327,0.005617713496023363,-0.010547757148742676,-0.0003637075424194336
U_J_random_w128,delta_validation,P2,61211,3,0,1,2,0,-0.00713185469309489,0.009005833395908883,-0.014045953750610352,0.0030521154403686523
U_J_random_w128,delta_validation,P2,61319,3,0,2,1,0,-0.0039395491282145185,0.018817391664938475,-0.024942755699157715,0.01138317584991455
U_J_random_w128,delta_validation,P3,61103,3,0,0,3,0,-0.047476728757222496,0.04908863428345707,-0.10128128528594971,-0.005131125450134277
U_J_random_w128,delta_validation,P3,61211,3,0,0,3,0,-0.044205824534098305,0.028480979461551245,-0.07200431823730469,-0.015088200569152832
U_J_random_w128,delta_validation,P3,61319,3,0,0,3,0,-0.055681069691975914,0.02736232842238001,-0.08165645599365234,-0.027115941047668457
U_J_random_w128,delta_validation,P4,61103,3,0,1,2,0,-0.00488738218943278,0.011843191571185149,-0.018096566200256348,0.004783034324645996
U_J_random_w128,delta_validation,P4,61211,3,0,0,3,0,-0.0070158640543619795,0.008113197704154456,-0.01614093780517578,-0.0006165504455566406
U_J_random_w128,delta_validation,P4,61319,3,0,1,2,0,-0.005735715230305989,0.01862970477201942,-0.023638367652893066,0.013544559478759766
U_J_random_w128,p,P1,61103,3,0,3,0,0,1.7855845978351956,0.9002756654721783,0.9085592802245845,2.7074358729788592
U_J_random_w128,p,P1,61211,3,0,3,0,0,2.558667036702848,1.1591247773650544,1.3065848403575862,3.594327323510491
U_J_random_w128,p,P1,61319,3,0,3,0,0,2.761833731297256,0.7602016879293317,1.9249534098089058,3.409686406869572
U_J_random_w128,p,P2,61103,3,0,3,0,0,0.7736101135661272,0.17658506662915616,0.5751587268049192,0.9133952827303087
U_J_random_w128,p,P2,61211,3,0,3,0,0,2.337915700475551,1.4747203374534217,0.6906615525498194,3.5353280106434304
U_J_random_w128,p,P2,61319,3,1,2,0,0,,,,
U_J_random_w128,p,P3,61103,3,0,3,0,0,1.7855845978351956,0.9002756654721783,0.9085592802245845,2.7074358729788592
U_J_random_w128,p,P3,61211,3,0,3,0,0,2.558667036702848,1.1591247773650544,1.3065848403575862,3.594327323510491
U_J_random_w128,p,P3,61319,3,0,3,0,0,2.761833731297256,0.7602016879293317,1.9249534098089058,3.409686406869572
U_J_random_w128,p,P4,61103,3,0,3,0,0,0.8436291532323356,0.2545644930487649,0.5953707957286525,1.104062851602401
U_J_random_w128,p,P4,61211,3,0,3,0,0,1.979173127937158,1.0763842095842968,1.1061587935368964,3.1818313543881147
U_J_random_w128,p,P4,61319,3,0,3,0,0,2.7334246488408294,2.702175908252227,0.6352676655039524,5.782517538981132
U_J_random_w128,test_nll,P1,61103,3,0,3,0,0,1.9131595293680828,0.04568082768948347,1.8713335990905762,1.961905598640442
U_J_random_w128,test_nll,P1,61211,3,0,3,0,0,1.9191770156224568,0.02164697436637465,1.8969959020614624,1.9402470588684082
U_J_random_w128,test_nll,P1,61319,3,0,3,0,0,1.929888645807902,0.023435094892581644,1.9093865156173706,1.9554351568222046
U_J_random_w128,test_nll,P2,61103,3,0,3,0,0,1.8711378971735637,0.003535025674161111,1.8681727647781372,1.8750499486923218
U_J_random_w128,test_nll,P2,61211,3,0,3,0,0,1.882944941520691,0.007843560689795095,1.8742074966430664,1.8893786668777466
U_J_random_w128,test_nll,P2,61319,3,0,3,0,0,1.8784374396006267,0.017028828929422195,1.8661130666732788,1.8978685140609741
U_J_random_w128,test_nll,P3,61103,3,0,3,0,0,1.9131595293680828,0.04568082768948347,1.8713335990905762,1.961905598640442
U_J_random_w128,test_nll,P3,61211,3,0,3,0,0,1.9191770156224568,0.02164697436637465,1.8969959020614624,1.9402470588684082
U_J_random_w128,test_nll,P3,61319,3,0,3,0,0,1.929888645807902,0.023435094892581644,1.9093865156173706,1.9554351568222046
U_J_random_w128,test_nll,P4,61103,3,0,3,0,0,1.872161825497945,0.010344905889210186,1.8649475574493408,1.8840141296386719
U_J_random_w128,test_nll,P4,61211,3,0,3,0,0,1.885588526725769,0.005951348523275351,1.8809983730316162,1.8923126459121704
U_J_random_w128,test_nll,P4,61319,3,0,3,0,0,1.8819066286087036,0.015514965036726914,1.866470456123352,1.8974992036819458
U_J_random_w128,validation_nll,P1,61103,3,0,3,0,0,1.9228456417719524,0.0485864958539957,1.8806676864624023,1.975972294807434
U_J_random_w128,validation_nll,P1,61211,3,0,3,0,0,1.9194471041361492,0.02852509735480196,1.8901034593582153,1.9470763206481934
U_J_random_w128,validation_nll,P1,61319,3,0,3,0,0,1.9297709067662556,0.027306369771236273,1.9008976221084595,1.9551796913146973
U_J_random_w128,validation_nll,P2,61103,3,0,3,0,0,1.8794547319412231,0.0050193216664296825,1.8762428760528564,1.885238766670227
U_J_random_w128,validation_nll,P2,61211,3,0,3,0,0,1.8823731342951457,0.009257669235522256,1.8719631433486938,1.8896825313568115
U_J_random_w128,validation_nll,P2,61319,3,0,3,0,0,1.8780293862024944,0.019519167688029426,1.8623985052108765,1.8999073505401611
U_J_random_w128,validation_nll,P3,61103,3,0,3,0,0,1.9228456417719524,0.0485864958539957,1.8806676864624023,1.975972294807434
U_J_random_w128,validation_nll,P3,61211,3,0,3,0,0,1.9194471041361492,0.02852509735480196,1.8901034593582153,1.9470763206481934
U_J_random_w128,validation_nll,P3,61319,3,0,3,0,0,1.9297709067662556,0.027306369771236273,1.9008976221084595,1.9551796913146973
U_J_random_w128,validation_nll,P4,61103,3,0,3,0,0,1.8802562952041626,0.011231784986605155,1.871096134185791,1.8927875757217407
U_J_random_w128,validation_nll,P4,61211,3,0,3,0,0,1.8822571436564128,0.008453217603781852,1.8756318092346191,1.891777515411377
U_J_random_w128,validation_nll,P4,61319,3,0,3,0,0,1.8798255523045857,0.019195774351342156,1.8602371215820312,1.8986029624938965
U_J_random_w128,train_nll,P1,61103,3,0,3,0,0,1.8021316925684612,0.01770815758384324,1.7816892862319946,1.8127527236938477
U_J_random_w128,train_nll,P1,61211,3,0,3,0,0,1.8203784227371216,0.01603359557562858,1.801864504814148,1.829683542251587
U_J_random_w128,train_nll,P1,61319,3,0,3,0,0,1.830093542734782,0.009236869119276942,1.8194897174835205,1.8363898992538452
U_J_random_w128,train_nll,P2,61103,3,0,3,0,0,1.8522704442342122,0.003913790742389762,1.8499363660812378,1.8567888736724854
U_J_random_w128,train_nll,P2,61211,3,0,3,0,0,1.86147145430247,0.002919812714826119,1.8588460683822632,1.8646160364151
U_J_random_w128,train_nll,P2,61319,3,0,3,0,0,1.8636194467544556,0.01013369899974571,1.8567492961883545,1.8752577304840088
U_J_random_w128,train_nll,P3,61103,3,0,3,0,0,1.8021316925684612,0.01770815758384324,1.7816892862319946,1.8127527236938477
U_J_random_w128,train_nll,P3,61211,3,0,3,0,0,1.8203784227371216,0.01603359557562858,1.801864504814148,1.829683542251587
U_J_random_w128,train_nll,P3,61319,3,0,3,0,0,1.830093542734782,0.009236869119276942,1.8194897174835205,1.8363898992538452
U_J_random_w128,train_nll,P4,61103,3,0,3,0,0,1.8423853317896526,0.0018109375461409895,1.8409470319747925,1.844419002532959
U_J_random_w128,train_nll,P4,61211,3,0,3,0,0,1.854633887608846,0.0053426369791616775,1.8495173454284668,1.8601770401000977
U_J_random_w128,train_nll,P4,61319,3,0,3,0,0,1.8560176293055217,0.009210786278281227,1.8472564220428467,1.8656202554702759
U_J_random_w128,objective,P1,61103,3,0,3,0,0,0.03919778623787475,0.04638149322664892,0.0009232109680324351,0.09077787862005167
U_J_random_w128,objective,P1,61211,3,0,3,0,0,0.1577065634909115,0.1606182261450646,0.00845106110711752,0.3276774362286655
U_J_random_w128,objective,P1,61319,3,0,3,0,0,0.13363144780065736,0.11125559629188404,0.027112911169090457,0.24908523936137644
U_J_random_w128,objective,P2,61103,3,0,3,0,0,0.001772362185709799,0.001538216461317958,0.0004356006738126686,0.0034536157752867594
U_J_random_w128,objective,P2,61211,3,0,3,0,0,0.09498892204352216,0.09557659375497034,0.000997493766337915,0.19207549195054605
U_J_random_w128,objective,P2,61319,3,1,2,0,0,,,,
U_J_random_w128,objective,P3,61103,3,0,3,0,0,0.03919778623787475,0.04638149322664892,0.0009232109680324351,0.09077787862005167
U_J_random_w128,objective,P3,61211,3,0,3,0,0,0.1577065634909115,0.1606182261450646,0.00845106110711752,0.3276774362286655
U_J_random_w128,objective,P3,61319,3,0,3,0,0,0.13363144780065736,0.11125559629188404,0.027112911169090457,0.24908523936137644
U_J_random_w128,objective,P4,61103,3,0,3,0,0,0.0023185346300577995,0.001939409254308597,0.0008633311095826568,0.004520278612469131
U_J_random_w128,objective,P4,61211,3,0,3,0,0,0.06770942273597805,0.10198212542080667,0.001501861208070573,0.18515046100064378
U_J_random_w128,objective,P4,61319,3,0,3,0,0,0.32000062184005906,0.53781181037212,0.0010171780993276452,0.9409343393504129
U_J_random_w128,cancellation_ratio,P1,61103,3,0,3,0,0,0.41634374009225456,0.13106028481141008,0.31122728081445084,0.5631871528010391
U_J_random_w128,cancellation_ratio,P1,61211,3,0,3,0,0,0.3413741410862654,0.13461623930207223,0.23954252805856152,0.4939967508384689
U_J_random_w128,cancellation_ratio,P1,61319,3,0,3,0,0,0.30001008563743636,0.07959297228449129,0.2395772495925067,0.3901927064974562
U_J_random_w128,cancellation_ratio,P2,61103,3,0,3,0,0,0.42361996463361945,0.03919927378583105,0.39169925380072523,0.46737212154400726
U_J_random_w128,cancellation_ratio,P2,61211,3,0,3,0,0,0.280158873345509,0.13434958793610166,0.1800097515207958,0.43283668385018786
U_J_random_w128,cancellation_ratio,P2,61319,3,0,3,0,0,0.2631564239336539,0.23942403453906047,0.0004262112280642961,0.4690433043777702
U_J_random_w128,cancellation_ratio,P3,61103,3,0,3,0,0,0.41634374009225456,0.13106028481141008,0.31122728081445084,0.5631871528010391
U_J_random_w128,cancellation_ratio,P3,61211,3,0,3,0,0,0.3413741410862654,0.13461623930207223,0.23954252805856152,0.4939967508384689
U_J_random_w128,cancellation_ratio,P3,61319,3,0,3,0,0,0.30001008563743636,0.07959297228449129,0.2395772495925067,0.3901927064974562
U_J_random_w128,cancellation_ratio,P4,61103,3,0,3,0,0,0.44482930418277983,0.05737485228544639,0.39273863600022046,0.5063259484190692
U_J_random_w128,cancellation_ratio,P4,61211,3,0,3,0,0,0.30769224568447134,0.08422651350295676,0.21148004078421906,0.36810746256406224
U_J_random_w128,cancellation_ratio,P4,61319,3,0,3,0,0,0.2987630700314209,0.18998978406808323,0.12637480643001373,0.5024639377224798
U_J_random_w256,delta_test,P1,61103,3,0,0,0,3,0.0,0.0,0.0,0.0
U_J_random_w256,delta_test,P1,61211,3,0,0,0,3,0.0,0.0,0.0,0.0
U_J_random_w256,delta_test,P1,61319,3,0,0,0,3,0.0,0.0,0.0,0.0
U_J_random_w256,delta_test,P2,61103,3,0,0,3,0,-0.01032865047454834,0.01098569462888137,-0.022925496101379395,-0.0027359724044799805
U_J_random_w256,delta_test,P2,61211,3,0,0,3,0,-0.01572724183400472,0.01161722410933915,-0.02745974063873291,-0.004228830337524414
U_J_random_w256,delta_test,P2,61319,3,0,0,3,0,-0.0057904720306396484,0.0050085419814461215,-0.011568784713745117,-0.002691984176635742
U_J_random_w256,delta_test,P3,61103,3,0,0,3,0,-0.007592678070068359,0.004278976130973516,-0.011045694351196289,-0.0028055906295776367
U_J_random_w256,delta_test,P3,61211,3,0,0,3,0,-0.033132354418436684,0.019171076102189967,-0.044213294982910156,-0.01099550724029541
U_J_random_w256,delta_test,P3,61319,3,0,0,3,0,-0.024291276931762695,0.006028184987534449,-0.028467535972595215,-0.017380475997924805
U_J_random_w256,delta_test,P4,61103,3,0,1,2,0,-0.011221528053283691,0.011486156468570366,-0.021079540252685547,0.0013916492462158203
U_J_random_w256,delta_test,P4,61211,3,0,0,3,0,-0.03402280807495117,0.012006073759258266,-0.042067646980285645,-0.02022254467010498
U_J_random_w256,delta_test,P4,61319,3,0,0,3,0,-0.03134417533874512,0.016946802351602102,-0.05090618133544922,-0.02112722396850586
U_J_random_w256,delta_validation,P1,61103,3,0,0,0,3,0.0,0.0,0.0,0.0
U_J_random_w256,delta_validation,P1,61211,3,0,0,0,3,0.0,0.0,0.0,0.0
U_J_random_w256,delta_validation,P1,61319,3,0,0,0,3,0.0,0.0,0.0,0.0
U_J_random_w256,delta_validation,P2,61103,3,0,0,3,0,-0.01219642162322998,0.010413619872598217,-0.023642897605895996,-0.0032830238342285156
U_J_random_w256,delta_validation,P2,61211,3,0,0,3,0,-0.015102982521057129,0.01350278718965476,-0.02784109115600586,-0.0009473562240600586
U_J_random_w256,delta_validation,P2,61319,3,0,1,2,0,-0.004815896352132161,0.008250404849342946,-0.013255000114440918,0.0032318830490112305
U_J_random_w256,delta_validation,P3,61103,3,0,0,3,0,-0.012950738271077475,0.003153289034650965,-0.015592575073242188,-0.009459853172302246
U_J_random_w256,delta_validation,P3,61211,3,0,0,3,0,-0.0296097199122111,0.019586076197478437,-0.04347789287567139,-0.0072040557861328125
U_J_random_w256,delta_validation,P3,61319,3,0,0,3,0,-0.023397088050842285,0.016192156830268714,-0.033592820167541504,-0.004726409912109375
U_J_random_w256,delta_validation,P4,61103,3,0,1,2,0,-0.01652208964029948,0.017983506141133712,-0.03128349781036377,0.0035070180892944336
U_J_random_w256,delta_validation,P4,61211,3,0,0,3,0,-0.028593778610229492,0.008818978449807936,-0.03739488124847412,-0.01975703239440918
U_J_random_w256,delta_validation,P4,61319,3,0,0,3,0,-0.030623555183410645,0.006433624304466763,-0.035880088806152344,-0.023449063301086426
U_J_random_w256,p,P1,61103,3,3,0,0,0,,,,
U_J_random_w256,p,P1,61211,3,3,0,0,0,,,,
U_J_random_w256,p,P1,61319,3,3,0,0,0,,,,
U_J_random_w256,p,P2,61103,3,0,3,0,0,2.37496791342087,2.322801775395156,0.8138250760348038,5.0443307098837
U_J_random_w256,p,P2,61211,3,0,3,0,0,3.9612817005063854,3.5467484935631366,1.3537127670990774,8.0
U_J_random_w256,p,P2,61319,3,0,3,0,0,2.060768799958324,0.6969921800896625,1.2562592619670232,2.4822953505765564
U_J_random_w256,p,P3,61103,3,0,3,0,0,1.3338736671193643,0.17123053685827683,1.232837981794416,1.5315775806953669
U_J_random_w256,p,P3,61211,3,0,3,0,0,4.139646173902843,2.267805980669012,1.7395758627346045,6.246704395370479
U_J_random_w256,p,P3,61319,3,0,3,0,0,4.566894948809705,3.1220396653320575,1.8977281505283532,8.0
U_J_random_w256,p,P4,61103,3,0,3,0,0,1.4060383702259722,0.5677820664165654,0.868308553036623,1.9997285514263923
U_J_random_w256,p,P4,61211,3,0,3,0,0,3.263971216785956,1.5748854470136953,1.6305518659178357,4.772938134415938
U_J_random_w256,p,P4,61319,3,0,3,0,0,4.6987926697450675,2.5900805071233215,3.131959557184498,7.688403354251157
U_J_random_w256,test_nll,P1,61103,3,0,3,0,0,1.8527716398239136,0.000382555426159726,1.85233473777771,1.8530465364456177
U_J_random_w256,test_nll,P1,61211,3,0,3,0,0,1.8538413842519124,0.00010087679511298987,1.853733777999878,1.8539338111877441
U_J_random_w256,test_nll,P1,61319,3,0,3,0,0,1.8524913787841797,0.0001358502703645439,1.8523895740509033,1.8526456356048584
U_J_random_w256,test_nll,P2,61103,3,0,3,0,0,1.863100290298462,0.011191556703664016,1.855669617652893,1.875972032546997
U_J_random_w256,test_nll,P2,61211,3,0,3,0,0,1.8695686260859172,0.01167749238648766,1.8579626083374023,1.8813163042068481
U_J_random_w256,test_nll,P2,61319,3,0,3,0,0,1.8582818508148193,0.00492593436740641,1.855130910873413,1.8639583587646484
U_J_random_w256,test_nll,P3,61103,3,0,3,0,0,1.860364317893982,0.004137218892861885,1.8558521270751953,1.8639793395996094
U_J_random_w256,test_nll,P3,61211,3,0,3,0,0,1.8869737386703491,0.01926432964536677,1.8647292852401733,1.8981471061706543
U_J_random_w256,test_nll,P3,61319,3,0,3,0,0,1.8767826557159424,0.006059423592651241,1.8698194026947021,1.8808571100234985
U_J_random_w256,test_nll,P4,61103,3,0,3,0,0,1.8639931678771973,0.011469129562104705,1.8515419960021973,1.8741260766983032
U_J_random_w256,test_nll,P4,61211,3,0,3,0,0,1.8878641923268635,0.012095249037000929,1.873956322669983,1.8959242105484009
U_J_random_w256,test_nll,P4,61319,3,0,3,0,0,1.8838355541229248,0.01689857489702071,1.8737728595733643,1.9033451080322266
U_J_random_w256,validation_nll,P1,61103,3,0,3,0,0,1.8535690307617188,0.0005595177757371924,1.8529577255249023,1.8540557622909546
U_J_random_w256,validation_nll,P1,61211,3,0,3,0,0,1.8532926241556804,0.00020940394649100798,1.8531252145767212,1.8535274267196655
U_J_random_w256,validation_nll,P1,61319,3,0,3,0,0,1.8530584176381428,0.0005601153391426077,1.8524370193481445,1.8535244464874268
U_J_random_w256,validation_nll,P2,61103,3,0,3,0,0,1.8657654523849487,0.010712889839211407,1.8569766283035278,1.8776986598968506
U_J_random_w256,validation_nll,P2,61211,3,0,3,0,0,1.8683956066767375,0.013473064135199872,1.8541725873947144,1.880966305732727
U_J_random_w256,validation_nll,P2,61319,3,0,3,0,0,1.8578743139902751,0.008632067893576262,1.8492051362991333,1.8664687871932983
U_J_random_w256,validation_nll,P3,61103,3,0,3,0,0,1.8665197690327961,0.0026548010202552988,1.8635156154632568,1.8685503005981445
U_J_random_w256,validation_nll,P3,61211,3,0,3,0,0,1.8829023440678914,0.01967219459495798,1.860429286956787,1.897005319595337
U_J_random_w256,validation_nll,P3,61319,3,0,3,0,0,1.8764555056889851,0.016738275072633983,1.857163429260254,1.8871172666549683
U_J_random_w256,validation_nll,P4,61103,3,0,3,0,0,1.8700911204020183,0.01803300095673839,1.8501865863800049,1.8853392601013184
U_J_random_w256,validation_nll,P4,61211,3,0,3,0,0,1.88188640276591,0.008970748018165855,1.8729822635650635,1.8909223079681396
U_J_random_w256,validation_nll,P4,61319,3,0,3,0,0,1.8836819728215535,0.005949228671489008,1.8769735097885132,1.8883171081542969
U_J_random_w256,train_nll,P1,61103,3,0,3,0,0,1.8531458377838135,0.00038363403411240435,1.8527041673660278,1.8533961772918701
U_J_random_w256,train_nll,P1,61211,3,0,3,0,0,1.8532065153121948,6.397452906300203e-05,1.8531336784362793,1.8532536029815674
U_J_random_w256,train_nll,P1,61319,3,0,3,0,0,1.852826992670695,0.00023521670439399512,1.8526607751846313,1.8530961275100708
U_J_random_w256,train_nll,P2,61103,3,0,3,0,0,1.8303832213083904,0.012455973898411169,1.817996621131897,1.842907428741455
U_J_random_w256,train_nll,P2,61211,3,0,3,0,0,1.8429393370946248,0.005228367266706923,1.8390730619430542,1.8488880395889282
U_J_random_w256,train_nll,P2,61319,3,0,3,0,0,1.8402597904205322,0.0032271131251671967,1.8370964527130127,1.8435471057891846
U_J_random_w256,train_nll,P3,61103,3,0,3,0,0,1.8112849394480388,0.010631582706266443,1.7990249395370483,1.8179625272750854
U_J_random_w256,train_nll,P3,61211,3,0,3,0,0,1.8345179557800293,0.004887001571691717,1.8293453454971313,1.8390576839447021
U_J_random_w256,train_nll,P3,61319,3,0,3,0,0,1.8347378174463909,0.010958800548421068,1.8225303888320923,1.8437275886535645
U_J_random_w256,train_nll,P4,61103,3,0,3,0,0,1.8021297057469685,0.012593160119131273,1.791861891746521,1.8161808252334595
U_J_random_w256,train_nll,P4,61211,3,0,3,0,0,1.8257202704747517,0.007744314547409086,1.8175987005233765,1.833022117614746
U_J_random_w256,train_nll,P4,61319,3,0,3,0,0,1.8337565263112385,0.005234013517888136,1.8307273387908936,1.839800238609314
U_J_random_w256,objective,P1,61103,3,3,0,0,0,,,,
U_J_random_w256,objective,P1,61211,3,3,0,0,0,,,,
U_J_random_w256,objective,P1,61319,3,3,0,0,0,,,,
U_J_random_w256,objective,P2,61103,3,0,3,0,0,0.20898859282953755,0.35662506486738343,0.0007456218579602513,0.6207748076431507
U_J_random_w256,objective,P2,61211,3,0,3,0,0,2.7426773115989165,4.655904030675735,0.0009539065962988326,8.118493061365712
U_J_random_w256,objective,P2,61319,3,0,3,0,0,0.06086254395463266,0.05863924929445648,0.0013459824201270429,0.11858322331623837
U_J_random_w256,objective,P3,61103,3,0,3,0,0,0.006258405722412822,0.006917640734822765,0.000708091803838702,0.014008425985353666
U_J_random_w256,objective,P3,61211,3,0,3,0,0,0.586342693865684,0.6220198124388113,0.014197345519838967,1.2484418595801903
U_J_random_w256,objective,P3,61319,3,0,3,0,0,0.7580375593082868,0.9377478809298548,0.014957947721129055,1.8116665134696155
U_J_random_w256,objective,P4,61103,3,0,3,0,0,0.010928504775315009,0.0099723075468448,0.0003274522709556767,0.02012263888637316
U_J_random_w256,objective,P4,61211,3,0,3,0,0,0.24268084515586674,0.24428131017780447,0.008318087536155639,0.4957994590518021
U_J_random_w256,objective,P4,61319,3,0,3,0,0,0.8559430589141778,1.2029383891837602,0.15024720563598035,2.2449163593239834
U_J_random_w256,cancellation_ratio,P1,61103,3,3,0,0,0,,,,
U_J_random_w256,cancellation_ratio,P1,61211,3,3,0,0,0,,,,
U_J_random_w256,cancellation_ratio,P1,61319,3,3,0,0,0,,,,
U_J_random_w256,cancellation_ratio,P2,61103,3,0,3,0,0,0.31502500868535943,0.160636910670944,0.1328378841032266,0.4362865307562261
U_J_random_w256,cancellation_ratio,P2,61211,3,0,3,0,0,0.21214638551297813,0.13790569771182476,0.061311503715199264,0.33177480113729907
U_J_random_w256,cancellation_ratio,P2,61319,3,0,3,0,0,0.27077148771917875,0.08785467134953837,0.20715906861474304,0.37101407926004804
U_J_random_w256,cancellation_ratio,P3,61103,3,0,3,0,0,0.3987814550070671,0.025732110232436618,0.3702599022039433,0.42025557087715776
U_J_random_w256,cancellation_ratio,P3,61211,3,0,3,0,0,0.22251365641251983,0.10668753786576243,0.14398261894132341,0.3439794662128804
U_J_random_w256,cancellation_ratio,P3,61319,3,0,3,0,0,0.20738715854276563,0.1337163443222284,0.09986197639149326,0.35711230555248746
U_J_random_w256,cancellation_ratio,P4,61103,3,0,3,0,0,0.40938366369717716,0.1013684026822216,0.30834270293042554,0.5110763655277781
U_J_random_w256,cancellation_ratio,P4,61211,3,0,3,0,0,0.25533796391688657,0.09196293147667858,0.18366315067202718,0.3590297854695194
U_J_random_w256,cancellation_ratio,P4,61319,3,0,3,0,0,0.18398764814858815,0.06733906508038598,0.10624772839806682,0.22424625621087665
U_J_uniform_w64,delta_test,P1,61103,3,0,3,0,0,0.1589150826136271,0.009980501445989602,0.14754796028137207,0.16624236106872559
U_J_uniform_w64,delta_test,P1,61211,3,0,3,0,0,0.1207654078801473,0.016263291399509505,0.10401499271392822,0.13649332523345947
U_J_uniform_w64,delta_test,P1,61319,3,0,3,0,0,0.10154243310292561,0.004555438626186205,0.09628486633300781,0.10431444644927979
U_J_uniform_w64,delta_test,P2,61103,3,0,3,0,0,0.1589150826136271,0.009980501445989602,0.14754796028137207,0.16624236106872559
U_J_uniform_w64,delta_test,P2,61211,3,0,3,0,0,0.1207654078801473,0.016263291399509505,0.10401499271392822,0.13649332523345947
U_J_uniform_w64,delta_test,P2,61319,3,0,3,0,0,0.10154243310292561,0.004555438626186205,0.09628486633300781,0.10431444644927979
U_J_uniform_w64,delta_test,P3,61103,3,0,3,0,0,0.1589150826136271,0.009980501445989602,0.14754796028137207,0.16624236106872559
U_J_uniform_w64,delta_test,P3,61211,3,0,3,0,0,0.1207654078801473,0.016263291399509505,0.10401499271392822,0.13649332523345947
U_J_uniform_w64,delta_test,P3,61319,3,0,3,0,0,0.10154243310292561,0.004555438626186205,0.09628486633300781,0.10431444644927979
U_J_uniform_w64,delta_test,P4,61103,3,0,3,0,0,0.09581708908081055,0.006514041085449204,0.08846354484558105,0.10086381435394287
U_J_uniform_w64,delta_test,P4,61211,3,0,3,0,0,0.07637449105580647,0.005536943432537533,0.0717775821685791,0.08252120018005371
U_J_uniform_w64,delta_test,P4,61319,3,0,3,0,0,0.07373329003651936,0.004135975315666719,0.07036876678466797,0.07835090160369873
U_J_uniform_w64,delta_validation,P1,61103,3,0,3,0,0,0.15595253308614096,0.006296236925575515,0.1487107276916504,0.16013002395629883
U_J_uniform_w64,delta_validation,P1,61211,3,0,3,0,0,0.1262727975845337,0.015642352456064632,0.10946202278137207,0.14039933681488037
U_J_uniform_w64,delta_validation,P1,61319,3,0,3,0,0,0.11082533995310466,0.006317068213030038,0.10356593132019043,0.11507236957550049
U_J_uniform_w64,delta_validation,P2,61103,3,0,3,0,0,0.15595253308614096,0.006296236925575515,0.1487107276916504,0.16013002395629883
U_J_uniform_w64,delta_validation,P2,61211,3,0,3,0,0,0.1262727975845337,0.015642352456064632,0.10946202278137207,0.14039933681488037
U_J_uniform_w64,delta_validation,P2,61319,3,0,3,0,0,0.11082533995310466,0.006317068213030038,0.10356593132019043,0.11507236957550049
U_J_uniform_w64,delta_validation,P3,61103,3,0,3,0,0,0.15595253308614096,0.006296236925575515,0.1487107276916504,0.16013002395629883
U_J_uniform_w64,delta_validation,P3,61211,3,0,3,0,0,0.1262727975845337,0.015642352456064632,0.10946202278137207,0.14039933681488037
U_J_uniform_w64,delta_validation,P3,61319,3,0,3,0,0,0.11082533995310466,0.006317068213030038,0.10356593132019043,0.11507236957550049
U_J_uniform_w64,delta_validation,P4,61103,3,0,3,0,0,0.09319953123728435,0.005384275294893352,0.08705711364746094,0.09710347652435303
U_J_uniform_w64,delta_validation,P4,61211,3,0,3,0,0,0.07607070604960124,0.005318661950706796,0.0715949535369873,0.08195054531097412
U_J_uniform_w64,delta_validation,P4,61319,3,0,3,0,0,0.07559096813201904,0.002829445766974708,0.07254147529602051,0.07813119888305664
U_J_uniform_w64,p,P1,61103,3,3,0,0,0,,,,
U_J_uniform_w64,p,P1,61211,3,3,0,0,0,,,,
U_J_uniform_w64,p,P1,61319,3,3,0,0,0,,,,
U_J_uniform_w64,p,P2,61103,3,3,0,0,0,,,,
U_J_uniform_w64,p,P2,61211,3,3,0,0,0,,,,
U_J_uniform_w64,p,P2,61319,3,3,0,0,0,,,,
U_J_uniform_w64,p,P3,61103,3,3,0,0,0,,,,
U_J_uniform_w64,p,P3,61211,3,3,0,0,0,,,,
U_J_uniform_w64,p,P3,61319,3,3,0,0,0,,,,
U_J_uniform_w64,p,P4,61103,3,3,0,0,0,,,,
U_J_uniform_w64,p,P4,61211,3,3,0,0,0,,,,
U_J_uniform_w64,p,P4,61319,3,3,0,0,0,,,,
U_J_uniform_w64,test_nll,P1,61103,3,0,3,0,0,1.843037446339925,0.010229588119174852,1.832332730293274,1.8527143001556396
U_J_uniform_w64,test_nll,P1,61211,3,0,3,0,0,1.881544550259908,0.017002162512955284,1.863704800605774,1.8975623846054077
U_J_uniform_w64,test_nll,P1,61319,3,0,3,0,0,1.8988421360651653,0.005940031773695105,1.89216947555542,1.9035534858703613
U_J_uniform_w64,test_nll,P2,61103,3,0,3,0,0,1.843037446339925,0.010229588119174852,1.832332730293274,1.8527143001556396
U_J_uniform_w64,test_nll,P2,61211,3,0,3,0,0,1.881544550259908,0.017002162512955284,1.863704800605774,1.8975623846054077
U_J_uniform_w64,test_nll,P2,61319,3,0,3,0,0,1.8988421360651653,0.005940031773695105,1.89216947555542,1.9035534858703613
U_J_uniform_w64,test_nll,P3,61103,3,0,3,0,0,1.843037446339925,0.010229588119174852,1.832332730293274,1.8527143001556396
U_J_uniform_w64,test_nll,P3,61211,3,0,3,0,0,1.881544550259908,0.017002162512955284,1.863704800605774,1.8975623846054077
U_J_uniform_w64,test_nll,P3,61319,3,0,3,0,0,1.8988421360651653,0.005940031773695105,1.89216947555542,1.9035534858703613
U_J_uniform_w64,test_nll,P4,61103,3,0,3,0,0,1.9061354398727417,0.0074384712700109705,1.8977112770080566,1.9117987155914307
U_J_uniform_w64,test_nll,P4,61211,3,0,3,0,0,1.9259354670842488,0.007157012257770086,1.9176769256591797,1.93032968044281
U_J_uniform_w64,test_nll,P4,61319,3,0,3,0,0,1.9266512791315715,0.0028779077343346333,1.9237172603607178,1.9294695854187012
U_J_uniform_w64,validation_nll,P1,61103,3,0,3,0,0,1.8485393524169922,0.007283348018609751,1.8402388095855713,1.8538613319396973
U_J_uniform_w64,validation_nll,P1,61211,3,0,3,0,0,1.874908208847046,0.01656783389934857,1.8577795028686523,1.8908514976501465
U_J_uniform_w64,validation_nll,P1,61319,3,0,3,0,0,1.8908674319585164,0.008436343555734914,1.8813360929489136,1.8973758220672607
U_J_uniform_w64,validation_nll,P2,61103,3,0,3,0,0,1.8485393524169922,0.007283348018609751,1.8402388095855713,1.8538613319396973
U_J_uniform_w64,validation_nll,P2,61211,3,0,3,0,0,1.874908208847046,0.01656783389934857,1.8577795028686523,1.8908514976501465
U_J_uniform_w64,validation_nll,P2,61319,3,0,3,0,0,1.8908674319585164,0.008436343555734914,1.8813360929489136,1.8973758220672607
U_J_uniform_w64,validation_nll,P3,61103,3,0,3,0,0,1.8485393524169922,0.007283348018609751,1.8402388095855713,1.8538613319396973
U_J_uniform_w64,validation_nll,P3,61211,3,0,3,0,0,1.874908208847046,0.01656783389934857,1.8577795028686523,1.8908514976501465
U_J_uniform_w64,validation_nll,P3,61319,3,0,3,0,0,1.8908674319585164,0.008436343555734914,1.8813360929489136,1.8973758220672607
U_J_uniform_w64,validation_nll,P4,61103,3,0,3,0,0,1.9112923542658489,0.006491442145940532,1.9038176536560059,1.9155149459838867
U_J_uniform_w64,validation_nll,P4,61211,3,0,3,0,0,1.9251103003819783,0.00773698734191135,1.9162282943725586,1.9303840398788452
U_J_uniform_w64,validation_nll,P4,61319,3,0,3,0,0,1.926101803779602,0.005052927801060825,1.920308232307434,1.9295969009399414
U_J_uniform_w64,train_nll,P1,61103,3,0,3,0,0,1.7450356880823772,0.014476600940742374,1.7297123670578003,1.758482575416565
U_J_uniform_w64,train_nll,P1,61211,3,0,3,0,0,1.7716858386993408,0.021669025415843073,1.7486153841018677,1.791609287261963
U_J_uniform_w64,train_nll,P1,61319,3,0,3,0,0,1.7928202152252197,0.00876939782387953,1.7831817865371704,1.8003278970718384
U_J_uniform_w64,train_nll,P2,61103,3,0,3,0,0,1.7450356880823772,0.014476600940742374,1.7297123670578003,1.758482575416565
U_J_uniform_w64,train_nll,P2,61211,3,0,3,0,0,1.7716858386993408,0.021669025415843073,1.7486153841018677,1.791609287261963
U_J_uniform_w64,train_nll,P2,61319,3,0,3,0,0,1.7928202152252197,0.00876939782387953,1.7831817865371704,1.8003278970718384
U_J_uniform_w64,train_nll,P3,61103,3,0,3,0,0,1.7450356880823772,0.014476600940742374,1.7297123670578003,1.758482575416565
U_J_uniform_w64,train_nll,P3,61211,3,0,3,0,0,1.7716858386993408,0.021669025415843073,1.7486153841018677,1.791609287261963
U_J_uniform_w64,train_nll,P3,61319,3,0,3,0,0,1.7928202152252197,0.00876939782387953,1.7831817865371704,1.8003278970718384
U_J_uniform_w64,train_nll,P4,61103,3,0,3,0,0,1.871321717898051,0.008364913615753821,1.861924648284912,1.8779549598693848
U_J_uniform_w64,train_nll,P4,61211,3,0,3,0,0,1.8871805667877197,0.008874623018753998,1.8773142099380493,1.8945116996765137
U_J_uniform_w64,train_nll,P4,61319,3,0,3,0,0,1.8934730291366577,0.005221085905545013,1.888351559638977,1.898788332939148
U_J_uniform_w64,objective,P1,61103,3,3,0,0,0,,,,
U_J_uniform_w64,objective,P1,61211,3,3,0,0,0,,,,
U_J_uniform_w64,objective,P1,61319,3,3,0,0,0,,,,
U_J_uniform_w64,objective,P2,61103,3,3,0,0,0,,,,
U_J_uniform_w64,objective,P2,61211,3,3,0,0,0,,,,
U_J_uniform_w64,objective,P2,61319,3,3,0,0,0,,,,
U_J_uniform_w64,objective,P3,61103,3,3,0,0,0,,,,
U_J_uniform_w64,objective,P3,61211,3,3,0,0,0,,,,
U_J_uniform_w64,objective,P3,61319,3,3,0,0,0,,,,
U_J_uniform_w64,objective,P4,61103,3,3,0,0,0,,,,
U_J_uniform_w64,objective,P4,61211,3,3,0,0,0,,,,
U_J_uniform_w64,objective,P4,61319,3,3,0,0,0,,,,
U_J_uniform_w64,cancellation_ratio,P1,61103,3,0,3,0,0,0.9980699407737919,0.0008994050289912878,0.9975013546633217,0.9991068703830224
U_J_uniform_w64,cancellation_ratio,P1,61211,3,0,3,0,0,0.9984076350131852,0.001350002597362282,0.997593912463015,0.9999659730450454
U_J_uniform_w64,cancellation_ratio,P1,61319,3,0,3,0,0,0.9982115709689805,0.0006497799105054371,0.9976693573364677,0.9989318071815521
U_J_uniform_w64,cancellation_ratio,P2,61103,3,0,3,0,0,0.9980699407737919,0.0008994050289912878,0.9975013546633217,0.9991068703830224
U_J_uniform_w64,cancellation_ratio,P2,61211,3,0,3,0,0,0.9984076350131852,0.001350002597362282,0.997593912463015,0.9999659730450454
U_J_uniform_w64,cancellation_ratio,P2,61319,3,0,3,0,0,0.9982115709689805,0.0006497799105054371,0.9976693573364677,0.9989318071815521
U_J_uniform_w64,cancellation_ratio,P3,61103,3,0,3,0,0,0.9980699407737919,0.0008994050289912878,0.9975013546633217,0.9991068703830224
U_J_uniform_w64,cancellation_ratio,P3,61211,3,0,3,0,0,0.9984076350131852,0.001350002597362282,0.997593912463015,0.9999659730450454
U_J_uniform_w64,cancellation_ratio,P3,61319,3,0,3,0,0,0.9982115709689805,0.0006497799105054371,0.9976693573364677,0.9989318071815521
U_J_uniform_w64,cancellation_ratio,P4,61103,3,0,3,0,0,0.9960643687986,0.003321964143015464,0.9934721744516956,0.9998091068437172
U_J_uniform_w64,cancellation_ratio,P4,61211,3,0,3,0,0,0.9988316110295417,0.0020237090598369456,0.996494833088625,1.0
U_J_uniform_w64,cancellation_ratio,P4,61319,3,0,3,0,0,0.9986680107781637,0.0004088276388223997,0.9983220424341104,0.9991191486252512
U_J_uniform_w128,delta_test,P1,61103,3,0,3,0,0,0.10640100638071696,0.0094486646187067,0.09587907791137695,0.11416077613830566
U_J_uniform_w128,delta_test,P1,61211,3,0,3,0,0,0.06717888514200847,0.004319934338431153,0.06434166431427002,0.0721505880355835
U_J_uniform_w128,delta_test,P1,61319,3,0,3,0,0,0.0416107972462972,0.007577268464050158,0.0354079008102417,0.05005621910095215
U_J_uniform_w128,delta_test,P2,61103,3,0,3,0,0,0.03534086545308431,0.0026570908764291913,0.032564640045166016,0.03786015510559082
U_J_uniform_w128,delta_test,P2,61211,3,0,3,0,0,0.016691207885742188,0.0014945081976042716,0.015393495559692383,0.018325209617614746
U_J_uniform_w128,delta_test,P2,61319,3,0,3,0,0,0.0178070068359375,0.0012988477068635981,0.016327857971191406,0.018761277198791504
U_J_uniform_w128,delta_test,P3,61103,3,0,3,0,0,0.10640100638071696,0.0094486646187067,0.09587907791137695,0.11416077613830566
U_J_uniform_w128,delta_test,P3,61211,3,0,3,0,0,0.06717888514200847,0.004319934338431153,0.06434166431427002,0.0721505880355835
U_J_uniform_w128,delta_test,P3,61319,3,0,3,0,0,0.0416107972462972,0.007577268464050158,0.0354079008102417,0.05005621910095215
U_J_uniform_w128,delta_test,P4,61103,3,0,3,0,0,0.05274093151092529,0.005005228524252145,0.047238826751708984,0.05702412128448486
U_J_uniform_w128,delta_test,P4,61211,3,0,3,0,0,0.026102264722188313,0.0021763840232850756,0.023679018020629883,0.027890563011169434
U_J_uniform_w128,delta_test,P4,61319,3,0,3,0,0,0.025778810183207195,0.0024282137695955564,0.0243147611618042,0.028581738471984863
U_J_uniform_w128,delta_validation,P1,61103,3,0,3,0,0,0.10108065605163574,0.005589190713399929,0.09464669227600098,0.10473597049713135
U_J_uniform_w128,delta_validation,P1,61211,3,0,3,0,0,0.07031408945719402,0.003552554940520636,0.06682837009429932,0.07392990589141846
U_J_uniform_w128,delta_validation,P1,61319,3,0,3,0,0,0.047392845153808594,0.005422997844210443,0.041882991790771484,0.052724599838256836
U_J_uniform_w128,delta_validation,P2,61103,3,0,3,0,0,0.03285499413808187,0.0016638083945990296,0.03156578540802002,0.03473317623138428
U_J_uniform_w128,delta_validation,P2,61211,3,0,3,0,0,0.016549110412597656,0.0010210914962025114,0.015446186065673828,0.017461538314819336
U_J_uniform_w128,delta_validation,P2,61319,3,0,3,0,0,0.018430391947428387,0.0022758900586325407,0.016246676445007324,0.02078843116760254
U_J_uniform_w128,delta_validation,P3,61103,3,0,3,0,0,0.10108065605163574,0.005589190713399929,0.09464669227600098,0.10473597049713135
U_J_uniform_w128,delta_validation,P3,61211,3,0,3,0,0,0.07031408945719402,0.003552554940520636,0.06682837009429932,0.07392990589141846
U_J_uniform_w128,delta_validation,P3,61319,3,0,3,0,0,0.047392845153808594,0.005422997844210443,0.041882991790771484,0.052724599838256836
U_J_uniform_w128,delta_validation,P4,61103,3,0,3,0,0,0.04879315694173177,0.0020454597162581512,0.046442389488220215,0.05016684532165527
U_J_uniform_w128,delta_validation,P4,61211,3,0,3,0,0,0.029670238494873047,0.003617265732834901,0.02635633945465088,0.033529043197631836
U_J_uniform_w128,delta_validation,P4,61319,3,0,3,0,0,0.02674233913421631,0.0021260798862334095,0.024549365043640137,0.028794527053833008
U_J_uniform_w128,p,P1,61103,3,3,0,0,0,,,,
U_J_uniform_w128,p,P1,61211,3,3,0,0,0,,,,
U_J_uniform_w128,p,P1,61319,3,3,0,0,0,,,,
U_J_uniform_w128,p,P2,61103,3,3,0,0,0,,,,
U_J_uniform_w128,p,P2,61211,3,3,0,0,0,,,,
U_J_uniform_w128,p,P2,61319,3,3,0,0,0,,,,
U_J_uniform_w128,p,P3,61103,3,3,0,0,0,,,,
U_J_uniform_w128,p,P3,61211,3,3,0,0,0,,,,
U_J_uniform_w128,p,P3,61319,3,3,0,0,0,,,,
U_J_uniform_w128,p,P4,61103,3,3,0,0,0,,,,
U_J_uniform_w128,p,P4,61211,3,3,0,0,0,,,,
U_J_uniform_w128,p,P4,61319,3,3,0,0,0,,,,
U_J_uniform_w128,test_nll,P1,61103,3,0,3,0,0,1.7678742408752441,0.009073044523519827,1.7598342895507812,1.7777113914489746
U_J_uniform_w128,test_nll,P1,61211,3,0,3,0,0,1.8084044456481934,0.004768232409115167,1.8028991222381592,1.8112249374389648
U_J_uniform_w128,test_nll,P1,61319,3,0,3,0,0,1.8325337966283162,0.007096399089403769,1.8247500658035278,1.8386435508728027
U_J_uniform_w128,test_nll,P2,61103,3,0,3,0,0,1.8389343818028767,0.002521159393479439,1.836134910583496,1.8410258293151855
U_J_uniform_w128,test_nll,P2,61211,3,0,3,0,0,1.8588921229044597,0.0018875424554735194,1.856724500656128,1.8601731061935425
U_J_uniform_w128,test_nll,P2,61319,3,0,3,0,0,1.856337587038676,0.0018541644832379487,1.8552441596984863,1.8584784269332886
U_J_uniform_w128,test_nll,P3,61103,3,0,3,0,0,1.7678742408752441,0.009073044523519827,1.7598342895507812,1.7777113914489746
U_J_uniform_w128,test_nll,P3,61211,3,0,3,0,0,1.8084044456481934,0.004768232409115167,1.8028991222381592,1.8112249374389648
U_J_uniform_w128,test_nll,P3,61319,3,0,3,0,0,1.8325337966283162,0.007096399089403769,1.8247500658035278,1.8386435508728027
U_J_uniform_w128,test_nll,P4,61103,3,0,3,0,0,1.8215343157450359,0.004695502609373661,1.816970944404602,1.8263516426086426
U_J_uniform_w128,test_nll,P4,61211,3,0,3,0,0,1.8494810660680134,0.0027072370717171916,1.8471591472625732,1.852454662322998
U_J_uniform_w128,test_nll,P4,61319,3,0,3,0,0,1.8483657836914062,0.0025980188570013324,1.8454697132110596,1.8504915237426758
U_J_uniform_w128,validation_nll,P1,61103,3,0,3,0,0,1.774288256963094,0.004992041352542454,1.7711431980133057,1.7800443172454834
U_J_uniform_w128,validation_nll,P1,61211,3,0,3,0,0,1.8049271901448567,0.0032402861506739423,1.8017066717147827,1.8081868886947632
U_J_uniform_w128,validation_nll,P1,61319,3,0,3,0,0,1.8266969919204712,0.004872220006016936,1.8222399950027466,1.8318986892700195
U_J_uniform_w128,validation_nll,P2,61103,3,0,3,0,0,1.842513918876648,0.00227421644849023,1.8399578332901,1.844313383102417
U_J_uniform_w128,validation_nll,P2,61211,3,0,3,0,0,1.8586921691894531,0.0013546536013838663,1.8575537204742432,1.8601903915405273
U_J_uniform_w128,validation_nll,P2,61319,3,0,3,0,0,1.8556594451268513,0.0028824241377008483,1.8529932498931885,1.858717918395996
U_J_uniform_w128,validation_nll,P3,61103,3,0,3,0,0,1.774288256963094,0.004992041352542454,1.7711431980133057,1.7800443172454834
U_J_uniform_w128,validation_nll,P3,61211,3,0,3,0,0,1.8049271901448567,0.0032402861506739423,1.8017066717147827,1.8081868886947632
U_J_uniform_w128,validation_nll,P3,61319,3,0,3,0,0,1.8266969919204712,0.004872220006016936,1.8222399950027466,1.8318986892700195
U_J_uniform_w128,validation_nll,P4,61103,3,0,3,0,0,1.826575756072998,0.0025543746981291095,1.824524164199829,1.8294367790222168
U_J_uniform_w128,validation_nll,P4,61211,3,0,3,0,0,1.8455710411071777,0.0038784838536074224,1.8415429592132568,1.8492802381515503
U_J_uniform_w128,validation_nll,P4,61319,3,0,3,0,0,1.8473474979400635,0.002782319168080459,1.844987154006958,1.8504152297973633
U_J_uniform_w128,train_nll,P1,61103,3,0,3,0,0,1.6260027488072712,0.013065835004175207,1.6111401319503784,1.6356797218322754
U_J_uniform_w128,train_nll,P1,61211,3,0,3,0,0,1.663645068804423,0.00967600630466905,1.652479648590088,1.6695815324783325
U_J_uniform_w128,train_nll,P1,61319,3,0,3,0,0,1.690942605336507,0.016784127832899835,1.6720404624938965,1.704100251197815
U_J_uniform_w128,train_nll,P2,61103,3,0,3,0,0,1.8048534790674846,0.005114888364316066,1.7994071245193481,1.8095552921295166
U_J_uniform_w128,train_nll,P2,61211,3,0,3,0,0,1.8278605540593464,0.0043003081670205815,1.8229867219924927,1.831120252609253
U_J_uniform_w128,train_nll,P2,61319,3,0,3,0,0,1.831787904103597,0.003339703022023522,1.8291743993759155,1.8355504274368286
U_J_uniform_w128,train_nll,P3,61103,3,0,3,0,0,1.6260027488072712,0.013065835004175207,1.6111401319503784,1.6356797218322754
U_J_uniform_w128,train_nll,P3,61211,3,0,3,0,0,1.663645068804423,0.00967600630466905,1.652479648590088,1.6695815324783325
U_J_uniform_w128,train_nll,P3,61319,3,0,3,0,0,1.690942605336507,0.016784127832899835,1.6720404624938965,1.704100251197815
U_J_uniform_w128,train_nll,P4,61103,3,0,3,0,0,1.7697843710581462,0.008649896085252587,1.7600386142730713,1.7765508890151978
U_J_uniform_w128,train_nll,P4,61211,3,0,3,0,0,1.8047518332799275,0.005060401600659526,1.798985242843628,1.8084521293640137
U_J_uniform_w128,train_nll,P4,61319,3,0,3,0,0,1.8136529525121052,0.005845816400994146,1.8069889545440674,1.8179160356521606
U_J_uniform_w128,objective,P1,61103,3,3,0,0,0,,,,
U_J_uniform_w128,objective,P1,61211,3,3,0,0,0,,,,
U_J_uniform_w128,objective,P1,61319,3,3,0,0,0,,,,
U_J_uniform_w128,objective,P2,61103,3,3,0,0,0,,,,
U_J_uniform_w128,objective,P2,61211,3,3,0,0,0,,,,
U_J_uniform_w128,objective,P2,61319,3,3,0,0,0,,,,
U_J_uniform_w128,objective,P3,61103,3,3,0,0,0,,,,
U_J_uniform_w128,objective,P3,61211,3,3,0,0,0,,,,
U_J_uniform_w128,objective,P3,61319,3,3,0,0,0,,,,
U_J_uniform_w128,objective,P4,61103,3,3,0,0,0,,,,
U_J_uniform_w128,objective,P4,61211,3,3,0,0,0,,,,
U_J_uniform_w128,objective,P4,61319,3,3,0,0,0,,,,
U_J_uniform_w128,cancellation_ratio,P1,61103,3,0,3,0,0,0.9931200185108633,0.00014960297493117996,0.9929478578896827,0.9932184110306091
U_J_uniform_w128,cancellation_ratio,P1,61211,3,0,3,0,0,0.9819757308556464,0.001276968741533521,0.9805205308651849,0.9829093500433672
U_J_uniform_w128,cancellation_ratio,P1,61319,3,0,3,0,0,0.9609890875998982,0.011387266319107461,0.9503573684924839,0.9730053013112645
U_J_uniform_w128,cancellation_ratio,P2,61103,3,0,3,0,0,0.9003825811035733,0.025808685013727926,0.8814268008661329,0.9297752149773666
U_J_uniform_w128,cancellation_ratio,P2,61211,3,0,3,0,0,0.8562355419806214,0.019192065036558462,0.8345473015369761,0.8710230782610742
U_J_uniform_w128,cancellation_ratio,P2,61319,3,0,3,0,0,0.8266301737744364,0.025934835222328197,0.7991895421645228,0.8507367536163832
U_J_uniform_w128,cancellation_ratio,P3,61103,3,0,3,0,0,0.9931200185108633,0.00014960297493117996,0.9929478578896827,0.9932184110306091
U_J_uniform_w128,cancellation_ratio,P3,61211,3,0,3,0,0,0.9819757308556464,0.001276968741533521,0.9805205308651849,0.9829093500433672
U_J_uniform_w128,cancellation_ratio,P3,61319,3,0,3,0,0,0.9609890875998982,0.011387266319107461,0.9503573684924839,0.9730053013112645
U_J_uniform_w128,cancellation_ratio,P4,61103,3,0,3,0,0,0.9238378513743667,0.007956381143323643,0.9191967744139715,0.9330249249621424
U_J_uniform_w128,cancellation_ratio,P4,61211,3,0,3,0,0,0.9008761540052711,0.02327604346860382,0.8821386779288818,0.926931846297235
U_J_uniform_w128,cancellation_ratio,P4,61319,3,0,3,0,0,0.8718380052845478,0.008819571500215962,0.8631168376087041,0.8807527923705456
U_J_uniform_w256,delta_test,P1,61103,3,0,0,0,3,0.0,0.0,0.0,0.0
U_J_uniform_w256,delta_test,P1,61211,3,0,0,0,3,0.0,0.0,0.0,0.0
U_J_uniform_w256,delta_test,P1,61319,3,0,0,0,3,0.0,0.0,0.0,0.0
U_J_uniform_w256,delta_test,P2,61103,3,0,3,0,0,0.04827364285786947,0.006280959360762327,0.041548848152160645,0.05398833751678467
U_J_uniform_w256,delta_test,P2,61211,3,0,3,0,0,0.013251264890034994,0.004911099077663045,0.007633686065673828,0.016731619834899902
U_J_uniform_w256,delta_test,P2,61319,3,0,3,0,0,0.013995885848999023,0.006219673204308304,0.007385611534118652,0.01973259449005127
U_J_uniform_w256,delta_test,P3,61103,3,0,3,0,0,0.07237581411997478,0.007038673915459006,0.06473338603973389,0.07859241962432861
U_J_uniform_w256,delta_test,P3,61211,3,0,3,0,0,0.027416507403055828,0.008057358053924065,0.018656492233276367,0.03451085090637207
U_J_uniform_w256,delta_test,P3,61319,3,0,3,0,0,0.025796254475911457,0.0020936425895362945,0.023833751678466797,0.0280001163482666
U_J_uniform_w256,delta_test,P4,61103,3,0,3,0,0,0.07805200417836507,0.008449936861683048,0.06931650638580322,0.08618402481079102
U_J_uniform_w256,delta_test,P4,61211,3,0,3,0,0,0.03060015042622884,0.007352016944416105,0.024803638458251953,0.03886985778808594
U_J_uniform_w256,delta_test,P4,61319,3,0,3,0,0,0.029176831245422363,0.0021223663959342902,0.027033448219299316,0.03127753734588623
U_J_uniform_w256,delta_validation,P1,61103,3,0,0,0,3,0.0,0.0,0.0,0.0
U_J_uniform_w256,delta_validation,P1,61211,3,0,0,0,3,0.0,0.0,0.0,0.0
U_J_uniform_w256,delta_validation,P1,61319,3,0,0,0,3,0.0,0.0,0.0,0.0
U_J_uniform_w256,delta_validation,P2,61103,3,0,3,0,0,0.044962167739868164,0.007508758552271649,0.036994099617004395,0.051906585693359375
U_J_uniform_w256,delta_validation,P2,61211,3,0,3,0,0,0.016514937082926433,0.006399638104597624,0.009576678276062012,0.0221865177154541
U_J_uniform_w256,delta_validation,P2,61319,3,0,3,0,0,0.0162278413772583,0.003047361767639434,0.0130082368850708,0.01906728744506836
U_J_uniform_w256,delta_validation,P3,61103,3,0,3,0,0,0.06745211283365886,0.008475289124597234,0.05837297439575195,0.07515513896942139
U_J_uniform_w256,delta_validation,P3,61211,3,0,3,0,0,0.035047173500061035,0.007495289088715839,0.02662646770477295,0.040989041328430176
U_J_uniform_w256,delta_validation,P3,61319,3,0,3,0,0,0.02857061227162679,0.004792734516833452,0.02324986457824707,0.032549142837524414
U_J_uniform_w256,delta_validation,P4,61103,3,0,3,0,0,0.07373396555582683,0.008425006539636829,0.06530177593231201,0.08215177059173584
U_J_uniform_w256,delta_validation,P4,61211,3,0,3,0,0,0.04124597708384196,0.005770643809760916,0.03732430934906006,0.047872185707092285
U_J_uniform_w256,delta_validation,P4,61319,3,0,3,0,0,0.031145572662353516,0.001976387935275249,0.029703378677368164,0.03339838981628418
U_J_uniform_w256,p,P1,61103,3,3,0,0,0,,,,
U_J_uniform_w256,p,P1,61211,3,3,0,0,0,,,,
U_J_uniform_w256,p,P1,61319,3,3,0,0,0,,,,
U_J_uniform_w256,p,P2,61103,3,3,0,0,0,,,,
U_J_uniform_w256,p,P2,61211,3,3,0,0,0,,,,
U_J_uniform_w256,p,P2,61319,3,3,0,0,0,,,,
U_J_uniform_w256,p,P3,61103,3,3,0,0,0,,,,
U_J_uniform_w256,p,P3,61211,3,3,0,0,0,,,,
U_J_uniform_w256,p,P3,61319,3,3,0,0,0,,,,
U_J_uniform_w256,p,P4,61103,3,3,0,0,0,,,,
U_J_uniform_w256,p,P4,61211,3,3,0,0,0,,,,
U_J_uniform_w256,p,P4,61319,3,3,0,0,0,,,,
U_J_uniform_w256,test_nll,P1,61103,3,0,3,0,0,1.8527716398239136,0.000382555426159726,1.85233473777771,1.8530465364456177
U_J_uniform_w256,test_nll,P1,61211,3,0,3,0,0,1.8538413842519124,0.00010087679511298987,1.853733777999878,1.8539338111877441
U_J_uniform_w256,test_nll,P1,61319,3,0,3,0,0,1.8524913787841797,0.0001358502703645439,1.8523895740509033,1.8526456356048584
U_J_uniform_w256,test_nll,P2,61103,3,0,3,0,0,1.8044979969660442,0.006616535543237584,1.7983464002609253,1.811497688293457
U_J_uniform_w256,test_nll,P2,61211,3,0,3,0,0,1.8405901193618774,0.004938756136992663,1.837002158164978,1.8462228775024414
U_J_uniform_w256,test_nll,P2,61319,3,0,3,0,0,1.8384954929351807,0.006098420021430579,1.8329130411148071,1.8450039625167847
U_J_uniform_w256,test_nll,P3,61103,3,0,3,0,0,1.7803958257039387,0.007169796216795255,1.7743412256240845,1.7883131504058838
U_J_uniform_w256,test_nll,P3,61211,3,0,3,0,0,1.8264248768488567,0.008036646951965088,1.819422960281372,1.8352000713348389
U_J_uniform_w256,test_nll,P3,61319,3,0,3,0,0,1.8266951243082683,0.0020868231726525114,1.8244388103485107,1.8285558223724365
U_J_uniform_w256,test_nll,P4,61103,3,0,3,0,0,1.7747196356455486,0.008537878507222894,1.766749620437622,1.7837300300598145
U_J_uniform_w256,test_nll,P4,61211,3,0,3,0,0,1.8232412338256836,0.007434297441817219,1.814863920211792,1.8290529251098633
U_J_uniform_w256,test_nll,P4,61319,3,0,3,0,0,1.8233145475387573,0.002251583039494698,1.821112036705017,1.825612187385559
U_J_uniform_w256,validation_nll,P1,61103,3,0,3,0,0,1.8535690307617188,0.0005595177757371924,1.8529577255249023,1.8540557622909546
U_J_uniform_w256,validation_nll,P1,61211,3,0,3,0,0,1.8532926241556804,0.00020940394649100798,1.8531252145767212,1.8535274267196655
U_J_uniform_w256,validation_nll,P1,61319,3,0,3,0,0,1.8530584176381428,0.0005601153391426077,1.8524370193481445,1.8535244464874268
U_J_uniform_w256,validation_nll,P2,61103,3,0,3,0,0,1.8086068630218506,0.008043038249624466,1.801051139831543,1.8170616626739502
U_J_uniform_w256,validation_nll,P2,61211,3,0,3,0,0,1.836777687072754,0.006318424832394596,1.8310387134552002,1.8435485363006592
U_J_uniform_w256,validation_nll,P2,61319,3,0,3,0,0,1.8368305762608845,0.0030022220265226935,1.8344571590423584,1.8402055501937866
U_J_uniform_w256,validation_nll,P3,61103,3,0,3,0,0,1.7861169179280598,0.008743244189334686,1.778538465499878,1.7956827878952026
U_J_uniform_w256,validation_nll,P3,61211,3,0,3,0,0,1.8182454506556194,0.007320204383316429,1.8125383853912354,1.8264987468719482
U_J_uniform_w256,validation_nll,P3,61319,3,0,3,0,0,1.8244878053665161,0.005294088007655879,1.8198878765106201,1.8302745819091797
U_J_uniform_w256,validation_nll,P4,61103,3,0,3,0,0,1.7798350652058919,0.008623118001933435,1.7715418338775635,1.7887539863586426
U_J_uniform_w256,validation_nll,P4,61211,3,0,3,0,0,1.8120466470718384,0.0058111314183368614,1.805353045463562,1.8158009052276611
U_J_uniform_w256,validation_nll,P4,61319,3,0,3,0,0,1.8219128449757893,0.0020095282219608815,1.8198153972625732,1.8238210678100586
U_J_uniform_w256,train_nll,P1,61103,3,0,3,0,0,1.8531458377838135,0.00038363403411240435,1.8527041673660278,1.8533961772918701
U_J_uniform_w256,train_nll,P1,61211,3,0,3,0,0,1.8532065153121948,6.397452906300203e-05,1.8531336784362793,1.8532536029815674
U_J_uniform_w256,train_nll,P1,61319,3,0,3,0,0,1.852826992670695,0.00023521670439399512,1.8526607751846313,1.8530961275100708
U_J_uniform_w256,train_nll,P2,61103,3,0,3,0,0,1.7451314528783162,0.015517094571865076,1.7307548522949219,1.7615807056427002
U_J_uniform_w256,train_nll,P2,61211,3,0,3,0,0,1.789308786392212,0.015654992958778015,1.7773735523223877,1.8070340156555176
U_J_uniform_w256,train_nll,P2,61319,3,0,3,0,0,1.7950814565022786,0.0045827503025522255,1.7902138233184814,1.7993128299713135
U_J_uniform_w256,train_nll,P3,61103,3,0,3,0,0,1.6987954378128052,0.015849899492100913,1.6859424114227295,1.716505527496338
U_J_uniform_w256,train_nll,P3,61211,3,0,3,0,0,1.745805303255717,0.01342689453936424,1.735060453414917,1.7608572244644165
U_J_uniform_w256,train_nll,P3,61319,3,0,3,0,0,1.7568736871083577,0.006303569768053109,1.7497127056121826,1.7615834474563599
U_J_uniform_w256,train_nll,P4,61103,3,0,3,0,0,1.6775463422139485,0.01705598602647001,1.666341781616211,1.69717538356781
U_J_uniform_w256,train_nll,P4,61211,3,0,3,0,0,1.734325885772705,0.014015887917918055,1.7201119661331177,1.748134970664978
U_J_uniform_w256,train_nll,P4,61319,3,0,3,0,0,1.740808327992757,0.0040913192162103556,1.7368558645248413,1.745025634765625
U_J_uniform_w256,objective,P1,61103,3,3,0,0,0,,,,
U_J_uniform_w256,objective,P1,61211,3,3,0,0,0,,,,
U_J_uniform_w256,objective,P1,61319,3,3,0,0,0,,,,
U_J_uniform_w256,objective,P2,61103,3,3,0,0,0,,,,
U_J_uniform_w256,objective,P2,61211,3,3,0,0,0,,,,
U_J_uniform_w256,objective,P2,61319,3,3,0,0,0,,,,
U_J_uniform_w256,objective,P3,61103,3,3,0,0,0,,,,
U_J_uniform_w256,objective,P3,61211,3,3,0,0,0,,,,
U_J_uniform_w256,objective,P3,61319,3,3,0,0,0,,,,
U_J_uniform_w256,objective,P4,61103,3,3,0,0,0,,,,
U_J_uniform_w256,objective,P4,61211,3,3,0,0,0,,,,
U_J_uniform_w256,objective,P4,61319,3,3,0,0,0,,,,
U_J_uniform_w256,cancellation_ratio,P1,61103,3,3,0,0,0,,,,
U_J_uniform_w256,cancellation_ratio,P1,61211,3,3,0,0,0,,,,
U_J_uniform_w256,cancellation_ratio,P1,61319,3,3,0,0,0,,,,
U_J_uniform_w256,cancellation_ratio,P2,61103,3,0,3,0,0,0.9160399355422691,0.022240168441464078,0.8911024714940657,0.933820659418597
U_J_uniform_w256,cancellation_ratio,P2,61211,3,0,3,0,0,0.8537947332422164,0.030084688168186744,0.8252235107356871,0.8851932751486109
U_J_uniform_w256,cancellation_ratio,P2,61319,3,0,3,0,0,0.8240606216310421,0.0347088727925741,0.7880873751031658,0.8573492055933538
U_J_uniform_w256,cancellation_ratio,P3,61103,3,0,3,0,0,0.9613233421883801,0.012480870859184852,0.947006072662065,0.9699081544954595
U_J_uniform_w256,cancellation_ratio,P3,61211,3,0,3,0,0,0.9241267082557038,0.01730541995365069,0.9103784987227221,0.9435593802474053
U_J_uniform_w256,cancellation_ratio,P3,61319,3,0,3,0,0,0.894886531492155,0.009005160820131813,0.8845568948239344,0.901084246783058
U_J_uniform_w256,cancellation_ratio,P4,61103,3,0,3,0,0,0.9527039601490181,0.009602363923955672,0.9430714595564723,0.9622759009502586
U_J_uniform_w256,cancellation_ratio,P4,61211,3,0,3,0,0,0.9206700650773075,0.018017357147858626,0.9056860071950691,0.9406614406265414
U_J_uniform_w256,cancellation_ratio,P4,61319,3,0,3,0,0,0.8916523335649614,0.008566622666749353,0.8825689107051239,0.8995860349383351
