name,epoch,variant,width,data_seed,seed,arm,canonical_zero,total_gain,mean_gain,positive_mass,negative_absolute_mass,absolute_mass,negative_gain_fraction,cancellation_ratio,primary_p,primary_objective,primary_reason,primary_lower_boundary,primary_upper_boundary,identity_max_abs_error,shared_p,shared_reason,shared_objective,shared_total_gain,shared_negative_gain_fraction,shared_at_lower_bound,shared_at_upper_bound,group_p,group_reason,group_objective,group_total_gain,group_negative_gain_fraction,group_at_lower_bound,group_at_upper_bound,instance_p,instance_reason,instance_objective,instance_total_gain,instance_negative_gain_fraction,instance_at_lower_bound,instance_at_upper_bound,group_instance_p,group_instance_reason,group_instance_objective,group_instance_total_gain,group_instance_negative_gain_fraction,group_instance_at_lower_bound,group_instance_at_upper_bound,oracle_p,oracle_reason,oracle_objective,oracle_total_gain,oracle_negative_gain_fraction,oracle_at_lower_bound,oracle_at_upper_bound
M-w128-d52919-s801-random,0,M,128,52919,801,random,True,0.0,0.0,0.0,-0.0,0.0,0.0,,,,nonpositive_total_gain,False,False,0.0,,nonpositive_total_gain,,0.0,0.0,False,False,,nonpositive_total_gain,,0.0,0.0,False,False,,nonpositive_total_gain,,0.0,0.0,False,False,,nonpositive_total_gain,,0.0,0.0,False,False,,nonpositive_total_gain,,-1109.9530536907287,1.0,False,False
M-w128-d52919-s801-uniform,0,M,128,52919,801,uniform,True,0.0,0.0,0.0,-0.0,0.0,0.0,,,,constant_weights,False,False,0.0,,constant_weights,,0.0,0.0,False,False,,constant_weights,,0.0,0.0,False,False,,constant_weights,,0.0,0.0,False,False,,constant_weights,,0.0,0.0,False,False,,constant_weights,,-1109.9530536907287,1.0,False,False
M-w128-d52919-s802-random,0,M,128,52919,802,random,True,0.0,0.0,0.0,-0.0,0.0,0.0,,,,nonpositive_total_gain,False,False,0.0,,nonpositive_total_gain,,0.0,0.0,False,False,,nonpositive_total_gain,,0.0,0.0,False,False,,nonpositive_total_gain,,0.0,0.0,False,False,,nonpositive_total_gain,,0.0,0.0,False,False,,nonpositive_total_gain,,-1123.9551870601745,1.0,False,False
M-w128-d52919-s802-uniform,0,M,128,52919,802,uniform,True,0.0,0.0,0.0,-0.0,0.0,0.0,,,,constant_weights,False,False,0.0,,constant_weights,,0.0,0.0,False,False,,constant_weights,,0.0,0.0,False,False,,constant_weights,,0.0,0.0,False,False,,constant_weights,,0.0,0.0,False,False,,constant_weights,,-1123.9551870601745,1.0,False,False
M-w128-d52919-s803-random,0,M,128,52919,803,random,True,0.0,0.0,0.0,-0.0,0.0,0.0,,,,nonpositive_total_gain,False,False,0.0,,nonpositive_total_gain,,0.0,0.0,False,False,,nonpositive_total_gain,,0.0,0.0,False,False,,nonpositive_total_gain,,0.0,0.0,False,False,,nonpositive_total_gain,,0.0,0.0,False,False,,nonpositive_total_gain,,-1124.7843074577422,1.0,False,False
M-w128-d52919-s803-uniform,0,M,128,52919,803,uniform,True,0.0,0.0,0.0,-0.0,0.0,0.0,,,,constant_weights,False,False,0.0,,constant_weights,,0.0,0.0,False,False,,constant_weights,,0.0,0.0,False,False,,constant_weights,,0.0,0.0,False,False,,constant_weights,,0.0,0.0,False,False,,constant_weights,,-1124.7843074577422,1.0,False,False
M-w128-d55049-s801-random,0,M,128,55049,801,random,True,0.0,0.0,0.0,-0.0,0.0,0.0,,,,nonpositive_total_gain,False,False,0.0,,nonpositive_total_gain,,0.0,0.0,False,False,,nonpositive_total_gain,,0.0,0.0,False,False,,nonpositive_total_gain,,0.0,0.0,False,False,,nonpositive_total_gain,,0.0,0.0,False,False,,nonpositive_total_gain,,-1101.2319264190764,1.0,False,False
M-w128-d55049-s801-uniform,0,M,128,55049,801,uniform,True,0.0,0.0,0.0,-0.0,0.0,0.0,,,,constant_weights,False,False,0.0,,constant_weights,,0.0,0.0,False,False,,constant_weights,,0.0,0.0,False,False,,constant_weights,,0.0,0.0,False,False,,constant_weights,,0.0,0.0,False,False,,constant_weights,,-1101.2319264190764,1.0,False,False
M-w128-d55049-s802-random,0,M,128,55049,802,random,True,0.0,0.0,0.0,-0.0,0.0,0.0,,,,nonpositive_total_gain,False,False,0.0,,nonpositive_total_gain,,0.0,0.0,False,False,,nonpositive_total_gain,,0.0,0.0,False,False,,nonpositive_total_gain,,0.0,0.0,False,False,,nonpositive_total_gain,,0.0,0.0,False,False,,nonpositive_total_gain,,-1117.1519965904326,1.0,False,False
M-w128-d55049-s802-uniform,0,M,128,55049,802,uniform,True,0.0,0.0,0.0,-0.0,0.0,0.0,,,,constant_weights,False,False,0.0,,constant_weights,,0.0,0.0,False,False,,constant_weights,,0.0,0.0,False,False,,constant_weights,,0.0,0.0,False,False,,constant_weights,,0.0,0.0,False,False,,constant_weights,,-1117.1519965904326,1.0,False,False
M-w128-d55049-s803-random,0,M,128,55049,803,random,True,0.0,0.0,0.0,-0.0,0.0,0.0,,,,nonpositive_total_gain,False,False,0.0,,nonpositive_total_gain,,0.0,0.0,False,False,,nonpositive_total_gain,,0.0,0.0,False,False,,nonpositive_total_gain,,0.0,0.0,False,False,,nonpositive_total_gain,,0.0,0.0,False,False,,nonpositive_total_gain,,-1111.1899709480376,1.0,False,False
M-w128-d55049-s803-uniform,0,M,128,55049,803,uniform,True,0.0,0.0,0.0,-0.0,0.0,0.0,,,,constant_weights,False,False,0.0,,constant_weights,,0.0,0.0,False,False,,constant_weights,,0.0,0.0,False,False,,constant_weights,,0.0,0.0,False,False,,constant_weights,,0.0,0.0,False,False,,constant_weights,,-1111.1899709480376,1.0,False,False
M-w128-d57163-s801-random,0,M,128,57163,801,random,True,0.0,0.0,0.0,-0.0,0.0,0.0,,,,nonpositive_total_gain,False,False,0.0,,nonpositive_total_gain,,0.0,0.0,False,False,,nonpositive_total_gain,,0.0,0.0,False,False,,nonpositive_total_gain,,0.0,0.0,False,False,,nonpositive_total_gain,,0.0,0.0,False,False,,nonpositive_total_gain,,-1122.94483826333,1.0,False,False
M-w128-d57163-s801-uniform,0,M,128,57163,801,uniform,True,0.0,0.0,0.0,-0.0,0.0,0.0,,,,constant_weights,False,False,0.0,,constant_weights,,0.0,0.0,False,False,,constant_weights,,0.0,0.0,False,False,,constant_weights,,0.0,0.0,False,False,,constant_weights,,0.0,0.0,False,False,,constant_weights,,-1122.94483826333,1.0,False,False
M-w128-d57163-s802-random,0,M,128,57163,802,random,True,0.0,0.0,0.0,-0.0,0.0,0.0,,,,nonpositive_total_gain,False,False,0.0,,nonpositive_total_gain,,0.0,0.0,False,False,,nonpositive_total_gain,,0.0,0.0,False,False,,nonpositive_total_gain,,0.0,0.0,False,False,,nonpositive_total_gain,,0.0,0.0,False,False,,nonpositive_total_gain,,-1124.8112790363402,1.0,False,False
M-w128-d57163-s802-uniform,0,M,128,57163,802,uniform,True,0.0,0.0,0.0,-0.0,0.0,0.0,,,,constant_weights,False,False,0.0,,constant_weights,,0.0,0.0,False,False,,constant_weights,,0.0,0.0,False,False,,constant_weights,,0.0,0.0,False,False,,constant_weights,,0.0,0.0,False,False,,constant_weights,,-1124.8112790363402,1.0,False,False
M-w128-d57163-s803-random,0,M,128,57163,803,random,True,0.0,0.0,0.0,-0.0,0.0,0.0,,,,nonpositive_total_gain,False,False,0.0,,nonpositive_total_gain,,0.0,0.0,False,False,,nonpositive_total_gain,,0.0,0.0,False,False,,nonpositive_total_gain,,0.0,0.0,False,False,,nonpositive_total_gain,,0.0,0.0,False,False,,nonpositive_total_gain,,-1121.688617445764,1.0,False,False
M-w128-d57163-s803-uniform,0,M,128,57163,803,uniform,True,0.0,0.0,0.0,-0.0,0.0,0.0,,,,constant_weights,False,False,0.0,,constant_weights,,0.0,0.0,False,False,,constant_weights,,0.0,0.0,False,False,,constant_weights,,0.0,0.0,False,False,,constant_weights,,0.0,0.0,False,False,,constant_weights,,-1121.688617445764,1.0,False,False
M-w256-d52919-s801-random,0,M,256,52919,801,random,True,0.0,0.0,0.0,-0.0,0.0,0.0,,,,nonpositive_total_gain,False,False,0.0,,nonpositive_total_gain,,0.0,0.0,False,False,,nonpositive_total_gain,,0.0,0.0,False,False,,nonpositive_total_gain,,0.0,0.0,False,False,,nonpositive_total_gain,,0.0,0.0,False,False,,nonpositive_total_gain,,-1761.9654655235386,1.0,False,False
M-w256-d52919-s801-uniform,0,M,256,52919,801,uniform,True,0.0,0.0,0.0,-0.0,0.0,0.0,,,,constant_weights,False,False,0.0,,constant_weights,,0.0,0.0,False,False,,constant_weights,,0.0,0.0,False,False,,constant_weights,,0.0,0.0,False,False,,constant_weights,,0.0,0.0,False,False,,constant_weights,,-1761.9654655235386,1.0,False,False
M-w256-d52919-s802-random,0,M,256,52919,802,random,True,0.0,0.0,0.0,-0.0,0.0,0.0,,,,nonpositive_total_gain,False,False,0.0,,nonpositive_total_gain,,0.0,0.0,False,False,,nonpositive_total_gain,,0.0,0.0,False,False,,nonpositive_total_gain,,0.0,0.0,False,False,,nonpositive_total_gain,,0.0,0.0,False,False,,nonpositive_total_gain,,-1775.343327500162,1.0,False,False
M-w256-d52919-s802-uniform,0,M,256,52919,802,uniform,True,0.0,0.0,0.0,-0.0,0.0,0.0,,,,constant_weights,False,False,0.0,,constant_weights,,0.0,0.0,False,False,,constant_weights,,0.0,0.0,False,False,,constant_weights,,0.0,0.0,False,False,,constant_weights,,0.0,0.0,False,False,,constant_weights,,-1775.343327500162,1.0,False,False
M-w256-d52919-s803-random,0,M,256,52919,803,random,True,0.0,0.0,0.0,-0.0,0.0,0.0,,,,nonpositive_total_gain,False,False,0.0,,nonpositive_total_gain,,0.0,0.0,False,False,,nonpositive_total_gain,,0.0,0.0,False,False,,nonpositive_total_gain,,0.0,0.0,False,False,,nonpositive_total_gain,,0.0,0.0,False,False,,nonpositive_total_gain,,-1788.8718192356205,1.0,False,False
M-w256-d52919-s803-uniform,0,M,256,52919,803,uniform,True,0.0,0.0,0.0,-0.0,0.0,0.0,,,,constant_weights,False,False,0.0,,constant_weights,,0.0,0.0,False,False,,constant_weights,,0.0,0.0,False,False,,constant_weights,,0.0,0.0,False,False,,constant_weights,,0.0,0.0,False,False,,constant_weights,,-1788.8718192356205,1.0,False,False
M-w256-d55049-s801-random,0,M,256,55049,801,random,True,0.0,0.0,0.0,-0.0,0.0,0.0,,,,nonpositive_total_gain,False,False,0.0,,nonpositive_total_gain,,0.0,0.0,False,False,,nonpositive_total_gain,,0.0,0.0,False,False,,nonpositive_total_gain,,0.0,0.0,False,False,,nonpositive_total_gain,,0.0,0.0,False,False,,nonpositive_total_gain,,-1746.3223273532965,1.0,False,False
M-w256-d55049-s801-uniform,0,M,256,55049,801,uniform,True,0.0,0.0,0.0,-0.0,0.0,0.0,,,,constant_weights,False,False,0.0,,constant_weights,,0.0,0.0,False,False,,constant_weights,,0.0,0.0,False,False,,constant_weights,,0.0,0.0,False,False,,constant_weights,,0.0,0.0,False,False,,constant_weights,,-1746.3223273532965,1.0,False,False
M-w256-d55049-s802-random,0,M,256,55049,802,random,True,0.0,0.0,0.0,-0.0,0.0,0.0,,,,nonpositive_total_gain,False,False,0.0,,nonpositive_total_gain,,0.0,0.0,False,False,,nonpositive_total_gain,,0.0,0.0,False,False,,nonpositive_total_gain,,0.0,0.0,False,False,,nonpositive_total_gain,,0.0,0.0,False,False,,nonpositive_total_gain,,-1768.521178700266,1.0,False,False
M-w256-d55049-s802-uniform,0,M,256,55049,802,uniform,True,0.0,0.0,0.0,-0.0,0.0,0.0,,,,constant_weights,False,False,0.0,,constant_weights,,0.0,0.0,False,False,,constant_weights,,0.0,0.0,False,False,,constant_weights,,0.0,0.0,False,False,,constant_weights,,0.0,0.0,False,False,,constant_weights,,-1768.521178700266,1.0,False,False
M-w256-d55049-s803-random,0,M,256,55049,803,random,True,0.0,0.0,0.0,-0.0,0.0,0.0,,,,nonpositive_total_gain,False,False,0.0,,nonpositive_total_gain,,0.0,0.0,False,False,,nonpositive_total_gain,,0.0,0.0,False,False,,nonpositive_total_gain,,0.0,0.0,False,False,,nonpositive_total_gain,,0.0,0.0,False,False,,nonpositive_total_gain,,-1771.1923374908545,1.0,False,False
M-w256-d55049-s803-uniform,0,M,256,55049,803,uniform,True,0.0,0.0,0.0,-0.0,0.0,0.0,,,,constant_weights,False,False,0.0,,constant_weights,,0.0,0.0,False,False,,constant_weights,,0.0,0.0,False,False,,constant_weights,,0.0,0.0,False,False,,constant_weights,,0.0,0.0,False,False,,constant_weights,,-1771.1923374908545,1.0,False,False
M-w256-d57163-s801-random,0,M,256,57163,801,random,True,0.0,0.0,0.0,-0.0,0.0,0.0,,,,nonpositive_total_gain,False,False,0.0,,nonpositive_total_gain,,0.0,0.0,False,False,,nonpositive_total_gain,,0.0,0.0,False,False,,nonpositive_total_gain,,0.0,0.0,False,False,,nonpositive_total_gain,,0.0,0.0,False,False,,nonpositive_total_gain,,-1763.4411198871708,1.0,False,False
M-w256-d57163-s801-uniform,0,M,256,57163,801,uniform,True,0.0,0.0,0.0,-0.0,0.0,0.0,,,,constant_weights,False,False,0.0,,constant_weights,,0.0,0.0,False,False,,constant_weights,,0.0,0.0,False,False,,constant_weights,,0.0,0.0,False,False,,constant_weights,,0.0,0.0,False,False,,constant_weights,,-1763.4411198871708,1.0,False,False
M-w256-d57163-s802-random,0,M,256,57163,802,random,True,0.0,0.0,0.0,-0.0,0.0,0.0,,,,nonpositive_total_gain,False,False,0.0,,nonpositive_total_gain,,0.0,0.0,False,False,,nonpositive_total_gain,,0.0,0.0,False,False,,nonpositive_total_gain,,0.0,0.0,False,False,,nonpositive_total_gain,,0.0,0.0,False,False,,nonpositive_total_gain,,-1786.7679326313114,1.0,False,False
M-w256-d57163-s802-uniform,0,M,256,57163,802,uniform,True,0.0,0.0,0.0,-0.0,0.0,0.0,,,,constant_weights,False,False,0.0,,constant_weights,,0.0,0.0,False,False,,constant_weights,,0.0,0.0,False,False,,constant_weights,,0.0,0.0,False,False,,constant_weights,,0.0,0.0,False,False,,constant_weights,,-1786.7679326313114,1.0,False,False
M-w256-d57163-s803-random,0,M,256,57163,803,random,True,0.0,0.0,0.0,-0.0,0.0,0.0,,,,nonpositive_total_gain,False,False,0.0,,nonpositive_total_gain,,0.0,0.0,False,False,,nonpositive_total_gain,,0.0,0.0,False,False,,nonpositive_total_gain,,0.0,0.0,False,False,,nonpositive_total_gain,,0.0,0.0,False,False,,nonpositive_total_gain,,-1785.7938556449985,1.0,False,False
M-w256-d57163-s803-uniform,0,M,256,57163,803,uniform,True,0.0,0.0,0.0,-0.0,0.0,0.0,,,,constant_weights,False,False,0.0,,constant_weights,,0.0,0.0,False,False,,constant_weights,,0.0,0.0,False,False,,constant_weights,,0.0,0.0,False,False,,constant_weights,,0.0,0.0,False,False,,constant_weights,,-1785.7938556449985,1.0,False,False
M-w64-d52919-s801-random,0,M,64,52919,801,random,True,0.0,0.0,0.0,-0.0,0.0,0.0,,,,nonpositive_total_gain,False,False,0.0,,nonpositive_total_gain,,0.0,0.0,False,False,,nonpositive_total_gain,,0.0,0.0,False,False,,nonpositive_total_gain,,0.0,0.0,False,False,,nonpositive_total_gain,,0.0,0.0,False,False,,nonpositive_total_gain,,-645.7781435030072,0.998046875,False,False
M-w64-d52919-s801-uniform,0,M,64,52919,801,uniform,True,0.0,0.0,0.0,-0.0,0.0,0.0,,,,constant_weights,False,False,0.0,,constant_weights,,0.0,0.0,False,False,,constant_weights,,0.0,0.0,False,False,,constant_weights,,0.0,0.0,False,False,,constant_weights,,0.0,0.0,False,False,,constant_weights,,-645.7781435030072,0.998046875,False,False
M-w64-d52919-s802-random,0,M,64,52919,802,random,True,0.0,0.0,0.0,-0.0,0.0,0.0,,,,nonpositive_total_gain,False,False,0.0,,nonpositive_total_gain,,0.0,0.0,False,False,,nonpositive_total_gain,,0.0,0.0,False,False,,nonpositive_total_gain,,0.0,0.0,False,False,,nonpositive_total_gain,,0.0,0.0,False,False,,nonpositive_total_gain,,-651.3650754469006,0.998046875,False,False
M-w64-d52919-s802-uniform,0,M,64,52919,802,uniform,True,0.0,0.0,0.0,-0.0,0.0,0.0,,,,constant_weights,False,False,0.0,,constant_weights,,0.0,0.0,False,False,,constant_weights,,0.0,0.0,False,False,,constant_weights,,0.0,0.0,False,False,,constant_weights,,0.0,0.0,False,False,,constant_weights,,-651.3650754469006,0.998046875,False,False
M-w64-d52919-s803-random,0,M,64,52919,803,random,True,0.0,0.0,0.0,-0.0,0.0,0.0,,,,nonpositive_total_gain,False,False,0.0,,nonpositive_total_gain,,0.0,0.0,False,False,,nonpositive_total_gain,,0.0,0.0,False,False,,nonpositive_total_gain,,0.0,0.0,False,False,,nonpositive_total_gain,,0.0,0.0,False,False,,nonpositive_total_gain,,-657.4118853586285,0.998046875,False,False
M-w64-d52919-s803-uniform,0,M,64,52919,803,uniform,True,0.0,0.0,0.0,-0.0,0.0,0.0,,,,constant_weights,False,False,0.0,,constant_weights,,0.0,0.0,False,False,,constant_weights,,0.0,0.0,False,False,,constant_weights,,0.0,0.0,False,False,,constant_weights,,0.0,0.0,False,False,,constant_weights,,-657.4118853586285,0.998046875,False,False
M-w64-d55049-s801-random,0,M,64,55049,801,random,True,0.0,0.0,0.0,-0.0,0.0,0.0,,,,nonpositive_total_gain,False,False,0.0,,nonpositive_total_gain,,0.0,0.0,False,False,,nonpositive_total_gain,,0.0,0.0,False,False,,nonpositive_total_gain,,0.0,0.0,False,False,,nonpositive_total_gain,,0.0,0.0,False,False,,nonpositive_total_gain,,-636.7900910156338,1.0,False,False
M-w64-d55049-s801-uniform,0,M,64,55049,801,uniform,True,0.0,0.0,0.0,-0.0,0.0,0.0,,,,constant_weights,False,False,0.0,,constant_weights,,0.0,0.0,False,False,,constant_weights,,0.0,0.0,False,False,,constant_weights,,0.0,0.0,False,False,,constant_weights,,0.0,0.0,False,False,,constant_weights,,-636.7900910156338,1.0,False,False
M-w64-d55049-s802-random,0,M,64,55049,802,random,True,0.0,0.0,0.0,-0.0,0.0,0.0,,,,nonpositive_total_gain,False,False,0.0,,nonpositive_total_gain,,0.0,0.0,False,False,,nonpositive_total_gain,,0.0,0.0,False,False,,nonpositive_total_gain,,0.0,0.0,False,False,,nonpositive_total_gain,,0.0,0.0,False,False,,nonpositive_total_gain,,-654.6160256641476,1.0,False,False
M-w64-d55049-s802-uniform,0,M,64,55049,802,uniform,True,0.0,0.0,0.0,-0.0,0.0,0.0,,,,constant_weights,False,False,0.0,,constant_weights,,0.0,0.0,False,False,,constant_weights,,0.0,0.0,False,False,,constant_weights,,0.0,0.0,False,False,,constant_weights,,0.0,0.0,False,False,,constant_weights,,-654.6160256641476,1.0,False,False
M-w64-d55049-s803-random,0,M,64,55049,803,random,True,0.0,0.0,0.0,-0.0,0.0,0.0,,,,nonpositive_total_gain,False,False,0.0,,nonpositive_total_gain,,0.0,0.0,False,False,,nonpositive_total_gain,,0.0,0.0,False,False,,nonpositive_total_gain,,0.0,0.0,False,False,,nonpositive_total_gain,,0.0,0.0,False,False,,nonpositive_total_gain,,-635.2434036510556,1.0,False,False
M-w64-d55049-s803-uniform,0,M,64,55049,803,uniform,True,0.0,0.0,0.0,-0.0,0.0,0.0,,,,constant_weights,False,False,0.0,,constant_weights,,0.0,0.0,False,False,,constant_weights,,0.0,0.0,False,False,,constant_weights,,0.0,0.0,False,False,,constant_weights,,0.0,0.0,False,False,,constant_weights,,-635.2434036510556,1.0,False,False
M-w64-d57163-s801-random,0,M,64,57163,801,random,True,0.0,0.0,0.0,-0.0,0.0,0.0,,,,nonpositive_total_gain,False,False,0.0,,nonpositive_total_gain,,0.0,0.0,False,False,,nonpositive_total_gain,,0.0,0.0,False,False,,nonpositive_total_gain,,0.0,0.0,False,False,,nonpositive_total_gain,,0.0,0.0,False,False,,nonpositive_total_gain,,-656.9756895082562,1.0,False,False
M-w64-d57163-s801-uniform,0,M,64,57163,801,uniform,True,0.0,0.0,0.0,-0.0,0.0,0.0,,,,constant_weights,False,False,0.0,,constant_weights,,0.0,0.0,False,False,,constant_weights,,0.0,0.0,False,False,,constant_weights,,0.0,0.0,False,False,,constant_weights,,0.0,0.0,False,False,,constant_weights,,-656.9756895082562,1.0,False,False
M-w64-d57163-s802-random,0,M,64,57163,802,random,True,0.0,0.0,0.0,-0.0,0.0,0.0,,,,nonpositive_total_gain,False,False,0.0,,nonpositive_total_gain,,0.0,0.0,False,False,,nonpositive_total_gain,,0.0,0.0,False,False,,nonpositive_total_gain,,0.0,0.0,False,False,,nonpositive_total_gain,,0.0,0.0,False,False,,nonpositive_total_gain,,-649.8195531147092,1.0,False,False
M-w64-d57163-s802-uniform,0,M,64,57163,802,uniform,True,0.0,0.0,0.0,-0.0,0.0,0.0,,,,constant_weights,False,False,0.0,,constant_weights,,0.0,0.0,False,False,,constant_weights,,0.0,0.0,False,False,,constant_weights,,0.0,0.0,False,False,,constant_weights,,0.0,0.0,False,False,,constant_weights,,-649.8195531147092,1.0,False,False
M-w64-d57163-s803-random,0,M,64,57163,803,random,True,0.0,0.0,0.0,-0.0,0.0,0.0,,,,nonpositive_total_gain,False,False,0.0,,nonpositive_total_gain,,0.0,0.0,False,False,,nonpositive_total_gain,,0.0,0.0,False,False,,nonpositive_total_gain,,0.0,0.0,False,False,,nonpositive_total_gain,,0.0,0.0,False,False,,nonpositive_total_gain,,-656.9016663807004,1.0,False,False
M-w64-d57163-s803-uniform,0,M,64,57163,803,uniform,True,0.0,0.0,0.0,-0.0,0.0,0.0,,,,constant_weights,False,False,0.0,,constant_weights,,0.0,0.0,False,False,,constant_weights,,0.0,0.0,False,False,,constant_weights,,0.0,0.0,False,False,,constant_weights,,0.0,0.0,False,False,,constant_weights,,-656.9016663807004,1.0,False,False
U-w128-d52919-s801-random,0,U,128,52919,801,random,True,0.0,0.0,0.0,-0.0,0.0,0.0,,,,nonpositive_total_gain,False,False,0.0,,nonpositive_total_gain,,0.0,0.0,False,False,,nonpositive_total_gain,,0.0,0.0,False,False,,nonpositive_total_gain,,0.0,0.0,False,False,,nonpositive_total_gain,,0.0,0.0,False,False,,nonpositive_total_gain,,-14.52361343079508,0.96875,False,False
U-w128-d52919-s801-uniform,0,U,128,52919,801,uniform,True,0.0,0.0,0.0,-0.0,0.0,0.0,,,,constant_weights,False,False,0.0,,constant_weights,,0.0,0.0,False,False,,constant_weights,,0.0,0.0,False,False,,constant_weights,,0.0,0.0,False,False,,constant_weights,,0.0,0.0,False,False,,constant_weights,,-14.52361343079508,0.96875,False,False
U-w128-d52919-s802-random,0,U,128,52919,802,random,True,0.0,0.0,0.0,-0.0,0.0,0.0,,,,nonpositive_total_gain,False,False,0.0,,nonpositive_total_gain,,0.0,0.0,False,False,,nonpositive_total_gain,,0.0,0.0,False,False,,nonpositive_total_gain,,0.0,0.0,False,False,,nonpositive_total_gain,,0.0,0.0,False,False,,nonpositive_total_gain,,-14.48105905228556,0.97265625,False,False
U-w128-d52919-s802-uniform,0,U,128,52919,802,uniform,True,0.0,0.0,0.0,-0.0,0.0,0.0,,,,constant_weights,False,False,0.0,,constant_weights,,0.0,0.0,False,False,,constant_weights,,0.0,0.0,False,False,,constant_weights,,0.0,0.0,False,False,,constant_weights,,0.0,0.0,False,False,,constant_weights,,-14.48105905228556,0.97265625,False,False
U-w128-d52919-s803-random,0,U,128,52919,803,random,True,0.0,0.0,0.0,-0.0,0.0,0.0,,,,nonpositive_total_gain,False,False,0.0,,nonpositive_total_gain,,0.0,0.0,False,False,,nonpositive_total_gain,,0.0,0.0,False,False,,nonpositive_total_gain,,0.0,0.0,False,False,,nonpositive_total_gain,,0.0,0.0,False,False,,nonpositive_total_gain,,-13.713646151360877,0.96484375,False,False
U-w128-d52919-s803-uniform,0,U,128,52919,803,uniform,True,0.0,0.0,0.0,-0.0,0.0,0.0,,,,constant_weights,False,False,0.0,,constant_weights,,0.0,0.0,False,False,,constant_weights,,0.0,0.0,False,False,,constant_weights,,0.0,0.0,False,False,,constant_weights,,0.0,0.0,False,False,,constant_weights,,-13.713646151360877,0.96484375,False,False
U-w128-d55049-s801-random,0,U,128,55049,801,random,True,0.0,0.0,0.0,-0.0,0.0,0.0,,,,nonpositive_total_gain,False,False,0.0,,nonpositive_total_gain,,0.0,0.0,False,False,,nonpositive_total_gain,,0.0,0.0,False,False,,nonpositive_total_gain,,0.0,0.0,False,False,,nonpositive_total_gain,,0.0,0.0,False,False,,nonpositive_total_gain,,-13.98228225880564,0.966796875,False,False
U-w128-d55049-s801-uniform,0,U,128,55049,801,uniform,True,0.0,0.0,0.0,-0.0,0.0,0.0,,,,constant_weights,False,False,0.0,,constant_weights,,0.0,0.0,False,False,,constant_weights,,0.0,0.0,False,False,,constant_weights,,0.0,0.0,False,False,,constant_weights,,0.0,0.0,False,False,,constant_weights,,-13.98228225880564,0.966796875,False,False
U-w128-d55049-s802-random,0,U,128,55049,802,random,True,0.0,0.0,0.0,-0.0,0.0,0.0,,,,nonpositive_total_gain,False,False,0.0,,nonpositive_total_gain,,0.0,0.0,False,False,,nonpositive_total_gain,,0.0,0.0,False,False,,nonpositive_total_gain,,0.0,0.0,False,False,,nonpositive_total_gain,,0.0,0.0,False,False,,nonpositive_total_gain,,-14.279003001984961,0.97265625,False,False
U-w128-d55049-s802-uniform,0,U,128,55049,802,uniform,True,0.0,0.0,0.0,-0.0,0.0,0.0,,,,constant_weights,False,False,0.0,,constant_weights,,0.0,0.0,False,False,,constant_weights,,0.0,0.0,False,False,,constant_weights,,0.0,0.0,False,False,,constant_weights,,0.0,0.0,False,False,,constant_weights,,-14.279003001984961,0.97265625,False,False
U-w128-d55049-s803-random,0,U,128,55049,803,random,True,0.0,0.0,0.0,-0.0,0.0,0.0,,,,nonpositive_total_gain,False,False,0.0,,nonpositive_total_gain,,0.0,0.0,False,False,,nonpositive_total_gain,,0.0,0.0,False,False,,nonpositive_total_gain,,0.0,0.0,False,False,,nonpositive_total_gain,,0.0,0.0,False,False,,nonpositive_total_gain,,-13.6795186775297,0.966796875,False,False
U-w128-d55049-s803-uniform,0,U,128,55049,803,uniform,True,0.0,0.0,0.0,-0.0,0.0,0.0,,,,constant_weights,False,False,0.0,,constant_weights,,0.0,0.0,False,False,,constant_weights,,0.0,0.0,False,False,,constant_weights,,0.0,0.0,False,False,,constant_weights,,0.0,0.0,False,False,,constant_weights,,-13.6795186775297,0.966796875,False,False
U-w128-d57163-s801-random,0,U,128,57163,801,random,True,0.0,0.0,0.0,-0.0,0.0,0.0,,,,nonpositive_total_gain,False,False,0.0,,nonpositive_total_gain,,0.0,0.0,False,False,,nonpositive_total_gain,,0.0,0.0,False,False,,nonpositive_total_gain,,0.0,0.0,False,False,,nonpositive_total_gain,,0.0,0.0,False,False,,nonpositive_total_gain,,-14.249126650628455,0.9765625,False,False
U-w128-d57163-s801-uniform,0,U,128,57163,801,uniform,True,0.0,0.0,0.0,-0.0,0.0,0.0,,,,constant_weights,False,False,0.0,,constant_weights,,0.0,0.0,False,False,,constant_weights,,0.0,0.0,False,False,,constant_weights,,0.0,0.0,False,False,,constant_weights,,0.0,0.0,False,False,,constant_weights,,-14.249126650628455,0.9765625,False,False
U-w128-d57163-s802-random,0,U,128,57163,802,random,True,0.0,0.0,0.0,-0.0,0.0,0.0,,,,nonpositive_total_gain,False,False,0.0,,nonpositive_total_gain,,0.0,0.0,False,False,,nonpositive_total_gain,,0.0,0.0,False,False,,nonpositive_total_gain,,0.0,0.0,False,False,,nonpositive_total_gain,,0.0,0.0,False,False,,nonpositive_total_gain,,-14.173357345399268,0.98046875,False,False
U-w128-d57163-s802-uniform,0,U,128,57163,802,uniform,True,0.0,0.0,0.0,-0.0,0.0,0.0,,,,constant_weights,False,False,0.0,,constant_weights,,0.0,0.0,False,False,,constant_weights,,0.0,0.0,False,False,,constant_weights,,0.0,0.0,False,False,,constant_weights,,0.0,0.0,False,False,,constant_weights,,-14.173357345399268,0.98046875,False,False
U-w128-d57163-s803-random,0,U,128,57163,803,random,True,0.0,0.0,0.0,-0.0,0.0,0.0,,,,nonpositive_total_gain,False,False,0.0,,nonpositive_total_gain,,0.0,0.0,False,False,,nonpositive_total_gain,,0.0,0.0,False,False,,nonpositive_total_gain,,0.0,0.0,False,False,,nonpositive_total_gain,,0.0,0.0,False,False,,nonpositive_total_gain,,-13.785039641198523,0.982421875,False,False
U-w128-d57163-s803-uniform,0,U,128,57163,803,uniform,True,0.0,0.0,0.0,-0.0,0.0,0.0,,,,constant_weights,False,False,0.0,,constant_weights,,0.0,0.0,False,False,,constant_weights,,0.0,0.0,False,False,,constant_weights,,0.0,0.0,False,False,,constant_weights,,0.0,0.0,False,False,,constant_weights,,-13.785039641198523,0.982421875,False,False
U-w256-d52919-s801-random,0,U,256,52919,801,random,True,0.0,0.0,0.0,-0.0,0.0,0.0,,,,nonpositive_total_gain,False,False,0.0,,nonpositive_total_gain,,0.0,0.0,False,False,,nonpositive_total_gain,,0.0,0.0,False,False,,nonpositive_total_gain,,0.0,0.0,False,False,,nonpositive_total_gain,,0.0,0.0,False,False,,nonpositive_total_gain,,-2.809270598229773,0.787109375,False,False
U-w256-d52919-s801-uniform,0,U,256,52919,801,uniform,True,0.0,0.0,0.0,-0.0,0.0,0.0,,,,constant_weights,False,False,0.0,,constant_weights,,0.0,0.0,False,False,,constant_weights,,0.0,0.0,False,False,,constant_weights,,0.0,0.0,False,False,,constant_weights,,0.0,0.0,False,False,,constant_weights,,-2.809270598229773,0.787109375,False,False
U-w256-d52919-s802-random,0,U,256,52919,802,random,True,0.0,0.0,0.0,-0.0,0.0,0.0,,,,nonpositive_total_gain,False,False,0.0,,nonpositive_total_gain,,0.0,0.0,False,False,,nonpositive_total_gain,,0.0,0.0,False,False,,nonpositive_total_gain,,0.0,0.0,False,False,,nonpositive_total_gain,,0.0,0.0,False,False,,nonpositive_total_gain,,-2.800830222901709,0.802734375,False,False
U-w256-d52919-s802-uniform,0,U,256,52919,802,uniform,True,0.0,0.0,0.0,-0.0,0.0,0.0,,,,constant_weights,False,False,0.0,,constant_weights,,0.0,0.0,False,False,,constant_weights,,0.0,0.0,False,False,,constant_weights,,0.0,0.0,False,False,,constant_weights,,0.0,0.0,False,False,,constant_weights,,-2.800830222901709,0.802734375,False,False
U-w256-d52919-s803-random,0,U,256,52919,803,random,True,0.0,0.0,0.0,-0.0,0.0,0.0,,,,nonpositive_total_gain,False,False,0.0,,nonpositive_total_gain,,0.0,0.0,False,False,,nonpositive_total_gain,,0.0,0.0,False,False,,nonpositive_total_gain,,0.0,0.0,False,False,,nonpositive_total_gain,,0.0,0.0,False,False,,nonpositive_total_gain,,-2.838705994424231,0.810546875,False,False
U-w256-d52919-s803-uniform,0,U,256,52919,803,uniform,True,0.0,0.0,0.0,-0.0,0.0,0.0,,,,constant_weights,False,False,0.0,,constant_weights,,0.0,0.0,False,False,,constant_weights,,0.0,0.0,False,False,,constant_weights,,0.0,0.0,False,False,,constant_weights,,0.0,0.0,False,False,,constant_weights,,-2.838705994424231,0.810546875,False,False
U-w256-d55049-s801-random,0,U,256,55049,801,random,True,0.0,0.0,0.0,-0.0,0.0,0.0,,,,nonpositive_total_gain,False,False,0.0,,nonpositive_total_gain,,0.0,0.0,False,False,,nonpositive_total_gain,,0.0,0.0,False,False,,nonpositive_total_gain,,0.0,0.0,False,False,,nonpositive_total_gain,,0.0,0.0,False,False,,nonpositive_total_gain,,-2.778814532098181,0.751953125,False,False
U-w256-d55049-s801-uniform,0,U,256,55049,801,uniform,True,0.0,0.0,0.0,-0.0,0.0,0.0,,,,constant_weights,False,False,0.0,,constant_weights,,0.0,0.0,False,False,,constant_weights,,0.0,0.0,False,False,,constant_weights,,0.0,0.0,False,False,,constant_weights,,0.0,0.0,False,False,,constant_weights,,-2.778814532098181,0.751953125,False,False
U-w256-d55049-s802-random,0,U,256,55049,802,random,True,0.0,0.0,0.0,-0.0,0.0,0.0,,,,nonpositive_total_gain,False,False,0.0,,nonpositive_total_gain,,0.0,0.0,False,False,,nonpositive_total_gain,,0.0,0.0,False,False,,nonpositive_total_gain,,0.0,0.0,False,False,,nonpositive_total_gain,,0.0,0.0,False,False,,nonpositive_total_gain,,-2.8925200479596924,0.771484375,False,False
U-w256-d55049-s802-uniform,0,U,256,55049,802,uniform,True,0.0,0.0,0.0,-0.0,0.0,0.0,,,,constant_weights,False,False,0.0,,constant_weights,,0.0,0.0,False,False,,constant_weights,,0.0,0.0,False,False,,constant_weights,,0.0,0.0,False,False,,constant_weights,,0.0,0.0,False,False,,constant_weights,,-2.8925200479596924,0.771484375,False,False
U-w256-d55049-s803-random,0,U,256,55049,803,random,True,0.0,0.0,0.0,-0.0,0.0,0.0,,,,nonpositive_total_gain,False,False,0.0,,nonpositive_total_gain,,0.0,0.0,False,False,,nonpositive_total_gain,,0.0,0.0,False,False,,nonpositive_total_gain,,0.0,0.0,False,False,,nonpositive_total_gain,,0.0,0.0,False,False,,nonpositive_total_gain,,-2.576245762643225,0.76171875,False,False
U-w256-d55049-s803-uniform,0,U,256,55049,803,uniform,True,0.0,0.0,0.0,-0.0,0.0,0.0,,,,constant_weights,False,False,0.0,,constant_weights,,0.0,0.0,False,False,,constant_weights,,0.0,0.0,False,False,,constant_weights,,0.0,0.0,False,False,,constant_weights,,0.0,0.0,False,False,,constant_weights,,-2.576245762643225,0.76171875,False,False
U-w256-d57163-s801-random,0,U,256,57163,801,random,True,0.0,0.0,0.0,-0.0,0.0,0.0,,,,nonpositive_total_gain,False,False,0.0,,nonpositive_total_gain,,0.0,0.0,False,False,,nonpositive_total_gain,,0.0,0.0,False,False,,nonpositive_total_gain,,0.0,0.0,False,False,,nonpositive_total_gain,,0.0,0.0,False,False,,nonpositive_total_gain,,-2.9533848541349244,0.7734375,False,False
U-w256-d57163-s801-uniform,0,U,256,57163,801,uniform,True,0.0,0.0,0.0,-0.0,0.0,0.0,,,,constant_weights,False,False,0.0,,constant_weights,,0.0,0.0,False,False,,constant_weights,,0.0,0.0,False,False,,constant_weights,,0.0,0.0,False,False,,constant_weights,,0.0,0.0,False,False,,constant_weights,,-2.9533848541349244,0.7734375,False,False
U-w256-d57163-s802-random,0,U,256,57163,802,random,True,0.0,0.0,0.0,-0.0,0.0,0.0,,,,nonpositive_total_gain,False,False,0.0,,nonpositive_total_gain,,0.0,0.0,False,False,,nonpositive_total_gain,,0.0,0.0,False,False,,nonpositive_total_gain,,0.0,0.0,False,False,,nonpositive_total_gain,,0.0,0.0,False,False,,nonpositive_total_gain,,-2.872000910577185,0.791015625,False,False
U-w256-d57163-s802-uniform,0,U,256,57163,802,uniform,True,0.0,0.0,0.0,-0.0,0.0,0.0,,,,constant_weights,False,False,0.0,,constant_weights,,0.0,0.0,False,False,,constant_weights,,0.0,0.0,False,False,,constant_weights,,0.0,0.0,False,False,,constant_weights,,0.0,0.0,False,False,,constant_weights,,-2.872000910577185,0.791015625,False,False
U-w256-d57163-s803-random,0,U,256,57163,803,random,True,0.0,0.0,0.0,-0.0,0.0,0.0,,,,nonpositive_total_gain,False,False,0.0,,nonpositive_total_gain,,0.0,0.0,False,False,,nonpositive_total_gain,,0.0,0.0,False,False,,nonpositive_total_gain,,0.0,0.0,False,False,,nonpositive_total_gain,,0.0,0.0,False,False,,nonpositive_total_gain,,-3.0009882228940796,0.82421875,False,False
U-w256-d57163-s803-uniform,0,U,256,57163,803,uniform,True,0.0,0.0,0.0,-0.0,0.0,0.0,,,,constant_weights,False,False,0.0,,constant_weights,,0.0,0.0,False,False,,constant_weights,,0.0,0.0,False,False,,constant_weights,,0.0,0.0,False,False,,constant_weights,,0.0,0.0,False,False,,constant_weights,,-3.0009882228940796,0.82421875,False,False
U-w64-d52919-s801-random,0,U,64,52919,801,random,True,0.0,0.0,0.0,-0.0,0.0,0.0,,,,nonpositive_total_gain,False,False,0.0,,nonpositive_total_gain,,0.0,0.0,False,False,,nonpositive_total_gain,,0.0,0.0,False,False,,nonpositive_total_gain,,0.0,0.0,False,False,,nonpositive_total_gain,,0.0,0.0,False,False,,nonpositive_total_gain,,-72.8045620697111,1.0,False,False
U-w64-d52919-s801-uniform,0,U,64,52919,801,uniform,True,0.0,0.0,0.0,-0.0,0.0,0.0,,,,constant_weights,False,False,0.0,,constant_weights,,0.0,0.0,False,False,,constant_weights,,0.0,0.0,False,False,,constant_weights,,0.0,0.0,False,False,,constant_weights,,0.0,0.0,False,False,,constant_weights,,-72.8045620697111,1.0,False,False
U-w64-d52919-s802-random,0,U,64,52919,802,random,True,0.0,0.0,0.0,-0.0,0.0,0.0,,,,nonpositive_total_gain,False,False,0.0,,nonpositive_total_gain,,0.0,0.0,False,False,,nonpositive_total_gain,,0.0,0.0,False,False,,nonpositive_total_gain,,0.0,0.0,False,False,,nonpositive_total_gain,,0.0,0.0,False,False,,nonpositive_total_gain,,-76.2358923929304,1.0,False,False
U-w64-d52919-s802-uniform,0,U,64,52919,802,uniform,True,0.0,0.0,0.0,-0.0,0.0,0.0,,,,constant_weights,False,False,0.0,,constant_weights,,0.0,0.0,False,False,,constant_weights,,0.0,0.0,False,False,,constant_weights,,0.0,0.0,False,False,,constant_weights,,0.0,0.0,False,False,,constant_weights,,-76.2358923929304,1.0,False,False
U-w64-d52919-s803-random,0,U,64,52919,803,random,True,0.0,0.0,0.0,-0.0,0.0,0.0,,,,nonpositive_total_gain,False,False,0.0,,nonpositive_total_gain,,0.0,0.0,False,False,,nonpositive_total_gain,,0.0,0.0,False,False,,nonpositive_total_gain,,0.0,0.0,False,False,,nonpositive_total_gain,,0.0,0.0,False,False,,nonpositive_total_gain,,-76.57504294091166,1.0,False,False
U-w64-d52919-s803-uniform,0,U,64,52919,803,uniform,True,0.0,0.0,0.0,-0.0,0.0,0.0,,,,constant_weights,False,False,0.0,,constant_weights,,0.0,0.0,False,False,,constant_weights,,0.0,0.0,False,False,,constant_weights,,0.0,0.0,False,False,,constant_weights,,0.0,0.0,False,False,,constant_weights,,-76.57504294091166,1.0,False,False
U-w64-d55049-s801-random,0,U,64,55049,801,random,True,0.0,0.0,0.0,-0.0,0.0,0.0,,,,nonpositive_total_gain,False,False,0.0,,nonpositive_total_gain,,0.0,0.0,False,False,,nonpositive_total_gain,,0.0,0.0,False,False,,nonpositive_total_gain,,0.0,0.0,False,False,,nonpositive_total_gain,,0.0,0.0,False,False,,nonpositive_total_gain,,-72.8179613130659,1.0,False,False
U-w64-d55049-s801-uniform,0,U,64,55049,801,uniform,True,0.0,0.0,0.0,-0.0,0.0,0.0,,,,constant_weights,False,False,0.0,,constant_weights,,0.0,0.0,False,False,,constant_weights,,0.0,0.0,False,False,,constant_weights,,0.0,0.0,False,False,,constant_weights,,0.0,0.0,False,False,,constant_weights,,-72.8179613130659,1.0,False,False
U-w64-d55049-s802-random,0,U,64,55049,802,random,True,0.0,0.0,0.0,-0.0,0.0,0.0,,,,nonpositive_total_gain,False,False,0.0,,nonpositive_total_gain,,0.0,0.0,False,False,,nonpositive_total_gain,,0.0,0.0,False,False,,nonpositive_total_gain,,0.0,0.0,False,False,,nonpositive_total_gain,,0.0,0.0,False,False,,nonpositive_total_gain,,-78.21768472367229,1.0,False,False
U-w64-d55049-s802-uniform,0,U,64,55049,802,uniform,True,0.0,0.0,0.0,-0.0,0.0,0.0,,,,constant_weights,False,False,0.0,,constant_weights,,0.0,0.0,False,False,,constant_weights,,0.0,0.0,False,False,,constant_weights,,0.0,0.0,False,False,,constant_weights,,0.0,0.0,False,False,,constant_weights,,-78.21768472367229,1.0,False,False
U-w64-d55049-s803-random,0,U,64,55049,803,random,True,0.0,0.0,0.0,-0.0,0.0,0.0,,,,nonpositive_total_gain,False,False,0.0,,nonpositive_total_gain,,0.0,0.0,False,False,,nonpositive_total_gain,,0.0,0.0,False,False,,nonpositive_total_gain,,0.0,0.0,False,False,,nonpositive_total_gain,,0.0,0.0,False,False,,nonpositive_total_gain,,-76.34788117581309,1.0,False,False
U-w64-d55049-s803-uniform,0,U,64,55049,803,uniform,True,0.0,0.0,0.0,-0.0,0.0,0.0,,,,constant_weights,False,False,0.0,,constant_weights,,0.0,0.0,False,False,,constant_weights,,0.0,0.0,False,False,,constant_weights,,0.0,0.0,False,False,,constant_weights,,0.0,0.0,False,False,,constant_weights,,-76.34788117581309,1.0,False,False
U-w64-d57163-s801-random,0,U,64,57163,801,random,True,0.0,0.0,0.0,-0.0,0.0,0.0,,,,nonpositive_total_gain,False,False,0.0,,nonpositive_total_gain,,0.0,0.0,False,False,,nonpositive_total_gain,,0.0,0.0,False,False,,nonpositive_total_gain,,0.0,0.0,False,False,,nonpositive_total_gain,,0.0,0.0,False,False,,nonpositive_total_gain,,-72.79505691700876,1.0,False,False
U-w64-d57163-s801-uniform,0,U,64,57163,801,uniform,True,0.0,0.0,0.0,-0.0,0.0,0.0,,,,constant_weights,False,False,0.0,,constant_weights,,0.0,0.0,False,False,,constant_weights,,0.0,0.0,False,False,,constant_weights,,0.0,0.0,False,False,,constant_weights,,0.0,0.0,False,False,,constant_weights,,-72.79505691700876,1.0,False,False
U-w64-d57163-s802-random,0,U,64,57163,802,random,True,0.0,0.0,0.0,-0.0,0.0,0.0,,,,nonpositive_total_gain,False,False,0.0,,nonpositive_total_gain,,0.0,0.0,False,False,,nonpositive_total_gain,,0.0,0.0,False,False,,nonpositive_total_gain,,0.0,0.0,False,False,,nonpositive_total_gain,,0.0,0.0,False,False,,nonpositive_total_gain,,-79.22846076661052,1.0,False,False
U-w64-d57163-s802-uniform,0,U,64,57163,802,uniform,True,0.0,0.0,0.0,-0.0,0.0,0.0,,,,constant_weights,False,False,0.0,,constant_weights,,0.0,0.0,False,False,,constant_weights,,0.0,0.0,False,False,,constant_weights,,0.0,0.0,False,False,,constant_weights,,0.0,0.0,False,False,,constant_weights,,-79.22846076661052,1.0,False,False
U-w64-d57163-s803-random,0,U,64,57163,803,random,True,0.0,0.0,0.0,-0.0,0.0,0.0,,,,nonpositive_total_gain,False,False,0.0,,nonpositive_total_gain,,0.0,0.0,False,False,,nonpositive_total_gain,,0.0,0.0,False,False,,nonpositive_total_gain,,0.0,0.0,False,False,,nonpositive_total_gain,,0.0,0.0,False,False,,nonpositive_total_gain,,-78.1631043928236,1.0,False,False
U-w64-d57163-s803-uniform,0,U,64,57163,803,uniform,True,0.0,0.0,0.0,-0.0,0.0,0.0,,,,constant_weights,False,False,0.0,,constant_weights,,0.0,0.0,False,False,,constant_weights,,0.0,0.0,False,False,,constant_weights,,0.0,0.0,False,False,,constant_weights,,0.0,0.0,False,False,,constant_weights,,-78.1631043928236,1.0,False,False
confirm-M-w128-d52919-s801-g04-random,1,M,128,52919,801,random,False,833.6131343841553,1.6281506530940533,833.6131343841553,-0.0,833.6131343841553,0.0,1.0,0.011794379276046079,1.910699047402217e-06,,False,False,7.227063179016113e-07,,nonpositive_total_gain,,-665.5958737023175,1.0,False,False,0.007207755578860303,,2.0260812597803035e-06,1617.8039590120316,0.001953125,False,False,0.010996368139708623,,2.640216603085974e-06,1548.6313191652298,0.005859375,False,False,0.00906048466634284,,1.1948885795585619e-06,1583.2176390886307,0.0,False,False,,nonpositive_total_gain,,-276.33991930657334,1.0,False,False
confirm-M-w128-d52919-s801-g04-random,3,M,128,52919,801,random,False,886.907662153244,1.7322415276430547,886.907662153244,-0.0,886.907662153244,0.0,1.0,0.01822776942484943,7.445555051984612e-06,,False,False,6.82969887977336e-07,,nonpositive_total_gain,,-447.2354591973126,1.0,False,False,0.01113928085371389,,4.610536815687284e-06,1632.0396890640259,0.0,False,False,0.01835243554440355,,8.694599815846451e-06,1475.9187412261963,0.001953125,False,False,0.014561873449196242,,4.828823124462436e-06,1553.979215145111,0.0,False,False,,nonpositive_total_gain,,-223.0453915374846,0.98828125,False,False
confirm-M-w128-d52919-s801-g04-random,5,M,128,52919,801,random,False,911.8931223154068,1.781041254522279,911.8931223154068,-0.0,911.8931223154068,0.0,1.0,0.0243879277132013,1.4578078514861464e-05,,False,False,7.624427478258866e-07,,nonpositive_total_gain,,-384.9064406938851,1.0,False,False,0.014458978056700461,,6.402424400185483e-06,1663.7802377939224,0.0,False,False,0.026568082979208575,,1.942754791622517e-05,1456.805550456047,0.001953125,False,False,0.020102281920897018,,9.483061628878845e-06,1560.2928941249847,0.0,False,False,,nonpositive_total_gain,,-198.0599313753218,0.970703125,False,False
confirm-M-w128-d52919-s801-g04-random,10,M,128,52919,801,random,False,998.0242427587509,1.9492660991381854,998.0242427587509,-0.0,998.0242427587509,0.0,1.0,0.027069327309378166,1.6526225720057287e-05,,False,False,8.220473923792326e-07,,nonpositive_total_gain,,-232.65862061455846,1.0,False,False,0.017962628790820973,,7.40991380533201e-06,1708.3517707586288,0.0,False,False,0.02930817084250007,,2.2674800390553233e-05,1518.3795644044876,0.001953125,False,False,0.023292478268668385,,1.1705498495417609e-05,1613.3656675815582,0.0,False,False,,nonpositive_total_gain,,-111.92881117039627,0.87890625,False,False
confirm-M-w128-d52919-s801-g04-random,20,M,128,52919,801,random,False,1098.3752071857452,2.1452640765346587,1098.3752071857452,-0.0,1098.3752071857452,0.0,1.0,0.047294569723752136,3.452307584805441e-05,,False,False,8.270144462585449e-07,,nonpositive_total_gain,,-91.01068422570825,1.0,False,False,0.03992090396961008,,2.393869534680479e-05,1813.6872897148132,0.001953125,False,False,0.04703409282724401,,4.8418438661520204e-05,1572.4490085840225,0.0078125,False,False,0.04321877623577837,,3.1394793686401945e-05,1693.0681491494179,0.0,False,False,,nonpositive_total_gain,,-11.577845789727576,0.564453125,False,False
confirm-M-w128-d52919-s801-g04-random,30,M,128,52919,801,random,False,1129.4558861255646,2.2059685275889933,1129.4558861255646,-0.0,1129.4558861255646,0.0,1.0,0.09739167871243982,0.00012326709365311379,,False,False,6.581346192469084e-07,,nonpositive_total_gain,,-30.366655245423317,0.998046875,False,False,0.08818484336862578,,8.586979692533036e-05,1885.9516669213772,0.005859375,False,False,0.10384812063485337,,0.0001813049436373789,1532.7826415896416,0.017578125,False,False,0.0951736191251968,,0.00011824686917648666,1709.3671542555094,0.0,False,False,8.0,,7.747579426198681,19.502831987801176,0.55078125,False,True
confirm-M-w128-d52919-s801-g04-uniform,1,M,128,52919,801,uniform,False,839.878744840622,1.6403881735168397,839.878744840622,-0.0,839.878744840622,0.0,1.0,,,constant_weights,False,False,8.245309193188888e-07,,constant_weights,,-645.3532450087368,1.0,False,False,,constant_weights,,1620.7332705259323,0.001953125,False,False,,constant_weights,,1544.2561955451965,0.005859375,False,False,,constant_weights,,1582.4947330355644,0.0,False,False,,constant_weights,,-270.07430885010666,1.0,False,False
confirm-M-w128-d52919-s801-g04-uniform,3,M,128,52919,801,uniform,False,913.2790262699127,1.7837480981834233,913.2790262699127,-0.0,913.2790262699127,0.0,1.0,,,constant_weights,False,False,7.847944896166581e-07,,constant_weights,,-400.24689458683133,1.0,False,False,,constant_weights,,1668.5935159921646,0.0,False,False,,constant_weights,,1471.4904356002808,0.0,False,False,,constant_weights,,1570.0419757962227,0.0,False,False,,constant_weights,,-196.6740274208159,0.982421875,False,False
confirm-M-w128-d52919-s801-g04-uniform,5,M,128,52919,801,uniform,False,976.6735616922379,1.907565550180152,976.6735616922379,-0.0,976.6735616922379,0.0,1.0,,,constant_weights,False,False,7.227063179016113e-07,,constant_weights,,-279.2384811528027,1.0,False,False,,constant_weights,,1701.1139249801636,0.0,False,False,,constant_weights,,1508.1452367305756,0.001953125,False,False,,constant_weights,,1604.6295808553696,0.0,False,False,,constant_weights,,-133.27949223690933,0.943359375,False,False
confirm-M-w128-d52919-s801-g04-uniform,10,M,128,52919,801,uniform,False,1097.3362686634064,2.1432348997332156,1097.3362686634064,-0.0,1097.3362686634064,0.0,1.0,,,constant_weights,False,False,6.804863610376799e-07,,constant_weights,,-76.02872223779559,1.0,False,False,,constant_weights,,1754.1382664442062,0.001953125,False,False,,constant_weights,,1613.8992553949356,0.005859375,False,False,,constant_weights,,1684.018760919571,0.0,False,False,,constant_weights,,-12.616785980996497,0.666015625,False,False
confirm-M-w128-d52919-s801-g04-uniform,20,M,128,52919,801,uniform,False,1225.4973920583725,2.393549593864009,1225.4973920583725,-0.0,1225.4973920583725,0.0,1.0,,,constant_weights,False,False,8.717179298400879e-07,,constant_weights,,-9.20876558125019,0.91015625,False,False,,constant_weights,,2040.7563707828522,0.001953125,False,False,,constant_weights,,1644.9445688724518,0.005859375,False,False,,constant_weights,,1842.850469827652,0.0,False,False,,constant_weights,,115.54433920210893,0.068359375,False,False
confirm-M-w128-d52919-s801-g04-uniform,30,M,128,52919,801,uniform,False,1330.3237932920456,2.5982886587735265,1330.3237932920456,-0.0,1330.3237932920456,0.0,1.0,,,constant_weights,False,False,8.220473923792326e-07,,constant_weights,,0.9504892416298389,0.341796875,False,False,,constant_weights,,2296.876965254545,0.001953125,False,False,,constant_weights,,1693.1439007520676,0.0078125,False,False,,constant_weights,,1995.0104330033064,0.0,False,False,,constant_weights,,220.37073787278229,0.005859375,False,False
confirm-M-w128-d52919-s801-g05-random,1,M,128,52919,801,random,False,833.3929876089096,1.6277206789236516,833.3929876089096,-0.0,833.3929876089096,0.0,1.0,0.011800078576716014,1.912992331719215e-06,,False,False,7.525086402893066e-07,,nonpositive_total_gain,,-666.2713115103543,1.0,False,False,0.007206145290213335,,2.0266223717772202e-06,1617.8186116218567,0.001953125,False,False,0.011000444998070517,,2.6433201827110718e-06,1548.63165807724,0.005859375,False,False,0.009061649540409285,,1.1956085431856677e-06,1583.2251348495483,0.0,False,False,,nonpositive_total_gain,,-276.560066081819,1.0,False,False
confirm-M-w128-d52919-s801-g05-random,3,M,128,52919,801,random,False,886.5126490592957,1.7314700176939368,886.5126490592957,-0.0,886.5126490592957,0.0,1.0,0.018235128302731753,7.463970589124271e-06,,False,False,7.164975006634933e-07,,nonpositive_total_gain,,-448.03298990800977,1.0,False,False,0.011135193894974606,,4.613248790220837e-06,1632.0062637329102,0.0,False,False,0.01836962071098154,,8.731315852590806e-06,1475.5646566152573,0.001953125,False,False,0.014567466119160533,,4.843667904835901e-06,1553.7854601740837,0.0,False,False,,nonpositive_total_gain,,-223.44040463143295,0.98828125,False,False
confirm-M-w128-d52919-s801-g05-random,5,M,128,52919,801,random,False,911.0980011224747,1.7794882834423333,911.0980011224747,-0.0,911.0980011224747,0.0,1.0,0.024360184846626304,1.4540991055079973e-05,,False,False,7.053216297681075e-07,,nonpositive_total_gain,,-387.52533992007375,1.0,False,False,0.014426819577130025,,6.375915640739812e-06,1663.8386735916138,0.0,False,False,0.026526169900359123,,1.9382734438796612e-05,1456.980671286583,0.001953125,False,False,0.020065832865378497,,9.451844262770122e-06,1560.4096724390984,0.0,False,False,,nonpositive_total_gain,,-198.85505280667252,0.970703125,False,False
confirm-M-w128-d52919-s801-g05-random,10,M,128,52919,801,random,False,995.1620502471924,1.9436758793890476,995.1620502471924,-0.0,995.1620502471924,0.0,1.0,0.026784509046647538,1.602803352317234e-05,,False,False,7.239480814824617e-07,,nonpositive_total_gain,,-239.59786047413945,1.0,False,False,0.017700568872605946,,7.226485750244617e-06,1706.2569321393967,0.0,False,False,0.028921016295853766,,2.190898919360649e-05,1518.8270530700684,0.001953125,False,False,0.02297611275963938,,1.132548582094838e-05,1612.5419926047325,0.0,False,False,,nonpositive_total_gain,,-114.79100535088486,0.884765625,False,False
confirm-M-w128-d52919-s801-g05-random,20,M,128,52919,801,random,False,1092.7557862997055,2.1342886451166123,1092.7557862997055,-0.0,1092.7557862997055,0.0,1.0,0.04391271436037314,2.9965091565647627e-05,,False,False,8.257726826776945e-07,,nonpositive_total_gain,,-103.4817727394402,1.0,False,False,0.03637144678660899,,2.0345744723530852e-05,1803.694835305214,0.0,False,False,0.04373209635977138,,4.1637750525675294e-05,1578.0542875528336,0.005859375,False,False,0.03980101178316234,,2.674313030336041e-05,1690.8745614290237,0.0,False,False,,nonpositive_total_gain,,-17.1972690599531,0.587890625,False,False
confirm-M-w128-d52919-s801-g05-random,30,M,128,52919,801,random,False,1123.9289735555649,2.1951737764757127,1123.9289735555649,-0.0,1123.9289735555649,0.0,1.0,0.08943837736940993,0.00010954492567010553,,False,False,7.649262747655428e-07,,nonpositive_total_gain,,-47.076580721884966,1.0,False,False,0.07960736180806982,,7.396024132291117e-05,1879.5052257180214,0.001953125,False,False,0.09529093159209134,,0.00016006267222986497,1539.3582673668861,0.013671875,False,False,0.08663730937040907,,0.00010332556929674696,1709.4317465424538,0.0,False,False,8.0,,13.387225903919576,13.975920371475798,0.546875,False,True
confirm-M-w128-d52919-s801-g05-uniform,1,M,128,52919,801,uniform,False,839.6960879564285,1.6400314217898995,839.6960879564285,-0.0,839.6960879564285,0.0,1.0,,,constant_weights,False,False,7.425745327527267e-07,,constant_weights,,-645.748451102525,1.0,False,False,,constant_weights,,1620.6812518835068,0.001953125,False,False,,constant_weights,,1544.1554559469223,0.005859375,False,False,,constant_weights,,1582.4183539152145,0.0,False,False,,constant_weights,,-270.2569657343001,1.0,False,False
confirm-M-w128-d52919-s801-g05-uniform,3,M,128,52919,801,uniform,False,912.8397604227066,1.7828901570755988,912.8397604227066,-0.0,912.8397604227066,0.0,1.0,,,constant_weights,False,False,6.581346192469084e-07,,constant_weights,,-401.5165936537087,1.0,False,False,,constant_weights,,1668.6426528692245,0.0,False,False,,constant_weights,,1471.3932361602783,0.0,False,False,,constant_weights,,1570.0179445147514,0.0,False,False,,constant_weights,,-197.113293268022,0.982421875,False,False
confirm-M-w128-d52919-s801-g05-uniform,5,M,128,52919,801,uniform,False,975.9520999193192,1.9061564451549202,975.9520999193192,-0.0,975.9520999193192,0.0,1.0,,,constant_weights,False,False,7.450580596923828e-07,,constant_weights,,-281.3712563998997,1.0,False,False,,constant_weights,,1700.5548700094223,0.0,False,False,,constant_weights,,1508.6726706027985,0.001953125,False,False,,constant_weights,,1604.6137703061104,0.0,False,False,,constant_weights,,-134.00095400982804,0.943359375,False,False
confirm-M-w128-d52919-s801-g05-uniform,10,M,128,52919,801,uniform,False,1093.0193433761597,2.134803405031562,1093.0193433761597,-0.0,1093.0193433761597,0.0,1.0,,,constant_weights,False,False,7.947285971532381e-07,,constant_weights,,-83.49934648349881,1.0,False,False,,constant_weights,,1750.097936987877,0.001953125,False,False,,constant_weights,,1612.4594371318817,0.005859375,False,False,,constant_weights,,1681.2786870598793,0.0,False,False,,constant_weights,,-16.93370912247599,0.69140625,False,False
confirm-M-w128-d52919-s801-g05-uniform,20,M,128,52919,801,uniform,False,1214.5901905298233,2.372246465878561,1214.5901905298233,-0.0,1214.5901905298233,0.0,1.0,,,constant_weights,False,False,7.748603820800781e-07,,constant_weights,,-16.513560499995947,1.0,False,False,,constant_weights,,2017.4194016456604,0.001953125,False,False,,constant_weights,,1642.8647320270538,0.005859375,False,False,,constant_weights,,1830.1420668363571,0.0,False,False,,constant_weights,,104.63713743514117,0.08203125,False,False
confirm-M-w128-d52919-s801-g05-uniform,30,M,128,52919,801,uniform,False,1309.0390095710754,2.5567168155685067,1309.0390095710754,-0.0,1309.0390095710754,0.0,1.0,,,constant_weights,False,False,6.506840386499846e-07,,constant_weights,,-7.645299356430769,0.958984375,False,False,,constant_weights,,2248.6570479869843,0.001953125,False,False,,constant_weights,,1686.1052870750427,0.0078125,False,False,,constant_weights,,1967.3811675310135,0.0,False,False,,constant_weights,,199.0859561187654,0.01171875,False,False
confirm-M-w128-d52919-s802-g04-random,1,M,128,52919,802,random,False,835.2561891078949,1.6313597443513572,835.2561891078949,-0.0,835.2561891078949,0.0,1.0,0.005032839609169561,3.7475258898853725e-06,,False,False,7.040798664093018e-07,,nonpositive_total_gain,,-697.1013441905379,1.0,False,False,0.0,,3.95165930288071e-06,1642.0267350673676,0.001953125,True,False,0.006717441225139455,,3.482454807474782e-06,1560.8431726694107,0.005859375,False,False,0.0030973411331066507,,2.2604403781227644e-06,1601.4349538683891,0.0,False,False,,nonpositive_total_gain,,-288.6989979522795,1.0,False,False
confirm-M-w128-d52919-s802-g04-random,3,M,128,52919,802,random,False,901.4915143251419,1.7607256139162928,901.4915143251419,-0.0,901.4915143251419,0.0,1.0,0.012828970688677006,1.0250281296974173e-05,,False,False,7.202227909619552e-07,,nonpositive_total_gain,,-422.7384047731757,1.0,False,False,0.007125801480100188,,8.827966904194555e-06,1647.6452617645264,0.0,False,False,0.013315429030094639,,7.774211406130939e-06,1479.567689538002,0.0,False,False,0.01005459108762272,,7.1265369591974936e-06,1563.6064756512642,0.0,False,False,,nonpositive_total_gain,,-222.4636728542418,0.982421875,False,False
confirm-M-w128-d52919-s802-g04-random,5,M,128,52919,802,random,False,937.2418998479843,1.8305505856405944,937.2418998479843,-0.0,937.2418998479843,0.0,1.0,0.01652686492760143,1.8648001346964398e-05,,False,False,8.493661880493164e-07,,nonpositive_total_gain,,-351.26431330293417,1.0,False,False,0.010454183368960836,,1.540986799650682e-05,1690.7067081928253,0.0,False,False,0.017149512253942317,,1.457600641950446e-05,1472.2832967042923,0.0,False,False,0.01357049031453451,,1.380180981437764e-05,1581.4950024485588,0.0,False,False,,nonpositive_total_gain,,-186.71328673535294,0.951171875,False,False
confirm-M-w128-d52919-s802-g04-random,10,M,128,52919,802,random,False,1018.9940960407257,1.9902228438295424,1018.9940960407257,-0.0,1018.9940960407257,0.0,1.0,0.021058535271038528,2.0133317074533633e-05,,False,False,7.53750403870157e-07,,nonpositive_total_gain,,-212.07801065593958,1.0,False,False,0.014824842082084698,,1.5776140180127088e-05,1720.0516797304153,0.0,False,False,0.018659250536448867,,1.932486898895548e-05,1549.0086153745651,0.005859375,False,False,0.016641278890415938,,1.601083629392115e-05,1634.5301475524902,0.0,False,False,,nonpositive_total_gain,,-104.96109054261152,0.86328125,False,False
confirm-M-w128-d52919-s802-g04-random,20,M,128,52919,802,random,False,1111.1979142427444,2.1703084262553602,1111.1979142427444,-0.0,1111.1979142427444,0.0,1.0,0.049170569157969246,6.91515071695487e-05,,False,False,7.860362529754639e-07,,nonpositive_total_gain,,-72.3210111707449,1.0,False,False,0.04195429029448672,,5.8445926274621905e-05,1825.3645020127296,0.0,False,False,0.05057029837444034,,7.4275354485615e-05,1580.5502510666847,0.0078125,False,False,0.04594644761443867,,6.38190526296894e-05,1702.9573765397072,0.0,False,False,,nonpositive_total_gain,,-12.757270612058061,0.572265625,False,False
confirm-M-w128-d52919-s802-g04-random,30,M,128,52919,802,random,False,1137.9051043987274,2.2224709070287645,1137.9051043987274,-0.0,1137.9051043987274,0.0,1.0,0.10827589667657116,0.00019609452619393086,,False,False,6.631016731262207e-07,,nonpositive_total_gain,,-35.7485656067729,0.998046875,False,False,0.09380950765821426,,0.00016254758360077787,1858.5441556572914,0.001953125,False,False,0.11901318541069573,,0.00023254777085606073,1590.9197280704975,0.017578125,False,False,0.10536028978900713,,0.0001924232936361494,1724.7319418638945,0.0,False,False,8.0,,26.84972174758131,13.949919126692388,0.56640625,False,True
confirm-M-w128-d52919-s802-g04-uniform,1,M,128,52919,802,uniform,False,848.2604929208755,1.656758775236085,848.2604929208755,-0.0,848.2604929208755,0.0,1.0,,,constant_weights,False,False,7.698933284228104e-07,,constant_weights,,-656.9582676514983,1.0,False,False,,constant_weights,,1643.6180613040924,0.001953125,False,False,,constant_weights,,1558.1216698884964,0.005859375,False,False,,constant_weights,,1600.8698655962944,0.0,False,False,,constant_weights,,-275.69469413929886,0.998046875,False,False
confirm-M-w128-d52919-s802-g04-uniform,3,M,128,52919,802,uniform,False,931.9223794937134,1.820160897448659,931.9223794937134,-0.0,931.9223794937134,0.0,1.0,,,constant_weights,False,False,7.698933282007658e-07,,constant_weights,,-385.1419868990779,1.0,False,False,,constant_weights,,1689.9800161123276,0.0,False,False,,constant_weights,,1490.92911362648,0.0,False,False,,constant_weights,,1590.4545648694038,0.0,False,False,,constant_weights,,-192.03280756646103,0.97265625,False,False
confirm-M-w128-d52919-s802-g04-uniform,5,M,128,52919,802,uniform,False,998.6335173845291,1.9504560886416584,998.6335173845291,-0.0,998.6335173845291,0.0,1.0,,,constant_weights,False,False,7.872780165563142e-07,,constant_weights,,-291.9327791258693,1.0,False,False,,constant_weights,,1740.2719804048538,0.0,False,False,,constant_weights,,1547.5613460540771,0.00390625,False,False,,constant_weights,,1643.9166632294655,0.0,False,False,,constant_weights,,-125.321669556436,0.94921875,False,False
confirm-M-w128-d52919-s802-g04-uniform,10,M,128,52919,802,uniform,False,1116.2797080278397,2.1802338047418743,1116.2797080278397,-0.0,1116.2797080278397,0.0,1.0,,,constant_weights,False,False,8.593002953638518e-07,,constant_weights,,-61.478804521262646,1.0,False,False,,constant_weights,,1779.3346972465515,0.001953125,False,False,,constant_weights,,1630.9832161664963,0.005859375,False,False,,constant_weights,,1705.158956706524,0.0,False,False,,constant_weights,,-7.675480939683325,0.6171875,False,False
confirm-M-w128-d52919-s802-g04-uniform,20,M,128,52919,802,uniform,False,1236.7956795692444,2.4156165616586804,1236.7956795692444,-0.0,1236.7956795692444,0.0,1.0,,,constant_weights,False,False,8.108715214838469e-07,,constant_weights,,-7.0025844424963,0.849609375,False,False,,constant_weights,,2056.1028006076813,0.0,False,False,,constant_weights,,1661.2868334054947,0.005859375,False,False,,constant_weights,,1858.694817006588,0.0,False,False,,constant_weights,,112.84049608534868,0.06640625,False,False
confirm-M-w128-d52919-s802-g04-uniform,30,M,128,52919,802,uniform,False,1335.6942428350449,2.608777818037197,1335.6942428350449,-0.0,1335.6942428350449,0.0,1.0,,,constant_weights,False,False,7.152557373046875e-07,,constant_weights,,1.2594744954258204,0.322265625,False,False,,constant_weights,,2294.152698934078,0.0,False,False,,constant_weights,,1711.6705564260483,0.005859375,False,False,,constant_weights,,2002.9116276800632,0.0,False,False,,constant_weights,,211.73905601328903,0.009765625,False,False
confirm-M-w128-d52919-s802-g05-random,1,M,128,52919,802,random,False,835.074610710144,1.63100509904325,835.074610710144,-0.0,835.074610710144,0.0,1.0,0.005031359234659119,3.7510369251911827e-06,,False,False,7.872780163342696e-07,,nonpositive_total_gain,,-697.5650455579162,1.0,False,False,0.0,,3.9494066722675916e-06,1641.9997355937958,0.001953125,True,False,0.006712994265000369,,3.4842331477709365e-06,1560.7891427278519,0.005859375,False,False,0.003095983071757847,,2.26117135258958e-06,1601.3944391608238,0.0,False,False,,nonpositive_total_gain,,-288.88057635003037,1.0,False,False
confirm-M-w128-d52919-s802-g05-random,3,M,128,52919,802,random,False,901.1032379865646,1.759967261692509,901.1032379865646,-0.0,901.1032379865646,0.0,1.0,0.012832930075599377,1.0265209877124708e-05,,False,False,7.835527260358077e-07,,nonpositive_total_gain,,-423.66031231731176,1.0,False,False,0.007125380103778944,,8.832532946446966e-06,1647.6712344884872,0.0,False,False,0.013316557999048833,,7.791350200930135e-06,1479.298780322075,0.0,False,False,0.010054593047679226,,7.136923645594866e-06,1563.485007405281,0.0,False,False,,nonpositive_total_gain,,-222.85194895440048,0.982421875,False,False
confirm-M-w128-d52919-s802-g05-random,5,M,128,52919,802,random,False,936.4980249404907,1.829097704961896,936.4980249404907,-0.0,936.4980249404907,0.0,1.0,0.0164696006437905,1.856713941292756e-05,,False,False,7.251898448412675e-07,,nonpositive_total_gain,,-353.8787695094943,1.0,False,False,0.01039918111427312,,1.5332416119333792e-05,1690.7545742988586,0.0,False,False,0.017080010101933732,,1.4495565539508356e-05,1472.6182693243027,0.0,False,False,0.01350908280168625,,1.3720528230424888e-05,1581.6864218115807,0.0,False,False,,nonpositive_total_gain,,-187.4571618812651,0.955078125,False,False
confirm-M-w128-d52919-s802-g05-random,10,M,128,52919,802,random,False,1015.8981702327728,1.9841761137358844,1015.8981702327728,-0.0,1015.8981702327728,0.0,1.0,0.020708651105876955,1.96410235134933e-05,,False,False,6.655852000658768e-07,,nonpositive_total_gain,,-220.43516627699137,1.0,False,False,0.014464103037742274,,1.5343701183558287e-05,1718.6419053077698,0.0,False,False,0.018295384702052858,,1.8654078670818664e-05,1549.4877679347992,0.005859375,False,False,0.016280184365898537,,1.5469400552406758e-05,1634.0648366212845,0.0,False,False,,nonpositive_total_gain,,-108.05701539689008,0.875,False,False
confirm-M-w128-d52919-s802-g05-random,20,M,128,52919,802,random,False,1107.232303261757,2.162563092308119,1107.232303261757,-0.0,1107.232303261757,0.0,1.0,0.044829617910494016,5.976355841694764e-05,,False,False,7.773439087976897e-07,,nonpositive_total_gain,,-86.64494106173515,1.0,False,False,0.03747916093796738,,5.05436662308687e-05,1820.3651481866837,0.0,False,False,0.04587595266837223,,6.21307561382366e-05,1587.9766942858696,0.0078125,False,False,0.0413862324299593,,5.4043555529198364e-05,1704.1709212362766,0.0,False,False,,nonpositive_total_gain,,-16.72288373881282,0.57421875,False,False
confirm-M-w128-d52919-s802-g05-random,30,M,128,52919,802,random,False,1135.973483324051,2.218698209617287,1135.973483324051,-0.0,1135.973483324051,0.0,1.0,0.09704114053644639,0.00017465513287295774,,False,False,7.338821887969971e-07,,nonpositive_total_gain,,-53.52361738681793,1.0,False,False,0.08308878645858325,,0.00014311403160001241,1859.1927188932896,0.001953125,False,False,0.10583575374254268,,0.00020338134213460107,1602.2513413131237,0.017578125,False,False,0.09356170814953277,,0.0001685558456412023,1730.7220301032066,0.0,False,False,8.0,,29.439023710404086,12.018295608225438,0.568359375,False,True
confirm-M-w128-d52919-s802-g05-uniform,1,M,128,52919,802,uniform,False,848.0989729166031,1.6564433064777404,848.0989729166031,-0.0,848.0989729166031,0.0,1.0,,,constant_weights,False,False,6.407499313354492e-07,,constant_weights,,-657.207331739366,1.0,False,False,,constant_weights,,1643.5256313085556,0.001953125,False,False,,constant_weights,,1557.9786083698273,0.005859375,False,False,,constant_weights,,1600.7521198391914,0.0,False,False,,constant_weights,,-275.8562141435713,0.998046875,False,False
confirm-M-w128-d52919-s802-g05-uniform,3,M,128,52919,802,uniform,False,931.46968126297,1.8192767212167382,931.46968126297,-0.0,931.46968126297,0.0,1.0,,,constant_weights,False,False,7.798274357373458e-07,,constant_weights,,-386.433867149055,1.0,False,False,,constant_weights,,1690.0403904914856,0.0,False,False,,constant_weights,,1490.8025195598602,0.0,False,False,,constant_weights,,1590.421455025673,0.0,False,False,,constant_weights,,-192.48550579720444,0.97265625,False,False
confirm-M-w128-d52919-s802-g05-uniform,5,M,128,52919,802,uniform,False,997.4938566684723,1.94823018880561,997.4938566684723,-0.0,997.4938566684723,0.0,1.0,,,constant_weights,False,False,8.294979729761565e-07,,constant_weights,,-295.4039909467101,1.0,False,False,,constant_weights,,1739.6788932085037,0.0,False,False,,constant_weights,,1548.2066748142242,0.00390625,False,False,,constant_weights,,1643.942784011364,0.0,False,False,,constant_weights,,-126.46133074932999,0.951171875,False,False
confirm-M-w128-d52919-s802-g05-uniform,10,M,128,52919,802,uniform,False,1111.91659116745,2.1717120921239257,1111.91659116745,-0.0,1111.91659116745,0.0,1.0,,,constant_weights,False,False,8.891026177515471e-07,,constant_weights,,-69.15126622468233,1.0,False,False,,constant_weights,,1775.1379344463348,0.001953125,False,False,,constant_weights,,1629.763111114502,0.005859375,False,False,,constant_weights,,1702.4505227804184,0.0,False,False,,constant_weights,,-12.038595892724402,0.646484375,False,False
confirm-M-w128-d52919-s802-g05-uniform,20,M,128,52919,802,uniform,False,1226.7525659799576,2.3960011054296046,1226.7525659799576,-0.0,1226.7525659799576,0.0,1.0,,,constant_weights,False,False,9.114543595423186e-07,,constant_weights,,-13.970418192446232,1.0,False,False,,constant_weights,,2035.0118613243103,0.0,False,False,,constant_weights,,1659.2162472009659,0.005859375,False,False,,constant_weights,,1847.114054262638,0.0,False,False,,constant_weights,,102.79737927741105,0.087890625,False,False
confirm-M-w128-d52919-s802-g05-uniform,30,M,128,52919,802,uniform,False,1314.6268409490585,2.56763054872863,1314.6268409490585,-0.0,1314.6268409490585,0.0,1.0,,,constant_weights,False,False,7.438162961115324e-07,,constant_weights,,-7.946403115987778,0.966796875,False,False,,constant_weights,,2245.974152624607,0.0,False,False,,constant_weights,,1705.8527764081955,0.005859375,False,False,,constant_weights,,1975.9134645164013,0.0,False,False,,constant_weights,,190.67165674990707,0.017578125,False,False
confirm-M-w128-d52919-s803-g04-random,1,M,128,52919,803,random,False,845.2200922966003,1.6508204927667975,845.2200922966003,-0.0,845.2200922966003,0.0,1.0,0.0,3.118107239029502e-06,,True,False,8.456408977508545e-07,,nonpositive_total_gain,,-676.8336120322347,1.0,False,False,0.0,,2.5020600524456498e-05,1647.9834495782852,0.001953125,True,False,0.004617506452456229,,3.2327706051700925e-06,1564.5104645490646,0.00390625,False,False,0.0,,2.1241232367812644e-06,1606.246957063675,0.0,True,False,,nonpositive_total_gain,,-279.5642151611418,1.0,False,False
confirm-M-w128-d52919-s803-g04-random,3,M,128,52919,803,random,False,901.6926121711731,1.7611183831468225,901.6926121711731,-0.0,901.6926121711731,0.0,1.0,0.008544833271349493,5.3448545056099144e-06,,False,False,7.425745327527267e-07,,nonpositive_total_gain,,-416.7818794026971,1.0,False,False,0.0,,4.786958521720567e-06,1638.6908552646637,0.0,True,False,0.011492243806816748,,4.576554303363496e-06,1483.1688908338547,0.0,False,False,0.005377982749712183,,3.2564914011526494e-06,1560.9298730492592,0.0,False,False,,nonpositive_total_gain,,-223.09169528656906,0.978515625,False,False
confirm-M-w128-d52919-s803-g04-random,5,M,128,52919,803,random,False,934.8939620256424,1.8259647695813328,934.8939620256424,-0.0,934.8939620256424,0.0,1.0,0.01387589233865471,9.986119593266123e-06,,False,False,7.102886834253752e-07,,nonpositive_total_gain,,-363.91748314350843,1.0,False,False,0.0027816615584565444,,7.2772583773302555e-06,1684.3673352003098,0.0,False,False,0.017183477649262383,,7.445486655610113e-06,1484.2320541143417,0.0,False,False,0.009533425611026804,,5.928408801225416e-06,1584.2996946573257,0.0,False,False,,nonpositive_total_gain,,-189.8903449552626,0.95703125,False,False
confirm-M-w128-d52919-s803-g04-random,10,M,128,52919,803,random,False,1009.069174528122,1.9708382315002382,1009.069174528122,-0.0,1009.069174528122,0.0,1.0,0.020860719635020952,1.510327730555004e-05,,False,False,7.847944896166581e-07,,nonpositive_total_gain,,-228.5596451535821,1.0,False,False,0.010117514852993385,,1.1219344407010703e-05,1713.966658949852,0.0,False,False,0.02360724555940908,,9.812941759048153e-06,1541.8005295991898,0.001953125,False,False,0.01650956982618449,,9.426994595686935e-06,1627.8835942745209,0.0,False,False,,nonpositive_total_gain,,-115.71513066464368,0.857421875,False,False
confirm-M-w128-d52919-s803-g04-random,20,M,128,52919,803,random,False,1093.9147362709045,2.1365522192791104,1093.9147362709045,-0.0,1093.9147362709045,0.0,1.0,0.04785334189353585,6.514790040796748e-05,,False,False,7.723768553624666e-07,,nonpositive_total_gain,,-103.32021870464087,1.0,False,False,0.03993925608942331,,6.188168184215717e-05,1810.8019726276398,0.0,False,False,0.04568958692084042,,5.4334246612998725e-05,1574.2624735832214,0.00390625,False,False,0.042614718668773796,,5.6968653100974866e-05,1692.5322231054306,0.0,False,False,,nonpositive_total_gain,,-30.869571127232923,0.62109375,False,False
confirm-M-w128-d52919-s803-g04-random,30,M,128,52919,803,random,False,1123.5407257080078,2.1944154798984528,1123.5407257080078,-0.0,1123.5407257080078,0.0,1.0,0.10306843112002093,0.00017433722620839885,,False,False,7.003545761108398e-07,,nonpositive_total_gain,,-37.002958703786135,0.99609375,False,False,0.09357944841459438,,0.00014059275730569722,1856.775811135769,0.001953125,False,False,0.10800437030543979,,0.00021157131479799038,1550.84934720397,0.017578125,False,False,0.10012332641716609,,0.0001674238304149293,1703.8125791698694,0.0,False,False,,nonpositive_total_gain,,-1.243579395350837,0.587890625,False,False
confirm-M-w128-d52919-s803-g04-uniform,1,M,128,52919,803,uniform,False,852.2807511091232,1.6646108420100063,852.2807511091232,-0.0,852.2807511091232,0.0,1.0,,,constant_weights,False,False,7.897615432739258e-07,,constant_weights,,-658.1654957011342,1.0,False,False,,constant_weights,,1652.9326204061508,0.0,False,False,,constant_weights,,1562.0751534700394,0.00390625,False,False,,constant_weights,,1607.503886938095,0.0,False,False,,constant_weights,,-272.50355634861893,1.0,False,False
confirm-M-w128-d52919-s803-g04-uniform,3,M,128,52919,803,uniform,False,938.0019701719284,1.8320350979920477,938.0019701719284,-0.0,938.0019701719284,0.0,1.0,,,constant_weights,False,False,7.450580596923828e-07,,constant_weights,,-373.548991240561,1.0,False,False,,constant_weights,,1690.2864673137665,0.0,False,False,,constant_weights,,1497.2684590816498,0.0,False,False,,constant_weights,,1593.7774631977081,0.0,False,False,,constant_weights,,-186.78233716660446,0.97265625,False,False
confirm-M-w128-d52919-s803-g04-uniform,5,M,128,52919,803,uniform,False,1002.6012653112411,1.9582055963110179,1002.6012653112411,-0.0,1002.6012653112411,0.0,1.0,,,constant_weights,False,False,6.904204687963045e-07,,constant_weights,,-294.94597447663546,1.0,False,False,,constant_weights,,1746.5906685590744,0.0,False,False,,constant_weights,,1556.159118771553,0.001953125,False,False,,constant_weights,,1651.3748936653137,0.0,False,False,,constant_weights,,-122.18304214650101,0.947265625,False,False
confirm-M-w128-d52919-s803-g04-uniform,10,M,128,52919,803,uniform,False,1118.5921370983124,2.1847502677701414,1118.5921370983124,-0.0,1118.5921370983124,0.0,1.0,,,constant_weights,False,False,7.996956505884611e-07,,constant_weights,,-53.45097476243973,1.0,False,False,,constant_weights,,1778.947409749031,0.0,False,False,,constant_weights,,1630.2800161838531,0.00390625,False,False,,constant_weights,,1704.613712966442,0.0,False,False,,constant_weights,,-6.192166306313879,0.59375,False,False
confirm-M-w128-d52919-s803-g04-uniform,20,M,128,52919,803,uniform,False,1248.2382407188416,2.4379653139039874,1248.2382407188416,-0.0,1248.2382407188416,0.0,1.0,,,constant_weights,False,False,8.183221020807707e-07,,constant_weights,,-4.708150498569012,0.798828125,False,False,,constant_weights,,2087.229543566704,0.0,False,False,,constant_weights,,1662.1933485269547,0.005859375,False,False,,constant_weights,,1874.7114460468292,0.0,False,False,,constant_weights,,123.45393159216935,0.068359375,False,False
confirm-M-w128-d52919-s803-g04-uniform,30,M,128,52919,803,uniform,False,1334.7508589029312,2.6069352712947875,1334.7508589029312,-0.0,1334.7508589029312,0.0,1.0,,,constant_weights,False,False,7.574756941686189e-07,,constant_weights,,0.7062185760587454,0.3515625,False,False,,constant_weights,,2306.1557384729385,0.0,False,False,,constant_weights,,1697.3906466960907,0.005859375,False,False,,constant_weights,,2001.7731925845146,0.0,False,False,,constant_weights,,209.9665509683519,0.015625,False,False
confirm-M-w128-d52919-s803-g05-random,1,M,128,52919,803,random,False,844.9954223632812,1.6503816843032837,844.9954223632812,-0.0,844.9954223632812,0.0,1.0,0.0,3.1220745145330567e-06,,True,False,7.537504036481124e-07,,nonpositive_total_gain,,-677.504351682961,1.0,False,False,0.0,,2.5024401111273725e-05,1647.9907100200653,0.001953125,True,False,0.004616435688836856,,3.2366880851065544e-06,1564.4999325275421,0.00390625,False,False,0.0,,2.1253719989264235e-06,1606.2453212738037,0.0,True,False,,nonpositive_total_gain,,-279.7888850944609,1.0,False,False
confirm-M-w128-d52919-s803-g05-random,3,M,128,52919,803,random,False,901.2621124982834,1.7602775634732097,901.2621124982834,-0.0,901.2621124982834,0.0,1.0,0.0085468996566824,5.360361106698992e-06,,False,False,6.556510925292969e-07,,nonpositive_total_gain,,-417.7308574691415,1.0,False,False,0.0,,4.779221770956662e-06,1638.6629732847214,0.0,True,False,0.0115056417917056,,4.589595883563007e-06,1482.8542495965958,0.0,False,False,0.005381158807812331,,3.260359228478552e-06,1560.7586114406586,0.0,False,False,,nonpositive_total_gain,,-223.52219495945877,0.978515625,False,False
confirm-M-w128-d52919-s803-g05-random,5,M,128,52919,803,random,False,934.0384442806244,1.8242938364855945,934.0384442806244,-0.0,934.0384442806244,0.0,1.0,0.013842915687779372,9.984264639563415e-06,,False,False,8.319814999158126e-07,,nonpositive_total_gain,,-365.93839959055185,1.0,False,False,0.002762199978593131,,7.2348473471047895e-06,1684.1622157096863,0.0,False,False,0.017171924163289776,,7.452227352914298e-06,1483.8915413618088,0.0,False,False,0.009517231883095213,,5.912869718623113e-06,1584.0268785357475,0.0,False,False,,nonpositive_total_gain,,-190.74586246186203,0.958984375,False,False
confirm-M-w128-d52919-s803-g05-random,10,M,128,52919,803,random,False,1005.6784493923187,1.9642157214693725,1005.6784493923187,-0.0,1005.6784493923187,0.0,1.0,0.020559872075549955,1.477713267881871e-05,,False,False,7.847944893946135e-07,,nonpositive_total_gain,,-236.45997727662325,1.0,False,False,0.009848406810535306,,1.0894492300764981e-05,1711.9491127729416,0.0,False,False,0.02324128586695632,,9.5063055283352e-06,1541.5462347269058,0.001953125,False,False,0.016197995046022845,,9.114075427572699e-06,1626.7476737499237,0.0,False,False,,nonpositive_total_gain,,-119.10585758858628,0.8671875,False,False
confirm-M-w128-d52919-s803-g05-random,20,M,128,52919,803,random,False,1088.7895743846893,2.1265421374700963,1088.7895743846893,-0.0,1088.7895743846893,0.0,1.0,0.04369148328272496,5.605730402324758e-05,,False,False,7.512668767084563e-07,,nonpositive_total_gain,,-119.71818556636572,1.0,False,False,0.035241477306960395,,5.2352585326853544e-05,1804.3086543679237,0.0,False,False,0.041679679668254865,,4.566548050960608e-05,1581.7782793045044,0.00390625,False,False,0.03825035657629611,,4.794158075813668e-05,1693.043466836214,0.0,False,False,,nonpositive_total_gain,,-35.99473372870387,0.630859375,False,False
confirm-M-w128-d52919-s803-g05-random,30,M,128,52919,803,random,False,1116.4576779603958,2.180581402266398,1116.4576779603958,-0.0,1116.4576779603958,0.0,1.0,0.0951599752350328,0.00016431256582483407,,False,False,7.500251135716951e-07,,nonpositive_total_gain,,-56.92222445458174,1.0,False,False,0.0849101593967674,,0.00013328644533672224,1851.1640644669533,0.001953125,False,False,0.09898917537004405,,0.00019059550556687268,1555.1312063336372,0.017578125,False,False,0.09132079252771112,,0.00015509319501137765,1703.1476354002953,0.0,False,False,,nonpositive_total_gain,,-8.32662985497417,0.58984375,False,False
confirm-M-w128-d52919-s803-g05-uniform,1,M,128,52919,803,uniform,False,852.0942116975784,1.6642465072218329,852.0942116975784,-0.0,852.0942116975784,0.0,1.0,,,constant_weights,False,False,6.457169849927169e-07,,constant_weights,,-658.5515108779073,1.0,False,False,,constant_weights,,1652.867114663124,0.0,False,False,,constant_weights,,1561.9670478105545,0.00390625,False,False,,constant_weights,,1607.4170812368393,0.0,False,False,,constant_weights,,-272.69009576016373,1.0,False,False
confirm-M-w128-d52919-s803-g05-uniform,3,M,128,52919,803,uniform,False,937.4911240339279,1.8310373516287655,937.4911240339279,-0.0,937.4911240339279,0.0,1.0,,,constant_weights,False,False,6.92903995513916e-07,,constant_weights,,-374.8686547353864,1.0,False,False,,constant_weights,,1690.2821182012558,0.0,False,False,,constant_weights,,1497.059918165207,0.0,False,False,,constant_weights,,1593.6710181832314,0.0,False,False,,constant_weights,,-187.29318330460495,0.97265625,False,False
confirm-M-w128-d52919-s803-g05-uniform,5,M,128,52919,803,uniform,False,1001.5008573532104,1.9560563620179892,1001.5008573532104,-0.0,1001.5008573532104,0.0,1.0,,,constant_weights,False,False,7.872780165563142e-07,,constant_weights,,-298.1470943465829,1.0,False,False,,constant_weights,,1745.9491280317307,0.0,False,False,,constant_weights,,1556.7005648612976,0.001953125,False,False,,constant_weights,,1651.3248464465141,0.0,False,False,,constant_weights,,-123.28344986611313,0.947265625,False,False
confirm-M-w128-d52919-s803-g05-uniform,10,M,128,52919,803,uniform,False,1114.1889814138412,2.1761503543239087,1114.1889814138412,-0.0,1114.1889814138412,0.0,1.0,,,constant_weights,False,False,8.183221020807707e-07,,constant_weights,,-61.700050339102745,1.0,False,False,,constant_weights,,1774.9832091331482,0.0,False,False,,constant_weights,,1629.283809185028,0.00390625,False,False,,constant_weights,,1702.1335091590881,0.0,False,False,,constant_weights,,-10.595326878365881,0.63671875,False,False
confirm-M-w128-d52919-s803-g05-uniform,20,M,128,52919,803,uniform,False,1239.8437416553497,2.421569807920605,1239.8437416553497,-0.0,1239.8437416553497,0.0,1.0,,,constant_weights,False,False,7.996956505884611e-07,,constant_weights,,-11.771249886602163,0.99609375,False,False,,constant_weights,,2070.6783808469772,0.0,False,False,,constant_weights,,1660.6241246461868,0.005859375,False,False,,constant_weights,,1865.651252746582,0.0,False,False,,constant_weights,,115.0594351512819,0.07421875,False,False
confirm-M-w128-d52919-s803-g05-uniform,30,M,128,52919,803,uniform,False,1318.3125371932983,2.574829174205661,1318.3125371932983,-0.0,1318.3125371932983,0.0,1.0,,,constant_weights,False,False,6.631016731262207e-07,,constant_weights,,-7.224420573562384,0.94921875,False,False,,constant_weights,,2267.4943214058876,0.0,False,False,,constant_weights,,1694.6677424907684,0.005859375,False,False,,constant_weights,,1981.081031948328,0.0,False,False,,constant_weights,,193.52823092764908,0.015625,False,False
confirm-M-w128-d55049-s801-g04-random,1,M,128,55049,801,random,False,825.2876169681549,1.6118898768909276,825.2876169681549,-0.0,825.2876169681549,0.0,1.0,0.007672177150176974,4.761575715351892e-06,,False,False,8.009374141693115e-07,,nonpositive_total_gain,,-666.5230244807899,1.0,False,False,0.00754506071340927,,2.536733082294711e-06,1554.8499854803085,0.001953125,False,False,0.004848852478896364,,7.246190570462219e-06,1587.535912513733,0.0,False,False,0.006183875868641133,,3.1818842630654356e-06,1571.1929489970207,0.0,False,False,,nonpositive_total_gain,,-275.9443094509215,1.0,False,False
confirm-M-w128-d55049-s801-g04-random,3,M,128,55049,801,random,False,871.6137635707855,1.7023706319741905,871.6137635707855,-0.0,871.6137635707855,0.0,1.0,0.014394295811737283,1.1670832204318712e-05,,False,False,8.543332417065841e-07,,nonpositive_total_gain,,-444.680735450238,1.0,False,False,0.011779656569845264,,5.2285976373809e-06,1554.3034851551056,0.001953125,False,False,0.011724506362614344,,1.5483341142820133e-05,1505.218561410904,0.0,False,False,0.011752556124283782,,7.439281245909292e-06,1529.7610232830048,0.0,False,False,,nonpositive_total_gain,,-229.61816284829086,0.994140625,False,False
confirm-M-w128-d55049-s801-g04-random,5,M,128,55049,801,random,False,898.5955166816711,1.755069368518889,898.5955166816711,-0.0,898.5955166816711,0.0,1.0,0.01992480065961047,1.9794088550985518e-05,,False,False,6.705522537231445e-07,,nonpositive_total_gain,,-375.55888421460986,1.0,False,False,0.015135126399456595,,9.64908000102922e-06,1576.8298034667969,0.001953125,False,False,0.016938890446823632,,2.325251671911421e-05,1494.5156389474869,0.0,False,False,0.01601178482971314,,1.3554410339935134e-05,1535.6727212071419,0.0,False,False,,nonpositive_total_gain,,-202.63640985661453,0.970703125,False,False
confirm-M-w128-d55049-s801-g04-random,10,M,128,55049,801,random,False,987.9352991580963,1.9295611311681569,987.9352991580963,-0.0,987.9352991580963,0.0,1.0,0.02299998698300324,2.6326784187452585e-05,,False,False,8.357067904363191e-07,,nonpositive_total_gain,,-220.42616490647197,1.0,False,False,0.020663324462183406,,1.4728600905403488e-05,1614.2804692983627,0.001953125,False,False,0.01838392500539302,,3.6281872061175585e-05,1569.9516115188599,0.0,False,False,0.019540964019538663,,2.207424784580812e-05,1592.1160404086113,0.0,False,False,,nonpositive_total_gain,,-113.29662618809644,0.890625,False,False
confirm-M-w128-d55049-s801-g04-random,20,M,128,55049,801,random,False,1088.7078346014023,2.126382489455864,1088.7078346014023,-0.0,1088.7078346014023,0.0,1.0,0.041023727851087224,6.369771723913357e-05,,False,False,7.438162961115324e-07,,nonpositive_total_gain,,-80.85172293707728,1.0,False,False,0.0421793817759412,,5.880812621450377e-05,1707.2014282345772,0.001953125,False,False,0.03303508280160167,,5.688225549189387e-05,1639.7738326787949,0.0,False,False,0.0376964203028049,,5.5852828172565756e-05,1673.487630456686,0.0,False,False,,nonpositive_total_gain,,-12.524090565976508,0.595703125,False,False
confirm-M-w128-d55049-s801-g04-random,30,M,128,55049,801,random,False,1114.5767612457275,2.1769077368080616,1114.5767612457275,-0.0,1114.5767612457275,0.0,1.0,0.10029181796288214,0.00019001925145838632,,False,False,8.84135564316324e-07,,nonpositive_total_gain,,-40.763508923351765,0.998046875,False,False,0.1010289740108341,,0.00015650355476168885,1762.7053131461143,0.0078125,False,False,0.0926757770560923,,0.00022523049424894286,1621.7884995043278,0.005859375,False,False,0.09702972255189637,,0.0001847380886365662,1692.246906325221,0.0,False,False,8.0,,21.057047526360762,13.344835094872096,0.564453125,False,True
confirm-M-w128-d55049-s801-g04-uniform,1,M,128,55049,801,uniform,False,828.154040813446,1.6174883609637618,828.154040813446,-0.0,828.154040813446,0.0,1.0,,,constant_weights,False,False,7.214645545428056e-07,,constant_weights,,-651.4136213473976,1.0,False,False,,constant_weights,,1554.2763562202454,0.001953125,False,False,,constant_weights,,1581.599392414093,0.0,False,False,,constant_weights,,1567.9378743171692,0.0,False,False,,constant_weights,,-273.07788560563034,1.0,False,False
confirm-M-w128-d55049-s801-g04-uniform,3,M,128,55049,801,uniform,False,899.7541193962097,1.757332264445722,899.7541193962097,-0.0,899.7541193962097,0.0,1.0,,,constant_weights,False,False,7.587174575274247e-07,,constant_weights,,-396.6841213218868,1.0,False,False,,constant_weights,,1580.7097718715668,0.0,False,False,,constant_weights,,1515.2367284297943,0.0,False,False,,constant_weights,,1547.9732501506805,0.0,False,False,,constant_weights,,-201.47780702286667,0.98046875,False,False
confirm-M-w128-d55049-s801-g04-uniform,5,M,128,55049,801,uniform,False,961.6379095315933,1.8781990420538932,961.6379095315933,-0.0,961.6379095315933,0.0,1.0,,,constant_weights,False,False,6.556510925292969e-07,,constant_weights,,-288.4377405010164,1.0,False,False,,constant_weights,,1619.5812458992004,0.001953125,False,False,,constant_weights,,1553.7702403068542,0.0,False,False,,constant_weights,,1586.6757431030273,0.0,False,False,,constant_weights,,-139.59401664906449,0.94921875,False,False
confirm-M-w128-d55049-s801-g04-uniform,10,M,128,55049,801,uniform,False,1090.3567572832108,2.129603041568771,1090.3567572832108,-0.0,1090.3567572832108,0.0,1.0,,,constant_weights,False,False,7.475415864099944e-07,,constant_weights,,-55.05651577934623,1.0,False,False,,constant_weights,,1667.001369357109,0.001953125,False,False,,constant_weights,,1659.1254360675812,0.0,False,False,,constant_weights,,1663.0634027123451,0.0,False,False,,constant_weights,,-10.875169493493445,0.625,False,False
confirm-M-w128-d55049-s801-g04-uniform,20,M,128,55049,801,uniform,False,1192.7608680725098,2.3296110704541206,1192.7608680725098,-0.0,1192.7608680725098,0.0,1.0,,,constant_weights,False,False,8.903443813323975e-07,,constant_weights,,-6.898627825081348,0.86328125,False,False,,constant_weights,,1889.7369680404663,0.001953125,False,False,,constant_weights,,1695.4442842006683,0.0,False,False,,constant_weights,,1792.5906261205673,0.0,False,False,,constant_weights,,91.52894260710772,0.09765625,False,False
confirm-M-w128-d55049-s801-g04-uniform,30,M,128,55049,801,uniform,False,1296.7276109457016,2.5326711151283234,1296.7276109457016,-0.0,1296.7276109457016,0.0,1.0,,,constant_weights,False,False,8.381903171539307e-07,,constant_weights,,1.229039505124092,0.326171875,False,False,,constant_weights,,2147.6699200570583,0.001953125,False,False,,constant_weights,,1741.28389108181,0.001953125,False,False,,constant_weights,,1944.4769055694342,0.0,False,False,,constant_weights,,195.4956845266252,0.009765625,False,False
confirm-M-w128-d55049-s801-g05-random,1,M,128,55049,801,random,False,825.0785675048828,1.6114815771579742,825.0785675048828,-0.0,825.0785675048828,0.0,1.0,0.0076727300089359084,4.761611192259759e-06,,False,False,7.214645545428056e-07,,nonpositive_total_gain,,-667.1612248830497,1.0,False,False,0.007540937164439326,,2.5392353402412477e-06,1554.8524079322815,0.001953125,False,False,0.0048486846216960165,,7.236644561988426e-06,1587.5445280075073,0.0,False,False,0.00618174422738426,,3.1797650128409633e-06,1571.1984679698944,0.0,False,False,,nonpositive_total_gain,,-276.1533589141936,1.0,False,False
confirm-M-w128-d55049-s801-g05-random,3,M,128,55049,801,random,False,871.2712044715881,1.7017015712335706,871.2712044715881,-0.0,871.2712044715881,0.0,1.0,0.014394683319390273,1.1669839861253956e-05,,False,False,7.984538872296554e-07,,nonpositive_total_gain,,-445.53805438801646,1.0,False,False,0.011774976107634661,,5.236265297666068e-06,1554.3505061864853,0.001953125,False,False,0.011724970161195745,,1.546491918930732e-05,1505.0011780261993,0.0,False,False,0.011750406238184768,,7.436781401490581e-06,1529.6758421063423,0.0,False,False,,nonpositive_total_gain,,-229.96072182827896,0.994140625,False,False
confirm-M-w128-d55049-s801-g05-random,5,M,128,55049,801,random,False,897.8196437358856,1.7535539916716516,897.8196437358856,-0.0,897.8196437358856,0.0,1.0,0.01990572628592832,1.9775074899076836e-05,,False,False,8.009374141693115e-07,,nonpositive_total_gain,,-377.985971044749,1.0,False,False,0.015111204641717616,,9.637392641275571e-06,1576.8986419439316,0.001953125,False,False,0.016927753613653493,,2.3191140216401534e-05,1494.5462754964828,0.0,False,False,0.01599407055317551,,1.351706931359848e-05,1535.7224587202072,0.0,False,False,,nonpositive_total_gain,,-203.41228280240006,0.97265625,False,False
confirm-M-w128-d55049-s801-g05-random,10,M,128,55049,801,random,False,985.2004424333572,1.9242196141276509,985.2004424333572,-0.0,985.2004424333572,0.0,1.0,0.0227077636408368,2.5843000551462647e-05,,False,False,6.494422755132234e-07,,nonpositive_total_gain,,-228.07120981439948,1.0,False,False,0.02036658316771328,,1.436435187777298e-05,1613.2462731599808,0.001953125,False,False,0.01810599365918939,,3.526646389271075e-05,1570.4262825250626,0.0,False,False,0.01925292538616323,,2.1456091306366824e-05,1591.8362778425217,0.0,False,False,,nonpositive_total_gain,,-116.03148386650983,0.896484375,False,False
confirm-M-w128-d55049-s801-g05-random,20,M,128,55049,801,random,False,1082.4224351644516,2.1141063186805695,1082.4224351644516,-0.0,1082.4224351644516,0.0,1.0,0.03818205753416082,5.782422105175038e-05,,False,False,7.82310962677002e-07,,nonpositive_total_gain,,-94.54877783730626,1.0,False,False,0.038738182454892356,,5.123194939599344e-05,1700.8436768054962,0.001953125,False,False,0.03058449323278034,,5.204015373502657e-05,1640.9724323749542,0.0,False,False,0.03473254807700424,,4.9739756027332385e-05,1670.9080545902252,0.0,False,False,,nonpositive_total_gain,,-18.809489645299323,0.615234375,False,False
confirm-M-w128-d55049-s801-g05-random,30,M,128,55049,801,random,False,1106.8200209140778,2.161757853347808,1106.8200209140778,-0.0,1106.8200209140778,0.0,1.0,0.09205843900658484,0.00017970231833153359,,False,False,7.686515650640047e-07,,nonpositive_total_gain,,-56.39648336544633,1.0,False,False,0.09184341799687545,,0.0001493838055767896,1754.8621084690094,0.0078125,False,False,0.0845391961481382,,0.0002063377886957868,1621.994451969862,0.00390625,False,False,0.08833765064163526,,0.00017292525595587077,1688.4282802194357,0.0,False,False,8.0,,111.80541711215841,5.588096402350049,0.576171875,False,True
confirm-M-w128-d55049-s801-g05-uniform,1,M,128,55049,801,uniform,False,827.9405769109726,1.6170714392792434,827.9405769109726,-0.0,827.9405769109726,0.0,1.0,,,constant_weights,False,False,7.47541586632039e-07,,constant_weights,,-651.8839739970863,1.0,False,False,,constant_weights,,1554.2021629810333,0.001953125,False,False,,constant_weights,,1581.5035514831543,0.0,False,False,,constant_weights,,1567.8528572320938,0.0,False,False,,constant_weights,,-273.2913495081038,1.0,False,False
confirm-M-w128-d55049-s801-g05-uniform,3,M,128,55049,801,uniform,False,899.3511961698532,1.7565453050192446,899.3511961698532,-0.0,899.3511961698532,0.0,1.0,,,constant_weights,False,False,6.891787052154541e-07,,constant_weights,,-397.84242666885257,1.0,False,False,,constant_weights,,1580.7879645824432,0.0,False,False,,constant_weights,,1515.1080634593964,0.0,False,False,,constant_weights,,1547.9480140209198,0.0,False,False,,constant_weights,,-201.88073024922318,0.98046875,False,False
confirm-M-w128-d55049-s801-g05-uniform,5,M,128,55049,801,uniform,False,961.0509994029999,1.8770527332089841,961.0509994029999,-0.0,961.0509994029999,0.0,1.0,,,constant_weights,False,False,8.145968117823088e-07,,constant_weights,,-290.2458942197263,1.0,False,False,,constant_weights,,1619.1742651462555,0.001953125,False,False,,constant_weights,,1554.2246458530426,0.0,False,False,,constant_weights,,1586.699455499649,0.0,False,False,,constant_weights,,-140.1809271352858,0.951171875,False,False
confirm-M-w128-d55049-s801-g05-uniform,10,M,128,55049,801,uniform,False,1086.1146111488342,2.121317599900067,1086.1146111488342,-0.0,1086.1146111488342,0.0,1.0,,,constant_weights,False,False,7.711350917816162e-07,,constant_weights,,-63.868953716009855,1.0,False,False,,constant_weights,,1663.8994472026825,0.001953125,False,False,,constant_weights,,1658.3133437633514,0.0,False,False,,constant_weights,,1661.106395483017,0.0,False,False,,constant_weights,,-15.117314793404944,0.646484375,False,False
confirm-M-w128-d55049-s801-g05-uniform,20,M,128,55049,801,uniform,False,1183.1141468286514,2.31076981802471,1183.1141468286514,-0.0,1183.1141468286514,0.0,1.0,,,constant_weights,False,False,8.39432080734781e-07,,constant_weights,,-13.694883320480585,0.998046875,False,False,,constant_weights,,1870.4563598632812,0.001953125,False,False,,constant_weights,,1692.5809742212296,0.0,False,False,,constant_weights,,1781.5186670422554,0.0,False,False,,constant_weights,,81.88222052878436,0.12890625,False,False
confirm-M-w128-d55049-s801-g05-uniform,30,M,128,55049,801,uniform,False,1276.7827978134155,2.493716401979327,1276.7827978134155,-0.0,1276.7827978134155,0.0,1.0,,,constant_weights,False,False,7.636845111846924e-07,,constant_weights,,-7.846000723540783,0.97265625,False,False,,constant_weights,,2102.8203092217445,0.001953125,False,False,,constant_weights,,1735.3740984201431,0.001953125,False,False,,constant_weights,,1919.0972038209438,0.0,False,False,,constant_weights,,175.55087246722275,0.01953125,False,False
confirm-M-w128-d55049-s802-g04-random,1,M,128,55049,802,random,False,834.3758481740952,1.6296403284650296,834.3758481740952,-0.0,834.3758481740952,0.0,1.0,0.004086641993887448,2.8665790331737047e-06,,False,False,7.003545761108398e-07,,nonpositive_total_gain,,-694.9808806329966,1.0,False,False,0.005743253225593827,,3.0500015612609447e-06,1592.6351008415222,0.001953125,False,False,0.0007250475023787636,,2.9021785375604795e-06,1605.4733247756958,0.0,True,False,0.0032221345352562037,,1.7989378391401132e-06,1599.054212808609,0.0,False,False,,nonpositive_total_gain,,-282.77614841633743,1.0,False,False
confirm-M-w128-d55049-s802-g04-random,3,M,128,55049,802,random,False,892.8441457748413,1.743836222216487,892.8441457748413,-0.0,892.8441457748413,0.0,1.0,0.013027170162161136,1.0179447147274833e-05,,False,False,6.792445976788741e-07,,nonpositive_total_gain,,-401.43847669661045,1.0,False,False,0.011191739133580587,,7.816025525354297e-06,1583.7315745353699,0.0,False,False,0.01009412118313054,,8.034549288396704e-06,1496.2393280267715,0.0,False,False,0.010658384332735246,,7.0085245965446445e-06,1539.9854512810707,0.0,False,False,,nonpositive_total_gain,,-224.307850696382,0.990234375,False,False
confirm-M-w128-d55049-s802-g04-random,5,M,128,55049,802,random,False,922.1389244794846,1.8010525868739933,922.1389244794846,-0.0,922.1389244794846,0.0,1.0,0.01975881479029694,1.8141683725580908e-05,,False,False,7.363657157366532e-07,,nonpositive_total_gain,,-365.0655502229929,1.0,False,False,0.0152259753013008,,1.2318255305786996e-05,1628.5791039466858,0.0,False,False,0.017236219800820927,,1.581665430052956e-05,1502.9032125473022,0.0,False,False,0.01619037241580186,,1.3071830023995728e-05,1565.741158246994,0.0,False,False,,nonpositive_total_gain,,-195.0130725877852,0.970703125,False,False
confirm-M-w128-d55049-s802-g04-random,10,M,128,55049,802,random,False,1001.2274796962738,1.9555224212817848,1001.2274796962738,-0.0,1001.2274796962738,0.0,1.0,0.02520291689869833,2.635871668364996e-05,,False,False,6.792445979009187e-07,,nonpositive_total_gain,,-227.9644927084446,1.0,False,False,0.02087075381205168,,2.0672235481781824e-05,1657.4548374414444,0.001953125,False,False,0.021290686598685153,,1.6736453378227756e-05,1574.1920902729034,0.0,False,False,0.02107538849939932,,1.7671122736996223e-05,1615.823463857174,0.0,False,False,,nonpositive_total_gain,,-115.9245164173216,0.875,False,False
confirm-M-w128-d55049-s802-g04-random,20,M,128,55049,802,random,False,1092.4528861045837,2.133697043173015,1092.4528861045837,-0.0,1092.4528861045837,0.0,1.0,0.05029281221759843,8.821519785843659e-05,,False,False,8.183221020807707e-07,,nonpositive_total_gain,,-81.21408051252365,1.0,False,False,0.04739164480176404,,9.111942959384511e-05,1752.4434266090393,0.001953125,False,False,0.04601610088021023,,6.898893065307667e-05,1606.129323720932,0.0,False,False,0.046733168055578644,,7.8792575740484e-05,1679.2863751649857,0.0,False,False,,nonpositive_total_gain,,-24.6991087573141,0.6015625,False,False
confirm-M-w128-d55049-s802-g04-random,30,M,128,55049,802,random,False,1125.5479671955109,2.198335873428732,1125.5479671955109,-0.0,1125.5479671955109,0.0,1.0,0.1037589530570426,0.0001938781060753436,,False,False,8.133550486455476e-07,,nonpositive_total_gain,,-37.21471842750907,0.998046875,False,False,0.0982528662486987,,0.00017644858503930346,1802.6034888625145,0.0078125,False,False,0.10469390706792935,,0.00019321460345037434,1611.255131751299,0.0078125,False,False,0.10128833444286589,,0.0001829334087188276,1706.9293103069067,0.0,False,False,8.0,,69.41952463182713,8.3959719163805,0.58203125,False,True
confirm-M-w128-d55049-s802-g04-uniform,1,M,128,55049,802,uniform,False,844.7561177015305,1.6499142923858017,844.7561177015305,-0.0,844.7561177015305,0.0,1.0,,,constant_weights,False,False,6.792445976788741e-07,,constant_weights,,-636.6279407888651,1.0,False,False,,constant_weights,,1585.2604311704636,0.001953125,False,False,,constant_weights,,1585.6358768939972,0.0,False,False,,constant_weights,,1585.4481540322304,0.0,False,False,,constant_weights,,-272.39587888890213,1.0,False,False
confirm-M-w128-d55049-s802-g04-uniform,3,M,128,55049,802,uniform,False,920.0401639938354,1.7969534453004599,920.0401639938354,-0.0,920.0401639938354,0.0,1.0,,,constant_weights,False,False,6.68068727005533e-07,,constant_weights,,-395.38526840507984,1.0,False,False,,constant_weights,,1628.5262479782104,0.0,False,False,,constant_weights,,1526.979520559311,0.0,False,False,,constant_weights,,1577.7528842687607,0.0,False,False,,constant_weights,,-197.11183259659714,0.97265625,False,False
confirm-M-w128-d55049-s802-g04-uniform,5,M,128,55049,802,uniform,False,984.7875901460648,1.9234132620040327,984.7875901460648,-0.0,984.7875901460648,0.0,1.0,,,constant_weights,False,False,7.388492426763094e-07,,constant_weights,,-285.57051511108875,1.0,False,False,,constant_weights,,1661.1744356155396,0.001953125,False,False,,constant_weights,,1578.7588567733765,0.0,False,False,,constant_weights,,1619.966646194458,0.0,False,False,,constant_weights,,-132.36440644436783,0.94921875,False,False
confirm-M-w128-d55049-s802-g04-uniform,10,M,128,55049,802,uniform,False,1102.1536192893982,2.152643787674606,1102.1536192893982,-0.0,1102.1536192893982,0.0,1.0,,,constant_weights,False,False,8.593002953638518e-07,,constant_weights,,-64.06764567643404,1.0,False,False,,constant_weights,,1702.9280564785004,0.001953125,False,False,,constant_weights,,1667.600454568863,0.0,False,False,,constant_weights,,1685.2642555236816,0.0,False,False,,constant_weights,,-14.998377897080786,0.6640625,False,False
confirm-M-w128-d55049-s802-g04-uniform,20,M,128,55049,802,uniform,False,1208.9992779493332,2.3613267147447914,1208.9992779493332,-0.0,1208.9992779493332,0.0,1.0,,,constant_weights,False,False,6.730357804407561e-07,,constant_weights,,-9.019717507064342,0.880859375,False,False,,constant_weights,,1931.3884295225143,0.001953125,False,False,,constant_weights,,1704.6291143894196,0.0,False,False,,constant_weights,,1818.008771955967,0.0,False,False,,constant_weights,,91.84728040522631,0.08203125,False,False
confirm-M-w128-d55049-s802-g04-uniform,30,M,128,55049,802,uniform,False,1313.2246261835098,2.5648918480146676,1313.2246261835098,-0.0,1313.2246261835098,0.0,1.0,,,constant_weights,False,False,8.667508759607756e-07,,constant_weights,,0.26511107571423054,0.404296875,False,False,,constant_weights,,2189.900842756033,0.0,False,False,,constant_weights,,1749.5079391002655,0.0,False,False,,constant_weights,,1969.7043909281492,0.0,False,False,,constant_weights,,196.0726312620073,0.015625,False,False
confirm-M-w128-d55049-s802-g05-random,1,M,128,55049,802,random,False,834.1761161088943,1.6292502267751843,834.1761161088943,-0.0,834.1761161088943,0.0,1.0,0.004089657506777904,2.870029597836758e-06,,False,False,7.078051567077637e-07,,nonpositive_total_gain,,-695.465210929513,1.0,False,False,0.005745377212337786,,3.049856646728656e-06,1592.5953087806702,0.001953125,False,False,0.0007268947231972503,,2.904188001353506e-06,1605.3982462882996,0.0,True,False,0.0032241460704279298,,1.7997930005339672e-06,1598.9967775344849,0.0,False,False,,nonpositive_total_gain,,-282.97588048153824,1.0,False,False
confirm-M-w128-d55049-s802-g05-random,3,M,128,55049,802,random,False,892.4237540960312,1.743015144718811,892.4237540960312,-0.0,892.4237540960312,0.0,1.0,0.01303508976004222,1.0202035533850349e-05,,False,False,8.990367252881271e-07,,nonpositive_total_gain,,-402.3698911219835,1.0,False,False,0.011193058390281826,,7.826089649710743e-06,1583.6841921806335,0.0,False,False,0.010105535972443208,,8.043165693256669e-06,1495.9569735527039,0.0,False,False,0.010664652129886248,,7.01760537012813e-06,1539.8205828666687,0.0,False,False,,nonpositive_total_gain,,-224.7282424944014,0.990234375,False,False
confirm-M-w128-d55049-s802-g05-random,5,M,128,55049,802,random,False,921.3199471235275,1.7994530217256397,921.3199471235275,-0.0,921.3199471235275,0.0,1.0,0.019718988138874842,1.810538028857137e-05,,False,False,6.953875224535722e-07,,nonpositive_total_gain,,-367.5236496180296,1.0,False,False,0.015192843454192466,,1.2268527372467204e-05,1628.402983546257,0.0,False,False,0.017188560418965666,,1.570683129113004e-05,1503.080531001091,0.0,False,False,0.01615039015185985,,1.2995679688197157e-05,1565.741757273674,0.0,False,False,,nonpositive_total_gain,,-195.83204934769577,0.970703125,False,False
confirm-M-w128-d55049-s802-g05-random,10,M,128,55049,802,random,False,998.3325825929642,1.9498683253768831,998.3325825929642,-0.0,998.3325825929642,0.0,1.0,0.02485051558802273,2.56022026187534e-05,,False,False,8.493661880493164e-07,,nonpositive_total_gain,,-235.18593668937683,1.0,False,False,0.020510475185162642,,2.0105770155132e-05,1655.6993463039398,0.001953125,False,False,0.020928001908115987,,1.6133454377811397e-05,1574.4843275547028,0.0,False,False,0.020714068981476222,,1.7090031952133455e-05,1615.0918369293213,0.0,False,False,,nonpositive_total_gain,,-118.81941340142195,0.8828125,False,False
confirm-M-w128-d55049-s802-g05-random,20,M,128,55049,802,random,False,1087.9465787410736,2.1248956616036594,1087.9465787410736,-0.0,1087.9465787410736,0.0,1.0,0.04628752199214929,7.774177823888669e-05,,False,False,8.39432080734781e-07,,nonpositive_total_gain,,-98.73597600311041,1.0,False,False,0.043202537585769196,,7.855171619032898e-05,1748.4694827795029,0.001953125,False,False,0.04165941353025464,,5.985576672686499e-05,1614.1062302589417,0.0,False,False,0.04246110913642798,,6.801398819077303e-05,1681.2878565192223,0.0,False,False,,nonpositive_total_gain,,-29.205418564614668,0.625,False,False
confirm-M-w128-d55049-s802-g05-random,30,M,128,55049,802,random,False,1121.1685103178024,2.189782246714458,1121.1685103178024,-0.0,1121.1685103178024,0.0,1.0,0.09368396567409266,0.0001800095836062433,,False,False,7.276733717809236e-07,,nonpositive_total_gain,,-55.21934516727924,1.0,False,False,0.08825019334334738,,0.0001600025713622777,1799.9849690794945,0.0078125,False,False,0.09319482712916995,,0.00017641268350518534,1618.7399207353592,0.00390625,False,False,0.09058865172006393,,0.00016649898034853968,1709.3624449074268,0.0,False,False,8.0,,260.98761081062867,4.016514025393104,0.599609375,False,True
confirm-M-w128-d55049-s802-g05-uniform,1,M,128,55049,802,uniform,False,844.5989565849304,1.6496073370799422,844.5989565849304,-0.0,844.5989565849304,0.0,1.0,,,constant_weights,False,False,7.798274357373458e-07,,constant_weights,,-636.8866350799799,1.0,False,False,,constant_weights,,1585.1750891208649,0.001953125,False,False,,constant_weights,,1585.5084147453308,0.0,False,False,,constant_weights,,1585.3417519330978,0.0,False,False,,constant_weights,,-272.55304000550217,1.0,False,False
confirm-M-w128-d55049-s802-g05-uniform,3,M,128,55049,802,uniform,False,919.588486790657,1.796071263263002,919.588486790657,-0.0,919.588486790657,0.0,1.0,,,constant_weights,False,False,8.58058532005046e-07,,constant_weights,,-396.6297160834074,1.0,False,False,,constant_weights,,1628.5257980823517,0.0,False,False,,constant_weights,,1526.8693828582764,0.0,False,False,,constant_weights,,1577.697590470314,0.0,False,False,,constant_weights,,-197.56350979977555,0.97265625,False,False
confirm-M-w128-d55049-s802-g05-uniform,5,M,128,55049,802,uniform,False,983.8129906654358,1.9215097473934293,983.8129906654358,-0.0,983.8129906654358,0.0,1.0,,,constant_weights,False,False,7.450580596923828e-07,,constant_weights,,-288.4308709651232,1.0,False,False,,constant_weights,,1660.5376749038696,0.001953125,False,False,,constant_weights,,1579.3321659564972,0.0,False,False,,constant_weights,,1619.9349204301834,0.0,False,False,,constant_weights,,-133.3390059249968,0.951171875,False,False
confirm-M-w128-d55049-s802-g05-uniform,10,M,128,55049,802,uniform,False,1097.7470086812973,2.144037126330659,1097.7470086812973,-0.0,1097.7470086812973,0.0,1.0,,,constant_weights,False,False,7.872780165563142e-07,,constant_weights,,-71.60076770186424,1.0,False,False,,constant_weights,,1699.0984781980515,0.001953125,False,False,,constant_weights,,1665.743325471878,0.0,False,False,,constant_weights,,1682.4209018349648,0.0,False,False,,constant_weights,,-19.404988505181677,0.6875,False,False
confirm-M-w128-d55049-s802-g05-uniform,20,M,128,55049,802,uniform,False,1199.6615335941315,2.343088932801038,1199.6615335941315,-0.0,1199.6615335941315,0.0,1.0,,,constant_weights,False,False,7.761021456609285e-07,,constant_weights,,-16.343354515731335,0.99609375,False,False,,constant_weights,,1912.9802540540695,0.001953125,False,False,,constant_weights,,1702.347690820694,0.0,False,False,,constant_weights,,1807.6639724373817,0.0,False,False,,constant_weights,,82.50953318900164,0.099609375,False,False
confirm-M-w128-d55049-s802-g05-uniform,30,M,128,55049,802,uniform,False,1294.7413684129715,2.528791735181585,1294.7413684129715,-0.0,1294.7413684129715,0.0,1.0,,,constant_weights,False,False,7.202227911839998e-07,,constant_weights,,-9.082806583493948,0.990234375,False,False,,constant_weights,,2148.571333169937,0.001953125,False,False,,constant_weights,,1744.7355741262436,0.0,False,False,,constant_weights,,1946.6534536480904,0.0,False,False,,constant_weights,,177.58937104767853,0.02734375,False,False
confirm-M-w128-d55049-s803-g04-random,1,M,128,55049,803,random,False,824.2737317085266,1.609909632243216,824.2737317085266,-0.0,824.2737317085266,0.0,1.0,0.003246264241876226,1.3097776230923798e-05,,False,False,7.053216297681075e-07,,nonpositive_total_gain,,-721.5418636351824,1.0,False,False,0.00028255299375901067,,7.966589301254045e-06,1578.9995515346527,0.001953125,True,False,0.004491112590511137,,8.691391182879834e-06,1615.3634901046753,0.0,False,False,0.002410757446834457,,7.31397442239548e-06,1597.181520819664,0.0,False,False,,nonpositive_total_gain,,-286.91623923951096,1.0,False,False
confirm-M-w128-d55049-s803-g04-random,3,M,128,55049,803,random,False,888.9491325616837,1.7362287745345384,888.9491325616837,-0.0,888.9491325616837,0.0,1.0,0.010714610840378874,2.054102959782511e-05,,False,False,6.631016731262207e-07,,nonpositive_total_gain,,-454.4531870633364,1.0,False,False,0.006147092209284635,,1.423883148130117e-05,1584.5621559619904,0.0,False,False,0.010326637273078792,,1.6045785639111194e-05,1536.7384271621704,0.0,False,False,0.008204647524514243,,1.4058089775487969e-05,1560.6502915620804,0.0,False,False,,nonpositive_total_gain,,-222.24083838635391,0.994140625,False,False
confirm-M-w128-d55049-s803-g04-random,5,M,128,55049,803,random,False,918.2311487197876,1.7934202123433352,918.2311487197876,-0.0,918.2311487197876,0.0,1.0,0.016726124375059548,2.7407917774444865e-05,,False,False,7.289151349176848e-07,,nonpositive_total_gain,,-386.6967593282461,1.0,False,False,0.010633987532072446,,1.8922841892142937e-05,1608.0280371904373,0.0,False,False,0.016165058923283057,,2.218015752546439e-05,1533.3621690273285,0.0,False,False,0.013333185157719248,,1.934300656296587e-05,1570.695103108883,0.0,False,False,,nonpositive_total_gain,,-192.95882210904068,0.978515625,False,False
confirm-M-w128-d55049-s803-g04-random,10,M,128,55049,803,random,False,993.8882077932358,1.9411879058461636,993.8882077932358,-0.0,993.8882077932358,0.0,1.0,0.024299154706893436,3.7930367247559794e-05,,False,False,6.395081677545988e-07,,nonpositive_total_gain,,-223.60198079049587,1.0,False,False,0.018927365729232676,,2.898969867058755e-05,1617.6096189022064,0.0,False,False,0.020030623567342358,,2.7177045914382255e-05,1587.6569793224335,0.0,False,False,0.01947398456914809,,2.674739904292988e-05,1602.63329911232,0.0,False,False,,nonpositive_total_gain,,-117.30176172429029,0.873046875,False,False
confirm-M-w128-d55049-s803-g04-random,20,M,128,55049,803,random,False,1082.896467089653,2.1150321622844785,1082.896467089653,-0.0,1082.896467089653,0.0,1.0,0.05006989624075733,9.301392896958374e-05,,False,False,7.400910058130705e-07,,nonpositive_total_gain,,-90.68662754446268,1.0,False,False,0.05236136262682094,,8.87745746427427e-05,1712.494072854519,0.0,False,False,0.03907821589316239,,8.085955956516258e-05,1626.8819555044174,0.0,False,False,0.045882902586040206,,8.308396255120816e-05,1669.6880141794682,0.0,False,False,,nonpositive_total_gain,,-28.293502308663744,0.609375,False,False
confirm-M-w128-d55049-s803-g04-random,30,M,128,55049,803,random,False,1115.106899857521,2.177943163784221,1115.106899857521,-0.0,1115.106899857521,0.0,1.0,0.10416448583573085,0.0002170629077385854,,False,False,9.263555209582108e-07,,nonpositive_total_gain,,-35.56532600522041,0.994140625,False,False,0.10189966728041867,,0.00018098786577810694,1762.9974685311317,0.005859375,False,False,0.10022581902268377,,0.00025586265991383553,1617.8885410428047,0.009765625,False,False,0.10109996615243519,,0.00021238977073759213,1690.4430047869682,0.0,False,False,8.0,,334.2626328531838,3.9169306678205453,0.580078125,False,True
confirm-M-w128-d55049-s803-g04-uniform,1,M,128,55049,803,uniform,False,836.806366443634,1.6343874344602227,836.806366443634,-0.0,836.806366443634,0.0,1.0,,,constant_weights,False,False,6.010135014111739e-07,,constant_weights,,-671.8655355721712,1.0,False,False,,constant_weights,,1573.87244784832,0.0,False,False,,constant_weights,,1608.4121820926666,0.0,False,False,,constant_weights,,1591.1423149704933,0.0,False,False,,constant_weights,,-274.38360450440354,1.0,False,False
confirm-M-w128-d55049-s803-g04-uniform,3,M,128,55049,803,uniform,False,919.2226377725601,1.7953567143995315,919.2226377725601,-0.0,919.2226377725601,0.0,1.0,,,constant_weights,False,False,6.58134619468953e-07,,constant_weights,,-376.5459667593241,1.0,False,False,,constant_weights,,1604.9215205907822,0.0,False,False,,constant_weights,,1529.2923579216003,0.0,False,False,,constant_weights,,1567.1069392561913,0.0,False,False,,constant_weights,,-191.96733317547745,0.97265625,False,False
confirm-M-w128-d55049-s803-g04-uniform,5,M,128,55049,803,uniform,False,981.7453503608704,1.917471387423575,981.7453503608704,-0.0,981.7453503608704,0.0,1.0,,,constant_weights,False,False,7.053216299901521e-07,,constant_weights,,-276.50409811735153,1.0,False,False,,constant_weights,,1635.8469104766846,0.0,False,False,,constant_weights,,1585.8932378292084,0.0,False,False,,constant_weights,,1610.8700741529465,0.0,False,False,,constant_weights,,-129.44462034874863,0.951171875,False,False
confirm-M-w128-d55049-s803-g04-uniform,10,M,128,55049,803,uniform,False,1102.4386502504349,2.1532004887703806,1102.4386502504349,-0.0,1102.4386502504349,0.0,1.0,,,constant_weights,False,False,7.09046920288614e-07,,constant_weights,,-51.73998002707958,1.0,False,False,,constant_weights,,1685.5545144081116,0.001953125,False,False,,constant_weights,,1673.50142288208,0.0,False,False,,constant_weights,,1679.5279686450958,0.0,False,False,,constant_weights,,-8.751318909463293,0.6171875,False,False
confirm-M-w128-d55049-s803-g04-uniform,20,M,128,55049,803,uniform,False,1207.032134771347,2.357484638225287,1207.032134771347,-0.0,1207.032134771347,0.0,1.0,,,constant_weights,False,False,8.357067904363191e-07,,constant_weights,,-5.407905500382185,0.865234375,False,False,,constant_weights,,1914.2587007284164,0.001953125,False,False,,constant_weights,,1712.2456176280975,0.0,False,False,,constant_weights,,1813.252159178257,0.0,False,False,,constant_weights,,95.84216632670459,0.0703125,False,False
confirm-M-w128-d55049-s803-g04-uniform,30,M,128,55049,803,uniform,False,1314.5817903280258,2.5675425592344254,1314.5817903280258,-0.0,1314.5817903280258,0.0,1.0,,,constant_weights,False,False,8.046627044677734e-07,,constant_weights,,1.414461214095354,0.28515625,False,False,,constant_weights,,2187.3274291157722,0.001953125,False,False,,constant_weights,,1755.0034799575806,0.0,False,False,,constant_weights,,1971.1654545366764,0.0,False,False,,constant_weights,,203.39181800908142,0.01171875,False,False
confirm-M-w128-d55049-s803-g05-random,1,M,128,55049,803,random,False,824.0457735061646,1.6094644013792276,824.0457735061646,-0.0,824.0457735061646,0.0,1.0,0.0032441894707946365,1.3114454544142131e-05,,False,False,7.487833499908447e-07,,nonpositive_total_gain,,-722.1927883177996,1.0,False,False,0.0002802771109071964,,7.970475013012265e-06,1578.9645156860352,0.001953125,True,False,0.004487811327007292,,8.697190359130368e-06,1615.365567445755,0.0,False,False,0.002407988152141643,,7.318004927545148e-06,1597.165041565895,0.0,False,False,,nonpositive_total_gain,,-287.144197441873,1.0,False,False
confirm-M-w128-d55049-s803-g05-random,3,M,128,55049,803,random,False,888.4666955471039,1.7352865147404373,888.4666955471039,-0.0,888.4666955471039,0.0,1.0,0.01073369240004795,2.055749328226437e-05,,False,False,6.693104903643388e-07,,nonpositive_total_gain,,-455.5907001644373,1.0,False,False,0.006156734789988709,,1.4228693257000898e-05,1584.4823945760727,0.0,False,False,0.010343712028786478,,1.604904261934677e-05,1536.508377790451,0.0,False,False,0.00821784223087466,,1.405510872094465e-05,1560.4953861832619,0.0,False,False,,nonpositive_total_gain,,-222.7232754009337,0.994140625,False,False
confirm-M-w128-d55049-s803-g05-random,5,M,128,55049,803,random,False,917.4003690481186,1.7917975957971066,917.4003690481186,-0.0,917.4003690481186,0.0,1.0,0.01672159509388666,2.7377708598006242e-05,,False,False,7.37607479095459e-07,,nonpositive_total_gain,,-388.6891725510359,1.0,False,False,0.010612015755887286,,1.8866124335748733e-05,1607.7456567287445,0.0,False,False,0.01615963494705059,,2.2091971242834753e-05,1533.144613981247,0.0,False,False,0.013319338440980853,,1.9276871614559333e-05,1570.4451353549957,0.0,False,False,,nonpositive_total_gain,,-193.7896017807097,0.978515625,False,False
confirm-M-w128-d55049-s803-g05-random,10,M,128,55049,803,random,False,990.791600227356,1.9351398441940546,990.791600227356,-0.0,990.791600227356,0.0,1.0,0.023997689724200216,3.733075980057796e-05,,False,False,8.083879947662354e-07,,nonpositive_total_gain,,-232.03059624135494,1.0,False,False,0.018563360622547445,,2.8258485086655658e-05,1616.4448456764221,0.0,False,False,0.01968235009322273,,2.67071097877294e-05,1587.9605412483215,0.0,False,False,0.01911801965911196,,2.616534024726479e-05,1602.2026934623718,0.0,False,False,,nonpositive_total_gain,,-120.39837143593732,0.888671875,False,False
confirm-M-w128-d55049-s803-g05-random,20,M,128,55049,803,random,False,1078.4251013994217,2.1062990261707455,1078.4251013994217,-0.0,1078.4251013994217,0.0,1.0,0.04622600537453721,8.419151774312113e-05,,False,False,7.649262747655428e-07,,nonpositive_total_gain,,-107.9234149903059,1.0,False,False,0.04755487173520659,,7.818874535358008e-05,1710.371654689312,0.0,False,False,0.03577939422357104,,7.246024232929643e-05,1632.8270651102066,0.0,False,False,0.04179851655473675,,7.365498324543266e-05,1671.5993598997593,0.0,False,False,,nonpositive_total_gain,,-32.76486835652293,0.615234375,False,False
confirm-M-w128-d55049-s803-g05-random,30,M,128,55049,803,random,False,1113.6455075740814,2.1750888819806278,1113.6455075740814,-0.0,1113.6455075740814,0.0,1.0,0.09443965951326173,0.00019859993205050068,,False,False,7.53750403870157e-07,,nonpositive_total_gain,,-53.23987913131714,1.0,False,False,0.09112655959328111,,0.00016972958524400557,1763.9809707403183,0.00390625,False,False,0.0900490081838896,,0.00022299465387879964,1630.1954192817211,0.005859375,False,False,0.09060963164411585,,0.0001919835603383435,1697.0881950110197,0.0,False,False,8.0,,713.5716148504903,2.4555355531602867,0.583984375,False,True
confirm-M-w128-d55049-s803-g05-uniform,1,M,128,55049,803,uniform,False,836.6348561048508,1.6340524533297867,836.6348561048508,-0.0,836.6348561048508,0.0,1.0,,,constant_weights,False,False,6.655852000658768e-07,,constant_weights,,-672.1660493165255,1.0,False,False,,constant_weights,,1573.7866098880768,0.0,False,False,,constant_weights,,1608.2840104103088,0.0,False,False,,constant_weights,,1591.0353101491928,0.0,False,False,,constant_weights,,-274.5551148431868,1.0,False,False
confirm-M-w128-d55049-s803-g05-uniform,3,M,128,55049,803,uniform,False,918.7077902555466,1.7943511528428644,918.7077902555466,-0.0,918.7077902555466,0.0,1.0,,,constant_weights,False,False,6.879369418566483e-07,,constant_weights,,-377.62399439513683,1.0,False,False,,constant_weights,,1604.7828096151352,0.0,False,False,,constant_weights,,1528.964556336403,0.0,False,False,,constant_weights,,1566.873682975769,0.0,False,False,,constant_weights,,-192.482180692491,0.97265625,False,False
confirm-M-w128-d55049-s803-g05-uniform,5,M,128,55049,803,uniform,False,980.9610060453415,1.9159394649323076,980.9610060453415,-0.0,980.9610060453415,0.0,1.0,,,constant_weights,False,False,7.698933282007658e-07,,constant_weights,,-278.52519395947456,1.0,False,False,,constant_weights,,1635.1555565595627,0.0,False,False,,constant_weights,,1586.2526540756226,0.0,False,False,,constant_weights,,1610.7041053175926,0.0,False,False,,constant_weights,,-130.22896490269608,0.951171875,False,False
confirm-M-w128-d55049-s803-g05-uniform,10,M,128,55049,803,uniform,False,1097.5569825172424,2.143665981478989,1097.5569825172424,-0.0,1097.5569825172424,0.0,1.0,,,constant_weights,False,False,8.92827908050009e-07,,constant_weights,,-60.38960328698158,1.0,False,False,,constant_weights,,1681.6237623691559,0.001953125,False,False,,constant_weights,,1671.4367880821228,0.0,False,False,,constant_weights,,1676.5302752256393,0.0,False,False,,constant_weights,,-13.632987596330054,0.66796875,False,False
confirm-M-w128-d55049-s803-g05-uniform,20,M,128,55049,803,uniform,False,1199.5891882181168,2.3429476332385093,1199.5891882181168,-0.0,1199.5891882181168,0.0,1.0,,,constant_weights,False,False,7.711350917816162e-07,,constant_weights,,-12.318339221179485,1.0,False,False,,constant_weights,,1900.0944473743439,0.001953125,False,False,,constant_weights,,1710.991447687149,0.0,False,False,,constant_weights,,1805.5429475307465,0.0,False,False,,constant_weights,,88.39921810454425,0.08203125,False,False
confirm-M-w128-d55049-s803-g05-uniform,30,M,128,55049,803,uniform,False,1295.536144375801,2.5303440319839865,1295.536144375801,-0.0,1295.536144375801,0.0,1.0,,,constant_weights,False,False,6.655851998438322e-07,,constant_weights,,-7.83120097592473,0.94140625,False,False,,constant_weights,,2143.832549035549,0.001953125,False,False,,constant_weights,,1750.6070793867111,0.0,False,False,,constant_weights,,1947.2198142111301,0.0,False,False,,constant_weights,,184.34617450064712,0.01171875,False,False
confirm-M-w128-d57163-s801-g04-random,1,M,128,57163,801,random,False,837.8955332040787,1.6365147132892162,837.8955332040787,-0.0,837.8955332040787,0.0,1.0,0.001295031728742234,9.683278972115897e-06,,False,False,8.891026177515471e-07,,nonpositive_total_gain,,-701.6797675602138,1.0,False,False,0.0023546307166997533,,1.2766597302438827e-05,1603.420352101326,0.001953125,False,False,0.0,,2.78704595078046e-06,1611.9460124969482,0.0,True,False,0.0007535334464239705,,5.749903867538248e-06,1607.6831822991371,0.0,True,False,,nonpositive_total_gain,,-285.04930505925125,1.0,False,False
confirm-M-w128-d57163-s801-g04-random,3,M,128,57163,801,random,False,895.6547756195068,1.7493257336318493,895.6547756195068,-0.0,895.6547756195068,0.0,1.0,0.009602319271190422,1.7294839513828518e-05,,False,False,7.053216297681075e-07,,nonpositive_total_gain,,-433.0033636800945,1.0,False,False,0.008631780808085888,,1.7594080577762325e-05,1600.225995540619,0.0,False,False,0.0062809147402531525,,6.4740745429706885e-06,1519.7416892051697,0.0,False,False,0.007485384974417492,,1.0767853315257044e-05,1559.9838423728943,0.0,False,False,,nonpositive_total_gain,,-227.2900626438231,0.986328125,False,False
confirm-M-w128-d57163-s801-g04-random,5,M,128,57163,801,random,False,923.1610009670258,1.8030488300137222,923.1610009670258,-0.0,923.1610009670258,0.0,1.0,0.015191761127789947,2.7878497636611453e-05,,False,False,9.59883133644368e-07,,nonpositive_total_gain,,-393.8562989346683,1.0,False,False,0.013064530580416192,,2.5674932815302376e-05,1645.2721116542816,0.0,False,False,0.011578319462813937,,1.0213138344177428e-05,1518.067189335823,0.0,False,False,0.012350252010710376,,1.647613421579302e-05,1581.6696504950523,0.0,False,False,,nonpositive_total_gain,,-199.78383717709488,0.970703125,False,False
confirm-M-w128-d57163-s801-g04-random,10,M,128,57163,801,random,False,1002.1219590902328,1.957269451348111,1002.1219590902328,-0.0,1002.1219590902328,0.0,1.0,0.021212029898286418,4.03453900049248e-05,,False,False,7.698933282007658e-07,,nonpositive_total_gain,,-231.0954743437469,1.0,False,False,0.017477743618453556,,4.408236659883312e-05,1664.0498678684235,0.0,False,False,0.014332803183045941,,1.911891132384844e-05,1573.4114911556244,0.0,False,False,0.01594680485909037,,2.9927837756165055e-05,1618.730679512024,0.0,False,False,,nonpositive_total_gain,,-120.82287857705062,0.86328125,False,False
confirm-M-w128-d57163-s801-g04-random,20,M,128,57163,801,random,False,1103.8286678791046,2.155915366951376,1103.8286678791046,-0.0,1103.8286678791046,0.0,1.0,0.037791826575355625,7.60834863747345e-05,,False,False,9.487072625269377e-07,,nonpositive_total_gain,,-110.61188161745667,1.0,False,False,0.039920227307005174,,9.744434669511383e-05,1770.2489851117134,0.001953125,False,False,0.02522012031102129,,4.239325247545129e-05,1651.8488765954971,0.0,False,False,0.03280417956232082,,6.74503950064979e-05,1711.0489308536053,0.0,False,False,,nonpositive_total_gain,,-19.11617139750422,0.623046875,False,False
confirm-M-w128-d57163-s801-g04-random,30,M,128,57163,801,random,False,1144.4135588407516,2.235182732110843,1144.4135588407516,-0.0,1144.4135588407516,0.0,1.0,0.081446174004167,0.00019907627977526837,,False,False,7.549921670069182e-07,,nonpositive_total_gain,,-39.81376534327865,1.0,False,False,0.08623521327461221,,0.00020057871227544783,1831.51518329978,0.001953125,False,False,0.06977064608009058,,0.00018658587553249946,1641.5392652750015,0.001953125,False,False,0.07843900681300427,,0.00019300910754009164,1736.5272242873907,0.0,False,False,8.0,,5.35156574100993,21.46872236556111,0.537109375,False,True
confirm-M-w128-d57163-s801-g04-uniform,1,M,128,57163,801,uniform,False,843.5598106384277,1.6475777551531792,843.5598106384277,-0.0,843.5598106384277,0.0,1.0,,,constant_weights,False,False,8.096297583470857e-07,,constant_weights,,-674.5908836834133,1.0,False,False,,constant_weights,,1604.1961215734482,0.001953125,False,False,,constant_weights,,1601.074181318283,0.0,False,False,,constant_weights,,1602.6351514458656,0.0,False,False,,constant_weights,,-279.3850276249022,1.0,False,False
confirm-M-w128-d57163-s801-g04-uniform,3,M,128,57163,801,uniform,False,921.8194736242294,1.800428659422323,921.8194736242294,-0.0,921.8194736242294,0.0,1.0,,,constant_weights,False,False,8.891026177515471e-07,,constant_weights,,-417.93858863040805,1.0,False,False,,constant_weights,,1650.597390294075,0.0,False,False,,constant_weights,,1532.7996187210083,0.0,False,False,,constant_weights,,1591.6985045075417,0.0,False,False,,constant_weights,,-201.1253646391005,0.982421875,False,False
confirm-M-w128-d57163-s801-g04-uniform,5,M,128,57163,801,uniform,False,986.4700565338135,1.9266993291676044,986.4700565338135,-0.0,986.4700565338135,0.0,1.0,,,constant_weights,False,False,8.493661880493164e-07,,constant_weights,,-287.22962368652225,1.0,False,False,,constant_weights,,1681.3735287189484,0.0,False,False,,constant_weights,,1565.266261935234,0.0,False,False,,constant_weights,,1623.3198953270912,0.0,False,False,,constant_weights,,-136.47478113347,0.94921875,False,False
confirm-M-w128-d57163-s801-g04-uniform,10,M,128,57163,801,uniform,False,1114.1658277511597,2.1761051323264837,1114.1658277511597,-0.0,1114.1658277511597,0.0,1.0,,,constant_weights,False,False,7.574756941686189e-07,,constant_weights,,-57.50745387002826,1.0,False,False,,constant_weights,,1725.49682366848,0.001953125,False,False,,constant_weights,,1674.5081179141998,0.0,False,False,,constant_weights,,1700.0024707913399,0.0,False,False,,constant_weights,,-8.77900836640299,0.634765625,False,False
confirm-M-w128-d57163-s801-g04-uniform,20,M,128,57163,801,uniform,False,1225.6324982643127,2.393813473172486,1225.6324982643127,-0.0,1225.6324982643127,0.0,1.0,,,constant_weights,False,False,8.282562098393953e-07,,constant_weights,,-8.34109865501523,0.8828125,False,False,,constant_weights,,1974.4174214601517,0.001953125,False,False,,constant_weights,,1710.8211562633514,0.0,False,False,,constant_weights,,1842.6192888617516,0.0,False,False,,constant_weights,,102.68765964335498,0.076171875,False,False
confirm-M-w128-d57163-s801-g04-uniform,30,M,128,57163,801,uniform,False,1318.9118235111237,2.5759996552951634,1318.9118235111237,-0.0,1318.9118235111237,0.0,1.0,,,constant_weights,False,False,9.78509584914633e-07,,constant_weights,,1.010343560948968,0.333984375,False,False,,constant_weights,,2202.434024274349,0.0,False,False,,constant_weights,,1753.2910932302475,0.0,False,False,,constant_weights,,1977.8625587522984,0.0,False,False,,constant_weights,,195.96698643988663,0.0078125,False,False
confirm-M-w128-d57163-s801-g05-random,1,M,128,57163,801,random,False,837.6592086553574,1.6360531419049948,837.6592086553574,-0.0,837.6592086553574,0.0,1.0,0.0012975534185763011,9.687853814835355e-06,,False,False,8.096297583470857e-07,,nonpositive_total_gain,,-702.3177704326808,1.0,False,False,0.0023601272782661055,,1.277295675093574e-05,1603.3899948596954,0.001953125,False,False,0.0,,2.7866803742861935e-06,1611.905387878418,0.0,True,False,0.0007563000867673469,,5.750830146213161e-06,1607.6476913690567,0.0,True,False,,nonpositive_total_gain,,-285.28562960797257,1.0,False,False
confirm-M-w128-d57163-s801-g05-random,3,M,128,57163,801,random,False,895.2822259664536,1.7485980975907296,895.2822259664536,-0.0,895.2822259664536,0.0,1.0,0.009612653494673797,1.730293715019536e-05,,False,False,9.28839047897867e-07,,nonpositive_total_gain,,-433.8196071200073,1.0,False,False,0.008649075041070368,,1.7585674434531956e-05,1600.1686160564423,0.0,False,False,0.006281218102588564,,6.4810303317321154e-06,1519.4976481199265,0.0,False,False,0.007494468881505453,,1.0769179136457593e-05,1559.8331320881844,0.0,False,False,,nonpositive_total_gain,,-227.66261229687638,0.986328125,False,False
confirm-M-w128-d57163-s801-g05-random,5,M,128,57163,801,random,False,922.357582449913,1.8014796532224864,922.357582449913,-0.0,922.357582449913,0.0,1.0,0.015160514849955512,2.7888109354409003e-05,,False,False,8.493661880493164e-07,,nonpositive_total_gain,,-396.19832737371325,1.0,False,False,0.013036340728583288,,2.5654515358353234e-05,1645.1778683662415,0.0,False,False,0.011535252524266657,,1.0240639857762795e-05,1518.093181848526,0.0,False,False,0.012314888708633984,,1.648738651516276e-05,1581.6355251073837,0.0,False,False,,nonpositive_total_gain,,-200.58725617104477,0.970703125,False,False
confirm-M-w128-d57163-s801-g05-random,10,M,128,57163,801,random,False,999.3575314283371,1.951870178570971,999.3575314283371,-0.0,999.3575314283371,0.0,1.0,0.020843575753147818,3.963919207688415e-05,,False,False,7.698933282007658e-07,,nonpositive_total_gain,,-238.28376046940684,1.0,False,False,0.017141635600789545,,4.3121333506108644e-05,1662.5668108463287,0.0,False,False,0.013973592210021903,,1.8664812143074948e-05,1573.7895438671112,0.0,False,False,0.015598574478836683,,2.9233989343095e-05,1618.17817735672,0.0,False,False,,nonpositive_total_gain,,-123.58730719262068,0.869140625,False,False
confirm-M-w128-d57163-s801-g05-random,20,M,128,57163,801,random,False,1096.6114628314972,2.141819263342768,1096.6114628314972,-0.0,1096.6114628314972,0.0,1.0,0.034988123047735034,6.854402802021789e-05,,False,False,7.922450699915373e-07,,nonpositive_total_gain,,-127.70287092402577,1.0,False,False,0.03617305246629959,,8.694073903977057e-05,1763.6238006353378,0.001953125,False,False,0.02312730571919635,,3.732286225074352e-05,1653.9134536981583,0.0,False,False,0.029842858328470855,,5.972124766058174e-05,1708.768627166748,0.0,False,False,,nonpositive_total_gain,,-26.333376147088423,0.64453125,False,False
confirm-M-w128-d57163-s801-g05-random,30,M,128,57163,801,random,False,1136.7559967041016,2.2202265560626984,1136.7559967041016,-0.0,1136.7559967041016,0.0,1.0,0.07448615535890181,0.00018286007797516348,,False,False,7.922450699915373e-07,,nonpositive_total_gain,,-57.7044978775084,1.0,False,False,0.07791396955848819,,0.00018716291756221067,1824.981546729803,0.001953125,False,False,0.06307938022719085,,0.00016384643041664464,1642.990929365158,0.001953125,False,False,0.07087326894086643,,0.00017505744865591038,1733.9862380474806,0.0,False,False,8.0,,12.144702567988935,13.811158977213486,0.544921875,False,True
confirm-M-w128-d57163-s801-g05-uniform,1,M,128,57163,801,uniform,False,843.3857947587967,1.6472378803882748,843.3857947587967,-0.0,843.3857947587967,0.0,1.0,,,constant_weights,False,False,7.910033066327316e-07,,constant_weights,,-674.918973159045,1.0,False,False,,constant_weights,,1604.1166228055954,0.001953125,False,False,,constant_weights,,1600.9597189426422,0.0,False,False,,constant_weights,,1602.5381708741188,0.0,False,False,,constant_weights,,-279.55904350453324,1.0,False,False
confirm-M-w128-d57163-s801-g05-uniform,3,M,128,57163,801,uniform,False,921.3804695606232,1.7995712296105921,921.3804695606232,-0.0,921.3804695606232,0.0,1.0,,,constant_weights,False,False,7.17739264022299e-07,,constant_weights,,-419.12242175266147,1.0,False,False,,constant_weights,,1650.614925146103,0.0,False,False,,constant_weights,,1532.6488931179047,0.0,False,False,,constant_weights,,1591.6319091320038,0.0,False,False,,constant_weights,,-201.56436870270676,0.982421875,False,False
confirm-M-w128-d57163-s801-g05-uniform,5,M,128,57163,801,uniform,False,985.7676231861115,1.925327389035374,985.7676231861115,-0.0,985.7676231861115,0.0,1.0,,,constant_weights,False,False,9.08970832824707e-07,,constant_weights,,-288.7989191226661,1.0,False,False,,constant_weights,,1680.5634225606918,0.0,False,False,,constant_weights,,1565.5383651256561,0.0,False,False,,constant_weights,,1623.050893843174,0.0,False,False,,constant_weights,,-137.1772149580092,0.94921875,False,False
confirm-M-w128-d57163-s801-g05-uniform,10,M,128,57163,801,uniform,False,1109.9106973409653,2.167794330744073,1109.9106973409653,-0.0,1109.9106973409653,0.0,1.0,,,constant_weights,False,False,8.593002953638518e-07,,constant_weights,,-64.67847982421517,1.0,False,False,,constant_weights,,1721.3110102415085,0.001953125,False,False,,constant_weights,,1673.0995559692383,0.0,False,False,,constant_weights,,1697.2052831053734,0.0,False,False,,constant_weights,,-13.034139372643835,0.677734375,False,False
confirm-M-w128-d57163-s801-g05-uniform,20,M,128,57163,801,uniform,False,1216.6168512105942,2.3762047875206918,1216.6168512105942,-0.0,1216.6168512105942,0.0,1.0,,,constant_weights,False,False,8.294979729761565e-07,,constant_weights,,-15.417354058474302,0.99609375,False,False,,constant_weights,,1956.5972773432732,0.001953125,False,False,,constant_weights,,1708.670616388321,0.0,False,False,,constant_weights,,1832.633946865797,0.0,False,False,,constant_weights,,93.67201199358996,0.1015625,False,False
confirm-M-w128-d57163-s801-g05-uniform,30,M,128,57163,801,uniform,False,1301.2174108028412,2.541440255474299,1301.2174108028412,-0.0,1301.2174108028412,0.0,1.0,,,constant_weights,False,False,8.319815001378572e-07,,constant_weights,,-8.067217983305454,0.9609375,False,False,,constant_weights,,2162.1638222932816,0.0,False,False,,constant_weights,,1749.555626988411,0.0,False,False,,constant_weights,,1955.8597246408463,0.0,False,False,,constant_weights,,178.27257468527847,0.0078125,False,False
confirm-M-w128-d57163-s802-g04-random,1,M,128,57163,802,random,False,841.1482377052307,1.6428676517680287,841.1482377052307,-0.0,841.1482377052307,0.0,1.0,0.0032425748453119843,5.329988297692174e-06,,False,False,8.021791775281173e-07,,nonpositive_total_gain,,-705.8519827350974,1.0,False,False,0.0033767655151733175,,5.859836848294938e-06,1610.4458338022232,0.001953125,False,False,0.0015128404133161037,,2.9533077123387426e-06,1618.8508522510529,0.0,False,False,0.0024427192367416405,,3.219945945159022e-06,1614.648343026638,0.0,False,False,,nonpositive_total_gain,,-283.66304133110947,1.0,False,False
confirm-M-w128-d57163-s802-g04-random,3,M,128,57163,802,random,False,906.4686131477356,1.770446510054171,906.4686131477356,-0.0,906.4686131477356,0.0,1.0,0.01186784708821385,7.022290211300737e-06,,False,False,8.419156074523926e-07,,nonpositive_total_gain,,-426.2588412091136,1.0,False,False,0.008996065457797495,,6.059847195175125e-06,1620.4560006856918,0.0,False,False,0.008915643041806625,,5.423107661135279e-06,1525.2086803913116,0.0,False,False,0.008957085294909219,,4.5181957692956065e-06,1572.8323405385017,0.0,False,False,,nonpositive_total_gain,,-218.3426657693953,0.98046875,False,False
confirm-M-w128-d57163-s802-g04-random,5,M,128,57163,802,random,False,943.5171908140182,1.8428070133086294,943.5171908140182,-0.0,943.5171908140182,0.0,1.0,0.01701904146085565,1.3761836821587931e-05,,False,False,7.413327693939209e-07,,nonpositive_total_gain,,-349.2032056674361,1.0,False,False,0.012796724556266455,,9.354775587240567e-06,1653.21537566185,0.0,False,False,0.014550888558301816,,1.186879229770454e-05,1526.5394011735916,0.0,False,False,0.013638173669652774,,9.082088798844416e-06,1589.8773884177208,0.0,False,False,,nonpositive_total_gain,,-181.29408893757767,0.953125,False,False
confirm-M-w128-d57163-s802-g04-random,10,M,128,57163,802,random,False,1019.2707186937332,1.9907631224486977,1019.2707186937332,-0.0,1019.2707186937332,0.0,1.0,0.021074100093765785,1.8483290202280252e-05,,False,False,7.62442747603842e-07,,nonpositive_total_gain,,-197.71090396493673,1.0,False,False,0.017845426650660808,,1.3585213278484193e-05,1670.1296418905258,0.0,False,False,0.01596173609233991,,1.4170440108126827e-05,1585.3934282064438,0.0,False,False,0.016928433287221815,,1.2776449632183031e-05,1627.7615350484848,0.0,False,False,,nonpositive_total_gain,,-105.54056034260694,0.8359375,False,False
confirm-M-w128-d57163-s802-g04-random,20,M,128,57163,802,random,False,1110.3508033752441,2.1686539128422737,1110.3508033752441,-0.0,1110.3508033752441,0.0,1.0,0.04569070850412377,7.026745572943796e-05,,False,False,6.581346192469084e-07,,nonpositive_total_gain,,-74.73340705037117,1.0,False,False,0.04655664505978099,,7.534683017663842e-05,1776.28143543005,0.0,False,False,0.03739528753184135,,5.7208607765369795e-05,1629.5043778419495,0.0,False,False,0.04216591783640533,,6.466785556823537e-05,1702.8929066359997,0.0,False,False,,nonpositive_total_gain,,-14.460475541886698,0.578125,False,False
confirm-M-w128-d57163-s802-g04-random,30,M,128,57163,802,random,False,1146.4437594413757,2.239147967658937,1146.4437594413757,-0.0,1146.4437594413757,0.0,1.0,0.09235737068021602,0.0001784144233684117,,False,False,8.009374141693115e-07,,nonpositive_total_gain,,-34.31179188936949,0.990234375,False,False,0.0943604521837134,,0.00014600927106249103,1819.83884370327,0.00390625,False,False,0.08450710815915272,,0.0002124328199645694,1653.8042252063751,0.0,False,False,0.08967003774057553,,0.0001744999644454193,1736.8215344548225,0.0,False,False,8.0,,7.238574018081085,21.632480434837916,0.56640625,False,True
confirm-M-w128-d57163-s802-g04-uniform,1,M,128,57163,802,uniform,False,854.2965852022171,1.6685480179730803,854.2965852022171,-0.0,854.2965852022171,0.0,1.0,,,constant_weights,False,False,7.301568984985352e-07,,constant_weights,,-642.5312867388129,1.0,False,False,,constant_weights,,1607.3725135326385,0.001953125,False,False,,constant_weights,,1598.0485306978226,0.0,False,False,,constant_weights,,1602.7105221152306,0.0,False,False,,constant_weights,,-270.5146938341231,1.0,False,False
confirm-M-w128-d57163-s802-g04-uniform,3,M,128,57163,802,uniform,False,932.9392001628876,1.8221468753181398,932.9392001628876,-0.0,932.9392001628876,0.0,1.0,,,constant_weights,False,False,7.624427478258866e-07,,constant_weights,,-396.69641952961683,1.0,False,False,,constant_weights,,1657.4426831007004,0.0,False,False,,constant_weights,,1538.0713502168655,0.0,False,False,,constant_weights,,1597.757016658783,0.0,False,False,,constant_weights,,-191.8720788734526,0.982421875,False,False
confirm-M-w128-d57163-s802-g04-uniform,5,M,128,57163,802,uniform,False,998.4988502264023,1.950193066848442,998.4988502264023,-0.0,998.4988502264023,0.0,1.0,,,constant_weights,False,False,7.289151351397294e-07,,constant_weights,,-301.2173509672284,1.0,False,False,,constant_weights,,1690.6072418689728,0.0,False,False,,constant_weights,,1606.1066570281982,0.0,False,False,,constant_weights,,1648.3569494485855,0.0,False,False,,constant_weights,,-126.31242857151932,0.951171875,False,False
confirm-M-w128-d57163-s802-g04-uniform,10,M,128,57163,802,uniform,False,1119.6204730272293,2.1867587363813072,1119.6204730272293,-0.0,1119.6204730272293,0.0,1.0,,,constant_weights,False,False,6.544093289484465e-07,,constant_weights,,-49.10092397779226,1.0,False,False,,constant_weights,,1727.1905744075775,0.0,False,False,,constant_weights,,1680.7717697620392,0.0,False,False,,constant_weights,,1703.9811720848083,0.0,False,False,,constant_weights,,-5.190805770692237,0.58984375,False,False
confirm-M-w128-d57163-s802-g04-uniform,20,M,128,57163,802,uniform,False,1226.7623578310013,2.3960202301386744,1226.7623578310013,-0.0,1226.7623578310013,0.0,1.0,,,constant_weights,False,False,7.674098014831543e-07,,constant_weights,,-8.184927985072136,0.865234375,False,False,,constant_weights,,1975.1222714781761,0.0,False,False,,constant_weights,,1713.349734544754,0.0,False,False,,constant_weights,,1844.236003011465,0.0,False,False,,constant_weights,,101.95108082121905,0.09375,False,False
confirm-M-w128-d57163-s802-g04-uniform,30,M,128,57163,802,uniform,False,1335.5294501781464,2.608455957379192,1335.5294501781464,-0.0,1335.5294501781464,0.0,1.0,,,constant_weights,False,False,7.574756941686189e-07,,constant_weights,,0.7830605767667294,0.3671875,False,False,,constant_weights,,2240.271223127842,0.0,False,False,,constant_weights,,1765.5340775251389,0.0,False,False,,constant_weights,,2002.9026503264904,0.0,False,False,,constant_weights,,210.7181730491548,0.013671875,False,False
confirm-M-w128-d57163-s802-g05-random,1,M,128,57163,802,random,False,840.9354510307312,1.6424520527943969,840.9354510307312,-0.0,840.9354510307312,0.0,1.0,0.003247286602894705,5.3309858731985904e-06,,False,False,7.289151351397294e-07,,nonpositive_total_gain,,-706.3423632606864,1.0,False,False,0.003377815426396486,,5.858231875859149e-06,1610.3828624486923,0.001953125,False,False,0.001515632902572789,,2.9548120985297726e-06,1618.7658450603485,0.0,False,False,0.002444647565218917,,3.2200706776264903e-06,1614.5743537545204,0.0,False,False,,nonpositive_total_gain,,-283.875828005609,1.0,False,False
confirm-M-w128-d57163-s802-g05-random,3,M,128,57163,802,random,False,906.0454521179199,1.7696200236678123,906.0454521179199,-0.0,906.0454521179199,0.0,1.0,0.011869293056566869,7.0284664317724394e-06,,False,False,7.450580596923828e-07,,nonpositive_total_gain,,-427.1266953572631,1.0,False,False,0.008995564568536556,,6.06594372152108e-06,1620.3794920444489,0.0,False,False,0.008916599839046177,,5.42091595040075e-06,1524.8835639953613,0.0,False,False,0.008957293472091381,,4.519921431937415e-06,1572.631528019905,0.0,False,False,,nonpositive_total_gain,,-218.76582691842026,0.98046875,False,False
confirm-M-w128-d57163-s802-g05-random,5,M,128,57163,802,random,False,942.8934444189072,1.841588758630678,942.8934444189072,-0.0,942.8934444189072,0.0,1.0,0.01696040790246315,1.3692475574092755e-05,,False,False,7.028381028284514e-07,,nonpositive_total_gain,,-351.25922345370054,1.0,False,False,0.012761321396510844,,9.343247215480715e-06,1653.047516465187,0.0,False,False,0.01448390951894889,,1.1753326145341666e-05,1526.892047047615,0.0,False,False,0.0135877777076698,,9.0350767429509e-06,1589.969781756401,0.0,False,False,,nonpositive_total_gain,,-181.91783497506088,0.955078125,False,False
confirm-M-w128-d57163-s802-g05-random,10,M,128,57163,802,random,False,1016.0120927095413,1.984398618573323,1016.0120927095413,-0.0,1016.0120927095413,0.0,1.0,0.020756122503541613,1.8058968239678303e-05,,False,False,7.276733717809236e-07,,nonpositive_total_gain,,-204.83532563596964,1.0,False,False,0.017586394504625562,,1.3308276934637791e-05,1667.8960036039352,0.0,False,False,0.01564976341494509,,1.3718423397903388e-05,1584.9756031036377,0.0,False,False,0.01664308867225739,,1.2436820473444254e-05,1626.4358033537865,0.0,False,False,,nonpositive_total_gain,,-108.79918501549668,0.841796875,False,False
confirm-M-w128-d57163-s802-g05-random,20,M,128,57163,802,random,False,1106.9006650447845,2.161915361415595,1106.9006650447845,-0.0,1106.9006650447845,0.0,1.0,0.04210940870577014,6.192993252441111e-05,,False,False,8.195638656616211e-07,,nonpositive_total_gain,,-88.14911587536335,1.0,False,False,0.04219926306662693,,6.57808612560611e-05,1773.4713817834854,0.0,False,False,0.034341245276924864,,4.957066289425105e-05,1635.3797277212143,0.0,False,False,0.038423889214544385,,5.61559108622239e-05,1704.4255547523499,0.0,False,False,,nonpositive_total_gain,,-17.91061560088099,0.595703125,False,False
confirm-M-w128-d57163-s802-g05-random,30,M,128,57163,802,random,False,1142.981351017952,2.2323854512069374,1142.981351017952,-0.0,1142.981351017952,0.0,1.0,0.08389727149873075,0.00016086798124908568,,False,False,6.295740604400635e-07,,nonpositive_total_gain,,-51.65051689743996,1.0,False,False,0.08440923194073757,,0.0001288477056965603,1822.252826333046,0.001953125,False,False,0.07633468443359594,,0.0001899606331782555,1658.3417344093323,0.0,False,False,0.08056391202072304,,0.0001550724568296161,1740.2972803711891,0.0,False,False,8.0,,8.709141412913086,18.17007245844899,0.5546875,False,True
confirm-M-w128-d57163-s802-g05-uniform,1,M,128,57163,802,uniform,False,854.1430761814117,1.6682481956668198,854.1430761814117,-0.0,854.1430761814117,0.0,1.0,,,constant_weights,False,False,6.432334582751054e-07,,constant_weights,,-642.7392462715507,1.0,False,False,,constant_weights,,1607.2714179754257,0.001953125,False,False,,constant_weights,,1597.8970593214035,0.0,False,False,,constant_weights,,1602.5842386484146,0.0,False,False,,constant_weights,,-270.66820285492844,1.0,False,False
confirm-M-w128-d57163-s802-g05-uniform,3,M,128,57163,802,uniform,False,932.505737900734,1.821300269337371,932.505737900734,-0.0,932.505737900734,0.0,1.0,,,constant_weights,False,False,8.443991343920487e-07,,constant_weights,,-397.83661230653524,1.0,False,False,,constant_weights,,1657.402983546257,0.0,False,False,,constant_weights,,1537.9508337974548,0.0,False,False,,constant_weights,,1597.676908671856,0.0,False,False,,constant_weights,,-192.30554113560623,0.982421875,False,False
confirm-M-w128-d57163-s802-g05-uniform,5,M,128,57163,802,uniform,False,997.3100991249084,1.9478712873533368,997.3100991249084,-0.0,997.3100991249084,0.0,1.0,,,constant_weights,False,False,8.617838225255525e-07,,constant_weights,,-304.4561303332448,1.0,False,False,,constant_weights,,1689.7918630838394,0.0,False,False,,constant_weights,,1606.5945683717728,0.0,False,False,,constant_weights,,1648.193215727806,0.0,False,False,,constant_weights,,-127.50117955380387,0.953125,False,False
confirm-M-w128-d57163-s802-g05-uniform,10,M,128,57163,802,uniform,False,1115.1419781446457,2.178011676063761,1115.1419781446457,-0.0,1115.1419781446457,0.0,1.0,,,constant_weights,False,False,7.897615432739258e-07,,constant_weights,,-56.30537290126085,1.0,False,False,,constant_weights,,1722.851977467537,0.0,False,False,,constant_weights,,1678.8793275356293,0.0,False,False,,constant_weights,,1700.865652501583,0.0,False,False,,constant_weights,,-9.669300891694434,0.619140625,False,False
confirm-M-w128-d57163-s802-g05-uniform,20,M,128,57163,802,uniform,False,1219.1568282842636,2.3811656802427024,1219.1568282842636,-0.0,1219.1568282842636,0.0,1.0,,,constant_weights,False,False,8.667508759607756e-07,,constant_weights,,-15.228424903005362,0.998046875,False,False,,constant_weights,,1960.3084334731102,0.0,False,False,,constant_weights,,1712.3904601335526,0.0,False,False,,constant_weights,,1836.3494468033314,0.0,False,False,,constant_weights,,94.34554805583056,0.10546875,False,False
confirm-M-w128-d57163-s802-g05-uniform,30,M,128,57163,802,uniform,False,1317.3549538850784,2.572958894306794,1317.3549538850784,-0.0,1317.3549538850784,0.0,1.0,,,constant_weights,False,False,7.152557373046875e-07,,constant_weights,,-7.899553172290325,0.974609375,False,False,,constant_weights,,2198.986179113388,0.0,False,False,,constant_weights,,1760.9782273769379,0.0,False,False,,constant_weights,,1979.982203245163,0.0,False,False,,constant_weights,,192.5436738354593,0.017578125,False,False
confirm-M-w128-d57163-s803-g04-random,1,M,128,57163,803,random,False,839.0875285863876,1.6388428292702883,839.0875285863876,-0.0,839.0875285863876,0.0,1.0,0.0,2.103785754458334e-06,,True,False,7.003545761108398e-07,,nonpositive_total_gain,,-693.7004331424832,1.0,False,False,0.0,,1.1455172679020462e-05,1590.8799657821655,0.001953125,True,False,0.002066989510356914,,3.241036400608938e-06,1620.0830631256104,0.0,False,False,0.0,,1.27285009082109e-06,1605.481514453888,0.0,True,False,,nonpositive_total_gain,,-282.6010888593764,1.0,False,False
confirm-M-w128-d57163-s803-g04-random,3,M,128,57163,803,random,False,895.8713899850845,1.7497488085646182,895.8713899850845,-0.0,895.8713899850845,0.0,1.0,0.009968528420427433,7.266755537641118e-06,,False,False,6.879369416346037e-07,,nonpositive_total_gain,,-421.66440350562334,1.0,False,False,0.004608566359044561,,4.772585972988565e-06,1585.6995013952255,0.001953125,False,False,0.011158647004479542,,9.99404650152595e-06,1523.579075217247,0.0,False,False,0.007812794477814546,,3.8489372344281e-06,1554.6392883062363,0.0,False,False,,nonpositive_total_gain,,-225.8172272222609,0.98046875,False,False
confirm-M-w128-d57163-s803-g04-random,5,M,128,57163,803,random,False,925.8771357536316,1.8083537807688117,925.8771357536316,-0.0,925.8771357536316,0.0,1.0,0.015088963578204554,1.3898988998462806e-05,,False,False,7.202227909619552e-07,,nonpositive_total_gain,,-381.5870501473546,1.0,False,False,0.006803856113650657,,6.678369591460226e-06,1623.3814723491669,0.0,False,False,0.017092127021638856,,1.6998316544280316e-05,1535.837002158165,0.0,False,False,0.011795684128926103,,7.455619651639887e-06,1579.609237253666,0.0,False,False,,nonpositive_total_gain,,-195.811481930551,0.96484375,False,False
confirm-M-w128-d57163-s803-g04-random,10,M,128,57163,803,random,False,1005.7732148170471,1.9644008101895452,1005.7732148170471,-0.0,1005.7732148170471,0.0,1.0,0.019179716429931284,1.59070643724042e-05,,False,False,6.295740604400635e-07,,nonpositive_total_gain,,-219.63467893749475,1.0,False,False,0.01108987232154415,,9.13143633418137e-06,1649.540321946144,0.0,False,False,0.020396815067904417,,1.8979317525409505e-05,1587.41401720047,0.0,False,False,0.015645667856159687,,9.344255265625932e-06,1618.477169573307,0.0,False,False,,nonpositive_total_gain,,-115.91540084057752,0.865234375,False,False
confirm-M-w128-d57163-s803-g04-random,20,M,128,57163,803,random,False,1096.1574919223785,2.1409326014108956,1096.1574919223785,-0.0,1096.1574919223785,0.0,1.0,0.04556748315630324,5.906745657347007e-05,,False,False,6.631016731262207e-07,,nonpositive_total_gain,,-73.49504219740629,1.0,False,False,0.04351896535860951,,5.333825474388314e-05,1740.493728339672,0.0,False,False,0.041085660033443994,,5.963214326459968e-05,1621.4737929105759,0.0,False,False,0.0423460674053026,,5.238455250056345e-05,1680.983760625124,0.0,False,False,,nonpositive_total_gain,,-25.53112552338542,0.609375,False,False
confirm-M-w128-d57163-s803-g04-random,30,M,128,57163,803,random,False,1136.3818796873093,2.219495858764276,1136.3818796873093,-0.0,1136.3818796873093,0.0,1.0,0.09008550834928461,0.00016248510810225027,,False,False,7.078051567077637e-07,,nonpositive_total_gain,,-28.74953118339181,0.994140625,False,False,0.08588300278318436,,0.00014292193401413574,1809.0782785713673,0.001953125,False,False,0.09045339752331184,,0.00018520394825995992,1628.816888332367,0.0,False,False,0.08804466768659497,,0.00015948939276262306,1718.947583451867,0.0,False,False,8.0,,17.326509740585998,14.693262569370841,0.5625,False,True
confirm-M-w128-d57163-s803-g04-uniform,1,M,128,57163,803,uniform,False,844.5617130994797,1.6495345958974212,844.5617130994797,-0.0,844.5617130994797,0.0,1.0,,,constant_weights,False,False,7.500251133496505e-07,,constant_weights,,-691.293996937573,1.0,False,False,,constant_weights,,1603.3370963335037,0.001953125,False,False,,constant_weights,,1621.6420495510101,0.0,False,False,,constant_weights,,1612.489572942257,0.0,False,False,,constant_weights,,-277.12690434628433,1.0,False,False
confirm-M-w128-d57163-s803-g04-uniform,3,M,128,57163,803,uniform,False,930.7441093921661,1.8178595886565745,930.7441093921661,-0.0,930.7441093921661,0.0,1.0,,,constant_weights,False,False,6.41991694694255e-07,,constant_weights,,-402.0889290943742,1.0,False,False,,constant_weights,,1643.3766468763351,0.0,False,False,,constant_weights,,1550.944623351097,0.0,False,False,,constant_weights,,1597.1606351137161,0.0,False,False,,constant_weights,,-190.94450817280716,0.982421875,False,False
confirm-M-w128-d57163-s803-g04-uniform,5,M,128,57163,803,uniform,False,995.5258394479752,1.9443864051718265,995.5258394479752,-0.0,995.5258394479752,0.0,1.0,,,constant_weights,False,False,7.847944893946135e-07,,constant_weights,,-249.7469391748309,1.0,False,False,,constant_weights,,1655.0286606550217,0.0,False,False,,constant_weights,,1581.2957997322083,0.0,False,False,,constant_weights,,1618.162230193615,0.0,False,False,,constant_weights,,-126.16277847462601,0.939453125,False,False
confirm-M-w128-d57163-s803-g04-uniform,10,M,128,57163,803,uniform,False,1118.0306762456894,2.183653664542362,1118.0306762456894,-0.0,1118.0306762456894,0.0,1.0,,,constant_weights,False,False,7.996956505884611e-07,,constant_weights,,-50.265758477151394,1.0,False,False,,constant_weights,,1711.9583485126495,0.001953125,False,False,,constant_weights,,1692.3994386196136,0.0,False,False,,constant_weights,,1702.1788935661316,0.0,False,False,,constant_weights,,-3.657940007981665,0.5625,False,False
confirm-M-w128-d57163-s803-g04-uniform,20,M,128,57163,803,uniform,False,1234.6673245429993,2.4114596182480454,1234.6673245429993,-0.0,1234.6673245429993,0.0,1.0,,,constant_weights,False,False,7.674098014831543e-07,,constant_weights,,-7.636757485568523,0.8515625,False,False,,constant_weights,,1985.9533216953278,0.0,False,False,,constant_weights,,1725.6854176521301,0.0,False,False,,constant_weights,,1855.819369673729,0.0,False,False,,constant_weights,,112.97870626277026,0.05859375,False,False
confirm-M-w128-d57163-s803-g04-uniform,30,M,128,57163,803,uniform,False,1329.8709290027618,2.597404158208519,1329.8709290027618,-0.0,1329.8709290027618,0.0,1.0,,,constant_weights,False,False,7.053216299901521e-07,,constant_weights,,1.1998934615403414,0.302734375,False,False,,constant_weights,,2221.728834748268,0.0,False,False,,constant_weights,,1766.6840555667877,0.0,False,False,,constant_weights,,1994.206445157528,0.0,False,False,,constant_weights,,208.18231078213745,0.0078125,False,False
confirm-M-w128-d57163-s803-g05-random,1,M,128,57163,803,random,False,838.8687576055527,1.638415542198345,838.8687576055527,-0.0,838.8687576055527,0.0,1.0,0.0,2.1092201559240304e-06,,True,False,7.189810276031494e-07,,nonpositive_total_gain,,-694.3361284807324,1.0,False,False,0.0,,1.1467544209940518e-05,1590.8706405162811,0.001953125,True,False,0.0020640519183353833,,3.2386405089853888e-06,1620.0717594623566,0.0,False,False,0.0,,1.2750658707312742e-06,1605.4711999893188,0.0,True,False,,nonpositive_total_gain,,-282.81985984021134,1.0,False,False
confirm-M-w128-d57163-s803-g05-random,3,M,128,57163,803,random,False,895.4418272972107,1.7489098189398646,895.4418272972107,-0.0,895.4418272972107,0.0,1.0,0.009978805024967997,7.274906918155291e-06,,False,False,7.773439090197343e-07,,nonpositive_total_gain,,-422.54615560919046,1.0,False,False,0.004614232963818838,,4.777069544210852e-06,1585.619262099266,0.001953125,False,False,0.011167644459988482,,1.0004622322300989e-05,1523.252384185791,0.0,False,False,0.007819819007878367,,3.8527581125163965e-06,1554.4358231425285,0.0,False,False,,nonpositive_total_gain,,-226.2467903869719,0.98046875,False,False
confirm-M-w128-d57163-s803-g05-random,5,M,128,57163,803,random,False,925.1645247936249,1.8069619624875486,925.1645247936249,-0.0,925.1645247936249,0.0,1.0,0.015032973487295938,1.3832536247786446e-05,,False,False,6.705522537231445e-07,,nonpositive_total_gain,,-383.5893980041146,1.0,False,False,0.006764278853495682,,6.647189708307779e-06,1623.2302187681198,0.0,False,False,0.017035663654367095,,1.6959777318356466e-05,1535.8527711629868,0.0,False,False,0.011748161580029157,,7.412071658266111e-06,1579.5414949655533,0.0,False,False,,nonpositive_total_gain,,-196.52409217530197,0.96484375,False,False
confirm-M-w128-d57163-s803-g05-random,10,M,128,57163,803,random,False,1003.0591177940369,1.9590998394414783,1003.0591177940369,-0.0,1003.0591177940369,0.0,1.0,0.018780391925408514,1.5405096752733127e-05,,False,False,7.251898448412675e-07,,nonpositive_total_gain,,-227.4783431366086,1.0,False,False,0.010724983117928761,,8.814489298421757e-06,1648.298152923584,0.0,False,False,0.01994239632795984,,1.8506550985980737e-05,1588.357544541359,0.0,False,False,0.01524001080196324,,8.957263274004921e-06,1618.3278487324715,0.0,False,False,,nonpositive_total_gain,,-118.62949929409925,0.873046875,False,False
confirm-M-w128-d57163-s803-g05-random,20,M,128,57163,803,random,False,1092.833977818489,2.1344413629267365,1092.833977818489,-0.0,1092.833977818489,0.0,1.0,0.041927280118164406,5.217814239787414e-05,,False,False,7.649262745434982e-07,,nonpositive_total_gain,,-89.28739678114653,1.0,False,False,0.03906117547562364,,4.558153154288335e-05,1739.838913500309,0.0,False,False,0.037924822679951994,,5.23520685646663e-05,1627.950418829918,0.0,False,False,0.03851226022388525,,4.506934208307173e-05,1683.8946661651134,0.0,False,False,,nonpositive_total_gain,,-28.85464344197215,0.625,False,False
confirm-M-w128-d57163-s803-g05-random,30,M,128,57163,803,random,False,1132.9987317323685,2.212888147914782,1132.9987317323685,-0.0,1132.9987317323685,0.0,1.0,0.08212919342161976,0.0001461674820528245,,False,False,7.400910058130705e-07,,nonpositive_total_gain,,-44.24161524325609,1.0,False,False,0.07701976153260337,,0.00012818098157695707,1807.2550905942917,0.001953125,False,False,0.08261118307935827,,0.00016182834738028945,1635.9827373623848,0.0,False,False,0.07967213189330877,,0.00014104905876120345,1721.6189139783382,0.0,False,False,8.0,,25.426381975531584,11.3101154786974,0.56640625,False,True
confirm-M-w128-d57163-s803-g05-uniform,1,M,128,57163,803,uniform,False,844.3731362819672,1.6491662818007171,844.3731362819672,-0.0,844.3731362819672,0.0,1.0,,,constant_weights,False,False,6.506840388720292e-07,,constant_weights,,-691.6252126768231,1.0,False,False,,constant_weights,,1603.2338733673096,0.001953125,False,False,,constant_weights,,1621.510771036148,0.0,False,False,,constant_weights,,1612.3723222017288,0.0,False,False,,constant_weights,,-277.31548116379685,1.0,False,False
confirm-M-w128-d57163-s803-g05-uniform,3,M,128,57163,803,uniform,False,930.25312936306,1.8169006432872266,930.25312936306,-0.0,930.25312936306,0.0,1.0,,,constant_weights,False,False,7.251898448412675e-07,,constant_weights,,-403.15671718865633,1.0,False,False,,constant_weights,,1643.2623043060303,0.0,False,False,,constant_weights,,1550.6538016796112,0.0,False,False,,constant_weights,,1596.9580529928207,0.0,False,False,,constant_weights,,-191.43548796349472,0.982421875,False,False
confirm-M-w128-d57163-s803-g05-uniform,5,M,128,57163,803,uniform,False,994.2727707624435,1.9419390053953975,994.2727707624435,-0.0,994.2727707624435,0.0,1.0,,,constant_weights,False,False,8.543332419286287e-07,,constant_weights,,-252.30550723522902,1.0,False,False,,constant_weights,,1653.8450512886047,0.0,False,False,,constant_weights,,1581.2787735462189,0.0,False,False,,constant_weights,,1617.5619124174118,0.0,False,False,,constant_weights,,-127.41584692173905,0.94140625,False,False
confirm-M-w128-d57163-s803-g05-uniform,10,M,128,57163,803,uniform,False,1113.3667458295822,2.1745444254484028,1113.3667458295822,-0.0,1113.3667458295822,0.0,1.0,,,constant_weights,False,False,6.643434367070711e-07,,constant_weights,,-57.583292961120605,1.0,False,False,,constant_weights,,1707.7615665197372,0.001953125,False,False,,constant_weights,,1689.9219815731049,0.0,False,False,,constant_weights,,1698.841774046421,0.0,False,False,,constant_weights,,-8.321869589623816,0.59765625,False,False
confirm-M-w128-d57163-s803-g05-uniform,20,M,128,57163,803,uniform,False,1225.631772518158,2.3938120556995273,1225.631772518158,-0.0,1225.631772518158,0.0,1.0,,,constant_weights,False,False,7.574756941686189e-07,,constant_weights,,-14.28075585141778,0.99609375,False,False,,constant_weights,,1967.084770321846,0.0,False,False,,constant_weights,,1724.091297864914,0.0,False,False,,constant_weights,,1845.58803409338,0.0,False,False,,constant_weights,,103.9431548339754,0.0703125,False,False
confirm-M-w128-d57163-s803-g05-uniform,30,M,128,57163,803,uniform,False,1311.8616995811462,2.5622298819944263,1311.8616995811462,-0.0,1311.8616995811462,0.0,1.0,,,constant_weights,False,False,8.543332419286287e-07,,constant_weights,,-8.43158333748579,0.96484375,False,False,,constant_weights,,2180.965963125229,0.0,False,False,,constant_weights,,1763.050726890564,0.0,False,False,,constant_weights,,1972.0083450078964,0.0,False,False,,constant_weights,,190.17308523482376,0.01171875,False,False
confirm-M-w256-d52919-s801-g04-random,1,M,256,52919,801,random,False,1456.5703587532043,2.8448639819398522,1456.5703587532043,-0.0,1456.5703587532043,0.0,1.0,0.011878014861782357,1.2341091760252187e-06,,False,False,1.1576339602470398e-06,,nonpositive_total_gain,,-766.3463527164422,1.0,False,False,0.007979884193485859,,1.5939489361838667e-06,2624.3648327589035,0.0,False,False,0.01123283272552051,,2.5789554772146076e-06,2511.6925921440125,0.0,False,False,0.00957058344274224,,1.1282361293170897e-06,2568.028712451458,0.0,False,False,,nonpositive_total_gain,,-305.3951067703337,1.0,False,False
confirm-M-w256-d52919-s801-g04-random,3,M,256,52919,801,random,False,1560.9896211624146,3.048807853832841,1560.9896211624146,-0.0,1560.9896211624146,0.0,1.0,0.01729256564107142,4.892380968130396e-06,,False,False,9.986882409940279e-07,,nonpositive_total_gain,,-451.30284382915124,1.0,False,False,0.012820168393889088,,3.2618711899996637e-06,2676.5104155540466,0.0,False,False,0.017063808300096836,,6.95191265138152e-06,2457.761289715767,0.0,False,False,0.014849932014089708,,3.711622385004061e-06,2567.1358526349068,0.0,False,False,,nonpositive_total_gain,,-200.97584388428635,0.982421875,False,False
confirm-M-w256-d52919-s801-g04-random,5,M,256,52919,801,random,False,1620.4380042552948,3.1649179770611227,1620.4380042552948,-0.0,1620.4380042552948,0.0,1.0,0.021936609922924045,8.709946292806447e-06,,False,False,1.1439745626340425e-06,,nonpositive_total_gain,,-275.12719828402624,1.0,False,False,0.016690102819084757,,4.139363094267459e-06,2695.486792564392,0.0,False,False,0.02349710551220601,,1.3554433806369537e-05,2440.9544122219086,0.0,False,False,0.019920543947554867,,6.488899032192813e-06,2568.2206023931503,0.0,False,False,,nonpositive_total_gain,,-141.52746174508042,0.888671875,False,False
confirm-M-w256-d52919-s801-g04-random,10,M,256,52919,801,random,False,1756.4961738586426,3.4306565895676613,1756.4961738586426,-0.0,1756.4961738586426,0.0,1.0,0.03448170284816432,2.0947229584304328e-05,,False,False,1.146458089351654e-06,,nonpositive_total_gain,,-61.37068281089887,1.0,False,False,0.03260275291013076,,1.617761978464305e-05,2810.8931708335876,0.0,False,False,0.03329711513287763,,2.817934904949044e-05,2519.96602666378,0.001953125,False,False,0.03293070916324481,,1.9828689531384844e-05,2665.429598748684,0.0,False,False,,nonpositive_total_gain,,-5.469291307267554,0.54296875,False,False
confirm-M-w256-d52919-s801-g04-random,20,M,256,52919,801,random,False,1830.0255399942398,3.5742686328012496,1830.0255399942398,-0.0,1830.0255399942398,0.0,1.0,0.1036514356554885,7.286031304922913e-05,,False,False,1.1778126158823454e-06,,nonpositive_total_gain,,-26.564711573068053,1.0,False,False,0.09679632849844558,,3.951723527922376e-05,3007.879148297012,0.0078125,False,False,0.10884873060038897,,0.00013705376958136767,2508.7621786668897,0.005859375,False,False,0.10224328785374068,,7.206714319243053e-05,2758.3206634819508,0.0,False,False,4.027613016530037,,1.3275746541166515,68.0600735021263,0.51171875,False,False
confirm-M-w256-d52919-s801-g04-random,30,M,256,52919,801,random,False,2011.7049374580383,3.929111205972731,2011.7049374580383,-0.0,2011.7049374580383,0.0,1.0,0.14113662579714392,6.598001541712424e-05,,False,False,1.1023754877825809e-06,,nonpositive_total_gain,,-10.356922751758248,0.98046875,False,False,0.10881864560426958,,6.0694505113082456e-05,3302.54881947767,0.005859375,False,False,0.1794175176955582,,9.952502253300875e-05,2742.9229245800525,0.01171875,False,False,0.14041264741385107,,6.51940511227019e-05,3022.735872028861,0.0,False,False,1.2577616658076982,,0.10516789874937212,249.73947427211993,0.404296875,False,False
confirm-M-w256-d52919-s801-g04-uniform,1,M,256,52919,801,uniform,False,1481.6917585134506,2.8939292158465832,1481.6917585134506,-0.0,1481.6917585134506,0.0,1.0,,,constant_weights,False,False,1.1178975305448091e-06,,constant_weights,,-688.8460535607301,1.0,False,False,,constant_weights,,2631.766142129898,0.0,False,False,,constant_weights,,2502.1551780700684,0.0,False,False,,constant_weights,,2566.960660099983,0.0,False,False,,constant_weights,,-280.27370701008743,1.0,False,False
confirm-M-w256-d52919-s801-g04-uniform,3,M,256,52919,801,uniform,False,1615.8687771558762,3.1559937053825706,1615.8687771558762,-0.0,1615.8687771558762,0.0,1.0,,,constant_weights,False,False,1.0545675954709566e-06,,constant_weights,,-342.54522611713037,1.0,False,False,,constant_weights,,2714.5773881673813,0.0,False,False,,constant_weights,,2475.574174642563,0.0,False,False,,constant_weights,,2595.075781404972,0.0,False,False,,constant_weights,,-146.09668753319687,0.955078125,False,False
confirm-M-w256-d52919-s801-g04-uniform,5,M,256,52919,801,uniform,False,1745.764636039734,3.4096965547651052,1745.764636039734,-0.0,1745.764636039734,0.0,1.0,,,constant_weights,False,False,1.0346993803977966e-06,,constant_weights,,-95.05944791203365,1.0,False,False,,constant_weights,,2763.4260392189026,0.0,False,False,,constant_weights,,2568.9273051023483,0.0,False,False,,constant_weights,,2666.1766721606255,0.0,False,False,,constant_weights,,-16.20083270245493,0.658203125,False,False
confirm-M-w256-d52919-s801-g04-uniform,10,M,256,52919,801,uniform,False,1882.4061008691788,3.676574415760115,1882.4061008691788,-0.0,1882.4061008691788,0.0,1.0,,,constant_weights,False,False,1.2045105295399594e-06,,constant_weights,,-15.911405572202057,1.0,False,False,,constant_weights,,3054.7892556786537,0.001953125,False,False,,constant_weights,,2608.340448617935,0.005859375,False,False,,constant_weights,,2831.5648521482944,0.0,False,False,,constant_weights,,120.44063725298936,0.060546875,False,False
confirm-M-w256-d52919-s801-g04-uniform,20,M,256,52919,801,uniform,False,2179.141553878784,4.2561358474195,2179.141553878784,-0.0,2179.141553878784,0.0,1.0,,,constant_weights,False,False,1.1641532182693481e-06,,constant_weights,,-6.1962145189754665,0.998046875,False,False,,constant_weights,,3832.207394257188,0.0,False,False,,constant_weights,,2711.413481116295,0.00390625,False,False,,constant_weights,,3271.8104376867414,0.0,False,False,,constant_weights,,417.1760903221994,0.0,False,False
confirm-M-w256-d52919-s801-g04-uniform,30,M,256,52919,801,uniform,False,2501.299184322357,4.885349969379604,2501.299184322357,-0.0,2501.299184322357,0.0,1.0,,,constant_weights,False,False,1.1495624976376462e-06,,constant_weights,,-3.323638640809804,0.931640625,False,False,,constant_weights,,4064.2972413441166,0.0,False,False,,constant_weights,,3442.923963904381,0.0,False,False,,constant_weights,,3753.6106026242487,0.0,False,False,,constant_weights,,739.3337242824467,0.0,False,False
confirm-M-w256-d52919-s801-g05-random,1,M,256,52919,801,random,False,1456.4226078987122,2.844575406052172,1456.4226078987122,-0.0,1456.4226078987122,0.0,1.0,0.011875729649780842,1.2349436792956064e-06,,False,False,1.1936450996508086e-06,,nonpositive_total_gain,,-766.6838971576653,1.0,False,False,0.00797984458891025,,1.5952605242086589e-06,2624.323735833168,0.0,False,False,0.01122901246697796,,2.5789481304671555e-06,2511.6279711723328,0.0,False,False,0.00956868708362876,,1.1288862212089003e-06,2567.9758535027504,0.0,False,False,,nonpositive_total_gain,,-305.5428576248259,1.0,False,False
confirm-M-w256-d52919-s801-g05-random,3,M,256,52919,801,random,False,1560.6801270246506,3.0482033730950207,1560.6801270246506,-0.0,1560.6801270246506,0.0,1.0,0.017296691681206254,4.899361419435611e-06,,False,False,1.0902682938684904e-06,,nonpositive_total_gain,,-451.4645311436616,1.0,False,False,0.012821774634074832,,3.2663142685376635e-06,2676.238426208496,0.0,False,False,0.017077459872606948,,6.972570843448116e-06,2457.266475915909,0.0,False,False,0.014857188613299276,,3.7215382422772456e-06,2566.7524510622025,0.0,False,False,,nonpositive_total_gain,,-201.28533885651535,0.982421875,False,False
confirm-M-w256-d52919-s801-g05-random,5,M,256,52919,801,random,False,1619.87120449543,3.1638109462801367,1619.87120449543,-0.0,1619.87120449543,0.0,1.0,0.02183992530330575,8.65976561267311e-06,,False,False,9.94962950695566e-07,,nonpositive_total_gain,,-276.87499025976285,1.0,False,False,0.016605249308877593,,4.103469037779663e-06,2695.255447626114,0.0,False,False,0.023415635454933227,,1.3489434620580228e-05,2441.2331478595734,0.0,False,False,0.019837641972149794,,6.440958687792419e-06,2568.2442977428436,0.0,False,False,,nonpositive_total_gain,,-142.09426138573593,0.890625,False,False
confirm-M-w256-d52919-s801-g05-random,10,M,256,52919,801,random,False,1755.1449522972107,3.4280174849554896,1755.1449522972107,-0.0,1755.1449522972107,0.0,1.0,0.033369797641767646,1.955143050494393e-05,,False,False,9.809931120763338e-07,,nonpositive_total_gain,,-65.66068690409884,1.0,False,False,0.031272254916389325,,1.5009782189190752e-05,2808.095754981041,0.0,False,False,0.03238950093196524,,2.6355198205797892e-05,2522.999783039093,0.001953125,False,False,0.031800560465196664,,1.8426644682230888e-05,2665.547769010067,0.0,False,False,,nonpositive_total_gain,,-6.820514835652716,0.55078125,False,False
confirm-M-w256-d52919-s801-g05-random,20,M,256,52919,801,random,False,1827.2262606620789,3.5688012903556228,1827.2262606620789,-0.0,1827.2262606620789,0.0,1.0,0.09783976982260084,7.435761898085356e-05,,False,False,1.0260070366641116e-06,,nonpositive_total_gain,,-31.223021320533007,1.0,False,False,0.09214633416679768,,4.262915213048539e-05,2995.087944686413,0.0078125,False,False,0.10135025664335064,,0.0001323121404430953,2517.8138569891453,0.005859375,False,False,0.0963277122585333,,7.356116932593463e-05,2756.450900837779,0.0,False,False,4.058044998925903,,1.250066871790495,65.26079569733437,0.513671875,False,False
confirm-M-w256-d52919-s801-g05-random,30,M,256,52919,801,random,False,2000.150139093399,3.906543240416795,2000.150139093399,-0.0,2000.150139093399,0.0,1.0,0.1353105395741866,4.390075915824249e-05,,False,False,9.934107465525699e-07,,nonpositive_total_gain,,-15.404241774696857,1.0,False,False,0.10782819081250518,,4.382527072279362e-05,3273.020984830335,0.005859375,False,False,0.16685697093640256,,6.687993821811378e-05,2742.833660837263,0.009765625,False,False,0.13439941484432438,,4.331835037434462e-05,3007.927322833799,0.0,False,False,1.2932232217489563,,0.09789207196280879,238.18467058590346,0.404296875,False,False
confirm-M-w256-d52919-s801-g05-uniform,1,M,256,52919,801,uniform,False,1481.651932835579,2.89385143131949,1481.651932835579,-0.0,1481.651932835579,0.0,1.0,,,constant_weights,False,False,1.2731179594993591e-06,,constant_weights,,-688.7433773479424,1.0,False,False,,constant_weights,,2631.6827107667923,0.0,False,False,,constant_weights,,2502.0164659023285,0.0,False,False,,constant_weights,,2566.8495883345604,0.0,False,False,,constant_weights,,-280.31353268795914,1.0,False,False
confirm-M-w256-d52919-s801-g05-uniform,3,M,256,52919,801,uniform,False,1615.5367900133133,3.1553452929947525,1615.5367900133133,-0.0,1615.5367900133133,0.0,1.0,,,constant_weights,False,False,1.064501702785492e-06,,constant_weights,,-343.05583726381883,1.0,False,False,,constant_weights,,2714.3746786117554,0.0,False,False,,constant_weights,,2475.29152572155,0.0,False,False,,constant_weights,,2594.8331021666527,0.0,False,False,,constant_weights,,-146.42867658310837,0.955078125,False,False
confirm-M-w256-d52919-s801-g05-uniform,5,M,256,52919,801,uniform,False,1743.547129869461,3.405365488026291,1743.547129869461,-0.0,1743.547129869461,0.0,1.0,,,constant_weights,False,False,1.0980293154716492e-06,,constant_weights,,-98.37688067695126,1.0,False,False,,constant_weights,,2761.457829594612,0.0,False,False,,constant_weights,,2567.5604355335236,0.0,False,False,,constant_weights,,2664.509132564068,0.0,False,False,,constant_weights,,-18.41833601170481,0.67578125,False,False
confirm-M-w256-d52919-s801-g05-uniform,10,M,256,52919,801,uniform,False,1878.0435147285461,3.6680537397041917,1878.0435147285461,-0.0,1878.0435147285461,0.0,1.0,,,constant_weights,False,False,1.146458089351654e-06,,constant_weights,,-17.80558831198141,1.0,False,False,,constant_weights,,3044.797035932541,0.001953125,False,False,,constant_weights,,2607.1390974521637,0.005859375,False,False,,constant_weights,,2825.9680666923523,0.0,False,False,,constant_weights,,116.07805087393815,0.068359375,False,False
confirm-M-w256-d52919-s801-g05-uniform,20,M,256,52919,801,uniform,False,2156.8416056632996,4.212581261061132,2156.8416056632996,-0.0,2156.8416056632996,0.0,1.0,,,constant_weights,False,False,1.1542191105107236e-06,,constant_weights,,-9.089222969021648,1.0,False,False,,constant_weights,,3777.9617641195655,0.0,False,False,,constant_weights,,2701.652268886566,0.00390625,False,False,,constant_weights,,3239.807016503066,0.0,False,False,,constant_weights,,394.87613870925003,0.0,False,False
confirm-M-w256-d52919-s801-g05-uniform,30,M,256,52919,801,uniform,False,2456.6310338974,4.798107488080859,2456.6310338974,-0.0,2456.6310338974,0.0,1.0,,,constant_weights,False,False,1.2575959162930417e-06,,constant_weights,,-5.707723741885275,1.0,False,False,,constant_weights,,4046.663553453982,0.0,False,False,,constant_weights,,3328.9372722506523,0.0,False,False,,constant_weights,,3687.800412852317,0.0,False,False,,constant_weights,,694.6655689103039,0.0,False,False
confirm-M-w256-d52919-s802-g04-random,1,M,256,52919,802,random,False,1468.306830048561,2.867786777438596,1468.306830048561,-0.0,1468.306830048561,0.0,1.0,0.0028233382809150914,3.8119071777656496e-06,,False,False,9.996195635686433e-07,,nonpositive_total_gain,,-782.4174284948967,1.0,False,False,0.0,,4.883662626392634e-06,2650.849709868431,0.0,True,False,0.0055229221478998326,,4.419781793758811e-06,2536.4882180690765,0.00390625,False,False,0.0016257492155574288,,2.738974444191991e-06,2593.668963968754,0.0,False,False,,nonpositive_total_gain,,-307.0364974516005,1.0,False,False
confirm-M-w256-d52919-s802-g04-random,3,M,256,52919,802,random,False,1574.776941537857,3.075736213941127,1574.776941537857,-0.0,1574.776941537857,0.0,1.0,0.009166682348669672,1.0369953019695737e-05,,False,False,1.0371829071154082e-06,,nonpositive_total_gain,,-380.6490456177853,1.0,False,False,0.004058207280852528,,8.001964267191663e-06,2665.3793499469757,0.0,False,False,0.011491755309005921,,1.076219862552423e-05,2439.6005400419235,0.0,False,False,0.007608918465983928,,8.526562123579119e-06,2552.4899449944496,0.0,False,False,,nonpositive_total_gain,,-200.56638584309525,0.958984375,False,False
confirm-M-w256-d52919-s802-g04-random,5,M,256,52919,802,random,False,1655.9802173376083,3.2343363619875163,1655.9802173376083,-0.0,1655.9802173376083,0.0,1.0,0.011569607362299589,1.3363425655625356e-05,,False,False,9.704381227493286e-07,,nonpositive_total_gain,,-255.78336039325222,1.0,False,False,0.006098512230075381,,1.0244251358139842e-05,2725.1613640785217,0.0,False,False,0.013385897447764073,,1.5351798323930643e-05,2498.562661767006,0.0,False,False,0.009581730390696517,,1.1822665249986266e-05,2611.862012922764,0.0,False,False,,nonpositive_total_gain,,-119.36310861283246,0.869140625,False,False
confirm-M-w256-d52919-s802-g04-random,10,M,256,52919,802,random,False,1788.0944001674652,3.4923718753270805,1788.0944001674652,-0.0,1788.0944001674652,0.0,1.0,0.02651119736867675,2.814029711212156e-05,,False,False,1.1920928955078125e-06,,nonpositive_total_gain,,-44.30647993972525,1.0,False,False,0.025136838799524025,,3.170326660144057e-05,2840.0566986203194,0.0,False,False,0.02603134944788598,,2.550906837279917e-05,2568.5329874157906,0.005859375,False,False,0.025561897947432383,,2.7269379297770153e-05,2704.294843018055,0.0,False,False,8.0,,4.163271777560944,12.751072190466505,0.505859375,False,True
confirm-M-w256-d52919-s802-g04-random,20,M,256,52919,802,random,False,1841.7687182426453,3.5972045278176665,1841.7687182426453,-0.0,1841.7687182426453,0.0,1.0,0.1032391422313997,0.00011587443116806652,,False,False,9.704381227493286e-07,,nonpositive_total_gain,,-25.511323916260153,1.0,False,False,0.09205082772373727,,8.407073666729821e-05,2980.5622924640775,0.0,False,False,0.1138607557697368,,0.00016518053117858122,2570.255207106471,0.009765625,False,False,0.10208122250701317,,0.00011437867976705618,2775.4087497852743,0.0,False,False,5.690510801445178,,1.9284410145925281,66.42539262003001,0.52734375,False,False
confirm-M-w256-d52919-s802-g04-random,30,M,256,52919,802,random,False,2018.580803155899,3.9425406311638653,2018.580803155899,-0.0,2018.580803155899,0.0,1.0,0.13680467087177162,5.301426624484002e-05,,False,False,1.1076529822240389e-06,,nonpositive_total_gain,,-5.64610390458256,0.962890625,False,False,0.10467404328891992,,4.3755112649775044e-05,3271.867613482289,0.0,False,False,0.1747164312606923,,7.892566132641744e-05,2789.5209096446633,0.009765625,False,False,0.1364510253709818,,5.2813577476304105e-05,3030.694261563476,0.0,False,False,1.449027008447945,,0.14032907650857523,243.2374737837791,0.408203125,False,False
confirm-M-w256-d52919-s802-g04-uniform,1,M,256,52919,802,uniform,False,1487.277988910675,2.904839822091162,1487.277988910675,-0.0,1487.277988910675,0.0,1.0,,,constant_weights,False,False,1.0371829071154082e-06,,constant_weights,,-692.6660107388161,1.0,False,False,,constant_weights,,2640.557212948799,0.0,False,False,,constant_weights,,2513.942771434784,0.001953125,False,False,,constant_weights,,2577.2499921917915,0.0,False,False,,constant_weights,,-288.06533858948654,0.998046875,False,False
confirm-M-w256-d52919-s802-g04-uniform,3,M,256,52919,802,uniform,False,1632.0845954418182,3.1876652254723012,1632.0845954418182,-0.0,1632.0845954418182,0.0,1.0,,,constant_weights,False,False,9.505699076761687e-07,,constant_weights,,-300.10344979306683,1.0,False,False,,constant_weights,,2717.8406163454056,0.0,False,False,,constant_weights,,2478.516627550125,0.0,False,False,,constant_weights,,2598.1786219477654,0.0,False,False,,constant_weights,,-143.25873301201767,0.94140625,False,False
confirm-M-w256-d52919-s802-g04-uniform,5,M,256,52919,802,uniform,False,1760.094538807869,3.437684646109119,1760.094538807869,-0.0,1760.094538807869,0.0,1.0,,,constant_weights,False,False,1.1295390627275026e-06,,constant_weights,,-103.45826808130369,1.0,False,False,,constant_weights,,2785.7673979997635,0.0,False,False,,constant_weights,,2597.974511384964,0.001953125,False,False,,constant_weights,,2691.8709546923637,0.0,False,False,,constant_weights,,-15.248786427316077,0.66796875,False,False
confirm-M-w256-d52919-s802-g04-uniform,10,M,256,52919,802,uniform,False,1899.722956418991,3.710396399255842,1899.722956418991,-0.0,1899.722956418991,0.0,1.0,,,constant_weights,False,False,9.670232734571016e-07,,constant_weights,,-13.012521482538432,1.0,False,False,,constant_weights,,3080.0981560349464,0.0,False,False,,constant_weights,,2632.0832352638245,0.005859375,False,False,,constant_weights,,2856.0906956493855,0.0,False,False,,constant_weights,,124.37962724989946,0.07421875,False,False
confirm-M-w256-d52919-s802-g04-uniform,20,M,256,52919,802,uniform,False,2176.5777019262314,4.251128324074671,2176.5777019262314,-0.0,2176.5777019262314,0.0,1.0,,,constant_weights,False,False,1.1666367454310489e-06,,constant_weights,,-6.289139586035162,1.0,False,False,,constant_weights,,3803.1838357523084,0.0,False,False,,constant_weights,,2732.8384169340134,0.005859375,False,False,,constant_weights,,3268.011126343161,0.0,False,False,,constant_weights,,401.2343715054422,0.0,False,False
confirm-M-w256-d52919-s802-g04-uniform,30,M,256,52919,802,uniform,False,2495.1621124744415,4.873363500926644,2495.1621124744415,-0.0,2495.1621124744415,0.0,1.0,,,constant_weights,False,False,1.146458089351654e-06,,constant_weights,,-3.3112998702563345,0.91796875,False,False,,constant_weights,,4084.816675771028,0.0,False,False,,constant_weights,,3403.9809643924236,0.0,False,False,,constant_weights,,3744.3988200817257,0.0,False,False,,constant_weights,,719.8187812042864,0.0,False,False
confirm-M-w256-d52919-s802-g05-random,1,M,256,52919,802,random,False,1468.142224907875,2.8674652830231935,1468.142224907875,-0.0,1468.142224907875,0.0,1.0,0.0028220906507406386,3.812288014301651e-06,,False,False,1.06977919722695e-06,,nonpositive_total_gain,,-782.6699782623909,1.0,False,False,0.0,,4.8852267167289745e-06,2650.7420330047607,0.0,True,False,0.005521234148143287,,4.4191728770917055e-06,2536.354627728462,0.00390625,False,False,0.0016245738930701927,,2.7388142535723133e-06,2593.5483303666115,0.0,False,False,,nonpositive_total_gain,,-307.20110259228653,1.0,False,False
confirm-M-w256-d52919-s802-g05-random,3,M,256,52919,802,random,False,1574.468205332756,3.075133213540539,1574.468205332756,-0.0,1574.468205332756,0.0,1.0,0.009161575427083509,1.0369935274376231e-05,,False,False,1.06977919722695e-06,,nonpositive_total_gain,,-380.7168259336613,1.0,False,False,0.004054316145419179,,7.997555452837193e-06,2665.0726475715637,0.0,False,False,0.011493583270182399,,1.07700499769388e-05,2439.048808336258,0.0,False,False,0.007607545966345192,,8.52766337552422e-06,2552.060727953911,0.0,False,False,,nonpositive_total_gain,,-200.87512204819626,0.958984375,False,False
confirm-M-w256-d52919-s802-g05-random,5,M,256,52919,802,random,False,1655.0670090913773,3.232552752131596,1655.0670090913773,-0.0,1655.0670090913773,0.0,1.0,0.01149399934311287,1.3281779734475551e-05,,False,False,1.000240445137024e-06,,nonpositive_total_gain,,-258.19380900403485,1.0,False,False,0.006032214176320574,,1.0168543220763529e-05,2724.6734241247177,0.0,False,False,0.013292143138966251,,1.522727225861367e-05,2498.7214292287827,0.0,False,False,0.009502774214351577,,1.1722916753073998e-05,2611.69742667675,0.0,False,False,,nonpositive_total_gain,,-120.27631638222638,0.875,False,False
confirm-M-w256-d52919-s802-g05-random,10,M,256,52919,802,random,False,1786.3478232622147,3.488960592309013,1786.3478232622147,-0.0,1786.3478232622147,0.0,1.0,0.025693464266178356,2.7060125228008785e-05,,False,False,1.0672956705093384e-06,,nonpositive_total_gain,,-48.44344948744401,1.0,False,False,0.024065949137357295,,3.0287679389396778e-05,2838.26545804739,0.0,False,False,0.02540581652806457,,2.471185759783832e-05,2569.2214679718018,0.005859375,False,False,0.024702895350565593,,2.6176012736477412e-05,2703.743463009596,0.0,False,False,8.0,,5.522625681779346,11.004494748774157,0.5078125,False,True
confirm-M-w256-d52919-s802-g05-random,20,M,256,52919,802,random,False,1841.173177599907,3.596041362499818,1841.173177599907,-0.0,1841.173177599907,0.0,1.0,0.09708582693048652,0.00011861472975212994,,False,False,1.100202401627115e-06,,nonpositive_total_gain,,-30.405126505997032,1.0,False,False,0.08688358496016316,,8.811432670437685e-05,2974.487223237753,0.0,False,False,0.1062862105478317,,0.00016319222936515493,2579.4374456703663,0.009765625,False,False,0.09584221016660312,,0.00011665010020519473,2776.9623344540596,0.0,False,False,5.566235470042254,,1.6848481357992169,65.82985226786431,0.529296875,False,False
confirm-M-w256-d52919-s802-g05-random,30,M,256,52919,802,random,False,2000.4241660833359,3.9070784493815154,2000.4241660833359,-0.0,2000.4241660833359,0.0,1.0,0.13300953359458084,3.8679795910277965e-05,,False,False,1.0120371976007903e-06,,nonpositive_total_gain,,-9.865989771205932,1.0,False,False,0.10371160670489135,,3.130416026690528e-05,3237.421657141298,0.0,False,False,0.16695209734128552,,5.653139647551106e-05,2773.7168517298996,0.01171875,False,False,0.13249586534999663,,3.84735469167477e-05,3005.569254435599,0.0,False,False,1.5712167492973372,,0.15251213715328693,225.08083862601515,0.42578125,False,False
confirm-M-w256-d52919-s802-g05-uniform,1,M,256,52919,802,uniform,False,1487.2007133960724,2.904688893351704,1487.2007133960724,-0.0,1487.2007133960724,0.0,1.0,,,constant_weights,False,False,9.5367431640625e-07,,constant_weights,,-692.6771667017601,1.0,False,False,,constant_weights,,2640.472582221031,0.0,False,False,,constant_weights,,2513.8067296743393,0.001953125,False,False,,constant_weights,,2577.1396559476852,0.0,False,False,,constant_weights,,-288.1426141040892,0.998046875,False,False
confirm-M-w256-d52919-s802-g05-uniform,3,M,256,52919,802,uniform,False,1631.5993856191635,3.1867175500374287,1631.5993856191635,-0.0,1631.5993856191635,0.0,1.0,,,constant_weights,False,False,9.775782623400175e-07,,constant_weights,,-300.6176940514706,1.0,False,False,,constant_weights,,2717.4475618600845,0.0,False,False,,constant_weights,,2477.968280315399,0.0,False,False,,constant_weights,,2597.707921087742,0.0,False,False,,constant_weights,,-143.7439427154631,0.94140625,False,False
confirm-M-w256-d52919-s802-g05-uniform,5,M,256,52919,802,uniform,False,1757.797042965889,3.433197349542752,1757.797042965889,-0.0,1757.797042965889,0.0,1.0,,,constant_weights,False,False,1.0405977568517244e-06,,constant_weights,,-108.12866661092266,1.0,False,False,,constant_weights,,2784.3609911203384,0.0,False,False,,constant_weights,,2597.158814430237,0.001953125,False,False,,constant_weights,,2690.7599027752876,0.0,False,False,,constant_weights,,-17.54628429585398,0.69140625,False,False
confirm-M-w256-d52919-s802-g05-uniform,10,M,256,52919,802,uniform,False,1895.8835690021515,3.702897595707327,1895.8835690021515,-0.0,1895.8835690021515,0.0,1.0,,,constant_weights,False,False,1.0797133045414853e-06,,constant_weights,,-15.192399551626295,1.0,False,False,,constant_weights,,3071.459416627884,0.0,False,False,,constant_weights,,2631.383708000183,0.005859375,False,False,,constant_weights,,2851.4215623140335,0.0,False,False,,constant_weights,,120.54024138278062,0.083984375,False,False
confirm-M-w256-d52919-s802-g05-uniform,20,M,256,52919,802,uniform,False,2154.237175822258,4.207494484027848,2154.237175822258,-0.0,2154.237175822258,0.0,1.0,,,constant_weights,False,False,1.121933261849506e-06,,constant_weights,,-8.906445323023945,1.0,False,False,,constant_weights,,3747.4376965239644,0.0,False,False,,constant_weights,,2724.180280804634,0.005859375,False,False,,constant_weights,,3235.8089886642992,0.0,False,False,,constant_weights,,378.8938460571199,0.0,False,False
confirm-M-w256-d52919-s802-g05-uniform,30,M,256,52919,802,uniform,False,2472.909271478653,4.829900920856744,2472.909271478653,-0.0,2472.909271478653,0.0,1.0,,,constant_weights,False,False,1.0573615627507138e-06,,constant_weights,,-5.828384487424046,1.0,False,False,,constant_weights,,4073.3145270757377,0.0,False,False,,constant_weights,,3351.241687849164,0.0,False,False,,constant_weights,,3712.278107462451,0.0,False,False,,constant_weights,,697.5659448055061,0.0,False,False
confirm-M-w256-d52919-s803-g04-random,1,M,256,52919,803,random,False,1482.2241575717926,2.8949690577574074,1482.2241575717926,-0.0,1482.2241575717926,0.0,1.0,0.0,8.14746173639148e-06,,True,False,1.06977919722695e-06,,nonpositive_total_gain,,-779.6055308748037,1.0,False,False,0.0,,3.229606442109644e-05,2684.495640397072,0.0,True,False,0.0016797084229140855,,4.13886144793719e-06,2541.7823560237885,0.0,False,False,0.0,,6.7353921599374384e-06,2613.13899821043,0.0,True,False,,nonpositive_total_gain,,-306.64766166382736,1.0,False,False
confirm-M-w256-d52919-s803-g04-random,3,M,256,52919,803,random,False,1566.9715000391006,3.0604912110138685,1566.9715000391006,-0.0,1566.9715000391006,0.0,1.0,0.006185001993491196,3.022918807365103e-06,,False,False,9.605040154347932e-07,,nonpositive_total_gain,,-371.27196697331965,1.0,False,False,0.0,,3.6310845257853392e-06,2655.9676175117493,0.0,True,False,0.009369347393400892,,4.009777428387233e-06,2416.218861579895,0.0,False,False,0.0035926901047164915,,2.1598014985422643e-06,2536.093239545822,0.0,False,False,,nonpositive_total_gain,,-221.90031895810074,0.966796875,False,False
confirm-M-w256-d52919-s803-g04-random,5,M,256,52919,803,random,False,1633.278105378151,3.189996299566701,1633.278105378151,-0.0,1633.278105378151,0.0,1.0,0.01027822941946652,5.9508045157655935e-06,,False,False,1.0598450899124146e-06,,nonpositive_total_gain,,-329.194911243394,1.0,False,False,0.0002521956162818799,,4.366715749925986e-06,2747.0526698827744,0.0,True,False,0.014395708248484886,,5.123118554140945e-06,2481.9765627384186,0.0,False,False,0.006969995595889107,,3.825289774291184e-06,2614.5146163105965,0.0,False,False,,nonpositive_total_gain,,-155.59371361905045,0.90625,False,False
confirm-M-w256-d52919-s803-g04-random,10,M,256,52919,803,random,False,1790.643588066101,3.4973507579416037,1790.643588066101,-0.0,1790.643588066101,0.0,1.0,0.020846308454572304,1.7150343566730028e-05,,False,False,1.0915100574493408e-06,,nonpositive_total_gain,,-52.33893412724137,1.0,False,False,0.017815406916793897,,2.0674740197481544e-05,2848.947272002697,0.0,False,False,0.02142161193651851,,1.374532847407947e-05,2575.322443008423,0.001953125,False,False,0.019529274880838436,,1.6065282521460764e-05,2712.13485750556,0.0,False,False,8.0,,282.8329752918806,1.7717697245508308,0.560546875,False,True
confirm-M-w256-d52919-s803-g04-random,20,M,256,52919,803,random,False,1860.5098935365677,3.6338083858136088,1860.5098935365677,-0.0,1860.5098935365677,0.0,1.0,0.08822020237295845,8.269058468629243e-05,,False,False,8.971740799168515e-07,,nonpositive_total_gain,,-30.333741025067866,1.0,False,False,0.07923537487538462,,5.1062212470762847e-05,3046.0743115991354,0.001953125,False,False,0.09562920233500913,,0.00013227520207697638,2565.7891212776303,0.001953125,False,False,0.0866942163868482,,7.997394006929677e-05,2805.931716438383,0.0,False,False,4.304920041270386,,1.1661733048497902,71.63807540363368,0.525390625,False,False
confirm-M-w256-d52919-s803-g04-random,30,M,256,52919,803,random,False,2052.690978527069,4.009162067435682,2052.690978527069,-0.0,2052.690978527069,0.0,1.0,0.11716498072312292,2.716136843429243e-05,,False,False,1.021350423346945e-06,,nonpositive_total_gain,,-9.48175423964858,0.955078125,False,False,0.0853950743207362,,2.970544920503378e-05,3357.8288879236206,0.001953125,False,False,0.15452080627958414,,3.113374776531478e-05,2809.725816586986,0.0078125,False,False,0.11658728285021278,,2.6982327234726275e-05,3083.7773522553034,0.0,False,False,1.172438714918508,,0.06362055386273727,263.81915920204216,0.392578125,False,False
confirm-M-w256-d52919-s803-g04-uniform,1,M,256,52919,803,uniform,False,1522.5276230573654,2.973686763783917,1522.5276230573654,-0.0,1522.5276230573654,0.0,1.0,,,constant_weights,False,False,1.0797133049855745e-06,,constant_weights,,-650.1085716653615,1.0,False,False,,constant_weights,,2686.5042345523834,0.0,False,False,,constant_weights,,2531.187211871147,0.0,False,False,,constant_weights,,2608.8457232117653,0.0,False,False,,constant_weights,,-266.34419617825455,1.0,False,False
confirm-M-w256-d52919-s803-g04-uniform,3,M,256,52919,803,uniform,False,1633.6738271713257,3.1907691936939955,1633.6738271713257,-0.0,1633.6738271713257,0.0,1.0,,,constant_weights,False,False,9.372209510694063e-07,,constant_weights,,-356.99939610250294,1.0,False,False,,constant_weights,,2759.50314617157,0.0,False,False,,constant_weights,,2498.5177334547043,0.0,False,False,,constant_weights,,2629.010439813137,0.0,False,False,,constant_weights,,-155.197991945085,0.95703125,False,False
confirm-M-w256-d52919-s803-g04-uniform,5,M,256,52919,803,uniform,False,1760.0258734226227,3.43755053402856,1760.0258734226227,-0.0,1760.0258734226227,0.0,1.0,,,constant_weights,False,False,1.1359031000246489e-06,,constant_weights,,-118.27835841290653,1.0,False,False,,constant_weights,,2810.3270226716995,0.0,False,False,,constant_weights,,2588.0289816856384,0.001953125,False,False,,constant_weights,,2699.178002178669,0.0,False,False,,constant_weights,,-28.845941044625647,0.71484375,False,False
confirm-M-w256-d52919-s803-g04-uniform,10,M,256,52919,803,uniform,False,1911.241233587265,3.732893034350127,1911.241233587265,-0.0,1911.241233587265,0.0,1.0,,,constant_weights,False,False,1.1383866271863496e-06,,constant_weights,,-14.93448330461979,1.0,False,False,,constant_weights,,3106.8496495485306,0.0,False,False,,constant_weights,,2641.8085465431213,0.005859375,False,False,,constant_weights,,2874.329098045826,0.0,False,False,,constant_weights,,122.36941208666856,0.09375,False,False
confirm-M-w256-d52919-s803-g04-uniform,20,M,256,52919,803,uniform,False,2222.7258970737457,4.34126151772216,2222.7258970737457,-0.0,2222.7258970737457,0.0,1.0,,,constant_weights,False,False,1.0846803588648868e-06,,constant_weights,,-8.511096803471446,1.0,False,False,,constant_weights,,3905.779130987823,0.0,False,False,,constant_weights,,2770.909665107727,0.005859375,False,False,,constant_weights,,3338.344398047775,0.0,False,False,,constant_weights,,433.85407688445144,0.0,False,False
confirm-M-w256-d52919-s803-g04-uniform,30,M,256,52919,803,uniform,False,2548.1772286891937,4.9769086497835815,2548.1772286891937,-0.0,2548.1772286891937,0.0,1.0,,,constant_weights,False,False,1.0331471758107114e-06,,constant_weights,,-3.0241534812375903,0.939453125,False,False,,constant_weights,,4114.855702863075,0.0,False,False,,constant_weights,,3532.700130827725,0.0,False,False,,constant_weights,,3823.7779168454,0.0,False,False,,constant_weights,,759.3054024574789,0.0,False,False
confirm-M-w256-d52919-s803-g05-random,1,M,256,52919,803,random,False,1482.086041688919,2.89469930017367,1482.086041688919,-0.0,1482.086041688919,0.0,1.0,0.0,8.142250360363098e-06,,True,False,9.362896284947908e-07,,nonpositive_total_gain,,-779.8103453088552,1.0,False,False,0.0,,3.230711304544307e-05,2684.4010026454926,0.0,True,False,0.0016848223118241588,,4.138212602342087e-06,2541.6674715280533,0.0,False,False,0.0,,6.730443776101444e-06,2613.034237086773,0.0,True,False,,nonpositive_total_gain,,-306.7857775467009,1.0,False,False
confirm-M-w256-d52919-s803-g05-random,3,M,256,52919,803,random,False,1566.6321932077408,3.0598285023588687,1566.6321932077408,-0.0,1566.6321932077408,0.0,1.0,0.0061849908909349695,3.023175749963446e-06,,False,False,9.76957380771637e-07,,nonpositive_total_gain,,-371.6875793877989,1.0,False,False,0.0,,3.6373920137776925e-06,2655.8647314310074,0.0,True,False,0.009382320652475639,,4.008188473317444e-06,2415.7194368839264,0.0,False,False,0.003595355062560106,,2.158959490403969e-06,2535.792084157467,0.0,False,False,,nonpositive_total_gain,,-222.23962543183274,0.966796875,False,False
confirm-M-w256-d52919-s803-g05-random,5,M,256,52919,803,random,False,1632.3034400939941,3.1880926564335823,1632.3034400939941,-0.0,1632.3034400939941,0.0,1.0,0.010231704838929316,5.92409975492229e-06,,False,False,1.0399768748392546e-06,,nonpositive_total_gain,,-331.344311343506,1.0,False,False,0.00021163714840205741,,4.334378817400554e-06,2746.638278365135,0.0,True,False,0.014383288486681366,,5.103754008702954e-06,2481.616368174553,0.0,False,False,0.006942800864849233,,3.802145565456857e-06,2614.127323269844,0.0,False,False,,nonpositive_total_gain,,-156.56838033371872,0.90625,False,False
confirm-M-w256-d52919-s803-g05-random,10,M,256,52919,803,random,False,1788.6464153528214,3.493450029985979,1788.6464153528214,-0.0,1788.6464153528214,0.0,1.0,0.0199596585614448,1.6121689900188237e-05,,False,False,9.859601655115569e-07,,nonpositive_total_gain,,-57.53982953540981,1.0,False,False,0.01661377169055161,,1.9326730167554174e-05,2845.507795751095,0.0,False,False,0.02071101488992838,,1.295633332801583e-05,2577.9712936878204,0.001953125,False,False,0.01856326788130066,,1.5007062926677914e-05,2711.7395447194576,0.0,False,False,,nonpositive_total_gain,,-0.2254044788450118,0.560546875,False,False
confirm-M-w256-d52919-s803-g05-random,20,M,256,52919,803,random,False,1854.2161164283752,3.6215158523991704,1854.2161164283752,-0.0,1854.2161164283752,0.0,1.0,0.08376169626465013,8.300894655081246e-05,,False,False,1.1259689927101135e-06,,nonpositive_total_gain,,-34.40136167034507,1.0,False,False,0.07595641567218944,,5.429450913527088e-05,3030.016487851739,0.001953125,False,False,0.0895919316828981,,0.0001259600425952121,2567.0332309752703,0.001953125,False,False,0.08218502808165172,,8.018926507197678e-05,2798.5248594135046,0.0,False,False,4.621314865954971,,1.3031883435873386,65.34429812407788,0.53125,False,False
confirm-M-w256-d52919-s803-g05-random,30,M,256,52919,803,random,False,2021.9499430656433,3.9491209825500846,2021.9499430656433,-0.0,2021.9499430656433,0.0,1.0,0.11889130375335599,2.312941017725662e-05,,False,False,1.192713777076193e-06,,nonpositive_total_gain,,-10.608526359312236,1.0,False,False,0.08989156644351341,,2.5380519328179325e-05,3299.337802801281,0.001953125,False,False,0.15280625778383677,,2.8421379198043308e-05,2777.1205789633095,0.0078125,False,False,0.11835764222248779,,2.2943974477928005e-05,3038.2291908822954,0.0,False,False,1.3625597566645817,,0.09642556960801657,233.078126340869,0.41015625,False,False
confirm-M-w256-d52919-s803-g05-uniform,1,M,256,52919,803,uniform,False,1522.4282091856003,2.9734925960656255,1522.4282091856003,-0.0,1522.4282091856003,0.0,1.0,,,constant_weights,False,False,9.76957380771637e-07,,constant_weights,,-650.0025546718389,1.0,False,False,,constant_weights,,2686.334225654602,0.0,False,False,,constant_weights,,2530.9529633522034,0.0,False,False,,constant_weights,,2608.6435945034027,0.0,False,False,,constant_weights,,-266.4436100500197,1.0,False,False
confirm-M-w256-d52919-s803-g05-uniform,3,M,256,52919,803,uniform,False,1633.139265537262,3.1897251280024648,1633.139265537262,-0.0,1633.139265537262,0.0,1.0,,,constant_weights,False,False,1.06977919722695e-06,,constant_weights,,-358.3542664963752,1.0,False,False,,constant_weights,,2759.4245734214783,0.0,False,False,,constant_weights,,2498.3475110530853,0.0,False,False,,constant_weights,,2628.886042237282,0.0,False,False,,constant_weights,,-155.7325527446837,0.95703125,False,False
confirm-M-w256-d52919-s803-g05-uniform,5,M,256,52919,803,uniform,False,1758.0306634902954,3.4336536396294832,1758.0306634902954,-0.0,1758.0306634902954,0.0,1.0,,,constant_weights,False,False,9.868914880861723e-07,,constant_weights,,-121.77037709020078,1.0,False,False,,constant_weights,,2808.9769644737244,0.0,False,False,,constant_weights,,2586.885412335396,0.001953125,False,False,,constant_weights,,2697.93118840456,0.0,False,False,,constant_weights,,-30.841156818208106,0.7265625,False,False
confirm-M-w256-d52919-s803-g05-uniform,10,M,256,52919,803,uniform,False,1907.6539797782898,3.7258866792544723,1907.6539797782898,-0.0,1907.6539797782898,0.0,1.0,,,constant_weights,False,False,1.1467685299137997e-06,,constant_weights,,-16.77404785528779,1.0,False,False,,constant_weights,,3098.928919494152,0.0,False,False,,constant_weights,,2640.807060480118,0.005859375,False,False,,constant_weights,,2869.867989987135,0.0,False,False,,constant_weights,,118.78215815848405,0.1015625,False,False
confirm-M-w256-d52919-s803-g05-uniform,20,M,256,52919,803,uniform,False,2200.546156644821,4.297941712196916,2200.546156644821,-0.0,2200.546156644821,0.0,1.0,,,constant_weights,False,False,9.08970832824707e-07,,constant_weights,,-10.815591220743954,1.0,False,False,,constant_weights,,3849.794309563935,0.0,False,False,,constant_weights,,2762.6597616672516,0.005859375,False,False,,constant_weights,,3306.227035615593,0.0,False,False,,constant_weights,,411.67433723038727,0.0,False,False
confirm-M-w256-d52919-s803-g05-uniform,30,M,256,52919,803,uniform,False,2520.87203001976,4.923578183632344,2520.87203001976,-0.0,2520.87203001976,0.0,1.0,,,constant_weights,False,False,1.0570511221885681e-06,,constant_weights,,-5.830380623228848,1.0,False,False,,constant_weights,,4104.140005113557,0.0,False,False,,constant_weights,,3464.306486174464,0.0,False,False,,constant_weights,,3784.2232456440106,0.0,False,False,,constant_weights,,732.0002139431866,0.0,False,False
confirm-M-w256-d55049-s801-g04-random,1,M,256,55049,801,random,False,1433.5246648788452,2.7998528610914946,1433.5246648788452,-0.0,1433.5246648788452,0.0,1.0,0.008317952352112856,3.6585654753559125e-06,,False,False,1.0241443910707915e-06,,nonpositive_total_gain,,-816.7591684451327,1.0,False,False,0.007940920010176954,,2.200447816190729e-06,2540.126208424568,0.001953125,False,False,0.006071595329780872,,6.581635351020848e-06,2577.20693898201,0.0,False,False,0.006999803863733627,,2.9404713981861125e-06,2558.666573703289,0.0,False,False,,nonpositive_total_gain,,-312.79766247445053,1.0,False,False
confirm-M-w256-d55049-s801-g04-random,3,M,256,55049,801,random,False,1531.6554136276245,2.991514479741454,1531.6554136276245,-0.0,1531.6554136276245,0.0,1.0,0.013579681738203262,1.1888507270165225e-05,,False,False,1.103617250919342e-06,,nonpositive_total_gain,,-413.1427514543757,1.0,False,False,0.011832932830431967,,4.051902004180428e-06,2541.071537733078,0.0,False,False,0.011003672023912767,,1.866234833914901e-05,2467.037423849106,0.0,False,False,0.011424975796227768,,8.547090799496185e-06,2504.054480791092,0.0,False,False,,nonpositive_total_gain,,-214.6669131296248,0.9765625,False,False
confirm-M-w256-d55049-s801-g04-random,5,M,256,55049,801,random,False,1604.035451412201,3.132881741039455,1604.035451412201,-0.0,1604.035451412201,0.0,1.0,0.016554184299403148,1.5142370955304506e-05,,False,False,1.262562970172354e-06,,nonpositive_total_gain,,-295.89970655646175,1.0,False,False,0.014388049837532613,,6.721029195339517e-06,2594.2311856746674,0.0,False,False,0.013723046857036288,,2.3484174521682436e-05,2513.774865269661,0.0,False,False,0.014061193435750796,,1.24762009032765e-05,2554.003025472164,0.0,False,False,,nonpositive_total_gain,,-142.28687594109482,0.90625,False,False
confirm-M-w256-d55049-s801-g04-random,10,M,256,55049,801,random,False,1736.7894456386566,3.392166886013001,1736.7894456386566,-0.0,1736.7894456386566,0.0,1.0,0.028509649816945155,3.252332067227977e-05,,False,False,1.282431185245514e-06,,nonpositive_total_gain,,-65.90327675547451,1.0,False,False,0.03261768371140503,,2.7292705548665453e-05,2678.919582605362,0.001953125,False,False,0.021354735605512667,,3.5702913505740485e-05,2597.3520115613937,0.0,False,False,0.02707221521984539,,2.9475191753741125e-05,2638.135797083378,0.0,False,False,,nonpositive_total_gain,,-9.53288153582514,0.576171875,False,False
confirm-M-w256-d55049-s801-g04-random,20,M,256,55049,801,random,False,1773.0974180698395,3.4630808946676552,1773.0974180698395,-0.0,1773.0974180698395,0.0,1.0,0.10308896767005565,0.0001270352162752699,,False,False,1.1458372073391843e-06,,nonpositive_total_gain,,-21.50417159963399,1.0,False,False,0.10076040979215782,,0.00010053113691675277,2795.0866195186973,0.009765625,False,False,0.10328325859122335,,0.00017405484346936113,2545.709782909602,0.0,False,False,0.10195950691291401,,0.00012652260846190985,2670.3982012141496,0.0,False,False,8.0,,13.047017502702067,26.775089982661566,0.544921875,False,True
confirm-M-w256-d55049-s801-g04-random,30,M,256,55049,801,random,False,1953.455630660057,3.815343028632924,1953.455630660057,-0.0,1953.455630660057,0.0,1.0,0.14487407340658487,5.4483748367163256e-05,,False,False,1.1408701539039612e-06,,nonpositive_total_gain,,-9.609514649026096,0.986328125,False,False,0.12387545986127674,,6.364102950403169e-05,3069.0992393847555,0.001953125,False,False,0.1667353371083713,,5.183837030907412e-05,2800.877165351063,0.005859375,False,False,0.14417252079849058,,5.418788574365733e-05,2934.9882023679093,0.0,False,False,1.5636540712042009,,0.204122307293853,207.13330529792898,0.44921875,False,False
confirm-M-w256-d55049-s801-g04-uniform,1,M,256,55049,801,uniform,False,1464.9904973506927,2.8613095651380718,1464.9904973506927,-0.0,1464.9904973506927,0.0,1.0,,,constant_weights,False,False,1.1433536806215727e-06,,constant_weights,,-724.0189110627398,1.0,False,False,,constant_weights,,2549.039452314377,0.001953125,False,False,,constant_weights,,2569.950935602188,0.0,False,False,,constant_weights,,2559.4951939582825,0.0,False,False,,constant_weights,,-281.331830002603,1.0,False,False
confirm-M-w256-d55049-s801-g04-uniform,3,M,256,55049,801,uniform,False,1590.022668004036,3.1055130234453827,1590.022668004036,-0.0,1590.022668004036,0.0,1.0,,,constant_weights,False,False,1.2029583253969633e-06,,constant_weights,,-350.68435278441757,1.0,False,False,,constant_weights,,2598.448818206787,0.0,False,False,,constant_weights,,2522.3035328388214,0.0,False,False,,constant_weights,,2560.3761755228043,0.0,False,False,,constant_weights,,-156.2996593492598,0.962890625,False,False
confirm-M-w256-d55049-s801-g04-uniform,5,M,256,55049,801,uniform,False,1725.9391629695892,3.370974927674979,1725.9391629695892,-0.0,1725.9391629695892,0.0,1.0,,,constant_weights,False,False,1.1979912719617403e-06,,constant_weights,,-88.06159356515855,1.0,False,False,,constant_weights,,2650.1657502651215,0.001953125,False,False,,constant_weights,,2615.7133214473724,0.0,False,False,,constant_weights,,2632.939535856247,0.0,False,False,,constant_weights,,-20.38316116505564,0.69921875,False,False
confirm-M-w256-d55049-s801-g04-uniform,10,M,256,55049,801,uniform,False,1836.707687139511,3.5873197014443576,1836.707687139511,-0.0,1836.707687139511,0.0,1.0,,,constant_weights,False,False,1.0812655091285706e-06,,constant_weights,,-12.748286359012127,1.0,False,False,,constant_weights,,2853.395421028137,0.001953125,False,False,,constant_weights,,2669.47590136528,0.0,False,False,,constant_weights,,2761.4356611967087,0.0,False,False,,constant_weights,,90.38535680598315,0.091796875,False,False
confirm-M-w256-d55049-s801-g04-uniform,20,M,256,55049,801,uniform,False,2101.7700564861298,4.105019641574472,2101.7700564861298,-0.0,2101.7700564861298,0.0,1.0,,,constant_weights,False,False,1.0741253690937924e-06,,constant_weights,,-9.144905216060579,1.0,False,False,,constant_weights,,3556.6332514882088,0.0,False,False,,constant_weights,,2757.821811914444,0.0,False,False,,constant_weights,,3157.2275317013264,0.0,False,False,,constant_weights,,355.4477299076944,0.0,False,False
confirm-M-w256-d55049-s801-g04-uniform,30,M,256,55049,801,uniform,False,2457.728796005249,4.800251554697752,2457.728796005249,-0.0,2457.728796005249,0.0,1.0,,,constant_weights,False,False,9.84097520806415e-07,,constant_weights,,-3.747247190680355,0.962890625,False,False,,constant_weights,,3944.409649979323,0.0,False,False,,constant_weights,,3432.5239696502686,0.0,False,False,,constant_weights,,3688.466809814796,0.0,False,False,,constant_weights,,711.4064698514969,0.0,False,False
confirm-M-w256-d55049-s801-g05-random,1,M,256,55049,801,random,False,1433.3758645057678,2.7995622353628278,1433.3758645057678,-0.0,1433.3758645057678,0.0,1.0,0.008316129052298615,3.660571238010038e-06,,False,False,9.446715316663301e-07,,nonpositive_total_gain,,-816.9651589980349,1.0,False,False,0.007939640345675701,,2.20040785181616e-06,2540.0182584524155,0.001953125,False,False,0.006069657431462169,,6.584269154986292e-06,2577.0744729042053,0.0,False,False,0.006998197591811136,,2.9412133482355256e-06,2558.5463656783104,0.0,False,False,,nonpositive_total_gain,,-312.9464628475279,1.0,False,False
confirm-M-w256-d55049-s801-g05-random,3,M,256,55049,801,random,False,1531.3208237886429,2.990860983962193,1531.3208237886429,-0.0,1531.3208237886429,0.0,1.0,0.01357905184742873,1.188337006178857e-05,,False,False,1.1632218956947327e-06,,nonpositive_total_gain,,-413.29878005292267,1.0,False,False,0.011831877491871319,,4.054385248842081e-06,2540.7976636886597,0.0,False,False,0.011009376047344303,,1.866184095334165e-05,2466.4635689258575,0.0,False,False,0.01142727140902064,,8.548392741452785e-06,2503.6306163072586,0.0,False,False,,nonpositive_total_gain,,-215.0015030878157,0.9765625,False,False
confirm-M-w256-d55049-s801-g05-random,5,M,256,55049,801,random,False,1603.3683701753616,3.131578847998753,1603.3683701753616,-0.0,1603.3683701753616,0.0,1.0,0.016498570264180494,1.509074870169178e-05,,False,False,1.123485465992502e-06,,nonpositive_total_gain,,-297.1377186914906,1.0,False,False,0.014373176197363075,,6.687623238717554e-06,2593.6005586385727,0.0,False,False,0.01367454226264259,,2.344449581856883e-05,2513.642252802849,0.0,False,False,0.014029756152017191,,1.2431731754257327e-05,2553.6214057207108,0.0,False,False,,nonpositive_total_gain,,-142.95395658188767,0.908203125,False,False
confirm-M-w256-d55049-s801-g05-random,10,M,256,55049,801,random,False,1734.267527103424,3.387241263873875,1734.267527103424,-0.0,1734.267527103424,0.0,1.0,0.027897954051351884,3.1119172557848616e-05,,False,False,1.0638808212171114e-06,,nonpositive_total_gain,,-69.0915169743821,1.0,False,False,0.03174048372146489,,2.561317558844397e-05,2675.206339299679,0.001953125,False,False,0.020987674691738525,,3.4721674143334176e-05,2596.687734246254,0.0,False,False,0.026443550111348586,,2.8152807333019123e-05,2635.9470367729664,0.0,False,False,,nonpositive_total_gain,,-12.054801501569159,0.587890625,False,False
confirm-M-w256-d55049-s801-g05-random,20,M,256,55049,801,random,False,1779.4903544187546,3.47556709847413,1779.4903544187546,-0.0,1779.4903544187546,0.0,1.0,0.09500291063011647,0.00012204148368256745,,False,False,1.0688478750964236e-06,,nonpositive_total_gain,,-25.73260723706335,1.0,False,False,0.09388460754360745,,9.671332661875047e-05,2795.353576555848,0.009765625,False,False,0.09373336919185978,,0.00016362778739907266,2568.850085027516,0.0,False,False,0.09381234004579625,,0.00012117116551555249,2682.101830791682,0.0,False,False,7.702401145611016,,6.620367739823857,33.16802857792672,0.54296875,False,False
confirm-M-w256-d55049-s801-g05-random,30,M,256,55049,801,random,False,1937.0669844150543,3.783333953935653,1937.0669844150543,-0.0,1937.0669844150543,0.0,1.0,0.14142463606099748,4.814799847251485e-05,,False,False,1.2501453356961179e-06,,nonpositive_total_gain,,-11.753021427430212,1.0,False,False,0.1251405181258023,,5.5470839465018416e-05,3021.7880541048944,0.001953125,False,False,0.15781422251556299,,4.770785735450024e-05,2801.16591110453,0.00390625,False,False,0.14075919438337664,,4.794528649488095e-05,2911.4769826047122,0.0,False,False,1.685799984720874,,0.23177557951728747,190.74465794278976,0.45703125,False,False
confirm-M-w256-d55049-s801-g05-uniform,1,M,256,55049,801,uniform,False,1464.9151141643524,2.861162332352251,1464.9151141643524,-0.0,1464.9151141643524,0.0,1.0,,,constant_weights,False,False,1.0638808212171114e-06,,constant_weights,,-723.9353088727221,1.0,False,False,,constant_weights,,2548.9169894456863,0.001953125,False,False,,constant_weights,,2569.7636573314667,0.0,False,False,,constant_weights,,2559.3403233885765,0.0,False,False,,constant_weights,,-281.40721318894333,1.0,False,False
confirm-M-w256-d55049-s801-g05-uniform,3,M,256,55049,801,uniform,False,1589.6540923118591,3.1047931490466,1589.6540923118591,-0.0,1589.6540923118591,0.0,1.0,,,constant_weights,False,False,1.0638808212171114e-06,,constant_weights,,-351.8650975516066,1.0,False,False,,constant_weights,,2598.4614421129227,0.0,False,False,,constant_weights,,2522.3659329414368,0.0,False,False,,constant_weights,,2560.4136875271797,0.0,False,False,,constant_weights,,-156.6682351606459,0.962890625,False,False
confirm-M-w256-d55049-s801-g05-uniform,5,M,256,55049,801,uniform,False,1724.1682819128036,3.3675161756109446,1724.1682819128036,-0.0,1724.1682819128036,0.0,1.0,,,constant_weights,False,False,1.193024218082428e-06,,constant_weights,,-92.08531469013542,1.0,False,False,,constant_weights,,2649.2330327033997,0.001953125,False,False,,constant_weights,,2615.35710811615,0.0,False,False,,constant_weights,,2632.295070409775,0.0,False,False,,constant_weights,,-22.1540459173292,0.69921875,False,False
confirm-M-w256-d55049-s801-g05-uniform,10,M,256,55049,801,uniform,False,1833.7856330871582,3.581612564623356,1833.7856330871582,-0.0,1833.7856330871582,0.0,1.0,,,constant_weights,False,False,1.0657434663663423e-06,,constant_weights,,-14.050833945162594,1.0,False,False,,constant_weights,,2846.803385257721,0.001953125,False,False,,constant_weights,,2668.6043305397034,0.0,False,False,,constant_weights,,2757.703857898712,0.0,False,False,,constant_weights,,87.46330573386248,0.091796875,False,False
confirm-M-w256-d55049-s801-g05-uniform,20,M,256,55049,801,uniform,False,2076.960102081299,4.056562699377537,2076.960102081299,-0.0,2076.960102081299,0.0,1.0,,,constant_weights,False,False,1.0657434659222531e-06,,constant_weights,,-12.147021058946848,1.0,False,False,,constant_weights,,3493.0907959342003,0.0,False,False,,constant_weights,,2749.9365359544754,0.0,False,False,,constant_weights,,3121.513665944338,0.0,False,False,,constant_weights,,330.6377799732118,0.0,False,False
confirm-M-w256-d55049-s801-g05-uniform,30,M,256,55049,801,uniform,False,2432.230139017105,4.750449490267783,2432.230139017105,-0.0,2432.230139017105,0.0,1.0,,,constant_weights,False,False,1.2830520672579837e-06,,constant_weights,,-7.9012519381940365,1.0,False,False,,constant_weights,,3928.889335980639,0.0,False,False,,constant_weights,,3375.7023280858994,0.0,False,False,,constant_weights,,3652.295832033269,0.0,False,False,,constant_weights,,685.907815545562,0.0,False,False
confirm-M-w256-d55049-s802-g04-random,1,M,256,55049,802,random,False,1455.461933374405,2.8426990886218846,1455.461933374405,-0.0,1455.461933374405,0.0,1.0,0.0045131331261148416,1.59312072398003e-06,,False,False,1.0668300092220306e-06,,nonpositive_total_gain,,-815.8202115343884,1.0,False,False,0.0050114550757886425,,2.0565493168393884e-06,2565.221406698227,0.0,False,False,0.0024044686428866457,,2.6175661608734356e-06,2616.9845945835114,0.0,False,False,0.0036935400620833683,,1.1145916470804878e-06,2591.103000640869,0.0,False,False,,nonpositive_total_gain,,-313.05924532586045,1.0,False,False
confirm-M-w256-d55049-s802-g04-random,3,M,256,55049,802,random,False,1558.8050907850266,3.044541192939505,1558.8050907850266,-0.0,1558.8050907850266,0.0,1.0,0.012717620053796022,4.5886706837321264e-06,,False,False,1.2097880244255066e-06,,nonpositive_total_gain,,-385.3798154788092,1.0,False,False,0.010209405414494905,,5.048567720939891e-06,2566.1470667123795,0.0,False,False,0.01159898339683102,,3.5000834798667917e-06,2495.648011803627,0.0,False,False,0.010894741050256295,,3.53560342554135e-06,2530.8975392580032,0.0,False,False,,nonpositive_total_gain,,-209.7160867231459,0.97265625,False,False
confirm-M-w256-d55049-s802-g04-random,5,M,256,55049,802,random,False,1644.9946318864822,3.2128801404032856,1644.9946318864822,-0.0,1644.9946318864822,0.0,1.0,0.014909466492496793,7.141241660577544e-06,,False,False,1.0508423051724947e-06,,nonpositive_total_gain,,-248.22410794813186,1.0,False,False,0.012287662483006206,,6.427354823662855e-06,2621.8096927404404,0.0,False,False,0.014760951214688955,,5.7821232733942135e-06,2561.3982865810394,0.0,False,False,0.01350986373402831,,5.308048756056335e-06,2591.60398966074,0.0,False,False,,nonpositive_total_gain,,-123.52654705220168,0.884765625,False,False
confirm-M-w256-d55049-s802-g04-random,10,M,256,55049,802,random,False,1754.4778431653976,3.4267145374324173,1754.4778431653976,-0.0,1754.4778431653976,0.0,1.0,0.029676083903237026,2.8789885618091017e-05,,False,False,1.1402492723355806e-06,,nonpositive_total_gain,,-42.11597764212638,1.0,False,False,0.03127794958409187,,4.0613780835927945e-05,2689.7979041337967,0.001953125,False,False,0.026167217529786187,,1.7281774161006167e-05,2615.751587867737,0.0,False,False,0.02875353153801862,,2.684301840444225e-05,2652.7747460007668,0.0,False,False,,nonpositive_total_gain,,-14.043337323007002,0.56640625,False,False
confirm-M-w256-d55049-s802-g04-random,20,M,256,55049,802,random,False,1807.955720424652,3.5311635164543986,1807.955720424652,-0.0,1807.955720424652,0.0,1.0,0.10265179460999627,0.00010854257754240755,,False,False,9.667128324508667e-07,,nonpositive_total_gain,,-22.36201056279242,1.0,False,False,0.09893974210691839,,7.98603289303016e-05,2844.4225637689233,0.005859375,False,False,0.10470393842366339,,0.00014521413850294138,2601.8065951168537,0.001953125,False,False,0.10168447578464468,,0.00010671898276236841,2723.1145794428885,0.0,False,False,8.0,,6.151040194660555,39.434543475273216,0.54296875,False,True
confirm-M-w256-d55049-s802-g04-random,30,M,256,55049,802,random,False,2008.2594250440598,3.922381689539179,2008.2594250440598,-0.0,2008.2594250440598,0.0,1.0,0.13706499905603675,5.0042202764904543e-05,,False,False,1.0424604020009554e-06,,nonpositive_total_gain,,-12.372324158903211,0.98828125,False,False,0.11357889867986143,,4.5591517762423347e-05,3161.7163976058364,0.005859375,False,False,0.1616901445600467,,6.590574551158665e-05,2875.434187585488,0.005859375,False,False,0.1362548323757627,,4.947531223382976e-05,3018.575292595662,0.0,False,False,1.4654968823255152,,0.13148220361706495,239.73824664181763,0.41796875,False,False
confirm-M-w256-d55049-s802-g04-uniform,1,M,256,55049,802,uniform,False,1498.064653635025,2.9259075266309083,1498.064653635025,-0.0,1498.064653635025,0.0,1.0,,,constant_weights,False,False,1.170051594723276e-06,,constant_weights,,-689.4827880905941,1.0,False,False,,constant_weights,,2570.6342499256134,0.0,False,False,,constant_weights,,2613.0424847602844,0.0,False,False,,constant_weights,,2591.838367342949,0.0,False,False,,constant_weights,,-270.4565250652403,1.0,False,False
confirm-M-w256-d55049-s802-g04-uniform,3,M,256,55049,802,uniform,False,1623.4360460042953,3.1707735273521394,1623.4360460042953,-0.0,1623.4360460042953,0.0,1.0,,,constant_weights,False,False,1.1455267667770386e-06,,constant_weights,,-328.6387571291998,1.0,False,False,,constant_weights,,2625.437485218048,0.0,False,False,,constant_weights,,2573.509390234947,0.0,False,False,,constant_weights,,2599.4734377264977,0.0,False,False,,constant_weights,,-145.0851305502028,0.95703125,False,False
confirm-M-w256-d55049-s802-g04-uniform,5,M,256,55049,802,uniform,False,1755.5918213129044,3.4288902760017663,1755.5918213129044,-0.0,1755.5918213129044,0.0,1.0,,,constant_weights,False,False,1.170051594723276e-06,,constant_weights,,-71.69794837478548,1.0,False,False,,constant_weights,,2670.5370119810104,0.0,False,False,,constant_weights,,2667.936377763748,0.0,False,False,,constant_weights,,2669.2366948723793,0.0,False,False,,constant_weights,,-12.929355122384436,0.611328125,False,False
confirm-M-w256-d55049-s802-g04-uniform,10,M,256,55049,802,uniform,False,1865.114504814148,3.6428017672151327,1865.114504814148,-0.0,1865.114504814148,0.0,1.0,,,constant_weights,False,False,1.2026478843907284e-06,,constant_weights,,-12.384731671772897,1.0,False,False,,constant_weights,,2896.1196016073227,0.0,False,False,,constant_weights,,2711.608635663986,0.0,False,False,,constant_weights,,2803.8641186356544,0.0,False,False,,constant_weights,,96.593328736487,0.07421875,False,False
confirm-M-w256-d55049-s802-g04-uniform,20,M,256,55049,802,uniform,False,2183.0815200805664,4.263831093907356,2183.0815200805664,-0.0,2183.0815200805664,0.0,1.0,,,constant_weights,False,False,1.298263669013977e-06,,constant_weights,,-8.641331038437784,1.0,False,False,,constant_weights,,3735.8949846476316,0.0,False,False,,constant_weights,,2821.9908834695816,0.0,False,False,,constant_weights,,3278.9429340586066,0.0,False,False,,constant_weights,,414.56033953255707,0.0,False,False
confirm-M-w256-d55049-s802-g04-uniform,30,M,256,55049,802,uniform,False,2524.2368636131287,4.930150124244392,2524.2368636131287,-0.0,2524.2368636131287,0.0,1.0,,,constant_weights,False,False,1.0407529771327972e-06,,constant_weights,,-3.6989636537618935,0.9609375,False,False,,constant_weights,,3982.53817886021,0.0,False,False,,constant_weights,,3593.87134835124,0.0,False,False,,constant_weights,,3788.204763605725,0.0,False,False,,constant_weights,,755.715681157771,0.0,False,False
confirm-M-w256-d55049-s802-g05-random,1,M,256,55049,802,random,False,1455.2859048843384,2.8423552829772234,1455.2859048843384,-0.0,1455.2859048843384,0.0,1.0,0.004513590497848519,1.5929847561548736e-06,,False,False,1.2892608842740572e-06,,nonpositive_total_gain,,-816.1061922358349,1.0,False,False,0.005010732120147266,,2.0557133255321116e-06,2565.107747554779,0.0,False,False,0.0024056859115752583,,2.615900290884352e-06,2616.85612821579,0.0,False,False,0.0036938025532208046,,1.114437743248462e-06,2590.9819378852844,0.0,False,False,,nonpositive_total_gain,,-313.235273815927,1.0,False,False
confirm-M-w256-d55049-s802-g05-random,3,M,256,55049,802,random,False,1558.4181710481644,3.043785490328446,1558.4181710481644,-0.0,1558.4181710481644,0.0,1.0,0.012714496547771771,4.5959702750989855e-06,,False,False,1.1104469499478853e-06,,nonpositive_total_gain,,-385.562754441984,1.0,False,False,0.01020192875378725,,5.052063740913464e-06,2565.818494081497,0.0,False,False,0.011604668113073594,,3.50718872374676e-06,2494.998743057251,0.0,False,False,0.01089370808652745,,3.5420873421429253e-06,2530.408618569374,0.0,False,False,,nonpositive_total_gain,,-210.10300800972885,0.97265625,False,False
confirm-M-w256-d55049-s802-g05-random,5,M,256,55049,802,random,False,1644.0864012241364,3.2111062523908913,1644.0864012241364,-0.0,1644.0864012241364,0.0,1.0,0.014885632647498256,7.069730941290439e-06,,False,False,1.085922122001648e-06,,nonpositive_total_gain,,-250.39548761118203,1.0,False,False,0.012251388579481562,,6.392136117015424e-06,2621.2889765501022,0.0,False,False,0.014739913299646322,,5.690116280823292e-06,2561.3656845092773,0.0,False,False,0.013481246629086355,,5.243952194784391e-06,2591.32733052969,0.0,False,False,,nonpositive_total_gain,,-124.43477759533828,0.884765625,False,False
confirm-M-w256-d55049-s802-g05-random,10,M,256,55049,802,random,False,1754.3942180871964,3.4265512072015554,1754.3942180871964,-0.0,1754.3942180871964,0.0,1.0,0.02870783068205368,2.6874772160170406e-05,,False,False,1.2246891856193542e-06,,nonpositive_total_gain,,-46.42913737241179,1.0,False,False,0.03003140326388004,,3.7765189218411666e-05,2690.6882812976837,0.0,False,False,0.025359225987651605,,1.5997741505081467e-05,2618.9234821796417,0.0,False,False,0.027722767208768602,,2.4852965059157762e-05,2654.8058817386627,0.0,False,False,,nonpositive_total_gain,,-14.126961864766493,0.56640625,False,False
confirm-M-w256-d55049-s802-g05-random,20,M,256,55049,802,random,False,1802.659372806549,3.520819087512791,1802.659372806549,-0.0,1802.659372806549,0.0,1.0,0.09683269183732622,0.0001149163340530518,,False,False,1.219722131740042e-06,,nonpositive_total_gain,,-25.63202261645347,1.0,False,False,0.09395489050598066,,8.841701464023903e-05,2831.8366820439696,0.00390625,False,False,0.09786015622270246,,0.00014644129681304138,2601.7734470516443,0.0,False,False,0.09582002199969972,,0.00011275292816230463,2716.805064547807,0.0,False,False,8.0,,7.498670085435114,34.138194061580265,0.55078125,False,True
confirm-M-w256-d55049-s802-g05-random,30,M,256,55049,802,random,False,1968.6030850410461,3.8449279004707932,1968.6030850410461,-0.0,1968.6030850410461,0.0,1.0,0.1347124351560251,3.1757302355700096e-05,,False,False,1.0635703802108765e-06,,nonpositive_total_gain,,-14.440290593542159,1.0,False,False,0.11470764694549336,,2.5674166489834192e-05,3087.8781225904822,0.005859375,False,False,0.15519643850090692,,4.5574380111982676e-05,2832.371399415657,0.00390625,False,False,0.1339020797090265,,3.130905681037512e-05,2960.1247610030696,0.0,False,False,1.7970693270419695,,0.199875948913912,200.08190507977002,0.423828125,False,False
confirm-M-w256-d55049-s802-g05-uniform,1,M,256,55049,802,uniform,False,1497.9483909606934,2.925680451095104,1497.9483909606934,-0.0,1497.9483909606934,0.0,1.0,,,constant_weights,False,False,1.130315164576956e-06,,constant_weights,,-689.4717971133068,1.0,False,False,,constant_weights,,2570.4901218414307,0.0,False,False,,constant_weights,,2612.8268342018127,0.0,False,False,,constant_weights,,2591.6584780216217,0.0,False,False,,constant_weights,,-270.572787739572,1.0,False,False
confirm-M-w256-d55049-s802-g05-uniform,3,M,256,55049,802,uniform,False,1622.8761065006256,3.1696798955090344,1622.8761065006256,-0.0,1622.8761065006256,0.0,1.0,,,constant_weights,False,False,1.066053906928488e-06,,constant_weights,,-329.9196443455294,1.0,False,False,,constant_weights,,2625.2951246500015,0.0,False,False,,constant_weights,,2573.252803325653,0.0,False,False,,constant_weights,,2599.2739639878273,0.0,False,False,,constant_weights,,-145.6450725572676,0.95703125,False,False
confirm-M-w256-d55049-s802-g05-uniform,5,M,256,55049,802,uniform,False,1753.74238884449,3.4252781032118946,1753.74238884449,-0.0,1753.74238884449,0.0,1.0,,,constant_weights,False,False,1.3044724860300505e-06,,constant_weights,,-75.0048001119867,1.0,False,False,,constant_weights,,2669.22245824337,0.0,False,False,,constant_weights,,2667.009489774704,0.0,False,False,,constant_weights,,2668.115974009037,0.0,False,False,,constant_weights,,-14.778790690240271,0.630859375,False,False
confirm-M-w256-d55049-s802-g05-uniform,10,M,256,55049,802,uniform,False,1861.626543521881,3.635989342816174,1861.626543521881,-0.0,1861.626543521881,0.0,1.0,,,constant_weights,False,False,1.0575167834758759e-06,,constant_weights,,-14.06584054697305,1.0,False,False,,constant_weights,,2888.025343775749,0.0,False,False,,constant_weights,,2710.9200909137726,0.0,False,False,,constant_weights,,2799.472717344761,0.0,False,False,,constant_weights,,93.10536207980212,0.078125,False,False
confirm-M-w256-d55049-s802-g05-uniform,20,M,256,55049,802,uniform,False,2158.910239458084,4.2166215614415705,2158.910239458084,-0.0,2158.910239458084,0.0,1.0,,,constant_weights,False,False,1.051773627303021e-06,,constant_weights,,-11.266429635696113,1.0,False,False,,constant_weights,,3677.53790961951,0.0,False,False,,constant_weights,,2810.459220767021,0.0,False,False,,constant_weights,,3243.9985651932657,0.0,False,False,,constant_weights,,390.38906063860946,0.0,False,False
confirm-M-w256-d55049-s802-g05-uniform,30,M,256,55049,802,uniform,False,2493.151356935501,4.869436244014651,2493.151356935501,-0.0,2493.151356935501,0.0,1.0,,,constant_weights,False,False,1.2790163355091977e-06,,constant_weights,,-6.603601740673184,1.0,False,False,,constant_weights,,3972.615613365546,0.0,False,False,,constant_weights,,3513.4420329630375,0.0,False,False,,constant_weights,,3743.0288231642917,0.0,False,False,,constant_weights,,724.6301752997073,0.0,False,False
confirm-M-w256-d55049-s803-g04-random,1,M,256,55049,803,random,False,1447.798756122589,2.827731945551932,1447.798756122589,-0.0,1447.798756122589,0.0,1.0,0.004253761348822523,5.78026607831456e-06,,False,False,9.75405176628641e-07,,nonpositive_total_gain,,-832.0423291590996,1.0,False,False,0.0017716583651334879,,4.276332585446768e-06,2567.6773018836975,0.0,False,False,0.004709492856598926,,4.9357211572800795e-06,2607.7612838745117,0.0,False,False,0.0032517251894699775,,3.974425320591228e-06,2587.7192928791046,0.0,False,False,,nonpositive_total_gain,,-323.3935813682646,1.0,False,False
confirm-M-w256-d55049-s803-g04-random,3,M,256,55049,803,random,False,1550.8377606868744,3.0289800013415515,1550.8377606868744,-0.0,1550.8377606868744,0.0,1.0,0.009585304203915481,1.1848550486399763e-05,,False,False,9.809931120763338e-07,,nonpositive_total_gain,,-478.2764437464066,1.0,False,False,0.006738793244651759,,1.0239184775085003e-05,2592.581466436386,0.0,False,False,0.008764645652002218,,9.247615420024689e-06,2538.2082693576813,0.0,False,False,0.007741141553025615,,9.142714052829399e-06,2565.3948678970337,0.0,False,False,,nonpositive_total_gain,,-220.35457656556076,0.9921875,False,False
confirm-M-w256-d55049-s803-g04-random,5,M,256,55049,803,random,False,1603.9324824810028,3.1326806298457086,1603.9324824810028,-0.0,1603.9324824810028,0.0,1.0,0.016068164093585163,1.6489657746154306e-05,,False,False,1.11976017569404e-06,,nonpositive_total_gain,,-359.5110413697548,1.0,False,False,0.01161782112228743,,1.1448141849201082e-05,2622.2310625314713,0.0,False,False,0.014837968910322054,,1.448707397208736e-05,2549.077423930168,0.0,False,False,0.0132046063029614,,1.2328165049238904e-05,2585.6542432308197,0.0,False,False,,nonpositive_total_gain,,-167.25985584431595,0.939453125,False,False
confirm-M-w256-d55049-s803-g04-random,10,M,256,55049,803,random,False,1755.1755318641663,3.4280772106721997,1755.1755318641663,-0.0,1755.1755318641663,0.0,1.0,0.02764402120028865,3.5461359071310755e-05,,False,False,1.2389694648007321e-06,,nonpositive_total_gain,,-56.727911923546344,1.0,False,False,0.029664746597139025,,3.846795927591222e-05,2699.5256606936455,0.0,False,False,0.02282830319371376,,2.8609218374565853e-05,2622.728852033615,0.0,False,False,0.026293629573235437,,3.276576798200593e-05,2661.1272563636303,0.0,False,False,,nonpositive_total_gain,,-16.0168065207571,0.58203125,False,False
confirm-M-w256-d55049-s803-g04-random,20,M,256,55049,803,random,False,1802.0546381473541,3.519637965131551,1802.0546381473541,-0.0,1802.0546381473541,0.0,1.0,0.10976836539725013,0.00012928770367314673,,False,False,1.0514631867408752e-06,,nonpositive_total_gain,,-25.934860704932362,1.0,False,False,0.10204001152566468,,7.098251775661451e-05,2853.5271125733852,0.001953125,False,False,0.11527409757675185,,0.00021518592342796672,2578.5716731771827,0.00390625,False,False,0.1082831832760987,,0.00012881168790384069,2716.049392875284,0.0,False,False,8.0,,12.443534933214723,30.86230129725034,0.544921875,False,True
confirm-M-w256-d55049-s803-g04-random,30,M,256,55049,803,random,False,2038.7139279842377,3.981863140594214,2038.7139279842377,-0.0,2038.7139279842377,0.0,1.0,0.13063827983029702,3.803533948084423e-05,,False,False,1.1393179497609651e-06,,nonpositive_total_gain,,-10.549720167182386,0.984375,False,False,0.10343614820901192,,3.7639052331125764e-05,3226.1639945004135,0.0,False,False,0.16023206863567657,,6.35372356823708e-05,2900.5275200065225,0.001953125,False,False,0.13004062439689984,,3.779587734128437e-05,3063.345757253468,0.0,False,False,1.1805420028038105,,0.07985664797236533,267.5215941506877,0.380859375,False,False
confirm-M-w256-d55049-s803-g04-uniform,1,M,256,55049,803,uniform,False,1494.3974565267563,2.918745032278821,1494.3974565267563,-0.0,1494.3974565267563,0.0,1.0,,,constant_weights,False,False,1.1594966053962708e-06,,constant_weights,,-687.2125808862038,1.0,False,False,,constant_weights,,2574.657571196556,0.0,False,False,,constant_weights,,2595.7473950386047,0.0,False,False,,constant_weights,,2585.2024831175804,0.0,False,False,,constant_weights,,-276.79488096409744,1.0,False,False
confirm-M-w256-d55049-s803-g04-uniform,3,M,256,55049,803,uniform,False,1605.8045544624329,3.136337020434439,1605.8045544624329,-0.0,1605.8045544624329,0.0,1.0,,,constant_weights,False,False,1.0800237455477202e-06,,constant_weights,,-363.7297668796964,1.0,False,False,,constant_weights,,2627.7797516584396,0.0,False,False,,constant_weights,,2553.36368227005,0.0,False,False,,constant_weights,,2590.571716964245,0.0,False,False,,constant_weights,,-165.3877827900023,0.9609375,False,False
confirm-M-w256-d55049-s803-g04-uniform,5,M,256,55049,803,uniform,False,1742.5612691640854,3.4034399788361043,1742.5612691640854,-0.0,1742.5612691640854,0.0,1.0,,,constant_weights,False,False,1.11976017569404e-06,,constant_weights,,-99.16744855837896,1.0,False,False,,constant_weights,,2675.2620013952255,0.0,False,False,,constant_weights,,2651.5892515182495,0.0,False,False,,constant_weights,,2663.4256264567375,0.0,False,False,,constant_weights,,-28.63106987648905,0.72265625,False,False
confirm-M-w256-d55049-s803-g04-uniform,10,M,256,55049,803,uniform,False,1874.0816733837128,3.660315768327564,1874.0816733837128,-0.0,1874.0816733837128,0.0,1.0,,,constant_weights,False,False,1.1393179497609651e-06,,constant_weights,,-14.50291020097211,1.0,False,False,,constant_weights,,2927.6400389671326,0.001953125,False,False,,constant_weights,,2709.107899427414,0.0,False,False,,constant_weights,,2818.3739691972733,0.0,False,False,,constant_weights,,102.8893375617891,0.076171875,False,False
confirm-M-w256-d55049-s803-g04-uniform,20,M,256,55049,803,uniform,False,2212.9669947624207,4.322201161645353,2212.9669947624207,-0.0,2212.9669947624207,0.0,1.0,,,constant_weights,False,False,1.1452163262148929e-06,,constant_weights,,-9.782969071995467,1.0,False,False,,constant_weights,,3826.8706198222935,0.0,False,False,,constant_weights,,2821.813329935074,0.0,False,False,,constant_weights,,3324.3419748786837,0.0,False,False,,constant_weights,,441.77465333766037,0.0,False,False
confirm-M-w256-d55049-s803-g04-uniform,30,M,256,55049,803,uniform,False,2535.74565577507,4.952628233935684,2535.74565577507,-0.0,2535.74565577507,0.0,1.0,,,constant_weights,False,False,1.1557713150978088e-06,,constant_weights,,-2.7033131369389594,0.888671875,False,False,,constant_weights,,4000.393957387656,0.0,False,False,,constant_weights,,3609.546328663826,0.0,False,False,,constant_weights,,3804.970143025741,0.0,False,False,,constant_weights,,764.553318403426,0.0,False,False
confirm-M-w256-d55049-s803-g05-random,1,M,256,55049,803,random,False,1447.643352508545,2.827428422868252,1447.643352508545,-0.0,1447.643352508545,0.0,1.0,0.0042541723436133536,5.7832102169107795e-06,,False,False,9.813035526384795e-07,,nonpositive_total_gain,,-832.2621359494515,1.0,False,False,0.0017717008304608795,,4.277878472841768e-06,2567.5652701854706,0.0,False,False,0.004709171881938196,,4.936642896899141e-06,2607.6269392967224,0.0,False,False,0.0032515796813729217,,3.975624203179103e-06,2587.5961047410965,0.0,False,False,,nonpositive_total_gain,,-323.5489849823088,1.0,False,False
confirm-M-w256-d55049-s803-g05-random,3,M,256,55049,803,random,False,1550.5367332696915,3.028392057167366,1550.5367332696915,-0.0,1550.5367332696915,0.0,1.0,0.00958409056223336,1.1840219288549818e-05,,False,False,9.218541285882509e-07,,nonpositive_total_gain,,-478.56792401941493,1.0,False,False,0.006738999957879754,,1.0238103526980848e-05,2592.37362575531,0.0,False,False,0.00877246560416979,,9.240378434517582e-06,2537.804507493973,0.0,False,False,0.007745074870581252,,9.13912771581866e-06,2565.0890666246414,0.0,False,False,,nonpositive_total_gain,,-220.65560338669724,0.9921875,False,False
confirm-M-w256-d55049-s803-g05-random,5,M,256,55049,803,random,False,1603.2201793193817,3.1312894127331674,1603.2201793193817,-0.0,1603.2201793193817,0.0,1.0,0.01599014848211288,1.6414448225478288e-05,,False,False,1.0946144661794222e-06,,nonpositive_total_gain,,-361.95288394065574,1.0,False,False,0.01155113519223661,,1.1415997542405024e-05,2622.163578271866,0.0,False,False,0.01477309601986421,,1.4361160481068749e-05,2549.4498262405396,0.0,False,False,0.01313896519069304,,1.2252465093095596e-05,2585.8067022562027,0.0,False,False,,nonpositive_total_gain,,-167.97216019802994,0.939453125,False,False
confirm-M-w256-d55049-s803-g05-random,10,M,256,55049,803,random,False,1753.931813120842,3.4256480725016445,1753.931813120842,-0.0,1753.931813120842,0.0,1.0,0.026684529599136975,3.390174347510933e-05,,False,False,1.1106021702289581e-06,,nonpositive_total_gain,,-60.262215700466186,1.0,False,False,0.0284024803813831,,3.644708196524892e-05,2697.478064239025,0.0,False,False,0.02215661731762622,,2.748023627161869e-05,2624.579612135887,0.0,False,False,0.02532047253891325,,3.119885434979842e-05,2661.028838187456,0.0,False,False,,nonpositive_total_gain,,-17.260520912942308,0.58203125,False,False
confirm-M-w256-d55049-s803-g05-random,20,M,256,55049,803,random,False,1798.9541161060333,3.5135822580195963,1798.9541161060333,-0.0,1798.9541161060333,0.0,1.0,0.10334006427433874,0.000132465784420455,,False,False,1.1393179497609651e-06,,nonpositive_total_gain,,-31.029561315197498,1.0,False,False,0.09687171477180187,,7.928409736118225e-05,2843.590457506478,0.001953125,False,False,0.10705285734191267,,0.00020641682678281407,2584.3014627695084,0.00390625,False,False,0.10169418341690249,,0.00013157145686151686,2713.945960137993,0.0,False,False,8.0,,13.77468405917594,27.761777318778588,0.546875,False,True
confirm-M-w256-d55049-s803-g05-random,30,M,256,55049,803,random,False,2019.4120246171951,3.9441641105804592,2019.4120246171951,-0.0,2019.4120246171951,0.0,1.0,0.1278764500409868,2.6485065739844068e-05,,False,False,1.1740873255838835e-06,,nonpositive_total_gain,,-12.915305193979293,1.0,False,False,0.10253202682185925,,2.055169308390825e-05,3195.523905342445,0.001953125,False,False,0.15524363582568995,,6.329927444001862e-05,2875.6274814698845,0.005859375,False,False,0.12722411234023423,,2.6269393617345022e-05,3035.5756934061646,0.0,False,False,1.2725524360932337,,0.08733305888830387,248.21969103044563,0.39453125,False,False
confirm-M-w256-d55049-s803-g05-uniform,1,M,256,55049,803,uniform,False,1494.323617696762,2.9186008158139884,1494.323617696762,-0.0,1494.323617696762,0.0,1.0,,,constant_weights,False,False,1.0800237455477202e-06,,constant_weights,,-687.0828362372704,1.0,False,False,,constant_weights,,2574.511296272278,0.0,False,False,,constant_weights,,2595.542396068573,0.0,False,False,,constant_weights,,2585.0268461704254,0.0,False,False,,constant_weights,,-276.86871979409165,1.0,False,False
confirm-M-w256-d55049-s803-g05-uniform,3,M,256,55049,803,uniform,False,1605.3856873512268,3.135518920607865,1605.3856873512268,-0.0,1605.3856873512268,0.0,1.0,,,constant_weights,False,False,9.91237660397104e-07,,constant_weights,,-365.37978708418086,1.0,False,False,,constant_weights,,2627.9393272399902,0.0,False,False,,constant_weights,,2553.597525715828,0.0,False,False,,constant_weights,,2590.768426477909,0.0,False,False,,constant_weights,,-165.8066494243712,0.962890625,False,False
confirm-M-w256-d55049-s803-g05-uniform,5,M,256,55049,803,uniform,False,1740.2991853952408,3.3990218464750797,1740.2991853952408,-0.0,1740.2991853952408,0.0,1.0,,,constant_weights,False,False,1.1098260679354155e-06,,constant_weights,,-103.42924908967689,1.0,False,False,,constant_weights,,2673.8236837387085,0.0,False,False,,constant_weights,,2650.5031266212463,0.0,False,False,,constant_weights,,2662.1634051799774,0.0,False,False,,constant_weights,,-30.893150545892127,0.73046875,False,False
confirm-M-w256-d55049-s803-g05-uniform,10,M,256,55049,803,uniform,False,1870.4957892894745,3.653312088456005,1870.4957892894745,-0.0,1870.4957892894745,0.0,1.0,,,constant_weights,False,False,1.0721075041075778e-06,,constant_weights,,-16.419625783804804,1.0,False,False,,constant_weights,,2919.784795165062,0.001953125,False,False,,constant_weights,,2708.122227668762,0.0,False,False,,constant_weights,,2813.953511416912,0.0,False,False,,constant_weights,,99.30345549410875,0.080078125,False,False
confirm-M-w256-d55049-s803-g05-uniform,20,M,256,55049,803,uniform,False,2193.327136993408,4.28384206444025,2193.327136993408,-0.0,2193.327136993408,0.0,1.0,,,constant_weights,False,False,1.024765272639172e-06,,constant_weights,,-11.723168175201863,1.0,False,False,,constant_weights,,3779.2459402419627,0.0,False,False,,constant_weights,,2812.4586337804794,0.0,False,False,,constant_weights,,3295.852287011221,0.0,False,False,,constant_weights,,422.13479932374054,0.0,False,False
confirm-M-w256-d55049-s803-g05-uniform,30,M,256,55049,803,uniform,False,2502.8265855312347,4.888333174865693,2502.8265855312347,-0.0,2502.8265855312347,0.0,1.0,,,constant_weights,False,False,1.1567026376724243e-06,,constant_weights,,-5.25391431292519,1.0,False,False,,constant_weights,,3989.1602098830044,0.0,False,False,,constant_weights,,3524.573467642069,0.0,False,False,,constant_weights,,3756.8668387625366,0.0,False,False,,constant_weights,,731.6342480776342,0.0,False,False
confirm-M-w256-d57163-s801-g04-random,1,M,256,57163,801,random,False,1458.2310388088226,2.8481074976734817,1458.2310388088226,-0.0,1458.2310388088226,0.0,1.0,0.0,7.241212919172557e-06,,True,False,1.0468065738677979e-06,,nonpositive_total_gain,,-777.6760963387787,1.0,False,False,0.0011734495883157729,,1.1134400271670142e-05,2562.350192308426,0.0,False,False,0.0,,3.2002018945903504e-06,2590.019025325775,0.0,True,False,0.0,,4.703737904450671e-06,2576.1846088171005,0.0,True,False,,nonpositive_total_gain,,-305.2100810783476,1.0,False,False
confirm-M-w256-d57163-s801-g04-random,3,M,256,57163,801,random,False,1562.4949268102646,3.051747903926298,1562.4949268102646,-0.0,1562.4949268102646,0.0,1.0,0.007310616787399317,1.2016243158026507e-05,,False,False,9.760260581970215e-07,,nonpositive_total_gain,,-385.67081329599023,1.0,False,False,0.007177814577998929,,1.7834996892996465e-05,2574.0851521492004,0.0,False,False,0.005411300233614413,,4.0398678900297786e-06,2499.070472240448,0.0,False,False,0.006306162067747494,,8.75129052516212e-06,2536.577812194824,0.0,False,False,,nonpositive_total_gain,,-200.94619093113846,0.970703125,False,False
confirm-M-w256-d57163-s801-g04-random,5,M,256,57163,801,random,False,1626.5394243001938,3.176834813086316,1626.5394243001938,-0.0,1626.5394243001938,0.0,1.0,0.011340316794053076,2.0502704773383795e-05,,False,False,1.0275592408071077e-06,,nonpositive_total_gain,,-250.75905813649297,1.0,False,False,0.011352965244401582,,2.7290902814168427e-05,2605.6921377182007,0.0,False,False,0.008113236024627948,,9.404333876067118e-06,2524.685212612152,0.0,False,False,0.009755996145057354,,1.6429443844055454e-05,2565.1886751651764,0.0,False,False,,nonpositive_total_gain,,-136.90169487172074,0.87890625,False,False
confirm-M-w256-d57163-s801-g04-random,10,M,256,57163,801,random,False,1762.5890538692474,3.442556745838374,1762.5890538692474,-0.0,1762.5890538692474,0.0,1.0,0.02203697408224002,3.475432864379173e-05,,False,False,1.126900315284729e-06,,nonpositive_total_gain,,-64.42430570349097,1.0,False,False,0.02593387421914025,,5.598177682771204e-05,2721.466168642044,0.001953125,False,False,0.014649601163695587,,1.6602488295477424e-05,2630.7253123521805,0.0,False,False,0.020372868447236146,,3.2903892047877175e-05,2676.0957404971123,0.0,False,False,,nonpositive_total_gain,,-0.8520664947599279,0.537109375,False,False
confirm-M-w256-d57163-s801-g04-random,20,M,256,57163,801,random,False,1841.890055179596,3.5974415140226483,1841.890055179596,-0.0,1841.890055179596,0.0,1.0,0.08346051350314346,0.000102633823269466,,False,False,1.250455777146442e-06,,nonpositive_total_gain,,-27.675273409113288,1.0,False,False,0.08726249569786303,,8.275163794997054e-05,2904.564397595823,0.001953125,False,False,0.07687968633014916,,0.0001272958461403284,2648.781056828797,0.0,False,False,0.08231416578089631,,9.937015173161793e-05,2776.67272721231,0.0,False,False,3.302342217942384,,0.6701829731950271,78.44893543398675,0.46875,False,False
confirm-M-w256-d57163-s801-g04-random,30,M,256,57163,801,random,False,1987.1164491176605,3.8810868146829307,1987.1164491176605,-0.0,1987.1164491176605,0.0,1.0,0.1310245851300556,3.273130706111569e-05,,False,False,1.0778506593922543e-06,,nonpositive_total_gain,,-11.66972679598257,0.982421875,False,False,0.10410940913393471,,2.7970407648446728e-05,3180.8969042990357,0.001953125,False,False,0.16043659995363146,,4.200616108000633e-05,2792.1221821475774,0.0,False,False,0.13020563953617498,,3.2392813588797845e-05,2986.5095432233065,0.0,False,False,1.4090839193887637,,0.1403015783979884,223.6753271685421,0.408203125,False,False
confirm-M-w256-d57163-s801-g04-uniform,1,M,256,57163,801,uniform,False,1479.9648191928864,2.890556287486106,1479.9648191928864,-0.0,1479.9648191928864,0.0,1.0,,,constant_weights,False,False,9.480863809585571e-07,,constant_weights,,-695.6553338356316,1.0,False,False,,constant_weights,,2564.6948747634888,0.0,False,False,,constant_weights,,2570.8549239635468,0.0,False,False,,constant_weights,,2567.7748993635178,0.0,False,False,,constant_weights,,-283.4763006942839,1.0,False,False
confirm-M-w256-d57163-s801-g04-uniform,3,M,256,57163,801,uniform,False,1620.0102579593658,3.1640825350768864,1620.0102579593658,-0.0,1620.0102579593658,0.0,1.0,,,constant_weights,False,False,1.0672956705093384e-06,,constant_weights,,-328.685784060508,1.0,False,False,,constant_weights,,2634.605874657631,0.0,False,False,,constant_weights,,2554.1106840372086,0.0,False,False,,constant_weights,,2594.3582793474197,0.0,False,False,,constant_weights,,-143.43086288147873,0.955078125,False,False
confirm-M-w256-d57163-s801-g04-uniform,5,M,256,57163,801,uniform,False,1748.6632651090622,3.415357939666137,1748.6632651090622,-0.0,1748.6632651090622,0.0,1.0,,,constant_weights,False,False,1.1352822184562683e-06,,constant_weights,,-88.59525994956493,1.0,False,False,,constant_weights,,2683.405561208725,0.0,False,False,,constant_weights,,2651.1794946193695,0.0,False,False,,constant_weights,,2667.2925279140472,0.0,False,False,,constant_weights,,-14.777857639130957,0.623046875,False,False
confirm-M-w256-d57163-s801-g04-uniform,10,M,256,57163,801,uniform,False,1876.0237492322922,3.6641088852193207,1876.0237492322922,-0.0,1876.0237492322922,0.0,1.0,,,constant_weights,False,False,1.146458089351654e-06,,constant_weights,,-13.722434774041176,1.0,False,False,,constant_weights,,2944.8927907943726,0.001953125,False,False,,constant_weights,,2696.900910615921,0.0,False,False,,constant_weights,,2820.896850705147,0.0,False,False,,constant_weights,,112.58263161009843,0.05078125,False,False
confirm-M-w256-d57163-s801-g04-uniform,20,M,256,57163,801,uniform,False,2172.4395592212677,4.2430460141040385,2172.4395592212677,-0.0,2172.4395592212677,0.0,1.0,,,constant_weights,False,False,1.0815759496907162e-06,,constant_weights,,-9.770225900225341,1.0,False,False,,constant_weights,,3755.7970525957644,0.0,False,False,,constant_weights,,2771.2918548583984,0.0,False,False,,constant_weights,,3263.5444537270814,0.0,False,False,,constant_weights,,408.9984365922838,0.0,False,False
confirm-M-w256-d57163-s801-g04-uniform,30,M,256,57163,801,uniform,False,2445.0907888412476,4.775567946955562,2445.0907888412476,-0.0,2445.0907888412476,0.0,1.0,,,constant_weights,False,False,1.0145207243184018e-06,,constant_weights,,-3.1801536926068366,0.8984375,False,False,,constant_weights,,3983.240799437277,0.0,False,False,,constant_weights,,3355.2117261886597,0.0,False,False,,constant_weights,,3669.2262628129683,0.0,False,False,,constant_weights,,681.6496678141386,0.0,False,False
confirm-M-w256-d57163-s801-g05-random,1,M,256,57163,801,random,False,1458.0764256715775,2.8478055188897997,1458.0764256715775,-0.0,1458.0764256715775,0.0,1.0,0.0,7.24263521493987e-06,,True,False,1.1349717774500334e-06,,nonpositive_total_gain,,-777.8525816388428,1.0,False,False,0.0011733040283255,,1.1133859577756193e-05,2562.2107523679733,0.0,False,False,0.0,,3.2017581858145973e-06,2589.8711199760437,0.0,True,False,0.0,,4.7051072731674225e-06,2576.0409361720085,0.0,True,False,,nonpositive_total_gain,,-305.3646942155928,1.0,False,False
confirm-M-w256-d57163-s801-g05-random,3,M,256,57163,801,random,False,1562.1422411203384,3.051059064688161,1562.1422411203384,-0.0,1562.1422411203384,0.0,1.0,0.007306465283841858,1.2019649762199877e-05,,False,False,1.2262413897623503e-06,,nonpositive_total_gain,,-386.0725939311087,1.0,False,False,0.007177462062407927,,1.7847338365622488e-05,2573.8571076393127,0.0,False,False,0.0054053435186908715,,4.042368447011608e-06,2498.6422193050385,0.0,False,False,0.006303081067678571,,8.758680379850399e-06,2536.2496634721756,0.0,False,False,,nonpositive_total_gain,,-201.298880078134,0.970703125,False,False
confirm-M-w256-d57163-s801-g05-random,5,M,256,57163,801,random,False,1626.2530094385147,3.176275409059599,1626.2530094385147,-0.0,1626.2530094385147,0.0,1.0,0.011229986920997467,2.0277635992887853e-05,,False,False,1.0275592408071077e-06,,nonpositive_total_gain,,-253.36222215369344,1.0,False,False,0.01124543423261911,,2.7116569638799024e-05,2606.1140797138214,0.0,False,False,0.007980208447628284,,9.331474987156538e-06,2526.0071749687195,0.0,False,False,0.009635613114446433,,1.6315286466755277e-05,2566.0606273412704,0.0,False,False,,nonpositive_total_gain,,-137.18811056786484,0.87890625,False,False
confirm-M-w256-d57163-s801-g05-random,10,M,256,57163,801,random,False,1760.7130715847015,3.43889271793887,1760.7130715847015,-0.0,1760.7130715847015,0.0,1.0,0.0211548904937702,3.345805197775884e-05,,False,False,1.0853012404332674e-06,,nonpositive_total_gain,,-71.77454468607903,1.0,False,False,0.02466812947503836,,5.342818788160224e-05,2721.82769459486,0.001953125,False,False,0.013966896918178165,,1.5914667696664665e-05,2632.0860452651978,0.0,False,False,0.019393878614339485,,3.1422487600920013e-05,2676.956869930029,0.0,False,False,,nonpositive_total_gain,,-2.7280516999334203,0.544921875,False,False
confirm-M-w256-d57163-s801-g05-random,20,M,256,57163,801,random,False,1838.376115679741,3.590578350936994,1838.376115679741,-0.0,1838.376115679741,0.0,1.0,0.07799781491304077,0.00010594120639741482,,False,False,1.0194877786418033e-06,,nonpositive_total_gain,,-32.032462660223246,1.0,False,False,0.08218967843042706,,8.807098169103066e-05,2893.0036694034934,0.001953125,False,False,0.07091565598197043,,0.00012544935315363684,2654.157151147723,0.0,False,False,0.07679766421779914,,0.00010236167072961415,2773.5804102756083,0.0,False,False,3.3343606227059133,,0.6273156507318378,74.93499594903287,0.474609375,False,False
confirm-M-w256-d57163-s801-g05-random,30,M,256,57163,801,random,False,1967.8806660175323,3.843516925815493,1967.8806660175323,-0.0,1967.8806660175323,0.0,1.0,0.1245803684252319,3.625542967680521e-05,,False,False,9.76646939765402e-07,,nonpositive_total_gain,,-18.444353200495243,1.0,False,False,0.1034808891306043,,3.215090595946232e-05,3133.642850589007,0.001953125,False,False,0.14638793271200173,,4.3031788889494517e-05,2788.4435149766505,0.0,False,False,0.12353491485912754,,3.584757043542177e-05,2961.043182782829,0.0,False,False,1.5145116950126956,,0.1473719890213081,204.43954561068412,0.419921875,False,False
confirm-M-w256-d57163-s801-g05-uniform,1,M,256,57163,801,uniform,False,1479.8974814414978,2.8904247684404254,1479.8974814414978,-0.0,1479.8974814414978,0.0,1.0,,,constant_weights,False,False,1.0275592408071077e-06,,constant_weights,,-695.600390214473,1.0,False,False,,constant_weights,,2564.5795550346375,0.0,False,False,,constant_weights,,2570.7132778167725,0.0,False,False,,constant_weights,,2567.646416425705,0.0,False,False,,constant_weights,,-283.54363844567246,1.0,False,False
confirm-M-w256-d57163-s801-g05-uniform,3,M,256,57163,801,uniform,False,1619.6548837423325,3.163388444809243,1619.6548837423325,-0.0,1619.6548837423325,0.0,1.0,,,constant_weights,False,False,1.0952353477478027e-06,,constant_weights,,-328.7439860291779,1.0,False,False,,constant_weights,,2634.2018345594406,0.0,False,False,,constant_weights,,2553.506807208061,0.0,False,False,,constant_weights,,2593.854320883751,0.0,False,False,,constant_weights,,-143.78623519116348,0.955078125,False,False
confirm-M-w256-d57163-s801-g05-uniform,5,M,256,57163,801,uniform,False,1746.602284193039,3.411332586314529,1746.602284193039,-0.0,1746.602284193039,0.0,1.0,,,constant_weights,False,False,9.440506496538603e-07,,constant_weights,,-92.11670859530568,1.0,False,False,,constant_weights,,2681.878101706505,0.0,False,False,,constant_weights,,2650.0454626083374,0.0,False,False,,constant_weights,,2665.961782157421,0.0,False,False,,constant_weights,,-16.838836767014868,0.63671875,False,False
confirm-M-w256-d57163-s801-g05-uniform,10,M,256,57163,801,uniform,False,1872.5420070886612,3.6573086075950414,1872.5420070886612,-0.0,1872.5420070886612,0.0,1.0,,,constant_weights,False,False,1.216307282447815e-06,,constant_weights,,-15.56638339906931,1.0,False,False,,constant_weights,,2937.304824948311,0.001953125,False,False,,constant_weights,,2695.8875901699066,0.0,False,False,,constant_weights,,2816.5962075591087,0.0,False,False,,constant_weights,,109.10088672465379,0.0546875,False,False
confirm-M-w256-d57163-s801-g05-uniform,20,M,256,57163,801,uniform,False,2146.6644117832184,4.192703929264098,2146.6644117832184,-0.0,2146.6644117832184,0.0,1.0,,,constant_weights,False,False,1.0977188749095035e-06,,constant_weights,,-11.715133165940642,1.0,False,False,,constant_weights,,3686.4090328514576,0.0,False,False,,constant_weights,,2765.2993515729904,0.0,False,False,,constant_weights,,3225.854192212224,0.0,False,False,,constant_weights,,383.2232927901178,0.0,False,False
confirm-M-w256-d57163-s801-g05-uniform,30,M,256,57163,801,uniform,False,2406.533786535263,4.700261301826686,2406.533786535263,-0.0,2406.533786535263,0.0,1.0,,,constant_weights,False,False,1.2492140131215024e-06,,constant_weights,,-6.224337871186435,1.0,False,False,,constant_weights,,3973.512980883941,0.0,False,False,,constant_weights,,3252.3127249628305,0.0,False,False,,constant_weights,,3612.912852923386,0.0,False,False,,constant_weights,,643.0926665139825,0.0,False,False
confirm-M-w256-d57163-s802-g04-random,1,M,256,57163,802,random,False,1473.6294462680817,2.878182512242347,1473.6294462680817,-0.0,1473.6294462680817,0.0,1.0,0.002067802397966393,4.811261532652809e-06,,False,False,1.0478931167234862e-06,,nonpositive_total_gain,,-809.2036874247715,1.0,False,False,0.00209967716346626,,7.062899374007708e-06,2597.2599897384644,0.0,False,False,0.00044501502152798674,,2.8856303110933057e-06,2632.8320376873016,0.0,True,False,0.0012674180058092279,,3.6181525580447365e-06,2615.046013712883,0.0,False,False,,nonpositive_total_gain,,-313.1384863632292,1.0,False,False
confirm-M-w256-d57163-s802-g04-random,3,M,256,57163,802,random,False,1587.1911268234253,3.0999826695770025,1587.1911268234253,-0.0,1587.1911268234253,0.0,1.0,0.008794709970147752,3.1599276784781415e-06,,False,False,9.91237660397104e-07,,nonpositive_total_gain,,-411.5648301942274,1.0,False,False,0.0071418032716136295,,4.041796131468532e-06,2629.009713292122,0.0,False,False,0.0064034784572277546,,3.3329362373536654e-06,2544.1284856796265,0.0,False,False,0.006779019825427826,,2.3881199402550136e-06,2586.569099485874,0.0,False,False,,nonpositive_total_gain,,-199.5768067615599,0.96875,False,False
confirm-M-w256-d57163-s802-g04-random,5,M,256,57163,802,random,False,1662.427459359169,3.246928631560877,1662.427459359169,-0.0,1662.427459359169,0.0,1.0,0.011640718768750776,5.424741061339352e-06,,False,False,9.853392839431763e-07,,nonpositive_total_gain,,-259.5685518262908,1.0,False,False,0.010205952370365291,,4.749783605997784e-06,2664.0002987384796,0.0,False,False,0.009273030779889547,,5.692441533201189e-06,2582.850630760193,0.0,False,False,0.009747166188813966,,3.702062989267327e-06,2623.4254647493362,0.0,False,False,,nonpositive_total_gain,,-124.34047267609543,0.861328125,False,False
confirm-M-w256-d57163-s802-g04-random,10,M,256,57163,802,random,False,1796.4240280389786,3.50864067976363,1796.4240280389786,-0.0,1796.4240280389786,0.0,1.0,0.026444023904947926,1.7791837226553943e-05,,False,False,9.733873107542479e-07,,nonpositive_total_gain,,-43.858085562475026,1.0,False,False,0.03140329599848214,,1.9909485788426685e-05,2771.357521235943,0.0,False,False,0.01984202061581651,,1.583838142217131e-05,2661.7726508378983,0.0,False,False,0.025735006816028166,,1.6771177863524774e-05,2716.5650860369205,0.0,False,False,8.0,,8.593197730866786,9.656096242132767,0.51171875,False,True
confirm-M-w256-d57163-s802-g04-random,20,M,256,57163,802,random,False,1852.4753198623657,3.618115859106183,1852.4753198623657,-0.0,1852.4753198623657,0.0,1.0,0.09075046382723193,7.975486612756113e-05,,False,False,9.909272193908691e-07,,nonpositive_total_gain,,-27.837781603448093,1.0,False,False,0.08971659925049721,,6.368012918781087e-05,2910.901869416237,0.001953125,False,False,0.08948316491986495,,9.805936439711775e-05,2674.361872524023,0.001953125,False,False,0.08960497679379854,,7.73135687641192e-05,2792.63187097013,0.0,False,False,5.471110368972673,,1.4680940333013,65.7073827309042,0.55078125,False,False
confirm-M-w256-d57163-s802-g04-random,30,M,256,57163,802,random,False,2029.9310204982758,3.964709024410695,2029.9310204982758,-0.0,2029.9310204982758,0.0,1.0,0.1312503393633045,4.359117753909593e-05,,False,False,8.963979780673981e-07,,nonpositive_total_gain,,-11.656763647682965,0.986328125,False,False,0.10407524592804548,,4.566606711151692e-05,3238.2983570471406,0.001953125,False,False,0.16134846001840863,,6.6135016407042e-05,2863.1514574792236,0.001953125,False,False,0.13058019972371426,,4.3207523111068854e-05,3050.724907263182,0.0,False,False,1.4382627594404198,,0.12201497210917585,243.16308476379808,0.41015625,False,False
confirm-M-w256-d57163-s802-g04-uniform,1,M,256,57163,802,uniform,False,1510.607290506363,2.95040486427024,1510.607290506363,-0.0,1510.607290506363,0.0,1.0,,,constant_weights,False,False,8.742014565576994e-07,,constant_weights,,-669.3780406070873,1.0,False,False,,constant_weights,,2595.575158596039,0.0,False,False,,constant_weights,,2605.624751329422,0.0,False,False,,constant_weights,,2600.5999549627304,0.0,False,False,,constant_weights,,-276.16064224415726,0.998046875,False,False
confirm-M-w256-d57163-s802-g04-uniform,3,M,256,57163,802,uniform,False,1641.041470527649,3.2051591221243143,1641.041470527649,-0.0,1641.041470527649,0.0,1.0,,,constant_weights,False,False,9.733873107542479e-07,,constant_weights,,-330.74666848313063,1.0,False,False,,constant_weights,,2676.610901117325,0.0,False,False,,constant_weights,,2577.2601823806763,0.0,False,False,,constant_weights,,2626.9355417490005,0.0,False,False,,constant_weights,,-145.72646222287125,0.953125,False,False
confirm-M-w256-d57163-s802-g04-uniform,5,M,256,57163,802,uniform,False,1770.9242535829544,3.458836432779208,1770.9242535829544,-0.0,1770.9242535829544,0.0,1.0,,,constant_weights,False,False,1.0707105198015654e-06,,constant_weights,,-74.40177821461111,1.0,False,False,,constant_weights,,2716.6714446544647,0.0,False,False,,constant_weights,,2670.5030941963196,0.0,False,False,,constant_weights,,2693.587269425392,0.0,False,False,,constant_weights,,-15.84367940598429,0.625,False,False
confirm-M-w256-d57163-s802-g04-uniform,10,M,256,57163,802,uniform,False,1904.8556249141693,3.720421142410487,1904.8556249141693,-0.0,1904.8556249141693,0.0,1.0,,,constant_weights,False,False,9.952733912577116e-07,,constant_weights,,-11.953136070631444,1.0,False,False,,constant_weights,,2999.6181070804596,0.0,False,False,,constant_weights,,2726.901899576187,0.0,False,False,,constant_weights,,2863.2600033283234,0.0,False,False,,constant_weights,,118.0876927596956,0.044921875,False,False
confirm-M-w256-d57163-s802-g04-uniform,20,M,256,57163,802,uniform,False,2195.753396511078,4.288580852560699,2195.753396511078,-0.0,2195.753396511078,0.0,1.0,,,constant_weights,False,False,1.1205362779875827e-06,,constant_weights,,-6.585191022604704,1.0,False,False,,constant_weights,,3780.031641870737,0.0,False,False,,constant_weights,,2813.8137378692627,0.0,False,False,,constant_weights,,3296.92268987,0.0,False,False,,constant_weights,,408.9854635221391,0.0,False,False
confirm-M-w256-d57163-s802-g04-uniform,30,M,256,57163,802,uniform,False,2491.80624628067,4.866809074766934,2491.80624628067,-0.0,2491.80624628067,0.0,1.0,,,constant_weights,False,False,9.785095853587222e-07,,constant_weights,,-3.313600359018892,0.9140625,False,False,,constant_weights,,4025.9262549933046,0.0,False,False,,constant_weights,,3452.806108981371,0.0,False,False,,constant_weights,,3739.3661819873378,0.0,False,False,,constant_weights,,705.0383227167162,0.0,False,False
confirm-M-w256-d57163-s802-g05-random,1,M,256,57163,802,random,False,1473.4524822235107,2.8778368793427944,1473.4524822235107,-0.0,1473.4524822235107,0.0,1.0,0.00206806293897292,4.8120017761027395e-06,,False,False,8.889473974704742e-07,,nonpositive_total_gain,,-809.4757395936176,1.0,False,False,0.002100195114209078,,7.064318004183892e-06,2597.14492893219,0.0,False,False,0.00044459398865686977,,2.8849348023870525e-06,2632.688244342804,0.0,True,False,0.0012674679167782813,,3.618186589092834e-06,2614.916586637497,0.0,False,False,,nonpositive_total_gain,,-313.31545040780014,1.0,False,False
confirm-M-w256-d57163-s802-g05-random,3,M,256,57163,802,random,False,1586.798412322998,3.0992156490683556,1586.798412322998,-0.0,1586.798412322998,0.0,1.0,0.008794429345687537,3.1609502334622645e-06,,False,False,8.690791823973143e-07,,nonpositive_total_gain,,-411.8769854856655,1.0,False,False,0.007141514118796816,,4.042305422421282e-06,2628.708107352257,0.0,False,False,0.006408078038523226,,3.3324815008907005e-06,2543.564110517502,0.0,False,False,0.006781151617927906,,2.390152463736236e-06,2586.1361089348793,0.0,False,False,,nonpositive_total_gain,,-199.9695195930571,0.96875,False,False
confirm-M-w256-d57163-s802-g05-random,5,M,256,57163,802,random,False,1661.4256321191788,3.244971937732771,1661.4256321191788,-0.0,1661.4256321191788,0.0,1.0,0.011624090063095064,5.398143893320144e-06,,False,False,1.0111058750261748e-06,,nonpositive_total_gain,,-260.50705901067704,1.0,False,False,0.0101951992399185,,4.74857940707035e-06,2662.8438519239426,0.0,False,False,0.009241526235059059,,5.678306353191217e-06,2581.9400963783264,0.0,False,False,0.009726186310481763,,3.7038838802717254e-06,2622.3919741511345,0.0,False,False,,nonpositive_total_gain,,-125.34230110817856,0.861328125,False,False
confirm-M-w256-d57163-s802-g05-random,10,M,256,57163,802,random,False,1795.209523677826,3.5062686009332538,1795.209523677826,-0.0,1795.209523677826,0.0,1.0,0.025413928258974344,1.6764952402989326e-05,,False,False,1.0554989176014828e-06,,nonpositive_total_gain,,-47.75227628555149,1.0,False,False,0.030059854460338868,,1.861547503624213e-05,2770.2441514730453,0.0,False,False,0.019097009041197696,,1.5069832053009495e-05,2663.1367005109787,0.0,False,False,0.02468307346439335,,1.573364822129883e-05,2716.690425992012,0.0,False,False,8.0,,10.744245764122761,8.441593311491594,0.509765625,False,True
confirm-M-w256-d57163-s802-g05-random,20,M,256,57163,802,random,False,1844.858982682228,3.6032402005512267,1844.858982682228,-0.0,1844.858982682228,0.0,1.0,0.08608898545033901,8.523774765509336e-05,,False,False,9.698172407368588e-07,,nonpositive_total_gain,,-32.23524596448988,1.0,False,False,0.08570309458066976,,7.09607219042605e-05,2895.937799990177,0.001953125,False,False,0.0840269274493067,,9.976348575282784e-05,2670.8743899166584,0.001953125,False,False,0.08489957488295902,,8.24029950031535e-05,2783.406094953418,0.0,False,False,6.132910443118054,,1.76355604583947,58.09105028188523,0.55078125,False,False
confirm-M-w256-d57163-s802-g05-random,30,M,256,57163,802,random,False,2010.6430406570435,3.927037188783288,2010.6430406570435,-0.0,2010.6430406570435,0.0,1.0,0.1258773534544836,2.650309037888574e-05,,False,False,1.0180907943357909e-06,,nonpositive_total_gain,,-16.61461871303618,1.0,False,False,0.10313338462705081,,2.1868700193489924e-05,3191.0458299331367,0.0,False,False,0.15018766104281434,,4.999615072703279e-05,2857.4978954251856,0.0,False,False,0.12509441895161144,,2.593562022632404e-05,3024.271862679161,0.0,False,False,1.5606247019617094,,0.1276965496829089,223.87510493746694,0.423828125,False,False
confirm-M-w256-d57163-s802-g05-uniform,1,M,256,57163,802,uniform,False,1510.5516620874405,2.950296215014532,1510.5516620874405,-0.0,1510.5516620874405,0.0,1.0,,,constant_weights,False,False,9.117648005485535e-07,,constant_weights,,-669.2594723654911,1.0,False,False,,constant_weights,,2595.4737037420273,0.0,False,False,,constant_weights,,2605.440754175186,0.0,False,False,,constant_weights,,2600.4572289586067,0.0,False,False,,constant_weights,,-276.2162706630797,0.998046875,False,False
confirm-M-w256-d57163-s802-g05-uniform,3,M,256,57163,802,uniform,False,1640.440927028656,3.2039861856028438,1640.440927028656,-0.0,1640.440927028656,0.0,1.0,,,constant_weights,False,False,9.695068001747131e-07,,constant_weights,,-331.5526853008196,1.0,False,False,,constant_weights,,2676.217659831047,0.0,False,False,,constant_weights,,2576.6578077077866,0.0,False,False,,constant_weights,,2626.437733769417,0.0,False,False,,constant_weights,,-146.32700464898056,0.953125,False,False
confirm-M-w256-d57163-s802-g05-uniform,5,M,256,57163,802,uniform,False,1768.5277663469315,3.4541557936463505,1768.5277663469315,-0.0,1768.5277663469315,0.0,1.0,,,constant_weights,False,False,1.018246015060953e-06,,constant_weights,,-78.04449809994549,1.0,False,False,,constant_weights,,2714.5301736593246,0.0,False,False,,constant_weights,,2669.097636461258,0.0,False,False,,constant_weights,,2691.8139050602913,0.0,False,False,,constant_weights,,-18.240162946519263,0.646484375,False,False
confirm-M-w256-d57163-s802-g05-uniform,10,M,256,57163,802,uniform,False,1901.1456010341644,3.7131750020198524,1901.1456010341644,-0.0,1901.1456010341644,0.0,1.0,,,constant_weights,False,False,9.853392839431763e-07,,constant_weights,,-13.851196131668985,1.0,False,False,,constant_weights,,2991.3454635739326,0.0,False,False,,constant_weights,,2725.9425179958344,0.0,False,False,,constant_weights,,2858.6439907848835,0.0,False,False,,constant_weights,,114.37766589945848,0.046875,False,False
confirm-M-w256-d57163-s802-g05-uniform,20,M,256,57163,802,uniform,False,2173.0153336524963,4.244170573540032,2173.0153336524963,-0.0,2173.0153336524963,0.0,1.0,,,constant_weights,False,False,9.099021553993225e-07,,constant_weights,,-9.409130332060158,1.0,False,False,,constant_weights,,3721.4162813946605,0.0,False,False,,constant_weights,,2807.03884100914,0.0,False,False,,constant_weights,,3264.2275612019002,0.0,False,False,,constant_weights,,386.24739833897644,0.0,False,False
confirm-M-w256-d57163-s802-g05-uniform,30,M,256,57163,802,uniform,False,2449.639259815216,4.784451679326594,2449.639259815216,-0.0,2449.639259815216,0.0,1.0,,,constant_weights,False,False,9.112991392612457e-07,,constant_weights,,-6.585690353997052,1.0,False,False,,constant_weights,,4013.1055388581008,0.0,False,False,,constant_weights,,3342.397919356823,0.0,False,False,,constant_weights,,3677.751729107462,0.0,False,False,,constant_weights,,662.871323086086,0.0,False,False
confirm-M-w256-d57163-s803-g04-random,1,M,256,57163,803,random,False,1465.4478642940521,2.8622028599493206,1465.4478642940521,-0.0,1465.4478642940521,0.0,1.0,0.0,1.982557703558898e-06,,True,False,1.16787850856781e-06,,nonpositive_total_gain,,-814.0301641509868,1.0,False,False,0.0,,1.0440280759952166e-05,2579.8948028087616,0.001953125,True,False,0.0015954498699572947,,1.660524042554763e-06,2630.4789369106293,0.0,False,False,0.0,,1.277849519976117e-06,2605.1868698596954,0.0,True,False,,nonpositive_total_gain,,-320.3459913509459,1.0,False,False
confirm-M-w256-d57163-s803-g04-random,3,M,256,57163,803,random,False,1566.8408889770508,3.0602361112833023,1566.8408889770508,-0.0,1566.8408889770508,0.0,1.0,0.008844179360579896,4.608549283856833e-06,,False,False,1.3665606579671419e-06,,nonpositive_total_gain,,-456.90003037313,1.0,False,False,0.003914612291282475,,6.064447287565544e-06,2605.5676872730255,0.0,False,False,0.010250889920966531,,5.2646779922857165e-06,2551.854987382889,0.0,False,False,0.007046517633987519,,2.521457154481105e-06,2578.711337327957,0.0,False,False,,nonpositive_total_gain,,-218.9529670255751,0.970703125,False,False
confirm-M-w256-d57163-s803-g04-random,5,M,256,57163,803,random,False,1619.37329351902,3.162838463904336,1619.37329351902,-0.0,1619.37329351902,0.0,1.0,0.013605829488639434,8.99248304568107e-06,,False,False,9.691963591684782e-07,,nonpositive_total_gain,,-383.98589454451576,1.0,False,False,0.006824939807365454,,7.97293102064355e-06,2652.010273694992,0.0,False,False,0.015173851505548935,,9.501543557807674e-06,2590.095478773117,0.0,False,False,0.010944585983223322,,5.071418288980594e-06,2621.0528762340546,0.0,False,False,,nonpositive_total_gain,,-166.42056403332657,0.916015625,False,False
confirm-M-w256-d57163-s803-g04-random,10,M,256,57163,803,random,False,1760.3134980201721,3.4381123008206487,1760.3134980201721,-0.0,1760.3134980201721,0.0,1.0,0.02620055838306854,2.179258502799399e-05,,False,False,9.940316281209505e-07,,nonpositive_total_gain,,-64.84404466906562,1.0,False,False,0.025831749173336804,,2.8337857037512102e-05,2697.2417518496513,0.0,False,False,0.023533753720676814,,1.799478925462542e-05,2648.542773246765,0.0,False,False,0.024693053625603298,,1.9814367897982156e-05,2672.8922625482082,0.0,False,False,,nonpositive_total_gain,,-25.480357028779405,0.59765625,False,False
confirm-M-w256-d57163-s803-g04-random,20,M,256,57163,803,random,False,1851.685335278511,3.616572920465842,1851.685335278511,-0.0,1851.685335278511,0.0,1.0,0.09095509591688979,8.340358527011909e-05,,False,False,9.927898645401e-07,,nonpositive_total_gain,,-23.996695131529123,1.0,False,False,0.08307407100744328,,5.144061670154266e-05,2918.206976264715,0.001953125,False,False,0.0974230680585298,,0.00012937893183787195,2660.8457218557596,0.0,False,False,0.0898868860864937,,8.246008560468063e-05,2789.5263490602374,0.0,False,False,4.540251003232159,,1.460575428565949,65.89148208475407,0.513671875,False,False
confirm-M-w256-d57163-s803-g04-random,30,M,256,57163,803,random,False,2047.8551406860352,3.9997170716524124,2047.8551406860352,-0.0,2047.8551406860352,0.0,1.0,0.11905941925241126,2.491818541007218e-05,,False,False,9.521221122632539e-07,,nonpositive_total_gain,,-11.03238055575639,0.98046875,False,False,0.08868033055051161,,1.557077285412784e-05,3254.2390230447054,0.001953125,False,False,0.15213326775207037,,5.528042248519717e-05,2900.3587826462463,0.001953125,False,False,0.11829942785966889,,2.4710669456303895e-05,3077.298902845476,0.0,False,False,1.1747252686401084,,0.06353335649340892,262.0612857730567,0.3984375,False,False
confirm-M-w256-d57163-s803-g04-uniform,1,M,256,57163,803,uniform,False,1505.5460376739502,2.940519604831934,1505.5460376739502,-0.0,1505.5460376739502,0.0,1.0,,,constant_weights,False,False,9.691963591684782e-07,,constant_weights,,-700.6062149093486,1.0,False,False,,constant_weights,,2594.9397369623184,0.0,False,False,,constant_weights,,2622.304580450058,0.0,False,False,,constant_weights,,2608.622158706188,0.0,False,False,,constant_weights,,-280.2478179710478,1.0,False,False
confirm-M-w256-d57163-s803-g04-uniform,3,M,256,57163,803,uniform,False,1622.0823057889938,3.1681295034941286,1622.0823057889938,-0.0,1622.0823057889938,0.0,1.0,,,constant_weights,False,False,9.691963591684782e-07,,constant_weights,,-404.3582889200188,1.0,False,False,,constant_weights,,2673.165293931961,0.0,False,False,,constant_weights,,2597.4399194717407,0.0,False,False,,constant_weights,,2635.302606701851,0.0,False,False,,constant_weights,,-163.71154937916702,0.96875,False,False
confirm-M-w256-d57163-s803-g04-uniform,5,M,256,57163,803,uniform,False,1754.3145699501038,3.4263956444337964,1754.3145699501038,-0.0,1754.3145699501038,0.0,1.0,,,constant_weights,False,False,1.098339756477884e-06,,constant_weights,,-101.58556749904528,1.0,False,False,,constant_weights,,2693.959284901619,0.0,False,False,,constant_weights,,2670.5699677467346,0.0,False,False,,constant_weights,,2682.264626324177,0.0,False,False,,constant_weights,,-31.47928629094065,0.705078125,False,False
confirm-M-w256-d57163-s803-g04-uniform,10,M,256,57163,803,uniform,False,1895.3609957695007,3.701876944862306,1895.3609957695007,-0.0,1895.3609957695007,0.0,1.0,,,constant_weights,False,False,9.691963591684782e-07,,constant_weights,,-13.701216146815568,1.0,False,False,,constant_weights,,2962.1986956596375,0.001953125,False,False,,constant_weights,,2737.585489988327,0.0,False,False,,constant_weights,,2849.8920928239822,0.0,False,False,,constant_weights,,109.56713976687486,0.044921875,False,False
confirm-M-w256-d57163-s803-g04-uniform,20,M,256,57163,803,uniform,False,2173.5830948352814,4.245279482100159,2173.5830948352814,-0.0,2173.5830948352814,0.0,1.0,,,constant_weights,False,False,9.428088860730099e-07,,constant_weights,,-8.657087777275592,1.0,False,False,,constant_weights,,3714.3427425026894,0.0,False,False,,constant_weights,,2815.063620567322,0.0,False,False,,constant_weights,,3264.7031815350056,0.0,False,False,,constant_weights,,387.7892391306787,0.0,False,False
confirm-M-w256-d57163-s803-g04-uniform,30,M,256,57163,803,uniform,False,2510.002640724182,4.902348907664418,2510.002640724182,-0.0,2510.002640724182,0.0,1.0,,,constant_weights,False,False,9.142483277102542e-07,,constant_weights,,-3.915372993797064,0.953125,False,False,,constant_weights,,4020.1077594719827,0.0,False,False,,constant_weights,,3513.815531760454,0.0,False,False,,constant_weights,,3766.9616456162184,0.0,False,False,,constant_weights,,724.2087869530054,0.0,False,False
confirm-M-w256-d57163-s803-g05-random,1,M,256,57163,803,random,False,1465.2996654510498,2.8619134090840816,1465.2996654510498,-0.0,1465.2996654510498,0.0,1.0,0.0,1.982316549714424e-06,,True,False,1.0013269879927122e-06,,nonpositive_total_gain,,-814.2515645311214,1.0,False,False,0.0,,1.0444550227147231e-05,2579.7969291210175,0.001953125,True,False,0.001596806758375137,,1.6611920693440409e-06,2630.353615760803,0.0,False,False,0.0,,1.2781510811712953e-06,2605.0752724409103,0.0,True,False,,nonpositive_total_gain,,-320.4941901939482,1.0,False,False
confirm-M-w256-d57163-s803-g05-random,3,M,256,57163,803,random,False,1566.4871553182602,3.059545225230977,1566.4871553182602,-0.0,1566.4871553182602,0.0,1.0,0.00884906665868328,4.616653006320395e-06,,False,False,1.1281420788655794e-06,,nonpositive_total_gain,,-457.4412458972074,1.0,False,False,0.003919701553801487,,6.067911661525799e-06,2605.4704711437225,0.0,False,False,0.010262820039067956,,5.275323776324061e-06,2551.432232737541,0.0,False,False,0.007054782200934511,,2.529425901081297e-06,2578.451351940632,0.0,False,False,,nonpositive_total_gain,,-219.30670044594711,0.970703125,False,False
confirm-M-w256-d57163-s803-g05-random,5,M,256,57163,803,random,False,1618.5341057777405,3.1611994253471494,1618.5341057777405,-0.0,1618.5341057777405,0.0,1.0,0.01353380316228624,8.938670527895735e-06,,False,False,1.0486692190170288e-06,,nonpositive_total_gain,,-385.7593619362451,1.0,False,False,0.006761758865515565,,7.931245717733101e-06,2651.581795692444,0.0,False,False,0.01512069418926908,,9.455553778898746e-06,2589.7798677682877,0.0,False,False,0.010886430187748253,,5.034979825016292e-06,2620.6808317303658,0.0,False,False,,nonpositive_total_gain,,-167.25974962883896,0.916015625,False,False
confirm-M-w256-d57163-s803-g05-random,10,M,256,57163,803,random,False,1758.116136431694,3.4338205789681524,1758.116136431694,-0.0,1758.116136431694,0.0,1.0,0.025269458875104504,2.0732626877570386e-05,,False,False,9.28839047897867e-07,,nonpositive_total_gain,,-70.18040796229616,1.0,False,False,0.02462665970503787,,2.688973711530143e-05,2695.2361377477646,0.0,False,False,0.022806476315855313,,1.7089721357327738e-05,2649.2926815748215,0.0,False,False,0.023724297999561716,,1.863883484899056e-05,2672.264409661293,0.0,False,False,,nonpositive_total_gain,,-27.677715875443834,0.607421875,False,False
confirm-M-w256-d57163-s803-g05-random,20,M,256,57163,803,random,False,1846.0139479637146,3.60549599211663,1846.0139479637146,-0.0,1846.0139479637146,0.0,1.0,0.08644781846024693,8.700215367307766e-05,,False,False,9.943420686830962e-07,,nonpositive_total_gain,,-27.795290403533727,1.0,False,False,0.07975028372741408,,5.689555148638448e-05,2903.0182215720415,0.001953125,False,False,0.09143572193714956,,0.00012912079698599137,2662.8188731968403,0.0,False,False,0.08531894375853986,,8.584870226178346e-05,2782.918547384441,0.0,False,False,4.845487455857543,,1.619896936656767,60.22008857852514,0.517578125,False,False
confirm-M-w256-d57163-s803-g05-random,30,M,256,57163,803,random,False,2030.1660307645798,3.96516802883707,2030.1660307645798,-0.0,2030.1660307645798,0.0,1.0,0.11566586259624627,1.971650542464212e-05,,False,False,9.98377799987793e-07,,nonpositive_total_gain,,-14.324784046504647,1.0,False,False,0.08894952226915694,,8.88012242969874e-06,3211.2536853384227,0.001953125,False,False,0.14389475686602832,,4.784638362955681e-05,2893.569170691073,0.0,False,False,0.11476599386409703,,2.001739162486547e-05,3052.411428014748,0.0,False,False,1.2556029204214973,,0.06711197269859442,244.37217325134867,0.40234375,False,False
confirm-M-w256-d57163-s803-g05-uniform,1,M,256,57163,803,uniform,False,1505.4675937891006,2.940366394119337,1505.4675937891006,-0.0,1505.4675937891006,0.0,1.0,,,constant_weights,False,False,1.0486692190170288e-06,,constant_weights,,-700.4761773631908,1.0,False,False,,constant_weights,,2594.7946128845215,0.0,False,False,,constant_weights,,2622.084335565567,0.0,False,False,,constant_weights,,2608.4394742250443,0.0,False,False,,constant_weights,,-280.32626185589737,1.0,False,False
confirm-M-w256-d57163-s803-g05-uniform,3,M,256,57163,803,uniform,False,1621.6193680763245,3.167225328274071,1621.6193680763245,-0.0,1621.6193680763245,0.0,1.0,,,constant_weights,False,False,1.2076149382700407e-06,,constant_weights,,-405.672621330712,1.0,False,False,,constant_weights,,2673.1471766233444,0.0,False,False,,constant_weights,,2597.3835376501083,0.0,False,False,,constant_weights,,2635.2653571367264,0.0,False,False,,constant_weights,,-164.17448733025498,0.96875,False,False
confirm-M-w256-d57163-s803-g05-uniform,5,M,256,57163,803,uniform,False,1751.9733268022537,3.421822903910652,1751.9733268022537,-0.0,1751.9733268022537,0.0,1.0,,,constant_weights,False,False,1.0039657354354858e-06,,constant_weights,,-105.25704881036654,1.0,False,False,,constant_weights,,2692.0626134872437,0.0,False,False,,constant_weights,,2669.1144003868103,0.0,False,False,,constant_weights,,2680.588506937027,0.0,False,False,,constant_weights,,-33.820527293023474,0.71875,False,False
confirm-M-w256-d57163-s803-g05-uniform,10,M,256,57163,803,uniform,False,1892.1171008348465,3.6955412125680596,1892.1171008348465,-0.0,1892.1171008348465,0.0,1.0,,,constant_weights,False,False,1.085922122001648e-06,,constant_weights,,-15.333885400090367,1.0,False,False,,constant_weights,,2954.9173119068146,0.001953125,False,False,,constant_weights,,2736.767860889435,0.0,False,False,,constant_weights,,2845.8425863981247,0.0,False,False,,constant_weights,,106.3232439977556,0.046875,False,False
confirm-M-w256-d57163-s803-g05-uniform,20,M,256,57163,803,uniform,False,2149.812127828598,4.1988518121652305,2149.812127828598,-0.0,2149.812127828598,0.0,1.0,,,constant_weights,False,False,9.142483277102542e-07,,constant_weights,,-11.28943382250145,1.0,False,False,,constant_weights,,3652.1959350705147,0.0,False,False,,constant_weights,,2808.529878616333,0.0,False,False,,constant_weights,,3230.362906843424,0.0,False,False,,constant_weights,,364.01827492541366,0.0,False,False
confirm-M-w256-d57163-s803-g05-uniform,30,M,256,57163,803,uniform,False,2468.7160835266113,4.821711100637913,2468.7160835266113,-0.0,2468.7160835266113,0.0,1.0,,,constant_weights,False,False,1.0545675950268674e-06,,constant_weights,,-7.0450073457323015,1.0,False,False,,constant_weights,,4009.442838197574,0.0,False,False,,constant_weights,,3403.750423461199,0.0,False,False,,constant_weights,,3706.5966308293864,0.0,False,False,,constant_weights,,682.9222319943341,0.0,False,False
confirm-M-w64-d52919-s801-g04-random,1,M,64,52919,801,random,False,364.7964414358139,0.712493049679324,364.8523052930832,0.05586385726928711,364.9081691503525,0.001953125,0.9996938196401612,0.02190970282601898,1.0704831647600374e-05,,False,False,6.159146627160439e-07,,nonpositive_total_gain,,-439.19480487704277,1.0,False,False,0.011779311503402352,,4.872374163081833e-06,789.1915966272354,0.001953125,False,False,0.018420875023844138,,1.0335674692623602e-05,744.3925323486328,0.005859375,False,False,0.015003544156614233,,4.888282976822416e-06,766.7920644879341,0.0,False,False,,nonpositive_total_gain,,-280.98170206719345,0.998046875,False,False
confirm-M-w64-d52919-s801-g04-random,3,M,64,52919,801,random,False,394.19552409648895,0.769913133000955,394.19552409648895,-0.0,394.19552409648895,0.0,1.0,0.029988157546409794,2.4066723193690964e-05,,False,False,5.563100179406533e-07,,nonpositive_total_gain,,-352.0409847199917,1.0,False,False,0.018436353930056035,,1.0383080811168103e-05,818.8246624469757,0.0,False,False,0.026194519073111176,,2.035844503578654e-05,715.8028913736343,0.005859375,False,False,0.02205165740056183,,1.3249205141328835e-05,767.313776910305,0.0,False,False,,nonpositive_total_gain,,-251.5826194065184,0.99609375,False,False
confirm-M-w64-d52919-s801-g04-random,5,M,64,52919,801,random,False,410.31341898441315,0.8013933964539319,410.31341898441315,-0.0,410.31341898441315,0.0,1.0,0.037364653953678856,3.851487354012454e-05,,False,False,5.563100179406533e-07,,nonpositive_total_gain,,-350.66339710354805,1.0,False,False,0.02167691805294695,,1.4992339864725423e-05,863.1436643600464,0.001953125,False,False,0.03429862954435671,,3.4812474053541245e-05,718.459969997406,0.0078125,False,False,0.027400286673679372,,2.152522226271603e-05,790.8018171787262,0.0,False,False,,nonpositive_total_gain,,-235.4647245185942,0.9921875,False,False
confirm-M-w64-d52919-s801-g04-random,10,M,64,52919,801,random,False,451.39981269836426,0.8816402591764927,451.39981269836426,-0.0,451.39981269836426,0.0,1.0,0.04457541853452436,5.543623267450917e-05,,False,False,6.059805551794639e-07,,nonpositive_total_gain,,-287.37557473778725,1.0,False,False,0.026961790867407485,,1.892095555782272e-05,905.1681663990021,0.001953125,False,False,0.04514954035629343,,5.849971741826783e-05,736.4068442583084,0.0078125,False,False,0.0350957527828603,,3.238511299416972e-05,820.7875053286552,0.0,False,False,,nonpositive_total_gain,,-194.3783308046431,0.96875,False,False
confirm-M-w64-d52919-s801-g04-random,20,M,64,52919,801,random,False,506.2112729549408,0.9886938924901187,506.2112729549408,-0.0,506.2112729549408,0.0,1.0,0.04590353314998162,5.052333602880989e-05,,False,False,6.556510925292969e-07,,nonpositive_total_gain,,-218.79036739468575,1.0,False,False,0.028376998456074824,,2.3806763308807402e-05,939.4313833713531,0.001953125,False,False,0.04457027161829587,,4.959681181225917e-05,797.9927974939346,0.009765625,False,False,0.03579982287269991,,3.256763147016688e-05,868.7120904326439,0.0,False,False,,nonpositive_total_gain,,-139.56687054806656,0.93359375,False,False
confirm-M-w64-d52919-s801-g04-random,30,M,64,52919,801,random,False,549.3843084573746,1.0730162274558097,549.3843084573746,-0.0,549.3843084573746,0.0,1.0,0.05666092523973827,5.1631306407507874e-05,,False,False,6.159146626050216e-07,,nonpositive_total_gain,,-126.73582258820534,1.0,False,False,0.037389859191460345,,3.239883293514392e-05,957.4072097539902,0.00390625,False,False,0.05184845225545588,,5.5688884637331406e-05,817.4815230369568,0.01171875,False,False,0.04403702549358607,,3.979047750087686e-05,887.4443663954735,0.0,False,False,,nonpositive_total_gain,,-96.39383504563276,0.861328125,False,False
confirm-M-w64-d52919-s801-g04-uniform,1,M,64,52919,801,uniform,False,369.11853563785553,0.7209346399176866,369.2185000181198,0.09996438026428223,369.3184643983841,0.001953125,0.9994586548472353,,,constant_weights,False,False,6.755193074914345e-07,,constant_weights,,-489.3773970901966,1.0,False,False,,constant_weights,,824.409184217453,0.001953125,False,False,,constant_weights,,772.3238039016724,0.0078125,False,False,,constant_weights,,798.3664940595627,0.0,False,False,,constant_weights,,-276.6596078651518,0.998046875,False,False
confirm-M-w64-d52919-s801-g04-uniform,3,M,64,52919,801,uniform,False,413.8062114715576,0.808215256780386,413.8062114715576,-0.0,413.8062114715576,0.0,1.0,,,constant_weights,False,False,6.357828775671592e-07,,constant_weights,,-374.5812381207943,1.0,False,False,,constant_weights,,871.9740996360779,0.001953125,False,False,,constant_weights,,744.0257583856583,0.0078125,False,False,,constant_weights,,807.9999290108681,0.0,False,False,,constant_weights,,-231.97193203144974,0.994140625,False,False
confirm-M-w64-d52919-s801-g04-uniform,5,M,64,52919,801,uniform,False,441.7341012954712,0.8627619165927172,441.7341012954712,-0.0,441.7341012954712,0.0,1.0,,,constant_weights,False,False,6.357828775671592e-07,,constant_weights,,-327.7169768512249,1.0,False,False,,constant_weights,,908.8458869457245,0.001953125,False,False,,constant_weights,,744.0733845233917,0.0078125,False,False,,constant_weights,,826.4596357345581,0.0,False,False,,constant_weights,,-204.04404220753617,0.982421875,False,False
confirm-M-w64-d52919-s801-g04-uniform,10,M,64,52919,801,uniform,False,509.00163328647614,0.9941438150126487,509.00163328647614,-0.0,509.00163328647614,0.0,1.0,,,constant_weights,False,False,6.556510925292969e-07,,constant_weights,,-204.6029466688633,1.0,False,False,,constant_weights,,929.9448354244232,0.0,False,False,,constant_weights,,801.6629976034164,0.009765625,False,False,,constant_weights,,865.8039165139198,0.0,False,False,,constant_weights,,-136.77651021653122,0.96484375,False,False
confirm-M-w64-d52919-s801-g04-uniform,20,M,64,52919,801,uniform,False,598.5450055599213,1.1690332139842212,598.5450055599213,-0.0,598.5450055599213,0.0,1.0,,,constant_weights,False,False,6.755193073804122e-07,,constant_weights,,-28.58915124833584,0.751953125,False,False,,constant_weights,,964.9913083314896,0.001953125,False,False,,constant_weights,,859.232851266861,0.009765625,False,False,,constant_weights,,912.1120797991753,0.0,False,False,,constant_weights,,-47.233137943086035,0.83984375,False,False
confirm-M-w64-d52919-s801-g04-uniform,30,M,64,52919,801,uniform,False,662.9517406225204,1.2948276184033602,662.9517406225204,-0.0,662.9517406225204,0.0,1.0,,,constant_weights,False,False,6.457169849927169e-07,,constant_weights,,60.51042251288891,0.001953125,False,False,,constant_weights,,1043.5789320468903,0.001953125,False,False,,constant_weights,,884.7658634185791,0.01171875,False,False,,constant_weights,,964.1723977327347,0.0,False,False,,constant_weights,,17.173597119513147,0.373046875,False,False
confirm-M-w64-d52919-s802-g04-random,1,M,64,52919,802,random,False,366.3714770078659,0.7155692910309881,366.4524440765381,0.08096706867218018,366.53341114521027,0.001953125,0.9995582008831381,0.0015779837859969705,1.1220026280791106e-05,,False,False,6.159146627160439e-07,,nonpositive_total_gain,,-444.642839923501,1.0,False,False,0.0,,1.1566037322198252e-05,797.317544221878,0.001953125,True,False,0.006335877252105472,,7.589689030216039e-06,746.4397336244583,0.005859375,False,False,0.0013983801096772012,,5.576066098440084e-06,771.8786389231682,0.0,False,False,,nonpositive_total_gain,,-284.9935984390349,0.998046875,False,False
confirm-M-w64-d52919-s802-g04-random,3,M,64,52919,802,random,False,402.1944752931595,0.7855360845569521,402.1944752931595,-0.0,402.1944752931595,0.0,1.0,0.01566472380423435,2.4455699254758367e-05,,False,False,6.755193074914345e-07,,nonpositive_total_gain,,-347.5316946655512,1.0,False,False,0.0063208909982909265,,1.4208375150230525e-05,833.2071878910065,0.001953125,False,False,0.01592629951757358,,2.0168712613880496e-05,720.9079428911209,0.00390625,False,False,0.01077326106382532,,1.4981427906450991e-05,777.0575653910637,0.0,False,False,,nonpositive_total_gain,,-249.1706001537413,0.990234375,False,False
confirm-M-w64-d52919-s802-g04-random,5,M,64,52919,802,random,False,419.52894389629364,0.8193924685474485,419.52894389629364,-0.0,419.52894389629364,0.0,1.0,0.022564545758648788,4.440069338289107e-05,,False,False,6.556510925292969e-07,,nonpositive_total_gain,,-341.00723023712635,1.0,False,False,0.009790206051716287,,2.2897421568934595e-05,877.9892174005508,0.001953125,False,False,0.023219371431460557,,3.7644140671112644e-05,721.6048525571823,0.005859375,False,False,0.015839050446054832,,2.731193390781639e-05,799.7970349788666,0.0,False,False,,nonpositive_total_gain,,-231.83613155060715,0.982421875,False,False
confirm-M-w64-d52919-s802-g04-random,10,M,64,52919,802,random,False,463.38714051246643,0.905053008813411,463.38714051246643,-0.0,463.38714051246643,0.0,1.0,0.02784890356859064,5.557451683396574e-05,,False,False,6.953875223425499e-07,,nonpositive_total_gain,,-275.3575478345156,1.0,False,False,0.015127069356259671,,2.908613492561281e-05,915.5583165884018,0.001953125,False,False,0.026675083939881813,,5.356153176075042e-05,749.9606660604477,0.009765625,False,False,0.02031645130664214,,3.7438330251634534e-05,832.7594913244247,0.0,False,False,,nonpositive_total_gain,,-187.97793493443436,0.966796875,False,False
confirm-M-w64-d52919-s802-g04-random,20,M,64,52919,802,random,False,516.154735326767,1.0081147174350917,516.154735326767,-0.0,516.154735326767,0.0,1.0,0.031896605313186444,5.5905226494764846e-05,,False,False,5.56310017829631e-07,,nonpositive_total_gain,,-205.0330036431551,1.0,False,False,0.018467416687349997,,3.395226555896224e-05,943.7824184894562,0.001953125,False,False,0.026328761219343223,,4.7280982587071794e-05,809.7147796154022,0.0078125,False,False,0.02209422089170264,,3.733751013054383e-05,876.7485990524292,0.0,False,False,,nonpositive_total_gain,,-135.21034012013382,0.9375,False,False
confirm-M-w64-d52919-s802-g04-random,30,M,64,52919,802,random,False,574.1404142379761,1.121367996558547,574.1404142379761,-0.0,574.1404142379761,0.0,1.0,0.03596173952123287,6.270622770102881e-05,,False,False,5.861123402173263e-07,,nonpositive_total_gain,,-94.18957026302814,0.990234375,False,False,0.023334093653549652,,4.5389281346841985e-05,969.4398647546768,0.0,False,False,0.03274572336186428,,5.775089349963882e-05,847.1709644794464,0.0078125,False,False,0.02771909708861761,,4.8091649164668876e-05,908.3054146170616,0.0,False,False,,nonpositive_total_gain,,-77.22466120892467,0.80859375,False,False
confirm-M-w64-d52919-s802-g04-uniform,1,M,64,52919,802,uniform,False,367.877947807312,0.7185116168111563,367.9995402097702,0.12159240245819092,368.1211326122284,0.001953125,0.9993393891755392,,,constant_weights,False,False,6.755193074914345e-07,,constant_weights,,-493.494412496686,1.0,False,False,,constant_weights,,826.1906706094742,0.001953125,False,False,,constant_weights,,770.9375857114792,0.005859375,False,False,,constant_weights,,798.5641281604767,0.0,False,False,,constant_weights,,-283.4871276395888,1.0,False,False
confirm-M-w64-d52919-s802-g04-uniform,3,M,64,52919,802,uniform,False,418.4165805578232,0.8172198839019984,418.4165805578232,-0.0,418.4165805578232,0.0,1.0,,,constant_weights,False,False,6.556510925292969e-07,,constant_weights,,-378.9232289940119,1.0,False,False,,constant_weights,,883.920489192009,0.001953125,False,False,,constant_weights,,750.2524900436401,0.00390625,False,False,,constant_weights,,817.0864896178246,0.0,False,False,,constant_weights,,-232.9484948890776,0.990234375,False,False
confirm-M-w64-d52919-s802-g04-uniform,5,M,64,52919,802,uniform,False,448.09148597717285,0.8751786835491657,448.09148597717285,-0.0,448.09148597717285,0.0,1.0,,,constant_weights,False,False,5.861123402173263e-07,,constant_weights,,-329.7005019336939,1.0,False,False,,constant_weights,,923.2984014749527,0.001953125,False,False,,constant_weights,,750.6765650510788,0.001953125,False,False,,constant_weights,,836.9874832630157,0.0,False,False,,constant_weights,,-203.27358946972794,0.984375,False,False
confirm-M-w64-d52919-s802-g04-uniform,10,M,64,52919,802,uniform,False,511.70638632774353,0.9994265357963741,511.70638632774353,-0.0,511.70638632774353,0.0,1.0,,,constant_weights,False,False,5.861123402173263e-07,,constant_weights,,-211.9414095133543,1.0,False,False,,constant_weights,,939.8662399053574,0.001953125,False,False,,constant_weights,,807.1943259239197,0.005859375,False,False,,constant_weights,,873.5302829146385,0.0,False,False,,constant_weights,,-139.65868911915726,0.966796875,False,False
confirm-M-w64-d52919-s802-g04-uniform,20,M,64,52919,802,uniform,False,604.7756044864655,1.1812023525126278,604.7756044864655,-0.0,604.7756044864655,0.0,1.0,,,constant_weights,False,False,5.56310017829631e-07,,constant_weights,,-22.5936890989542,0.71875,False,False,,constant_weights,,967.8511307239532,0.001953125,False,False,,constant_weights,,869.0693645477295,0.0078125,False,False,,constant_weights,,918.4602476358414,0.0,False,False,,constant_weights,,-46.58947096043528,0.859375,False,False
confirm-M-w64-d52919-s802-g04-uniform,30,M,64,52919,802,uniform,False,646.0831708908081,1.2618811931461096,646.0831708908081,-0.0,646.0831708908081,0.0,1.0,,,constant_weights,False,False,5.364418029785156e-07,,constant_weights,,47.138943299651146,0.00390625,False,False,,constant_weights,,1000.6010587215424,0.001953125,False,False,,constant_weights,,890.5095245838165,0.0078125,False,False,,constant_weights,,945.5552916526794,0.0,False,False,,constant_weights,,-5.281904556092627,0.591796875,False,False
confirm-M-w64-d52919-s803-g04-random,1,M,64,52919,803,random,False,370.2963664531708,0.7232350907288492,370.34788393974304,0.051517486572265625,370.3994014263153,0.001953125,0.9997218273767512,0.0036986865906161095,4.153608317983736e-06,,False,False,5.960464477539062e-07,,nonpositive_total_gain,,-458.4857471883297,1.0,False,False,0.0,,1.9139873857506536e-05,812.5236899852753,0.001953125,True,False,0.009544956900181634,,6.092663391581775e-06,756.8511593341827,0.005859375,False,False,0.0016264857982755346,,1.8203679083441512e-06,784.687424659729,0.0,False,False,,nonpositive_total_gain,,-287.1155189054579,1.0,False,False
confirm-M-w64-d52919-s803-g04-random,3,M,64,52919,803,random,False,404.7505933046341,0.7905285025481135,404.7505933046341,-0.0,404.7505933046341,0.0,1.0,0.01641228525007285,1.4154433022864169e-05,,False,False,6.655851999548545e-07,,nonpositive_total_gain,,-345.16638949513435,1.0,False,False,0.002336652772119829,,1.1659020332080633e-05,836.7974821329117,0.001953125,False,False,0.01930330764824085,,6.604400388451796e-06,722.6206933259964,0.00390625,False,False,0.010214321746445352,,6.1696086990235345e-06,779.709087729454,0.0,False,False,,nonpositive_total_gain,,-252.6612920539946,0.98828125,False,False
confirm-M-w64-d52919-s803-g04-random,5,M,64,52919,803,random,False,420.105819106102,0.8205191779416054,420.105819106102,-0.0,420.105819106102,0.0,1.0,0.023650812644260832,2.6487909483981767e-05,,False,False,7.053216298791298e-07,,nonpositive_total_gain,,-357.40779277682304,1.0,False,False,0.005403145548620833,,1.7165123054840378e-05,887.9541122913361,0.001953125,False,False,0.025880724144136308,,1.1537800013710023e-05,729.7711316347122,0.00390625,False,False,0.014654731737040665,,1.1817881136624253e-05,808.8626219630241,0.0,False,False,,nonpositive_total_gain,,-237.3060662525267,0.98046875,False,False
confirm-M-w64-d52919-s803-g04-random,10,M,64,52919,803,random,False,451.0158373117447,0.8808903072495013,451.0158373117447,-0.0,451.0158373117447,0.0,1.0,0.033179483646836885,3.610008244972124e-05,,False,False,6.357828775671592e-07,,nonpositive_total_gain,,-340.09323731064796,1.0,False,False,0.011173013622958469,,2.5014518682559025e-05,937.391303062439,0.001953125,False,False,0.03373594112282656,,1.6053069460783957e-05,755.7494500875473,0.005859375,False,False,0.02125721417070805,,1.81831481724101e-05,846.5703765749931,0.0,False,False,,nonpositive_total_gain,,-206.396048046884,0.96875,False,False
confirm-M-w64-d52919-s803-g04-random,20,M,64,52919,803,random,False,506.02621614933014,0.9883324534166604,506.02621614933014,-0.0,506.02621614933014,0.0,1.0,0.04188327124601471,4.546898318316611e-05,,False,False,5.066394805908203e-07,,nonpositive_total_gain,,-216.606110394001,1.0,False,False,0.021148728952295602,,4.127164918141936e-05,939.2817058563232,0.001953125,False,False,0.040694564125164576,,1.7950109326002247e-05,795.4030493497849,0.01171875,False,False,0.030127119758913135,,2.647899435926933e-05,867.342377603054,0.0,False,False,,nonpositive_total_gain,,-151.38566920929856,0.919921875,False,False
confirm-M-w64-d52919-s803-g04-random,30,M,64,52919,803,random,False,542.7447693347931,1.0600483776070178,542.7447693347931,-0.0,542.7447693347931,0.0,1.0,0.0518658202571346,6.687637395709012e-05,,False,False,6.655851999548545e-07,,nonpositive_total_gain,,-161.39641711115837,1.0,False,False,0.029411638958788407,,6.396309966782019e-05,965.563884973526,0.001953125,False,False,0.047903206324171624,,2.8289010433723407e-05,824.0668358802795,0.013671875,False,False,0.03794373853471457,,4.2119203336387795e-05,894.8153604269028,0.0,False,False,,nonpositive_total_gain,,-114.66711602383559,0.8515625,False,False
confirm-M-w64-d52919-s803-g04-uniform,1,M,64,52919,803,uniform,False,376.17366671562195,0.7347141928039491,376.2314603328705,0.057793617248535156,376.289253950119,0.001953125,0.9996928234508861,,,constant_weights,False,False,6.556510925292969e-07,,constant_weights,,-506.51796290278435,1.0,False,False,,constant_weights,,848.9674551486969,0.001953125,False,False,,constant_weights,,786.0714956521988,0.005859375,False,False,,constant_weights,,817.5194754004478,0.0,False,False,,constant_weights,,-281.23821864300675,1.0,False,False
confirm-M-w64-d52919-s803-g04-uniform,3,M,64,52919,803,uniform,False,425.22927832603455,0.8305259342305362,425.22927832603455,-0.0,425.22927832603455,0.0,1.0,,,constant_weights,False,False,5.364418029785156e-07,,constant_weights,,-380.928386002779,1.0,False,False,,constant_weights,,900.0941815376282,0.001953125,False,False,,constant_weights,,756.5220383405685,0.005859375,False,False,,constant_weights,,828.3081099390984,0.0,False,False,,constant_weights,,-232.18260703259415,0.98828125,False,False
confirm-M-w64-d52919-s803-g04-uniform,5,M,64,52919,803,uniform,False,449.49234640598297,0.8779147390741855,449.49234640598297,-0.0,449.49234640598297,0.0,1.0,,,constant_weights,False,False,6.159146626050216e-07,,constant_weights,,-357.07595893740654,1.0,False,False,,constant_weights,,946.4458039999008,0.001953125,False,False,,constant_weights,,759.1071933507919,0.005859375,False,False,,constant_weights,,852.7764986753464,0.0,False,False,,constant_weights,,-207.91953895264572,0.984375,False,False
confirm-M-w64-d52919-s803-g04-uniform,10,M,64,52919,803,uniform,False,520.0489914417267,1.0157206864096224,520.0489914417267,-0.0,520.0489914417267,0.0,1.0,,,constant_weights,False,False,5.861123403283486e-07,,constant_weights,,-201.58465760946274,1.0,False,False,,constant_weights,,950.4199913740158,0.0,False,False,,constant_weights,,811.3116444349289,0.0078125,False,False,,constant_weights,,880.8658179044724,0.0,False,False,,constant_weights,,-137.362893916902,0.962890625,False,False
confirm-M-w64-d52919-s803-g04-uniform,20,M,64,52919,803,uniform,False,623.2325669527054,1.2172511073295027,623.2325669527054,-0.0,623.2325669527054,0.0,1.0,,,constant_weights,False,False,6.059805552904862e-07,,constant_weights,,0.6584770828485489,0.412109375,False,False,,constant_weights,,983.7303009033203,0.001953125,False,False,,constant_weights,,885.3089209794998,0.009765625,False,False,,constant_weights,,934.5196109414101,0.0,False,False,,constant_weights,,-34.179318405923254,0.8203125,False,False
confirm-M-w64-d52919-s803-g04-uniform,30,M,64,52919,803,uniform,False,660.103444814682,1.2892645406536758,660.103444814682,-0.0,660.103444814682,0.0,1.0,,,constant_weights,False,False,5.066394805908203e-07,,constant_weights,,58.747924126684666,0.0,False,False,,constant_weights,,1019.7550119161606,0.001953125,False,False,,constant_weights,,901.8074020147324,0.0078125,False,False,,constant_weights,,960.7812069654465,0.0,False,False,,constant_weights,,2.691559456053369,0.51171875,False,False
confirm-M-w64-d55049-s801-g04-random,1,M,64,55049,801,random,False,357.928973197937,0.6990800257772207,357.928973197937,-0.0,357.928973197937,0.0,1.0,0.0072793104107251,1.5384187283248307e-05,,False,False,6.357828775671592e-07,,nonpositive_total_gain,,-439.73611421883106,1.0,False,False,0.008039090987870395,,4.756562552396699e-06,749.1239050626755,0.001953125,False,False,0.002878041440516039,,1.659528589337441e-05,764.3991219997406,0.0,False,False,0.005435610077226562,,6.761609696261227e-06,756.761513531208,0.0,False,False,,nonpositive_total_gain,,-278.861117817697,1.0,False,False
confirm-M-w64-d55049-s801-g04-random,3,M,64,55049,801,random,False,386.99146568775177,0.7558427064213902,386.99146568775177,-0.0,386.99146568775177,0.0,1.0,0.018272691732488945,2.1127441476842872e-05,,False,False,6.357828775671592e-07,,nonpositive_total_gain,,-341.82550986111164,1.0,False,False,0.012891746758475809,,8.600258712395612e-06,768.997706413269,0.001953125,False,False,0.01385041370785903,,2.3963119542012086e-05,733.8021894693375,0.0,False,False,0.013359351904709212,,1.1943161721099598e-05,751.3999479413033,0.0,False,False,,nonpositive_total_gain,,-249.79862532788223,0.998046875,False,False
confirm-M-w64-d55049-s801-g04-random,5,M,64,55049,801,random,False,400.3016586303711,0.7818391770124435,400.3016586303711,-0.0,400.3016586303711,0.0,1.0,0.024972813187587303,4.547203726052401e-05,,False,False,5.910793939856163e-07,,nonpositive_total_gain,,-336.2859117537737,1.0,False,False,0.01637771288470008,,1.6112019470766573e-05,802.4715619087219,0.001953125,False,False,0.020503690179373306,,4.711908841398724e-05,734.7193162441254,0.0,False,False,0.018346430920033907,,2.4806956108440293e-05,768.5954390764236,0.0,False,False,,nonpositive_total_gain,,-236.4884323852629,0.998046875,False,False
confirm-M-w64-d55049-s801-g04-random,10,M,64,55049,801,random,False,441.2494821548462,0.861815394833684,441.2494821548462,-0.0,441.2494821548462,0.0,1.0,0.03389359726029631,6.224826574423649e-05,,False,False,5.61277071597921e-07,,nonpositive_total_gain,,-281.4082283526659,1.0,False,False,0.023644505083263538,,2.5469840172849156e-05,834.9658868312836,0.001953125,False,False,0.02508250475877747,,7.463008415809447e-05,770.1907829046249,0.0,False,False,0.024332977157808758,,4.0734207289944656e-05,802.5783348679543,0.0,False,False,,nonpositive_total_gain,,-195.5406088607878,0.974609375,False,False
confirm-M-w64-d55049-s801-g04-random,20,M,64,55049,801,random,False,497.59082078933716,0.9718570718541741,497.59082078933716,-0.0,497.59082078933716,0.0,1.0,0.03730458370250504,7.841149323455147e-05,,False,False,6.755193073804122e-07,,nonpositive_total_gain,,-188.81599567830563,1.0,False,False,0.030998152170165973,,3.839563622686854e-05,863.6669845581055,0.005859375,False,False,0.027902438325961933,,8.211489861352544e-05,817.9214655160904,0.0,False,False,0.029494564259355788,,5.3439997110253646e-05,840.7942250370979,0.0,False,False,,nonpositive_total_gain,,-139.19927022629685,0.9296875,False,False
confirm-M-w64-d55049-s801-g04-random,30,M,64,55049,801,random,False,548.0348747968674,1.0703806148376316,548.0348747968674,-0.0,548.0348747968674,0.0,1.0,0.04153209599363614,7.486505333858323e-05,,False,False,6.556510925292969e-07,,nonpositive_total_gain,,-113.1727399379015,0.990234375,False,False,0.03448739883816347,,4.5501059084879964e-05,896.8275181055069,0.005859375,False,False,0.030300553458913644,,7.260420805642548e-05,860.4498362541199,0.0,False,False,0.03243874613965789,,5.4986624225606757e-05,878.6386771798134,0.0,False,False,,nonpositive_total_gain,,-88.7552162187666,0.84765625,False,False
confirm-M-w64-d55049-s801-g04-uniform,1,M,64,55049,801,uniform,False,360.6999604701996,0.7044921102933586,360.6999604701996,-0.0,360.6999604701996,0.0,1.0,,,constant_weights,False,False,6.059805551794639e-07,,constant_weights,,-490.2628088146448,1.0,False,False,,constant_weights,,777.8217167854309,0.001953125,False,False,,constant_weights,,794.5409622192383,0.0,False,False,,constant_weights,,786.1813395023346,0.0,False,False,,constant_weights,,-276.0901305454344,1.0,False,False
confirm-M-w64-d55049-s801-g04-uniform,3,M,64,55049,801,uniform,False,403.0520271062851,0.7872109904419631,403.0520271062851,-0.0,403.0520271062851,0.0,1.0,,,constant_weights,False,False,6.457169851037392e-07,,constant_weights,,-375.9461509734392,1.0,False,False,,constant_weights,,817.0376139879227,0.001953125,False,False,,constant_weights,,768.0646073818207,0.0,False,False,,constant_weights,,792.5511106848717,0.0,False,False,,constant_weights,,-233.7380639093489,0.998046875,False,False
confirm-M-w64-d55049-s801-g04-uniform,5,M,64,55049,801,uniform,False,429.5077670812607,0.8388823575805873,429.5077670812607,-0.0,429.5077670812607,0.0,1.0,,,constant_weights,False,False,6.159146627160439e-07,,constant_weights,,-330.56170512735844,1.0,False,False,,constant_weights,,847.8839001655579,0.001953125,False,False,,constant_weights,,771.2010905742645,0.0,False,False,,constant_weights,,809.5424953699112,0.0,False,False,,constant_weights,,-207.28232393437332,0.984375,False,False
confirm-M-w64-d55049-s801-g04-uniform,10,M,64,55049,801,uniform,False,496.32855451107025,0.9693917080294341,496.32855451107025,-0.0,496.32855451107025,0.0,1.0,,,constant_weights,False,False,5.761782329027909e-07,,constant_weights,,-209.1929439753294,1.0,False,False,,constant_weights,,863.9103459119797,0.001953125,False,False,,constant_weights,,834.2682435512543,0.0,False,False,,constant_weights,,849.089294731617,0.0,False,False,,constant_weights,,-140.46153650456375,0.97265625,False,False
confirm-M-w64-d55049-s801-g04-uniform,20,M,64,55049,801,uniform,False,583.9581316709518,1.1405432259198278,583.9581316709518,-0.0,583.9581316709518,0.0,1.0,,,constant_weights,False,False,6.655852000658768e-07,,constant_weights,,-34.02029864490032,0.7890625,False,False,,constant_weights,,896.7649892568588,0.001953125,False,False,,constant_weights,,889.1296977996826,0.0,False,False,,constant_weights,,892.9473435282707,0.0,False,False,,constant_weights,,-52.831959344682105,0.845703125,False,False
confirm-M-w64-d55049-s801-g04-uniform,30,M,64,55049,801,uniform,False,648.371190071106,1.2663499806076288,648.371190071106,-0.0,648.371190071106,0.0,1.0,,,constant_weights,False,False,6.208817164843339e-07,,constant_weights,,61.874283373355865,0.0,False,False,,constant_weights,,961.0722929239273,0.00390625,False,False,,constant_weights,,922.1669898033142,0.00390625,False,False,,constant_weights,,941.6196413636208,0.0,False,False,,constant_weights,,11.58109905547201,0.419921875,False,False
confirm-M-w64-d55049-s802-g04-random,1,M,64,55049,802,random,False,369.2697569131851,0.7212299939710647,369.2697569131851,-0.0,369.2697569131851,0.0,1.0,0.00999528428528787,4.1620426461858475e-06,,False,False,6.159146627160439e-07,,nonpositive_total_gain,,-457.424689412117,1.0,False,False,0.008011081718636827,,4.565502413110726e-06,784.8314198255539,0.001953125,False,False,0.006046210874539059,,3.037317273134175e-06,780.402547121048,0.0,False,False,0.007030710032954133,,1.8991421568705965e-06,782.6169834733009,0.0,False,False,,nonpositive_total_gain,,-285.3462687509627,1.0,False,False
confirm-M-w64-d55049-s802-g04-random,3,M,64,55049,802,random,False,401.246444940567,0.783684462774545,401.246444940567,-0.0,401.246444940567,0.0,1.0,0.01914882430459025,1.820287613393497e-05,,False,False,6.755193074914345e-07,,nonpositive_total_gain,,-347.67413276433945,1.0,False,False,0.012728405148244172,,1.4815005255355158e-05,808.6383759975433,0.001953125,False,False,0.01570513707390906,,9.59191205776916e-06,742.7750918865204,0.0,False,False,0.014153561614950246,,1.0344665183533482e-05,775.7067339420319,0.0,False,False,,nonpositive_total_gain,,-253.36958072358078,0.99609375,False,False
confirm-M-w64-d55049-s802-g04-random,5,M,64,55049,802,random,False,415.7828484773636,0.8120758759323508,415.7828484773636,-0.0,415.7828484773636,0.0,1.0,0.028617827526121915,3.5717390303790695e-05,,False,False,7.748603820800781e-07,,nonpositive_total_gain,,-336.32223320007324,1.0,False,False,0.017021980637334025,,2.6452990613437488e-05,847.2749742269516,0.001953125,False,False,0.025324492243260055,,2.1663493249237183e-05,736.3958048820496,0.0,False,False,0.020879664959043392,,2.1451927227378037e-05,791.8353895545006,0.0,False,False,,nonpositive_total_gain,,-238.8331771867842,0.9921875,False,False
confirm-M-w64-d55049-s802-g04-random,10,M,64,55049,802,random,False,456.5303955078125,0.8916609287261963,456.5303955078125,-0.0,456.5303955078125,0.0,1.0,0.0357381463105407,5.889123409601517e-05,,False,False,6.953875223425499e-07,,nonpositive_total_gain,,-273.90304785966873,1.0,False,False,0.022513438949511258,,4.240616130989177e-05,883.3736855983734,0.001953125,False,False,0.03405143686383948,,4.161609292856085e-05,760.1205382347107,0.0,False,False,0.027843358186278686,,3.875799444714735e-05,821.747111916542,0.0,False,False,,nonpositive_total_gain,,-198.0856301563353,0.978515625,False,False
confirm-M-w64-d55049-s802-g04-random,20,M,64,55049,802,random,False,510.39352560043335,0.9968623546883464,510.39352560043335,-0.0,510.39352560043335,0.0,1.0,0.04150212801034027,7.388292610831469e-05,,False,False,6.804863612597245e-07,,nonpositive_total_gain,,-207.89501294493675,1.0,False,False,0.027008489818434844,,5.859941431700111e-05,913.0376416444778,0.001953125,False,False,0.035513550330095484,,3.931308070807556e-05,826.0379474163055,0.0,False,False,0.031047746881204187,,4.580077113173733e-05,869.5377945303917,0.0,False,False,,nonpositive_total_gain,,-144.22250006371445,0.923828125,False,False
confirm-M-w64-d55049-s802-g04-random,30,M,64,55049,802,random,False,560.1507958173752,1.094044523080811,560.1507958173752,-0.0,560.1507958173752,0.0,1.0,0.04638287128378056,8.278696044068986e-05,,False,False,6.457169849927169e-07,,nonpositive_total_gain,,-120.72888574004173,0.99609375,False,False,0.032659076718522626,,6.644202150168139e-05,939.3527104854584,0.001953125,False,False,0.039316050673845596,,4.6839934291929775e-05,861.8285729885101,0.0,False,False,0.035843449634521796,,5.347019205900036e-05,900.5906417369843,0.0,False,False,,nonpositive_total_gain,,-94.46522984677259,0.8359375,False,False
confirm-M-w64-d55049-s802-g04-uniform,1,M,64,55049,802,uniform,False,371.29039788246155,0.7251765583641827,371.29039788246155,-0.0,371.29039788246155,0.0,1.0,,,constant_weights,False,False,6.059805551794639e-07,,constant_weights,,-502.03757560253143,1.0,False,False,,constant_weights,,811.8949387073517,0.001953125,False,False,,constant_weights,,804.0138142108917,0.0,False,False,,constant_weights,,807.9543764591217,0.0,False,False,,constant_weights,,-283.32562778168625,1.0,False,False
confirm-M-w64-d55049-s802-g04-uniform,3,M,64,55049,802,uniform,False,417.4652746915817,0.8153618646319956,417.4652746915817,-0.0,417.4652746915817,0.0,1.0,,,constant_weights,False,False,6.357828776781815e-07,,constant_weights,,-378.3055730462074,1.0,False,False,,constant_weights,,856.8257825374603,0.001953125,False,False,,constant_weights,,773.8756204843521,0.0,False,False,,constant_weights,,815.3507015109062,0.0,False,False,,constant_weights,,-237.15075097256607,0.998046875,False,False
confirm-M-w64-d55049-s802-g04-uniform,5,M,64,55049,802,uniform,False,443.92796564102173,0.8670468078926206,443.92796564102173,-0.0,443.92796564102173,0.0,1.0,,,constant_weights,False,False,5.563100179406533e-07,,constant_weights,,-329.62792909145355,1.0,False,False,,constant_weights,,891.3691717386246,0.001953125,False,False,,constant_weights,,770.042646408081,0.0,False,False,,constant_weights,,830.7059090733528,0.0,False,False,,constant_weights,,-210.68806002312607,0.9921875,False,False
confirm-M-w64-d55049-s802-g04-uniform,10,M,64,55049,802,uniform,False,509.5913043022156,0.9952955162152648,509.5913043022156,-0.0,509.5913043022156,0.0,1.0,,,constant_weights,False,False,6.755193073804122e-07,,constant_weights,,-204.5236463546753,1.0,False,False,,constant_weights,,903.328223824501,0.001953125,False,False,,constant_weights,,829.9693355560303,0.0,False,False,,constant_weights,,866.6487796902657,0.0,False,False,,constant_weights,,-145.02472136193222,0.9765625,False,False
confirm-M-w64-d55049-s802-g04-uniform,20,M,64,55049,802,uniform,False,602.2121971845627,1.176195697626099,602.2121971845627,-0.0,602.2121971845627,0.0,1.0,,,constant_weights,False,False,6.556510925292969e-07,,constant_weights,,-26.347076058387756,0.71875,False,False,,constant_weights,,937.6808097362518,0.001953125,False,False,,constant_weights,,895.3028485774994,0.0,False,False,,constant_weights,,916.4918291568756,0.0,False,False,,constant_weights,,-52.40382847958506,0.87109375,False,False
confirm-M-w64-d55049-s802-g04-uniform,30,M,64,55049,802,uniform,False,650.7811306715012,1.2710568958427757,650.7811306715012,-0.0,650.7811306715012,0.0,1.0,,,constant_weights,False,False,5.662441253662109e-07,,constant_weights,,45.93419958651066,0.013671875,False,False,,constant_weights,,983.5959267616272,0.001953125,False,False,,constant_weights,,922.8132672309875,0.001953125,False,False,,constant_weights,,953.2045969963074,0.0,False,False,,constant_weights,,-3.834894992646582,0.568359375,False,False
confirm-M-w64-d55049-s803-g04-random,1,M,64,55049,803,random,False,352.1724234819412,0.6878367646131665,352.1724234819412,-0.0,352.1724234819412,0.0,1.0,0.012227884635317182,1.1506181435327784e-05,,False,False,7.351239522668251e-07,,nonpositive_total_gain,,-474.7268936932087,1.0,False,False,0.006153947024957774,,5.300925538666047e-06,757.4618011713028,0.001953125,False,False,0.009240391440656744,,8.008622355073288e-06,773.7823476791382,0.0,False,False,0.007712329675749117,,5.1599074972227924e-06,765.6220744252205,0.0,False,False,,nonpositive_total_gain,,-283.07098016911453,1.0,False,False
confirm-M-w64-d55049-s803-g04-random,3,M,64,55049,803,random,False,382.46955502033234,0.7470108496490866,382.46955502033234,-0.0,382.46955502033234,0.0,1.0,0.022614166848606086,3.436129160567789e-05,,False,False,5.563100179406533e-07,,nonpositive_total_gain,,-355.1930553019047,1.0,False,False,0.01338623414959448,,1.6109612735207507e-05,770.2981320619583,0.001953125,False,False,0.01906154540789927,,2.1626971573004262e-05,732.3035655021667,0.0,False,False,0.016150330790390563,,1.7504725213474895e-05,751.3008487820625,0.0,False,False,,nonpositive_total_gain,,-252.77384863072342,1.0,False,False
confirm-M-w64-d55049-s803-g04-random,5,M,64,55049,803,random,False,393.819069981575,0.7691778710577637,393.819069981575,-0.0,393.819069981575,0.0,1.0,0.030403538173339684,4.818187582369478e-05,,False,False,5.960464477539062e-07,,nonpositive_total_gain,,-351.83799466490746,1.0,False,False,0.018098207320048312,,2.5679758954966452e-05,800.3989686965942,0.001953125,False,False,0.026384284339761824,,2.9362192960283956e-05,732.896223783493,0.0,False,False,0.022056687887130125,,2.6388548623925693e-05,766.6475962400436,0.0,False,False,,nonpositive_total_gain,,-241.42433366948075,0.998046875,False,False
confirm-M-w64-d55049-s803-g04-random,10,M,64,55049,803,random,False,424.05126535892487,0.8282251276541501,424.05126535892487,-0.0,424.05126535892487,0.0,1.0,0.040879799847357276,8.281156771621992e-05,,False,False,5.761782327917686e-07,,nonpositive_total_gain,,-308.06257060170174,1.0,False,False,0.02605613388686833,,4.591057194356422e-05,832.2703473567963,0.001953125,False,False,0.03518453494407822,,5.5659435052033654e-05,747.9460055828094,0.0,False,False,0.030372952550902353,,4.9287082942233164e-05,790.1081764698029,0.0,False,False,,nonpositive_total_gain,,-211.1921382921309,0.984375,False,False
confirm-M-w64-d55049-s803-g04-random,20,M,64,55049,803,random,False,498.1803923845291,0.9730085788760334,498.1803923845291,-0.0,498.1803923845291,0.0,1.0,0.04130662935327588,7.292127606644999e-05,,False,False,6.755193073804122e-07,,nonpositive_total_gain,,-201.5979308784008,1.0,False,False,0.028609716423209773,,4.819628892388805e-05,859.351632475853,0.001953125,False,False,0.030426420714026917,,4.4052298231912654e-05,836.7874639034271,0.0,False,False,0.029506098092025715,,4.4777169579141584e-05,848.06954818964,0.0,False,False,,nonpositive_total_gain,,-137.06301126652664,0.9296875,False,False
confirm-M-w64-d55049-s803-g04-random,30,M,64,55049,803,random,False,550.8740587234497,1.0759258959442377,550.8740587234497,-0.0,550.8740587234497,0.0,1.0,0.043639492686064416,8.06194816264743e-05,,False,False,6.159146627160439e-07,,nonpositive_total_gain,,-105.00691524147987,0.99609375,False,False,0.03317404046182694,,6.16252860673576e-05,887.237703204155,0.001953125,False,False,0.03274727849994699,,5.516427927169015e-05,870.3913776874542,0.0,False,False,0.03296262790655667,,5.647159201928367e-05,878.8145404458046,0.0,False,False,,nonpositive_total_gain,,-84.36934492760602,0.826171875,False,False
confirm-M-w64-d55049-s803-g04-uniform,1,M,64,55049,803,uniform,False,357.9260183572769,0.6990742546040565,357.9260183572769,-0.0,357.9260183572769,0.0,1.0,,,constant_weights,False,False,6.457169851037392e-07,,constant_weights,,-514.3433194458485,1.0,False,False,,constant_weights,,784.4704201221466,0.001953125,False,False,,constant_weights,,803.6509554386139,0.0,False,False,,constant_weights,,794.0606877803802,0.0,False,False,,constant_weights,,-277.31738529377884,1.0,False,False
confirm-M-w64-d55049-s803-g04-uniform,3,M,64,55049,803,uniform,False,400.5356625318527,0.7822962158825248,400.5356625318527,-0.0,400.5356625318527,0.0,1.0,,,constant_weights,False,False,5.761782327917686e-07,,constant_weights,,-385.1489747464657,1.0,False,False,,constant_weights,,818.3390098810196,0.001953125,False,False,,constant_weights,,768.4169442653656,0.0,False,False,,constant_weights,,793.3779770731926,0.0,False,False,,constant_weights,,-234.70774111920304,1.0,False,False
confirm-M-w64-d55049-s803-g04-uniform,5,M,64,55049,803,uniform,False,422.1817344427109,0.8245737000834197,422.1817344427109,-0.0,422.1817344427109,0.0,1.0,,,constant_weights,False,False,6.357828775671592e-07,,constant_weights,,-348.32761242985725,1.0,False,False,,constant_weights,,845.8274302482605,0.001953125,False,False,,constant_weights,,769.045382976532,0.0,False,False,,constant_weights,,807.4364066123962,0.0,False,False,,constant_weights,,-213.06166920834488,0.990234375,False,False
confirm-M-w64-d55049-s803-g04-uniform,10,M,64,55049,803,uniform,False,504.1135987043381,0.9845968724694103,504.1135987043381,-0.0,504.1135987043381,0.0,1.0,,,constant_weights,False,False,5.960464477539062e-07,,constant_weights,,-184.83011215925217,1.0,False,False,,constant_weights,,861.2037978172302,0.001953125,False,False,,constant_weights,,835.9671175479889,0.0,False,False,,constant_weights,,848.5854576826096,0.0,False,False,,constant_weights,,-131.12980494671768,0.96875,False,False
confirm-M-w64-d55049-s803-g04-uniform,20,M,64,55049,803,uniform,False,600.7354624271393,1.1733114500530064,600.7354624271393,-0.0,600.7354624271393,0.0,1.0,,,constant_weights,False,False,6.357828776781815e-07,,constant_weights,,8.099427491426468,0.279296875,False,False,,constant_weights,,890.2788373231888,0.001953125,False,False,,constant_weights,,903.828122138977,0.0,False,False,,constant_weights,,897.0534797310829,0.0,False,False,,constant_weights,,-34.50794122391642,0.798828125,False,False
confirm-M-w64-d55049-s803-g04-uniform,30,M,64,55049,803,uniform,False,632.089000582695,1.2345488292630762,632.089000582695,-0.0,632.089000582695,0.0,1.0,,,constant_weights,False,False,6.159146626050216e-07,,constant_weights,,56.04117215424776,0.0,False,False,,constant_weights,,917.0243443250656,0.00390625,False,False,,constant_weights,,923.2014801502228,0.0,False,False,,constant_weights,,920.1129122376442,0.0,False,False,,constant_weights,,-3.1544030683606934,0.5703125,False,False
confirm-M-w64-d57163-s801-g04-random,1,M,64,57163,801,random,False,369.34844863414764,0.7213836887385696,369.34844863414764,-0.0,369.34844863414764,0.0,1.0,0.0012144749164634556,1.5051765844348586e-05,,False,False,6.357828775671592e-07,,nonpositive_total_gain,,-453.3743990957737,1.0,False,False,0.003346729127221875,,2.086986426056753e-05,773.9907429218292,0.001953125,False,False,0.0,,3.1016975383765875e-06,787.4290297031403,0.0,True,False,0.000785227711823928,,7.08426529383236e-06,780.7098863124847,0.0,True,False,,nonpositive_total_gain,,-287.62724087410874,1.0,False,False
confirm-M-w64-d57163-s801-g04-random,3,M,64,57163,801,random,False,404.7841200828552,0.7905939845368266,404.7841200828552,-0.0,404.7841200828552,0.0,1.0,0.012429179002214106,3.026425080549539e-05,,False,False,5.16573588016378e-07,,nonpositive_total_gain,,-347.2014258801937,1.0,False,False,0.011567212176021927,,2.8144426447721455e-05,807.6809703111649,0.001953125,False,False,0.006202018748520341,,1.0504647343675005e-05,753.8728454113007,0.0,False,False,0.008972995871460613,,1.652100086606952e-05,780.7769078612328,0.0,False,False,,nonpositive_total_gain,,-252.19156942540116,0.9921875,False,False
confirm-M-w64-d57163-s801-g04-random,5,M,64,57163,801,random,False,419.3613157272339,0.8190650697797537,419.3613157272339,-0.0,419.3613157272339,0.0,1.0,0.020890849610665674,5.268929669952585e-05,,False,False,7.251898447302452e-07,,nonpositive_total_gain,,-346.4968866407871,1.0,False,False,0.017497072208999778,,4.21483694608607e-05,848.9739352464676,0.001953125,False,False,0.012911484762039738,,1.787277733794253e-05,755.6069042682648,0.0,False,False,0.015333721595331206,,2.7072209081207826e-05,802.2904197573662,0.0,False,False,,nonpositive_total_gain,,-237.6143737810225,0.98828125,False,False
confirm-M-w64-d57163-s801-g04-random,10,M,64,57163,801,random,False,459.5629286766052,0.8975838450714946,459.5629286766052,-0.0,459.5629286766052,0.0,1.0,0.027857173462520854,7.279253759262638e-05,,False,False,5.563100179406533e-07,,nonpositive_total_gain,,-291.5049456655979,1.0,False,False,0.02147280329295856,,6.739427114085334e-05,888.8156582117081,0.00390625,False,False,0.019196244640937242,,2.7655370193785655e-05,781.3780989646912,0.0,False,False,0.020405097430307342,,4.3200525616249574e-05,835.0968785881996,0.0,False,False,,nonpositive_total_gain,,-197.41276083165116,0.9765625,False,False
confirm-M-w64-d57163-s801-g04-random,20,M,64,57163,801,random,False,515.414723277092,1.0066693814005703,515.414723277092,-0.0,515.414723277092,0.0,1.0,0.03199196386978022,7.63503124196148e-05,,False,False,6.357828775671592e-07,,nonpositive_total_gain,,-216.9555431008339,1.0,False,False,0.024761443941267225,,7.528145871097688e-05,915.0686504840851,0.005859375,False,False,0.01677416344564238,,2.933595843852713e-05,848.1310832500458,0.001953125,False,False,0.02090910128564124,,4.829110064703046e-05,881.5998668670654,0.0,False,False,,nonpositive_total_gain,,-141.5609662311644,0.91796875,False,False
confirm-M-w64-d57163-s801-g04-random,30,M,64,57163,801,random,False,563.7732764482498,1.101119680562988,563.7732764482498,-0.0,563.7732764482498,0.0,1.0,0.03771749246002591,7.721073558388665e-05,,False,False,6.556510925292969e-07,,nonpositive_total_gain,,-128.94231121242046,0.994140625,False,False,0.03186784889022974,,8.340691916968185e-05,941.0478186607361,0.001953125,False,False,0.021917051638211768,,3.848369365824709e-05,879.2143447399139,0.00390625,False,False,0.027049174514610662,,5.722759330928785e-05,910.131081700325,0.0,False,False,,nonpositive_total_gain,,-93.20241306000653,0.828125,False,False
confirm-M-w64-d57163-s801-g04-uniform,1,M,64,57163,801,uniform,False,373.39935314655304,0.7292956116143614,373.39935314655304,-0.0,373.39935314655304,0.0,1.0,,,constant_weights,False,False,6.159146627160439e-07,,constant_weights,,-503.6308921277523,1.0,False,False,,constant_weights,,806.7487304210663,0.001953125,False,False,,constant_weights,,817.0802391767502,0.0,False,False,,constant_weights,,811.9144847989082,0.0,False,False,,constant_weights,,-283.57633636170334,1.0,False,False
confirm-M-w64-d57163-s801-g04-uniform,3,M,64,57163,801,uniform,False,421.76553606987,0.8237608126364648,421.76553606987,-0.0,421.76553606987,0.0,1.0,,,constant_weights,False,False,6.059805551794639e-07,,constant_weights,,-392.95936051011086,1.0,False,False,,constant_weights,,865.0360683202744,0.001953125,False,False,,constant_weights,,793.2199305295944,0.0,False,False,,constant_weights,,829.1279994249344,0.0,False,False,,constant_weights,,-235.21015343838639,0.990234375,False,False
confirm-M-w64-d57163-s801-g04-uniform,5,M,64,57163,801,uniform,False,448.9992754459381,0.8769517098553479,448.9992754459381,-0.0,448.9992754459381,0.0,1.0,,,constant_weights,False,False,6.357828776781815e-07,,constant_weights,,-349.3193546831608,1.0,False,False,,constant_weights,,902.9028989076614,0.001953125,False,False,,constant_weights,,793.4143075942993,0.0,False,False,,constant_weights,,848.1586032509804,0.0,False,False,,constant_weights,,-207.97641406231827,0.984375,False,False
confirm-M-w64-d57163-s801-g04-uniform,10,M,64,57163,801,uniform,False,516.1850864887238,1.0081739970482886,516.1850864887238,-0.0,516.1850864887238,0.0,1.0,,,constant_weights,False,False,5.662441253662109e-07,,constant_weights,,-215.10561949014664,1.0,False,False,,constant_weights,,913.3428738117218,0.001953125,False,False,,constant_weights,,850.3180301189423,0.0,False,False,,constant_weights,,881.830451965332,0.0,False,False,,constant_weights,,-140.79060301953263,0.96875,False,False
confirm-M-w64-d57163-s801-g04-uniform,20,M,64,57163,801,uniform,False,607.3223760128021,1.1861765156500041,607.3223760128021,-0.0,607.3223760128021,0.0,1.0,,,constant_weights,False,False,6.357828776781815e-07,,constant_weights,,-38.9905271679163,0.822265625,False,False,,constant_weights,,945.9568636417389,0.001953125,False,False,,constant_weights,,915.0008218288422,0.0,False,False,,constant_weights,,930.4788427352905,0.0,False,False,,constant_weights,,-49.6533134954542,0.857421875,False,False
confirm-M-w64-d57163-s801-g04-uniform,30,M,64,57163,801,uniform,False,675.87506711483,1.3200684904586524,675.87506711483,-0.0,675.87506711483,0.0,1.0,,,constant_weights,False,False,5.463759105150956e-07,,constant_weights,,56.59410782158375,0.0,False,False,,constant_weights,,1023.8204451799393,0.001953125,False,False,,constant_weights,,947.2106626033783,0.00390625,False,False,,constant_weights,,985.5155538916588,0.0,False,False,,constant_weights,,18.899377606573694,0.36328125,False,False
confirm-M-w64-d57163-s802-g04-random,1,M,64,57163,802,random,False,366.49534344673157,0.7158112176693976,366.49534344673157,-0.0,366.49534344673157,0.0,1.0,0.0029396632438552176,9.505845983903811e-06,,False,False,7.053216298791298e-07,,nonpositive_total_gain,,-450.30059173703194,1.0,False,False,0.004392700804161289,,6.417979867126156e-06,774.9914314746857,0.001953125,False,False,0.0001294318337074577,,5.307730965854728e-06,774.7951679229736,0.0,True,False,0.0022597880458031273,,4.299454676751388e-06,774.8932996988297,0.0,False,False,,nonpositive_total_gain,,-283.32420966797775,1.0,False,False
confirm-M-w64-d57163-s802-g04-random,3,M,64,57163,802,random,False,399.82571935653687,0.7809096081182361,399.82571935653687,-0.0,399.82571935653687,0.0,1.0,0.013297662343189642,1.5168401693170688e-05,,False,False,6.258487701416016e-07,,nonpositive_total_gain,,-347.13747718930244,1.0,False,False,0.010695143216996425,,1.208509543758077e-05,804.8994320631027,0.001953125,False,False,0.007166722051410676,,7.634199032483835e-06,741.7151808738708,0.0,False,False,0.009002237975518863,,8.048616385650603e-06,773.3073064684868,0.0,False,False,,nonpositive_total_gain,,-249.99383375817246,0.98828125,False,False
confirm-M-w64-d57163-s802-g04-random,5,M,64,57163,802,random,False,416.96266508102417,0.8143802052363753,416.96266508102417,-0.0,416.96266508102417,0.0,1.0,0.020163189094871616,2.6240438657704256e-05,,False,False,6.357828775671592e-07,,nonpositive_total_gain,,-343.8752696812153,1.0,False,False,0.014543912127904346,,1.696901664131759e-05,847.1479873657227,0.001953125,False,False,0.01298150688769827,,1.6325952820779667e-05,747.6152571439743,0.0,False,False,0.01381166533941288,,1.452032799549397e-05,797.3816222548485,0.0,False,False,,nonpositive_total_gain,,-232.85688803368515,0.986328125,False,False
confirm-M-w64-d57163-s802-g04-random,10,M,64,57163,802,random,False,462.7552169561386,0.9038187831174582,462.7552169561386,-0.0,462.7552169561386,0.0,1.0,0.02829717326179143,3.537084714742259e-05,,False,False,7.053216298791298e-07,,nonpositive_total_gain,,-255.3501165509224,1.0,False,False,0.021530874528092686,,2.483262710839936e-05,872.7328727245331,0.001953125,False,False,0.0203426997306249,,2.0262961485143002e-05,770.8828649520874,0.0,False,False,0.020973615527424896,,2.0939605156874377e-05,821.8078688383102,0.0,False,False,,nonpositive_total_gain,,-187.0643361585707,0.97265625,False,False
confirm-M-w64-d57163-s802-g04-random,20,M,64,57163,802,random,False,513.4655441045761,1.0028623908292502,513.4655441045761,-0.0,513.4655441045761,0.0,1.0,0.03047816657284362,4.287651053705001e-05,,False,False,5.364418029785156e-07,,nonpositive_total_gain,,-204.19085896015167,1.0,False,False,0.02363254910876922,,2.9246492330888823e-05,905.468248963356,0.001953125,False,False,0.017764431744099668,,1.689975641132058e-05,839.1192193031311,0.0,False,False,0.02080746833538509,,2.1216113030304278e-05,872.2937341332436,0.0,False,False,,nonpositive_total_gain,,-136.3540090101332,0.93359375,False,False
confirm-M-w64-d57163-s802-g04-random,30,M,64,57163,802,random,False,568.9030414819717,1.111138752894476,568.9030414819717,-0.0,568.9030414819717,0.0,1.0,0.03194518154721013,4.913533177085034e-05,,False,False,6.457169851037392e-07,,nonpositive_total_gain,,-102.43348053097725,0.98828125,False,False,0.027659524799063286,,4.563816931159076e-05,931.2988328933716,0.001953125,False,False,0.02042966333150545,,2.397029282307397e-05,877.8437466621399,0.0,False,False,0.024145580286209258,,3.259311365831943e-05,904.5712897777557,0.0,False,False,,nonpositive_total_gain,,-80.91651163273755,0.830078125,False,False
confirm-M-w64-d57163-s802-g04-uniform,1,M,64,57163,802,uniform,False,367.9423117637634,0.7186373276636004,367.9423117637634,-0.0,367.9423117637634,0.0,1.0,,,constant_weights,False,False,6.655851999548545e-07,,constant_weights,,-505.81012681126595,1.0,False,False,,constant_weights,,806.2250511646271,0.001953125,False,False,,constant_weights,,803.4119927883148,0.0,False,False,,constant_weights,,804.818521976471,0.0,False,False,,constant_weights,,-281.8772413509459,1.0,False,False
confirm-M-w64-d57163-s802-g04-uniform,3,M,64,57163,802,uniform,False,415.4226750135422,0.8113724121358246,415.4226750135422,-0.0,415.4226750135422,0.0,1.0,,,constant_weights,False,False,6.854534149169922e-07,,constant_weights,,-392.6684966981411,1.0,False,False,,constant_weights,,861.157967209816,0.001953125,False,False,,constant_weights,,777.7785272598267,0.0,False,False,,constant_weights,,819.4682472348213,0.0,False,False,,constant_weights,,-234.39687810116715,0.990234375,False,False
confirm-M-w64-d57163-s802-g04-uniform,5,M,64,57163,802,uniform,False,444.2924017906189,0.8677585972473025,444.2924017906189,-0.0,444.2924017906189,0.0,1.0,,,constant_weights,False,False,5.960464477539062e-07,,constant_weights,,-319.02541545033455,1.0,False,False,,constant_weights,,887.8695563077927,0.001953125,False,False,,constant_weights,,764.033037185669,0.0,False,False,,constant_weights,,825.9512967467308,0.0,False,False,,constant_weights,,-205.52715132409043,0.984375,False,False
confirm-M-w64-d57163-s802-g04-uniform,10,M,64,57163,802,uniform,False,508.98351979255676,0.9941084370948374,508.98351979255676,-0.0,508.98351979255676,0.0,1.0,,,constant_weights,False,False,6.357828775671592e-07,,constant_weights,,-200.4357340335846,1.0,False,False,,constant_weights,,897.6083054542542,0.001953125,False,False,,constant_weights,,829.7779655456543,0.0,False,False,,constant_weights,,863.6931354999542,0.0,False,False,,constant_weights,,-140.83603332215256,0.97265625,False,False
confirm-M-w64-d57163-s802-g04-uniform,20,M,64,57163,802,uniform,False,602.2762387990952,1.1763207789044827,602.2762387990952,-0.0,602.2762387990952,0.0,1.0,,,constant_weights,False,False,6.258487701416016e-07,,constant_weights,,-21.849386602640152,0.71875,False,False,,constant_weights,,930.9321081638336,0.001953125,False,False,,constant_weights,,897.745979309082,0.0,False,False,,constant_weights,,914.3390437364578,0.0,False,False,,constant_weights,,-47.54331431561411,0.85546875,False,False
confirm-M-w64-d57163-s802-g04-uniform,30,M,64,57163,802,uniform,False,643.0737960338593,1.2560035078786314,643.0737960338593,-0.0,643.0737960338593,0.0,1.0,,,constant_weights,False,False,5.861123402173263e-07,,constant_weights,,44.09905094653368,0.005859375,False,False,,constant_weights,,964.2813946008682,0.001953125,False,False,,constant_weights,,920.840921163559,0.0,False,False,,constant_weights,,942.5611578822136,0.0,False,False,,constant_weights,,-6.745757080850012,0.61328125,False,False
confirm-M-w64-d57163-s803-g04-random,1,M,64,57163,803,random,False,368.48588824272156,0.7196990004740655,368.48588824272156,-0.0,368.48588824272156,0.0,1.0,0.0028597092658230643,3.4738675977685274e-06,,False,False,5.861123403283486e-07,,nonpositive_total_gain,,-464.37162514030933,1.0,False,False,0.0,,8.919618771884414e-06,791.5683574676514,0.001953125,True,False,0.005045793548797986,,1.115894950553739e-05,778.2609224319458,0.0,False,False,0.0017317667915964694,,1.640414580917544e-06,784.9146399497986,0.0,False,False,,nonpositive_total_gain,,-288.415778137979,1.0,False,False
confirm-M-w64-d57163-s803-g04-random,3,M,64,57163,803,random,False,398.472221493721,0.7782660576049238,398.472221493721,-0.0,398.472221493721,0.0,1.0,0.016489553375297818,1.7287916860744908e-05,,False,False,6.059805551794639e-07,,nonpositive_total_gain,,-353.650892034173,1.0,False,False,0.008778065624893912,,6.409654017598296e-06,811.9168857336044,0.001953125,False,False,0.014870182473944529,,2.7247279400655317e-05,737.1506450176239,0.0,False,False,0.011667397757506297,,7.4913299319423835e-06,774.5337653756142,0.0,False,False,,nonpositive_total_gain,,-258.4294448869795,0.98828125,False,False
confirm-M-w64-d57163-s803-g04-random,5,M,64,57163,803,random,False,412.627078294754,0.8059122622944415,412.627078294754,-0.0,412.627078294754,0.0,1.0,0.025340903950403684,3.416102449328085e-05,,False,False,6.159146627160439e-07,,nonpositive_total_gain,,-357.09241403639317,1.0,False,False,0.013636224369859368,,7.958283254376567e-06,853.6793965101242,0.001953125,False,False,0.022802776706896413,,4.540507625267738e-05,741.2942516803741,0.0,False,False,0.017880093037199965,,1.4950594402283696e-05,797.4868240952492,0.0,False,False,,nonpositive_total_gain,,-244.2745880859465,0.986328125,False,False
confirm-M-w64-d57163-s803-g04-random,10,M,64,57163,803,random,False,445.7337728738785,0.8705737751442939,445.7337728738785,-0.0,445.7337728738785,0.0,1.0,0.03362760634880048,4.964393209234109e-05,,False,False,6.953875223425499e-07,,nonpositive_total_gain,,-328.38945646584034,1.0,False,False,0.017609816806973475,,1.051259345382926e-05,895.7761925458908,0.001953125,False,False,0.03142075378137317,,6.983739709445218e-05,769.8145614862442,0.0,False,False,0.023962075741203244,,2.348869585278176e-05,832.7953770160675,0.0,False,False,,nonpositive_total_gain,,-211.16789350682205,0.984375,False,False
confirm-M-w64-d57163-s803-g04-random,20,M,64,57163,803,random,False,508.33794605731964,0.9928475508932024,508.33794605731964,-0.0,508.33794605731964,0.0,1.0,0.03570910363027681,4.670471151659499e-05,,False,False,6.258487701416016e-07,,nonpositive_total_gain,,-223.99280212819576,1.0,False,False,0.020983844386652524,,1.560349054918825e-05,919.7477689981461,0.001953125,False,False,0.032093140673100456,,5.33857596445081e-05,829.2588526010513,0.0,False,False,0.026232456754347863,,2.2543237028762558e-05,874.5033107995987,0.0,False,False,,nonpositive_total_gain,,-148.5637203233809,0.9296875,False,False
confirm-M-w64-d57163-s803-g04-random,30,M,64,57163,803,random,False,543.3001182079315,1.0611330433748662,543.3001182079315,-0.0,543.3001182079315,0.0,1.0,0.04728756768405058,6.433076359158517e-05,,False,False,7.053216297681075e-07,,nonpositive_total_gain,,-156.6567648202181,0.998046875,False,False,0.03161368778401338,,2.8748085667703047e-05,941.7485229969025,0.001953125,False,False,0.04115097217785112,,6.604299753388941e-05,844.8085849285126,0.001953125,False,False,0.03610973307619815,,3.6518186231871224e-05,893.2785539627075,0.0,False,False,,nonpositive_total_gain,,-113.60154817276899,0.841796875,False,False
confirm-M-w64-d57163-s803-g04-uniform,1,M,64,57163,803,uniform,False,374.3074414730072,0.7310692216269672,374.3074414730072,-0.0,374.3074414730072,0.0,1.0,,,constant_weights,False,False,7.053216298791298e-07,,constant_weights,,-514.1504367142916,1.0,False,False,,constant_weights,,825.0663821697235,0.001953125,False,False,,constant_weights,,812.0063674449921,0.0,False,False,,constant_weights,,818.5363748073578,0.0,False,False,,constant_weights,,-282.59422490769333,1.0,False,False
confirm-M-w64-d57163-s803-g04-uniform,3,M,64,57163,803,uniform,False,420.5138055086136,0.8213160263840109,420.5138055086136,-0.0,420.5138055086136,0.0,1.0,,,constant_weights,False,False,5.861123403283486e-07,,constant_weights,,-392.1209575086832,1.0,False,False,,constant_weights,,876.1901007890701,0.001953125,False,False,,constant_weights,,777.4722598791122,0.0,False,False,,constant_weights,,826.8311803340912,0.0,False,False,,constant_weights,,-236.38786087208695,0.990234375,False,False
confirm-M-w64-d57163-s803-g04-uniform,5,M,64,57163,803,uniform,False,444.5989748239517,0.8683573727030307,444.5989748239517,-0.0,444.5989748239517,0.0,1.0,,,constant_weights,False,False,6.457169851037392e-07,,constant_weights,,-353.15807838737965,1.0,False,False,,constant_weights,,912.1720561981201,0.001953125,False,False,,constant_weights,,774.7829306125641,0.0,False,False,,constant_weights,,843.4774934053421,0.0,False,False,,constant_weights,,-212.3026915567488,0.990234375,False,False
confirm-M-w64-d57163-s803-g04-uniform,10,M,64,57163,803,uniform,False,524.1082787513733,1.023648981936276,524.1082787513733,-0.0,524.1082787513733,0.0,1.0,,,constant_weights,False,False,6.357828775671592e-07,,constant_weights,,-190.62742035090923,1.0,False,False,,constant_weights,,921.3655531406403,0.001953125,False,False,,constant_weights,,841.5866935253143,0.0,False,False,,constant_weights,,881.4761233329773,0.0,False,False,,constant_weights,,-132.79338762932724,0.974609375,False,False
confirm-M-w64-d57163-s803-g04-uniform,20,M,64,57163,803,uniform,False,627.7028321027756,1.2259820939507335,627.7028321027756,-0.0,627.7028321027756,0.0,1.0,,,constant_weights,False,False,5.861123402173263e-07,,constant_weights,,16.104970782995224,0.1484375,False,False,,constant_weights,,949.2993161678314,0.001953125,False,False,,constant_weights,,917.7041997909546,0.001953125,False,False,,constant_weights,,933.501757979393,0.0,False,False,,constant_weights,,-29.198834277924902,0.81640625,False,False
confirm-M-w64-d57163-s803-g04-uniform,30,M,64,57163,803,uniform,False,664.808527469635,1.2984541552141309,664.808527469635,-0.0,664.808527469635,0.0,1.0,,,constant_weights,False,False,6.010135014111739e-07,,constant_weights,,62.111288353800774,0.0,False,False,,constant_weights,,1000.1995575428009,0.00390625,False,False,,constant_weights,,932.114705324173,0.0078125,False,False,,constant_weights,,966.1571314334869,0.0,False,False,,constant_weights,,7.906861088934534,0.46875,False,False
confirm-U-w128-d52919-s801-g04-random,1,U,128,52919,801,random,False,-1.3112776279449463,-0.0025610891170799732,7.940620303153992,9.251897931098938,17.19251823425293,0.53515625,0.07627024791123774,,,nonpositive_total_gain,False,False,3.365178902941038e-07,,nonpositive_total_gain,,-1.1725372970104218,0.919921875,False,False,,nonpositive_total_gain,,-2.768141269683838,0.50390625,False,False,8.0,,205410.17370052406,0.006841421127319336,0.494140625,False,True,,nonpositive_total_gain,,-1.3806499242782593,0.529296875,False,False,,nonpositive_total_gain,,-15.834891058740027,0.7578125,False,False
confirm-U-w128-d52919-s801-g04-random,3,U,128,52919,801,random,False,4.571081757545471,0.008927894057705998,9.504745960235596,4.9336642026901245,14.43841016292572,0.40625,0.3165917650187611,0.7269836758173138,0.001260140189194441,,False,False,3.986060619354248e-07,0.03587210803412193,,5.1191642415459253e-05,1.4276748411357403,0.03515625,False,False,0.4348105786105556,,0.0023022806248235374,7.799055814743042,0.388671875,False,False,1.7400354682164232,,0.044001112838398526,4.486513614654541,0.421875,False,False,0.8499776390246878,,0.001971797164078566,6.1427847146987915,0.41796875,False,False,,nonpositive_total_gain,,-9.95253167324961,0.6875,False,False
confirm-U-w128-d52919-s801-g04-random,5,U,128,52919,801,random,False,10.421905755996704,0.020355284679681063,16.945996165275574,6.52409040927887,23.470086574554443,0.373046875,0.4440505885178889,0.6643585732094259,0.0005026357089899919,,False,False,4.246830940246582e-07,0.21000178350103937,,0.0005597020577902773,0.5956225730478764,0.337890625,False,False,0.2872933423346412,,0.0006785056851007433,24.521398067474365,0.302734375,False,False,3.5344133061162286,,0.21038480575929536,6.148698091506958,0.48828125,False,False,0.6766418393745544,,0.0004965515355864323,15.335048079490662,0.376953125,False,False,,nonpositive_total_gain,,-4.1017076747983765,0.60546875,False,False
confirm-U-w128-d52919-s801-g04-random,10,U,128,52919,801,random,False,29.957322359085083,0.05851039523258805,49.770606994628906,19.813284635543823,69.58389163017273,0.373046875,0.4305209389308587,1.3238474897001207,0.0036203943888222442,,False,False,4.023313522338867e-07,,nonpositive_total_gain,,-14.434396021068096,0.99609375,False,False,0.3121944342961387,,0.001437768901286915,111.2035014629364,0.23828125,False,False,,nonpositive_total_gain,,-6.897142291069031,0.53125,False,False,1.018930350201709,,0.0009021646226576891,52.153179585933685,0.33984375,False,False,3.3279923553774933,,0.1807661519992941,15.433708928290002,0.4609375,False,False
confirm-U-w128-d52919-s801-g04-random,20,U,128,52919,801,random,False,49.610062420368195,0.09689465316478163,112.33637744188309,62.72631502151489,175.06269246339798,0.46875,0.28338455054174744,3.411691401434709,0.3932725788128928,,False,False,5.488594373159739e-07,,nonpositive_total_gain,,-8.26408613100648,0.859375,False,False,0.9019372438765743,,0.0022297076642447708,207.10496282577515,0.322265625,False,False,,nonpositive_total_gain,,-50.01069003343582,0.591796875,False,False,3.200460666553567,,0.3245010290719329,78.54713639616966,0.46875,False,False,4.928005353372913,,1.1261831314460469,35.086449257794,0.490234375,False,False
confirm-U-w128-d52919-s801-g04-random,30,U,128,52919,801,random,False,81.28640252351761,0.15876250492874533,176.7830087542534,95.49660623073578,272.27961498498917,0.498046875,0.298540169920539,3.0130040924099077,0.4338646672881557,,False,False,3.8246313732726023e-07,,nonpositive_total_gain,,-5.2108579352498055,0.646484375,False,False,1.2531535853610554,,0.021581318450766246,252.17567759752274,0.357421875,False,False,,nonpositive_total_gain,,-3.105589598417282,0.564453125,False,False,2.9403964653128236,,0.4022059449912149,124.53504399955273,0.49609375,False,False,3.6669930246301874,,0.790071451196972,66.76278888410624,0.5234375,False,False
confirm-U-w128-d52919-s801-g04-uniform,1,U,128,52919,801,uniform,False,3.239603042602539,0.006327349692583084,6.524709343910217,3.2851063013076782,9.809815645217896,0.384765625,0.3302409708567547,,,constant_weights,False,False,4.1226545969674094e-07,,constant_weights,,0.04945414140820503,0.41796875,False,False,,constant_weights,,5.815766096115112,0.384765625,False,False,,constant_weights,,3.8535842895507812,0.439453125,False,False,,constant_weights,,4.834675192832947,0.388671875,False,False,,constant_weights,,-11.284010388192542,0.806640625,False,False
confirm-U-w128-d52919-s801-g04-uniform,3,U,128,52919,801,uniform,False,13.75944173336029,0.026873909635469317,14.715624213218689,0.9561824798583984,15.671806693077087,0.173828125,0.8779741865651284,,,constant_weights,False,False,3.8743019104003906e-07,,constant_weights,,2.5398512072861195,0.0078125,False,False,,constant_weights,,28.382668018341064,0.158203125,False,False,,constant_weights,,10.35579800605774,0.373046875,False,False,,constant_weights,,19.369233012199402,0.189453125,False,False,,constant_weights,,-0.7641716974347901,0.556640625,False,False
confirm-U-w128-d52919-s801-g04-uniform,5,U,128,52919,801,uniform,False,33.25673735141754,0.06495456513948739,35.99453568458557,2.73779833316803,38.7323340177536,0.177734375,0.8586298294384679,,,constant_weights,False,False,3.948807716369629e-07,,constant_weights,,-2.6234076246619225,0.7890625,False,False,,constant_weights,,87.43326354026794,0.130859375,False,False,,constant_weights,,14.960357666015625,0.42578125,False,False,,constant_weights,,51.196810603141785,0.16796875,False,False,,constant_weights,,18.73312392062246,0.31640625,False,False
confirm-U-w128-d52919-s801-g04-uniform,10,U,128,52919,801,uniform,False,109.76159358024597,0.2143781124614179,111.58263993263245,1.8210463523864746,113.40368628501892,0.06640625,0.9678838243792249,,,constant_weights,False,False,4.197160402841238e-07,,constant_weights,,-1.6217933297157288,0.623046875,False,False,,constant_weights,,308.56489980220795,0.0546875,False,False,,constant_weights,,22.341676235198975,0.44140625,False,False,,constant_weights,,165.45328801870346,0.068359375,False,False,,constant_weights,,95.23798014945086,0.091796875,False,False
confirm-U-w128-d52919-s801-g04-uniform,20,U,128,52919,801,uniform,False,226.1195229291916,0.4416396932210773,226.31045019626617,0.19092726707458496,226.50137746334076,0.005859375,0.9983141182697179,,,constant_weights,False,False,3.88671954454356e-07,,constant_weights,,5.469582743942738,0.10546875,False,False,,constant_weights,,602.1163105368614,0.009765625,False,False,,constant_weights,,70.77267396450043,0.29296875,False,False,,constant_weights,,336.4444922506809,0.005859375,False,False,,constant_weights,,211.59590949839645,0.01171875,False,False
confirm-U-w128-d52919-s801-g04-uniform,30,U,128,52919,801,uniform,False,337.77388244867325,0.6597146141575649,337.77388244867325,-0.0,337.77388244867325,0.0,1.0,,,constant_weights,False,False,3.4769376117127493e-07,,constant_weights,,7.272023364901543,0.07421875,False,False,,constant_weights,,853.0694499611855,0.00390625,False,False,,constant_weights,,152.98018097877502,0.19140625,False,False,,constant_weights,,503.02481546998024,0.0,False,False,,constant_weights,,323.2502690178781,0.0,False,False
confirm-U-w128-d52919-s802-g04-random,1,U,128,52919,802,random,False,0.5248032808303833,0.0010250064078718424,6.132077097892761,5.607273817062378,11.73935091495514,0.5,0.044704625036961744,8.0,0.9352406469246889,,False,True,4.0605664253234863e-07,,nonpositive_total_gain,,-0.8416155688464642,0.923828125,False,False,0.39390767811855054,,0.024640188404308955,3.202990770339966,0.49609375,False,False,,nonpositive_total_gain,,-0.7869663238525391,0.521484375,False,False,7.647143257050269,,0.2049054108806701,1.2080122232437134,0.494140625,False,False,,nonpositive_total_gain,,-13.956255771455176,0.8203125,False,False
confirm-U-w128-d52919-s802-g04-random,3,U,128,52919,802,random,False,5.890170693397522,0.011504239635542035,10.171886801719666,4.2817161083221436,14.453602910041809,0.3828125,0.4075226592329624,0.5389892406776633,0.0018395976601475947,,False,False,5.289912223815918e-07,0.0881239856116728,,0.00013500527064714044,0.8380339778959751,0.1484375,False,False,0.24593558470187687,,0.0025445136350154773,13.628913164138794,0.376953125,False,False,3.972817844342528,,0.1555525064400616,3.2035679817199707,0.474609375,False,False,0.5739066628815619,,0.0018607037049196606,8.416240572929382,0.388671875,False,False,,nonpositive_total_gain,,-8.590888358888037,0.703125,False,False
confirm-U-w128-d52919-s802-g04-random,5,U,128,52919,802,random,False,13.107822060585022,0.02560121496208012,20.825968980789185,7.718146920204163,28.544115900993347,0.361328125,0.4592127535513848,0.8931471415275731,0.0005040856441639982,,False,False,4.420677820853036e-07,,nonpositive_total_gain,,-3.0320496819913387,0.958984375,False,False,0.2999250872827748,,0.002121016745896096,37.78854525089264,0.28515625,False,False,8.0,,1.436265763520033,4.566967487335205,0.486328125,False,True,0.7741261228736882,,0.0007357758281504832,21.177756369113922,0.35546875,False,False,,nonpositive_total_gain,,-1.3732369917005371,0.564453125,False,False
confirm-U-w128-d52919-s802-g04-random,10,U,128,52919,802,random,False,27.87150466442108,0.054436532547697425,59.76268398761749,31.89117932319641,91.6538633108139,0.431640625,0.30409525204523075,2.901481535852464,0.11996374650497639,,False,False,4.4951836268222745e-07,,nonpositive_total_gain,,-18.51425827667117,1.0,False,False,0.5385659565776832,,0.0004726150186826183,122.33794689178467,0.302734375,False,False,,nonpositive_total_gain,,-20.20918583869934,0.5625,False,False,2.1611833822393605,,0.04499029982168797,51.064380526542664,0.404296875,False,False,7.243236322604561,,1.39760626243654,13.390445612135517,0.4765625,False,False
confirm-U-w128-d52919-s802-g04-random,20,U,128,52919,802,random,False,47.32877731323242,0.09243901818990707,124.81470930576324,77.48593199253082,202.30064129829407,0.50390625,0.23395268057230587,5.131866514413284,0.740196528656163,,False,False,4.4082601868833393e-07,,nonpositive_total_gain,,-8.913713835179806,0.916015625,False,False,1.385977071043989,,0.011115405498705572,183.8295799791813,0.345703125,False,False,,nonpositive_total_gain,,-32.929528295993805,0.576171875,False,False,4.768799656002935,,0.6096673281596161,75.45002584159374,0.501953125,False,False,7.8566864957328,,2.071982629820885,32.84771888679561,0.537109375,False,False
confirm-U-w128-d52919-s802-g04-random,30,U,128,52919,802,random,False,70.24139285087585,0.1371902204118669,189.63365602493286,119.392263174057,309.02591919898987,0.525390625,0.22729935739029575,4.774900719227615,1.0096963545153061,,False,False,5.774199962615967e-07,,nonpositive_total_gain,,-3.9529584534466267,0.53515625,False,False,1.9633347774583787,,0.08251712702047102,212.1745322495699,0.400390625,False,False,8.0,,3985.196546370823,2.5025977194309235,0.552734375,False,True,4.67121278273818,,0.9521002512512,107.33856498450041,0.5234375,False,False,6.153383491074612,,1.9035909550791963,55.7603342456251,0.53125,False,False
confirm-U-w128-d52919-s802-g04-uniform,1,U,128,52919,802,uniform,False,3.2798441648483276,0.00640594563446939,5.110213756561279,1.8303695917129517,6.940583348274231,0.359375,0.47256030224950146,,,constant_weights,False,False,4.0481487909938343e-07,,constant_weights,,0.024625107645988464,0.416015625,False,False,,constant_weights,,6.257214546203613,0.35546875,False,False,,constant_weights,,3.5576956272125244,0.41796875,False,False,,constant_weights,,4.907455086708069,0.361328125,False,False,,constant_weights,,-11.201214887437231,0.857421875,False,False
confirm-U-w128-d52919-s802-g04-uniform,3,U,128,52919,802,uniform,False,11.889763355255127,0.02322219405323267,13.360228419303894,1.470465064048767,14.830693483352661,0.1953125,0.8016997565623816,,,constant_weights,False,False,4.29650147756519e-07,,constant_weights,,2.8135375045239925,0.001953125,False,False,,constant_weights,,23.88458013534546,0.193359375,False,False,,constant_weights,,8.971163034439087,0.3984375,False,False,,constant_weights,,16.427871584892273,0.224609375,False,False,,constant_weights,,-2.591295697030432,0.60546875,False,False
confirm-U-w128-d52919-s802-g04-uniform,5,U,128,52919,802,uniform,False,32.22846782207489,0.06294622621499002,35.02721166610718,2.7987438440322876,37.825955510139465,0.169921875,0.8520199261968641,,,constant_weights,False,False,4.3958425521850586e-07,,constant_weights,,-2.193844895809889,0.775390625,False,False,,constant_weights,,83.08148694038391,0.13671875,False,False,,constant_weights,,15.797771453857422,0.42578125,False,False,,constant_weights,,49.43962919712067,0.162109375,False,False,,constant_weights,,17.74740876978933,0.33984375,False,False
confirm-U-w128-d52919-s802-g04-uniform,10,U,128,52919,802,uniform,False,106.05449724197388,0.20713768992573023,108.42692220211029,2.3724249601364136,110.7993471622467,0.072265625,0.9571761924434012,,,constant_weights,False,False,3.5762786865234375e-07,,constant_weights,,-2.4446519799530506,0.65234375,False,False,,constant_weights,,295.8152987957001,0.0625,False,False,,constant_weights,,24.792842626571655,0.404296875,False,False,,constant_weights,,160.30407071113586,0.0703125,False,False,,constant_weights,,91.57343818968829,0.103515625,False,False
confirm-U-w128-d52919-s802-g04-uniform,20,U,128,52919,802,uniform,False,230.08212387561798,0.44937914819456637,230.1546115875244,0.0724877119064331,230.22709929943085,0.00390625,0.9993702938348525,,,constant_weights,False,False,3.849466642114052e-07,,constant_weights,,2.7816995084285736,0.240234375,False,False,,constant_weights,,589.0519400238991,0.0078125,False,False,,constant_weights,,98.41272902488708,0.23828125,False,False,,constant_weights,,343.7323345243931,0.00390625,False,False,,constant_weights,,215.60106482333236,0.00390625,False,False
confirm-U-w128-d52919-s802-g04-uniform,30,U,128,52919,802,uniform,False,355.8660951256752,0.6950509670423344,355.8660951256752,-0.0,355.8660951256752,0.0,1.0,,,constant_weights,False,False,3.3279259997742727e-07,,constant_weights,,5.589413054287434,0.123046875,False,False,,constant_weights,,822.1508142948151,0.001953125,False,False,,constant_weights,,239.85805851221085,0.134765625,False,False,,constant_weights,,531.004436403513,0.0,False,False,,constant_weights,,341.3850360733896,0.0,False,False
confirm-U-w128-d52919-s803-g04-random,1,U,128,52919,803,random,False,-1.6436790227890015,-0.0032103105913847685,7.364688038825989,9.00836706161499,16.37305510044098,0.5390625,0.10038926838673694,,,nonpositive_total_gain,False,False,4.793206850699228e-07,,nonpositive_total_gain,,-0.7550692372024059,0.890625,False,False,,nonpositive_total_gain,,-0.9953854084014893,0.53125,False,False,,nonpositive_total_gain,,-3.1805789470672607,0.53125,False,False,,nonpositive_total_gain,,-2.087982177734375,0.525390625,False,False,,nonpositive_total_gain,,-15.357325174149878,0.767578125,False,False
confirm-U-w128-d52919-s803-g04-random,3,U,128,52919,803,random,False,3.9809088706970215,0.00777521263808012,10.127509474754333,6.146600604057312,16.274110078811646,0.416015625,0.24461607125787072,1.321908807269402,0.007444050442555536,,False,False,3.650784492492676e-07,0.1804825727437841,,0.0019888845974247293,0.4502962715923786,0.228515625,False,False,0.4707153432625578,,0.0006662959076860479,10.113353490829468,0.40625,False,False,8.0,,3.2994558001061582,1.3790853023529053,0.50390625,False,True,1.3866160718423517,,0.009383659528504862,5.7462193965911865,0.423828125,False,False,,nonpositive_total_gain,,-9.732737280663855,0.705078125,False,False
confirm-U-w128-d52919-s803-g04-random,5,U,128,52919,803,random,False,9.999918341636658,0.019531090511009097,20.254550218582153,10.254631876945496,30.50918209552765,0.40625,0.32776749997183796,1.7072251065812525,0.011871400748390843,,False,False,3.849466641732413e-07,,nonpositive_total_gain,,-6.6440053060650826,0.990234375,False,False,0.5897904234410254,,0.0006070909616329946,32.19358849525452,0.337890625,False,False,8.0,,0.8308042274126447,4.45018744468689,0.48828125,False,True,1.1460489657488222,,0.0017147429600315436,18.321887969970703,0.380859375,False,False,,nonpositive_total_gain,,-3.713727809724219,0.5703125,False,False
confirm-U-w128-d52919-s803-g04-random,10,U,128,52919,803,random,False,25.54875022172928,0.049899902776815,57.115205347537994,31.566455125808716,88.68166047334671,0.439453125,0.2880950817267112,3.0904212576548584,0.13065773109577844,,False,False,3.948807716369629e-07,,nonpositive_total_gain,,-29.129461489617825,1.0,False,False,0.629910785027495,,0.00041379362443625084,119.92797434329987,0.302734375,False,False,,nonpositive_total_gain,,-14.152257919311523,0.54296875,False,False,1.8840238527448911,,0.022537505625734776,52.88785821199417,0.4140625,False,False,8.0,,1.6937968300611586,11.835104070368402,0.5,False,True
confirm-U-w128-d52919-s803-g04-random,20,U,128,52919,803,random,False,40.78952670097351,0.07966704433783889,116.43882179260254,75.64929509162903,192.08811688423157,0.521484375,0.21234799613115427,5.317319941408648,0.9867314051009476,,False,False,4.246830940246582e-07,,nonpositive_total_gain,,-12.358279690146446,0.94921875,False,False,1.3564414113056653,,0.012999056137712035,188.39100375771523,0.35546875,False,False,,nonpositive_total_gain,,-53.664129823446274,0.630859375,False,False,4.75218014921246,,0.7310233102455762,67.36343696713448,0.51171875,False,False,8.0,,3.008573481589025,27.075880340996363,0.546875,False,True
confirm-U-w128-d52919-s803-g04-random,30,U,128,52919,803,random,False,69.55359917879105,0.13584687339607626,177.53427702188492,107.98067784309387,285.5149548649788,0.51171875,0.24360755187651462,4.062104258401453,0.7895203174222377,,False,False,4.122654596594444e-07,,nonpositive_total_gain,,-8.129388853907585,0.775390625,False,False,1.4694228318161793,,0.03611829107001646,240.76716853678226,0.357421875,False,False,,nonpositive_total_gain,,-23.976976677775383,0.6015625,False,False,3.8859232037594778,,0.6964324186176923,108.39509592950344,0.51171875,False,False,5.117316119069211,,1.477706079509008,55.83995311683711,0.52734375,False,False
confirm-U-w128-d52919-s803-g04-uniform,1,U,128,52919,803,uniform,False,2.6046401262283325,0.005087187746539712,6.242737889289856,3.6380977630615234,9.88083565235138,0.390625,0.26360524735663393,,,constant_weights,False,False,4.917383193969727e-07,,constant_weights,,0.1745181865990162,0.326171875,False,False,,constant_weights,,5.506675958633423,0.384765625,False,False,,constant_weights,,2.132727861404419,0.455078125,False,False,,constant_weights,,3.819701910018921,0.392578125,False,False,,constant_weights,,-11.109006025132544,0.81640625,False,False
confirm-U-w128-d52919-s803-g04-uniform,3,U,128,52919,803,uniform,False,11.326224565505981,0.02212153235450387,12.312540769577026,0.9863162040710449,13.298856973648071,0.169921875,0.8516690259884065,,,constant_weights,False,False,4.221995671613299e-07,,constant_weights,,2.8990455232560635,0.0,False,False,,constant_weights,,21.14785361289978,0.1953125,False,False,,constant_weights,,9.931772232055664,0.3203125,False,False,,constant_weights,,15.539812922477722,0.189453125,False,False,,constant_weights,,-2.387421585854895,0.5859375,False,False
confirm-U-w128-d52919-s803-g04-uniform,5,U,128,52919,803,uniform,False,31.554462432861328,0.06162980943918228,33.43412744998932,1.8796650171279907,35.31379246711731,0.13671875,0.8935449927176043,,,constant_weights,False,False,4.544854164123535e-07,,constant_weights,,-4.200092978775501,0.943359375,False,False,,constant_weights,,80.17575395107269,0.099609375,False,False,,constant_weights,,18.687738180160522,0.400390625,False,False,,constant_weights,,49.43174606561661,0.12109375,False,False,,constant_weights,,17.84081628150045,0.30859375,False,False
confirm-U-w128-d52919-s803-g04-uniform,10,U,128,52919,803,uniform,False,117.74603819847107,0.2299727308563888,119.99340546131134,2.247367262840271,122.24077272415161,0.0625,0.9632304800966585,,,constant_weights,False,False,3.750125567303364e-07,,constant_weights,,-5.2967850267887115,0.919921875,False,False,,constant_weights,,330.60248696804047,0.052734375,False,False,,constant_weights,,27.93241786956787,0.40625,False,False,,constant_weights,,179.26745241880417,0.060546875,False,False,,constant_weights,,104.03239204711015,0.087890625,False,False
confirm-U-w128-d52919-s803-g04-uniform,20,U,128,52919,803,uniform,False,228.82469707727432,0.4469232364790514,229.08090323209763,0.2562061548233032,229.33710938692093,0.009765625,0.9977656807874817,,,constant_weights,False,False,4.172325134277344e-07,,constant_weights,,3.165558520704508,0.185546875,False,False,,constant_weights,,603.3881967663765,0.005859375,False,False,,constant_weights,,79.92034077644348,0.26171875,False,False,,constant_weights,,341.65426877141,0.009765625,False,False,,constant_weights,,215.1110509259134,0.01171875,False,False
confirm-U-w128-d52919-s803-g04-uniform,30,U,128,52919,803,uniform,False,341.4031611084938,0.666803049040027,341.4031611084938,-0.0,341.4031611084938,0.0,1.0,,,constant_weights,False,False,3.6632021271909565e-07,,constant_weights,,6.392276968806982,0.09375,False,False,,constant_weights,,841.3030211031437,0.0,False,False,,constant_weights,,176.51419067382812,0.154296875,False,False,,constant_weights,,508.9086058884859,0.0,False,False,,constant_weights,,327.6895149571329,0.0,False,False
confirm-U-w128-d55049-s801-g04-random,1,U,128,55049,801,random,False,-2.1380645036697388,-0.0041759072337299585,7.30033540725708,9.438399910926819,16.7387353181839,0.564453125,0.12773154381305507,,,nonpositive_total_gain,False,False,3.948807716369629e-07,,nonpositive_total_gain,,-1.198874320834875,0.970703125,False,False,,nonpositive_total_gain,,-3.4430041313171387,0.56640625,False,False,,nonpositive_total_gain,,-1.772327184677124,0.55078125,False,False,,nonpositive_total_gain,,-2.6076656579971313,0.556640625,False,False,,nonpositive_total_gain,,-16.12034676247538,0.763671875,False,False
confirm-U-w128-d55049-s801-g04-random,3,U,128,55049,801,random,False,2.545273184776306,0.004971236689016223,10.367334246635437,7.822061061859131,18.189395308494568,0.47265625,0.13993170974670316,3.9539951389018815,0.3032412377472479,,False,False,3.9984782536708896e-07,,nonpositive_total_gain,,-1.8071461841464043,0.802734375,False,False,0.8585126575694833,,0.003618901858253612,9.364370822906494,0.435546875,False,False,8.0,,2665.795194351525,0.07859230041503906,0.5234375,False,True,2.9712721351831215,,0.1254358685462312,4.721481561660767,0.46484375,False,False,,nonpositive_total_gain,,-11.437009074029334,0.689453125,False,False
confirm-U-w128-d55049-s801-g04-random,5,U,128,55049,801,random,False,6.095620632171631,0.011905509047210217,19.13411843776703,13.038497805595398,32.17261624336243,0.4765625,0.1894661157197381,3.4048652368091283,0.1430180234343392,,False,False,3.948807716369629e-07,,nonpositive_total_gain,,-3.231369499117136,0.9140625,False,False,0.5169407501981786,,0.0014835120398634307,28.458688855171204,0.380859375,False,False,,nonpositive_total_gain,,-6.940465569496155,0.541015625,False,False,2.7033630791168415,,0.06592525488107774,10.759111642837524,0.4609375,False,False,,nonpositive_total_gain,,-7.886661626634009,0.599609375,False,False
confirm-U-w128-d55049-s801-g04-random,10,U,128,55049,801,random,False,18.64136552810669,0.03640891704708338,46.482919216156006,27.841553688049316,74.32447290420532,0.458984375,0.2508105984435707,3.329277690117331,0.1944347834110801,,False,False,4.023313522338867e-07,,nonpositive_total_gain,,-16.351387906819582,0.998046875,False,False,0.6752395080630238,,0.0005384585791583945,93.76102727651596,0.3203125,False,False,,nonpositive_total_gain,,-21.485541701316833,0.5703125,False,False,2.3564246840081444,,0.058656567873374615,36.137742787599564,0.4296875,False,False,8.0,,9.882323604077113,4.659083269301049,0.5078125,False,True
confirm-U-w128-d55049-s801-g04-random,20,U,128,55049,801,random,False,40.8946408033371,0.07987234531901777,108.47666454315186,67.58202373981476,176.0586882829666,0.4921875,0.23227845897391924,4.356801209659308,0.7336156097079166,,False,False,3.8991371792418406e-07,,nonpositive_total_gain,,-14.134936682879925,0.9765625,False,False,1.3435137768573933,,0.012026999725134133,171.7314718067646,0.341796875,False,False,,nonpositive_total_gain,,-34.91262298822403,0.580078125,False,False,3.867870850890864,,0.515858713265447,68.40942440927029,0.474609375,False,False,6.597070499437871,,2.3551892256291085,26.912358455124476,0.525390625,False,False
confirm-U-w128-d55049-s801-g04-random,30,U,128,55049,801,random,False,69.97214978933334,0.1366643550572917,177.53401118516922,107.56186139583588,285.0958725810051,0.51171875,0.24543375235799655,3.634939158728845,0.8022384176096343,,False,False,5.19057114900523e-07,,nonpositive_total_gain,,-3.9309025406837463,0.5546875,False,False,1.659482329864968,,0.07065085384751513,216.12148867547512,0.396484375,False,False,,nonpositive_total_gain,,-2.2741404324769974,0.55078125,False,False,3.561472910714465,,0.7555847576069092,106.92367412149906,0.5078125,False,False,4.498868503127794,,1.4988153544611982,55.98986711329517,0.52734375,False,False
confirm-U-w128-d55049-s801-g04-uniform,1,U,128,55049,801,uniform,False,2.238815426826477,0.004372686380520463,6.112416863441467,3.8736014366149902,9.986018300056458,0.412109375,0.224195005412099,,,constant_weights,False,False,4.246830940246582e-07,,constant_weights,,0.27664631232619286,0.3046875,False,False,,constant_weights,,4.437535047531128,0.421875,False,False,,constant_weights,,2.002274513244629,0.455078125,False,False,,constant_weights,,3.2199047803878784,0.416015625,False,False,,constant_weights,,-11.743466831979163,0.78515625,False,False
confirm-U-w128-d55049-s801-g04-uniform,3,U,128,55049,801,uniform,False,11.737982273101807,0.022925746627151966,12.531672716140747,0.7936904430389404,13.325363159179688,0.150390625,0.8808752251540437,,,constant_weights,False,False,4.035731156690203e-07,,constant_weights,,2.1278034299612045,0.05078125,False,False,,constant_weights,,25.269748210906982,0.16015625,False,False,,constant_weights,,7.816385507583618,0.373046875,False,False,,constant_weights,,16.5430668592453,0.1640625,False,False,,constant_weights,,-2.244299985703833,0.626953125,False,False
confirm-U-w128-d55049-s801-g04-uniform,5,U,128,55049,801,uniform,False,29.84735631942749,0.05829561781138182,31.96157670021057,2.114220380783081,34.07579708099365,0.1484375,0.8759107306715168,,,constant_weights,False,False,3.774960835776185e-07,,constant_weights,,-3.0280993916094303,0.798828125,False,False,,constant_weights,,83.53734993934631,0.12890625,False,False,,constant_weights,,9.032806873321533,0.412109375,False,False,,constant_weights,,46.28507840633392,0.140625,False,False,,constant_weights,,15.86507406062185,0.3828125,False,False
confirm-U-w128-d55049-s801-g04-uniform,10,U,128,55049,801,uniform,False,97.051726937294,0.18955415417440236,98.89890193939209,1.8471750020980835,100.74607694149017,0.0625,0.9633300857328497,,,constant_weights,False,False,4.010895887918142e-07,,constant_weights,,0.9310653731226921,0.302734375,False,False,,constant_weights,,270.2104738354683,0.078125,False,False,,constant_weights,,20.013620376586914,0.41015625,False,False,,constant_weights,,145.1120471060276,0.064453125,False,False,,constant_weights,,83.06944467848834,0.1015625,False,False
confirm-U-w128-d55049-s801-g04-uniform,20,U,128,55049,801,uniform,False,206.84680539369583,0.40399766678456217,207.1816034913063,0.33479809761047363,207.51640158891678,0.0078125,0.9967732854362644,,,constant_weights,False,False,3.936390081948904e-07,,constant_weights,,4.916289679706097,0.14453125,False,False,,constant_weights,,548.9451437592506,0.01171875,False,False,,constant_weights,,66.67897176742554,0.279296875,False,False,,constant_weights,,307.8120577633381,0.009765625,False,False,,constant_weights,,192.86452313489013,0.013671875,False,False
confirm-U-w128-d55049-s801-g04-uniform,30,U,128,55049,801,uniform,False,318.59025341272354,0.6222465886967257,318.59025341272354,-0.0,318.59025341272354,0.0,1.0,,,constant_weights,False,False,3.6632021271909565e-07,,constant_weights,,7.889546785503626,0.068359375,False,False,,constant_weights,,791.3903615027666,0.0,False,False,,constant_weights,,156.49084508419037,0.181640625,False,False,,constant_weights,,473.9406032934785,0.0,False,False,,constant_weights,,304.6079709751039,0.001953125,False,False
confirm-U-w128-d55049-s802-g04-random,1,U,128,55049,802,random,False,0.03449666500091553,6.737629882991314e-05,6.203325271606445,6.16882860660553,12.372153878211975,0.509765625,0.0027882505617446286,8.0,722.8751831321623,,False,True,3.923972447714662e-07,,nonpositive_total_gain,,-1.0526212453842163,0.931640625,False,False,,nonpositive_total_gain,,-0.5959658622741699,0.513671875,False,False,2.1218824189926866,,0.15723796377632507,1.7520716190338135,0.482421875,False,False,8.0,,3.8907230161729167,0.5780528783798218,0.5,False,True,,nonpositive_total_gain,,-14.244506336984045,0.802734375,False,False
confirm-U-w128-d55049-s802-g04-random,3,U,128,55049,802,random,False,5.022908449172974,0.009810368064790964,9.605674982070923,4.582766532897949,14.188441514968872,0.39453125,0.3540141067554024,0.7705354045287836,0.003494375246826862,,False,False,4.6566128730773926e-07,0.011864197406643132,,8.022398949315531e-05,0.8630511537194252,0.146484375,False,False,0.49674770074448227,,0.0026393486950452207,8.816185474395752,0.3828125,False,False,1.7975948647405167,,0.012394266982745766,5.3894829750061035,0.4375,False,False,0.8597801504059899,,0.0032200590792886867,7.102834224700928,0.39453125,False,False,,nonpositive_total_gain,,-9.256094552811987,0.685546875,False,False
confirm-U-w128-d55049-s802-g04-random,5,U,128,55049,802,random,False,11.142847418785095,0.02176337386481464,20.032543540000916,8.88969612121582,28.922239661216736,0.37890625,0.38526917518518083,1.202337008328727,0.0017657635638286993,,False,False,4.6441952387260566e-07,,nonpositive_total_gain,,-0.5824670270085335,0.626953125,False,False,0.3916849749531123,,0.0025057022396375197,30.0302312374115,0.34375,False,False,8.0,,1.964214534745224,3.980787992477417,0.5,False,True,1.1591295453565755,,0.0016677931490140857,17.005509614944458,0.373046875,False,False,,nonpositive_total_gain,,-3.1361555831998658,0.5390625,False,False
confirm-U-w128-d55049-s802-g04-random,10,U,128,55049,802,random,False,22.501978278160095,0.043949176324531436,56.64356291294098,34.141584634780884,90.78514754772186,0.44140625,0.2478596872504037,4.085482791619844,0.2440015179345575,,False,False,4.830459753857319e-07,,nonpositive_total_gain,,-15.124145030975342,1.0,False,False,0.8782124462291425,,0.0007064085908852173,101.03905713558197,0.359375,False,False,,nonpositive_total_gain,,-18.408972144126892,0.560546875,False,False,3.1354882764551206,,0.10492686962512301,41.31504249572754,0.427734375,False,False,8.0,,4.623019573402828,8.22297527617513,0.5,False,True
confirm-U-w128-d55049-s802-g04-random,20,U,128,55049,802,random,False,38.04809749126434,0.07431269041262567,122.72058427333832,84.67248678207397,207.3930710554123,0.521484375,0.18345886532100422,6.918747168255863,1.510038973837958,,False,False,3.88671954454356e-07,,nonpositive_total_gain,,-7.617744535207748,0.884765625,False,False,2.199850780248339,,0.05946846168962402,150.057797819376,0.384765625,False,False,,nonpositive_total_gain,,-28.295748233795166,0.5859375,False,False,6.395543465166418,,1.25467956301191,60.88102479279041,0.51953125,False,False,8.0,,5.03984705566624,23.769094697895625,0.541015625,False,True
confirm-U-w128-d55049-s802-g04-random,30,U,128,55049,802,random,False,57.08660453557968,0.11149727448355407,177.2701317667961,120.18352723121643,297.45365899801254,0.541015625,0.19191764097936717,5.868435329737191,1.5708450084566015,,False,False,4.246830940246582e-07,,nonpositive_total_gain,,-4.238882128149271,0.55078125,False,False,2.2535096548295974,,0.10687053268620328,189.6465356349945,0.421875,False,False,,nonpositive_total_gain,,-14.147848531603813,0.556640625,False,False,5.691790616182611,,1.4594465581599554,87.74934355169535,0.537109375,False,False,8.0,,3.3100153916732142,42.8076016081005,0.5546875,False,True
confirm-U-w128-d55049-s802-g04-uniform,1,U,128,55049,802,uniform,False,2.491137742996216,0.004865503404289484,6.0335729122161865,3.5424351692199707,9.576008081436157,0.3828125,0.26014365503987846,,,constant_weights,False,False,4.495183626809264e-07,,constant_weights,,0.007780648767948151,0.453125,False,False,,constant_weights,,4.50370192527771,0.44140625,False,False,,constant_weights,,2.9619345664978027,0.431640625,False,False,,constant_weights,,3.7328182458877563,0.37890625,False,False,,constant_weights,,-11.787865258988745,0.8125,False,False
confirm-U-w128-d55049-s802-g04-uniform,3,U,128,55049,802,uniform,False,11.153745889663696,0.021784659940749407,12.764585971832275,1.610840082168579,14.375426054000854,0.197265625,0.7758897613027249,,,constant_weights,False,False,4.1102369626594415e-07,,constant_weights,,3.062242526561022,0.001953125,False,False,,constant_weights,,22.560669898986816,0.220703125,False,False,,constant_weights,,7.838332653045654,0.390625,False,False,,constant_weights,,15.199501276016235,0.21484375,False,False,,constant_weights,,-3.1252571123212647,0.6015625,False,False
confirm-U-w128-d55049-s802-g04-uniform,5,U,128,55049,802,uniform,False,30.868155598640442,0.06028936640359461,32.699318647384644,1.8311630487442017,34.530481696128845,0.15234375,0.8939393278750878,,,constant_weights,False,False,4.6814481417800646e-07,,constant_weights,,-4.381965134292841,0.93359375,False,False,,constant_weights,,85.08966100215912,0.1171875,False,False,,constant_weights,,11.896775007247925,0.427734375,False,False,,constant_weights,,48.49321800470352,0.13671875,False,False,,constant_weights,,16.58915259665548,0.345703125,False,False
confirm-U-w128-d55049-s802-g04-uniform,10,U,128,55049,802,uniform,False,100.54927372932434,0.1963853002525866,101.95509552955627,1.4058218002319336,103.36091732978821,0.056640625,0.9727978072070229,,,constant_weights,False,False,4.755953947610525e-07,,constant_weights,,-2.1831083074212074,0.716796875,False,False,,constant_weights,,284.0745644569397,0.041015625,False,False,,constant_weights,,19.75635600090027,0.421875,False,False,,constant_weights,,151.91546022891998,0.0546875,False,False,,constant_weights,,86.27027072733935,0.08203125,False,False
confirm-U-w128-d55049-s802-g04-uniform,20,U,128,55049,802,uniform,False,220.34567868709564,0.4303626536857337,220.39101326465607,0.045334577560424805,220.4363478422165,0.001953125,0.9995886832820069,,,constant_weights,False,False,3.8743019104003906e-07,,constant_weights,,3.176708146929741,0.203125,False,False,,constant_weights,,582.3585270345211,0.005859375,False,False,,constant_weights,,75.50179815292358,0.25390625,False,False,,constant_weights,,328.93016259372234,0.001953125,False,False,,constant_weights,,206.06667568511062,0.0078125,False,False
confirm-U-w128-d55049-s802-g04-uniform,30,U,128,55049,802,uniform,False,345.08017760515213,0.6739847218850628,345.08017760515213,-0.0,345.08017760515213,0.0,1.0,,,constant_weights,False,False,3.638366857794395e-07,,constant_weights,,8.44356906041503,0.029296875,False,False,,constant_weights,,837.0417401641607,0.0,False,False,,constant_weights,,189.75522881746292,0.15234375,False,False,,constant_weights,,513.3984844908118,0.0,False,False,,constant_weights,,330.8011746031671,0.0,False,False
confirm-U-w128-d55049-s803-g04-random,1,U,128,55049,803,random,False,0.7486598491668701,0.0014622262679040432,4.691712260246277,3.9430524110794067,8.634764671325684,0.458984375,0.08670298238156031,2.8289293034528358,0.2580250236581545,,False,False,3.725290298461914e-07,,nonpositive_total_gain,,-0.3934291638433933,0.775390625,False,False,1.5011016705833309,,0.06697936752512146,1.8016459941864014,0.455078125,False,False,4.3154252413684455,,0.5205793915707803,0.8377721309661865,0.46875,False,False,2.317810947608218,,0.14009548264019314,1.319709062576294,0.453125,False,False,,nonpositive_total_gain,,-12.93085882836283,0.87109375,False,False
confirm-U-w128-d55049-s803-g04-random,3,U,128,55049,803,random,False,4.675938606262207,0.009132692590355873,8.064977169036865,3.389038562774658,11.454015731811523,0.3515625,0.40823574157276615,0.810491504974604,0.0015751539567261685,,False,False,4.7435363133632724e-07,0.08277554540466056,,0.0005747315747974005,0.5741623751819134,0.23046875,False,False,0.4077235037396114,,0.0004372421982598912,12.224094152450562,0.306640625,False,False,7.0068083457311,,2.1434290303176495,1.2295544147491455,0.482421875,False,False,0.8574793948074109,,0.002078796904709862,6.7268242835998535,0.357421875,False,False,,nonpositive_total_gain,,-9.003580071267493,0.748046875,False,False
confirm-U-w128-d55049-s803-g04-random,5,U,128,55049,803,random,False,8.316421389579773,0.016243010526522994,18.899696111679077,10.583274722099304,29.48297083377838,0.408203125,0.28207542029827337,1.7450992215285077,0.03408935328741387,,False,False,3.737707932743861e-07,,nonpositive_total_gain,,-2.4211070351302624,0.88671875,False,False,0.5232073296540585,,0.00039064751377029203,32.07530975341797,0.326171875,False,False,,nonpositive_total_gain,,-4.704931974411011,0.4921875,False,False,1.5050834329280338,,0.019797946066372193,13.685188889503479,0.40234375,False,False,,nonpositive_total_gain,,-5.363097287949927,0.560546875,False,False
confirm-U-w128-d55049-s803-g04-random,10,U,128,55049,803,random,False,32.82812249660492,0.06411742675118148,58.570536613464355,25.742414116859436,84.31295073032379,0.39453125,0.38936037954128955,1.8091160483296802,0.040298161426146145,,False,False,3.625949223824698e-07,,nonpositive_total_gain,,-19.285088192671537,1.0,False,False,0.6325502866603829,,0.0004229961993144526,127.47186267375946,0.3046875,False,False,,nonpositive_total_gain,,-9.702419638633728,0.55859375,False,False,1.3746653122238044,,0.013853652073683269,58.884721517562866,0.37109375,False,False,3.7298639686542616,,0.36637637282782665,19.14860381907522,0.44140625,False,False
confirm-U-w128-d55049-s803-g04-random,20,U,128,55049,803,random,False,40.293569803237915,0.07869837852194905,124.17776155471802,83.8841917514801,208.06195330619812,0.50390625,0.19366140307228183,5.138832309775252,1.3387902041590594,,False,False,4.942218462811176e-07,,nonpositive_total_gain,,-8.783106550574303,0.89453125,False,False,1.6574961650840105,,0.06256253124772036,178.4818935394287,0.39453125,False,False,,nonpositive_total_gain,,-48.81808206439018,0.568359375,False,False,4.750080121771096,,1.095933284254965,64.83190573751926,0.5,False,False,8.0,,3.919511576830453,26.61405103630123,0.53125,False,True
confirm-U-w128-d55049-s803-g04-random,30,U,128,55049,803,random,False,72.40399622917175,0.14141405513510108,192.83380949497223,120.42981326580048,313.2636227607727,0.52734375,0.23112800519600668,3.8820451829901557,0.9906630455670363,,False,False,4.3834249180418894e-07,,nonpositive_total_gain,,-5.933197777718306,0.62890625,False,False,1.6358727414985723,,0.08434718659239146,236.52345901727676,0.396484375,False,False,,nonpositive_total_gain,,-13.378267839550972,0.58203125,False,False,3.7622794514004303,,0.9106463731264514,111.5725955888629,0.52734375,False,False,4.806078725453416,,1.754928263138367,58.724477849665234,0.53125,False,False
confirm-U-w128-d55049-s803-g04-uniform,1,U,128,55049,803,uniform,False,2.774695873260498,0.00541932787746191,5.024720668792725,2.2500247955322266,7.274745464324951,0.37890625,0.381414839442492,,,constant_weights,False,False,3.638366858163024e-07,,constant_weights,,0.3065023794770241,0.232421875,False,False,,constant_weights,,5.169666051864624,0.376953125,False,False,,constant_weights,,2.84791898727417,0.453125,False,False,,constant_weights,,4.008792519569397,0.380859375,False,False,,constant_weights,,-10.904822804269202,0.8515625,False,False
confirm-U-w128-d55049-s803-g04-uniform,3,U,128,55049,803,uniform,False,12.229963302612305,0.023886647075414658,13.049068689346313,0.8191053867340088,13.868174076080322,0.140625,0.8818726413094579,,,constant_weights,False,False,3.998478253705584e-07,,constant_weights,,2.9069017693400383,0.0,False,False,,constant_weights,,26.3302059173584,0.1484375,False,False,,constant_weights,,7.452784776687622,0.408203125,False,False,,constant_weights,,16.89149534702301,0.171875,False,False,,constant_weights,,-1.449555374917395,0.603515625,False,False
confirm-U-w128-d55049-s803-g04-uniform,5,U,128,55049,803,uniform,False,32.614431619644165,0.06370006175711751,34.57448935508728,1.9600577354431152,36.534547090530396,0.130859375,0.8927011340479349,,,constant_weights,False,False,3.774960835797869e-07,,constant_weights,,-5.0019345954060555,0.931640625,False,False,,constant_weights,,90.05642926692963,0.107421875,False,False,,constant_weights,,12.788804292678833,0.40625,False,False,,constant_weights,,51.42261677980423,0.11328125,False,False,,constant_weights,,18.934912942114465,0.31640625,False,False
confirm-U-w128-d55049-s803-g04-uniform,10,U,128,55049,803,uniform,False,107.27154266834259,0.20951473177410662,109.31748902797699,2.0459463596343994,111.36343538761139,0.060546875,0.9632564072307346,,,constant_weights,False,False,4.0729840594666555e-07,,constant_weights,,-3.3848209343850613,0.830078125,False,False,,constant_weights,,297.55719697475433,0.068359375,False,False,,constant_weights,,27.642242670059204,0.392578125,False,False,,constant_weights,,162.59971982240677,0.060546875,False,False,,constant_weights,,93.59202399081286,0.087890625,False,False
confirm-U-w128-d55049-s803-g04-uniform,20,U,128,55049,803,uniform,False,225.1776670217514,0.4398001309018582,225.32308757305145,0.14542055130004883,225.4685081243515,0.009765625,0.9987100588680008,,,constant_weights,False,False,3.8122137385743216e-07,,constant_weights,,5.120617903769016,0.087890625,False,False,,constant_weights,,583.5047815442085,0.001953125,False,False,,constant_weights,,86.90759539604187,0.25,False,False,,constant_weights,,335.2061884701252,0.009765625,False,False,,constant_weights,,211.49814834422165,0.01171875,False,False
confirm-U-w128-d55049-s803-g04-uniform,30,U,128,55049,803,uniform,False,351.01212722063065,0.6855705609777942,351.01212722063065,-0.0,351.01212722063065,0.0,1.0,,,constant_weights,False,False,3.675619760779014e-07,,constant_weights,,7.767570208758116,0.041015625,False,False,,constant_weights,,834.6193541437387,0.0,False,False,,constant_weights,,210.64945822954178,0.130859375,False,False,,constant_weights,,522.6344061866403,0.0,False,False,,constant_weights,,337.33260806626373,0.0,False,False
confirm-U-w128-d57163-s801-g04-random,1,U,128,57163,801,random,False,-0.19018900394439697,-0.00037146289832890034,7.275968909263611,7.466157913208008,14.742126822471619,0.509765625,0.012901056016862462,,,nonpositive_total_gain,False,False,4.892547925319096e-07,,nonpositive_total_gain,,-1.7434203997254372,0.986328125,False,False,1.6899639719729689,,0.03831639079683196,2.0175461769104004,0.462890625,False,False,,nonpositive_total_gain,,-0.8447000980377197,0.5078125,False,False,8.0,,4.840853770379901,0.5864230394363403,0.498046875,False,True,,nonpositive_total_gain,,-14.439315654572852,0.7734375,False,False
confirm-U-w128-d57163-s801-g04-random,3,U,128,57163,801,random,False,5.662190794944763,0.01105896639637649,10.6569185256958,4.994727730751038,15.651646256446838,0.3828125,0.3617632741100658,0.6087550775255854,0.002348573114610738,,False,False,3.948807716369629e-07,0.07621991445947925,,0.0007474914619431448,0.6608609259128571,0.2265625,False,False,0.32646178508850576,,0.002910882849651984,11.846745252609253,0.349609375,False,False,1.7441745017636112,,0.043740215970841836,4.478964328765869,0.451171875,False,False,0.6402496702528147,,0.0023042085291551115,8.162854790687561,0.392578125,False,False,,nonpositive_total_gain,,-8.586935855683691,0.6640625,False,False
confirm-U-w128-d57163-s801-g04-random,5,U,128,57163,801,random,False,12.30586850643158,0.02403489942662418,19.676987051963806,7.371118545532227,27.048105597496033,0.380859375,0.454962306401628,0.7669863439149287,0.0004538874751933271,,False,False,4.284083843231201e-07,,nonpositive_total_gain,,-6.031549993902445,0.9921875,False,False,0.33247202170649504,,0.0010052988949007442,36.65334868431091,0.328125,False,False,2.8221414809602416,,0.2356429440443515,6.295804500579834,0.453125,False,False,0.6041716273414135,,0.00041933012608872164,21.474576592445374,0.3671875,False,False,,nonpositive_total_gain,,-1.943258144196875,0.578125,False,False
confirm-U-w128-d57163-s801-g04-random,10,U,128,57163,801,random,False,29.684748888015747,0.057978025171905756,58.474836111068726,28.79008722305298,87.2649233341217,0.416015625,0.3401681655567172,2.084274505073961,0.06648999697224273,,False,False,4.2965014773743704e-07,,nonpositive_total_gain,,-21.536079082638025,1.0,False,False,0.6851857110457631,,0.0002807652145446098,120.28885918855667,0.32421875,False,False,,nonpositive_total_gain,,-9.698544144630432,0.546875,False,False,1.537865355997115,,0.019712123899394602,55.29515752196312,0.390625,False,False,4.521156086379998,,0.7518105862604347,15.435622237387289,0.46875,False,False
confirm-U-w128-d57163-s801-g04-random,20,U,128,57163,801,random,False,62.876275062561035,0.12280522473156452,115.90433323383331,53.02805817127228,168.9323914051056,0.44140625,0.37219786294140356,2.4346614332894005,0.13734658751237241,,False,False,4.6441952386566676e-07,,nonpositive_total_gain,,-11.061202444136143,0.888671875,False,False,1.0181031557996643,,0.005303820854190675,206.15205961465836,0.333984375,False,False,,nonpositive_total_gain,,-6.462040483951569,0.5546875,False,False,2.2595699625139605,,0.10714570831725166,99.8450095653534,0.4375,False,False,3.2846641026487102,,0.35455431991261377,48.627148262920954,0.470703125,False,False
confirm-U-w128-d57163-s801-g04-random,30,U,128,57163,801,random,False,77.24505198001862,0.15086924214847386,170.82811629772186,93.58306431770325,264.4111806154251,0.50390625,0.29213988531131097,3.1260288536690766,0.4850043850886015,,False,False,4.7932068508727e-07,,nonpositive_total_gain,,-1.6478986404836178,0.48828125,False,False,1.3157327426627674,,0.033128801308549935,249.1438113898039,0.361328125,False,False,,nonpositive_total_gain,,-15.760772198438644,0.5703125,False,False,3.096078848514774,,0.4706771997481222,116.69151959568262,0.501953125,False,False,3.828972443566164,,0.8989898189493506,62.99592540389594,0.521484375,False,False
confirm-U-w128-d57163-s801-g04-uniform,1,U,128,57163,801,uniform,False,3.1936161518096924,0.0062375315465033054,6.738359689712524,3.544743537902832,10.283103227615356,0.3984375,0.3105692981116061,,,constant_weights,False,False,4.023313522338867e-07,,constant_weights,,-0.19335148483514786,0.50390625,False,False,,constant_weights,,7.331956386566162,0.396484375,False,False,,constant_weights,,2.4422383308410645,0.453125,False,False,,constant_weights,,4.887097358703613,0.396484375,False,False,,constant_weights,,-11.055510498818762,0.7734375,False,False
confirm-U-w128-d57163-s801-g04-uniform,3,U,128,57163,801,uniform,False,13.140058994293213,0.02566417772322893,14.571726083755493,1.4316670894622803,16.003393173217773,0.185546875,0.8210795580704442,,,constant_weights,False,False,3.948807716369629e-07,,constant_weights,,1.3428135961294174,0.078125,False,False,,constant_weights,,28.256139993667603,0.177734375,False,False,,constant_weights,,9.821224689483643,0.359375,False,False,,constant_weights,,19.038682341575623,0.193359375,False,False,,constant_weights,,-1.1090676563352417,0.564453125,False,False
confirm-U-w128-d57163-s801-g04-uniform,5,U,128,57163,801,uniform,False,35.07644283771515,0.0685086774174124,37.34922635555267,2.2727835178375244,39.6220098733902,0.150390625,0.8852767174052972,,,constant_weights,False,False,4.048148791041539e-07,,constant_weights,,-4.146687883883715,0.919921875,False,False,,constant_weights,,96.31359815597534,0.140625,False,False,,constant_weights,,13.062413930892944,0.41015625,False,False,,constant_weights,,54.68800604343414,0.126953125,False,False,,constant_weights,,20.827316187086694,0.32421875,False,False
confirm-U-w128-d57163-s801-g04-uniform,10,U,128,57163,801,uniform,False,110.70111453533173,0.21621311432681978,111.8971107006073,1.1959961652755737,113.09310686588287,0.048828125,0.978849353450093,,,constant_weights,False,False,3.7997961044311523e-07,,constant_weights,,-1.700529757887125,0.662109375,False,False,,constant_weights,,313.35455417633057,0.0390625,False,False,,constant_weights,,20.44930672645569,0.408203125,False,False,,constant_weights,,166.90193045139313,0.048828125,False,False,,constant_weights,,96.45198788470324,0.0625,False,False
confirm-U-w128-d57163-s801-g04-uniform,20,U,128,57163,801,uniform,False,218.08249753713608,0.4259423780022189,218.20833033323288,0.12583279609680176,218.33416312932968,0.001953125,0.9988473375463256,,,constant_weights,False,False,3.5266081488405376e-07,,constant_weights,,4.89926590397954,0.125,False,False,,constant_weights,,590.5538448989391,0.0078125,False,False,,constant_weights,,58.79437863826752,0.2890625,False,False,,constant_weights,,324.6741117686033,0.00390625,False,False,,constant_weights,,203.83337088650757,0.00390625,False,False
confirm-U-w128-d57163-s801-g04-uniform,30,U,128,57163,801,uniform,False,335.65689009428024,0.6555798634653911,335.65689009428024,-0.0,335.65689009428024,0.0,1.0,,,constant_weights,False,False,3.6383668583495066e-07,,constant_weights,,8.857172582298517,0.04296875,False,False,,constant_weights,,860.1446020901203,0.0078125,False,False,,constant_weights,,137.9688881635666,0.20703125,False,False,,constant_weights,,499.05674512684345,0.0,False,False,,constant_weights,,321.4077631456285,0.0,False,False
confirm-U-w128-d57163-s802-g04-random,1,U,128,57163,802,random,False,0.6609115600585938,0.001290842890739441,6.965087056159973,6.304175496101379,13.269262552261353,0.486328125,0.049807708413001514,8.0,0.47712473819603196,,False,True,3.6135315895080566e-07,,nonpositive_total_gain,,-1.20115078240633,0.921875,False,False,8.0,,3.2384252588715636,0.4927494525909424,0.513671875,False,True,1.2886031519515044,,0.028864492351422272,2.691134214401245,0.470703125,False,False,4.088166983909437,,0.07477213632310487,1.5919418334960938,0.48046875,False,False,,nonpositive_total_gain,,-13.512445785340674,0.787109375,False,False
confirm-U-w128-d57163-s802-g04-random,3,U,128,57163,802,random,False,8.570042133331299,0.016738363541662693,12.267386436462402,3.6973443031311035,15.964730739593506,0.349609375,0.5368109411377088,0.3932873315380515,0.0030791698142612458,,False,False,4.2592485745632236e-07,0.1066301803101406,,0.002330859929602547,0.4555394873023033,0.3046875,False,False,0.24027532572006827,,0.00434431473370658,18.293036222457886,0.326171875,False,False,1.050895436598073,,0.003402814613622464,6.961546897888184,0.447265625,False,False,0.39971506034794435,,0.003076516911512542,12.627291560173035,0.34765625,False,False,,nonpositive_total_gain,,-5.603315212067969,0.65234375,False,False
confirm-U-w128-d57163-s802-g04-random,5,U,128,57163,802,random,False,15.81387460231781,0.030886473832651973,23.9255211353302,8.11164653301239,32.03716766834259,0.365234375,0.4936102581235429,0.6619947853587564,0.0009699237080312027,,False,False,4.172325134277344e-07,,nonpositive_total_gain,,-6.103276249021292,0.994140625,False,False,0.2585316246027979,,0.00253949839776743,49.17922604084015,0.27734375,False,False,8.0,,1.19311374345859,4.365665912628174,0.501953125,False,True,0.5378580841826912,,0.0014032020571819335,26.77244597673416,0.345703125,False,False,8.0,,6.270717147372656,1.6405172569185424,0.529296875,False,True
confirm-U-w128-d57163-s802-g04-random,10,U,128,57163,802,random,False,26.24797546863556,0.051265577087178826,61.42278790473938,35.17481243610382,96.5976003408432,0.44921875,0.27172492252416175,3.6231296483090953,0.16434864686254128,,False,False,4.544854164123535e-07,,nonpositive_total_gain,,-15.545050982385874,0.998046875,False,False,0.7112640459077018,,0.0001581074119542738,128.34762209653854,0.3203125,False,False,,nonpositive_total_gain,,-34.058653473854065,0.5625,False,False,2.76567759072355,,0.07298840702537683,47.14448431134224,0.431640625,False,False,8.0,,1.9663870621630546,12.074618123236288,0.478515625,False,True
confirm-U-w128-d57163-s802-g04-random,20,U,128,57163,802,random,False,55.95642536878586,0.10928989329840988,124.0800706744194,68.12364530563354,192.20371598005295,0.4765625,0.29113081962782167,4.132883123839176,0.3692637665614396,,False,False,4.010895888195698e-07,,nonpositive_total_gain,,-6.085512351244688,0.791015625,False,False,1.4210984904048676,,0.013715888249968698,201.71085712313652,0.357421875,False,False,,nonpositive_total_gain,,-27.756088197231293,0.576171875,False,False,3.9414555384352683,,0.3239846706839024,86.97738446295261,0.4765625,False,False,5.8899780063952445,,0.9246258766101926,41.783067993584254,0.498046875,False,False
confirm-U-w128-d57163-s802-g04-random,30,U,128,57163,802,random,False,74.82451409101486,0.1461416290840134,185.9696782231331,111.14516413211823,297.1148423552513,0.505859375,0.25183701190379926,4.467771285154097,0.7737299998628362,,False,False,4.5821070671081543e-07,,nonpositive_total_gain,,-1.4593233689665794,0.41796875,False,False,1.7683656247716022,,0.05655338371762313,239.51261787116528,0.376953125,False,False,,nonpositive_total_gain,,-13.579775229096413,0.580078125,False,False,4.422123672212914,,0.753923010189202,112.96642132103443,0.50390625,False,False,5.6606034023022955,,1.4066637853926949,60.6511571926504,0.521484375,False,False
confirm-U-w128-d57163-s802-g04-uniform,1,U,128,57163,802,uniform,False,3.3066102266311646,0.006458223098888993,6.4767385721206665,3.170128345489502,9.646866917610168,0.412109375,0.342765195671458,,,constant_weights,False,False,3.923972447710325e-07,,constant_weights,,0.07656825706362724,0.40234375,False,False,,constant_weights,,6.356899738311768,0.4140625,False,False,,constant_weights,,3.4863569736480713,0.447265625,False,False,,constant_weights,,4.921628355979919,0.416015625,False,False,,constant_weights,,-10.866747118768103,0.78125,False,False
confirm-U-w128-d57163-s802-g04-uniform,3,U,128,57163,802,uniform,False,15.236749053001404,0.029759275494143367,16.48536229133606,1.2486132383346558,17.733975529670715,0.173828125,0.8591840576022448,,,constant_weights,False,False,4.1226545969413886e-07,,constant_weights,,0.9767129495739937,0.201171875,False,False,,constant_weights,,36.3172652721405,0.171875,False,False,,constant_weights,,8.41626262664795,0.400390625,False,False,,constant_weights,,22.366763949394226,0.173828125,False,False,,constant_weights,,1.0633917076021362,0.5546875,False,False
confirm-U-w128-d57163-s802-g04-uniform,5,U,128,57163,802,uniform,False,38.99115693569183,0.07615460339002311,41.02973198890686,2.038575053215027,43.06830704212189,0.126953125,0.9053329376879732,,,constant_weights,False,False,3.650784492492676e-07,,constant_weights,,-4.418587055057287,0.9140625,False,False,,constant_weights,,109.7346441745758,0.1328125,False,False,,constant_weights,,11.65740180015564,0.427734375,False,False,,constant_weights,,60.69602298736572,0.123046875,False,False,,constant_weights,,24.817799590292566,0.28515625,False,False
confirm-U-w128-d57163-s802-g04-uniform,10,U,128,57163,802,uniform,False,109.91173028945923,0.21467134822160006,110.91014397144318,0.9984136819839478,111.90855765342712,0.044921875,0.9821566160279545,,,constant_weights,False,False,3.8494666416977186e-07,,constant_weights,,-0.373953640460968,0.474609375,False,False,,constant_weights,,312.5097690820694,0.04296875,False,False,,constant_weights,,17.599377393722534,0.40625,False,False,,constant_weights,,165.05457323789597,0.044921875,False,False,,constant_weights,,95.73837294405993,0.064453125,False,False
confirm-U-w128-d57163-s802-g04-uniform,20,U,128,57163,802,uniform,False,213.56872630119324,0.41712641855701804,213.6140377521515,0.04531145095825195,213.65934920310974,0.00390625,0.9995758533279517,,,constant_weights,False,False,3.7997961044311523e-07,,constant_weights,,2.8330631740391254,0.23828125,False,False,,constant_weights,,582.6878461539745,0.005859375,False,False,,constant_weights,,55.18526089191437,0.28515625,False,False,,constant_weights,,318.93655352294445,0.00390625,False,False,,constant_weights,,199.3953689557939,0.005859375,False,False
confirm-U-w128-d57163-s802-g04-uniform,30,U,128,57163,802,uniform,False,336.08959209918976,0.65642498456873,336.08959209918976,-0.0,336.08959209918976,0.0,1.0,,,constant_weights,False,False,3.501772880554199e-07,,constant_weights,,7.801319962367415,0.0625,False,False,,constant_weights,,848.624277561903,0.0,False,False,,constant_weights,,151.84316325187683,0.18359375,False,False,,constant_weights,,500.2337204068899,0.0,False,False,,constant_weights,,321.9162348729997,0.0,False,False
confirm-U-w128-d57163-s803-g04-random,1,U,128,57163,803,random,False,-1.356188416481018,-0.0026488055009394884,6.784219264984131,8.140407681465149,14.92462694644928,0.541015625,0.09086916687077858,,,nonpositive_total_gain,False,False,3.948807716369629e-07,,nonpositive_total_gain,,-1.7094315700232983,0.998046875,False,False,8.0,,42.89610961599551,0.14099621772766113,0.4765625,False,True,,nonpositive_total_gain,,-2.5001235008239746,0.541015625,False,False,,nonpositive_total_gain,,-1.1795636415481567,0.537109375,False,False,,nonpositive_total_gain,,-15.141228057679541,0.787109375,False,False
confirm-U-w128-d57163-s803-g04-random,3,U,128,57163,803,random,False,5.421807885169983,0.010589468525722623,10.777672171592712,5.3558642864227295,16.133536458015442,0.416015625,0.3360582411227222,1.0889843708800186,0.0025296404262359117,,False,False,4.805624485015869e-07,0.0,,0.00021738849470072895,0.7339182533323765,0.216796875,True,False,0.330003772884257,,0.005119653405027939,15.127144813537598,0.365234375,False,False,8.0,,77.6234532539662,0.40436387062072754,0.548828125,False,True,1.1855556895834258,,0.002808825979750249,7.765754342079163,0.419921875,False,False,,nonpositive_total_gain,,-8.36323175602854,0.669921875,False,False
confirm-U-w128-d57163-s803-g04-random,5,U,128,57163,803,random,False,11.632787466049194,0.022720288019627333,23.819207072257996,12.186419606208801,36.0056266784668,0.439453125,0.32308248846578735,1.6859012097097166,0.016579227247785863,,False,False,4.0605664253234863e-07,,nonpositive_total_gain,,-8.885358076542616,0.998046875,False,False,0.4151967647964626,,0.002723559885057097,47.61430871486664,0.36328125,False,False,,nonpositive_total_gain,,-3.8305931091308594,0.57421875,False,False,1.17770898375591,,0.0027464811044301462,21.89185780286789,0.41015625,False,False,,nonpositive_total_gain,,-2.1522521751493287,0.572265625,False,False
confirm-U-w128-d57163-s803-g04-random,10,U,128,57163,803,random,False,25.407448887825012,0.04962392360903323,56.40399646759033,30.99654757976532,87.40054404735565,0.44140625,0.29070126696303705,2.484187891404227,0.11755998874503187,,False,False,4.0729840597442113e-07,,nonpositive_total_gain,,-19.80285530164838,1.0,False,False,0.6008309496185029,,0.0006964524375563349,121.89382463693619,0.31640625,False,False,,nonpositive_total_gain,,-25.868621349334717,0.587890625,False,False,1.8497544859175141,,0.03761064248144905,48.012601643800735,0.412109375,False,False,5.809364516285562,,1.5994832282726552,11.622409246626486,0.5,False,False
confirm-U-w128-d57163-s803-g04-random,20,U,128,57163,803,random,False,32.390453934669495,0.06326260534115136,105.30914032459259,72.9186863899231,178.2278267145157,0.513671875,0.18173623351505228,5.450943572122014,1.4572962409842667,,False,False,3.8494666418364964e-07,,nonpositive_total_gain,,-11.823203336447477,0.921875,False,False,1.4275456721094635,,0.01802892023587966,170.34823656082153,0.380859375,False,False,,nonpositive_total_gain,,-61.353667974472046,0.61328125,False,False,4.825879841887457,,1.0439638598986627,54.497284293174744,0.494140625,False,False,8.0,,6.0119861749072925,18.60541459149418,0.537109375,False,True
confirm-U-w128-d57163-s803-g04-random,30,U,128,57163,803,random,False,35.415275514125824,0.069170459988527,162.49351674318314,127.07824122905731,289.57175797224045,0.5625,0.12230224301611926,7.5306493605421165,4.776493124834277,,False,False,5.053977171209922e-07,,nonpositive_total_gain,,-9.87859233096242,0.794921875,False,False,1.9582789514371992,,0.11114968922286272,192.105770945549,0.416015625,False,False,,nonpositive_total_gain,,-75.98135522007942,0.603515625,False,False,6.872232700310375,,3.812197673228738,58.062207862734795,0.55859375,False,False,8.0,,15.061947815208361,21.630235813322635,0.578125,False,True
confirm-U-w128-d57163-s803-g04-uniform,1,U,128,57163,803,uniform,False,3.2989052534103394,0.006443174323067069,6.589088320732117,3.2901830673217773,9.879271388053894,0.34375,0.33392191831063633,,,constant_weights,False,False,4.6317776044180886e-07,,constant_weights,,0.3835996091365814,0.205078125,False,False,,constant_weights,,6.621598958969116,0.373046875,False,False,,constant_weights,,2.891528844833374,0.439453125,False,False,,constant_weights,,4.756563901901245,0.34375,False,False,,constant_weights,,-10.486134387788184,0.80078125,False,False
confirm-U-w128-d57163-s803-g04-uniform,3,U,128,57163,803,uniform,False,14.081251740455627,0.027502444805577397,16.10828125476837,2.027029514312744,18.135310769081116,0.23046875,0.7764549458100684,,,constant_weights,False,False,3.774960835780522e-07,,constant_weights,,2.5028985887765884,0.0,False,False,,constant_weights,,30.502166032791138,0.251953125,False,False,,constant_weights,,9.238695621490479,0.412109375,False,False,,constant_weights,,19.870430827140808,0.251953125,False,False,,constant_weights,,0.29621209925710446,0.541015625,False,False
confirm-U-w128-d57163-s803-g04-uniform,5,U,128,57163,803,uniform,False,36.00745630264282,0.07032706309109926,37.90047252178192,1.8930162191390991,39.79348874092102,0.126953125,0.9048579916446258,,,constant_weights,False,False,3.750125567164586e-07,,constant_weights,,-2.9416513331234455,0.86328125,False,False,,constant_weights,,97.02846825122833,0.11328125,False,False,,constant_weights,,13.935548305511475,0.408203125,False,False,,constant_weights,,55.482008278369904,0.123046875,False,False,,constant_weights,,22.2224166614443,0.294921875,False,False
confirm-U-w128-d57163-s803-g04-uniform,10,U,128,57163,803,uniform,False,113.42408442497253,0.22153141489252448,114.35959565639496,0.9355112314224243,115.29510688781738,0.033203125,0.9837718831843804,,,constant_weights,False,False,4.371007283517081e-07,,constant_weights,,-0.6769012212753296,0.541015625,False,False,,constant_weights,,317.9041814804077,0.05078125,False,False,,constant_weights,,23.044982433319092,0.37890625,False,False,,constant_weights,,170.4745819568634,0.033203125,False,False,,constant_weights,,99.63904478377398,0.072265625,False,False
confirm-U-w128-d57163-s803-g04-uniform,20,U,128,57163,803,uniform,False,221.8230698108673,0.4332481832243502,222.0623813867569,0.2393115758895874,222.30169296264648,0.005859375,0.9978469657814995,,,constant_weights,False,False,3.2161672908204153e-07,,constant_weights,,4.8560310788452625,0.09765625,False,False,,constant_weights,,592.2898043096066,0.005859375,False,False,,constant_weights,,68.32338237762451,0.248046875,False,False,,constant_weights,,330.30659334361553,0.005859375,False,False,,constant_weights,,208.03803016966873,0.005859375,False,False
confirm-U-w128-d57163-s803-g04-uniform,30,U,128,57163,803,uniform,False,330.2971220612526,0.645111566525884,330.3435510993004,0.04642903804779053,330.3899801373482,0.001953125,0.9997189440307573,,,constant_weights,False,False,3.4148494404417917e-07,,constant_weights,,8.559978123754263,0.0390625,False,False,,constant_weights,,837.6868503242731,0.0,False,False,,constant_weights,,144.64453172683716,0.189453125,False,False,,constant_weights,,491.16569102555513,0.001953125,False,False,,constant_weights,,316.512082420054,0.001953125,False,False
confirm-U-w256-d52919-s801-g04-random,1,U,256,52919,801,random,False,-8.014244556427002,-0.015652821399271488,8.858256459236145,16.872501015663147,25.730757474899292,0.6171875,0.3114655510722919,,,nonpositive_total_gain,False,False,5.795930822713458e-07,,nonpositive_total_gain,,-2.367753827944398,1.0,False,False,,nonpositive_total_gain,,-15.581032991409302,0.59375,False,False,,nonpositive_total_gain,,-6.0939295291900635,0.541015625,False,False,,nonpositive_total_gain,,-10.837481260299683,0.6015625,False,False,,nonpositive_total_gain,,-10.823515154656775,0.634765625,False,False
confirm-U-w256-d52919-s801-g04-random,3,U,256,52919,801,random,False,1.0636272430419922,0.002077396959066391,10.42367684841156,9.360049605369568,19.783726453781128,0.48828125,0.053762735019959214,5.893717617099069,2.9270725019135777,,False,False,3.9208680391311646e-07,,nonpositive_total_gain,,-1.017705349251628,1.0,False,False,2.566155879255098,,0.2803892908675443,3.107309103012085,0.470703125,False,False,8.0,,10.059105866223963,1.1012897491455078,0.482421875,False,True,4.655825792235369,,1.4077295263689178,2.1042994260787964,0.484375,False,False,,nonpositive_total_gain,,-1.7456433551877808,0.541015625,False,False
confirm-U-w256-d52919-s801-g04-random,5,U,256,52919,801,random,False,11.658156633377075,0.0227698371745646,25.245023369789124,13.586866736412048,38.83189010620117,0.41015625,0.3002211996761742,1.7876811346448265,0.02190399210903335,,False,False,4.1785339513489284e-07,,nonpositive_total_gain,,-6.47410277556628,1.0,False,False,0.3672078978809269,,0.001572139565845785,42.3564236164093,0.310546875,False,False,,nonpositive_total_gain,,-0.9078481197357178,0.521484375,False,False,1.386202867299306,,0.005883944984430081,20.724287748336792,0.400390625,False,False,2.559548864442653,,0.0857802198457646,8.848886035147302,0.439453125,False,False
confirm-U-w256-d52919-s801-g04-random,10,U,256,52919,801,random,False,30.831430673599243,0.06021763803437352,99.3298270702362,68.49839639663696,167.82822346687317,0.490234375,0.18370825857955242,5.062937723534949,1.168197320362576,,False,False,4.613151153021189e-07,,nonpositive_total_gain,,-15.87500203680247,1.0,False,False,1.0886511742762464,,0.005240318102627961,170.12083807587624,0.337890625,False,False,,nonpositive_total_gain,,-61.75154736638069,0.625,False,False,4.288165485693023,,0.7271589349946077,54.18464535474777,0.46875,False,False,5.5611313422399435,,1.5117837359586082,28.022159985962492,0.49609375,False,False
confirm-U-w256-d52919-s801-g04-random,20,U,256,52919,801,random,False,90.63798493146896,0.17702731431927532,254.41475969552994,163.77677476406097,418.1915344595909,0.509765625,0.21673797162966518,3.366000426037728,1.147741334430032,,False,False,5.199884375306496e-07,,nonpositive_total_gain,,-12.069310010410845,1.0,False,False,1.3038367495920093,,0.06046886914313079,323.5248684696853,0.375,False,False,,nonpositive_total_gain,,-39.54159705713391,0.5703125,False,False,3.2267689113044504,,1.0100760194009242,141.9916357062757,0.5078125,False,False,3.4618652623745656,,1.2471701126055625,87.82871466851529,0.509765625,False,False
confirm-U-w256-d52919-s801-g04-random,30,U,256,52919,801,random,False,267.4567118883133,0.5223763904068619,410.07264745235443,142.61593556404114,552.6885830163956,0.408203125,0.4839193717891205,1.1698467339822654,0.09386437036226987,,False,False,4.1754295421192467e-07,,nonpositive_total_gain,,-5.667209586594254,0.826171875,False,False,0.7007654971028379,,0.017327175493291793,567.683643440716,0.28515625,False,False,2.0950720091724775,,0.6563889269610063,240.35369285475463,0.447265625,False,False,1.15977513603587,,0.09098252325408693,404.0186681477353,0.408203125,False,False,1.1805349105563434,,0.09708788056499124,264.64744092221105,0.408203125,False,False
confirm-U-w256-d52919-s801-g04-uniform,1,U,256,52919,801,uniform,False,-0.5702570676803589,-0.001113783335313201,7.488762259483337,8.059019327163696,15.547781586647034,0.478515625,0.03667771279795409,,,constant_weights,False,False,4.755953947697261e-07,,constant_weights,,-0.676477363333106,1.0,False,False,,constant_weights,,-0.30061960220336914,0.486328125,False,False,,constant_weights,,-0.7336578369140625,0.501953125,False,False,,constant_weights,,-0.5171387195587158,0.47265625,False,False,,constant_weights,,-3.379527665910132,0.548828125,False,False
confirm-U-w256-d52919-s801-g04-uniform,3,U,256,52919,801,uniform,False,17.019896745681763,0.03324198583140969,21.484989166259766,4.465092420578003,25.95008158683777,0.29296875,0.6558706449044261,,,constant_weights,False,False,3.725290298461914e-07,,constant_weights,,-1.4183378871530294,1.0,False,False,,constant_weights,,42.930598735809326,0.244140625,False,False,,constant_weights,,9.547433137893677,0.45703125,False,False,,constant_weights,,26.2390159368515,0.287109375,False,False,,constant_weights,,14.21062614745199,0.341796875,False,False
confirm-U-w256-d52919-s801-g04-uniform,5,U,256,52919,801,uniform,False,73.14477133750916,0.14286088151857257,76.43272089958191,3.287949562072754,79.72067046165466,0.12109375,0.917513248620902,,,constant_weights,False,False,4.305814703259303e-07,,constant_weights,,-11.639110973104835,1.0,False,False,,constant_weights,,212.41067266464233,0.091796875,False,False,,constant_weights,,18.662753105163574,0.41796875,False,False,,constant_weights,,115.53671288490295,0.109375,False,False,,constant_weights,,70.33550073927935,0.140625,False,False
confirm-U-w256-d52919-s801-g04-uniform,10,U,256,52919,801,uniform,False,198.81680822372437,0.38831407856196165,199.2425377368927,0.42572951316833496,199.66826725006104,0.013671875,0.9957356317152274,,,constant_weights,False,False,4.327545563287405e-07,,constant_weights,,-6.417083175852895,1.0,False,False,,constant_weights,,555.7449597716331,0.01171875,False,False,,constant_weights,,47.12255787849426,0.322265625,False,False,,constant_weights,,301.4337588250637,0.013671875,False,False,,constant_weights,,196.00753762549454,0.01953125,False,False
confirm-U-w256-d52919-s801-g04-uniform,20,U,256,52919,801,uniform,False,533.7058934569359,1.042394323158078,533.7058934569359,-0.0,533.7058934569359,0.0,1.0,,,constant_weights,False,False,3.8308401895115196e-07,,constant_weights,,-5.69920461345464,0.99609375,False,False,,constant_weights,,1276.0205030962825,0.0,False,False,,constant_weights,,330.79638957977295,0.09765625,False,False,,constant_weights,,803.4084463380277,0.0,False,False,,constant_weights,,530.8966232759386,0.0,False,False
confirm-U-w256-d52919-s801-g04-uniform,30,U,256,52919,801,uniform,False,831.2807309627533,1.6235951776616275,831.2807309627533,-0.0,831.2807309627533,0.0,1.0,,,constant_weights,False,False,2.998858690261841e-07,,constant_weights,,-2.70272828778252,0.7421875,False,False,,constant_weights,,1382.4367605345324,0.0,False,False,,constant_weights,,1114.10816616565,0.0,False,False,,constant_weights,,1248.2724633500911,0.0,False,False,,constant_weights,,828.471459371734,0.0,False,False
confirm-U-w256-d52919-s802-g04-random,1,U,256,52919,802,random,False,-1.8693442344665527,-0.003651062957942486,7.164724111557007,9.03406834602356,16.198792457580566,0.513671875,0.11540022130425862,,,nonpositive_total_gain,False,False,4.0388355652259955e-07,,nonpositive_total_gain,,-1.226317012682557,1.0,False,False,,nonpositive_total_gain,,-0.06391119956970215,0.47265625,False,False,,nonpositive_total_gain,,-4.3177995681762695,0.482421875,False,False,,nonpositive_total_gain,,-2.190855383872986,0.509765625,False,False,,nonpositive_total_gain,,-4.670174457368262,0.5625,False,False
confirm-U-w256-d52919-s802-g04-random,3,U,256,52919,802,random,False,4.530779838562012,0.00884917937219143,11.312195658683777,6.781415820121765,18.093611478805542,0.443359375,0.2504077112448926,1.1897711867432186,0.0015822367984182632,,False,False,4.371007283534428e-07,,nonpositive_total_gain,,-0.8618844114243984,0.99609375,False,False,0.435843840543247,,0.0035324513175462014,12.630610942840576,0.38671875,False,False,8.0,,0.9555494460299266,1.8236079216003418,0.45703125,False,True,1.032398841796745,,0.0016794634875553255,7.227109432220459,0.435546875,False,False,6.298580584196282,,0.33821442190748685,1.7299496156603027,0.4765625,False,False
confirm-U-w256-d52919-s802-g04-random,5,U,256,52919,802,random,False,22.456887364387512,0.04386110813356936,36.28016543388367,13.823278069496155,50.10344350337982,0.365234375,0.4482104580870303,1.0521013180401866,0.0003898758879783891,,False,False,4.1568030911820486e-07,,nonpositive_total_gain,,-12.070398946292698,1.0,False,False,0.3769349674108179,,0.0020837037929669075,71.45064377784729,0.28125,False,False,7.9864628646644675,,1.0248312089426592,7.990427136421204,0.5078125,False,False,0.7755871678067463,,0.0004612897549434528,39.72053545713425,0.33984375,False,False,1.3498758517141964,,0.002448137561181889,19.656057141485803,0.396484375,False,False
confirm-U-w256-d52919-s802-g04-random,10,U,256,52919,802,random,False,25.26548743247986,0.04934665514156222,108.32065296173096,83.0551655292511,191.37581849098206,0.5078125,0.13202027106507402,8.0,3.0656228497472156,,False,True,4.1102369624512747e-07,,nonpositive_total_gain,,-23.02253288310021,1.0,False,False,1.9970410095832407,,0.05663124332515116,147.9619470834732,0.400390625,False,False,,nonpositive_total_gain,,-49.14294397830963,0.57421875,False,False,6.762044172986032,,1.4976729372962654,49.40950155258179,0.49609375,False,False,8.0,,4.108674119963376,22.464657000961875,0.51171875,False,True
confirm-U-w256-d52919-s802-g04-random,20,U,256,52919,802,random,False,109.37543004751205,0.21362388681154698,266.55251556634903,157.17708551883698,423.729601085186,0.478515625,0.25812553517006565,3.406395073113781,0.739115588844436,,False,False,5.792826414108276e-07,,nonpositive_total_gain,,-9.93160248734057,1.0,False,False,1.5431162123996476,,0.07426521727983267,313.61669736355543,0.3828125,False,False,8.0,,71.44851336109276,24.441204477101564,0.51953125,False,True,3.2932827908090125,,0.670937978519077,169.0289509203285,0.4765625,False,False,3.499678885737933,,0.7967280910308857,106.5745990981787,0.482421875,False,False
confirm-U-w256-d52919-s802-g04-random,30,U,256,52919,802,random,False,296.3640651702881,0.5788360647857189,442.13800275325775,145.77393758296967,587.9119403362274,0.365234375,0.5040960130879417,1.1178727414254221,0.07665060025845752,,False,False,4.836668570096236e-07,,nonpositive_total_gain,,-4.84882162604481,0.70703125,False,False,0.70359177955168,,0.01805511387443998,583.6881510922685,0.28515625,False,False,1.8267910257464064,,0.35277312443991593,310.25288562476635,0.3984375,False,False,1.1088577623677827,,0.07467862042522663,446.97051835851744,0.365234375,False,False,1.129057420227162,,0.07925039218379842,293.5632358842969,0.365234375,False,False
confirm-U-w256-d52919-s802-g04-uniform,1,U,256,52919,802,uniform,False,-0.6415455341339111,-0.0012530186213552952,6.366970658302307,7.008516192436218,13.375486850738525,0.544921875,0.047964275341386045,,,constant_weights,False,False,4.625568787233747e-07,,constant_weights,,-0.8301947079598904,0.998046875,False,False,,constant_weights,,0.7561166286468506,0.49609375,False,False,,constant_weights,,-1.8505501747131348,0.517578125,False,False,,constant_weights,,-0.5472167730331421,0.533203125,False,False,,constant_weights,,-3.44237575703562,0.607421875,False,False
confirm-U-w256-d52919-s802-g04-uniform,3,U,256,52919,802,uniform,False,10.56873607635498,0.02064206264913082,14.90042495727539,4.33168888092041,19.2321138381958,0.328125,0.5495358526510496,,,constant_weights,False,False,4.994993408474757e-07,,constant_weights,,-0.7135311448946595,0.99609375,False,False,,constant_weights,,25.194852352142334,0.28125,False,False,,constant_weights,,7.22488808631897,0.4375,False,False,,constant_weights,,16.209870219230652,0.32421875,False,False,,constant_weights,,7.7679058534532714,0.3828125,False,False
confirm-U-w256-d52919-s802-g04-uniform,5,U,256,52919,802,uniform,False,64.9323980808258,0.1268210900016129,67.89822900295258,2.96583092212677,70.86405992507935,0.107421875,0.9162952016787529,,,constant_weights,False,False,3.8277357816696167e-07,,constant_weights,,-11.396712775342166,1.0,False,False,,constant_weights,,189.069282412529,0.0859375,False,False,,constant_weights,,17.12463116645813,0.412109375,False,False,,constant_weights,,103.09695678949356,0.099609375,False,False,,constant_weights,,62.13156785792408,0.125,False,False
confirm-U-w256-d52919-s802-g04-uniform,10,U,256,52919,802,uniform,False,199.87754219770432,0.39038582460489124,200.30104571580887,0.4235035181045532,200.72454923391342,0.013671875,0.9957802518952376,,,constant_weights,False,False,3.6073227721589163e-07,,constant_weights,,-5.650210270658135,1.0,False,False,,constant_weights,,548.2566119432449,0.01953125,False,False,,constant_weights,,57.02623248100281,0.31640625,False,False,,constant_weights,,302.64142221212387,0.013671875,False,False,,constant_weights,,197.07671197480255,0.017578125,False,False
confirm-U-w256-d52919-s802-g04-uniform,20,U,256,52919,802,uniform,False,546.2248648405075,1.0668454391416162,546.2248648405075,-0.0,546.2248648405075,0.0,1.0,,,constant_weights,False,False,3.1044085813114464e-07,,constant_weights,,-4.360234680585563,0.994140625,False,False,,constant_weights,,1251.1321275644004,0.0,False,False,,constant_weights,,391.9027099609375,0.046875,False,False,,constant_weights,,821.517418762669,0.0,False,False,,constant_weights,,543.4240346772104,0.0,False,False
confirm-U-w256-d52919-s802-g04-uniform,30,U,256,52919,802,uniform,False,840.0661374330521,1.6407541746739298,840.0661374330521,-0.0,840.0661374330521,0.0,1.0,,,constant_weights,False,False,3.346552450711471e-07,,constant_weights,,-2.003099596593529,0.677734375,False,False,,constant_weights,,1378.942334071733,0.0,False,False,,constant_weights,,1143.2591886296868,0.0,False,False,,constant_weights,,1261.10076135071,0.0,False,False,,constant_weights,,837.2653081750009,0.0,False,False
confirm-U-w256-d52919-s803-g04-random,1,U,256,52919,803,random,False,-4.1432085037231445,-0.008092204108834267,6.323407530784607,10.466616034507751,16.79002356529236,0.587890625,0.246766092233951,,,nonpositive_total_gain,False,False,4.2654573917388916e-07,,nonpositive_total_gain,,-1.9298803191632032,1.0,False,False,,nonpositive_total_gain,,-2.775437831878662,0.546875,False,False,,nonpositive_total_gain,,-7.724300384521484,0.60546875,False,False,,nonpositive_total_gain,,-5.249869108200073,0.5703125,False,False,,nonpositive_total_gain,,-6.9819144981473755,0.640625,False,False
confirm-U-w256-d52919-s803-g04-random,3,U,256,52919,803,random,False,2.280874729156494,0.004454833455383778,10.178588628768921,7.897713899612427,18.076302528381348,0.443359375,0.1261803803944598,4.11388602134129,0.25242741859410317,,False,False,5.618979533519169e-07,,nonpositive_total_gain,,-2.6508710915222764,1.0,False,False,0.5697470470124244,,0.001868897063688935,10.420111894607544,0.380859375,False,False,,nonpositive_total_gain,,-0.9266090393066406,0.51171875,False,False,2.635092318165133,,0.06134951916444141,4.746751427650452,0.427734375,False,False,,nonpositive_total_gain,,-0.5578312652677369,0.5,False,False
confirm-U-w256-d52919-s803-g04-random,5,U,256,52919,803,random,False,17.662944555282593,0.034497938584536314,36.099016308784485,18.436071753501892,54.53508806228638,0.4296875,0.32388220470294543,2.1497094311687674,0.04045300426232871,,False,False,4.0854016939567694e-07,,nonpositive_total_gain,,-17.25099489185959,1.0,False,False,0.5580253264362602,,0.0006685872450741857,67.7495265007019,0.296875,False,False,8.0,,28.505038594896206,2.490292549133301,0.521484375,False,True,1.3473385843353185,,0.005412760719322267,35.1199095249176,0.396484375,False,False,2.805321811387645,,0.10116456197311219,14.824238560858362,0.447265625,False,False
confirm-U-w256-d52919-s803-g04-random,10,U,256,52919,803,random,False,44.79195421934128,0.08748428558465093,106.69349950551987,61.90154528617859,168.59504479169846,0.482421875,0.2656777622063707,3.7655991509535895,0.4266229295107225,,False,False,3.976747393608093e-07,,nonpositive_total_gain,,-19.32685852330178,1.0,False,False,1.2230757940442656,,0.0097891395859661,183.95535385608673,0.333984375,False,False,,nonpositive_total_gain,,-30.252634048461914,0.60546875,False,False,3.1878270692599644,,0.26243863557945496,76.85135990381241,0.470703125,False,False,4.069363027379235,,0.5311142629041813,41.95324870175419,0.490234375,False,False
confirm-U-w256-d52919-s803-g04-random,20,U,256,52919,803,random,False,117.55043315887451,0.22959068976342678,265.9101436138153,148.3597104549408,414.2698540687561,0.494140625,0.2837532878734757,2.776873452253783,0.5541623201034364,,False,False,4.7435363137449116e-07,,nonpositive_total_gain,,-14.356511336751282,1.0,False,False,1.3176769491232068,,0.055749132194478995,334.934554528445,0.3671875,False,False,8.0,,36.98647193949998,32.07324257493019,0.544921875,False,True,2.6591523212195516,,0.4859016378602834,183.5038985516876,0.4921875,False,False,2.847953295059208,,0.598009911888994,114.7117272948354,0.5,False,False
confirm-U-w256-d52919-s803-g04-random,30,U,256,52919,803,random,False,280.2256242632866,0.5473156723892316,413.41318279504776,133.18755853176117,546.6007413268089,0.396484375,0.512669674730173,1.1235623886205106,0.07656618623344547,,False,False,5.414088566357833e-07,,nonpositive_total_gain,,-4.987289853859693,0.779296875,False,False,0.6735192426984644,,0.016657059224637075,580.7879489753395,0.271484375,False,False,1.9681441879569785,,0.47138885811789605,264.876208640635,0.4296875,False,False,1.1144838763840266,,0.07457174354370102,422.8320788079873,0.39453125,False,False,1.1360443964505444,,0.07956129265410285,277.38691822136485,0.396484375,False,False
confirm-U-w256-d52919-s803-g04-uniform,1,U,256,52919,803,uniform,False,-0.7052755355834961,-0.0013774912804365158,5.946329236030579,6.651604771614075,12.597934007644653,0.50390625,0.055983428326860755,,,constant_weights,False,False,4.4486174980741533e-07,,constant_weights,,-1.5294945007190108,1.0,False,False,,constant_weights,,1.763359546661377,0.4765625,False,False,,constant_weights,,-2.3496997356414795,0.52734375,False,False,,constant_weights,,-0.29317009449005127,0.49609375,False,False,,constant_weights,,-3.543981530007727,0.576171875,False,False
confirm-U-w256-d52919-s803-g04-uniform,3,U,256,52919,803,uniform,False,15.84800934791565,0.030953143257647753,17.7572660446167,1.9092566967010498,19.66652274131775,0.2109375,0.8058368810984712,,,constant_weights,False,False,4.296501477582537e-07,,constant_weights,,-1.6519219912588596,1.0,False,False,,constant_weights,,36.31862473487854,0.173828125,False,False,,constant_weights,,12.877318620681763,0.408203125,False,False,,constant_weights,,24.59797167778015,0.205078125,False,False,,constant_weights,,13.009303353491418,0.26953125,False,False
confirm-U-w256-d52919-s803-g04-uniform,5,U,256,52919,803,uniform,False,63.98285889625549,0.12496652128174901,67.76519238948822,3.782333493232727,71.54752588272095,0.15234375,0.8942707397197035,,,constant_weights,False,False,3.473833203315735e-07,,constant_weights,,-11.777536152862012,1.0,False,False,,constant_weights,,188.0780589580536,0.099609375,False,False,,constant_weights,,15.64804744720459,0.466796875,False,False,,constant_weights,,101.86305320262909,0.14453125,False,False,,constant_weights,,61.14415290183125,0.166015625,False,False
confirm-U-w256-d52919-s803-g04-uniform,10,U,256,52919,803,uniform,False,201.5722364783287,0.39369577437173575,202.1913405060768,0.6191040277481079,202.81044453382492,0.021484375,0.9938947520264929,,,constant_weights,False,False,3.688037395477295e-07,,constant_weights,,-7.093378155492246,1.0,False,False,,constant_weights,,553.1986124515533,0.0234375,False,False,,constant_weights,,58.611464500427246,0.318359375,False,False,,constant_weights,,305.9050384759903,0.017578125,False,False,,constant_weights,,198.73353048390442,0.0234375,False,False
confirm-U-w256-d52919-s803-g04-uniform,20,U,256,52919,803,uniform,False,566.8060128688812,1.1070429938845336,566.8060128688812,-0.0,566.8060128688812,0.0,1.0,,,constant_weights,False,False,3.06715567943705e-07,,constant_weights,,-4.913691048510373,0.98828125,False,False,,constant_weights,,1268.2966057248414,0.0,False,False,,constant_weights,,437.0351165831089,0.041015625,False,False,,constant_weights,,852.6658611539751,0.0,False,False,,constant_weights,,563.9673070383699,0.0,False,False
confirm-U-w256-d52919-s803-g04-uniform,30,U,256,52919,803,uniform,False,855.9679328203201,1.6718123687896878,855.9679328203201,-0.0,855.9679328203201,0.0,1.0,,,constant_weights,False,False,3.042320411150712e-07,,constant_weights,,-2.0692976457066834,0.6875,False,False,,constant_weights,,1382.9431495573372,0.0,False,False,,constant_weights,,1187.029939301312,0.0,False,False,,constant_weights,,1284.9865444293246,0.0,False,False,,constant_weights,,853.1292260435853,0.0,False,False
confirm-U-w256-d55049-s801-g04-random,1,U,256,55049,801,random,False,-5.426101326942444,-0.01059785415418446,8.107500433921814,13.533601760864258,21.641102194786072,0.5859375,0.2507312833747321,,,nonpositive_total_gain,False,False,3.986060619354248e-07,,nonpositive_total_gain,,-2.5244369357824326,1.0,False,False,,nonpositive_total_gain,,-8.947217464447021,0.546875,False,False,,nonpositive_total_gain,,-4.8066565990448,0.5390625,False,False,,nonpositive_total_gain,,-6.876937031745911,0.572265625,False,False,,nonpositive_total_gain,,-8.204915859040625,0.62109375,False,False
confirm-U-w256-d55049-s801-g04-random,3,U,256,55049,801,random,False,0.370724081993103,0.0007240704726427794,12.44034218788147,12.069618105888367,24.509960293769836,0.5234375,0.015125446045187476,8.0,81.92815460795103,,False,True,3.554547826443294e-07,,nonpositive_total_gain,,-2.285493998788297,1.0,False,False,1.9807318406550332,,0.03535358123430849,8.440765380859375,0.46484375,False,False,,nonpositive_total_gain,,-5.043115139007568,0.560546875,False,False,8.0,,6.842679742079206,1.6988251209259033,0.51171875,False,True,,nonpositive_total_gain,,-2.408090450105078,0.544921875,False,False
confirm-U-w256-d55049-s801-g04-random,5,U,256,55049,801,random,False,14.415906310081482,0.028156067011877894,32.51775133609772,18.101845026016235,50.61959636211395,0.462890625,0.284789041124615,2.3675155329766637,0.038805202208099826,,False,False,4.939114054136606e-07,,nonpositive_total_gain,,-15.308809701353312,1.0,False,False,0.4833053475808893,,0.0012761474564208799,68.42776668071747,0.337890625,False,False,,nonpositive_total_gain,,-9.8712477684021,0.54296875,False,False,1.4655954911473446,,0.0036855979075403325,29.278259456157684,0.423828125,False,False,3.177573527239448,,0.11171086417192884,11.6370917779833,0.482421875,False,False
confirm-U-w256-d55049-s801-g04-random,10,U,256,55049,801,random,False,33.564209282398224,0.06555509625468403,90.83576089143753,57.27155160903931,148.10731250047684,0.474609375,0.22662087857606736,4.298228748003265,0.5784368828612567,,False,False,4.3368587893111155e-07,,nonpositive_total_gain,,-15.28871085587889,1.0,False,False,1.4233101204452048,,0.01677574737637995,145.63978481292725,0.349609375,False,False,,nonpositive_total_gain,,-29.6584495306015,0.603515625,False,False,3.6519157809209237,,0.35584693642752063,57.99066764116287,0.466796875,False,False,4.722094204305906,,0.7526788878229593,30.785394809904687,0.482421875,False,False
confirm-U-w256-d55049-s801-g04-random,20,U,256,55049,801,random,False,74.0927364230156,0.14471237582620233,229.93180638551712,155.83906996250153,385.77087634801865,0.5234375,0.1920641006507026,4.043041745466983,1.6948044265533186,,False,False,5.559995770454407e-07,,nonpositive_total_gain,,-8.995150446891785,1.0,False,False,1.9197823716101206,,0.21392198062387208,231.01383049413562,0.4296875,False,False,7.999999999960792,,526708.6317900372,0.2595132738351822,0.55078125,False,True,3.893367686241854,,1.5171794289815828,115.6366718839854,0.51953125,False,False,4.184406038173046,,1.8718926025198133,71.31392172700461,0.53125,False,False
confirm-U-w256-d55049-s801-g04-random,30,U,256,55049,801,random,False,246.3916597366333,0.4812337104231119,410.5038632154465,164.11220347881317,574.6160666942596,0.416015625,0.42879354410348014,1.305195773763422,0.14473147749292917,,False,False,4.5727938413619995e-07,,nonpositive_total_gain,,-5.260284241754562,0.849609375,False,False,0.9154803690778295,,0.04146237899330188,482.63593015633523,0.322265625,False,False,1.9254399730115614,,0.5362312473656463,261.7993309609592,0.423828125,False,False,1.2946174997476185,,0.14049191029754762,372.2176305586472,0.412109375,False,False,1.3182643035644346,,0.15014795969571643,243.61284535354667,0.41796875,False,False
confirm-U-w256-d55049-s801-g04-uniform,1,U,256,55049,801,uniform,False,-0.7702603340148926,-0.001504414714872837,6.944281101226807,7.714541435241699,14.658822536468506,0.5234375,0.052545852990485684,,,constant_weights,False,False,4.0264179309180276e-07,,constant_weights,,-1.397679534740746,1.0,False,False,,constant_weights,,1.205979347229004,0.501953125,False,False,,constant_weights,,-2.1190848350524902,0.529296875,False,False,,constant_weights,,-0.45655274391174316,0.517578125,False,False,,constant_weights,,-3.5490748661130738,0.57421875,False,False
confirm-U-w256-d55049-s801-g04-uniform,3,U,256,55049,801,uniform,False,16.28437912464142,0.03180542797781527,18.768908381462097,2.4845292568206787,21.253437638282776,0.248046875,0.7661997744453897,,,constant_weights,False,False,4.6162555615114446e-07,,constant_weights,,-3.884510071016848,1.0,False,False,,constant_weights,,45.09107780456543,0.19921875,False,False,,constant_weights,,7.646559953689575,0.453125,False,False,,constant_weights,,26.368818879127502,0.22265625,False,False,,constant_weights,,13.505564592543237,0.322265625,False,False
confirm-U-w256-d55049-s801-g04-uniform,5,U,256,55049,801,uniform,False,61.29620933532715,0.11971915885806084,65.44737982749939,4.151170492172241,69.59855031967163,0.142578125,0.8807110069647834,,,constant_weights,False,False,5.047768354415894e-07,,constant_weights,,-8.76363547053188,1.0,False,False,,constant_weights,,179.82790982723236,0.12890625,False,False,,constant_weights,,12.824350595474243,0.439453125,False,False,,constant_weights,,96.3261302113533,0.130859375,False,False,,constant_weights,,58.51739480322897,0.1640625,False,False
confirm-U-w256-d55049-s801-g04-uniform,10,U,256,55049,801,uniform,False,169.59071564674377,0.33123186649754643,170.5158233642578,0.9251077175140381,171.44093108177185,0.025390625,0.989207854720845,,,constant_weights,False,False,4.147489865435894e-07,,constant_weights,,-10.08243977651,1.0,False,False,,constant_weights,,478.3077985942364,0.01953125,False,False,,constant_weights,,40.54678249359131,0.3359375,False,False,,constant_weights,,259.42729054391384,0.025390625,False,False,,constant_weights,,166.81190111464554,0.025390625,False,False
confirm-U-w256-d55049-s801-g04-uniform,20,U,256,55049,801,uniform,False,518.2895865440369,1.012284348718822,518.2895865440369,-0.0,518.2895865440369,0.0,1.0,,,constant_weights,False,False,2.9771278309276283e-07,,constant_weights,,-5.209473735652864,0.99609375,False,False,,constant_weights,,1246.108221076429,0.0,False,False,,constant_weights,,313.9700091779232,0.087890625,False,False,,constant_weights,,780.039115127176,0.0,False,False,,constant_weights,,515.5107729954153,0.0,False,False
confirm-U-w256-d55049-s801-g04-uniform,30,U,256,55049,801,uniform,False,828.0330499410629,1.6172520506661385,828.0330499410629,-0.0,828.0330499410629,0.0,1.0,,,constant_weights,False,False,2.825011808926803e-07,,constant_weights,,-3.018562342505902,0.79296875,False,False,,constant_weights,,1375.3199489591643,0.0,False,False,,constant_weights,,1111.7977537438273,0.0,False,False,,constant_weights,,1243.5588513514958,0.0,False,False,,constant_weights,,825.2542351221177,0.0,False,False
confirm-U-w256-d55049-s802-g04-random,1,U,256,55049,802,random,False,-4.790724515914917,-0.009356883820146322,6.933185935020447,11.723910450935364,18.65709638595581,0.572265625,0.2567776044465928,,,nonpositive_total_gain,False,False,4.2406221231056085e-07,,nonpositive_total_gain,,-2.4309717509895563,1.0,False,False,,nonpositive_total_gain,,-5.854129791259766,0.556640625,False,False,,nonpositive_total_gain,,-6.087069749832153,0.5625,False,False,,nonpositive_total_gain,,-5.9705997705459595,0.560546875,False,False,,nonpositive_total_gain,,-7.683244563874609,0.62109375,False,False
confirm-U-w256-d55049-s802-g04-random,3,U,256,55049,802,random,False,3.4397809505462646,0.006718322169035673,9.534335255622864,6.094554305076599,15.628889560699463,0.42578125,0.2200911931194374,1.8526993191698722,0.013628303111859927,,False,False,4.507601261138916e-07,,nonpositive_total_gain,,-1.158875702880323,1.0,False,False,0.7987343581680573,,0.0031774728186360277,8.090418338775635,0.3984375,False,False,3.8956130272823666,,0.12848448030495146,3.387795925140381,0.482421875,False,False,1.5380725765861452,,0.006983447716014919,5.739107131958008,0.419921875,False,False,8.0,,7.904629377531061,0.5472609025865722,0.486328125,False,True
confirm-U-w256-d55049-s802-g04-random,5,U,256,55049,802,random,False,14.087581276893616,0.027514807181432843,27.80938971042633,13.721808433532715,41.531198143959045,0.42578125,0.33920478836324486,2.1582564786202627,0.014738975151138131,,False,False,4.305814703398081e-07,,nonpositive_total_gain,,-10.165470821782947,1.0,False,False,0.3734604557086423,,0.00341773967274274,51.06430387496948,0.337890625,False,False,8.0,,85.05226898235503,1.3639163970947266,0.533203125,False,True,1.4623161396866071,,0.0018673242537575443,26.214110136032104,0.396484375,False,False,3.0528961099671506,,0.061049248986991524,11.195061228933923,0.453125,False,False
confirm-U-w256-d55049-s802-g04-random,10,U,256,55049,802,random,False,8.035967648029327,0.01569524931255728,96.31177693605423,88.2758092880249,184.58758622407913,0.544921875,0.04353471331638795,8.0,38.999326513776815,,False,True,5.699694156646729e-07,,nonpositive_total_gain,,-21.94120864663273,1.0,False,False,2.7561993155346585,,0.10922850015392362,109.06988769769669,0.4375,False,False,,nonpositive_total_gain,,-63.02077257633209,0.609375,False,False,8.0,,9.086962264426054,23.024557560682297,0.53125,False,True,8.0,,100.58900268576949,5.143447421255685,0.552734375,False,True
confirm-U-w256-d55049-s802-g04-random,20,U,256,55049,802,random,False,87.50962156057358,0.17091722961049527,243.1324205994606,155.62279903888702,398.7552196383476,0.53515625,0.219456993290121,4.338434149285418,1.195257611391665,,False,False,4.029522339132896e-07,,nonpositive_total_gain,,-12.076508483849466,1.0,False,False,1.7350288793034863,,0.08470193905453452,279.25917991250753,0.3984375,False,False,,nonpositive_total_gain,,-4.653789408504963,0.5625,False,False,4.122407398905439,,1.0457325924404237,137.30269525200129,0.533203125,False,False,4.494857593174294,,1.309796184829341,84.6171021831661,0.546875,False,False
confirm-U-w256-d55049-s802-g04-random,30,U,256,55049,802,random,False,225.66797995567322,0.44075777335092425,383.0334538221359,157.3654738664627,540.3989276885986,0.421875,0.41759516607648217,1.5749100255112958,0.16785765102657196,,False,False,5.811452865600586e-07,,nonpositive_total_gain,,-9.558702449779958,0.861328125,False,False,0.9202340370969746,,0.03214298123750412,487.6229394702241,0.326171875,False,False,2.9804409277440405,,1.055732904707107,198.9396993163973,0.462890625,False,False,1.5461762208274834,,0.1580243701243338,343.2813193933107,0.421875,False,False,1.5955799675942046,,0.17516086960559382,222.77545973076218,0.42578125,False,False
confirm-U-w256-d55049-s802-g04-uniform,1,U,256,55049,802,uniform,False,-0.6435642242431641,-0.0012569613754749298,6.5506850481033325,7.194249272346497,13.744934320449829,0.53125,0.046821920661029554,,,constant_weights,False,False,4.827355345096013e-07,,constant_weights,,-0.950196323916316,1.0,False,False,,constant_weights,,1.3131747245788574,0.47265625,False,False,,constant_weights,,-2.293674945831299,0.53125,False,False,,constant_weights,,-0.4902501106262207,0.529296875,False,False,,constant_weights,,-3.5360842722028565,0.599609375,False,False
confirm-U-w256-d55049-s802-g04-uniform,3,U,256,55049,802,uniform,False,11.617547273635864,0.022690522018820047,13.602721452713013,1.9851741790771484,15.587895631790161,0.21875,0.7452928572310226,,,constant_weights,False,False,4.1785339514356645e-07,,constant_weights,,-0.5194540722295642,0.96875,False,False,,constant_weights,,25.82978868484497,0.23828125,False,False,,constant_weights,,9.542304277420044,0.375,False,False,,constant_weights,,17.686046481132507,0.208984375,False,False,,constant_weights,,8.725027225676172,0.310546875,False,False
confirm-U-w256-d55049-s802-g04-uniform,5,U,256,55049,802,uniform,False,47.2601637840271,0.09230500739067793,50.3100688457489,3.0499050617218018,53.3599739074707,0.15234375,0.8856856614281515,,,constant_weights,False,False,4.293397068977356e-07,,constant_weights,,-10.686774156987667,1.0,False,False,,constant_weights,,133.54827916622162,0.095703125,False,False,,constant_weights,,18.9189932346344,0.412109375,False,False,,constant_weights,,76.23363620042801,0.130859375,False,False,,constant_weights,,44.36764373606741,0.173828125,False,False
confirm-U-w256-d55049-s802-g04-uniform,10,U,256,55049,802,uniform,False,172.50109708309174,0.33691620524041355,173.8721400499344,1.3710429668426514,175.24318301677704,0.037109375,0.9843526813055958,,,constant_weights,False,False,5.261972546577454e-07,,constant_weights,,-7.759918208234012,1.0,False,False,,constant_weights,,468.88157868385315,0.033203125,False,False,,constant_weights,,56.381635546684265,0.35546875,False,False,,constant_weights,,262.6316071152687,0.033203125,False,False,,constant_weights,,169.608577035132,0.041015625,False,False
confirm-U-w256-d55049-s802-g04-uniform,20,U,256,55049,802,uniform,False,552.2973638772964,1.0787057888228446,552.2973638772964,-0.0,552.2973638772964,0.0,1.0,,,constant_weights,False,False,3.3931185794422447e-07,,constant_weights,,-5.661065315827727,0.9921875,False,False,,constant_weights,,1232.331546191126,0.0,False,False,,constant_weights,,430.22161546349525,0.052734375,False,False,,constant_weights,,831.2765808273107,0.0,False,False,,constant_weights,,549.4048444253832,0.0,False,False
confirm-U-w256-d55049-s802-g04-uniform,30,U,256,55049,802,uniform,False,855.2209764719009,1.6703534696716815,855.2209764719009,-0.0,855.2209764719009,0.0,1.0,,,constant_weights,False,False,3.591800730173844e-07,,constant_weights,,-2.403952937107533,0.71484375,False,False,,constant_weights,,1377.0983597300947,0.0,False,False,,constant_weights,,1190.9685262665153,0.0,False,False,,constant_weights,,1284.033442998305,0.0,False,False,,constant_weights,,852.3284571745876,0.0,False,False
confirm-U-w256-d55049-s803-g04-random,1,U,256,55049,803,random,False,-5.583690524101257,-0.010905645554885268,6.394778370857239,11.978468894958496,18.373247265815735,0.583984375,0.30390330262903326,,,nonpositive_total_gain,False,False,4.516914486885071e-07,,nonpositive_total_gain,,-1.0696206046268344,1.0,False,False,,nonpositive_total_gain,,-7.424136161804199,0.55859375,False,False,,nonpositive_total_gain,,-8.25731086730957,0.55859375,False,False,,nonpositive_total_gain,,-7.840723514556885,0.580078125,False,False,,nonpositive_total_gain,,-8.159936286744482,0.626953125,False,False
confirm-U-w256-d55049-s803-g04-random,3,U,256,55049,803,random,False,4.100668907165527,0.00800911895930767,9.923502802848816,5.822833895683289,15.746336698532104,0.3984375,0.26042050196651756,1.3911927894398302,0.014596243845162562,,False,False,4.2623529832030993e-07,,nonpositive_total_gain,,-2.0061232494190335,1.0,False,False,0.558438140972626,,0.0010394888941020928,14.094982624053955,0.361328125,False,False,8.0,,98.61388749960668,0.2131340503692627,0.47265625,False,True,1.0836366406346403,,0.005505394656610438,7.154058337211609,0.380859375,False,False,4.853491329077927,,0.844822444539931,1.5244231445223022,0.458984375,False,False
confirm-U-w256-d55049-s803-g04-random,5,U,256,55049,803,random,False,13.607577919960022,0.026577300624921918,30.002891063690186,16.395313143730164,46.39820420742035,0.40234375,0.293278116091049,2.0595878542001858,0.06873342514590618,,False,False,3.7997961044311523e-07,,nonpositive_total_gain,,-14.116972871124744,1.0,False,False,0.5147994296288085,,0.00026224687229613766,67.13888025283813,0.2890625,False,False,,nonpositive_total_gain,,-12.199177265167236,0.52734375,False,False,1.3410852483706819,,0.013893659611028389,27.46985149383545,0.3671875,False,False,2.7017397064772237,,0.16686823112707827,11.031332157316797,0.42578125,False,False
confirm-U-w256-d55049-s803-g04-random,10,U,256,55049,803,random,False,37.13947230577469,0.07253803184721619,92.08498483896255,54.945512533187866,147.03049737215042,0.455078125,0.25259706638800644,3.6699588302972135,0.4406371732343349,,False,False,3.818422555923462e-07,,nonpositive_total_gain,,-24.27010861877352,1.0,False,False,1.315945380453189,,0.017828313366378544,159.04400104284286,0.34765625,False,False,,nonpositive_total_gain,,-23.355486631393433,0.5546875,False,False,2.881213413774833,,0.21813478256765437,67.84425720572472,0.4375,False,False,3.9830895307971748,,0.5543990502743094,34.563226602736094,0.458984375,False,False
confirm-U-w256-d55049-s803-g04-random,20,U,256,55049,803,random,False,86.34243857860565,0.16863757534883916,245.2902718782425,158.94783329963684,404.23810517787933,0.5234375,0.21359302221301446,3.789659022405707,1.2309881229867705,,False,False,5.249554911879173e-07,,nonpositive_total_gain,,-11.134429153986275,1.0,False,False,1.6640659829547215,,0.11541102359672277,275.9365241471678,0.412109375,False,False,,nonpositive_total_gain,,-5.774783134460449,0.572265625,False,False,3.6260693249024065,,1.087566766709849,135.08087050635368,0.5234375,False,False,3.9035964028207326,,1.3370246069492544,83.76619287556703,0.525390625,False,False
confirm-U-w256-d55049-s803-g04-random,30,U,256,55049,803,random,False,229.43744385242462,0.44812000752426684,383.7249518632889,154.28750801086426,538.0124598741531,0.416015625,0.42645377377708404,1.4227401462569387,0.15156467895672168,,False,False,5.389253298071495e-07,,nonpositive_total_gain,,-5.983288323972374,0.904296875,False,False,0.7945523291136116,,0.02550618307535692,522.8111866302788,0.3125,False,False,3.0760752891964978,,1.5146592158372254,171.48441812209785,0.46484375,False,False,1.4084354431738944,,0.14628022016214448,347.14780237618834,0.4140625,False,False,1.4376660170519857,,0.1574982913817357,226.8611976595103,0.416015625,False,False
confirm-U-w256-d55049-s803-g04-uniform,1,U,256,55049,803,uniform,False,0.8336039781570435,0.0016281327698379755,5.943740367889404,5.110136389732361,11.053876757621765,0.462890625,0.07541281637523818,,,constant_weights,False,False,4.054357608182513e-07,,constant_weights,,-1.229166935198009,1.0,False,False,,constant_weights,,2.1843373775482178,0.478515625,False,False,,constant_weights,,1.5456387996673584,0.46875,False,False,,constant_weights,,1.864988088607788,0.455078125,False,False,,constant_weights,,-1.7426417844861817,0.54296875,False,False
confirm-U-w256-d55049-s803-g04-uniform,3,U,256,55049,803,uniform,False,19.7300124168396,0.03853518050163984,23.343403577804565,3.613391160964966,26.95679473876953,0.236328125,0.7319124030893666,,,constant_weights,False,False,4.647299647331238e-07,,constant_weights,,-2.963723094202578,1.0,False,False,,constant_weights,,55.1824848651886,0.1953125,False,False,,constant_weights,,6.971272945404053,0.4609375,False,False,,constant_weights,,31.076878905296326,0.224609375,False,False,,constant_weights,,17.153766654196374,0.27734375,False,False
confirm-U-w256-d55049-s803-g04-uniform,5,U,256,55049,803,uniform,False,65.12187111377716,0.12719115451909602,67.41271376609802,2.290842652320862,69.70355641841888,0.1015625,0.9342689879819241,,,constant_weights,False,False,4.2437265317107897e-07,,constant_weights,,-9.821296529844403,1.0,False,False,,constant_weights,,192.7828607559204,0.1015625,False,False,,constant_weights,,12.40404462814331,0.427734375,False,False,,constant_weights,,102.59345269203186,0.08984375,False,False,,constant_weights,,62.54562535113393,0.1171875,False,False
confirm-U-w256-d55049-s803-g04-uniform,10,U,256,55049,803,uniform,False,201.87805461883545,0.394293075427413,202.474254488945,0.5961998701095581,203.07045435905457,0.015625,0.9941281475733008,,,constant_weights,False,False,4.423782229423523e-07,,constant_weights,,-7.635240912437439,1.0,False,False,,constant_weights,,572.7152315676212,0.013671875,False,False,,constant_weights,,40.554168462753296,0.337890625,False,False,,constant_weights,,306.63470001518726,0.013671875,False,False,,constant_weights,,199.30180885619217,0.015625,False,False
confirm-U-w256-d55049-s803-g04-uniform,20,U,256,55049,803,uniform,False,550.3071897625923,1.0748187300050631,550.3071897625923,-0.0,550.3071897625923,0.0,1.0,,,constant_weights,False,False,3.8401534152576744e-07,,constant_weights,,-4.095392877236009,0.984375,False,False,,constant_weights,,1307.3701671399176,0.0,False,False,,constant_weights,,347.64679169654846,0.064453125,False,False,,constant_weights,,827.508479418233,0.0,False,False,,constant_weights,,547.7309431058794,0.0,False,False
confirm-U-w256-d55049-s803-g04-uniform,30,U,256,55049,803,uniform,False,840.1844125986099,1.64098518085666,840.1844125986099,-0.0,840.1844125986099,0.0,1.0,,,constant_weights,False,False,3.4396847081730186e-07,,constant_weights,,-1.4836297226138413,0.564453125,False,False,,constant_weights,,1384.538520462811,0.0,False,False,,constant_weights,,1137.498347390443,0.0,False,False,,constant_weights,,1261.018433926627,0.0,False,False,,constant_weights,,837.6081670222316,0.0,False,False
confirm-U-w256-d57163-s801-g04-random,1,U,256,57163,801,random,False,-5.898832201957703,-0.011521156644448638,8.452767491340637,14.35159969329834,22.804367184638977,0.576171875,0.25867116391333833,,,nonpositive_total_gain,False,False,3.598009546603581e-07,,nonpositive_total_gain,,-1.3855413002893329,1.0,False,False,,nonpositive_total_gain,,-7.016068696975708,0.53125,False,False,,nonpositive_total_gain,,-9.294878005981445,0.54296875,False,False,,nonpositive_total_gain,,-8.155473351478577,0.5703125,False,False,,nonpositive_total_gain,,-8.852217056092627,0.619140625,False,False
confirm-U-w256-d57163-s801-g04-random,3,U,256,57163,801,random,False,0.9440929889678955,0.001843931619077921,13.117764234542847,12.173671245574951,25.291435480117798,0.46484375,0.03732856483018014,8.0,7.6777110266274216,,False,True,4.774580399241612e-07,,nonpositive_total_gain,,-2.1761886160820723,1.0,False,False,2.2917146578682215,,0.07606548454614548,6.261370897293091,0.439453125,False,False,,nonpositive_total_gain,,-1.252899169921875,0.484375,False,False,5.741745849783461,,1.8463743951743816,2.504235863685608,0.462890625,False,False,,nonpositive_total_gain,,-2.009291865167029,0.513671875,False,False
confirm-U-w256-d57163-s801-g04-random,5,U,256,57163,801,random,False,9.39799952507019,0.018355467822402716,30.412242770195007,21.014243245124817,51.426486015319824,0.466796875,0.18274628996176306,3.6422459136539844,0.3893540297336942,,False,False,4.504496852464346e-07,,nonpositive_total_gain,,-13.974842589348555,1.0,False,False,0.8800495148137168,,0.0009701430292926344,46.123849868774414,0.380859375,False,False,,nonpositive_total_gain,,-3.955000162124634,0.541015625,False,False,2.2225163338534792,,0.07850634338674298,21.08442485332489,0.451171875,False,False,5.377097721959321,,1.2494095953312345,6.444614670935266,0.48828125,False,False
confirm-U-w256-d57163-s801-g04-random,10,U,256,57163,801,random,False,37.54479110240936,0.07332967012189329,88.10840582847595,50.56361472606659,138.67202055454254,0.44921875,0.2707452516540078,3.344471309267074,0.31106307021615254,,False,False,4.731118679046631e-07,,nonpositive_total_gain,,-18.525556813925505,1.0,False,False,1.1969268831420754,,0.007626991835566354,148.84970685839653,0.34375,False,False,,nonpositive_total_gain,,-17.68977653980255,0.57421875,False,False,2.7695021918317364,,0.17184461609617738,65.57996515929699,0.431640625,False,False,3.669632953864825,,0.41248176975294976,34.59140612906514,0.45703125,False,False
confirm-U-w256-d57163-s801-g04-random,20,U,256,57163,801,random,False,89.58887666463852,0.1749782747356221,225.66326242685318,136.07438576221466,361.73764818906784,0.50390625,0.2476625728981726,3.2293889051399565,0.8145026018656943,,False,False,4.936009645462036e-07,,nonpositive_total_gain,,-11.714311664924026,1.0,False,False,1.4341903990488798,,0.0679551889046684,283.8057614453137,0.38671875,False,False,,nonpositive_total_gain,,-3.3248162865638733,0.572265625,False,False,3.094259199752054,,0.7129526165288208,140.2404725793749,0.501953125,False,False,3.3301832830353,,0.8977776390746283,86.63549284985956,0.50390625,False,False
confirm-U-w256-d57163-s801-g04-random,30,U,256,57163,801,random,False,261.79108941555023,0.5113107215147465,408.5018581151962,146.710768699646,555.2126268148422,0.404296875,0.47151501383785155,1.2065405748785953,0.10452917175995163,,False,False,4.454826315614113e-07,,nonpositive_total_gain,,-4.864825890865177,0.78125,False,False,0.7488492049167264,,0.02141298312854622,547.1750128697604,0.306640625,False,False,2.081095337121141,,0.6361096437468076,243.0630878638476,0.44140625,False,False,1.1974721069700722,,0.10162635325969342,395.119050366804,0.404296875,False,False,1.2191570141143107,,0.10885165733145896,258.8377046796933,0.408203125,False,False
confirm-U-w256-d57163-s801-g04-uniform,1,U,256,57163,801,uniform,False,-0.996789813041687,-0.001946855103597045,7.552937030792236,8.549726843833923,16.10266387462616,0.505859375,0.06190216853575282,,,constant_weights,False,False,3.905345996209342e-07,,constant_weights,,-1.0043927235528827,1.0,False,False,,constant_weights,,2.719135284423828,0.443359375,False,False,,constant_weights,,-4.70512843132019,0.48828125,False,False,,constant_weights,,-0.9929965734481812,0.5,False,False,,constant_weights,,-3.9501746671766114,0.5546875,False,False
confirm-U-w256-d57163-s801-g04-uniform,3,U,256,57163,801,uniform,False,15.201764225959778,0.02969094575382769,19.457956552505493,4.256192326545715,23.71414887905121,0.29296875,0.6410419494072095,,,constant_weights,False,False,4.2654573917388916e-07,,constant_weights,,-2.3178905826061964,1.0,False,False,,constant_weights,,38.52058720588684,0.25,False,False,,constant_weights,,9.402596235275269,0.4140625,False,False,,constant_weights,,23.961591720581055,0.275390625,False,False,,constant_weights,,12.248379371824853,0.3515625,False,False
confirm-U-w256-d57163-s801-g04-uniform,5,U,256,57163,801,uniform,False,60.89918410778046,0.1189437189605087,63.85433280467987,2.955148696899414,66.80948150157928,0.119140625,0.9115350506999651,,,constant_weights,False,False,4.588315884266475e-07,,constant_weights,,-11.419659438543022,1.0,False,False,,constant_weights,,178.10879409313202,0.115234375,False,False,,constant_weights,,16.008416175842285,0.412109375,False,False,,constant_weights,,97.05860513448715,0.095703125,False,False,,constant_weights,,57.94579925364553,0.150390625,False,False
confirm-U-w256-d57163-s801-g04-uniform,10,U,256,57163,801,uniform,False,182.17354011535645,0.35580769553780556,182.5648444890976,0.3913043737411499,182.95614886283875,0.009765625,0.9957224244588302,,,constant_weights,False,False,4.290292660302786e-07,,constant_weights,,-7.603316327556968,1.0,False,False,,constant_weights,,509.860603928566,0.01171875,False,False,,constant_weights,,44.263336420059204,0.3046875,False,False,,constant_weights,,277.0619701743126,0.009765625,False,False,,constant_weights,,179.22015526122146,0.01171875,False,False
confirm-U-w256-d57163-s801-g04-uniform,20,U,256,57163,801,uniform,False,513.7417781949043,1.0034019105369225,513.7417781949043,-0.0,513.7417781949043,0.0,1.0,,,constant_weights,False,False,3.5700698697294087e-07,,constant_weights,,-5.668430051766336,0.98046875,False,False,,constant_weights,,1249.8785895891488,0.0,False,False,,constant_weights,,297.0151745080948,0.05859375,False,False,,constant_weights,,773.4468820486218,0.0,False,False,,constant_weights,,510.788392565909,0.0,False,False
confirm-U-w256-d57163-s801-g04-uniform,30,U,256,57163,801,uniform,False,789.2451782822609,1.5414944888325408,789.2451782822609,-0.0,789.2451782822609,0.0,1.0,,,constant_weights,False,False,2.7101486921310425e-07,,constant_weights,,-1.9983365191146731,0.65625,False,False,,constant_weights,,1374.852628128603,0.0,False,False,,constant_weights,,994.8812471851707,0.0,False,False,,constant_weights,,1184.8669376568869,0.0,False,False,,constant_weights,,786.2917930444213,0.0,False,False
confirm-U-w256-d57163-s802-g04-random,1,U,256,57163,802,random,False,-4.478755712509155,-0.008747569750994444,7.383232951164246,11.8619886636734,19.245221614837646,0.56640625,0.23272040208963518,,,nonpositive_total_gain,False,False,3.5762786865234375e-07,,nonpositive_total_gain,,-1.155046034604311,1.0,False,False,,nonpositive_total_gain,,-8.066796064376831,0.560546875,False,False,,nonpositive_total_gain,,-4.214428186416626,0.53515625,False,False,,nonpositive_total_gain,,-6.1406121253967285,0.564453125,False,False,,nonpositive_total_gain,,-7.35075662308634,0.6328125,False,False
confirm-U-w256-d57163-s802-g04-random,3,U,256,57163,802,random,False,4.009515643119812,0.007831085240468383,12.436570763587952,8.42705512046814,20.86362588405609,0.44921875,0.19217731689599887,2.996305245420685,0.04143527550635873,,False,False,3.855675458908081e-07,,nonpositive_total_gain,,-1.2983477348461747,0.998046875,False,False,1.0713033171700053,,0.008774071298095234,9.817603826522827,0.423828125,False,False,8.0,,0.5520225542215241,3.5092899799346924,0.458984375,False,True,2.531525982040974,,0.021703396389746263,6.66344690322876,0.44140625,False,False,8.0,,3.6105872812031135,1.137514732542627,0.494140625,False,True
confirm-U-w256-d57163-s802-g04-random,5,U,256,57163,802,random,False,17.23127591609955,0.03365483577363193,29.120816111564636,11.889540195465088,41.010356307029724,0.384765625,0.4201688906844703,1.2776567888558845,0.0008061854149556465,,False,False,4.4206778208183417e-07,,nonpositive_total_gain,,-11.278230630792677,1.0,False,False,0.3224775349873996,,0.0035719608638179884,60.26144826412201,0.298828125,False,False,8.0,,12.044963238649077,2.7106094360351562,0.5078125,False,True,0.8496641529543076,,0.0012092983429573259,31.486028850078583,0.35546875,False,False,1.8450364383295499,,0.006768471449186484,14.359275005522363,0.408203125,False,False
confirm-U-w256-d57163-s802-g04-random,10,U,256,57163,802,random,False,24.787545084953308,0.04841317399404943,98.66872298717499,73.88117790222168,172.54990088939667,0.515625,0.14365435712908325,8.0,2.3471019779795492,,False,True,5.047768354415894e-07,,nonpositive_total_gain,,-17.555165679194033,1.0,False,False,2.143454881123399,,0.04833757552782972,139.10003635287285,0.38671875,False,False,,nonpositive_total_gain,,-47.18221890926361,0.5859375,False,False,7.314041698580976,,1.3085884684049691,45.95890872180462,0.49609375,False,False,8.0,,3.229642241583263,21.9155436379343,0.525390625,False,True
confirm-U-w256-d57163-s802-g04-random,20,U,256,57163,802,random,False,101.7082872390747,0.1986489985138178,247.94714498519897,146.23885774612427,394.18600273132324,0.50390625,0.25802105233147754,3.642245100955384,0.7498353700910302,,False,False,4.5386453462192833e-07,,nonpositive_total_gain,,-9.685852482914925,1.0,False,False,1.6126556983042697,,0.07144440659184198,296.35184525325894,0.376953125,False,False,8.0,,111.31814440330085,18.458876240998507,0.537109375,False,True,3.514804605256198,,0.6808227424233764,157.40536074712873,0.501953125,False,False,3.758361455928313,,0.8155788435133913,98.83628626889285,0.505859375,False,False
confirm-U-w256-d57163-s802-g04-random,30,U,256,57163,802,random,False,245.7806499004364,0.48004033183678985,399.3713755607605,153.5907256603241,552.9621012210846,0.412109375,0.4444800997350245,1.4159363699612864,0.13063303017572453,,False,False,5.184362332766312e-07,,nonpositive_total_gain,,-5.5967423799447715,0.892578125,False,False,0.8668065631664916,,0.028078175944487166,505.9200353724882,0.29296875,False,False,2.4631243016849296,,0.6898333904782722,237.0186533331871,0.427734375,False,False,1.4018527340340041,,0.12660383413203433,371.46934435283765,0.41015625,False,False,1.4343378099352626,,0.13598425534024816,242.90864884364154,0.412109375,False,False
confirm-U-w256-d57163-s802-g04-uniform,1,U,256,57163,802,uniform,False,0.23359739780426025,0.0004562449175864458,6.874258518218994,6.640661120414734,13.514919638633728,0.49609375,0.017284408938437124,,,constant_weights,False,False,4.700074593202985e-07,,constant_weights,,-1.0332475006580353,0.998046875,False,False,,constant_weights,,0.48172616958618164,0.501953125,False,False,,constant_weights,,1.2523066997528076,0.466796875,False,False,,constant_weights,,0.8670164346694946,0.482421875,False,False,,constant_weights,,-2.638403512772925,0.5625,False,False
confirm-U-w256-d57163-s802-g04-uniform,3,U,256,57163,802,uniform,False,12.166897535324097,0.023763471748679876,14.699925780296326,2.533028244972229,17.232954025268555,0.23046875,0.706025067871931,,,constant_weights,False,False,3.3061951398849487e-07,,constant_weights,,-1.1292104152962565,0.998046875,False,False,,constant_weights,,28.695542097091675,0.2265625,False,False,,constant_weights,,8.934345483779907,0.39453125,False,False,,constant_weights,,18.81494379043579,0.22265625,False,False,,constant_weights,,9.294896624746912,0.30078125,False,False
confirm-U-w256-d57163-s802-g04-uniform,5,U,256,57163,802,uniform,False,60.33621037006378,0.11784416087903082,62.918790102005005,2.582579731941223,65.50136983394623,0.115234375,0.9211442527541525,,,constant_weights,False,False,3.594905138015747e-07,,constant_weights,,-11.298066979274154,1.0,False,False,,constant_weights,,178.41750717163086,0.103515625,False,False,,constant_weights,,13.889201402664185,0.416015625,False,False,,constant_weights,,96.15335428714752,0.103515625,False,False,,constant_weights,,57.4642094594866,0.125,False,False
confirm-U-w256-d57163-s802-g04-uniform,10,U,256,57163,802,uniform,False,192.20359581708908,0.3753976480802521,192.5124173760414,0.30882155895233154,192.82123893499374,0.01171875,0.9967968097222273,,,constant_weights,False,False,4.2282044887542725e-07,,constant_weights,,-7.567530038766563,1.0,False,False,,constant_weights,,535.7563796639442,0.0234375,False,False,,constant_weights,,48.42193865776062,0.302734375,False,False,,constant_weights,,292.08915916085243,0.01171875,False,False,,constant_weights,,189.33159490651184,0.01171875,False,False
confirm-U-w256-d57163-s802-g04-uniform,20,U,256,57163,802,uniform,False,523.411723613739,1.022288522683084,523.411723613739,-0.0,523.411723613739,0.0,1.0,,,constant_weights,False,False,3.284464279440513e-07,,constant_weights,,-3.976174335926771,0.94921875,False,False,,constant_weights,,1257.5639236345887,0.0,False,False,,constant_weights,,316.64742279052734,0.078125,False,False,,constant_weights,,787.105673212558,0.0,False,False,,constant_weights,,520.5397231501967,0.0,False,False
confirm-U-w256-d57163-s802-g04-uniform,30,U,256,57163,802,uniform,False,827.2090088129044,1.6156425953377038,827.2090088129044,-0.0,827.2090088129044,0.0,1.0,,,constant_weights,False,False,3.0485292268345177e-07,,constant_weights,,-1.7757834414951503,0.625,False,False,,constant_weights,,1382.7526347255334,0.0,False,False,,constant_weights,,1100.6501728743315,0.0,False,False,,constant_weights,,1241.7014037999325,0.0,False,False,,constant_weights,,824.3370084909234,0.0,False,False
confirm-U-w256-d57163-s803-g04-random,1,U,256,57163,803,random,False,-4.439222931861877,-0.00867035728879273,7.265019059181213,11.70424199104309,18.969261050224304,0.564453125,0.23402192210378092,,,nonpositive_total_gain,False,False,4.603837927205645e-07,,nonpositive_total_gain,,-2.0537513066083193,1.0,False,False,,nonpositive_total_gain,,-5.289405107498169,0.52734375,False,False,,nonpositive_total_gain,,-5.9745073318481445,0.552734375,False,False,,nonpositive_total_gain,,-5.631956219673157,0.552734375,False,False,,nonpositive_total_gain,,-7.440211154755957,0.619140625,False,False
confirm-U-w256-d57163-s803-g04-random,3,U,256,57163,803,random,False,2.310556173324585,0.00451280502602458,9.129890441894531,6.819334268569946,15.949224710464478,0.455078125,0.14486949775111022,4.048254464148898,0.24822473404483802,,False,False,4.423782229423523e-07,,nonpositive_total_gain,,-1.2796217231079936,1.0,False,False,0.9455614012442453,,0.00555009383124535,7.73640251159668,0.421875,False,False,8.0,,56.53401809066738,0.4748837947845459,0.5,False,True,3.2049556708029763,,0.12528021670106512,4.105643153190613,0.4453125,False,False,,nonpositive_total_gain,,-0.6904320495694947,0.541015625,False,False
confirm-U-w256-d57163-s803-g04-random,5,U,256,57163,803,random,False,10.666163563728333,0.0208323507104069,28.354116797447205,17.687953233718872,46.04207003116608,0.44140625,0.23166125147084743,3.217881144882879,0.2627447107991317,,False,False,3.7439167499542236e-07,,nonpositive_total_gain,,-12.086505060084164,1.0,False,False,0.6251427767688926,,0.0009406212198370509,54.88976228237152,0.353515625,False,False,,nonpositive_total_gain,,-10.80476999282837,0.564453125,False,False,2.187257364486034,,0.06835258272762398,22.042496144771576,0.419921875,False,False,4.596468180904334,,0.7957347800729264,7.665175340834252,0.474609375,False,False
confirm-U-w256-d57163-s803-g04-random,10,U,256,57163,803,random,False,29.713958501815796,0.058035075198858976,93.53357672691345,63.819618225097656,157.3531949520111,0.498046875,0.1888360672363712,5.151839050207605,1.0936014608811375,,False,False,4.153698682785034e-07,,nonpositive_total_gain,,-16.131972803734243,1.0,False,False,1.751340403561704,,0.03589076436140543,131.9148272573948,0.37109375,False,False,,nonpositive_total_gain,,-26.64097559452057,0.56640625,False,False,4.283408917381197,,0.6600938324291743,52.63692583143711,0.4921875,False,False,5.75790505988048,,1.4806519633178497,26.712970338526354,0.501953125,False,False
confirm-U-w256-d57163-s803-g04-random,20,U,256,57163,803,random,False,89.72607231140137,0.1752462349832058,233.3601999282837,143.63412761688232,376.994327545166,0.53125,0.2380037728834307,3.5325124881544943,0.9672839900373141,,False,False,5.541369318962097e-07,,nonpositive_total_gain,,-11.217811163514853,1.0,False,False,1.6097575572472582,,0.0906644657571469,274.34665301442146,0.38671875,False,False,8.0,,982.3858260106084,6.049379527568817,0.5625,False,True,3.3823783666161367,,0.8553191748688485,140.19801627099514,0.52734375,False,False,3.653550435808993,,1.066199968453166,86.72508463239964,0.53125,False,False
confirm-U-w256-d57163-s803-g04-random,30,U,256,57163,803,random,False,231.14852219820023,0.4514619574183598,380.7987610697746,149.6502388715744,530.448999941349,0.408203125,0.4357601243922752,1.4077501354758568,0.1395713230237604,,False,False,4.771475989873153e-07,,nonpositive_total_gain,,-5.006743361707777,0.775390625,False,False,0.9015523709420106,,0.030492703232454187,476.13906379044056,0.31640625,False,False,2.338405926989042,,0.72213509677634,222.3132339157164,0.435546875,False,False,1.3953940575158725,,0.13510728688349202,349.2261488530785,0.40625,False,False,1.4259786740414633,,0.1461904013158913,228.14753355621093,0.408203125,False,False
confirm-U-w256-d57163-s803-g04-uniform,1,U,256,57163,803,uniform,False,-0.30812299251556396,-0.0006018027197569609,8.063373804092407,8.371496796607971,16.43487060070038,0.478515625,0.01874812403466281,,,constant_weights,False,False,4.591420292854309e-07,,constant_weights,,-0.9805737910792232,1.0,False,False,,constant_weights,,1.4056525230407715,0.484375,False,False,,constant_weights,,-1.3494350910186768,0.490234375,False,False,,constant_weights,,0.028108716011047363,0.4609375,False,False,,constant_weights,,-3.3091112154096436,0.53125,False,False
confirm-U-w256-d57163-s803-g04-uniform,3,U,256,57163,803,uniform,False,12.309842467308044,0.024042661068961024,15.625874042510986,3.316031575202942,18.941905617713928,0.28515625,0.6498734982501566,,,constant_weights,False,False,3.9301812648773193e-07,,constant_weights,,-0.8455105172470212,1.0,False,False,,constant_weights,,27.81238865852356,0.251953125,False,False,,constant_weights,,9.962660551071167,0.42578125,False,False,,constant_weights,,18.887524604797363,0.279296875,False,False,,constant_weights,,9.308854244413965,0.359375,False,False
confirm-U-w256-d57163-s803-g04-uniform,5,U,256,57163,803,uniform,False,55.27807128429413,0.10796498297713697,58.10449838638306,2.8264271020889282,60.930925488471985,0.1171875,0.9072252036406805,,,constant_weights,False,False,4.721805453300476e-07,,constant_weights,,-12.98495813831687,1.0,False,False,,constant_weights,,161.09205615520477,0.09765625,False,False,,constant_weights,,17.72711443901062,0.400390625,False,False,,constant_weights,,89.4095852971077,0.109375,False,False,,constant_weights,,52.27708306140005,0.138671875,False,False
confirm-U-w256-d57163-s803-g04-uniform,10,U,256,57163,803,uniform,False,188.76102101802826,0.36867386917583644,188.98034036159515,0.21931934356689453,189.19965970516205,0.01171875,0.9976816095345132,,,constant_weights,False,False,3.712872664318745e-07,,constant_weights,,-6.929014400579035,1.0,False,False,,constant_weights,,519.9045586287975,0.013671875,False,False,,constant_weights,,53.307518005371094,0.29296875,False,False,,constant_weights,,286.6060383170843,0.0078125,False,False,,constant_weights,,185.76003279513412,0.01171875,False,False
confirm-U-w256-d57163-s803-g04-uniform,20,U,256,57163,803,uniform,False,542.0325788259506,1.0586573805194348,542.0325788259506,-0.0,542.0325788259506,0.0,1.0,,,constant_weights,False,False,3.91155481338501e-07,,constant_weights,,-4.9048966486006975,0.986328125,False,False,,constant_weights,,1265.4243060201406,0.0,False,False,,constant_weights,,365.57832807302475,0.072265625,False,False,,constant_weights,,815.5013170465827,0.0,False,False,,constant_weights,,539.0315911394983,0.0,False,False
confirm-U-w256-d57163-s803-g04-uniform,30,U,256,57163,803,uniform,False,829.8757448196411,1.6208510641008615,829.8757448196411,-0.0,829.8757448196411,0.0,1.0,,,constant_weights,False,False,3.079573314135331e-07,,constant_weights,,-2.011202153749764,0.63671875,False,False,,constant_weights,,1380.4880509078503,0.0,False,False,,constant_weights,,1111.150383874774,0.0,False,False,,constant_weights,,1245.8192173913121,0.0,False,False,,constant_weights,,826.8747565594945,0.0,False,False
confirm-U-w64-d52919-s801-g04-random,1,U,64,52919,801,random,False,2.854230761528015,0.0055746694561094046,7.420080065727234,4.565849304199219,11.985929369926453,0.44921875,0.23813178548252442,0.7372949337946793,0.00462031534254162,,False,False,4.072984059657475e-07,0.010832884835243306,,6.688235707216741e-06,6.518317669630051,0.0,False,False,3.992544651426703,,2.7057313926489117,0.5396339893341064,0.490234375,False,False,3.3672711624389544,,0.6320513442974106,1.504744529724121,0.45703125,False,False,3.5957066403790927,,1.014073509025701,1.0221892595291138,0.5,False,False,,nonpositive_total_gain,,-69.95033130818308,1.0,False,False
confirm-U-w64-d52919-s801-g04-random,3,U,64,52919,801,random,False,11.456053972244263,0.022375105414539576,13.217602849006653,1.7615488767623901,14.979151725769043,0.21484375,0.7647999153741196,0.17057183264964448,0.0005038558252050855,,False,False,4.669030507402708e-07,0.0035050636279068377,,6.815846593670226e-07,22.798969507217407,0.0,False,False,0.3377608329517313,,0.0020984246964579033,6.277590751647949,0.404296875,False,False,0.9997983260992702,,0.010821903463028588,5.291605710983276,0.416015625,False,False,0.6125917188503596,,0.0018285649107760808,5.784598231315613,0.435546875,False,False,,nonpositive_total_gain,,-61.34850809746683,1.0,False,False
confirm-U-w64-d52919-s801-g04-random,5,U,64,52919,801,random,False,18.526975631713867,0.03618549928069115,19.632835268974304,1.105859637260437,20.73869490623474,0.13671875,0.8933530154852726,0.1413352973334679,0.0002683525291217845,,False,False,4.3710072835517755e-07,0.00280859951030721,,7.45243502270027e-07,37.209414809942245,0.0,False,False,0.23988736596731453,,0.0008047991644668895,11.353812456130981,0.3828125,False,False,1.03484796278706,,0.00987214023560243,7.017698049545288,0.400390625,False,False,0.49057085595809224,,0.0006528310610158042,9.185755252838135,0.36328125,False,False,,nonpositive_total_gain,,-54.27758643799723,0.998046875,False,False
confirm-U-w64-d52919-s801-g04-random,10,U,64,52919,801,random,False,32.38171029090881,0.06324552791193128,33.945775866508484,1.5640655755996704,35.509841442108154,0.123046875,0.911908050721681,0.18817617236086331,0.0006609408683256796,,False,False,5.066394805908203e-07,0.003539948029186839,,1.6452790551349127e-06,57.669715002179146,0.0,False,False,0.2732647712875653,,0.0010777221449618309,27.137802600860596,0.314453125,False,False,1.4739774468267295,,0.01827524678925038,12.337615132331848,0.447265625,False,False,0.5515093357730572,,0.0008087051466013945,19.737708866596222,0.353515625,False,False,,nonpositive_total_gain,,-40.42285177880228,0.888671875,False,False
confirm-U-w64-d52919-s801-g04-random,20,U,64,52919,801,random,False,48.74082124233246,0.09519691648893058,68.01935982704163,19.278538584709167,87.2978984117508,0.328125,0.5583275442948311,0.925487163368693,0.0008240566543881808,,False,False,3.923972447666957e-07,0.006082517915319502,,8.507813777446677e-06,64.28870847821236,0.0,False,False,0.7121694558105442,,0.00048048472336335667,89.70151853561401,0.341796875,False,False,,nonpositive_total_gain,,-7.7677531242370605,0.5390625,False,False,2.0648610569230073,,0.06525361732769847,40.96688270568848,0.421875,False,False,,nonpositive_total_gain,,-24.063740827378638,0.6171875,False,False
confirm-U-w64-d52919-s801-g04-random,30,U,64,52919,801,random,False,60.43498146533966,0.11803707317449152,92.67262411117554,32.23764264583588,124.91026675701141,0.37109375,0.48382717477422527,1.4521335615895712,0.0201078450339731,,False,False,3.9239724478057347e-07,0.007018337455527225,,1.2127939712111788e-05,71.78414237499237,0.0,False,False,0.854536100871611,,0.0013078654308610713,135.13410902023315,0.326171875,False,False,,nonpositive_total_gain,,-25.613304376602173,0.5390625,False,False,2.669787855853085,,0.2094407315690383,54.76040232181549,0.44140625,False,False,,nonpositive_total_gain,,-12.369580604371436,0.580078125,False,False
confirm-U-w64-d52919-s801-g04-uniform,1,U,64,52919,801,uniform,False,6.710820436477661,0.013107071164995432,7.352280855178833,0.6414604187011719,7.993741273880005,0.1875,0.8395093369365908,,,constant_weights,False,False,5.265076955158782e-07,,constant_weights,,10.198150753974915,0.0,False,False,,constant_weights,,5.785665512084961,0.328125,False,False,,constant_weights,,4.148667097091675,0.431640625,False,False,,constant_weights,,4.967166304588318,0.330078125,False,False,,constant_weights,,-66.09374163323344,1.0,False,False
confirm-U-w64-d52919-s801-g04-uniform,3,U,64,52919,801,uniform,False,18.02890181541443,0.035212698858231306,18.02890181541443,-0.0,18.02890181541443,0.0,1.0,,,constant_weights,False,False,4.3710072835517755e-07,,constant_weights,,31.81296730041504,0.0,False,False,,constant_weights,,13.49653172492981,0.185546875,False,False,,constant_weights,,8.777211904525757,0.32421875,False,False,,constant_weights,,11.136871814727783,0.173828125,False,False,,constant_weights,,-54.77566025429667,1.0,False,False
confirm-U-w64-d52919-s801-g04-uniform,5,U,64,52919,801,uniform,False,28.37872087955475,0.05542718921788037,28.385827660560608,0.007106781005859375,28.392934441566467,0.00390625,0.9994993979209521,,,constant_weights,False,False,5.960464477539062e-07,,constant_weights,,48.39390283823013,0.0,False,False,,constant_weights,,23.713327407836914,0.154296875,False,False,,constant_weights,,13.028933763504028,0.3203125,False,False,,constant_weights,,18.37113058567047,0.138671875,False,False,,constant_weights,,-44.42584119015635,0.9921875,False,False
confirm-U-w64-d52919-s801-g04-uniform,10,U,64,52919,801,uniform,False,60.4072722196579,0.11798295355401933,60.624969482421875,0.21769726276397705,60.84266674518585,0.01953125,0.9928439276445357,,,constant_weights,False,False,4.5696894327568183e-07,,constant_weights,,73.87882986664772,0.0,False,False,,constant_weights,,80.35718393325806,0.1328125,False,False,,constant_weights,,26.985820055007935,0.330078125,False,False,,constant_weights,,53.671501994132996,0.111328125,False,False,,constant_weights,,-12.397289850053198,0.689453125,False,False
confirm-U-w64-d52919-s801-g04-uniform,20,U,64,52919,801,uniform,False,131.83539235591888,0.25749100069515407,132.61580002307892,0.7804076671600342,133.39620769023895,0.021484375,0.988299402499174,,,constant_weights,False,False,4.917383193969727e-07,,constant_weights,,94.45467279851437,0.0,False,False,,constant_weights,,261.8873106241226,0.06640625,False,False,,constant_weights,,39.164204835891724,0.3671875,False,False,,constant_weights,,150.52575773000717,0.0625,False,False,,constant_weights,,59.030830286207774,0.189453125,False,False
confirm-U-w64-d52919-s801-g04-uniform,30,U,64,52919,801,uniform,False,183.20809745788574,0.3578283153474331,183.4906520843506,0.28255462646484375,183.77320671081543,0.005859375,0.9969249638560264,,,constant_weights,False,False,4.76837158203125e-07,,constant_weights,,111.17119869589806,0.0,False,False,,constant_weights,,373.6985237598419,0.025390625,False,False,,constant_weights,,64.75457501411438,0.318359375,False,False,,constant_weights,,219.22654938697815,0.03125,False,False,,constant_weights,,110.40353538817462,0.0703125,False,False
confirm-U-w64-d52919-s802-g04-random,1,U,64,52919,802,random,False,3.8068894147872925,0.007435330888256431,6.48455810546875,2.6776686906814575,9.162226796150208,0.38671875,0.4154982734532259,0.2652457094286934,0.0022980836709684416,,False,False,4.470348358154297e-07,0.010134784246543693,,2.867026006997692e-06,7.107527941465378,0.001953125,False,False,0.24922132205020486,,0.01256745355789227,3.294555187225342,0.49609375,False,False,6.135531698279975,,0.7168114818286702,1.0185983180999756,0.5234375,False,False,1.2424366604195742,,0.007556412077026391,2.1565767526626587,0.47265625,False,False,,nonpositive_total_gain,,-72.4290029781431,0.998046875,False,False
confirm-U-w64-d52919-s802-g04-random,3,U,64,52919,802,random,False,12.938739895820618,0.025270976359024644,13.698539972305298,0.7598000764846802,14.458340048789978,0.140625,0.894898020945597,0.11083359465179324,0.0006208953446289923,,False,False,3.6756197611606534e-07,0.008074803848293028,,8.933280945966961e-07,24.51650458574295,0.0,False,False,0.1788665381217378,,0.002416044928456403,9.267215967178345,0.353515625,False,False,0.7274163515036765,,0.0028910951621748445,5.032499551773071,0.455078125,False,False,0.32583631746216035,,0.002849161737519768,7.149857759475708,0.33984375,False,False,,nonpositive_total_gain,,-63.29715249710978,0.998046875,False,False
confirm-U-w64-d52919-s802-g04-random,5,U,64,52919,802,random,False,20.063611149787903,0.0391867405269295,20.65118384361267,0.5875726938247681,21.23875653743744,0.0859375,0.9446697651259331,0.12030383343193175,0.0006423136522761869,,False,False,4.3710072835517755e-07,0.006948258433873016,,4.6192501647192084e-07,38.98139384388924,0.0,False,False,0.21826162844779778,,0.0024922286200224743,14.24736475944519,0.296875,False,False,0.9614208519779937,,0.0016536872288580755,6.962078094482422,0.42578125,False,False,0.3873171699620328,,0.0026462138881490705,10.604721426963806,0.310546875,False,False,,nonpositive_total_gain,,-56.17228124314249,0.9921875,False,False
confirm-U-w64-d52919-s802-g04-random,10,U,64,52919,802,random,False,29.572010397911072,0.05775783280842006,36.182421922683716,6.610411524772644,42.79283344745636,0.255859375,0.6910505338287866,0.4717313103666513,0.0012992502926012619,,False,False,4.569689432826207e-07,0.011708797609481712,,6.581976323427768e-07,52.762646079063416,0.0,False,False,0.7741397781789656,,0.0008112194661353226,30.65799391269684,0.3203125,False,False,8.0,,2.7316097735656335,5.295389294624329,0.47265625,False,True,2.151454073239159,,0.026276760024935755,17.976691603660583,0.423828125,False,False,,nonpositive_total_gain,,-46.663881995019324,0.849609375,False,False
confirm-U-w64-d52919-s802-g04-random,20,U,64,52919,802,random,False,42.246716022491455,0.08251311723142862,68.28435683250427,26.037640810012817,94.32199764251709,0.37109375,0.44789886853974026,1.8624397104573363,0.01886804085906182,,False,False,3.973642985211079e-07,0.010558923958381171,,2.7750787237307937e-06,60.94049625098705,0.0,False,False,1.682867816368843,,0.010627005633950802,67.96798837184906,0.36328125,False,False,,nonpositive_total_gain,,-2.1683346033096313,0.505859375,False,False,4.506689964603751,,0.3802157416968078,32.899826884269714,0.447265625,False,False,,nonpositive_total_gain,,-33.98917637043895,0.6640625,False,False
confirm-U-w64-d52919-s802-g04-random,30,U,64,52919,802,random,False,60.97615301609039,0.11909404885955155,93.93927431106567,32.96312129497528,126.90239560604095,0.384765625,0.4804964691556046,1.936002900716518,0.0258817183146034,,False,False,4.967053731375071e-07,0.012909830520359544,,2.4913131157414736e-06,73.00638772547245,0.0,False,False,1.5365106981013965,,0.008275158549327812,105.14694941043854,0.390625,False,False,8.0,,120.15993200473358,4.775132536888123,0.51953125,False,True,3.818627707721398,,0.26618182892820547,54.96104097366333,0.458984375,False,False,,nonpositive_total_gain,,-15.25973937684001,0.623046875,False,False
confirm-U-w64-d52919-s802-g04-uniform,1,U,64,52919,802,uniform,False,6.827065587043762,0.013334112474694848,7.316515326499939,0.48944973945617676,7.805965065956116,0.142578125,0.8745959697947415,,,constant_weights,False,False,4.072984059657475e-07,,constant_weights,,10.083007633686066,0.0,False,False,,constant_weights,,5.685582160949707,0.328125,False,False,,constant_weights,,4.712619066238403,0.369140625,False,False,,constant_weights,,5.199100613594055,0.283203125,False,False,,constant_weights,,-69.40882680588663,1.0,False,False
confirm-U-w64-d52919-s802-g04-uniform,3,U,64,52919,802,uniform,False,18.12170970439911,0.03539396426640451,18.131210327148438,0.009500622749328613,18.140710949897766,0.005859375,0.9989525633504036,,,constant_weights,False,False,4.76837158203125e-07,,constant_weights,,32.23967692255974,0.0,False,False,,constant_weights,,13.250144720077515,0.169921875,False,False,,constant_weights,,8.875310897827148,0.306640625,False,False,,constant_weights,,11.062727808952332,0.1484375,False,False,,constant_weights,,-58.11418268853129,1.0,False,False
confirm-U-w64-d52919-s802-g04-uniform,5,U,64,52919,802,uniform,False,28.18952763080597,0.05505767115391791,28.201364159584045,0.011836528778076172,28.21320068836212,0.001953125,0.9991609226539859,,,constant_weights,False,False,5.960464477539062e-07,,constant_weights,,50.030958473682404,0.0,False,False,,constant_weights,,21.464688301086426,0.103515625,False,False,,constant_weights,,13.0729398727417,0.263671875,False,False,,constant_weights,,17.268814086914062,0.072265625,False,False,,constant_weights,,-48.046364762124426,0.9921875,False,False
confirm-U-w64-d52919-s802-g04-uniform,10,U,64,52919,802,uniform,False,60.626182198524475,0.11841051210649312,60.823482513427734,0.19730031490325928,61.020782828330994,0.013671875,0.9935333404208097,,,constant_weights,False,False,4.5696894327568183e-07,,constant_weights,,75.6730260103941,0.0,False,False,,constant_weights,,75.0184633731842,0.109375,False,False,,constant_weights,,31.18704628944397,0.302734375,False,False,,constant_weights,,53.10275483131409,0.107421875,False,False,,constant_weights,,-15.60971019440592,0.724609375,False,False
confirm-U-w64-d52919-s802-g04-uniform,20,U,64,52919,802,uniform,False,132.72764480113983,0.25923368125222623,133.3312029838562,0.6035581827163696,133.93476116657257,0.021484375,0.9909872810096592,,,constant_weights,False,False,4.0729840597442113e-07,,constant_weights,,96.11751413345337,0.0,False,False,,constant_weights,,248.1042412519455,0.05859375,False,False,,constant_weights,,53.961188316345215,0.328125,False,False,,constant_weights,,151.03271478414536,0.05859375,False,False,,constant_weights,,56.491752408209436,0.208984375,False,False
confirm-U-w64-d52919-s802-g04-uniform,30,U,64,52919,802,uniform,False,181.6449043750763,0.3547752038575709,181.7368025779724,0.09189820289611816,181.82870078086853,0.00390625,0.9989891782485223,,,constant_weights,False,False,4.917383193969727e-07,,constant_weights,,110.22294515371323,0.0,False,False,,constant_weights,,359.1405429840088,0.03125,False,False,,constant_weights,,75.57122075557709,0.25,False,False,,constant_weights,,217.35588186979294,0.025390625,False,False,,constant_weights,,105.40901198214587,0.080078125,False,False
confirm-U-w64-d52919-s803-g04-random,1,U,64,52919,803,random,False,3.2222068309783936,0.006293372716754675,7.3464168310165405,4.124210000038147,11.470626831054688,0.390625,0.280909393918634,0.6122969410169623,0.0008513628392874751,,False,False,4.967053731305682e-07,0.04044146070427951,,3.461099164816844e-05,4.139827877283096,0.025390625,False,False,0.4839014303320286,,0.0034934101375371715,4.628170728683472,0.435546875,False,False,8.0,,1.8119954537021548,0.8986139297485352,0.49609375,False,True,1.346062604133853,,0.016242759211056175,2.7633923292160034,0.4375,False,False,,nonpositive_total_gain,,-73.35283610993326,0.998046875,False,False
confirm-U-w64-d52919-s803-g04-random,3,U,64,52919,803,random,False,10.265035152435303,0.0200488967821002,13.305169701576233,3.04013454914093,16.345304250717163,0.2734375,0.6280112621326652,0.31616313973930654,0.000698428658609077,,False,False,4.371007283517081e-07,0.016455201464404406,,1.051299231464779e-05,19.52372920513153,0.001953125,False,False,0.5043331081032354,,0.0006603755387530224,9.698596477508545,0.3671875,False,False,8.0,,1.753665166745416,1.5727808475494385,0.462890625,False,True,1.2641419304746209,,0.008153970094433452,5.635688662528992,0.3984375,False,False,,nonpositive_total_gain,,-66.31000778847636,0.98046875,False,False
confirm-U-w64-d52919-s803-g04-random,5,U,64,52919,803,random,False,17.61903142929077,0.03441217076033354,19.165013432502747,1.545982003211975,20.71099543571472,0.1640625,0.8507090585760998,0.23112386622858588,0.0007745722606381616,,False,False,4.470348358154297e-07,0.014075944429429443,,1.740667305947052e-05,31.440449506044388,0.0,False,False,0.4037046124453879,,0.00026782592126007633,15.335106015205383,0.34765625,False,False,2.1288606578118623,,0.025943577038621615,6.081532001495361,0.4375,False,False,0.6992794448617277,,0.0004236093182022625,10.708319008350372,0.365234375,False,False,,nonpositive_total_gain,,-58.956011511620886,0.958984375,False,False
confirm-U-w64-d52919-s803-g04-random,10,U,64,52919,803,random,False,27.793219447135925,0.054283631732687354,30.893184185028076,3.099964737892151,33.99314892292023,0.19140625,0.817612381546567,0.3157462631549567,0.0013523567990329412,,False,False,5.165735880580113e-07,0.015709206782037043,,2.894118822038513e-05,49.34166461229324,0.0,False,False,0.4674256142553116,,0.0009269007322080593,27.576824426651,0.314453125,False,False,5.577001487146656,,0.5547762771485906,6.46115779876709,0.443359375,False,False,1.140853532350814,,0.00171293429458386,17.018991112709045,0.3515625,False,False,,nonpositive_total_gain,,-48.78182349377573,0.89453125,False,False
confirm-U-w64-d52919-s803-g04-random,20,U,64,52919,803,random,False,38.58003568649292,0.07535163220018148,51.111491203308105,12.531455516815186,63.64294672012329,0.287109375,0.6061949937068876,0.82371252061105,0.00029233618969112015,,False,False,4.6690305074981175e-07,0.028989968381357534,,8.596503249036017e-05,59.95621673762798,0.001953125,False,False,0.6223313795697711,,0.0017018249483977239,57.46278142929077,0.29296875,False,False,,nonpositive_total_gain,,-1.6788886785507202,0.505859375,False,False,2.598659827325583,,0.07392661724222295,27.891946375370026,0.421875,False,False,,nonpositive_total_gain,,-37.99500725441874,0.751953125,False,False
confirm-U-w64-d52919-s803-g04-random,30,U,64,52919,803,random,False,57.14162516593933,0.11160473665222526,76.68519484996796,19.543569684028625,96.22876453399658,0.34375,0.5938102337971076,1.0850638258514884,0.0009172399100675147,,False,False,4.271666208810476e-07,0.03692237343552447,,6.698624017181174e-05,66.06056302785873,0.00390625,False,False,0.5802885208589825,,0.001567333255280245,111.50860643386841,0.2890625,False,False,,nonpositive_total_gain,,-6.144306540489197,0.541015625,False,False,2.300467247506595,,0.04969097131484535,52.682149946689606,0.4375,False,False,,nonpositive_total_gain,,-19.433417715367682,0.646484375,False,False
confirm-U-w64-d52919-s803-g04-uniform,1,U,64,52919,803,uniform,False,7.176918029785156,0.014017418026924133,7.55469024181366,0.3777722120285034,7.932462453842163,0.12890625,0.904752852162439,,,constant_weights,False,False,3.8743019104003906e-07,,constant_weights,,9.112699747085571,0.0,False,False,,constant_weights,,7.6816771030426025,0.2578125,False,False,,constant_weights,,4.736382961273193,0.37890625,False,False,,constant_weights,,6.209030032157898,0.265625,False,False,,constant_weights,,-69.3981249111265,1.0,False,False
confirm-U-w64-d52919-s803-g04-uniform,3,U,64,52919,803,uniform,False,18.403586626052856,0.035944505129009485,18.4115127325058,0.007926106452941895,18.41943883895874,0.005859375,0.9991393759036592,,,constant_weights,False,False,4.3710072835517755e-07,,constant_weights,,31.598599404096603,0.0,False,False,,constant_weights,,15.580370664596558,0.12890625,False,False,,constant_weights,,8.03179144859314,0.298828125,False,False,,constant_weights,,11.806081056594849,0.142578125,False,False,,constant_weights,,-58.1714563148588,0.98828125,False,False
confirm-U-w64-d52919-s803-g04-uniform,5,U,64,52919,803,uniform,False,27.96964430809021,0.05462821153923869,27.96964430809021,-0.0,27.96964430809021,0.0,1.0,,,constant_weights,False,False,4.3710072835517755e-07,,constant_weights,,48.612270414829254,0.0,False,False,,constant_weights,,22.99178719520569,0.0703125,False,False,,constant_weights,,12.304872751235962,0.232421875,False,False,,constant_weights,,17.648329973220825,0.080078125,False,False,,constant_weights,,-48.60539863282145,0.982421875,False,False
confirm-U-w64-d52919-s803-g04-uniform,10,U,64,52919,803,uniform,False,50.87110674381256,0.09935763035900891,50.87375223636627,0.0026454925537109375,50.87639772891998,0.001953125,0.9998960031499161,,,constant_weights,False,False,3.7749608357284803e-07,,constant_weights,,75.16047139465809,0.0,False,False,,constant_weights,,53.21885621547699,0.0625,False,False,,constant_weights,,24.233983516693115,0.267578125,False,False,,constant_weights,,38.72641986608505,0.091796875,False,False,,constant_weights,,-25.703936197099097,0.830078125,False,False
confirm-U-w64-d52919-s803-g04-uniform,20,U,64,52919,803,uniform,False,107.72825908660889,0.21040675602853298,108.01076591014862,0.2825068235397339,108.29327273368835,0.01171875,0.9947825600536708,,,constant_weights,False,False,4.470348358154297e-07,,constant_weights,,97.71037186682224,0.0,False,False,,constant_weights,,192.04120099544525,0.052734375,False,False,,constant_weights,,33.43319749832153,0.37890625,False,False,,constant_weights,,112.73719924688339,0.076171875,False,False,,constant_weights,,31.15321614569723,0.306640625,False,False
confirm-U-w64-d52919-s803-g04-uniform,30,U,64,52919,803,uniform,False,155.9834794998169,0.30465523339807987,156.26630449295044,0.2828249931335449,156.54912948608398,0.015625,0.9963867573832956,,,constant_weights,False,False,3.6756197613341257e-07,,constant_weights,,113.2763491421938,0.001953125,False,False,,constant_weights,,314.3554208278656,0.033203125,False,False,,constant_weights,,40.31866955757141,0.390625,False,False,,constant_weights,,177.3370451927185,0.037109375,False,False,,constant_weights,,79.40843655890521,0.12890625,False,False
confirm-U-w64-d55049-s801-g04-random,1,U,64,55049,801,random,False,2.689688205718994,0.00525329727679491,6.603719592094421,3.9140313863754272,10.517750978469849,0.44140625,0.2557284548022544,0.722484798147355,0.0040344840050813985,,False,False,4.172325134277344e-07,0.01176362902503644,,7.254161802121624e-06,6.429921448230743,0.00390625,False,False,8.0,,138.8825014964615,0.1165463924407959,0.513671875,False,True,4.622292760820604,,0.145810874727976,1.522594928741455,0.498046875,False,False,7.0252280976616435,,1.300704462090949,0.8195706605911255,0.490234375,False,False,,nonpositive_total_gain,,-70.1282731073469,1.0,False,False
confirm-U-w64-d55049-s801-g04-random,3,U,64,55049,801,random,False,9.690716981887817,0.018927181605249643,12.520648956298828,2.8299319744110107,15.350580930709839,0.2890625,0.6312931755241201,0.27261727893087806,0.0007625049548255372,,False,False,4.76837158203125e-07,0.003068164071314553,,9.823698489231545e-07,23.079481333494186,0.0,False,False,1.7768504616940102,,0.07837078853905846,3.4446778297424316,0.451171875,False,False,3.6049282233029056,,0.19888381892373808,2.5480010509490967,0.466796875,False,False,2.5169597684166436,,0.1129394484913123,2.996339440345764,0.48046875,False,False,,nonpositive_total_gain,,-63.127244331178076,1.0,False,False
confirm-U-w64-d55049-s801-g04-random,5,U,64,55049,801,random,False,16.142764449119568,0.031528836814686656,18.097135543823242,1.9543710947036743,20.051506638526917,0.224609375,0.8050649130825361,0.22129487645499418,0.0009330837353964642,,False,False,5.265076955182635e-07,0.0026898866032300005,,8.124679752793715e-07,36.232407331466675,0.0,False,False,0.7488766421244806,,0.0013520539213151446,9.022780656814575,0.43359375,False,False,4.656637653096726,,0.30317974503220024,3.173109769821167,0.494140625,False,False,1.608126419826613,,0.011172130862197848,6.097945213317871,0.447265625,False,False,,nonpositive_total_gain,,-56.675196863946326,0.98828125,False,False
confirm-U-w64-d55049-s801-g04-random,10,U,64,55049,801,random,False,28.67857837677002,0.056012848392128944,32.48536741733551,3.8067890405654907,36.292156457901,0.22265625,0.7902142274195596,0.3309977025623305,0.0017602244057586727,,False,False,5.016724268641637e-07,0.005379016754153362,,1.7344966164778438e-06,53.97752507030964,0.0,False,False,0.6814849037388824,,0.0007448743298054372,28.721588969230652,0.380859375,False,False,7.972016165392439,,2.594574236512557,3.336629629135132,0.494140625,False,False,1.5303392819520143,,0.005250052486129665,16.029109299182892,0.396484375,False,False,,nonpositive_total_gain,,-44.139382936295874,0.873046875,False,False
confirm-U-w64-d55049-s801-g04-random,20,U,64,55049,801,random,False,42.39130246639252,0.08279551262967288,62.255496978759766,19.86419451236725,82.11969149112701,0.3515625,0.5162136108484148,1.1393806081409505,0.0010246928718801057,,False,False,3.973642984933523e-07,0.005319891738562775,,6.3224414494785555e-06,69.22485469281673,0.0,False,False,1.1277022737804039,,0.001721979933119036,69.29012477397919,0.369140625,False,False,,nonpositive_total_gain,,-11.341061115264893,0.537109375,False,False,3.3425701117963125,,0.21770118533152652,28.974531829357147,0.443359375,False,False,,nonpositive_total_gain,,-30.426658846673377,0.6640625,False,False
confirm-U-w64-d55049-s801-g04-random,30,U,64,55049,801,random,False,52.710299372673035,0.10294980346225202,90.68466103076935,37.97436165809631,128.65902268886566,0.396484375,0.40968987849489286,1.8981988616587504,0.03518677192062426,,False,False,3.973642984933523e-07,0.007173331970654475,,5.4123410773096385e-06,80.54711265861988,0.001953125,False,False,1.3817956849359097,,0.008842173520944158,105.69330734014511,0.3984375,False,False,,nonpositive_total_gain,,-28.10952877998352,0.552734375,False,False,4.347024332864647,,0.631146304235986,38.791889280080795,0.4765625,False,False,,nonpositive_total_gain,,-20.107661821183573,0.595703125,False,False
confirm-U-w64-d55049-s801-g04-uniform,1,U,64,55049,801,uniform,False,6.230419039726257,0.012168787186965346,7.22464919090271,0.9942301511764526,8.218879342079163,0.19921875,0.7580618695577691,,,constant_weights,False,False,4.072984059657475e-07,,constant_weights,,10.651704877614975,0.0,False,False,,constant_weights,,4.199872255325317,0.38671875,False,False,,constant_weights,,3.8396809101104736,0.4140625,False,False,,constant_weights,,4.0197765827178955,0.349609375,False,False,,constant_weights,,-66.58754227333964,1.0,False,False
confirm-U-w64-d55049-s801-g04-uniform,3,U,64,55049,801,uniform,False,17.1549254655838,0.03350571379996836,17.1549254655838,-0.0,17.1549254655838,0.0,1.0,,,constant_weights,False,False,4.569689432791513e-07,,constant_weights,,32.38335955142975,0.0,False,False,,constant_weights,,11.19205617904663,0.197265625,False,False,,constant_weights,,7.889364004135132,0.322265625,False,False,,constant_weights,,9.540710091590881,0.150390625,False,False,,constant_weights,,-55.66303584748209,1.0,False,False
confirm-U-w64-d55049-s801-g04-uniform,5,U,64,55049,801,uniform,False,26.655778765678406,0.052062067901715636,26.655778765678406,-0.0,26.655778765678406,0.0,1.0,,,constant_weights,False,False,4.0729840596054334e-07,,constant_weights,,49.1838830858469,0.0,False,False,,constant_weights,,20.58486270904541,0.11328125,False,False,,constant_weights,,10.198590993881226,0.267578125,False,False,,constant_weights,,15.391726851463318,0.095703125,False,False,,constant_weights,,-46.16218254738749,0.99609375,False,False
confirm-U-w64-d55049-s801-g04-uniform,10,U,64,55049,801,uniform,False,54.74321734905243,0.10692034638486803,54.82094871997833,0.07773137092590332,54.898680090904236,0.009765625,0.9971681879856786,,,constant_weights,False,False,3.7749608357284803e-07,,constant_weights,,72.93905535340309,0.0,False,False,,constant_weights,,74.98412013053894,0.08984375,False,False,,constant_weights,,16.3064706325531,0.341796875,False,False,,constant_weights,,45.64529538154602,0.08203125,False,False,,constant_weights,,-18.074743964013464,0.78515625,False,False
confirm-U-w64-d55049-s801-g04-uniform,20,U,64,55049,801,uniform,False,127.64283406734467,0.24930241028778255,128.32593989372253,0.6831058263778687,129.0090457201004,0.021484375,0.9894099545878365,,,constant_weights,False,False,4.5696894326874293e-07,,constant_weights,,100.09013238549232,0.0,False,False,,constant_weights,,256.6378341913223,0.052734375,False,False,,constant_weights,,26.200541734695435,0.384765625,False,False,,constant_weights,,141.41918796300888,0.056640625,False,False,,constant_weights,,54.82487275427876,0.19140625,False,False
confirm-U-w64-d55049-s801-g04-uniform,30,U,64,55049,801,uniform,False,174.3280748128891,0.340484521118924,174.64562118053436,0.31754636764526367,174.96316754817963,0.01171875,0.9963701346735413,,,constant_weights,False,False,3.675619761148727e-07,,constant_weights,,115.71390770375729,0.0,False,False,,constant_weights,,367.0141079425812,0.02734375,False,False,,constant_weights,,40.25622367858887,0.333984375,False,False,,constant_weights,,203.63516581058502,0.037109375,False,False,,constant_weights,,101.51011349982316,0.08203125,False,False
confirm-U-w64-d55049-s802-g04-random,1,U,64,55049,802,random,False,3.8696787357330322,0.007557966280728579,6.995002508163452,3.12532377243042,10.120326280593872,0.3671875,0.3823669937552601,0.3771197317835614,0.0038672433887587824,,False,False,4.76837158203125e-07,0.008751518959843541,,2.3087721761511947e-05,7.079759925603867,0.0,False,False,4.121186529689812,,0.41994964761891274,1.0606744289398193,0.443359375,False,False,0.8992645014476226,,0.018240661158717527,3.468590259552002,0.419921875,False,False,1.641820644231867,,0.02014530906705896,2.2646323442459106,0.46875,False,False,,nonpositive_total_gain,,-74.34800598793925,1.0,False,False
confirm-U-w64-d55049-s802-g04-random,3,U,64,55049,802,random,False,13.463088631629944,0.026295094983652234,14.545233368873596,1.0821447372436523,15.627378106117249,0.140625,0.8615065521682037,0.15883153978692582,0.0010883856130994068,,False,False,4.371007283517081e-07,0.004097793404736757,,3.862737431192533e-06,25.553750216960907,0.0,False,False,0.4515680579970204,,0.0024967732850142378,7.526057243347168,0.39453125,False,False,0.659106481156114,,0.00436766952848873,7.309457778930664,0.40625,False,False,0.5444367621202315,,0.002645274687514668,7.417757511138916,0.3671875,False,False,,nonpositive_total_gain,,-64.75459609204233,0.994140625,False,False
confirm-U-w64-d55049-s802-g04-random,5,U,64,55049,802,random,False,20.187480449676514,0.03942867275327444,21.552099466323853,1.3646190166473389,22.91671848297119,0.154296875,0.880906246008882,0.1887726389070798,0.001199644341074422,,False,False,4.371007283517081e-07,0.0038090780843411144,,3.6711758615298175e-06,38.70777049660683,0.0,False,False,0.45762682557876444,,0.0020119096717181695,12.02126693725586,0.36328125,False,False,1.2082457642293427,,0.0022758142033731522,9.833402872085571,0.40625,False,False,0.7219825040062962,,0.001475061933804536,10.927334904670715,0.345703125,False,False,,nonpositive_total_gain,,-58.030204273995764,0.990234375,False,False
confirm-U-w64-d55049-s802-g04-random,10,U,64,55049,802,random,False,27.490256547927856,0.053691907320171595,36.2303272485733,8.740070700645447,44.97039794921875,0.291015625,0.6112967152074186,0.6443789602370384,0.0004198490144352375,,False,False,3.973642985072301e-07,0.004001134252375629,,4.290005312862517e-06,53.522950530052185,0.0,False,False,1.0124437826938308,,0.0021716285231944067,25.54461359977722,0.3671875,False,False,8.0,,15.13641294516742,3.4031927585601807,0.515625,False,True,3.332039922844332,,0.17011685816248714,14.473903179168701,0.4296875,False,False,,nonpositive_total_gain,,-50.72742817574442,0.8515625,False,False
confirm-U-w64-d55049-s802-g04-random,20,U,64,55049,802,random,False,43.11990964412689,0.08421857352368534,64.81094884872437,21.691039204597473,86.50198805332184,0.33203125,0.4984846084409849,1.5915517662624943,0.010530321989342206,,False,False,5.265076955113246e-07,0.009418823712174625,,8.96668407323827e-06,67.77536058425903,0.0,False,False,1.6139411260229273,,0.01069785944285708,57.495840549468994,0.388671875,False,False,8.0,,73.24652783744013,4.088529467582703,0.521484375,False,True,4.485640791596948,,0.3798571021913537,30.79218500852585,0.451171875,False,False,,nonpositive_total_gain,,-35.097775079545386,0.693359375,False,False
confirm-U-w64-d55049-s802-g04-random,30,U,64,55049,802,random,False,60.60381215810776,0.11836682062130421,93.4663137793541,32.86250162124634,126.32881540060043,0.38671875,0.4797307088325607,1.9477343761747594,0.030736130708744664,,False,False,3.973642985072301e-07,0.00903398049090362,,1.1583240550603024e-05,80.69694033265114,0.0,False,False,1.6220527725813687,,0.014486921102308134,95.9519157409668,0.380859375,False,False,8.0,,115.94492704616289,5.162574112415314,0.53125,False,True,4.240236083154141,,0.38020569741741794,50.557244926691055,0.46484375,False,False,,nonpositive_total_gain,,-17.613872625169172,0.62109375,False,False
confirm-U-w64-d55049-s802-g04-uniform,1,U,64,55049,802,uniform,False,6.96092689037323,0.013595560332760215,7.573247671127319,0.6123207807540894,8.185568451881409,0.15625,0.8503901630403321,,,constant_weights,False,False,4.371007283534428e-07,,constant_weights,,11.055913001298904,0.0,False,False,,constant_weights,,5.558750867843628,0.333984375,False,False,,constant_weights,,4.268110990524292,0.380859375,False,False,,constant_weights,,4.91343092918396,0.306640625,False,False,,constant_weights,,-71.25675783329905,1.0,False,False
confirm-U-w64-d55049-s802-g04-uniform,3,U,64,55049,802,uniform,False,18.96031403541565,0.03703186335042119,18.985920548439026,0.025606513023376465,19.011527061462402,0.01171875,0.9973062118639294,,,constant_weights,False,False,4.470348358154297e-07,,constant_weights,,33.679969757795334,0.0,False,False,,constant_weights,,13.550177574157715,0.2109375,False,False,,constant_weights,,9.650789260864258,0.294921875,False,False,,constant_weights,,11.600483417510986,0.15234375,False,False,,constant_weights,,-59.25737068825663,1.0,False,False
confirm-U-w64-d55049-s802-g04-uniform,5,U,64,55049,802,uniform,False,29.95909357070923,0.05851385463029146,29.96538484096527,0.0062912702560424805,29.971676111221313,0.001953125,0.9995801856237405,,,constant_weights,False,False,4.172325134277344e-07,,constant_weights,,51.36924850940704,0.0,False,False,,constant_weights,,23.746808767318726,0.166015625,False,False,,constant_weights,,14.76120901107788,0.283203125,False,False,,constant_weights,,19.254008889198303,0.125,False,False,,constant_weights,,-48.25859115296305,0.986328125,False,False
confirm-U-w64-d55049-s802-g04-uniform,10,U,64,55049,802,uniform,False,61.9187136888504,0.12093498767353594,62.03483688831329,0.11612319946289062,62.150960087776184,0.015625,0.9962631888775688,,,constant_weights,False,False,4.172325134277344e-07,,constant_weights,,78.15585973858833,0.0,False,False,,constant_weights,,75.59307599067688,0.138671875,False,False,,constant_weights,,32.00720810890198,0.279296875,False,False,,constant_weights,,53.80014204978943,0.13671875,False,False,,constant_weights,,-16.298971034821875,0.72265625,False,False
confirm-U-w64-d55049-s802-g04-uniform,20,U,64,55049,802,uniform,False,127.4179779291153,0.2488632381428033,127.9903599023819,0.5723819732666016,128.5627418756485,0.0234375,0.991095678811514,,,constant_weights,False,False,3.8246313729950465e-07,,constant_weights,,98.19458621740341,0.0,False,False,,constant_weights,,225.48467707633972,0.06640625,False,False,,constant_weights,,58.57465159893036,0.2890625,False,False,,constant_weights,,142.02966433763504,0.05859375,False,False,,constant_weights,,49.20029320544302,0.22265625,False,False
confirm-U-w64-d55049-s802-g04-uniform,30,U,64,55049,802,uniform,False,176.72895216941833,0.3451737347058952,177.06507575511932,0.33612358570098877,177.4011993408203,0.0078125,0.9962105827136464,,,constant_weights,False,False,4.867712656564382e-07,,constant_weights,,113.07092683017254,0.0,False,False,,constant_weights,,332.48990964889526,0.03125,False,False,,constant_weights,,84.62601494789124,0.23828125,False,False,,constant_weights,,208.55796229839325,0.033203125,False,False,,constant_weights,,98.51126744574603,0.103515625,False,False
confirm-U-w64-d55049-s803-g04-random,1,U,64,55049,803,random,False,3.5267521142959595,0.006888187723234296,5.115302205085754,1.588550090789795,6.703852295875549,0.326171875,0.5260784335099006,0.25312550604578665,0.0007730419706308314,,False,False,4.271666208879865e-07,0.0644723509515341,,4.091335189343731e-05,4.402249187231064,0.048828125,False,False,0.269868614217162,,0.001453004410372773,3.8381145000457764,0.37109375,False,False,0.7368385535317277,,0.003841582621560628,2.3398966789245605,0.43359375,False,False,0.41734865884083183,,0.001334624554183846,3.0890055894851685,0.38671875,False,False,,nonpositive_total_gain,,-72.82112906151713,1.0,False,False
confirm-U-w64-d55049-s803-g04-random,3,U,64,55049,803,random,False,11.789570689201355,0.023026505252346396,12.279102325439453,0.48953163623809814,12.768633961677551,0.107421875,0.9233227864926934,0.16265666572255116,0.0003633038255421484,,False,False,4.867712656633771e-07,0.006611314610273878,,2.716022359636873e-06,20.36348995566368,0.0,False,False,0.34367375205613604,,0.00027273735992228257,10.42029595375061,0.3125,False,False,0.6489784310501883,,0.002173269582990681,4.58492636680603,0.419921875,False,False,0.41878388001435773,,0.0005607301654907649,7.50261116027832,0.333984375,False,False,,nonpositive_total_gain,,-64.55831048661173,0.98828125,False,False
confirm-U-w64-d55049-s803-g04-random,5,U,64,55049,803,random,False,17.550150156021118,0.034277637023478746,18.503697395324707,0.9535472393035889,19.457244634628296,0.11328125,0.9019853779700596,0.18848408866407146,0.00041932758534629795,,False,False,4.867712656657624e-07,0.004281777406150496,,1.9355414526917434e-06,32.198253124952316,0.0,False,False,0.44030325367924983,,0.0007206974144196435,15.321577310562134,0.314453125,False,False,1.1763905234798968,,0.00636892603980575,5.130628824234009,0.4296875,False,False,0.5729330030366937,,0.0005743181635698131,10.226103067398071,0.310546875,False,False,,nonpositive_total_gain,,-58.79773101979197,0.974609375,False,False
confirm-U-w64-d55049-s803-g04-random,10,U,64,55049,803,random,False,31.518593549728394,0.06155975302681327,32.53167498111725,1.013081431388855,33.5447564125061,0.076171875,0.9395982240007467,0.20450675614491004,0.00036397061829291565,,False,False,3.8743019104003906e-07,0.005394990265966529,,3.7477419885335443e-06,50.48947113752365,0.0,False,False,0.3827143005935114,,0.0002113817111666528,34.049354553222656,0.24609375,False,False,1.0959701354405817,,0.0013142032204927906,10.016963005065918,0.40625,False,False,0.49269936605755227,,0.00018384008263792865,22.033158779144287,0.259765625,False,False,,nonpositive_total_gain,,-44.82928762608469,0.90625,False,False
confirm-U-w64-d55049-s803-g04-random,20,U,64,55049,803,random,False,48.61509549617767,0.09495135839097202,55.42869853973389,6.813603043556213,62.2423015832901,0.21484375,0.7810619829204571,0.4357661081568991,0.0001701030641938936,,False,False,5.26507695514794e-07,0.019049955095071076,,8.786086351708582e-06,67.14732529222965,0.00390625,False,False,0.5975411516461377,,0.0005220870326248426,69.99688768386841,0.314453125,False,False,6.260500466787105,,0.9511107095461484,8.70108687877655,0.48046875,False,False,1.034115140825381,,0.004195717411412517,39.34898728132248,0.36328125,False,False,,nonpositive_total_gain,,-27.732785679635413,0.69921875,False,False
confirm-U-w64-d55049-s803-g04-random,30,U,64,55049,803,random,False,58.81421184539795,0.11487150751054287,78.07644069194794,19.262228846549988,97.33866953849792,0.314453125,0.6042224752428595,0.9231055255238996,0.0015316019698625289,,False,False,4.470348358154297e-07,0.02517368281346969,,8.575396881824678e-06,74.83062516152859,0.0078125,False,False,0.8501162272481215,,0.00182081996419328,109.76128870248795,0.326171875,False,False,,nonpositive_total_gain,,-8.149266958236694,0.548828125,False,False,2.081274957814111,,0.063315261776281,50.806010872125626,0.396484375,False,False,,nonpositive_total_gain,,-17.533669270810492,0.611328125,False,False
confirm-U-w64-d55049-s803-g04-uniform,1,U,64,55049,803,uniform,False,7.424067974090576,0.014500132761895657,7.633125424385071,0.20905745029449463,7.842182874679565,0.095703125,0.9466838624818382,,,constant_weights,False,False,4.867712656668466e-07,,constant_weights,,10.878607720136642,0.0,False,False,,constant_weights,,6.904702663421631,0.2890625,False,False,,constant_weights,,4.4888880252838135,0.37890625,False,False,,constant_weights,,5.696795344352722,0.220703125,False,False,,constant_weights,,-68.92381320172251,1.0,False,False
confirm-U-w64-d55049-s803-g04-uniform,3,U,64,55049,803,uniform,False,18.99828600883484,0.037106027361005545,19.001080751419067,0.0027947425842285156,19.003875494003296,0.001953125,0.9997058765634294,,,constant_weights,False,False,4.0729840596748224e-07,,constant_weights,,33.335487961769104,0.0,False,False,,constant_weights,,15.044918060302734,0.189453125,False,False,,constant_weights,,8.614457607269287,0.29296875,False,False,,constant_weights,,11.82968783378601,0.1328125,False,False,,constant_weights,,-57.34959516697825,1.0,False,False
confirm-U-w64-d55049-s803-g04-uniform,5,U,64,55049,803,uniform,False,27.905664443969727,0.05450325086712837,27.905664443969727,-0.0,27.905664443969727,0.0,1.0,,,constant_weights,False,False,4.271666208879865e-07,,constant_weights,,48.385553419589996,0.0,False,False,,constant_weights,,23.25348401069641,0.111328125,False,False,,constant_weights,,12.077959537506104,0.283203125,False,False,,constant_weights,,17.665721774101257,0.083984375,False,False,,constant_weights,,-48.44221673184336,0.984375,False,False
confirm-U-w64-d55049-s803-g04-uniform,10,U,64,55049,803,uniform,False,50.405033826828,0.09844733169302344,50.40683174133301,0.0017979145050048828,50.40862965583801,0.001953125,0.9999286664002858,,,constant_weights,False,False,4.22199567154391e-07,,constant_weights,,76.8274816274643,0.0,False,False,,constant_weights,,56.31102430820465,0.111328125,False,False,,constant_weights,,18.076592206954956,0.328125,False,False,,constant_weights,,37.1938082575798,0.115234375,False,False,,constant_weights,,-25.942847348985083,0.82421875,False,False
confirm-U-w64-d55049-s803-g04-uniform,20,U,64,55049,803,uniform,False,98.15731489658356,0.19171350565738976,98.43104803562164,0.27373313903808594,98.70478117465973,0.015625,0.9944534978796273,,,constant_weights,False,False,4.221995671682688e-07,,constant_weights,,102.53261482715607,0.0,False,False,,constant_weights,,166.76152288913727,0.08984375,False,False,,constant_weights,,25.177814483642578,0.3828125,False,False,,constant_weights,,95.96966868638992,0.08203125,False,False,,constant_weights,,21.80943372077047,0.357421875,False,False
confirm-U-w64-d55049-s803-g04-uniform,30,U,64,55049,803,uniform,False,141.84917783737183,0.27704917546361685,142.30708801746368,0.4579101800918579,142.76499819755554,0.013671875,0.9935851198000477,,,constant_weights,False,False,4.172325134277344e-07,,constant_weights,,117.91993421316147,0.0,False,False,,constant_weights,,274.0657049417496,0.04296875,False,False,,constant_weights,,33.56190609931946,0.380859375,False,False,,constant_weights,,153.81380552053452,0.052734375,False,False,,constant_weights,,65.50129666155873,0.1640625,False,False
confirm-U-w64-d57163-s801-g04-random,1,U,64,57163,801,random,False,3.8885234594345093,0.007594772381708026,6.266122102737427,2.3775986433029175,8.643720746040344,0.361328125,0.4498668540646489,0.2466852997933101,0.0013516573961687797,,False,False,4.76837158203125e-07,0.003971277289813332,,1.147060031906004e-05,5.697668194770813,0.005859375,False,False,0.3194181029128361,,0.0028940325075664723,3.847590208053589,0.4296875,False,False,1.085656931973483,,0.018981526063448016,2.1203184127807617,0.453125,False,False,0.5634759354185597,,0.002290926209383448,2.9839543104171753,0.421875,False,False,,nonpositive_total_gain,,-68.90653345757426,1.0,False,False
confirm-U-w64-d57163-s801-g04-random,3,U,64,57163,801,random,False,12.140690326690674,0.023712285794317722,13.546222805976868,1.4055324792861938,14.951755285263062,0.18359375,0.8119909733044477,0.11967669692854714,0.0004757963844397777,,False,False,4.172325134277344e-07,0.003925350597629794,,7.318887135528844e-07,22.469818621873856,0.0,False,False,0.2310961865429863,,0.001371254787485848,8.695757865905762,0.373046875,False,False,0.5738087086918804,,0.0036797146015359367,5.256495475769043,0.431640625,False,False,0.3404061060267385,,0.0016410016359961156,6.976126670837402,0.365234375,False,False,,nonpositive_total_gain,,-60.65436659031809,0.998046875,False,False
confirm-U-w64-d57163-s801-g04-random,5,U,64,57163,801,random,False,19.654106497764587,0.03838692675344646,20.30745244026184,0.6533459424972534,20.960798382759094,0.103515625,0.937660204485851,0.11185367201469562,0.0003763906424192646,,False,False,5.165735880545419e-07,0.0027463290696516877,,3.5889963781136055e-07,36.95388525724411,0.0,False,False,0.23717475818583988,,0.0013107868433712953,14.29220700263977,0.314453125,False,False,0.5231938598319787,,0.002308469545423303,7.716237545013428,0.37109375,False,False,0.3257655063863606,,0.0013436573929456366,11.0042222738266,0.310546875,False,False,,nonpositive_total_gain,,-53.14095041924418,0.99609375,False,False
confirm-U-w64-d57163-s801-g04-random,10,U,64,57163,801,random,False,28.718111991882324,0.056090062484145164,34.74112296104431,6.023010969161987,40.7641339302063,0.251953125,0.7044945942198014,0.37837104556244827,0.0011470770978676485,,False,False,3.8743019104003906e-07,0.006945711057217599,,1.4684785791356651e-06,51.79425822198391,0.001953125,False,False,0.8377666145248208,,0.0012442691892647873,29.123703241348267,0.39453125,False,False,5.185218034747224,,0.7736457413801048,5.2363739013671875,0.451171875,False,False,1.4624544289308257,,0.011566252364573076,17.180038571357727,0.412109375,False,False,,nonpositive_total_gain,,-44.07694492512644,0.837890625,False,False
confirm-U-w64-d57163-s801-g04-random,20,U,64,57163,801,random,False,42.66542994976044,0.08333091787062585,67.12423968315125,24.458809733390808,91.58304941654205,0.369140625,0.4658660114679918,1.4425013028524734,0.015185363784550201,,False,False,4.1226545970107775e-07,0.0121957992350291,,4.296482240587153e-06,57.7690307199955,0.001953125,False,False,1.4009992519071242,,0.017856681558284987,77.98658347129822,0.373046875,False,False,,nonpositive_total_gain,,-7.759318232536316,0.525390625,False,False,3.085130559928613,,0.25731789293152857,35.11363261938095,0.43359375,False,False,,nonpositive_total_gain,,-30.12962696724833,0.642578125,False,False
confirm-U-w64-d57163-s801-g04-random,30,U,64,57163,801,random,False,59.027822375297546,0.11528871557675302,93.22862267494202,34.20080029964447,127.42942297458649,0.375,0.4632197258483199,1.6787711555273281,0.02964296647627881,,False,False,6.258487701416016e-07,0.008270883590658612,,6.757137853008876e-06,74.18542030453682,0.001953125,False,False,1.4245084954137472,,0.01691286073725263,116.52518200874329,0.357421875,False,False,,nonpositive_total_gain,,-13.62711751461029,0.544921875,False,False,3.2549840500491056,,0.3129192768609534,51.4490322470665,0.453125,False,False,,nonpositive_total_gain,,-13.767234482106577,0.5859375,False,False
confirm-U-w64-d57163-s801-g04-uniform,1,U,64,57163,801,uniform,False,6.670066595077515,0.01302747381851077,7.262659549713135,0.5925929546356201,7.855252504348755,0.158203125,0.8491218571758058,,,constant_weights,False,False,4.867712656651119e-07,,constant_weights,,9.783729016780853,0.0,False,False,,constant_weights,,5.805186986923218,0.330078125,False,False,,constant_weights,,4.4212915897369385,0.392578125,False,False,,constant_weights,,5.113239288330078,0.31640625,False,False,,constant_weights,,-66.12499032193125,1.0,False,False
confirm-U-w64-d57163-s801-g04-uniform,3,U,64,57163,801,uniform,False,17.705320477485657,0.03458070405758917,17.7523992061615,0.047078728675842285,17.79947793483734,0.0234375,0.9947101000548225,,,constant_weights,False,False,3.973642985020259e-07,,constant_weights,,31.132433205842972,0.0,False,False,,constant_weights,,12.982956171035767,0.228515625,False,False,,constant_weights,,9.00057601928711,0.330078125,False,False,,constant_weights,,10.991766095161438,0.1875,False,False,,constant_weights,,-55.08973643952311,1.0,False,False
confirm-U-w64-d57163-s801-g04-uniform,5,U,64,57163,801,uniform,False,27.779680967330933,0.05425718938931823,27.78604292869568,0.006361961364746094,27.792404890060425,0.001953125,0.9995421798588562,,,constant_weights,False,False,4.76837158203125e-07,,constant_weights,,48.10850764811039,0.0,False,False,,constant_weights,,22.70168924331665,0.16796875,False,False,,constant_weights,,12.528863668441772,0.2734375,False,False,,constant_weights,,17.61527645587921,0.13671875,False,False,,constant_weights,,-45.01537594967783,0.994140625,False,False
confirm-U-w64-d57163-s801-g04-uniform,10,U,64,57163,801,uniform,False,58.96332001686096,0.11516273440793157,59.1035031080246,0.14018309116363525,59.24368619918823,0.017578125,0.9952675770142893,,,constant_weights,False,False,5.165735880441336e-07,,constant_weights,,72.23719334602356,0.0,False,False,,constant_weights,,83.23816859722137,0.125,False,False,,constant_weights,,21.41459822654724,0.30078125,False,False,,constant_weights,,52.32638341188431,0.115234375,False,False,,constant_weights,,-13.831736900147803,0.703125,False,False
confirm-U-w64-d57163-s801-g04-uniform,20,U,64,57163,801,uniform,False,135.95273208618164,0.2655326798558235,136.34135282039642,0.3886207342147827,136.7299735546112,0.02734375,0.9943155004844704,,,constant_weights,False,False,4.172325134277344e-07,,constant_weights,,95.92098900675774,0.0,False,False,,constant_weights,,278.82455921173096,0.044921875,False,False,,constant_weights,,33.11264705657959,0.341796875,False,False,,constant_weights,,155.96860313415527,0.044921875,False,False,,constant_weights,,63.15767516917287,0.158203125,False,False
confirm-U-w64-d57163-s801-g04-uniform,30,U,64,57163,801,uniform,False,184.29318356513977,0.3599476241506636,184.40951895713806,0.11633539199829102,184.52585434913635,0.009765625,0.9987390884338823,,,constant_weights,False,False,4.271666209088032e-07,,constant_weights,,109.67374657094479,0.0,False,False,,constant_weights,,390.51573491096497,0.033203125,False,False,,constant_weights,,52.69007873535156,0.298828125,False,False,,constant_weights,,221.60290682315826,0.03125,False,False,,constant_weights,,111.49812664813096,0.076171875,False,False
confirm-U-w64-d57163-s802-g04-random,1,U,64,57163,802,random,False,4.6739712953567505,0.009128850186243653,6.588959693908691,1.914988398551941,8.503948092460632,0.33984375,0.549623685908968,0.1745162862016849,0.001732774187678728,,False,False,3.9736429850376065e-07,0.013853571579641781,,3.3434143460690076e-06,6.7713631093502045,0.001953125,False,False,0.49581871901132857,,0.0076144661820346255,3.183828830718994,0.46875,False,False,0.2942275786036094,,0.0034253370415496523,4.066732406616211,0.431640625,False,False,0.37113548686139075,,0.004385806304066871,3.6252806186676025,0.41015625,False,False,,nonpositive_total_gain,,-74.55448947125376,1.0,False,False
confirm-U-w64-d57163-s802-g04-random,3,U,64,57163,802,random,False,12.338752388954163,0.0240991257596761,14.380785822868347,2.0420334339141846,16.42281925678253,0.2265625,0.7513175537055446,0.17013711672616738,0.0014923229882937237,,False,False,4.271666208879865e-07,0.005939365933878119,,2.1208087394460676e-06,23.18437832593918,0.0,False,False,0.49282563384427247,,0.011214546085274538,8.288024663925171,0.423828125,False,False,0.7552419563026631,,0.0023423028061845684,5.543860673904419,0.44921875,False,False,0.6004428089118801,,0.0037220493816577166,6.915942668914795,0.412109375,False,False,,nonpositive_total_gain,,-66.88970837765635,0.990234375,False,False
confirm-U-w64-d57163-s802-g04-random,5,U,64,57163,802,random,False,18.805185794830322,0.03672887850552797,20.143502235412598,1.3383164405822754,21.481818675994873,0.158203125,0.8754000803407028,0.17388366867358612,0.0016133002806649173,,False,False,4.072984059657475e-07,0.004304599996902057,,1.3043198969722004e-06,36.78427743911743,0.0,False,False,0.5275013059403977,,0.00755982352567249,12.154916524887085,0.4296875,False,False,1.1665766904982404,,0.0023888752617310387,7.476362228393555,0.43359375,False,False,0.7247103117755276,,0.0034775133666536313,9.81563937664032,0.38671875,False,False,,nonpositive_total_gain,,-60.42327497178019,0.9765625,False,False
confirm-U-w64-d57163-s802-g04-random,10,U,64,57163,802,random,False,31.632153272628784,0.061781549360603094,34.16341686248779,2.531263589859009,36.6946804523468,0.158203125,0.8620364827459822,0.29805971661921904,0.0015488546930651278,,False,False,5.165735880528072e-07,0.004326248800727591,,1.4837092046433647e-06,58.03054514527321,0.0,False,False,0.5866135458104345,,0.0027474363367952664,28.45656681060791,0.349609375,False,False,5.442849801855947,,0.27247545277106405,8.409372091293335,0.46484375,False,False,1.3240779841935906,,0.0014711174139105262,18.432969450950623,0.390625,False,False,,nonpositive_total_gain,,-47.596307493981726,0.892578125,False,False
confirm-U-w64-d57163-s802-g04-random,20,U,64,57163,802,random,False,46.54410362243652,0.09090645238757133,63.80720782279968,17.26310420036316,81.07031202316284,0.328125,0.5741201983919622,1.205125206260564,0.0019484809414417029,,False,False,4.569689432964985e-07,0.007893792058441165,,1.0897430250372416e-05,64.65253961086273,0.0,False,False,1.24602213204329,,0.002332579394997735,70.24534177780151,0.369140625,False,False,8.0,,33.59433338885095,4.734439849853516,0.509765625,False,True,3.202621040158947,,0.126437540985782,37.489890813827515,0.4375,False,False,,nonpositive_total_gain,,-32.68435714417399,0.67578125,False,False
confirm-U-w64-d57163-s802-g04-random,30,U,64,57163,802,random,False,65.17734080553055,0.12729949376080185,92.22509998083115,27.047759175300598,119.27285915613174,0.35546875,0.5464557592286059,1.5631089174429675,0.01201786205890124,,False,False,4.5696894326874293e-07,0.008854564506125269,,5.493022624264246e-06,79.30652339756489,0.00390625,False,False,1.4202337506210734,,0.007792686581144078,108.66526758670807,0.36328125,False,False,8.0,,34.72233535237253,7.560244083404541,0.517578125,False,True,3.356769731845613,,0.17568756795377205,58.112755835056305,0.439453125,False,False,,nonpositive_total_gain,,-14.051119961079966,0.6015625,False,False
confirm-U-w64-d57163-s802-g04-uniform,1,U,64,57163,802,uniform,False,7.547848701477051,0.014741891995072365,8.257705450057983,0.7098567485809326,8.967562198638916,0.17578125,0.8416834513422893,,,constant_weights,False,False,4.76837158203125e-07,,constant_weights,,11.2757149040699,0.0,False,False,,constant_weights,,6.289577960968018,0.34765625,False,False,,constant_weights,,5.078266620635986,0.384765625,False,False,,constant_weights,,5.683922290802002,0.310546875,False,False,,constant_weights,,-71.68061206513346,1.0,False,False
confirm-U-w64-d57163-s802-g04-uniform,3,U,64,57163,802,uniform,False,19.762775421142578,0.0385991707444191,19.778735399246216,0.015959978103637695,19.794695377349854,0.005859375,0.9983874489807103,,,constant_weights,False,False,4.271666208879865e-07,,constant_weights,,34.83361142873764,0.0,False,False,,constant_weights,,15.395472764968872,0.19921875,False,False,,constant_weights,,9.059252738952637,0.291015625,False,False,,constant_weights,,12.227362751960754,0.146484375,False,False,,constant_weights,,-59.46568534546793,0.998046875,False,False
confirm-U-w64-d57163-s802-g04-uniform,5,U,64,57163,802,uniform,False,30.86263155937195,0.060278577264398336,30.869829535484314,0.007197976112365723,30.87702751159668,0.001953125,0.9995337649578048,,,constant_weights,False,False,3.675619761125959e-07,,constant_weights,,53.10218957066536,0.0,False,False,,constant_weights,,26.416786909103394,0.158203125,False,False,,constant_weights,,13.068925619125366,0.296875,False,False,,constant_weights,,19.74285626411438,0.12109375,False,False,,constant_weights,,-48.36582920723856,0.98046875,False,False
confirm-U-w64-d57163-s802-g04-uniform,10,U,64,57163,802,uniform,False,65.24697482585907,0.127435497706756,65.29744017124176,0.05046534538269043,65.34790551662445,0.01171875,0.9984554869820624,,,constant_weights,False,False,3.7749608357284803e-07,,constant_weights,,77.8333459943533,0.0,False,False,,constant_weights,,93.59360492229462,0.12890625,False,False,,constant_weights,,24.313989877700806,0.314453125,False,False,,constant_weights,,58.95379739999771,0.09375,False,False,,constant_weights,,-13.98148594075144,0.705078125,False,False
confirm-U-w64-d57163-s802-g04-uniform,20,U,64,57163,802,uniform,False,136.00432670116425,0.2656334505882114,136.1380205154419,0.13369381427764893,136.27171432971954,0.009765625,0.9980378347049459,,,constant_weights,False,False,4.0729840597442113e-07,,constant_weights,,104.1961428374052,0.0,False,False,,constant_weights,,261.3081053495407,0.05078125,False,False,,constant_weights,,42.50873780250549,0.353515625,False,False,,constant_weights,,151.9084215760231,0.041015625,False,False,,constant_weights,,56.775865934553735,0.197265625,False,False
confirm-U-w64-d57163-s802-g04-uniform,30,U,64,57163,802,uniform,False,187.50409591197968,0.3662189373280853,187.50409591197968,-0.0,187.50409591197968,0.0,1.0,,,constant_weights,False,False,3.5762786865234375e-07,,constant_weights,,120.06028559803963,0.0,False,False,,constant_weights,,380.9041681289673,0.021484375,False,False,,constant_weights,,61.54785346984863,0.283203125,False,False,,constant_weights,,221.22601079940796,0.009765625,False,False,,constant_weights,,108.27563514536912,0.068359375,False,False
confirm-U-w64-d57163-s803-g04-random,1,U,64,57163,803,random,False,4.09752631187439,0.008002981077879667,6.763583660125732,2.6660573482513428,9.429641008377075,0.400390625,0.4345368300059612,0.29429637421662147,0.0059225011930289905,,False,False,4.470348358154297e-07,0.022527633112465438,,5.969233701106239e-05,5.330380439758301,0.013671875,False,False,0.22345826048875633,,0.010854207706830923,4.633339881896973,0.43359375,False,False,2.4002629377246483,,0.027536960684661698,2.328856945037842,0.48046875,False,False,0.6506695290437081,,0.010344589576171319,3.4810984134674072,0.44921875,False,False,,nonpositive_total_gain,,-74.0655780809492,1.0,False,False
confirm-U-w64-d57163-s803-g04-random,3,U,64,57163,803,random,False,12.3164564371109,0.02405557897873223,14.065776944160461,1.7493205070495605,15.815097451210022,0.20703125,0.7787784093716452,0.17374899318437798,0.0021034650864327187,,False,False,4.2716662089026334e-07,0.007484251915486731,,7.237563062382753e-06,22.881713539361954,0.0,False,False,0.2934493852047475,,0.006491816512981748,9.665632724761963,0.390625,False,False,1.7821978306681587,,0.010447976947468164,4.402017593383789,0.43359375,False,False,0.5797808830649105,,0.0064084554655712885,7.033825159072876,0.392578125,False,False,,nonpositive_total_gain,,-65.84664795571268,0.998046875,False,False
confirm-U-w64-d57163-s803-g04-random,5,U,64,57163,803,random,False,19.190707206726074,0.037481850013136864,20.38544499874115,1.1947377920150757,21.580182790756226,0.140625,0.8892745438164836,0.17095364772666183,0.0017062278099547635,,False,False,4.172325134277344e-07,0.006152691557204085,,4.520355577899115e-06,35.66708669066429,0.0,False,False,0.32883025057509385,,0.005039654658895092,16.164892196655273,0.34765625,False,False,1.7962720154431349,,0.009878668666644637,5.740139961242676,0.482421875,False,False,0.5594140415921929,,0.0049499303045540104,10.952516078948975,0.36328125,False,False,,nonpositive_total_gain,,-58.97239718609751,0.984375,False,False
confirm-U-w64-d57163-s803-g04-random,10,U,64,57163,803,random,False,26.89298975467682,0.05252537061460316,32.87076961994171,5.977779865264893,38.848549485206604,0.271484375,0.6922520946352856,0.45354957703015386,0.0019443618853067334,,False,False,5.463759104318289e-07,0.012430872085962556,,1.0313419927528395e-05,42.98018637299538,0.0,False,False,0.7338729837432889,,0.0014521682091028377,35.04313290119171,0.3828125,False,False,8.0,,5.5264817464935785,2.6556484699249268,0.48046875,False,True,1.4778765023595786,,0.01036656455013734,18.84939068555832,0.408203125,False,False,,nonpositive_total_gain,,-51.270114638146765,0.84375,False,False
confirm-U-w64-d57163-s803-g04-random,20,U,64,57163,803,random,False,45.46406304836273,0.08879699814133346,59.91906177997589,14.45499873161316,74.37406051158905,0.287109375,0.6112892416473411,0.7727839223404955,0.00047544384547582204,,False,False,5.761782328264631e-07,0.018969571476765278,,2.3334733553943597e-06,61.516640454530716,0.00390625,False,False,0.887248405439498,,0.0004877455439632409,76.84503519535065,0.3359375,False,False,,nonpositive_total_gain,,-1.969474196434021,0.5234375,False,False,1.9776017232460803,,0.03461464422139233,37.43778049945831,0.408203125,False,False,,nonpositive_total_gain,,-32.69904134446085,0.689453125,False,False
confirm-U-w64-d57163-s803-g04-random,30,U,64,57163,803,random,False,56.07647180557251,0.10952435899525881,82.40069901943207,26.324227213859558,108.72492623329163,0.34765625,0.5157646341856231,1.3005581022858506,0.004973496923942196,,False,False,4.917383193969727e-07,0.025780707551433954,,6.016481844576066e-06,68.01099683344364,0.0078125,False,False,1.0168107567344054,,0.0011317623850467485,112.25559139251709,0.341796875,False,False,,nonpositive_total_gain,,-12.037176370620728,0.54296875,False,False,2.6200750378714277,,0.11257837005100457,50.10920751094818,0.435546875,False,False,,nonpositive_total_gain,,-22.08663258725108,0.6171875,False,False
confirm-U-w64-d57163-s803-g04-uniform,1,U,64,57163,803,uniform,False,7.880950570106506,0.01539248158223927,8.677840113639832,0.7968895435333252,9.474729657173157,0.1796875,0.8317863258652423,,,constant_weights,False,False,5.165735880533764e-07,,constant_weights,,10.027530401945114,0.0,False,False,,constant_weights,,7.804512023925781,0.318359375,False,False,,constant_weights,,5.810808181762695,0.384765625,False,False,,constant_weights,,6.807660102844238,0.296875,False,False,,constant_weights,,-70.28215382271708,1.0,False,False
confirm-U-w64-d57163-s803-g04-uniform,3,U,64,57163,803,uniform,False,19.974998235702515,0.039013668429106474,19.97749674320221,0.0024985074996948242,19.979995250701904,0.001953125,0.9997498990897301,,,constant_weights,False,False,4.271666208879865e-07,,constant_weights,,33.22251379489899,0.0,False,False,,constant_weights,,16.02634835243225,0.171875,False,False,,constant_weights,,10.676137208938599,0.255859375,False,False,,constant_weights,,13.351242780685425,0.13671875,False,False,,constant_weights,,-58.18810615712107,0.998046875,False,False
confirm-U-w64-d57163-s803-g04-uniform,5,U,64,57163,803,uniform,False,30.47676134109497,0.059524924494326115,30.47676134109497,-0.0,30.47676134109497,0.0,1.0,,,constant_weights,False,False,5.265076955182635e-07,,constant_weights,,50.286671966314316,0.0,False,False,,constant_weights,,26.409659147262573,0.13671875,False,False,,constant_weights,,14.733952522277832,0.2578125,False,False,,constant_weights,,20.571805834770203,0.111328125,False,False,,constant_weights,,-47.68634305172861,0.974609375,False,False
confirm-U-w64-d57163-s803-g04-uniform,10,U,64,57163,803,uniform,False,55.296711802482605,0.10800139023922384,55.35247588157654,0.055764079093933105,55.40823996067047,0.00390625,0.9979871557323057,,,constant_weights,False,False,4.6690305074287286e-07,,constant_weights,,74.58942638337612,0.0,False,False,,constant_weights,,69.31836378574371,0.064453125,False,False,,constant_weights,,21.98234987258911,0.25390625,False,False,,constant_weights,,45.65035682916641,0.0625,False,False,,constant_weights,,-22.86639259034098,0.8125,False,False
confirm-U-w64-d57163-s803-g04-uniform,20,U,64,57163,803,uniform,False,113.36685931682587,0.22141964710317552,113.59789884090424,0.23103952407836914,113.8289383649826,0.015625,0.9959405836969583,,,constant_weights,False,False,3.774960835867258e-07,,constant_weights,,100.33948427438736,0.0,False,False,,constant_weights,,211.83050727844238,0.060546875,False,False,,constant_weights,,27.930598974227905,0.388671875,False,False,,constant_weights,,119.88055312633514,0.0546875,False,False,,constant_weights,,35.20375492400228,0.279296875,False,False
confirm-U-w64-d57163-s803-g04-uniform,30,U,64,57163,803,uniform,False,155.7016270160675,0.30410474026575685,156.07396805286407,0.3723410367965698,156.44630908966064,0.01171875,0.9952400150701775,,,constant_weights,False,False,5.463759104457067e-07,,constant_weights,,116.50486846268177,0.0,False,False,,constant_weights,,316.51932632923126,0.033203125,False,False,,constant_weights,,34.080681562423706,0.384765625,False,False,,constant_weights,,175.30000394582748,0.02734375,False,False,,constant_weights,,77.53852262324392,0.103515625,False,False
